Time,Kappa_L1,Alpha_L1,Gamma_L1,Fx_L1,Fy_L1,Fz_L1,Mx_L1,My_L1,Mz_L1
            0,             0,             0,            -5, 97.6340789795, 199.466094971,          2000, 53.1780815125, -5.63493108749, 8.95370292664
        0.025,             0,             0, -4.98999977112, 97.6340789795, 199.205825806,          2000, 53.0606842041, -5.63493299484, 8.93733024597
         0.05,             0,             0, -4.98000001907, 97.6340789795, 198.945541382,          2000, 52.9432868958, -5.63493490219, 8.92095661163
        0.075,             0,             0, -4.96999979019, 97.6340789795, 198.685272217,          2000, 52.8258895874, -5.63493680954, 8.90458297729
          0.1,             0,             0, -4.96000003815, 97.6340713501, 198.424987793,          2000, 52.7084884644, -5.63493824005, 8.88820934296
        0.125,             0,             0, -4.94999980927, 97.6340713501,  198.16468811,          2000,  52.591091156, -5.6349401474, 8.87183570862
         0.15,             0,             0, -4.94000005722, 97.6340713501, 197.904403687,          2000,  52.473690033, -5.63494205475, 8.85546207428
        0.175,             0,             0, -4.92999982834, 97.6340713501, 197.644104004,          2000, 52.3562927246, -5.6349439621, 8.83908843994
          0.2,             0,             0, -4.92000007629, 97.6340713501, 197.383804321,          2000, 52.2388954163, -5.63494586945, 8.82271385193
        0.225,             0,             0, -4.90999984741, 97.6340713501,  197.12348938,          2000, 52.1214942932, -5.63494729996, 8.80633926392
         0.25,             0,             0, -4.90000009537, 97.6340713501, 196.863174438,          2000, 52.0040931702, -5.63494920731,  8.7899646759
        0.275,             0,             0, -4.88999986649, 97.6340713501, 196.602859497,          2000, 51.8866958618, -5.63495111465, 8.77359008789
          0.3,             0,             0, -4.88000011444, 97.6340713501, 196.342544556,          2000, 51.7692947388, -5.63495254517, 8.75721549988
        0.325,             0,             0, -4.86999988556, 97.6340713501, 196.082214355,          2000, 51.6518974304, -5.63495445251, 8.74084091187
         0.35,             0,             0, -4.86000013351, 97.6340713501, 195.821884155,          2000, 51.5344963074, -5.63495635986, 8.72446537018
        0.375,             0,             0, -4.84999990463, 97.6340713501, 195.561553955,          2000, 51.4170951843, -5.63495779037, 8.70808982849
          0.4,             0,             0, -4.84000015259, 97.6340713501, 195.301208496,          2000, 51.2996940613, -5.63495969772, 8.69171524048
        0.425,             0,             0, -4.82999992371, 97.6340713501, 195.040863037,          2000, 51.1822967529, -5.63496160507, 8.67533969879
         0.45,             0,             0, -4.82000017166, 97.6340713501, 194.780517578,          2000, 51.0648956299, -5.63496303558,  8.6589641571
        0.475,             0,             0, -4.80999994278, 97.6340713501,  194.52015686,          2000, 50.9474945068, -5.63496494293, 8.64258766174
          0.5,             0,             0, -4.80000019073, 97.6340713501, 194.259796143,          2000, 50.8300933838, -5.63496685028, 8.62621212006
        0.525,             0,             0, -4.78999996185, 97.6340713501, 193.999435425,          2000, 50.7126922607, -5.63496828079, 8.60983657837
         0.55,             0,             0, -4.78000020981, 97.6340713501, 193.739059448,          2000, 50.5952911377, -5.63497018814, 8.59346008301
        0.575,             0,             0, -4.76999998093, 97.6340713501,  193.47869873,          2000, 50.4778900146, -5.63497161865, 8.57708358765
          0.6,             0,             0, -4.76000022888, 97.6340637207, 193.218307495,          2000, 50.3604888916,  -5.634973526, 8.56070709229
        0.625,             0,             0,         -4.75, 97.6340637207, 192.957931519,          2000, 50.2430877686, -5.63497543335, 8.54433059692
         0.65,             0,             0, -4.73999977112, 97.6340637207, 192.697540283,          2000, 50.1256866455, -5.63497686386, 8.52795410156
        0.675,             0,             0, -4.73000001907, 97.6340637207, 192.437149048,          2000, 50.0082855225, -5.63497877121,  8.5115776062
          0.7,             0,             0, -4.71999979019, 97.6340637207, 192.176757812,          2000, 49.8908843994, -5.63498020172, 8.49520111084
        0.725,             0,             0, -4.71000003815, 97.6340637207, 191.916351318,          2000, 49.7734832764, -5.63498210907, 8.47882461548
         0.75,             0,             0, -4.69999980927, 97.6340637207, 191.655944824,          2000, 49.6560783386, -5.63498353958, 8.46244716644
        0.775,             0,             0, -4.69000005722, 97.6340637207,  191.39553833,          2000, 49.5386772156, -5.63498544693, 8.44607067108
          0.8,             0,             0, -4.67999982834, 97.6340637207, 191.135116577,          2000, 49.4212760925, -5.63498687744, 8.42969322205
        0.825,             0,             0, -4.67000007629, 97.6340637207, 190.874710083,          2000, 49.3038749695, -5.63498830795, 8.41331577301
         0.85,             0,             0, -4.65999984741, 97.6340637207, 190.614273071,          2000, 49.1864700317, -5.6349902153, 8.39693832397
        0.875,             0,             0, -4.65000009537, 97.6340637207, 190.353851318,          2000, 49.0690689087, -5.63499164581, 8.38056087494
          0.9,             0,             0, -4.63999986649, 97.6340637207, 190.093414307,          2000, 48.9516677856, -5.63499355316,  8.3641834259
        0.925,             0,             0, -4.63000011444, 97.6340637207, 189.832977295,          2000, 48.8342628479, -5.63499498367, 8.34780597687
         0.95,             0,             0, -4.61999988556, 97.6340637207, 189.572525024,          2000, 48.7168617249, -5.63499689102, 8.33142852783
        0.975,             0,             0, -4.61000013351, 97.6340637207, 189.312088013,          2000, 48.5994567871, -5.63499832153,  8.3150510788
            1,             0,             0, -4.59999990463, 97.6340637207, 189.051635742,          2000, 48.4820556641, -5.63499975204, 8.29867267609
        1.025,             0,             0, -4.59000015259, 97.6340637207, 188.791168213,          2000, 48.3646507263, -5.63500165939, 8.28229522705
         1.05,             0,             0, -4.57999992371, 97.6340637207, 188.530715942,          2000, 48.2472496033, -5.6350030899, 8.26591777802
        1.075,             0,             0, -4.57000017166, 97.6340637207, 188.270248413,          2000, 48.1298446655, -5.63500452042, 8.24953937531
          1.1,             0,             0, -4.55999994278, 97.6340637207, 188.009765625,          2000, 48.0124397278, -5.63500642776, 8.23316192627
        1.125,             0,             0, -4.55000019073, 97.6340637207, 187.749298096,          2000, 47.8950386047, -5.63500785828, 8.21678352356
         1.15,             0,             0, -4.53999996185, 97.6340560913, 187.488815308,          2000,  47.777633667, -5.63500928879, 8.20040512085
        1.175,             0,             0, -4.53000020981, 97.6340560913,  187.22833252,          2000, 47.6602287292, -5.63501119614, 8.18402671814
          1.2,             0,             0, -4.51999998093, 97.6340560913, 186.967834473,          2000, 47.5428237915, -5.63501262665,  8.1676492691
        1.225,             0,             0, -4.51000022888, 97.6340560913, 186.707336426,          2000, 47.4254226685, -5.63501405716, 8.15127086639
         1.25,             0,             0,          -4.5, 97.6340560913, 186.446838379,          2000, 47.3080177307, -5.63501548767, 8.13489246368
        1.275,             0,             0, -4.48999977112, 97.6340560913, 186.186340332,          2000,  47.190612793, -5.63501739502, 8.11851406097
          1.3,             0,             0, -4.48000001907, 97.6340560913, 185.925827026,          2000, 47.0732078552, -5.63501882553, 8.10213565826
        1.325,             0,             0, -4.46999979019, 97.6340560913, 185.665313721,          2000, 46.9558029175, -5.63502025604, 8.08575725555
         1.35,             0,             0, -4.46000003815, 97.6340560913, 185.404800415,          2000, 46.8383979797, -5.63502168655, 8.06937885284
        1.375,             0,             0, -4.44999980927, 97.6340560913, 185.144271851,          2000,  46.720993042, -5.63502311707, 8.05300045013
          1.4,             0,             0, -4.44000005722, 97.6340560913, 184.883743286,          2000, 46.6035881042, -5.63502502441, 8.03662204742
        1.425,             0,             0, -4.42999982834, 97.6340560913, 184.623214722,          2000, 46.4861831665, -5.63502645493, 8.02024364471
         1.45,             0,             0, -4.42000007629, 97.6340560913, 184.362670898,          2000, 46.3687782288, -5.63502788544,   8.003865242
        1.475,             0,             0, -4.40999984741, 97.6340560913, 184.102127075,          2000,  46.251373291, -5.63502931595, 7.98748636246
          1.5,             0,             0, -4.40000009537, 97.6340560913, 183.841583252,          2000, 46.1339683533, -5.63503074646, 7.97110795975
        1.525,             0,             0, -4.38999986649, 97.6340560913,  183.58102417,          2000, 46.0165634155, -5.63503217697, 7.95472955704
         1.55,             0,             0, -4.38000011444, 97.6340560913, 183.320465088,          2000, 45.8991584778, -5.63503408432, 7.93835067749
        1.575,             0,             0, -4.36999988556, 97.6340560913, 183.059906006,          2000,   45.78175354, -5.63503551483, 7.92197227478
          1.6,             0,             0, -4.36000013351, 97.6340560913, 182.799346924,          2000, 45.6643486023, -5.63503694534, 7.90559339523
        1.625,             0,             0, -4.34999990463, 97.6340560913, 182.538772583,          2000, 45.5469398499, -5.63503837585, 7.88921499252
         1.65,             0,             0, -4.34000015259, 97.6340560913, 182.278198242,          2000, 45.4295349121, -5.63503980637, 7.87283658981
        1.675,             0,             0, -4.32999992371, 97.6340560913, 182.017623901,          2000, 45.3121299744, -5.63504123688, 7.85645771027
          1.7,             0,             0, -4.32000017166, 97.6340560913, 181.757034302,          2000, 45.1947250366, -5.63504266739, 7.84007930756
        1.725,             0,             0, -4.30999994278, 97.6340484619, 181.496444702,          2000, 45.0773162842, -5.6350440979, 7.82370090485
         1.75,             0,             0, -4.30000019073, 97.6340484619, 181.235855103,          2000, 44.9599113464, -5.63504552841,  7.8073220253
        1.775,             0,             0, -4.28999996185, 97.6340484619, 180.975250244,          2000,  44.842502594, -5.63504695892, 7.79094362259
          1.8,             0,             0, -4.28000020981, 97.6340484619, 180.714645386,          2000, 44.7250976562, -5.63504838943, 7.77456521988
        1.825,             0,             0, -4.26999998093, 97.6340484619, 180.454040527,          2000, 44.6076927185, -5.63504981995, 7.75818634033
         1.85,             0,             0, -4.26000022888, 97.6340484619,  180.19342041,          2000, 44.4902839661, -5.63505125046, 7.74180793762
        1.875,             0,             0,         -4.25, 97.6340484619, 179.932800293,          2000, 44.3728790283, -5.63505268097, 7.72542953491
          1.9,             0,             0, -4.23999977112, 97.6340484619, 179.672180176,          2000, 44.2554702759, -5.63505411148,  7.7090511322
        1.925,             0,             0, -4.23000001907, 97.6340484619, 179.411560059,          2000, 44.1380653381, -5.63505554199, 7.69267272949
         1.95,             0,             0, -4.21999979019, 97.6340484619, 179.150924683,          2000, 44.0206565857, -5.6350569725, 7.67629432678
        1.975,             0,             0, -4.21000003815, 97.6340484619, 178.890289307,          2000, 43.9032516479, -5.63505840302, 7.65991592407
            2,             0,             0, -4.19999980927, 97.6340484619, 178.629638672,          2000, 43.7858428955, -5.63505983353,  7.6435379982
        2.025,             0,             0, -4.19000005722, 97.6340484619, 178.369003296,          2000, 43.6684341431, -5.63506126404, 7.62715959549
         2.05,             0,             0, -4.17999982834, 97.6340484619, 178.108352661,          2000, 43.5510292053, -5.63506269455, 7.61078119278
        2.075,             0,             0, -4.17000007629, 97.6340484619, 177.847686768,          2000, 43.4336204529, -5.63506412506, 7.59440326691
          2.1,             0,             0, -4.15999984741, 97.6340484619, 177.587036133,          2000, 43.3162117004, -5.63506507874,  7.5780248642
        2.125,             0,             0, -4.15000009537, 97.6340484619, 177.326370239,          2000,  43.198802948, -5.63506650925, 7.56164693832
         2.15,             0,             0, -4.13999986649, 97.6340484619, 177.065689087,          2000, 43.0813980103, -5.63506793976, 7.54526901245
        2.175,             0,             0, -4.13000011444, 97.6340484619, 176.805023193,          2000, 42.9639892578, -5.63506937027, 7.52889108658
          2.2,             0,             0, -4.11999988556, 97.6340484619, 176.544342041,          2000, 42.8465805054, -5.63507080078, 7.51251316071
        2.225,             0,             0, -4.11000013351, 97.6340484619, 176.283660889,          2000, 42.7291717529, -5.63507223129, 7.49613523483
         2.25,             0,             0, -4.09999990463, 97.6340484619, 176.022964478,          2000, 42.6117630005, -5.63507318497, 7.47975730896
        2.275,             0,             0, -4.09000015259, 97.6340484619, 175.762268066,          2000, 42.4943580627, -5.63507461548, 7.46337985992
          2.3,             0,             0, -4.07999992371, 97.6340484619, 175.501571655,          2000, 42.3769493103, -5.63507604599, 7.44700193405
        2.325,             0,             0, -4.07000017166, 97.6340484619, 175.240875244,          2000, 42.2595405579, -5.6350774765, 7.43062448502
         2.35,             0,             0, -4.05999994278, 97.6340484619, 174.980163574,          2000, 42.1421318054, -5.63507890701, 7.41424703598
        2.375,             0,             0, -4.05000019073, 97.6340408325, 174.719451904,          2000,  42.024723053, -5.63507986069, 7.39786958694
          2.4,             0,             0, -4.03999996185, 97.6340408325, 174.458740234,          2000, 41.9073143005, -5.6350812912, 7.38149213791
        2.425,             0,             0, -4.03000020981, 97.6340408325, 174.198013306,          2000, 41.7899055481, -5.63508272171, 7.36511468887
         2.45,             0,             0, -4.01999998093, 97.6340408325, 173.937286377,          2000, 41.6724967957, -5.63508415222, 7.34873771667
        2.475,             0,             0, -4.01000022888, 97.6340408325, 173.676559448,          2000, 41.5550880432, -5.6350851059, 7.33236026764
          2.5,             0,             0,            -4, 97.6340408325, 173.415817261,          2000, 41.4376792908, -5.63508653641, 7.31598329544
        2.525,             0,             0, -3.99000000954, 97.6340408325, 173.155075073,          2000, 41.3202705383, -5.63508796692, 7.29960632324
         2.55,             0,             0, -3.98000001907, 97.6340408325, 172.894332886,          2000, 41.2028579712, -5.63508892059, 7.28322982788
        2.575,             0,             0, -3.97000002861, 97.6340408325, 172.633590698,          2000, 41.0854492188, -5.6350903511, 7.26685285568
          2.6,             0,             0, -3.96000003815, 97.6340408325, 172.372833252,          2000, 40.9680404663, -5.63509178162, 7.25047636032
        2.625,             0,             0, -3.95000004768, 97.6340408325, 172.112075806,          2000, 40.8506317139, -5.63509321213, 7.23409986496
         2.65,             0,             0, -3.94000005722, 97.6340408325, 171.851303101,          2000, 40.7332229614, -5.6350941658,  7.2177233696
        2.675,             0,             0, -3.93000006676, 97.6340408325, 171.590530396,          2000, 40.6158103943, -5.63509559631, 7.20134687424
          2.7,             0,             0, -3.92000007629, 97.6340408325,  171.32975769,          2000, 40.4984016418, -5.63509654999, 7.18497085571
        2.725,             0,             0, -3.91000008583, 97.6340408325, 171.068984985,          2000, 40.3809928894, -5.6350979805, 7.16859436035
         2.75,             0,             0, -3.90000009537, 97.6340408325, 170.808197021,          2000,  40.263584137, -5.63509941101, 7.15221834183
        2.775,             0,             0, -3.8900001049, 97.6340408325, 170.547409058,          2000, 40.1461715698, -5.63510036469, 7.13584280014
          2.8,             0,             0, -3.88000011444, 97.6340408325, 170.286621094,          2000, 40.0287628174, -5.6351017952, 7.11946678162
        2.825,             0,             0, -3.86999988556, 97.6340408325, 170.025817871,          2000, 39.9113540649, -5.63510322571, 7.10309123993
         2.85,             0,             0, -3.8599998951, 97.6340408325, 169.765014648,          2000, 39.7939414978, -5.63510417938, 7.08671569824
        2.875,             0,             0, -3.84999990463, 97.6340408325, 169.504211426,          2000, 39.6765327454, -5.63510560989, 7.07034015656
          2.9,             0,             0, -3.83999991417, 97.6340408325, 169.243392944,          2000, 39.5591201782, -5.63510656357, 7.05396509171
        2.925,             0,             0, -3.82999992371, 97.6340408325, 168.982589722,          2000, 39.4417114258, -5.63510799408, 7.03758955002
         2.95,             0,             0, -3.81999993324, 97.6340408325, 168.721755981,          2000, 39.3242988586, -5.63510894775, 7.02121448517
        2.975,             0,             0, -3.80999994278, 97.6340408325,   168.4609375,          2000, 39.2068901062, -5.63511037827, 7.00483989716
            3,             0,             0, -3.79999995232, 97.6340408325,  168.20010376,          2000, 39.0894775391, -5.63511133194, 6.98846483231
        3.025,             0,             0, -3.78999996185, 97.6340408325,  167.93927002,          2000, 38.9720687866, -5.63511276245, 6.97209024429
         3.05,             0,             0, -3.77999997139, 97.6340408325, 167.678436279,          2000, 38.8546562195, -5.63511371613, 6.95571613312
        3.075,             0,             0, -3.76999998093, 97.6340332031,  167.41758728,          2000,  38.737247467, -5.63511514664,  6.9393415451
          3.1,             0,             0, -3.75999999046, 97.6340332031, 167.156738281,          2000, 38.6198348999, -5.63511610031, 6.92296743393
        3.125,             0,             0,         -3.75, 97.6340332031, 166.895889282,          2000, 38.5024261475, -5.63511753082, 6.90659332275
         3.15,             0,             0, -3.74000000954, 97.6340332031, 166.635025024,          2000, 38.3850135803, -5.6351184845, 6.89021921158
        3.175,             0,             0, -3.73000001907, 97.6340332031, 166.374160767,          2000, 38.2676010132, -5.63511991501, 6.87384557724
          3.2,             0,             0, -3.72000002861, 97.6340332031, 166.113296509,          2000, 38.1501922607, -5.63512086868,  6.8574719429
        3.225,             0,             0, -3.71000003815, 97.6340332031, 165.852416992,          2000, 38.0327796936, -5.63512229919,  6.8410987854
         3.25,             0,             0, -3.70000004768, 97.6340332031, 165.591537476,          2000, 37.9153671265, -5.63512325287,  6.8247256279
        3.275,             0,             0, -3.69000005722, 97.6340332031, 165.330657959,          2000, 37.7979545593, -5.63512420654,  6.8083524704
          3.3,             0,             0, -3.68000006676, 97.6340332031, 165.069763184,          2000, 37.6805458069, -5.63512563705,  6.7919793129
        3.325,             0,             0, -3.67000007629, 97.6340332031, 164.808883667,          2000, 37.5631332397, -5.63512659073, 6.77560663223
         3.35,             0,             0, -3.66000008583, 97.6340332031, 164.547988892,          2000, 37.4457206726, -5.63512802124, 6.75923395157
        3.375,             0,             0, -3.65000009537, 97.6340332031, 164.287078857,          2000, 37.3283081055, -5.63512897491, 6.74286174774
          3.4,             0,             0, -3.6400001049, 97.6340332031, 164.026168823,          2000,  37.210899353, -5.63512992859, 6.72648906708
        3.425,             0,             0, -3.63000011444, 97.6340332031, 163.765258789,          2000, 37.0934867859, -5.6351313591, 6.71011734009
         3.45,             0,             0, -3.61999988556, 97.6340332031, 163.504348755,          2000, 36.9760742188, -5.63513231277, 6.69374513626
        3.475,             0,             0, -3.6099998951, 97.6340332031, 163.243423462,          2000, 36.8586616516, -5.63513326645, 6.67737340927
          3.5,             0,             0, -3.59999990463, 97.6340332031, 162.982498169,          2000, 36.7412490845, -5.63513469696, 6.66100215912
        3.525,             0,             0, -3.58999991417, 97.6340332031, 162.721572876,          2000, 36.6238365173, -5.63513565063, 6.64463043213
         3.55,             0,             0, -3.57999992371, 97.6340332031, 162.460632324,          2000, 36.5064239502, -5.63513660431, 6.62825965881
        3.575,             0,             0, -3.56999993324, 97.6340332031, 162.199707031,          2000, 36.3890113831, -5.63513803482, 6.61188840866
          3.6,             0,             0, -3.55999994278, 97.6340332031, 161.938751221,          2000, 36.2715988159, -5.63513898849, 6.59551763535
        3.625,             0,             0, -3.54999995232, 97.6340332031, 161.677810669,          2000, 36.1541862488, -5.63513994217, 6.57914686203
         3.65,             0,             0, -3.53999996185, 97.6340332031, 161.416854858,          2000, 36.0367736816, -5.63514137268, 6.56277656555
        3.675,             0,             0, -3.52999997139, 97.6340332031, 161.155899048,          2000, 35.9193611145, -5.63514232635, 6.54640626907
          3.7,             0,             0, -3.51999998093, 97.6340332031, 160.894927979,          2000, 35.8019485474, -5.63514328003, 6.53003644943
        3.725,             0,             0, -3.50999999046, 97.6340332031, 160.633972168,          2000, 35.6845359802, -5.6351442337, 6.51366662979
         3.75,             0,             0,          -3.5, 97.6340332031, 160.373001099,          2000, 35.5671234131, -5.63514566422, 6.49729728699
        3.775,             0,             0, -3.49000000954, 97.6340332031, 160.112014771,          2000, 35.4497108459, -5.63514661789, 6.48092794418
          3.8,             0,             0, -3.48000001907, 97.6340332031, 159.851028442,          2000, 35.3322982788, -5.63514757156, 6.46455860138
        3.825,             0,             0, -3.47000002861, 97.6340332031, 159.590042114,          2000, 35.2148857117, -5.63514852524, 6.44818973541
         3.85,             0,             0, -3.46000003815, 97.6340255737, 159.329055786,          2000, 35.0974731445, -5.63514995575, 6.43182086945
        3.875,             0,             0, -3.45000004768, 97.6340255737, 159.068069458,          2000, 34.9800567627, -5.63515090942, 6.41545248032
          3.9,             0,             0, -3.44000005722, 97.6340255737, 158.807067871,          2000, 34.8626441956, -5.6351518631, 6.39908409119
        3.925,             0,             0, -3.43000006676, 97.6340255737, 158.546051025,          2000, 34.7452316284, -5.63515281677, 6.38271617889
         3.95,             0,             0, -3.42000007629, 97.6340255737, 158.285049438,          2000, 34.6278190613, -5.63515377045,  6.3663482666
        3.975,             0,             0, -3.41000008583, 97.6340255737, 158.024032593,          2000, 34.5104064941, -5.63515472412, 6.34998035431
            4,             0,             0, -3.40000009537, 97.6340255737, 157.763015747,          2000, 34.3929901123, -5.63515615463, 6.33361291885
        4.025,             0,             0, -3.3900001049, 97.6340255737, 157.501983643,          2000, 34.2755775452, -5.63515710831, 6.31724596024
         4.05,             0,             0, -3.38000011444, 97.6340255737, 157.240966797,          2000,  34.158164978, -5.63515806198, 6.30087900162
        4.075,             0,             0, -3.36999988556, 97.6340255737, 156.979934692,          2000, 34.0407524109, -5.63515901566,   6.284512043
          4.1,             0,             0, -3.3599998951, 97.6340255737, 156.718887329,          2000, 33.9233360291, -5.63515996933, 6.26814603806
        4.125,             0,             0, -3.34999990463, 97.6340255737, 156.457839966,          2000, 33.8059234619,  -5.635160923, 6.25177955627
         4.15,             0,             0, -3.33999991417, 97.6340255737, 156.196792603,          2000, 33.6885108948, -5.63516187668, 6.23541355133
        4.175,             0,             0, -3.32999992371, 97.6340255737, 155.935745239,          2000, 33.5710945129, -5.63516283035, 6.21904802322
          4.2,             0,             0, -3.31999993324, 97.6340255737, 155.674682617,          2000, 33.4536819458, -5.63516378403, 6.20268249512
        4.225,             0,             0, -3.30999994278, 97.6340255737, 155.413635254,          2000,  33.336265564, -5.63516521454, 6.18631696701
         4.25,             0,             0, -3.29999995232, 97.6340255737, 155.152557373,          2000, 33.2188529968, -5.63516616821, 6.16995239258
        4.275,             0,             0, -3.28999996185, 97.6340255737, 154.891494751,          2000, 33.1014404297, -5.63516712189, 6.15358734131
          4.3,             0,             0, -3.27999997139, 97.6340255737,  154.63041687,          2000, 32.9840240479, -5.63516807556, 6.13722276688
        4.325,             0,             0, -3.26999998093, 97.6340255737, 154.369338989,          2000, 32.8666114807, -5.63516902924, 6.12085866928
         4.35,             0,             0, -3.25999999046, 97.6340255737,  154.10824585,          2000, 32.7491950989, -5.63516998291, 6.10449457169
        4.375,             0,             0,         -3.25, 97.6340255737,  153.84715271,          2000, 32.6317825317, -5.63517093658, 6.08813095093
          4.4,             0,             0, -3.24000000954, 97.6340255737,  153.58605957,          2000, 32.5143661499, -5.63517189026, 6.07176780701
        4.425,             0,             0, -3.23000001907, 97.6340255737, 153.324966431,          2000, 32.3969535828, -5.63517284393, 6.05540466309
         4.45,             0,             0, -3.22000002861, 97.6340255737, 153.063858032,          2000, 32.2795372009, -5.63517379761, 6.03904151917
        4.475,             0,             0, -3.21000003815, 97.6340255737, 152.802749634,          2000, 32.1621246338, -5.63517475128, 6.02267885208
          4.5,             0,             0, -3.20000004768, 97.6340255737, 152.541641235,          2000,  32.044708252, -5.63517570496, 6.00631666183
        4.525,             0,             0, -3.19000005722, 97.6340255737, 152.280517578,          2000, 31.9272937775, -5.63517665863, 5.98995447159
         4.55,             0,             0, -3.18000006676, 97.6340255737, 152.019393921,          2000,  31.809879303, -5.6351776123, 5.97359275818
        4.575,             0,             0, -3.17000007629, 97.6340255737, 151.758270264,          2000, 31.6924648285, -5.63517856598, 5.95723104477
          4.6,             0,             0, -3.16000008583, 97.6340255737, 151.497146606,          2000,  31.575050354, -5.63517951965,  5.9408698082
        4.625,             0,             0, -3.15000009537, 97.6340255737,  151.23600769,          2000, 31.4576358795, -5.63518047333, 5.92450904846
         4.65,             0,             0, -3.1400001049, 97.6340255737, 150.974868774,          2000, 31.3402194977,  -5.635181427, 5.90814828873
        4.675,             0,             0, -3.13000011444, 97.6340255737,   150.7137146,          2000, 31.2228050232, -5.63518238068, 5.89178800583
          4.7,             0,             0, -3.11999988556, 97.6340255737, 150.452560425,          2000, 31.1053905487, -5.63518285751, 5.87542772293
        4.725,             0,             0, -3.1099998951, 97.6340255737,  150.19140625,          2000, 30.9879741669, -5.63518381119, 5.85906791687
         4.75,             0,             0, -3.09999990463, 97.6340179443, 149.930252075,          2000, 30.8705596924, -5.63518476486, 5.84270858765
        4.775,             0,             0, -3.08999991417, 97.6340179443, 149.669082642,          2000, 30.7531433105, -5.63518571854, 5.82634925842
          4.8,             0,             0, -3.07999992371, 97.6340179443, 149.407913208,          2000, 30.6357288361, -5.63518667221, 5.80999040604
        4.825,             0,             0, -3.06999993324, 97.6340179443, 149.146743774,          2000, 30.5183143616, -5.63518762589, 5.79363155365
         4.85,             0,             0, -3.05999994278, 97.6340179443, 148.885559082,          2000, 30.4008979797, -5.63518857956,  5.7772731781
        4.875,             0,             0, -3.04999995232, 97.6340179443,  148.62437439,          2000, 30.2834835052, -5.63518953323, 5.76091527939
          4.9,             0,             0, -3.03999996185, 97.6340179443, 148.363189697,          2000, 30.1660671234, -5.63519048691, 5.74455785751
        4.925,             0,             0, -3.02999997139, 97.6340179443, 148.102005005,          2000, 30.0486507416, -5.63519096375, 5.72820043564
         4.95,             0,             0, -3.01999998093, 97.6340179443, 147.840805054,          2000, 29.9312362671, -5.63519191742, 5.71184301376
        4.975,             0,             0, -3.00999999046, 97.6340179443, 147.579605103,          2000, 29.8138198853, -5.63519287109, 5.69548654556
            5,             0,             0,            -3, 97.6340179443, 147.318389893,          2000, 29.6964054108, -5.63519382477, 5.67913007736
        5.025,             0,             0, -2.99000000954, 97.6340179443, 147.057174683,          2000, 29.5789890289, -5.63519477844, 5.66277360916
         5.05,             0,             0, -2.98000001907, 97.6340179443, 146.795959473,          2000, 29.4615726471, -5.63519525528, 5.64641809464
        5.075,             0,             0, -2.97000002861, 97.6340179443, 146.534744263,          2000, 29.3441562653, -5.63519620895, 5.63006258011
          5.1,             0,             0, -2.96000003815, 97.6340179443, 146.273513794,          2000, 29.2267417908, -5.63519716263, 5.61370754242
        5.125,             0,             0, -2.95000004768, 97.6340179443, 146.012283325,          2000, 29.1093254089, -5.6351981163, 5.59735250473
         5.15,             0,             0, -2.94000005722, 97.6340179443, 145.751052856,          2000, 28.9919090271, -5.63519906998, 5.58099794388
        5.175,             0,             0, -2.93000006676, 97.6340179443, 145.489807129,          2000, 28.8744926453, -5.63519954681, 5.56464385986
          5.2,             0,             0, -2.92000007629, 97.6340179443,  145.22857666,          2000, 28.7570762634, -5.63520050049, 5.54828977585
        5.225,             0,             0, -2.91000008583, 97.6340179443, 144.967315674,          2000, 28.6396617889, -5.63520145416, 5.53193616867
         5.25,             0,             0, -2.90000009537, 97.6340179443, 144.706069946,          2000, 28.5222454071, -5.63520240784, 5.51558303833
        5.275,             0,             0, -2.8900001049, 97.6340179443,  144.44480896,          2000, 28.4048290253, -5.63520288467, 5.49923038483
          5.3,             0,             0, -2.88000011444, 97.6340179443, 144.183547974,          2000, 28.2874126434, -5.63520383835, 5.48287773132
        5.325,             0,             0, -2.86999988556, 97.6340179443, 143.922286987,          2000, 28.1699962616, -5.63520479202, 5.46652555466
         5.35,             0,             0, -2.8599998951, 97.6340179443, 143.661010742,          2000, 28.0525798798, -5.6352057457, 5.45017385483
        5.375,             0,             0, -2.84999990463, 97.6340179443, 143.399734497,          2000, 27.9351634979, -5.63520622253,   5.433822155
          5.4,             0,             0, -2.83999991417, 97.6340179443, 143.138442993,          2000, 27.8177471161, -5.63520717621, 5.41747140884
        5.425,             0,             0, -2.82999992371, 97.6340179443, 142.877166748,          2000, 27.7003307343, -5.63520812988, 5.40112066269
         5.45,             0,             0, -2.81999993324, 97.6340179443, 142.615875244,          2000, 27.5829143524, -5.63520860672, 5.38476991653
        5.475,             0,             0, -2.80999994278, 97.6340179443,  142.35458374,          2000, 27.4654979706, -5.63520956039, 5.36842012405
          5.5,             0,             0, -2.79999995232, 97.6340179443, 142.093276978,          2000, 27.3480796814, -5.63521051407, 5.35207033157
        5.525,             0,             0, -2.78999996185, 97.6340179443, 141.831970215,          2000, 27.2306632996, -5.63521099091, 5.33572101593
         5.55,             0,             0, -2.77999997139, 97.6340179443, 141.570663452,          2000, 27.1132469177, -5.63521194458, 5.31937170029
        5.575,             0,             0, -2.76999998093, 97.6340179443, 141.309356689,          2000, 26.9958305359, -5.63521289825, 5.30302333832
          5.6,             0,             0, -2.75999999046, 97.6340179443, 141.048034668,          2000, 26.8784141541, -5.63521337509, 5.28667497635
        5.625,             0,             0,         -2.75, 97.6340179443, 140.786712646,          2000, 26.7609958649, -5.63521432877, 5.27032709122
         5.65,             0,             0, -2.74000000954, 97.6340179443, 140.525375366,          2000,  26.643579483, -5.63521528244, 5.25397968292
        5.675,             0,             0, -2.73000001907, 97.6340179443, 140.264053345,          2000, 26.5261631012, -5.63521575928, 5.23763227463
          5.7,             0,             0, -2.72000002861, 97.6340179443, 140.002716064,          2000, 26.4087467194, -5.63521671295, 5.22128534317
        5.725,             0,             0, -2.71000003815, 97.6340179443, 139.741363525,          2000, 26.2913284302, -5.63521718979, 5.20493936539
         5.75,             0,             0, -2.70000004768, 97.6340179443, 139.480026245,          2000, 26.1739120483, -5.63521814346, 5.18859291077
        5.775,             0,             0, -2.69000005722, 97.6340179443, 139.218673706,          2000, 26.0564956665, -5.63521909714, 5.17224740982
          5.8,             0,             0, -2.68000006676, 97.6340179443, 138.957321167,          2000, 25.9390773773, -5.63521957397, 5.15590238571
        5.825,             0,             0, -2.67000007629, 97.6340103149, 138.695953369,          2000, 25.8216609955, -5.63522052765,  5.1395573616
         5.85,             0,             0, -2.66000008583, 97.6340103149, 138.434585571,          2000, 25.7042427063, -5.63522100449, 5.12321281433
        5.875,             0,             0, -2.65000009537, 97.6340103149, 138.173217773,          2000, 25.5868263245, -5.63522195816,  5.1068687439
          5.9,             0,             0, -2.6400001049, 97.6340103149, 137.911849976,          2000, 25.4694080353,  -5.635222435, 5.09052467346
        5.925,             0,             0, -2.63000011444, 97.6340103149, 137.650466919,          2000, 25.3519916534, -5.63522338867,  5.0741815567
         5.95,             0,             0, -2.61999988556, 97.6340103149, 137.389083862,          2000, 25.2345733643, -5.63522386551, 5.05783843994
        5.975,             0,             0, -2.6099998951, 97.6340103149, 137.127700806,          2000, 25.1171569824, -5.63522481918, 5.04149580002
            6,             0,             0, -2.59999990463, 97.6340103149,  136.86630249,          2000, 24.9997386932, -5.63522529602, 5.02515363693
        6.025,             0,             0, -2.58999991417, 97.6340103149, 136.604904175,          2000, 24.8823223114, -5.63522624969, 5.00881195068
         6.05,             0,             0, -2.57999992371, 97.6340103149, 136.343505859,          2000, 24.7649040222, -5.63522672653, 4.99247074127
        6.075,             0,             0, -2.56999993324, 97.6340103149, 136.082092285,          2000, 24.6474876404, -5.63522768021, 4.97612953186
          6.1,             0,             0, -2.55999994278, 97.6340103149,  135.82069397,          2000, 24.5300693512, -5.63522815704, 4.95978927612
        6.125,             0,             0, -2.54999995232, 97.6340103149, 135.559265137,          2000,  24.412651062, -5.63522911072, 4.94344902039
         6.15,             0,             0, -2.53999996185, 97.6340103149, 135.297851562,          2000, 24.2952346802, -5.63522958755, 4.92710924149
        6.175,             0,             0, -2.52999997139, 97.6340103149, 135.036422729,          2000,  24.177816391, -5.63523054123, 4.91076993942
          6.2,             0,             0, -2.51999998093, 97.6340103149, 134.774993896,          2000, 24.0603981018, -5.63523101807,  4.8944311142
        6.225,             0,             0, -2.50999999046, 97.6340103149, 134.513565063,          2000,   23.94298172, -5.63523197174, 4.87809228897
         6.25,             0,             0,          -2.5, 97.6340103149, 134.252120972,          2000, 23.8255634308, -5.63523244858, 4.86175441742
        6.275,             0,             0, -2.49000000954, 97.6340103149,  133.99067688,          2000, 23.7081451416, -5.63523340225, 4.84541654587
          6.3,             0,             0, -2.48000001907, 97.6340103149, 133.729232788,          2000, 23.5907268524, -5.63523387909, 4.82907915115
        6.325,             0,             0, -2.47000002861, 97.6340103149, 133.467773438,          2000, 23.4733085632, -5.63523483276, 4.81274271011
         6.35,             0,             0, -2.46000003815, 97.6340103149, 133.206329346,          2000, 23.3558921814, -5.6352353096, 4.79640626907
        6.375,             0,             0, -2.45000004768, 97.6340103149, 132.944854736,          2000, 23.2384738922, -5.63523578644, 4.78007030487
          6.4,             0,             0, -2.44000005722, 97.6340103149, 132.683395386,          2000,  23.121055603, -5.63523674011, 4.76373434067
        6.425,             0,             0, -2.43000006676, 97.6340103149, 132.421920776,          2000, 23.0036373138, -5.63523721695, 4.74739933014
         6.45,             0,             0, -2.42000007629, 97.6340103149, 132.160446167,          2000, 22.8862190247, -5.63523817062, 4.73106479645
        6.475,             0,             0, -2.41000008583, 97.6340103149, 131.898971558,          2000, 22.7688007355, -5.63523864746, 4.71473026276
          6.5,             0,             0, -2.40000009537, 97.6340103149, 131.637481689,          2000, 22.6513824463, -5.6352391243, 4.69839668274
        6.525,             0,             0, -2.3900001049, 97.6340103149, 131.375991821,          2000, 22.5339660645, -5.63524007797, 4.68206310272
         6.55,             0,             0, -2.38000011444, 97.6340103149, 131.114501953,          2000, 22.4165477753, -5.63524055481, 4.66572999954
        6.575,             0,             0, -2.36999988556, 97.6340103149, 130.852996826,          2000, 22.2991294861, -5.63524103165, 4.64939785004
          6.6,             0,             0, -2.3599998951, 97.6340103149, 130.591506958,          2000, 22.1817111969, -5.63524198532, 4.63306570053
        6.625,             0,             0, -2.34999990463, 97.6340103149, 130.329986572,          2000, 22.0642929077, -5.63524246216, 4.61673402786
         6.65,             0,             0, -2.33999991417, 97.6340103149, 130.068481445,          2000, 21.9468746185, -5.63524341583, 4.60040283203
        6.675,             0,             0, -2.32999992371, 97.6340103149,  129.80696106,          2000, 21.8294563293, -5.63524389267, 4.58407211304
          6.7,             0,             0, -2.31999993324, 97.6340103149, 129.545440674,          2000, 21.7120380402, -5.63524436951, 4.56774187088
        6.725,             0,             0, -2.30999994278, 97.6340103149, 129.283920288,          2000, 21.5946178436, -5.63524484634, 4.55141162872
         6.75,             0,             0, -2.29999995232, 97.6340103149, 129.022384644,          2000, 21.4771995544, -5.63524580002, 4.53508234024
        6.775,             0,             0, -2.28999996185, 97.6340103149, 128.760848999,          2000, 21.3597812653, -5.63524627686, 4.51875352859
          6.8,             0,             0, -2.27999997139, 97.6340103149, 128.499313354,          2000, 21.2423629761, -5.63524675369, 4.50242519379
        6.825,             0,             0, -2.26999998093, 97.6340103149,  128.23777771,          2000, 21.1249446869, -5.63524770737, 4.48609685898
         6.85,             0,             0, -2.25999999046, 97.6340103149, 127.976219177,          2000, 21.0075263977, -5.6352481842, 4.46976947784
        6.875,             0,             0,         -2.25, 97.6340103149, 127.714668274,          2000, 20.8901081085, -5.63524866104, 4.45344257355
          6.9,             0,             0, -2.24000000954, 97.6340103149, 127.453109741,          2000, 20.7726898193, -5.63524961472, 4.43711566925
        6.925,             0,             0, -2.23000001907, 97.6340103149, 127.191551208,          2000, 20.6552696228, -5.63525009155, 4.42078971863
         6.95,             0,             0, -2.22000002861, 97.6340103149, 126.929985046,          2000, 20.5378513336, -5.63525056839, 4.40446376801
        6.975,             0,             0, -2.21000003815, 97.6340103149, 126.668411255,          2000, 20.4204330444, -5.63525104523, 4.38813877106
            7,             0,             0, -2.20000004768, 97.6340103149, 126.406837463,          2000, 20.3030147552, -5.6352519989, 4.37181377411
        7.025,             0,             0, -2.19000005722, 97.6340103149, 126.145256042,          2000, 20.1855964661, -5.63525247574, 4.35548973083
         7.05,             0,             0, -2.18000006676, 97.6340103149, 125.883674622,          2000, 20.0681762695, -5.63525295258, 4.33916568756
        7.075,             0,             0, -2.17000007629, 97.6340103149, 125.622077942,          2000, 19.9507579803, -5.63525342941, 4.32284259796
          7.1,             0,             0, -2.16000008583, 97.6340103149, 125.360488892,          2000, 19.8333396912, -5.63525390625, 4.30651950836
        7.125,             0,             0, -2.15000009537, 97.6340103149, 125.098892212,          2000,  19.715921402, -5.63525485992, 4.29019737244
         7.15,             0,             0, -2.1400001049, 97.6340103149, 124.837287903,          2000, 19.5985012054, -5.63525533676, 4.27387523651
        7.175,             0,             0, -2.13000011444, 97.6340026855, 124.575675964,          2000, 19.4810829163, -5.6352558136, 4.25755405426
          7.2,             0,             0, -2.11999988556, 97.6340026855, 124.314064026,          2000, 19.3636646271, -5.63525629044, 4.24123287201
        7.225,             0,             0, -2.1099998951, 97.6340026855, 124.052452087,          2000, 19.2462444305, -5.63525676727, 4.22491264343
         7.25,             0,             0, -2.09999990463, 97.6340026855,  123.79083252,          2000, 19.1288261414, -5.63525772095, 4.20859241486
        7.275,             0,             0, -2.08999991417, 97.6340026855, 123.529205322,          2000, 19.0114059448, -5.63525819778, 4.19227313995
          7.3,             0,             0, -2.07999992371, 97.6340026855, 123.267570496,          2000, 18.8939876556, -5.63525867462, 4.17595434189
        7.325,             0,             0, -2.06999993324, 97.6340026855, 123.005943298,          2000, 18.7765693665, -5.63525915146, 4.15963554382
         7.35,             0,             0, -2.05999994278, 97.6340026855, 122.744300842,          2000, 18.6591491699, -5.6352596283, 4.14331769943
        7.375,             0,             0, -2.04999995232, 97.6340026855, 122.482658386,          2000, 18.5417308807, -5.63526010513, 4.12700033188
          7.4,             0,             0, -2.03999996185, 97.6340026855, 122.221008301,          2000, 18.4243106842, -5.63526105881, 4.11068344116
        7.425,             0,             0, -2.02999997139, 97.6340026855, 121.959358215,          2000,  18.306892395, -5.63526153564, 4.09436702728
         7.45,             0,             0, -2.01999998093, 97.6340026855,   121.6977005,          2000, 18.1894741058, -5.63526201248, 4.07805109024
        7.475,             0,             0, -2.00999999046, 97.6340026855, 121.436035156,          2000, 18.0720539093, -5.63526248932, 4.06173563004
          7.5,             0,             0,            -2, 97.6340026855, 121.174369812,          2000, 17.9546356201, -5.63526296616, 4.04542064667
        7.525,             0,             0, -1.99000000954, 97.6340026855, 120.912704468,          2000, 17.8372154236, -5.63526344299, 4.02910614014
         7.55,             0,             0, -1.98000001907, 97.6340026855, 120.651023865,          2000, 17.7197971344, -5.63526391983, 4.01279211044
        7.575,             0,             0, -1.97000002861, 97.6340026855, 120.389350891,          2000, 17.6023769379, -5.63526439667, 3.99647879601
          7.6,             0,             0, -1.96000003815, 97.6340026855, 120.127662659,          2000, 17.4849586487, -5.6352648735, 3.98016571999
        7.625,             0,             0, -1.95000004768, 97.6340026855, 119.865974426,          2000, 17.3675384521, -5.63526582718, 3.96385335922
         7.65,             0,             0, -1.94000005722, 97.6340026855, 119.604286194,          2000, 17.2501182556, -5.63526630402,  3.9475414753
        7.675,             0,             0, -1.92999994755, 97.6340026855, 119.342582703,          2000, 17.1326999664, -5.63526678085, 3.93123030663
          7.7,             0,             0, -1.91999995708, 97.6340026855, 119.080886841,          2000, 17.0152797699, -5.63526725769, 3.91491937637
        7.725,             0,             0, -1.90999996662, 97.6340026855,  118.81917572,          2000, 16.8978614807, -5.63526773453, 3.89860916138
         7.75,             0,             0, -1.89999997616, 97.6340026855,   118.5574646,          2000, 16.7804412842, -5.63526821136, 3.88229942322
        7.775,             0,             0, -1.88999998569, 97.6340026855, 118.295753479,          2000,  16.663022995, -5.6352686882,  3.8659901619
          7.8,             0,             0, -1.87999999523, 97.6340026855, 118.034034729,          2000, 16.5456027985, -5.63526916504, 3.84968137741
        7.825,             0,             0, -1.87000000477, 97.6340026855,  117.77230835,          2000, 16.4281826019, -5.63526964188, 3.83337330818
         7.85,             0,             0, -1.86000001431, 97.6340026855,  117.51058197,          2000, 16.3107643127, -5.63527011871, 3.81706547737
        7.875,             0,             0, -1.85000002384, 97.6340026855, 117.248847961,          2000, 16.1933441162, -5.63527059555, 3.80075836182
          7.9,             0,             0, -1.84000003338, 97.6340026855, 116.987106323,          2000, 16.0759239197, -5.63527107239, 3.78445196152
        7.925,             0,             0, -1.83000004292, 97.6340026855, 116.725364685,          2000, 15.9585046768, -5.63527154922, 3.76814579964
         7.95,             0,             0, -1.82000005245, 97.6340026855, 116.463623047,          2000,  15.841085434, -5.63527202606, 3.75184035301
        7.975,             0,             0, -1.80999994278, 97.6340026855,  116.20186615,          2000, 15.7236661911, -5.6352725029, 3.73553538322
            8,             0,             0, -1.79999995232, 97.6340026855, 115.940116882,          2000, 15.6062459946, -5.63527297974, 3.71923089027
        8.025,             0,             0, -1.78999996185, 97.6340026855, 115.678352356,          2000, 15.4888267517, -5.63527345657, 3.70292711258
         8.05,             0,             0, -1.77999997139, 97.6340026855,  115.41658783,          2000, 15.3714075089, -5.63527393341, 3.68662381172
        8.075,             0,             0, -1.76999998093, 97.6340026855, 115.154823303,          2000, 15.2539873123, -5.63527441025,  3.6703209877
          8.1,             0,             0, -1.75999999046, 97.6340026855, 114.893051147,          2000, 15.1365680695, -5.63527488708, 3.65401887894
        8.125,             0,             0,         -1.75, 97.6340026855, 114.631271362,          2000, 15.0191478729, -5.63527536392, 3.63771700859
         8.15,             0,             0, -1.74000000954, 97.6340026855, 114.369491577,          2000, 14.9017286301, -5.63527584076, 3.62141609192
        8.175,             0,             0, -1.73000001907, 97.6340026855, 114.107704163,          2000, 14.7843084335, -5.6352763176, 3.60511541367
          8.2,             0,             0, -1.72000002861, 97.6340026855, 113.845909119,          2000, 14.6668891907, -5.63527679443, 3.58881545067
        8.225,             0,             0, -1.71000003815, 97.6340026855, 113.584114075,          2000, 14.5494689941, -5.63527727127, 3.57251596451
         8.25,             0,             0, -1.70000004768, 97.6340026855, 113.322319031,          2000, 14.4320497513, -5.63527774811,  3.5562171936
        8.275,             0,             0, -1.69000005722, 97.6340026855, 113.060516357,          2000, 14.3146295547, -5.63527774811, 3.53991866112
          8.3,             0,             0, -1.67999994755, 97.6340026855, 112.798706055,          2000, 14.1972093582, -5.63527822495, 3.52362108231
        8.325,             0,             0, -1.66999995708, 97.6340026855, 112.536895752,          2000, 14.0797901154, -5.63527870178, 3.50732374191
         8.35,             0,             0, -1.65999996662, 97.6340026855,  112.27507782,          2000, 13.9623699188, -5.63527917862, 3.49102711678
        8.375,             0,             0, -1.64999997616, 97.6340026855, 112.013252258,          2000, 13.8449497223, -5.63527965546, 3.47473120689
          8.4,             0,             0, -1.63999998569, 97.6340026855, 111.751426697,          2000, 13.7275304794, -5.63528013229, 3.45843553543
        8.425,             0,             0, -1.62999999523, 97.6340026855, 111.489601135,          2000, 13.6101102829, -5.63528060913, 3.44214081764
         8.45,             0,             0, -1.62000000477, 97.6340026855, 111.227767944,          2000, 13.4926900864, -5.63528108597, 3.42584633827
        8.475,             0,             0, -1.61000001431, 97.6340026855, 110.965927124,          2000, 13.3752708435, -5.63528156281, 3.40955257416
          8.5,             0,             0, -1.60000002384, 97.6340026855, 110.704078674,          2000,  13.257850647, -5.63528156281,  3.3932595253
        8.525,             0,             0, -1.59000003338, 97.6340026855, 110.442237854,          2000, 13.1404304504, -5.63528203964, 3.37696671486
         8.55,             0,             0, -1.58000004292, 97.6340026855, 110.180381775,          2000, 13.0230112076, -5.63528251648, 3.36067485809
        8.575,             0,             0, -1.57000005245, 97.6340026855, 109.918525696,          2000,  12.905591011, -5.63528299332, 3.34438347816
          8.6,             0,             0, -1.55999994278, 97.6340026855, 109.656661987,          2000, 12.7881708145, -5.63528347015, 3.32809257507
        8.625,             0,             0, -1.54999995232, 97.6340026855, 109.394798279,          2000,  12.670750618, -5.63528394699, 3.31180214882
         8.65,             0,             0, -1.53999996185, 97.6340026855, 109.132926941,          2000, 12.5533304214, -5.63528442383, 3.29551243782
        8.675,             0,             0, -1.52999997139, 97.6340026855, 108.871055603,          2000, 12.4359111786, -5.63528442383, 3.27922344208
          8.7,             0,             0, -1.51999998093, 97.6340026855, 108.609176636,          2000, 12.3184909821, -5.63528490067, 3.26293492317
        8.725,             0,             0, -1.50999999046, 97.6340026855, 108.347297668,          2000, 12.2010707855, -5.6352853775, 3.24664711952
         8.75,             0,             0,          -1.5, 97.6340026855, 108.085411072,          2000,  12.083650589, -5.63528585434, 3.23035979271
        8.775,             0,             0, -1.49000000954, 97.6340026855, 107.823516846,          2000, 11.9662303925, -5.63528633118, 3.21407294273
          8.8,             0,             0, -1.48000001907, 97.6340026855,  107.56162262,          2000, 11.8488101959, -5.63528633118, 3.19778680801
        8.825,             0,             0, -1.47000002861, 97.6340026855, 107.299720764,          2000, 11.7313899994, -5.63528680801, 3.18150138855
         8.85,             0,             0, -1.46000003815, 97.6340026855, 107.037818909,          2000, 11.6139707565, -5.63528728485, 3.16521644592
        8.875,             0,             0, -1.45000004768, 97.6340026855, 106.775909424,          2000,   11.49655056, -5.63528776169, 3.14893198013
          8.9,             0,             0, -1.44000005722, 97.6340026855,  106.51399231,          2000, 11.3791303635, -5.63528823853, 3.13264846802
        8.925,             0,             0, -1.42999994755, 97.6340026855, 106.252075195,          2000, 11.2617101669, -5.63528823853, 3.11636519432
         8.95,             0,             0, -1.41999995708, 97.6340026855, 105.990158081,          2000, 11.1442899704, -5.63528871536,  3.1000828743
        8.975,             0,             0, -1.40999996662, 97.6340026855, 105.728233337,          2000, 11.0268697739, -5.6352891922, 3.08380079269
            9,             0,             0, -1.39999997616, 97.6340026855, 105.466300964,          2000, 10.9094495773, -5.63528966904, 3.06751966476
        9.025,             0,             0, -1.38999998569, 97.6340026855, 105.204368591,          2000, 10.7920293808, -5.63528966904, 3.05123901367
         9.05,             0,             0, -1.37999999523, 97.6340026855, 104.942428589,          2000, 10.6746091843, -5.63529014587, 3.03495883942
        9.075,             0,             0, -1.37000000477, 97.6340026855, 104.680480957,          2000, 10.5571889877, -5.63529062271, 3.01867938042
          9.1,             0,             0, -1.36000001431, 97.6339950562, 104.418533325,          2000, 10.4397687912, -5.63529109955, 3.00240063667
        9.125,             0,             0, -1.35000002384, 97.6339950562, 104.156585693,          2000, 10.3223485947, -5.63529109955, 2.98612236977
         9.15,             0,             0, -1.34000003338, 97.6339950562, 103.894630432,          2000, 10.2049283981, -5.63529157639, 2.96984481812
        9.175,             0,             0, -1.33000004292, 97.6339950562, 103.632667542,          2000, 10.0875082016, -5.63529205322, 2.95356798172
          9.2,             0,             0, -1.32000005245, 97.6339950562, 103.370704651,          2000, 9.97008800507, -5.63529205322, 2.93729162216
        9.225,             0,             0, -1.30999994278, 97.6339950562, 103.108734131,          2000, 9.85266780853, -5.63529253006, 2.92101597786
         9.25,             0,             0, -1.29999995232, 97.6339950562, 102.846763611,          2000,   9.735247612, -5.6352930069, 2.90474081039
        9.275,             0,             0, -1.28999996185, 97.6339950562, 102.584785461,          2000, 9.61782741547, -5.6352930069, 2.88846635818
          9.3,             0,             0, -1.27999997139, 97.6339950562, 102.322799683,          2000, 9.50040626526, -5.63529348373, 2.87219262123
        9.325,             0,             0, -1.26999998093, 97.6339950562, 102.060813904,          2000, 9.38298606873, -5.63529396057, 2.85591936111
         9.35,             0,             0, -1.25999999046, 97.6339950562, 101.798828125,          2000, 9.26556587219, -5.63529443741, 2.83964681625
        9.375,             0,             0,         -1.25, 97.6339950562, 101.536834717,          2000, 9.14814567566, -5.63529443741, 2.82337498665
          9.4,             0,             0, -1.24000000954, 97.6339950562, 101.274833679,          2000, 9.03072547913, -5.63529491425, 2.80710363388
        9.425,             0,             0, -1.23000001907, 97.6339950562, 101.012832642,          2000, 8.91330528259, -5.63529539108, 2.79083299637
         9.45,             0,             0, -1.22000002861, 97.6339950562, 100.750823975,          2000, 8.79588508606, -5.63529539108, 2.77456307411
        9.475,             0,             0, -1.21000003815, 97.6339950562, 100.488807678,          2000, 8.67846488953, -5.63529586792, 2.75829362869
          9.5,             0,             0, -1.20000004768, 97.6339950562, 100.226799011,          2000, 8.56104469299, -5.63529586792, 2.74202489853
        9.525,             0,             0, -1.19000005722, 97.6339950562, 99.9647750854,          2000, 8.44362354279, -5.63529634476, 2.72575688362
         9.55,             0,             0, -1.17999994755, 97.6339950562, 99.7027511597,          2000, 8.32620334625, -5.63529682159, 2.70948958397
        9.575,             0,             0, -1.16999995708, 97.6339950562, 99.4407196045,          2000, 8.20878314972, -5.63529682159, 2.69322276115
          9.6,             0,             0, -1.15999996662, 97.6339950562, 99.1786880493,          2000, 8.09136295319, -5.63529729843, 2.67695665359
        9.625,             0,             0, -1.14999997616, 97.6339950562, 98.9166564941,          2000, 7.97394275665, -5.63529777527, 2.66069126129
         9.65,             0,             0, -1.13999998569, 97.6339950562, 98.6546096802,          2000, 7.85652208328, -5.63529777527, 2.64442634583
        9.675,             0,             0, -1.12999999523, 97.6339950562, 98.3925704956,          2000, 7.73910188675, -5.63529825211, 2.62816214561
          9.7,             0,             0, -1.12000000477, 97.6339950562, 98.1305160522,          2000, 7.62168169022, -5.63529825211, 2.61189866066
        9.725,             0,             0, -1.11000001431, 97.6339950562, 97.8684616089,          2000, 7.50426101685, -5.63529872894, 2.59563589096
         9.75,             0,             0, -1.10000002384, 97.6339950562, 97.6064071655,          2000, 7.38684082031, -5.63529920578, 2.57937383652
        9.775,             0,             0, -1.09000003338, 97.6339950562, 97.3443450928,          2000, 7.26942014694, -5.63529920578, 2.56311225891
          9.8,             0,             0, -1.08000004292, 97.6339950562, 97.0822753906,          2000, 7.15199995041, -5.63529968262, 2.54685139656
        9.825,             0,             0, -1.07000005245, 97.6339950562, 96.8202056885,          2000, 7.03457975388, -5.63529968262, 2.53059124947
         9.85,             0,             0, -1.05999994278, 97.6339950562, 96.5581283569,          2000, 6.91715908051, -5.63530015945, 2.51433181763
        9.875,             0,             0, -1.04999995232, 97.6339950562, 96.2960510254,          2000, 6.79973888397, -5.63530015945, 2.49807286263
          9.9,             0,             0, -1.03999996185, 97.6339950562, 96.0339736938,          2000,  6.6823182106, -5.63530063629, 2.48181462288
        9.925,             0,             0, -1.02999997139, 97.6339950562, 95.7718811035,          2000, 6.56489801407, -5.63530063629, 2.46555733681
         9.95,             0,             0, -1.01999998093, 97.6339950562, 95.5097885132,          2000,  6.4474773407, -5.63530111313, 2.44930052757
        9.975,             0,             0, -1.00999999046, 97.6339950562, 95.2476959229,          2000, 6.33005714417, -5.63530111313, 2.43304419518
           10,             0,             0,            -1, 97.6339950562, 94.9855957031,          2000, 6.21263647079, -5.63530158997, 2.41678881645
       10.025,             0,             0, -0.990000009537, 97.6339950562, 94.7234954834,          2000, 6.09521627426, -5.6353020668, 2.40053391457
        10.05,             0,             0, -0.980000019073, 97.6339950562, 94.4613876343,          2000, 5.97779560089, -5.6353020668, 2.38427996635
       10.075,             0,             0, -0.97000002861, 97.6339950562, 94.1992721558,          2000, 5.86037540436, -5.63530254364, 2.36802649498
         10.1,             0,             0, -0.959999978542, 97.6339950562, 93.9371566772,          2000, 5.74295473099, -5.63530254364, 2.35177373886
       10.125,             0,             0, -0.949999988079, 97.6339950562, 93.6750335693,          2000, 5.62553453445, -5.63530302048,   2.335521698
        10.15,             0,             0, -0.939999997616, 97.6339950562, 93.4129104614,          2000, 5.50811433792, -5.63530302048, 2.31927037239
       10.175,             0,             0, -0.930000007153, 97.6339950562, 93.1507797241,          2000, 5.39069366455, -5.63530349731, 2.30301952362
         10.2,             0,             0, -0.920000016689, 97.6339950562, 92.8886489868,          2000, 5.27327346802, -5.63530349731, 2.28676962852
       10.225,             0,             0, -0.910000026226, 97.6339950562, 92.6265106201,          2000, 5.15585279465, -5.63530397415, 2.27052044868
        10.25,             0,             0, -0.899999976158, 97.6339950562, 92.3643722534,          2000, 5.03843259811, -5.63530397415, 2.25427174568
       10.275,             0,             0, -0.889999985695, 97.6339950562, 92.1022262573,          2000, 4.92101192474, -5.63530397415, 2.23802375793
         10.3,             0,             0, -0.879999995232, 97.6339950562, 91.8400726318,          2000, 4.80359172821, -5.63530445099, 2.22177672386
       10.325,             0,             0, -0.870000004768, 97.6339950562, 91.5779190063,          2000, 4.68617105484, -5.63530445099, 2.20553016663
        10.35,             0,             0, -0.860000014305, 97.6339950562, 91.3157653809,          2000, 4.56875038147, -5.63530492783, 2.18928432465
       10.375,             0,             0, -0.850000023842, 97.6339950562,  91.053604126,          2000, 4.45133018494, -5.63530492783, 2.17303919792
         10.4,             0,             0, -0.839999973774, 97.6339950562, 90.7914352417,          2000, 4.33390951157, -5.63530540466, 2.15679478645
       10.425,             0,             0, -0.829999983311, 97.6339950562, 90.5292663574,          2000, 4.21648931503, -5.63530540466, 2.14055109024
        10.45,             0,             0, -0.819999992847, 97.6339950562, 90.2670898438,          2000, 4.09906864166, -5.6353058815, 2.12430810928
       10.475,             0,             0, -0.810000002384, 97.6339950562, 90.0049133301,          2000, 3.98164844513, -5.6353058815, 2.10806584358
         10.5,             0,             0, -0.800000011921, 97.6339950562, 89.7427368164,          2000, 3.86422801018, -5.6353058815, 2.09182429314
       10.525,             0,             0, -0.790000021458, 97.6339950562, 89.4805450439,          2000, 3.74680757523, -5.63530635834, 2.07558321953
        10.55,             0,             0, -0.77999997139, 97.6339950562, 89.2183532715,          2000, 3.62938714027, -5.63530635834, 2.05934309959
       10.575,             0,             0, -0.769999980927, 97.6339950562,  88.956161499,          2000, 3.51196670532, -5.63530683517, 2.04310369492
         10.6,             0,             0, -0.759999990463, 97.6339950562, 88.6939620972,          2000, 3.39454627037, -5.63530683517, 2.02686500549
       10.625,             0,             0,         -0.75, 97.6339950562, 88.4317626953,          2000, 3.27712583542, -5.63530683517, 2.01062703133
        10.65,             0,             0, -0.740000009537, 97.6339950562, 88.1695556641,          2000, 3.15970540047, -5.63530731201, 1.99438965321
       10.675,             0,             0, -0.730000019073, 97.6339950562, 87.9073410034,          2000, 3.04228496552, -5.63530731201, 1.97815310955
         10.7,             0,             0, -0.72000002861, 97.6339950562, 87.6451263428,          2000, 2.92486453056, -5.63530778885, 1.96191728115
       10.725,             0,             0, -0.709999978542, 97.6339950562, 87.3829116821,          2000, 2.80744409561, -5.63530778885, 1.94568216801
        10.75,             0,             0, -0.699999988079, 97.6339950562, 87.1206893921,          2000, 2.69002366066, -5.63530778885, 1.92944777012
       10.775,             0,             0, -0.689999997616, 97.6339950562, 86.8584594727,          2000, 2.57260322571, -5.63530826569, 1.91321408749
         10.8,             0,             0, -0.680000007153, 97.6339950562, 86.5962295532,          2000, 2.45518279076, -5.63530826569, 1.89698112011
       10.825,             0,             0, -0.670000016689, 97.6339950562, 86.3339996338,          2000,  2.3377623558, -5.63530826569,  1.8807489872
        10.85,             0,             0, -0.660000026226, 97.6339950562, 86.0717544556,          2000, 2.22034192085, -5.63530874252, 1.86451745033
       10.875,             0,             0, -0.649999976158, 97.6339950562, 85.8095169067,          2000,  2.1029214859, -5.63530874252, 1.84828674793
         10.9,             0,             0, -0.639999985695, 97.6339950562, 85.5472717285,          2000, 1.98550117016, -5.63530874252, 1.83205676079
       10.925,             0,             0, -0.629999995232, 97.6339950562, 85.2850189209,          2000, 1.86808073521, -5.63530921936,  1.8158274889
        10.95,             0,             0, -0.620000004768, 97.6339950562, 85.0227661133,          2000, 1.75066041946, -5.63530921936, 1.79959893227
       10.975,             0,             0, -0.610000014305, 97.6339950562, 84.7605056763,          2000, 1.63323998451, -5.63530921936, 1.78337109089
           11,             0,             0, -0.600000023842, 97.6339950562, 84.4982376099,          2000, 1.51581954956, -5.6353096962, 1.76714408398
       11.025,             0,             0, -0.589999973774, 97.6339950562, 84.2359771729,          2000, 1.39839923382, -5.6353096962, 1.75091779232
        11.05,             0,             0, -0.579999983311, 97.6339950562, 83.9737014771,          2000, 1.28097879887, -5.6353096962, 1.73469221592
       11.075,             0,             0, -0.569999992847, 97.6339950562, 83.7114257812,          2000, 1.16355848312, -5.63531017303, 1.71846735477
         11.1,             0,             0, -0.560000002384, 97.6339950562, 83.4491500854,          2000, 1.04613804817, -5.63531017303, 1.70224332809
       11.125,             0,             0, -0.550000011921, 97.6339950562, 83.1868667603,          2000, 0.928717672825, -5.63531017303, 1.68602001667
        11.15,             0,             0, -0.540000021458, 97.6339950562, 82.9245834351,          2000, 0.811297297478, -5.63531017303,  1.6697974205
       11.175,             0,             0, -0.52999997139, 97.6339950562, 82.6622924805,          2000, 0.693876981735, -5.63531064987,  1.6535756588
         11.2,             0,             0, -0.519999980927, 97.6339950562, 82.3999938965,          2000, 0.576456606388, -5.63531064987, 1.63735461235
       11.225,             0,             0, -0.509999990463, 97.6339950562, 82.1376953125,          2000, 0.459036260843, -5.63531064987, 1.62113428116
        11.25,             0,             0,          -0.5, 97.6339950562, 81.8753967285,          2000, 0.341615915298, -5.63531112671, 1.60491478443
       11.275,             0,             0, -0.490000009537, 97.6339950562, 81.6130905151,          2000, 0.224195569754, -5.63531112671, 1.58869600296
         11.3,             0,             0, -0.479999989271, 97.6339950562, 81.3507766724,          2000, 0.10677523911, -5.63531112671, 1.57247793674
       11.325,             0,             0, -0.469999998808, 97.6339950562, 81.0884628296,          2000, -0.0106450859457, -5.63531112671, 1.55626070499
        11.35,             0,             0, -0.460000008345, 97.6339950562, 80.8261489868,          2000, -0.128065407276, -5.63531160355,  1.5400441885
       11.375,             0,             0, -0.449999988079, 97.6339950562, 80.5638275146,          2000, -0.245485723019, -5.63531160355, 1.52382850647
         11.4,             0,             0, -0.439999997616, 97.6339950562, 80.3014984131,          2000, -0.362906038761, -5.63531160355,  1.5076135397
       11.425,             0,             0, -0.430000007153, 97.6339950562, 80.0391693115,          2000, -0.480326324701, -5.63531160355, 1.49139928818
        11.45,             0,             0, -0.419999986887, 97.6339950562, 79.7768325806,          2000, -0.597746610641, -5.63531160355, 1.47518587112
       11.475,             0,             0, -0.409999996424, 97.6339950562, 79.5144958496,          2000, -0.715166926384, -5.63531208038, 1.45897328854
         11.5,             0,             0, -0.40000000596, 97.6339950562, 79.2521591187,          2000, -0.832587182522, -5.63531208038,  1.4427614212
       11.525,             0,             0, -0.389999985695, 97.6339950562, 78.9898147583,          2000, -0.950007498264, -5.63531208038, 1.42655026913
        11.55,             0,             0, -0.379999995232, 97.6339950562, 78.7274627686,          2000, -1.0674277544, -5.63531208038, 1.41033995152
       11.575,             0,             0, -0.370000004768, 97.6339950562, 78.4651107788,          2000, -1.18484795094, -5.63531208038, 1.39413046837
         11.6,             0,             0, -0.360000014305, 97.6339950562, 78.2027511597,          2000, -1.30226826668, -5.63531255722, 1.37792170048
       11.625,             0,             0, -0.34999999404, 97.6339950562, 77.9403915405,          2000, -1.41968846321, -5.63531255722, 1.36171364784
        11.65,             0,             0, -0.340000003576, 97.6339950562,  77.678024292,          2000, -1.53710877895, -5.63531255722, 1.34550642967
       11.675,             0,             0, -0.330000013113, 97.6339950562, 77.4156570435,          2000, -1.65452897549, -5.63531255722, 1.32930004597
         11.7,             0,             0, -0.319999992847, 97.6339950562, 77.1532821655,          2000, -1.77194917202, -5.63531255722, 1.31309437752
       11.725,             0,             0, -0.310000002384, 97.6339950562, 76.8909072876,          2000, -1.88936936855, -5.63531303406, 1.29688954353
        11.75,             0,             0, -0.300000011921, 97.6339950562, 76.6285324097,          2000, -2.0067896843, -5.63531303406, 1.28068554401
       11.775,             0,             0, -0.289999991655, 97.6339950562, 76.3661422729,          2000, -2.12420988083, -5.63531303406, 1.26448225975
         11.8,             0,             0, -0.280000001192, 97.6339950562, 76.1037597656,          2000, -2.24162983894, -5.63531303406, 1.24827980995
       11.825,             0,             0, -0.270000010729, 97.6339950562, 75.8413696289,          2000, -2.35905003548, -5.63531303406, 1.23207819462
        11.85,             0,             0, -0.259999990463, 97.6339950562, 75.5789718628,          2000, -2.47647023201, -5.63531303406, 1.21587729454
       11.875,             0,             0,         -0.25, 97.6339950562, 75.3165740967,          2000, -2.59389042854, -5.63531303406, 1.19967722893
         11.9,             0,             0, -0.239999994636, 97.6339950562, 75.0541687012,          2000, -2.71131062508, -5.63531351089, 1.18347787857
       11.925,             0,             0, -0.230000004172, 97.6339950562, 74.7917633057,          2000, -2.82873082161, -5.63531351089, 1.16727948189
        11.95,             0,             0, -0.219999998808, 97.6339950562, 74.5293502808,          2000, -2.94615077972, -5.63531351089, 1.15108180046
       11.975,             0,             0, -0.209999993443, 97.6339950562, 74.2669372559,          2000, -3.06357097626, -5.63531351089,  1.1348849535
           12,             0,             0, -0.20000000298, 97.6339950562, 74.0045166016,          2000, -3.18099117279, -5.63531351089, 1.11868882179
       12.025,             0,             0, -0.189999997616, 97.6339950562, 73.7420959473,          2000, -3.29841113091, -5.63531351089, 1.10249364376
        12.05,             0,             0, -0.180000007153, 97.6339950562,  73.479675293,          2000, -3.41583132744, -5.63531351089, 1.08629918098
       12.075,             0,             0, -0.170000001788, 97.6339950562, 73.2172393799,          2000, -3.53325128555, -5.63531351089, 1.07010555267
         12.1,             0,             0, -0.159999996424, 97.6339950562, 72.9548110962,          2000, -3.65067148209, -5.63531351089, 1.05391275883
       12.125,             0,             0, -0.15000000596, 97.6339950562, 72.6923751831,          2000, -3.7680914402, -5.63531351089, 1.03772068024
        12.15,             0,             0, -0.140000000596, 97.6339950562, 72.4299316406,          2000, -3.88551139832, -5.63531398773, 1.02152955532
       12.175,             0,             0, -0.129999995232, 97.6339950562, 72.1674880981,          2000, -4.00293159485, -5.63531398773, 1.00533914566
         12.2,             0,             0, -0.119999997318, 97.6339950562, 71.9050369263,          2000, -4.12035179138, -5.63531398773, 0.989149570465
       12.225,             0,             0, -0.109999999404, 97.6339950562, 71.6425857544,          2000, -4.23777151108, -5.63531398773, 0.972960829735
        12.25,             0,             0, -0.10000000149, 97.6339950562, 71.3801345825,          2000, -4.35519170761, -5.63531398773, 0.95677292347
       12.275,             0,             0, -0.0900000035763, 97.6339950562, 71.1176757812,          2000, -4.47261142731, -5.63531398773, 0.940585851669
         12.3,             0,             0, -0.0799999982119, 97.6339950562, 70.8552093506,          2000, -4.59003162384, -5.63531398773, 0.924399554729
       12.325,             0,             0, -0.070000000298, 97.6339950562, 70.5927429199,          2000, -4.70745134354, -5.63531398773, 0.908214151859
        12.35,             0,             0, -0.0599999986589, 97.6339950562, 70.3302688599,          2000, -4.82487154007, -5.63531398773, 0.892029523849
       12.375,             0,             0, -0.0500000007451, 97.6339950562, 70.0677947998,          2000, -4.94229125977, -5.63531398773, 0.875845730305
         12.4,             0,             0, -0.0399999991059, 97.6339950562, 69.8053207397,          2000, -5.0597114563, -5.63531398773, 0.85966283083
       12.425,             0,             0, -0.0299999993294, 97.6339950562, 69.5428390503,          2000, -5.17713117599, -5.63531398773, 0.843480706215
        12.45,             0,             0, -0.019999999553, 97.6339950562, 69.2803497314,          2000, -5.29455089569, -5.63531398773, 0.827299416065
       12.475,             0,             0, -0.00999999977648, 97.6339950562,  69.017868042,          2000, -5.41197109222, -5.63531398773, 0.811118960381
         12.5,             0,             0, 5.25568019552e-14, 97.6339950562, 68.7553710938,          2000, -5.52939081192, -5.63531398773, 0.794939339161
       12.525,             0,             0, 0.00999999977648, 97.6339950562, 68.4779968262,          2000, -5.64676713943, -5.63531398773, 0.778756737709
        12.55,             0,             0, 0.019999999553, 97.6339950562, 68.2006149292,          2000, -5.76414299011, -5.63531398773, 0.762574970722
       12.575,             0,             0, 0.0299999993294, 97.6339950562, 67.9232330322,          2000, -5.88151931763, -5.63531398773, 0.746394097805
         12.6,             0,             0, 0.0399999991059, 97.6339950562, 67.6458435059,          2000, -5.9988951683, -5.63531398773, 0.730214059353
       12.625,             0,             0, 0.0500000007451, 97.6339950562, 67.3684539795,          2000, -6.11627101898, -5.63531398773, 0.714034795761
        12.65,             0,             0, 0.0599999986589, 97.6339950562, 67.0910568237,          2000, -6.2336473465, -5.63531398773, 0.697856485844
       12.675,             0,             0, 0.070000000298, 97.6339950562,  66.813659668,          2000, -6.35102319717, -5.63531398773, 0.681678950787
         12.7,             0,             0, 0.0799999982119, 97.6339950562, 66.5362548828,          2000, -6.46839904785, -5.63531398773, 0.665502309799
       12.725,             0,             0, 0.0900000035763, 97.6339950562, 66.2588500977,          2000, -6.58577537537, -5.63531398773, 0.649326503277
        12.75,             0,             0, 0.10000000149, 97.6339950562, 65.9814376831,          2000, -6.70315122604, -5.63531398773, 0.633151590824
       12.775,             0,             0, 0.109999999404, 97.6339950562, 65.7040176392,          2000, -6.82052707672, -5.63531398773, 0.616977512836
         12.8,             0,             0, 0.119999997318, 97.6339950562, 65.4265975952,          2000, -6.9379029274, -5.63531398773, 0.600804269314
       12.825,             0,             0, 0.129999995232, 97.6339950562, 65.1491775513,          2000, -7.05527877808, -5.63531398773, 0.584631919861
        12.85,             0,             0, 0.140000000596, 97.6339950562, 64.8717498779,          2000, -7.17265462875, -5.63531398773, 0.568460404873
       12.875,             0,             0, 0.15000000596, 97.6339950562, 64.5943145752,          2000, -7.29003047943, -5.63531351089, 0.552289783955
         12.9,             0,             0, 0.159999996424, 97.6339950562, 64.3168792725,          2000, -7.40740633011, -5.63531351089, 0.536119997501
       12.925,             0,             0, 0.170000001788, 97.6339950562, 64.0394439697,          2000, -7.52478218079, -5.63531351089, 0.519951045513
        12.95,             0,             0, 0.180000007153, 97.6339950562, 63.7619972229,          2000, -7.64215803146, -5.63531351089, 0.503783047199
       12.975,             0,             0, 0.189999997616, 97.6339950562, 63.4845504761,          2000, -7.75953388214, -5.63531351089, 0.487615853548
           13,             0,             0, 0.20000000298, 97.6339950562, 63.2070960999,          2000, -7.87690973282, -5.63531351089, 0.471449524164
       13.025,             0,             0, 0.209999993443, 97.6339950562, 62.9296417236,          2000, -7.9942855835, -5.63531351089, 0.45528408885
        13.05,             0,             0, 0.219999998808, 97.6339950562, 62.6521835327,          2000, -8.11166095734, -5.63531351089, 0.439119517803
       13.075,             0,             0, 0.230000004172, 97.6339950562, 62.3747177124,          2000, -8.22903728485, -5.63531351089, 0.422955811024
         13.1,             0,             0, 0.239999994636, 97.6339950562, 62.0972518921,          2000, -8.34641265869, -5.63531351089, 0.406792998314
       13.125,             0,             0,          0.25, 97.6339950562, 61.8197784424,          2000, -8.46378803253, -5.63531303406, 0.390631049871
        13.15,             0,             0, 0.259999990463, 97.6339950562, 61.5423049927,          2000, -8.58116436005, -5.63531303406, 0.374469965696
       13.175,             0,             0, 0.270000010729, 97.6339950562, 61.2648239136,          2000, -8.69853973389, -5.63531303406, 0.358309775591
         13.2,             0,             0, 0.280000001192, 97.6339950562, 60.9873428345,          2000, -8.81591510773, -5.63531303406, 0.342150449753
       13.225,             0,             0, 0.289999991655, 97.6339950562,  60.709854126,          2000, -8.93329143524, -5.63531303406, 0.325991988182
        13.25,             0,             0, 0.300000011921, 97.6339950562, 60.4323654175,          2000, -9.05066680908, -5.63531303406, 0.309834420681
       13.275,             0,             0, 0.310000002384, 97.6339950562, 60.1548690796,          2000, -9.16804218292, -5.63531303406, 0.29367774725
         13.3,             0,             0, 0.319999992847, 97.6339950562, 59.8773727417,          2000, -9.28541755676, -5.63531255722, 0.277521938086
       13.325,             0,             0, 0.330000013113, 97.6339950562, 59.5998687744,          2000, -9.4027929306, -5.63531255722, 0.261367022991
        13.35,             0,             0, 0.340000003576, 97.6339950562, 59.3223609924,          2000, -9.52016925812, -5.63531255722, 0.245213001966
       13.375,             0,             0, 0.34999999404, 97.6339950562, 59.0448532104,          2000, -9.63754463196, -5.63531255722, 0.229059845209
         13.4,             0,             0, 0.360000014305, 97.6339950562, 58.7673377991,          2000, -9.7549200058, -5.63531255722, 0.212907597423
       13.425,             0,             0, 0.370000004768, 97.6339950562,  58.489818573,          2000, -9.87229537964, -5.63531208038, 0.196756228805
        13.45,             0,             0, 0.379999995232, 97.6339950562, 58.2122993469,          2000, -9.98967075348, -5.63531208038, 0.180605739355
       13.475,             0,             0, 0.389999985695, 97.6339950562, 57.9347724915,          2000, -10.1070461273, -5.63531208038, 0.164456158876
         13.5,             0,             0, 0.40000000596, 97.6339950562,  57.657245636,          2000, -10.2244215012, -5.63531208038, 0.148307457566
       13.525,             0,             0, 0.409999996424, 97.6339950562, 57.3797111511,          2000, -10.341796875, -5.63531208038, 0.132159650326
        13.55,             0,             0, 0.419999986887, 97.6339950562, 57.1021728516,          2000, -10.4591722488, -5.63531160355, 0.116012744606
       13.575,             0,             0, 0.430000007153, 97.6339950562,  56.824634552,          2000, -10.5765476227, -5.63531160355, 0.099866732955
         13.6,             0,             0, 0.439999997616, 97.6339950562,  56.547088623,          2000, -10.6939229965, -5.63531160355, 0.0837216228247
       13.625,             0,             0, 0.449999988079, 97.6339950562, 56.2695426941,          2000, -10.8112983704, -5.63531160355, 0.067577406764
        13.65,             0,             0, 0.460000008345, 97.6339950562, 55.9919891357,          2000, -10.9286737442, -5.63531160355, 0.0514340884984
       13.675,             0,             0, 0.469999998808, 97.6339950562, 55.7144355774,          2000, -11.046049118, -5.63531112671, 0.0352916717529
         13.7,             0,             0, 0.479999989271, 97.6339950562, 55.4368743896,          2000, -11.1634244919, -5.63531112671, 0.0191501583904
       13.725,             0,             0, 0.490000009537, 97.6339950562, 55.1593132019,          2000, -11.280798912, -5.63531112671, 0.00300954817794
        13.75,             0,             0,           0.5, 97.6339950562, 54.8817443848,          2000, -11.3981742859, -5.63531112671, -0.0131301572546
       13.775,             0,             0, 0.509999990463, 97.6339950562, 54.6041755676,          2000, -11.5155496597, -5.63531064987, -0.0292689576745
         13.8,             0,             0, 0.519999980927, 97.6339950562, 54.3265991211,          2000, -11.6329250336, -5.63531064987, -0.0454068519175
       13.825,             0,             0, 0.52999997139, 97.6339950562, 54.0490226746,          2000, -11.7502994537, -5.63531064987, -0.0615438334644
        13.85,             0,             0, 0.540000021458, 97.6339950562, 53.7714424133,          2000, -11.8676748276, -5.63531017303, -0.0776799097657
       13.875,             0,             0, 0.550000011921, 97.6339950562, 53.4938545227,          2000, -11.9850502014, -5.63531017303, -0.0938150733709
         13.9,             0,             0, 0.560000002384, 97.6339950562, 53.2162666321,          2000, -12.1024255753, -5.63531017303, -0.109949328005
       13.925,             0,             0, 0.569999992847, 97.6339950562, 52.9386749268,          2000, -12.2197999954, -5.63531017303, -0.126082673669
        13.95,             0,             0, 0.579999983311, 97.6339950562,  52.661075592,          2000, -12.3371753693, -5.6353096962, -0.14221508801
       13.975,             0,             0, 0.589999973774, 97.6339950562, 52.3834762573,          2000, -12.4545497894, -5.6353096962, -0.15834659338
           14,             0,             0, 0.600000023842, 97.6339950562, 52.1058731079,          2000, -12.5719251633, -5.6353096962, -0.174477189779
       14.025,             0,             0, 0.610000014305, 97.6339950562, 51.8282661438,          2000, -12.6893005371, -5.63530921936, -0.190606862307
        14.05,             0,             0, 0.620000004768, 97.6339950562,  51.550655365,          2000, -12.8066749573, -5.63530921936, -0.206735625863
       14.075,             0,             0, 0.629999995232, 97.6339950562, 51.2730407715,          2000, -12.9240503311, -5.63530921936, -0.222863450646
         14.1,             0,             0, 0.639999985695, 97.6339950562, 50.9954223633,          2000, -13.0414247513, -5.63530874252, -0.238990366459
       14.125,             0,             0, 0.649999976158, 97.6339950562, 50.7178001404,          2000, -13.1587991714, -5.63530874252, -0.255116343498
        14.15,             0,             0, 0.660000026226, 97.6339950562, 50.4401779175,          2000, -13.2761745453, -5.63530874252, -0.271241426468
       14.175,             0,             0, 0.670000016689, 97.6339950562, 50.1625480652,          2000, -13.3935489655, -5.63530826569, -0.287365555763
         14.2,             0,             0, 0.680000007153, 97.6339950562, 49.8849143982,          2000, -13.5109243393, -5.63530826569, -0.303488761187
       14.225,             0,             0, 0.689999997616, 97.6339950562, 49.6072807312,          2000, -13.6282987595, -5.63530826569, -0.319611042738
        14.25,             0,             0, 0.699999988079, 97.6339950562, 49.3296394348,          2000, -13.7456731796, -5.63530778885, -0.335732400417
       14.275,             0,             0, 0.709999978542, 97.6339950562, 49.0519981384,          2000, -13.8630485535, -5.63530778885, -0.351852834225
         14.3,             0,             0, 0.72000002861, 97.6339950562, 48.7743492126,          2000, -13.9804229736, -5.63530778885, -0.367972314358
       14.325,             0,             0, 0.730000019073, 97.6339950562, 48.4967002869,          2000, -14.0977973938, -5.63530731201, -0.384090870619
        14.35,             0,             0, 0.740000009537, 97.6339950562, 48.2190475464,          2000, -14.215171814, -5.63530731201, -0.400208503008
       14.375,             0,             0,          0.75, 97.6339950562, 47.9413909912,          2000, -14.3325462341, -5.63530683517, -0.416325181723
         14.4,             0,             0, 0.759999990463, 97.6339950562, 47.6637306213,          2000, -14.449921608, -5.63530683517, -0.432440936565
       14.425,             0,             0, 0.769999980927, 97.6339950562, 47.3860664368,          2000, -14.5672960281, -5.63530683517, -0.448555767536
        14.45,             0,             0, 0.77999997139, 97.6339950562, 47.1083984375,          2000, -14.6846704483, -5.63530635834, -0.464669644833
       14.475,             0,             0, 0.790000021458, 97.6339950562, 46.8307266235,          2000, -14.8020448685, -5.63530635834, -0.480782568455
         14.5,             0,             0, 0.800000011921, 97.6339950562, 46.5530509949,          2000, -14.9194192886, -5.6353058815, -0.496894568205
       14.525,             0,             0, 0.810000002384, 97.6339950562, 46.2753715515,          2000, -15.0367937088, -5.6353058815, -0.513005614281
        14.55,             0,             0, 0.819999992847, 97.6339950562, 45.9976921082,          2000, -15.154168129, -5.6353058815, -0.529115736485
       14.575,             0,             0, 0.829999983311, 97.6339950562, 45.7200050354,          2000, -15.2715425491, -5.63530540466, -0.545224845409
         14.6,             0,             0, 0.839999973774, 97.6339950562, 45.4423179626,          2000, -15.3889169693, -5.63530540466, -0.561333060265
       14.625,             0,             0, 0.850000023842, 97.6339950562, 45.1646270752,          2000, -15.5062913895, -5.63530492783, -0.577440321445
        14.65,             0,             0, 0.860000014305, 97.6339950562,  44.886932373,          2000, -15.623664856, -5.63530492783, -0.593546628952
       14.675,             0,             0, 0.870000004768, 97.6339950562, 44.6092338562,          2000, -15.7410392761, -5.63530445099, -0.609651982784
         14.7,             0,             0, 0.879999995232, 97.6339950562, 44.3315315247,          2000, -15.8584136963, -5.63530445099, -0.625756442547
       14.725,             0,             0, 0.889999985695, 97.6339950562, 44.0538253784,          2000, -15.9757881165, -5.63530397415, -0.64185988903
        14.75,             0,             0, 0.899999976158, 97.6339950562, 43.7761154175,          2000, -16.0931625366, -5.63530397415, -0.65796238184
       14.775,             0,             0, 0.910000026226, 97.6339950562, 43.4984054565,          2000, -16.2105369568, -5.63530397415, -0.674063920975
         14.8,             0,             0, 0.920000016689, 97.6339950562, 43.2206878662,          2000, -16.327911377, -5.63530349731, -0.690164506435
       14.825,             0,             0, 0.930000007153, 97.6339950562, 42.9429702759,          2000, -16.4452838898, -5.63530349731, -0.706264138222
        14.85,             0,             0, 0.939999997616, 97.6339950562, 42.6652488708,          2000, -16.5626583099, -5.63530302048, -0.722362816334
       14.875,             0,             0, 0.949999988079, 97.6339950562, 42.3875236511,          2000, -16.6800327301, -5.63530302048, -0.738460540771
         14.9,             0,             0, 0.959999978542, 97.6339950562, 42.1097946167,          2000, -16.7974071503, -5.63530254364, -0.75455725193
       14.925,             0,             0, 0.97000002861, 97.6339950562, 41.8320617676,          2000, -16.9147815704, -5.63530254364, -0.770653069019
        14.95,             0,             0, 0.980000019073, 97.6339950562, 41.5543251038,          2000, -17.0321540833, -5.6353020668, -0.786747872829
       14.975,             0,             0, 0.990000009537, 97.6339950562, 41.2765884399,          2000, -17.1495285034, -5.6353020668, -0.802841722965
           15,             0,             0,             1, 97.6339950562, 40.9988441467,          2000, -17.2669029236, -5.63530158997, -0.818934619427
       15.025,             0,             0, 1.00999999046, 97.6339950562, 40.7210998535,          2000, -17.3842754364, -5.63530111313, -0.835026502609
        15.05,             0,             0, 1.01999998093, 97.6339950562, 40.4433517456,          2000, -17.5016498566, -5.63530111313, -0.851117432117
       15.075,             0,             0, 1.02999997139, 97.6339950562,  40.165599823,          2000, -17.6190242767, -5.63530063629, -0.867207407951
         15.1,             0,             0, 1.03999996185, 97.6339950562, 39.8878440857,          2000, -17.7363967896, -5.63530063629, -0.883296430111
       15.125,             0,             0, 1.04999995232, 97.6339950562, 39.6100845337,          2000, -17.8537712097, -5.63530015945, -0.899384438992
        15.15,             0,             0, 1.05999994278, 97.6339950562, 39.3323249817,          2000, -17.9711456299, -5.63530015945, -0.915471494198
       15.175,             0,             0, 1.07000005245, 97.6339950562, 39.0545578003,          2000, -18.0885181427, -5.63529968262, -0.93155759573
         15.2,             0,             0, 1.08000004292, 97.6339950562, 38.7767906189,          2000, -18.2058925629, -5.63529968262, -0.947642683983
       15.225,             0,             0, 1.09000003338, 97.6339950562, 38.4990196228,          2000, -18.3232650757, -5.63529920578, -0.963726818562
        15.25,             0,             0, 1.10000002384, 97.6339950562,  38.221244812,          2000, -18.4406394958, -5.63529920578, -0.979809939861
       15.275,             0,             0, 1.11000001431, 97.6339950562, 37.9434661865,          2000, -18.558013916, -5.63529872894, -0.995892107487
         15.3,             0,             0, 1.12000000477, 97.6339950562,  37.665687561,          2000, -18.6753864288, -5.63529825211, -1.01197326183
       15.325,             0,             0, 1.12999999523, 97.6339950562, 37.3879013062,          2000, -18.792760849, -5.63529825211, -1.02805352211
        15.35,             0,             0, 1.13999998569, 97.6339950562, 37.1101150513,          2000, -18.9101333618, -5.63529777527, -1.0441327095
       15.375,             0,             0, 1.14999997616, 97.6339950562, 36.8323249817,          2000, -19.027507782, -5.63529777527, -1.06021094322
         15.4,             0,             0, 1.15999996662, 97.6339950562, 36.5545310974,          2000, -19.1448802948, -5.63529729843, -1.07628810406
       15.425,             0,             0, 1.16999995708, 97.6339950562, 36.2767333984,          2000, -19.2622528076, -5.63529682159, -1.09236431122
        15.45,             0,             0, 1.17999994755, 97.6339950562, 35.9989356995,          2000, -19.3796272278, -5.63529682159, -1.1084395647
       15.475,             0,             0, 1.19000005722, 97.6339950562, 35.7211303711,          2000, -19.4969997406, -5.63529634476, -1.12451386452
         15.5,             0,             0, 1.20000004768, 97.6339950562, 35.4433250427,          2000, -19.6143741608, -5.63529586792, -1.14058709145
       15.525,             0,             0, 1.21000003815, 97.6339950562, 35.1655158997,          2000, -19.7317466736, -5.63529586792, -1.1566593647
        15.55,             0,             0, 1.22000002861, 97.6339950562, 34.8877029419,          2000, -19.8491191864, -5.63529539108, -1.17273068428
       15.575,             0,             0, 1.23000001907, 97.6339950562, 34.6098899841,          2000, -19.9664936066, -5.63529539108, -1.18880093098
         15.6,             0,             0, 1.24000000954, 97.6339950562,  34.332069397,          2000, -20.0838661194, -5.63529491425,  -1.204870224
       15.625,             0,             0,          1.25, 97.6339950562, 34.0542488098,          2000, -20.2012386322, -5.63529443741, -1.22093856335
        15.65,             0,             0, 1.25999999046, 97.6339950562,  33.776424408,          2000, -20.3186130524, -5.63529443741, -1.23700582981
       15.675,             0,             0, 1.26999998093, 97.6339950562, 33.4985961914,          2000, -20.4359855652, -5.63529396057, -1.25307202339
         15.7,             0,             0, 1.27999997139, 97.6339950562, 33.2207679749,          2000, -20.553358078, -5.63529348373, -1.26913738251
       15.725,             0,             0, 1.28999996185, 97.6339950562, 32.9429321289,          2000, -20.6707305908, -5.6352930069, -1.28520166874
        15.75,             0,             0, 1.29999995232, 97.6339950562,  32.665096283,          2000, -20.788105011, -5.6352930069, -1.30126488209
       15.775,             0,             0, 1.30999994278, 97.6339950562, 32.3872566223,          2000, -20.9054775238, -5.63529253006, -1.31732714176
         15.8,             0,             0, 1.32000005245, 97.6339950562, 32.1094169617,          2000, -21.0228500366, -5.63529205322, -1.33338832855
       15.825,             0,             0, 1.33000004292, 97.6339950562, 31.8315696716,          2000, -21.1402225494, -5.63529205322, -1.34944856167
        15.85,             0,             0, 1.34000003338, 97.6339950562, 31.5537223816,          2000, -21.2575950623, -5.63529157639, -1.36550784111
       15.875,             0,             0, 1.35000002384, 97.6339950562, 31.2758712769,          2000, -21.3749675751, -5.63529109955, -1.38156604767
         15.9,             0,             0, 1.36000001431, 97.6339950562, 30.9980163574,          2000, -21.4923400879, -5.63529109955, -1.39762330055
       15.925,             0,             0, 1.37000000477, 97.6340026855, 30.7201595306,          2000, -21.6097145081, -5.63529062271, -1.41367948055
        15.95,             0,             0, 1.37999999523, 97.6340026855, 30.4422988892,          2000, -21.7270870209, -5.63529014587, -1.42973458767
       15.975,             0,             0, 1.38999998569, 97.6340026855, 30.1644363403,          2000, -21.8444595337, -5.63528966904, -1.44578874111
           16,             0,             0, 1.39999997616, 97.6340026855, 29.8865699768,          2000, -21.9618320465, -5.63528966904, -1.46184182167
       16.025,             0,             0, 1.40999996662, 97.6340026855, 29.6087017059,          2000, -22.0792045593, -5.6352891922, -1.47789394855
        16.05,             0,             0, 1.41999995708, 97.6340026855, 29.3308296204,          2000, -22.1965770721, -5.63528871536, -1.49394512177
       16.075,             0,             0, 1.42999994755, 97.6340026855, 29.0529556274,          2000, -22.313949585, -5.63528823853, -1.50999510288
         16.1,             0,             0, 1.44000005722, 97.6340026855, 28.7750778198,          2000, -22.4313220978, -5.63528823853, -1.52604413033
       16.125,             0,             0, 1.45000004768, 97.6340026855, 28.4971961975,          2000, -22.5486927032, -5.63528776169, -1.54209220409
        16.15,             0,             0, 1.46000003815, 97.6340026855, 28.2193145752,          2000, -22.6660652161, -5.63528728485, -1.55813920498
       16.175,             0,             0, 1.47000002861, 97.6340026855, 27.9414272308,          2000, -22.7834377289, -5.63528680801, -1.57418513298
         16.2,             0,             0, 1.48000001907, 97.6340026855, 27.6635398865,          2000, -22.9008102417, -5.63528633118, -1.59023010731
       16.225,             0,             0, 1.49000000954, 97.6340026855, 27.3856468201,          2000, -23.0181827545, -5.63528633118, -1.60627388954
        16.25,             0,             0,           1.5, 97.6340026855, 27.1077537537,          2000, -23.1355552673, -5.63528585434, -1.62231683731
       16.275,             0,             0, 1.50999999046, 97.6340026855, 26.8298549652,          2000, -23.2529277802, -5.6352853775, -1.63835859299
         16.3,             0,             0, 1.51999998093, 97.6340026855, 26.5519561768,          2000, -23.3702983856, -5.63528490067, -1.65439939499
       16.325,             0,             0, 1.52999997139, 97.6340026855, 26.2740535736,          2000, -23.4876708984, -5.63528442383, -1.67043924332
        16.35,             0,             0, 1.53999996185, 97.6340026855, 25.9961471558,          2000, -23.6050434113, -5.63528442383, -1.68647789955
       16.375,             0,             0, 1.54999995232, 97.6340026855, 25.7182388306,          2000, -23.7224159241, -5.63528394699, -1.70251560211
         16.4,             0,             0, 1.55999994278, 97.6340026855,  25.440328598,          2000, -23.8397865295, -5.63528347015, -1.71855223179
       16.425,             0,             0, 1.57000005245, 97.6340026855, 25.1624145508,          2000, -23.9571590424, -5.63528299332, -1.73458790779
        16.45,             0,             0, 1.58000004292, 97.6340026855, 24.8844985962,          2000, -24.0745315552, -5.63528251648, -1.7506223917
       16.475,             0,             0, 1.59000003338, 97.6340026855, 24.6065788269,          2000, -24.1919021606, -5.63528203964, -1.76665592194
         16.5,             0,             0, 1.60000002384, 97.6340026855, 24.3286571503,          2000, -24.3092746735, -5.63528156281, -1.78268837929
       16.525,             0,             0, 1.61000001431, 97.6340026855, 24.0507316589,          2000, -24.4266452789, -5.63528156281, -1.79871976376
        16.55,             0,             0, 1.62000000477, 97.6340026855, 23.7728042603,          2000, -24.5440177917, -5.63528108597, -1.81475019455
       16.575,             0,             0, 1.62999999523, 97.6340026855, 23.4948749542,          2000, -24.6613903046, -5.63528060913, -1.83077955246
         16.6,             0,             0, 1.63999998569, 97.6340026855, 23.2169418335,          2000,  -24.77876091, -5.63528013229, -1.84680783749
       16.625,             0,             0, 1.64999997616, 97.6340026855, 22.9390068054,          2000, -24.8961334229, -5.63527965546, -1.86283504963
        16.65,             0,             0, 1.65999996662, 97.6340026855,   22.66106987,          2000, -25.0135040283, -5.63527917862, -1.87886118889
       16.675,             0,             0, 1.66999995708, 97.6340026855, 22.3831291199,          2000, -25.1308746338, -5.63527870178, -1.89488625526
         16.7,             0,             0, 1.67999994755, 97.6340026855, 22.1051864624,          2000, -25.2482471466, -5.63527822495, -1.91091036797
       16.725,             0,             0, 1.69000005722, 97.6340026855, 21.8272399902,          2000, -25.3656177521, -5.63527774811, -1.92693340778
        16.75,             0,             0, 1.70000004768, 97.6340026855, 21.5492916107,          2000, -25.4829902649, -5.63527774811, -1.94295537472
       16.775,             0,             0, 1.71000003815, 97.6340026855, 21.2713413239,          2000, -25.6003608704, -5.63527727127, -1.95897614956
         16.8,             0,             0, 1.72000002861, 97.6340026855, 20.9933872223,          2000, -25.7177314758, -5.63527679443, -1.97499597073
       16.825,             0,             0, 1.73000001907, 97.6340026855, 20.7154312134,          2000, -25.8351039886, -5.6352763176, -1.99101483822
        16.85,             0,             0, 1.74000000954, 97.6340026855, 20.4374732971,          2000, -25.9524745941, -5.63527584076, -2.00703239441
       16.875,             0,             0,          1.75, 97.6340026855, 20.1595115662,          2000, -26.0698451996, -5.63527536392, -2.02304911613
         16.9,             0,             0, 1.75999999046, 97.6340026855, 19.8815479279,          2000, -26.1872177124, -5.63527488708, -2.03906464577
       16.925,             0,             0, 1.76999998093, 97.6340026855, 19.6035823822,          2000, -26.3045883179, -5.63527441025, -2.05507922173
        16.95,             0,             0, 1.77999997139, 97.6340026855, 19.3256130219,          2000, -26.4219589233, -5.63527393341, -2.07109260559
       16.975,             0,             0, 1.78999996185, 97.6340026855, 19.0476436615,          2000, -26.5393295288, -5.63527345657, -2.08710503578
           17,             0,             0, 1.79999995232, 97.6340026855, 18.7696685791,          2000, -26.6567001343, -5.63527297974, -2.10311627388
       17.025,             0,             0, 1.80999994278, 97.6340026855, 18.4916934967,          2000, -26.7740726471, -5.6352725029, -2.1191265583
        17.05,             0,             0, 1.82000005245, 97.6340026855, 18.2137145996,          2000, -26.8914432526, -5.63527202606, -2.13513565063
       17.075,             0,             0, 1.83000004292, 97.6340026855, 17.9357337952,          2000, -27.008813858, -5.63527154922, -2.15114378929
         17.1,             0,             0, 1.84000003338, 97.6340026855, 17.6577510834,          2000, -27.1261844635, -5.63527107239, -2.16715073586
       17.125,             0,             0, 1.85000002384, 97.6340026855, 17.3797645569,          2000, -27.243555069, -5.63527059555, -2.18315649033
        17.15,             0,             0, 1.86000001431, 97.6340026855,  17.101776123,          2000, -27.3609256744, -5.63527011871, -2.19916152954
       17.175,             0,             0, 1.87000000477, 97.6340026855, 16.8237857819,          2000, -27.4782962799, -5.63526964188, -2.21516513824
         17.2,             0,             0, 1.87999999523, 97.6340026855,  16.545791626,          2000, -27.5956668854, -5.63526916504, -2.23116779327
       17.225,             0,             0, 1.88999998569, 97.6340026855, 16.2677974701,          2000, -27.7130374908, -5.6352686882, -2.24716949463
        17.25,             0,             0, 1.89999997616, 97.6340026855, 15.9897994995,          2000, -27.8304080963, -5.63526821136, -2.26317000389
       17.275,             0,             0, 1.90999996662, 97.6340026855, 15.7117996216,          2000, -27.9477787018, -5.63526773453, -2.27916932106
         17.3,             0,             0, 1.91999995708, 97.6340026855, 15.4337968826,          2000, -28.0651493073, -5.63526725769, -2.29516768456
       17.325,             0,             0, 1.92999994755, 97.6340026855, 15.1557922363,          2000, -28.1825180054, -5.63526678085, -2.31116485596
        17.35,             0,             0, 1.94000005722, 97.6340026855,  14.877784729,          2000, -28.2998886108, -5.63526630402, -2.32716107368
       17.375,             0,             0, 1.95000004768, 97.6340026855, 14.5997753143,          2000, -28.4172592163, -5.63526582718, -2.34315609932
         17.4,             0,             0, 1.96000003815, 97.6340026855, 14.3217630386,          2000, -28.5346298218, -5.6352648735, -2.35915017128
       17.425,             0,             0, 1.97000002861, 97.6340026855, 14.0437498093,          2000, -28.6520004272, -5.63526439667, -2.37514305115
        17.45,             0,             0, 1.98000001907, 97.6340026855, 13.7657327652,          2000, -28.7693691254, -5.63526391983, -2.39113473892
       17.475,             0,             0, 1.99000000954, 97.6340026855, 13.4877147675,          2000, -28.8867397308, -5.63526344299, -2.40712547302
         17.5,             0,             0,             2, 97.6340026855, 13.2096939087,          2000, -29.0041103363, -5.63526296616, -2.42311501503
       17.525,             0,             0, 2.00999999046, 97.6340026855, 12.9316701889,          2000, -29.1214790344, -5.63526248932, -2.43910360336
        17.55,             0,             0, 2.01999998093, 97.6340026855, 12.6536455154,          2000, -29.2388496399, -5.63526201248, -2.4550909996
       17.575,             0,             0, 2.02999997139, 97.6340026855,  12.375617981,          2000, -29.3562202454, -5.63526153564, -2.47107720375
         17.6,             0,             0, 2.03999996185, 97.6340026855, 12.0975875854,          2000, -29.4735889435, -5.63526105881, -2.48706245422
       17.625,             0,             0, 2.04999995232, 97.6340026855, 11.8195562363,          2000, -29.590959549, -5.63526010513, -2.5030465126
        17.65,             0,             0, 2.05999994278, 97.6340026855, 11.5415220261,          2000, -29.7083282471, -5.6352596283, -2.51902937889
       17.675,             0,             0, 2.06999993324, 97.6340026855, 11.2634849548,          2000, -29.8256988525, -5.63525915146, -2.5350112915
         17.7,             0,             0, 2.07999992371, 97.6340026855, 10.9854469299,          2000, -29.9430675507, -5.63525867462, -2.55099201202
       17.725,             0,             0, 2.08999991417, 97.6340026855,  10.707406044,          2000, -30.0604381561, -5.63525819778, -2.56697177887
        17.75,             0,             0, 2.09999990463, 97.6340026855, 10.4293632507,          2000, -30.1778068542, -5.63525772095, -2.58295035362
       17.775,             0,             0,  2.1099998951, 97.6340026855, 10.1513185501,          2000, -30.2951774597, -5.63525676727, -2.59892773628
         17.8,             0,             0, 2.11999988556, 97.6340026855, 9.87327098846,          2000, -30.4125461578, -5.63525629044, -2.61490416527
       17.825,             0,             0, 2.13000011444, 97.6340026855, 9.59522247314,          2000, -30.529914856, -5.6352558136, -2.63087916374
        17.85,             0,             0,  2.1400001049, 97.6340103149,  9.3171710968,          2000, -30.6472854614, -5.63525533676, -2.64685344696
       17.875,             0,             0, 2.15000009537, 97.6340103149, 9.03911781311,          2000, -30.7646541595, -5.63525485992, -2.66282629967
         17.9,             0,             0, 2.16000008583, 97.6340103149, 8.76106262207,          2000, -30.8820228577, -5.63525390625, -2.6787981987
       17.925,             0,             0, 2.17000007629, 97.6340103149, 8.48300457001,          2000, -30.9993915558, -5.63525342941, -2.69476890564
        17.95,             0,             0, 2.18000006676, 97.6340103149, 8.20494556427,          2000, -31.1167621613, -5.63525295258, -2.71073842049
       17.975,             0,             0, 2.19000005722, 97.6340103149, 7.92688369751,          2000, -31.2341308594, -5.63525247574, -2.72670698166
           18,             0,             0, 2.20000004768, 97.6340103149, 7.64882040024,          2000, -31.3514995575, -5.6352519989, -2.74267435074
       18.025,             0,             0, 2.21000003815, 97.6340103149, 7.37075471878,          2000, -31.4688682556, -5.63525104523, -2.75864052773
        18.05,             0,             0, 2.22000002861, 97.6340103149, 7.09268712997,          2000, -31.5862369537, -5.63525056839, -2.77460575104
       18.075,             0,             0, 2.23000001907, 97.6340103149, 6.81461763382,          2000, -31.7036056519, -5.63525009155, -2.79056978226
         18.1,             0,             0, 2.24000000954, 97.6340103149, 6.53654623032,          2000,  -31.82097435, -5.63524961472, -2.80653262138
       18.125,             0,             0,          2.25, 97.6340103149, 6.25847291946,          2000, -31.9383430481, -5.63524866104, -2.82249426842
        18.15,             0,             0, 2.25999999046, 97.6340103149, 5.98039722443,          2000, -32.0557136536, -5.6352481842, -2.83845496178
       18.175,             0,             0, 2.26999998093, 97.6340103149, 5.70232009888,          2000, -32.1730804443, -5.63524770737, -2.85441446304
         18.2,             0,             0, 2.27999997139, 97.6340103149, 5.42424058914,          2000, -32.2904510498, -5.63524675369, -2.87037277222
       18.225,             0,             0, 2.28999996185, 97.6340103149,  5.1461596489,          2000, -32.4078178406, -5.63524627686, -2.8863298893
        18.25,             0,             0, 2.29999995232, 97.6340103149, 4.86807632446,          2000, -32.5251846313, -5.63524580002, -2.9022860527
       18.275,             0,             0, 2.30999994278, 97.6340103149, 4.58999156952,          2000, -32.6425552368, -5.63524484634, -2.91824102402
         18.3,             0,             0, 2.31999993324, 97.6340103149, 4.31190443039,          2000, -32.7599220276, -5.63524436951, -2.93419480324
       18.325,             0,             0, 2.32999992371, 97.6340103149, 4.03381586075,          2000, -32.8772926331, -5.63524389267, -2.95014739037
        18.35,             0,             0, 2.33999991417, 97.6340103149, 3.75572538376,          2000, -32.9946594238, -5.63524341583, -2.96609902382
       18.375,             0,             0, 2.34999990463, 97.6340103149, 3.47763299942,          2000, -33.1120262146, -5.63524246216, -2.98204922676
         18.4,             0,             0,  2.3599998951, 97.6340103149, 3.19953870773,          2000, -33.2293968201, -5.63524198532, -2.99799847603
       18.425,             0,             0, 2.36999988556, 97.6340103149, 2.92144274712,          2000, -33.3467636108, -5.63524103165, -3.0139465332
        18.45,             0,             0, 2.38000011444, 97.6340103149, 2.64334487915,          2000, -33.4641304016, -5.63524055481, -3.0298936367
       18.475,             0,             0,  2.3900001049, 97.6340103149, 2.36524510384,          2000, -33.5815010071, -5.63524007797, -3.04583930969
         18.5,             0,             0, 2.40000009537, 97.6340103149, 2.08714365959,          2000, -33.6988677979, -5.6352391243, -3.06178402901
       18.525,             0,             0, 2.41000008583, 97.6340103149, 1.80904054642,          2000, -33.8162345886, -5.63523864746, -3.07772755623
        18.55,             0,             0, 2.42000007629, 97.6340103149,  1.5309356451,          2000, -33.9336013794, -5.63523817062, -3.09366989136
       18.575,             0,             0, 2.43000006676, 97.6340103149, 1.25282895565,          2000, -34.0509719849, -5.63523721695, -3.10961103439
         18.6,             0,             0, 2.44000005722, 97.6340103149, 0.974720597267,          2000, -34.1683387756, -5.63523674011, -3.12555098534
       18.625,             0,             0, 2.45000004768, 97.6340103149, 0.696610510349,          2000, -34.2857055664, -5.63523578644, -3.1414899826
        18.65,             0,             0, 2.46000003815, 97.6340103149, 0.418498694897,          2000, -34.4030723572, -5.6352353096, -3.15742778778
       18.675,             0,             0, 2.47000002861, 97.6340103149, 0.140385195613,          2000, -34.5204391479, -5.63523483276, -3.17336416245
         18.7,             0,             0, 2.48000001907, 97.6340103149, -0.137729972601,          2000, -34.6378097534, -5.63523387909, -3.18929958344
       18.725,             0,             0, 2.49000000954, 97.6340103149, -0.415846824646,          2000, -34.7551765442, -5.63523340225, -3.20523381233
        18.75,             0,             0,           2.5, 97.6340103149, -0.693965315819,          2000, -34.872543335, -5.63523244858, -3.22116708755
       18.775,             0,             0, 2.50999999046, 97.6340103149, -0.972085416317,          2000, -34.9899101257, -5.63523197174, -3.23709893227
         18.8,             0,             0, 2.51999998093, 97.6340103149, -1.25020718575,          2000, -35.1072769165, -5.63523101807, -3.25302958488
       18.825,             0,             0, 2.52999997139, 97.6340103149, -1.5283305645,          2000, -35.2246437073, -5.63523054123, -3.26895928383
        18.85,             0,             0, 2.53999996185, 97.6340103149, -1.80645549297,          2000, -35.342010498, -5.63522958755, -3.28488779068
       18.875,             0,             0, 2.54999995232, 97.6340103149, -2.08458209038,          2000, -35.4593772888, -5.63522911072, -3.30081510544
         18.9,             0,             0, 2.55999994278, 97.6340103149, -2.3627102375,          2000, -35.5767440796, -5.63522815704, -3.3167412281
       18.925,             0,             0, 2.56999993324, 97.6340103149, -2.64083981514,          2000, -35.6941108704, -5.63522768021, -3.33266615868
        18.95,             0,             0, 2.57999992371, 97.6340103149, -2.91897106171,          2000, -35.8114776611, -5.63522672653, -3.34858989716
       18.975,             0,             0, 2.58999991417, 97.6340103149, -3.19710373878,          2000, -35.9288444519, -5.63522624969, -3.36451244354
           19,             0,             0, 2.59999990463, 97.6340103149, -3.47523808479,          2000, -36.0462112427, -5.63522529602, -3.38043379784
       19.025,             0,             0,  2.6099998951, 97.6340103149, -3.75337386131,          2000, -36.1635780334, -5.63522481918, -3.39635396004
        19.05,             0,             0, 2.61999988556, 97.6340103149, -4.03151130676,          2000, -36.2809448242, -5.63522386551, -3.41227316856
       19.075,             0,             0, 2.63000011444, 97.6340103149, -4.30964994431,          2000, -36.398311615, -5.63522338867, -3.42819094658
         19.1,             0,             0,  2.6400001049, 97.6340103149, -4.5877904892,          2000, -36.5156784058,  -5.635222435, -3.44410777092
       19.125,             0,             0, 2.65000009537, 97.6340103149, -4.86593198776,          2000, -36.6330451965, -5.63522195816, -3.46002316475
        19.15,             0,             0, 2.66000008583, 97.6340103149, -5.14407491684,          2000, -36.7504119873, -5.63522100449, -3.4759376049
       19.175,             0,             0, 2.67000007629, 97.6340103149, -5.42221975327,          2000, -36.8677787781, -5.63522052765, -3.49185085297
         19.2,             0,             0, 2.68000006676, 97.6340179443, -5.70036554337,          2000, -36.9851417542, -5.63521957397, -3.50776290894
       19.225,             0,             0, 2.69000005722, 97.6340179443, -5.97851324081,          2000, -37.1025085449, -5.63521909714, -3.52367353439
        19.25,             0,             0, 2.70000004768, 97.6340179443, -6.25666189194,          2000, -37.2198753357, -5.63521814346, -3.53958320618
       19.275,             0,             0, 2.71000003815, 97.6340179443, -6.53481197357,          2000, -37.3372421265, -5.63521718979, -3.55549168587
         19.3,             0,             0, 2.72000002861, 97.6340179443, -6.81296348572,          2000, -37.4546089172, -5.63521671295, -3.57139897346
       19.325,             0,             0, 2.73000001907, 97.6340179443, -7.09111642838,          2000, -37.5719718933, -5.63521575928, -3.58730506897
        19.35,             0,             0, 2.74000000954, 97.6340179443, -7.36927080154,          2000, -37.6893386841, -5.63521528244, -3.60320997238
       19.375,             0,             0,          2.75, 97.6340179443, -7.64742612839,          2000, -37.8067054749, -5.63521432877, -3.61911344528
         19.4,             0,             0, 2.75999999046, 97.6340179443, -7.92558288574,          2000, -37.9240722656, -5.63521337509, -3.63501596451
       19.425,             0,             0, 2.76999998093, 97.6340179443, -8.20374107361,          2000, -38.0414352417, -5.63521289825, -3.65091729164
        19.45,             0,             0, 2.77999997139, 97.6340179443, -8.48190116882,          2000, -38.1588020325, -5.63521194458, -3.66681742668
       19.475,             0,             0, 2.78999996185, 97.6340179443, -8.76006126404,          2000, -38.2761688232, -5.63521099091, -3.68271636963
         19.5,             0,             0, 2.79999995232, 97.6340179443, -9.0382232666,          2000, -38.3935317993, -5.63521051407, -3.69861412048
       19.525,             0,             0, 2.80999994278, 97.6340179443, -9.31638622284,          2000, -38.5108985901, -5.63520956039, -3.71451044083
        19.55,             0,             0, 2.81999993324, 97.6340179443, -9.59455108643,          2000, -38.6282615662, -5.63520860672, -3.7304058075
       19.575,             0,             0, 2.82999992371, 97.6340179443, -9.87271690369,          2000, -38.7456283569, -5.63520812988, -3.74629998207
         19.6,             0,             0, 2.83999991417, 97.6340179443, -10.1508836746,          2000, -38.8629951477, -5.63520717621, -3.76219296455
       19.625,             0,             0, 2.84999990463, 97.6340179443, -10.4290513992,          2000, -38.9803581238, -5.63520622253, -3.77808451653
        19.65,             0,             0,  2.8599998951, 97.6340179443, -10.7072210312,          2000, -39.0977249146, -5.6352057457, -3.79397511482
       19.675,             0,             0, 2.86999988556, 97.6340179443, -10.9853916168,          2000, -39.2150878906, -5.63520479202, -3.80986452103
         19.7,             0,             0, 2.88000011444, 97.6340179443, -11.2635631561,          2000, -39.3324546814, -5.63520383835, -3.82575249672
       19.725,             0,             0,  2.8900001049, 97.6340179443, -11.5417356491,          2000, -39.4498176575, -5.63520288467, -3.84163928032
        19.75,             0,             0, 2.90000009537, 97.6340179443, -11.8199090958,          2000, -39.5671806335, -5.63520240784, -3.85752511024
       19.775,             0,             0, 2.91000008583, 97.6340179443, -12.0980844498,          2000, -39.6845474243, -5.63520145416, -3.87340950966
         19.8,             0,             0, 2.92000007629, 97.6340179443, -12.3762607574,          2000, -39.8019104004, -5.63520050049, -3.88929271698
       19.825,             0,             0, 2.93000006676, 97.6340179443, -12.6544370651,          2000, -39.9192771912, -5.63519954681, -3.90517497063
        19.85,             0,             0, 2.94000005722, 97.6340179443, -12.9326152802,          2000, -40.0366401672, -5.63519906998, -3.92105579376
       19.875,             0,             0, 2.95000004768, 97.6340179443, -13.2107944489,          2000, -40.1540031433, -5.6351981163, -3.9369354248
         19.9,             0,             0, 2.96000003815, 97.6340179443, -13.4889745712,          2000, -40.2713699341, -5.63519716263, -3.95281362534
       19.925,             0,             0, 2.97000002861, 97.6340179443, -13.767156601,          2000, -40.3887329102, -5.63519620895, -3.96869087219
        19.95,             0,             0, 2.98000001907, 97.6340179443, -14.0453386307,          2000, -40.5060958862, -5.63519525528, -3.98456692696
       19.975,             0,             0, 2.99000000954, 97.6340179443, -14.3235216141,          2000, -40.623462677, -5.63519477844, -4.00044155121
           20,             0,             0,             3, 97.6340179443, -14.6017065048,          2000, -40.7408256531, -5.63519382477, -4.01631498337
       20.025,             0,             0, 3.00999999046, 97.6340179443, -14.8798913956,          2000, -40.8581886292, -5.63519287109, -4.03218746185
        20.05,             0,             0, 3.01999998093, 97.6340179443,  -15.15807724,          2000, -40.9755516052, -5.63519191742, -4.04805850983
       20.075,             0,             0, 3.02999997139, 97.6340179443, -15.4362649918,          2000, -41.092918396, -5.63519096375, -4.06392860413
         20.1,             0,             0, 3.03999996185, 97.6340179443, -15.7144527435,          2000, -41.2102813721, -5.63519048691, -4.07979726791
       20.125,             0,             0, 3.04999995232, 97.6340179443, -15.992641449,          2000, -41.3276443481, -5.63518953323, -4.09566450119
        20.15,             0,             0, 3.05999994278, 97.6340179443, -16.2708320618,          2000, -41.4450073242, -5.63518857956, -4.11153078079
       20.175,             0,             0, 3.06999993324, 97.6340179443, -16.5490226746,          2000, -41.5623703003, -5.63518762589, -4.12739562988
         20.2,             0,             0, 3.07999992371, 97.6340179443, -16.8272132874,          2000, -41.6797332764, -5.63518667221, -4.1432595253
       20.225,             0,             0, 3.08999991417, 97.6340179443, -17.1054058075,          2000, -41.7970962524, -5.63518571854, -4.1591219902
        20.25,             0,             0, 3.09999990463, 97.6340179443, -17.383600235,          2000, -41.9144592285, -5.63518476486, -4.1749830246
       20.275,             0,             0,  3.1099998951, 97.6340255737, -17.6617946625,          2000, -42.0318260193, -5.63518381119, -4.19084310532
         20.3,             0,             0, 3.11999988556, 97.6340255737,  -17.93998909,          2000, -42.1491889954, -5.63518285751, -4.20670223236
       20.325,             0,             0, 3.13000011444, 97.6340255737, -18.2181854248,          2000, -42.2665519714, -5.63518238068, -4.22255945206
        20.35,             0,             0,  3.1400001049, 97.6340255737, -18.4963817596,          2000, -42.3839149475,  -5.635181427, -4.23841619492
       20.375,             0,             0, 3.15000009537, 97.6340255737, -18.7745780945,          2000, -42.5012741089, -5.63518047333, -4.25427103043
         20.4,             0,             0, 3.16000008583, 97.6340255737, -19.0527763367,          2000, -42.618637085, -5.63517951965, -4.27012491226
       20.425,             0,             0, 3.17000007629, 97.6340255737, -19.3309764862,          2000, -42.736000061, -5.63517856598, -4.28597784042
        20.45,             0,             0, 3.18000006676, 97.6340255737, -19.6091747284,          2000, -42.8533630371, -5.6351776123, -4.30182886124
       20.475,             0,             0, 3.19000005722, 97.6340255737, -19.8873748779,          2000, -42.9707260132, -5.63517665863, -4.31767940521
         20.5,             0,             0, 3.20000004768, 97.6340255737, -20.1655769348,          2000, -43.0880889893, -5.63517570496, -4.33352804184
       20.525,             0,             0, 3.21000003815, 97.6340255737, -20.4437789917,          2000, -43.2054519653, -5.63517475128, -4.34937572479
        20.55,             0,             0, 3.22000002861, 97.6340255737, -20.7219810486,          2000, -43.3228149414, -5.63517379761, -4.36522245407
       20.575,             0,             0, 3.23000001907, 97.6340255737, -21.0001831055,          2000, -43.4401741028, -5.63517284393,  -4.381067276
         20.6,             0,             0, 3.24000000954, 97.6340255737, -21.2783870697,          2000, -43.5575370789, -5.63517189026, -4.39691162109
       20.625,             0,             0,          3.25, 97.6340255737, -21.5565910339,          2000, -43.6749000549, -5.63517093658, -4.41275405884
        20.65,             0,             0, 3.25999999046, 97.6340255737, -21.8347969055,          2000, -43.792263031, -5.63516998291, -4.42859554291
       20.675,             0,             0, 3.26999998093, 97.6340255737, -22.1130027771,          2000, -43.9096221924, -5.63516902924, -4.44443559647
         20.7,             0,             0, 3.27999997139, 97.6340255737, -22.3912086487,          2000, -44.0269851685, -5.63516807556, -4.46027469635
       20.725,             0,             0, 3.28999996185, 97.6340255737, -22.6694145203,          2000, -44.1443481445, -5.63516712189, -4.47611236572
        20.75,             0,             0, 3.29999995232, 97.6340255737, -22.9476222992,          2000, -44.2617073059, -5.63516616821, -4.49194908142
       20.775,             0,             0, 3.30999994278, 97.6340255737, -23.2258300781,          2000, -44.379070282, -5.63516521454, -4.50778388977
         20.8,             0,             0, 3.31999993324, 97.6340255737, -23.5040378571,          2000, -44.4964332581, -5.63516378403, -4.52361822128
       20.825,             0,             0, 3.32999992371, 97.6340255737, -23.782245636,          2000, -44.6137924194, -5.63516283035, -4.53945064545
        20.85,             0,             0, 3.33999991417, 97.6340255737, -24.0604553223,          2000, -44.7311553955, -5.63516187668, -4.55528211594
       20.875,             0,             0, 3.34999990463, 97.6340255737, -24.3386650085,          2000, -44.8485145569,  -5.635160923, -4.57111215591
         20.9,             0,             0,  3.3599998951, 97.6340255737, -24.6168766022,          2000, -44.965877533, -5.63515996933, -4.58694124222
       20.925,             0,             0, 3.36999988556, 97.6340255737, -24.8950862885,          2000, -45.0832366943, -5.63515901566, -4.60276889801
        20.95,             0,             0, 3.38000011444, 97.6340255737, -25.1732978821,          2000, -45.2005996704, -5.63515806198, -4.61859512329
       20.975,             0,             0,  3.3900001049, 97.6340255737, -25.4515094757,          2000, -45.3179588318, -5.63515710831, -4.6344203949
           21,             0,             0, 3.40000009537, 97.6340255737, -25.7297210693,          2000, -45.4353218079, -5.63515615463, -4.65024423599
       21.025,             0,             0, 3.41000008583, 97.6340255737, -26.007932663,          2000, -45.5526809692, -5.63515472412, -4.66606712341
        21.05,             0,             0, 3.42000007629, 97.6340255737, -26.2861461639,          2000, -45.6700401306, -5.63515377045, -4.68188810349
       21.075,             0,             0, 3.43000006676, 97.6340255737, -26.5643596649,          2000, -45.7874031067, -5.63515281677, -4.69770860672
         21.1,             0,             0, 3.44000005722, 97.6340255737, -26.8425731659,          2000, -45.9047622681, -5.6351518631, -4.71352720261
       21.125,             0,             0, 3.45000004768, 97.6340255737, -27.1207866669,          2000, -46.0221214294, -5.63515090942, -4.72934484482
        21.15,             0,             0, 3.46000003815, 97.6340255737, -27.3990001678,          2000, -46.1394844055, -5.63514995575, -4.74516105652
       21.175,             0,             0, 3.47000002861, 97.6340332031, -27.6772136688,          2000, -46.2568435669, -5.63514852524, -4.76097631454
         21.2,             0,             0, 3.48000001907, 97.6340332031, -27.9554290771,          2000, -46.3742027283, -5.63514757156, -4.77678966522
       21.225,             0,             0, 3.49000000954, 97.6340332031, -28.2336444855,          2000, -46.4915618896, -5.63514661789, -4.79260253906
        21.25,             0,             0,           3.5, 97.6340332031, -28.5118598938,          2000, -46.6089248657, -5.63514566422, -4.80841350555
       21.275,             0,             0, 3.50999999046, 97.6340332031, -28.7900753021,          2000, -46.7262840271, -5.6351442337, -4.82422351837
         21.3,             0,             0, 3.51999998093, 97.6340332031, -29.0682907104,          2000, -46.8436431885, -5.63514328003, -4.84003210068
       21.325,             0,             0, 3.52999997139, 97.6340332031, -29.3465061188,          2000, -46.9610023499, -5.63514232635, -4.85583972931
        21.35,             0,             0, 3.53999996185, 97.6340332031, -29.6247215271,          2000, -47.0783615112, -5.63514137268, -4.87164592743
       21.375,             0,             0, 3.54999995232, 97.6340332031, -29.9029388428,          2000, -47.1957206726, -5.63513994217, -4.88745069504
         21.4,             0,             0, 3.55999994278, 97.6340332031, -30.1811542511,          2000, -47.313079834, -5.63513898849, -4.90325403214
       21.425,             0,             0, 3.56999993324, 97.6340332031, -30.4593715668,          2000, -47.4304389954, -5.63513803482, -4.91905641556
        21.45,             0,             0, 3.57999992371, 97.6340332031, -30.7375869751,          2000, -47.5477981567, -5.63513660431, -4.93485736847
       21.475,             0,             0, 3.58999991417, 97.6340332031, -31.0158042908,          2000, -47.6651573181, -5.63513565063, -4.95065736771
         21.5,             0,             0, 3.59999990463, 97.6340332031, -31.2940216064,          2000, -47.7825164795, -5.63513469696, -4.96645545959
       21.525,             0,             0,  3.6099998951, 97.6340332031, -31.5722389221,          2000, -47.8998756409, -5.63513326645, -4.98225259781
        21.55,             0,             0, 3.61999988556, 97.6340332031, -31.8504543304,          2000, -48.0172348022, -5.63513231277, -4.99804878235
       21.575,             0,             0, 3.63000011444, 97.6340332031, -32.1286735535,          2000, -48.1345939636, -5.6351313591, -5.01384353638
         21.6,             0,             0,  3.6400001049, 97.6340332031, -32.4068908691,          2000, -48.251953125, -5.63512992859, -5.02963685989
       21.625,             0,             0, 3.65000009537, 97.6340332031, -32.6851081848,          2000, -48.3693122864, -5.63512897491, -5.0454287529
        21.65,             0,             0, 3.66000008583, 97.6340332031, -32.9633255005,          2000, -48.4866714478, -5.63512802124, -5.06121921539
       21.675,             0,             0, 3.67000007629, 97.6340332031, -33.2415390015,          2000, -48.6040267944, -5.63512659073, -5.07700872421
         21.7,             0,             0, 3.68000006676, 97.6340332031, -33.5197563171,          2000, -48.7213859558, -5.63512563705, -5.09279727936
       21.725,             0,             0, 3.69000005722, 97.6340332031, -33.7979736328,          2000, -48.8387451172, -5.63512420654, -5.10858392715
        21.75,             0,             0, 3.70000004768, 97.6340332031, -34.0761909485,          2000, -48.9561042786, -5.63512325287, -5.12436962128
       21.775,             0,             0, 3.71000003815, 97.6340332031, -34.3544082642,          2000, -49.0734596252, -5.63512229919, -5.14015388489
         21.8,             0,             0, 3.72000002861, 97.6340332031, -34.6326255798,          2000, -49.1908187866, -5.63512086868, -5.15593671799
       21.825,             0,             0, 3.73000001907, 97.6340332031, -34.9108428955,          2000, -49.3081741333, -5.63511991501, -5.17171859741
        21.85,             0,             0, 3.74000000954, 97.6340332031, -35.1890602112,          2000, -49.4255332947, -5.6351184845, -5.18749904633
       21.875,             0,             0,          3.75, 97.6340332031, -35.4672775269,          2000, -49.5428924561, -5.63511753082, -5.20327806473
         21.9,             0,             0, 3.75999999046, 97.6340332031, -35.7454910278,          2000, -49.6602478027, -5.63511610031, -5.21905612946
       21.925,             0,             0, 3.76999998093, 97.6340332031, -36.0237083435,          2000, -49.7776069641, -5.63511514664, -5.23483276367
        21.95,             0,             0, 3.77999997139, 97.6340408325, -36.3019256592,          2000, -49.8949623108, -5.63511371613, -5.25060796738
       21.975,             0,             0, 3.78999996185, 97.6340408325, -36.5801391602,          2000, -50.0123214722, -5.63511276245, -5.26638174057
           22,             0,             0, 3.79999995232, 97.6340408325, -36.8583564758,          2000, -50.1296768188, -5.63511133194, -5.28215456009
       22.025,             0,             0, 3.80999994278, 97.6340408325, -37.1365699768,          2000, -50.2470359802, -5.63511037827, -5.2979259491
        22.05,             0,             0, 3.81999993324, 97.6340408325, -37.4147872925,          2000, -50.3643913269, -5.63510894775, -5.31369590759
       22.075,             0,             0, 3.82999992371, 97.6340408325, -37.6930007935,          2000, -50.4817466736, -5.63510799408, -5.32946491241
         22.1,             0,             0, 3.83999991417, 97.6340408325, -37.9712142944,          2000, -50.599105835, -5.63510656357, -5.34523200989
       22.125,             0,             0, 3.84999990463, 97.6340408325, -38.2494316101,          2000, -50.7164611816, -5.63510560989, -5.36099863052
        22.15,             0,             0,  3.8599998951, 97.6340408325, -38.5276451111,          2000, -50.8338165283, -5.63510417938, -5.37676334381
       22.175,             0,             0, 3.86999988556, 97.6340408325, -38.8058586121,          2000, -50.9511756897, -5.63510322571, -5.39252662659
         22.2,             0,             0, 3.88000011444, 97.6340408325, -39.084072113,          2000, -51.0685310364, -5.6351017952, -5.40828895569
       22.225,             0,             0,  3.8900001049, 97.6340408325, -39.362285614,          2000, -51.1858863831, -5.63510036469, -5.42404985428
        22.25,             0,             0, 3.90000009537, 97.6340408325, -39.6404953003,          2000, -51.3032417297, -5.63509941101, -5.43980979919
       22.275,             0,             0, 3.91000008583, 97.6340408325, -39.9187088013,          2000, -51.4205970764, -5.6350979805, -5.45556783676
         22.3,             0,             0, 3.92000007629, 97.6340408325, -40.1969223022,          2000, -51.5379562378, -5.63509654999, -5.47132492065
       22.325,             0,             0, 3.93000006676, 97.6340408325, -40.4751319885,          2000, -51.6553115845, -5.63509559631, -5.48708105087
        22.35,             0,             0, 3.94000005722, 97.6340408325, -40.7533454895,          2000, -51.7726669312, -5.6350941658, -5.50283527374
       22.375,             0,             0, 3.95000004768, 97.6340408325, -41.0315551758,          2000, -51.8900222778, -5.63509321213, -5.51858854294
         22.4,             0,             0, 3.96000003815, 97.6340408325, -41.3097648621,          2000, -52.0073776245, -5.63509178162, -5.53434038162
       22.425,             0,             0, 3.97000002861, 97.6340408325, -41.5879745483,          2000, -52.1247329712, -5.6350903511, -5.55009078979
        22.45,             0,             0, 3.98000001907, 97.6340408325, -41.8661842346,          2000, -52.2420883179, -5.63508892059, -5.56583976746
       22.475,             0,             0, 3.99000000954, 97.6340408325, -42.1443939209,          2000, -52.3594436646, -5.63508796692, -5.58158779144
         22.5,             0,             0,             4, 97.6340408325, -42.4226036072,          2000, -52.4767990112, -5.63508653641, -5.59733438492
       22.525,             0,             0, 4.01000022888, 97.6340408325, -42.7008094788,          2000, -52.5941505432, -5.6350851059, -5.61307954788
        22.55,             0,             0, 4.01999998093, 97.6340408325, -42.979019165,          2000, -52.7115058899, -5.63508415222, -5.62882328033
       22.575,             0,             0, 4.03000020981, 97.6340408325, -43.2572250366,          2000, -52.8288612366, -5.63508272171, -5.64456605911
         22.6,             0,             0, 4.03999996185, 97.6340408325, -43.5354309082,          2000, -52.9462165833, -5.6350812912, -5.66030740738
       22.625,             0,             0, 4.05000019073, 97.6340408325, -43.8136405945,          2000, -53.0635719299, -5.63507986069, -5.67604732513
        22.65,             0,             0, 4.05999994278, 97.6340484619, -44.0918426514,          2000, -53.1809234619, -5.63507890701, -5.69178581238
       22.675,             0,             0, 4.07000017166, 97.6340484619, -44.3700485229,          2000, -53.2982788086, -5.6350774765, -5.70752334595
         22.7,             0,             0, 4.07999992371, 97.6340484619, -44.6482543945,          2000, -53.4156341553, -5.63507604599, -5.72325944901
       22.725,             0,             0, 4.09000015259, 97.6340484619, -44.9264564514,          2000, -53.5329856873, -5.63507461548, -5.73899412155
        22.75,             0,             0, 4.09999990463, 97.6340484619, -45.204662323,          2000, -53.6503410339, -5.63507318497, -5.75472736359
       22.775,             0,             0, 4.11000013351, 97.6340484619, -45.4828643799,          2000, -53.7676963806, -5.63507223129, -5.77045965195
         22.8,             0,             0, 4.11999988556, 97.6340484619, -45.7610664368,          2000, -53.8850479126, -5.63507080078, -5.7861905098
       22.825,             0,             0, 4.13000011444, 97.6340484619, -46.0392684937,          2000, -54.0024032593, -5.63506937027, -5.80191993713
        22.85,             0,             0, 4.13999986649, 97.6340484619, -46.3174667358,          2000, -54.1197547913, -5.63506793976, -5.81764793396
       22.875,             0,             0, 4.15000009537, 97.6340484619, -46.5956687927,          2000, -54.2371101379, -5.63506650925, -5.83337450027
         22.9,             0,             0, 4.15999984741, 97.6340484619, -46.8738670349,          2000, -54.3544616699, -5.63506507874, -5.84910011292
       22.925,             0,             0, 4.17000007629, 97.6340484619, -47.1520652771,          2000, -54.4718132019, -5.63506412506, -5.86482429504
        22.95,             0,             0, 4.17999982834, 97.6340484619, -47.4302635193,          2000, -54.5891685486, -5.63506269455, -5.88054704666
       22.975,             0,             0, 4.19000005722, 97.6340484619, -47.7084617615,          2000, -54.7065200806, -5.63506126404, -5.89626836777
           23,             0,             0, 4.19999980927, 97.6340484619, -47.9866600037,          2000, -54.8238754272, -5.63505983353, -5.9119887352
       23.025,             0,             0, 4.21000003815, 97.6340484619, -48.2648544312,          2000, -54.9412269592, -5.63505840302, -5.92770767212
        23.05,             0,             0, 4.21999979019, 97.6340484619, -48.5430488586,          2000, -55.0585784912, -5.6350569725, -5.94342517853
       23.075,             0,             0, 4.23000001907, 97.6340484619, -48.8212432861,          2000, -55.1759300232, -5.63505554199, -5.95914125443
         23.1,             0,             0, 4.23999977112, 97.6340484619, -49.0994377136,          2000, -55.2932815552, -5.63505411148, -5.97485589981
       23.125,             0,             0,          4.25, 97.6340484619, -49.3776321411,          2000, -55.4106369019, -5.63505268097, -5.99056959152
        23.15,             0,             0, 4.26000022888, 97.6340484619, -49.6558227539,          2000, -55.5279884338, -5.63505125046, -6.00628185272
       23.175,             0,             0, 4.26999998093, 97.6340484619, -49.9340133667,          2000, -55.6453399658, -5.63504981995, -6.02199268341
         23.2,             0,             0, 4.28000020981, 97.6340484619, -50.2122039795,          2000, -55.7626914978, -5.63504838943, -6.03770208359
       23.225,             0,             0, 4.28999996185, 97.6340484619, -50.4903945923,          2000, -55.8800430298, -5.63504695892, -6.05341053009
        23.25,             0,             0, 4.30000019073, 97.6340484619, -50.7685852051,          2000, -55.9973945618, -5.63504552841, -6.06911706924
       23.275,             0,             0, 4.30999994278, 97.6340484619, -51.0467720032,          2000, -56.1147460938, -5.6350440979, -6.08482265472
         23.3,             0,             0, 4.32000017166, 97.6340560913, -51.3249588013,          2000, -56.2320976257, -5.63504266739, -6.10052680969
       23.325,             0,             0, 4.32999992371, 97.6340560913, -51.6031455994,          2000, -56.3494491577, -5.63504123688, -6.11623001099
        23.35,             0,             0, 4.34000015259, 97.6340560913, -51.8813323975,          2000, -56.4668006897, -5.63503980637, -6.13193130493
       23.375,             0,             0, 4.34999990463, 97.6340560913, -52.1595153809,          2000, -56.584148407, -5.63503837585, -6.1476316452
         23.4,             0,             0, 4.36000013351, 97.6340560913, -52.437702179,          2000, -56.701499939, -5.63503694534, -6.16333055496
       23.425,             0,             0, 4.36999988556, 97.6340560913, -52.7158813477,          2000, -56.8188514709, -5.63503551483, -6.17902803421
        23.45,             0,             0, 4.38000011444, 97.6340560913, -52.9940643311,          2000, -56.9362030029, -5.63503408432, -6.19472408295
       23.475,             0,             0, 4.38999986649, 97.6340560913, -53.2722473145,          2000, -57.0535545349, -5.63503217697, -6.21041917801
         23.5,             0,             0, 4.40000009537, 97.6340560913, -53.5504264832,          2000, -57.1709022522, -5.63503074646, -6.22611236572
       23.525,             0,             0, 4.40999984741, 97.6340560913, -53.8286056519,          2000, -57.2882537842, -5.63502931595, -6.24180459976
        23.55,             0,             0, 4.42000007629, 97.6340560913, -54.1067848206,          2000, -57.4056015015, -5.63502788544, -6.25749540329
       23.575,             0,             0, 4.42999982834, 97.6340560913, -54.3849601746,          2000, -57.5229530334, -5.63502645493, -6.27318525314
         23.6,             0,             0, 4.44000005722, 97.6340560913, -54.6631355286,          2000, -57.6403045654, -5.63502502441, -6.28887319565
       23.625,             0,             0, 4.44999980927, 97.6340560913, -54.9413108826,          2000, -57.7576522827, -5.63502311707, -6.30456018448
        23.65,             0,             0, 4.46000003815, 97.6340560913, -55.2194862366,          2000, -57.8750038147, -5.63502168655, -6.3202457428
       23.675,             0,             0, 4.46999979019, 97.6340560913, -55.4976577759,          2000, -57.992351532, -5.63502025604, -6.33592987061
         23.7,             0,             0, 4.48000001907, 97.6340560913, -55.7758293152,          2000, -58.1096992493, -5.63501882553, -6.3516125679
       23.725,             0,             0, 4.48999977112, 97.6340560913, -56.0540008545,          2000, -58.2270507812, -5.63501739502, -6.36729383469
        23.75,             0,             0,           4.5, 97.6340560913, -56.3321723938,          2000, -58.3443984985, -5.63501548767, -6.3829741478
       23.775,             0,             0, 4.51000022888, 97.6340560913, -56.6103401184,          2000, -58.4617462158, -5.63501405716, -6.3986530304
         23.8,             0,             0, 4.51999998093, 97.6340560913, -56.888507843,          2000, -58.5790977478, -5.63501262665, -6.41433000565
       23.825,             0,             0, 4.53000020981, 97.6340560913, -57.1666755676,          2000, -58.6964454651, -5.63501119614, -6.43000650406
        23.85,             0,             0, 4.53999996185, 97.6340560913, -57.4448394775,          2000, -58.8137931824, -5.63500928879, -6.44568109512
       23.875,             0,             0, 4.55000019073, 97.6340637207, -57.7230033875,          2000, -58.9311408997, -5.63500785828, -6.46135425568
         23.9,             0,             0, 4.55999994278, 97.6340637207, -58.0011672974,          2000, -59.0484886169, -5.63500642776, -6.47702646255
       23.925,             0,             0, 4.57000017166, 97.6340637207, -58.2793312073,          2000, -59.1658401489, -5.63500452042, -6.49269723892
        23.95,             0,             0, 4.57999992371, 97.6340637207, -58.5574913025,          2000, -59.2831878662, -5.6350030899, -6.50836658478
       23.975,             0,             0, 4.59000015259, 97.6340637207, -58.8356513977,          2000, -59.4005355835, -5.63500165939, -6.52403450012
           24,             0,             0, 4.59999990463, 97.6340637207, -59.1138114929,          2000, -59.5178833008, -5.63499975204, -6.53970098495
       24.025,             0,             0, 4.61000013351, 97.6340637207, -59.3919677734,          2000, -59.6352310181, -5.63499832153, -6.55536651611
        24.05,             0,             0, 4.61999988556, 97.6340637207, -59.670124054,          2000, -59.7525749207, -5.63499689102, -6.57103061676
       24.075,             0,             0, 4.63000011444, 97.6340637207, -59.9482803345,          2000, -59.8699226379, -5.63499498367, -6.5866932869
         24.1,             0,             0, 4.63999986649, 97.6340637207, -60.2264328003,          2000, -59.9872703552, -5.63499355316, -6.60235452652
       24.125,             0,             0, 4.65000009537, 97.6340637207, -60.5045852661,          2000, -60.1046180725, -5.63499164581, -6.61801433563
        24.15,             0,             0, 4.65999984741, 97.6340637207, -60.7827377319,          2000, -60.2219657898, -5.6349902153, -6.63367271423
       24.175,             0,             0, 4.67000007629, 97.6340637207, -61.0608863831,          2000, -60.3393096924, -5.63498830795, -6.64933013916
         24.2,             0,             0, 4.67999982834, 97.6340637207, -61.3390350342,          2000, -60.4566574097, -5.63498687744, -6.66498613358
       24.225,             0,             0, 4.69000005722, 97.6340637207, -61.6171836853,          2000, -60.574005127, -5.63498544693, -6.68064069748
        24.25,             0,             0, 4.69999980927, 97.6340637207, -61.8953285217,          2000, -60.6913490295, -5.63498353958, -6.69629383087
       24.275,             0,             0, 4.71000003815, 97.6340637207, -62.1734733582,          2000, -60.8086967468, -5.63498210907, -6.71194553375
         24.3,             0,             0, 4.71999979019, 97.6340637207, -62.4516181946,          2000, -60.9260444641, -5.63498020172, -6.72759580612
       24.325,             0,             0, 4.73000001907, 97.6340637207, -62.729763031,          2000, -61.0433883667, -5.63497877121, -6.74324512482
        24.35,             0,             0, 4.73999977112, 97.6340637207, -63.0079040527,          2000, -61.160736084, -5.63497686386,  -6.758893013
       24.375,             0,             0,          4.75, 97.6340637207, -63.2860412598,          2000, -61.2780799866, -5.63497543335, -6.77453899384
         24.4,             0,             0, 4.76000022888, 97.6340637207, -63.5641784668,          2000, -61.3954238892,  -5.634973526, -6.79018449783
       24.425,             0,             0, 4.76999998093, 97.6340713501, -63.8423156738,          2000, -61.5127716064, -5.63497161865, -6.80582809448
        24.45,             0,             0, 4.78000020981, 97.6340713501, -64.1204528809,          2000, -61.630115509, -5.63497018814, -6.82147026062
       24.475,             0,             0, 4.78999996185, 97.6340713501, -64.3985900879,          2000, -61.7474594116, -5.63496828079, -6.83711147308
         24.5,             0,             0, 4.80000019073, 97.6340713501, -64.6767196655,          2000, -61.8648071289, -5.63496685028, -6.8527507782
       24.525,             0,             0, 4.80999994278, 97.6340713501, -64.9548492432,          2000, -61.9821510315, -5.63496494293, -6.86838912964
        24.55,             0,             0, 4.82000017166, 97.6340713501, -65.2329788208,          2000, -62.0994949341, -5.63496303558, -6.88402605057
       24.575,             0,             0, 4.82999992371, 97.6340713501, -65.5111083984,          2000, -62.2168388367, -5.63496160507, -6.89966154099
         24.6,             0,             0, 4.84000015259, 97.6340713501, -65.7892379761,          2000, -62.3341827393, -5.63495969772, -6.91529607773
       24.625,             0,             0, 4.84999990463, 97.6340713501, -66.0673599243,          2000, -62.4515266418, -5.63495779037, -6.93092870712
        24.65,             0,             0, 4.86000013351, 97.6340713501, -66.345489502,          2000, -62.5688705444, -5.63495635986, -6.94656038284
       24.675,             0,             0, 4.86999988556, 97.6340713501, -66.6236114502,          2000, -62.686214447, -5.63495445251, -6.96219062805
         24.7,             0,             0, 4.88000011444, 97.6340713501, -66.9017333984,          2000, -62.8035583496, -5.63495254517, -6.97781944275
       24.725,             0,             0, 4.88999986649, 97.6340713501, -67.1798477173,          2000, -62.9209022522, -5.63495111465, -6.99344682693
        24.75,             0,             0, 4.90000009537, 97.6340713501, -67.4579696655,          2000, -63.0382461548, -5.63494920731, -7.00907278061
       24.775,             0,             0, 4.90999984741, 97.6340713501, -67.7360839844,          2000, -63.1555900574, -5.63494729996, -7.02469778061
         24.8,             0,             0, 4.92000007629, 97.6340713501, -68.0141983032,          2000,  -63.27293396, -5.63494586945, -7.04032087326
       24.825,             0,             0, 4.92999982834, 97.6340713501, -68.2923126221,          2000, -63.3902740479, -5.6349439621, -7.05594301224
        24.85,             0,             0, 4.94000005722, 97.6340713501, -68.5704269409,          2000, -63.5076179504, -5.63494205475, -7.0715637207
       24.875,             0,             0, 4.94999980927, 97.6340713501, -68.8485412598,          2000, -63.624961853, -5.6349401474, -7.08718299866
         24.9,             0,             0, 4.96000003815, 97.6340713501, -69.1266479492,          2000, -63.7423019409, -5.63493824005, -7.1028008461
       24.925,             0,             0, 4.96999979019, 97.6340789795, -69.4047546387,          2000, -63.8596458435, -5.63493680954, -7.11841726303
        24.95,             0,             0, 4.98000001907, 97.6340789795, -69.6828613281,          2000, -63.9769859314, -5.63493490219, -7.13403272629
       24.975,             0,             0, 4.98999977112, 97.6340789795, -69.9609680176,          2000, -64.094329834, -5.63493299484, -7.1496462822
           25,             0,             0,             5, 97.6340789795, -70.2390670776,          2000, -64.2116699219, -5.63493108749, -7.16525888443
