Time,Kappa_L1,Alpha_L1,Gamma_L1,Fx_L1,Fy_L1,Fz_L1,Mx_L1,My_L1,Mz_L1
            0,             0,             0,            -5, 19.4942188263, 376.179260254,          4000, 105.235481262, -10.515173912, 16.0676574707
        0.025,             0,             0, -4.98999977112, 19.4941730499,  375.56539917,          4000, 105.002937317, -10.5151767731, 16.0361804962
         0.05,             0,             0, -4.98000001907, 19.4941272736, 374.951538086,          4000, 104.770393372, -10.5151805878, 16.0047016144
        0.075,             0,             0, -4.96999979019, 19.4940814972, 374.337677002,          4000, 104.537849426, -10.5151844025, 15.9732189178
          0.1,             0,             0, -4.96000003815, 19.4940376282, 373.723815918,          4000, 104.305305481, -10.5151872635, 15.9417352676
        0.125,             0,             0, -4.94999980927, 19.4939918518, 373.109954834,          4000, 104.072753906, -10.5151910782, 15.9102497101
         0.15,             0,             0, -4.94000005722, 19.4939479828,  372.49609375,          4000, 103.840209961, -10.5151948929, 15.8787622452
        0.175,             0,             0, -4.92999982834, 19.4939041138, 371.882232666,          4000, 103.607666016, -10.5151977539, 15.8472728729
          0.2,             0,             0, -4.92000007629, 19.4938583374, 371.268371582,          4000, 103.375114441, -10.5152015686, 15.8157815933
        0.225,             0,             0, -4.90999984741, 19.4938144684, 370.654510498,          4000, 103.142570496, -10.5152053833, 15.7842874527
         0.25,             0,             0, -4.90000009537, 19.4937705994, 370.040649414,          4000,  102.91002655, -10.5152082443, 15.7527914047
        0.275,             0,             0, -4.88999986649, 19.4937267303,  369.42678833,          4000, 102.677474976, -10.515212059, 15.7212944031
          0.3,             0,             0, -4.88000011444, 19.4936828613, 368.812927246,          4000,  102.44493103,  -10.51521492, 15.6897945404
        0.325,             0,             0, -4.86999988556, 19.4936389923, 368.199035645,          4000, 102.212379456, -10.5152187347, 15.6582927704
         0.35,             0,             0, -4.86000013351, 19.4935970306, 367.585174561,          4000,  101.97983551, -10.5152215958,  15.626789093
        0.375,             0,             0, -4.84999990463, 19.4935531616, 366.971313477,          4000, 101.747283936, -10.5152254105, 15.5952825546
          0.4,             0,             0, -4.84000015259, 19.4935092926, 366.357452393,          4000,  101.51473999, -10.5152292252, 15.5637750626
        0.425,             0,             0, -4.82999992371, 19.4934673309, 365.743560791,          4000, 101.282188416, -10.5152320862, 15.5322656631
         0.45,             0,             0, -4.82000017166, 19.4934234619, 365.129699707,          4000, 101.049636841, -10.5152359009, 15.5007543564
        0.475,             0,             0, -4.80999994278, 19.4933815002, 364.515838623,          4000, 100.817085266, -10.5152387619, 15.4692401886
          0.5,             0,             0, -4.80000019073, 19.4933376312, 363.901947021,          4000, 100.584541321, -10.5152425766, 15.4377250671
        0.525,             0,             0, -4.78999996185, 19.4932956696, 363.288085938,          4000, 100.351989746, -10.5152454376, 15.4062070847
         0.55,             0,             0, -4.78000020981, 19.4932537079, 362.674224854,          4000, 100.119438171, -10.5152492523, 15.3746881485
        0.575,             0,             0, -4.76999998093, 19.4932117462, 362.060333252,          4000, 99.8868865967, -10.5152521133, 15.3431663513
          0.6,             0,             0, -4.76000022888, 19.4931697845, 361.446472168,          4000,  99.654335022, -10.5152549744, 15.3116426468
        0.625,             0,             0,         -4.75, 19.4931278229, 360.832580566,          4000, 99.4217834473, -10.5152587891, 15.2801179886
         0.65,             0,             0, -4.73999977112, 19.4930858612, 360.218719482,          4000, 99.1892318726, -10.5152616501, 15.2485904694
        0.675,             0,             0, -4.73000001907, 19.4930438995, 359.604827881,          4000, 98.9566802979, -10.5152654648, 15.2170610428
          0.7,             0,             0, -4.71999979019, 19.4930019379, 358.990966797,          4000, 98.7241287231, -10.5152683258, 15.1855297089
        0.725,             0,             0, -4.71000003815, 19.4929618835, 358.377075195,          4000, 98.4915771484, -10.5152711868, 15.1539974213
         0.75,             0,             0, -4.69999980927, 19.4929199219, 357.763214111,          4000, 98.2590255737, -10.5152750015, 15.1224622726
        0.775,             0,             0, -4.69000005722, 19.4928798676,  357.14932251,          4000,  98.026473999, -10.5152778625, 15.0909252167
          0.8,             0,             0, -4.67999982834, 19.4928379059, 356.535430908,          4000, 97.7939224243, -10.5152816772,  15.059387207
        0.825,             0,             0, -4.67000007629, 19.4927978516, 355.921539307,          4000, 97.5613632202, -10.5152845383, 15.0278463364
         0.85,             0,             0, -4.65999984741, 19.4927577972, 355.307678223,          4000, 97.3288116455, -10.5152873993, 14.9963035583
        0.875,             0,             0, -4.65000009537, 19.4927158356, 354.693786621,          4000, 97.0962600708, -10.5152902603, 14.9647598267
          0.9,             0,             0, -4.63999986649, 19.4926757812,  354.07989502,          4000, 96.8637008667, -10.515294075, 14.9332132339
        0.925,             0,             0, -4.63000011444, 19.4926357269, 353.466003418,          4000,  96.631149292, -10.515296936, 14.9016656876
         0.95,             0,             0, -4.61999988556, 19.4925956726, 352.852111816,          4000, 96.3985977173, -10.5152997971, 14.8701152802
        0.975,             0,             0, -4.61000013351, 19.4925556183, 352.238250732,          4000, 96.1660385132, -10.5153036118, 14.8385639191
            1,             0,             0, -4.59999990463,  19.492515564, 351.624359131,          4000, 95.9334869385, -10.5153064728,  14.807009697
        1.025,             0,             0, -4.59000015259, 19.4924755096, 351.010467529,          4000, 95.7009277344, -10.5153093338, 14.7754545212
         1.05,             0,             0, -4.57999992371, 19.4924373627, 350.396575928,          4000, 95.4683761597, -10.5153121948,  14.743897438
        1.075,             0,             0, -4.57000017166, 19.4923973083, 349.782684326,          4000, 95.2358169556, -10.5153160095, 14.7123384476
          1.1,             0,             0, -4.55999994278, 19.4923591614, 349.168792725,          4000, 95.0032577515, -10.5153188705, 14.6807775497
        1.125,             0,             0, -4.55000019073, 19.4923191071, 348.554901123,          4000, 94.7707061768, -10.5153217316, 14.6492147446
         1.15,             0,             0, -4.53999996185, 19.4922809601, 347.940979004,          4000, 94.5381469727, -10.5153245926,  14.617650032
        1.175,             0,             0, -4.53000020981, 19.4922409058, 347.327087402,          4000, 94.3055877686, -10.5153274536, 14.5860834122
          1.2,             0,             0, -4.51999998093, 19.4922027588, 346.713195801,          4000, 94.0730361938, -10.5153312683, 14.5545148849
        1.225,             0,             0, -4.51000022888, 19.4921646118, 346.099304199,          4000, 93.8404769897, -10.5153341293, 14.5229454041
         1.25,             0,             0,          -4.5, 19.4921245575, 345.485412598,          4000, 93.6079177856, -10.5153369904, 14.4913730621
        1.275,             0,             0, -4.48999977112, 19.4920864105, 344.871490479,          4000, 93.3753585815, -10.5153398514, 14.4597997665
          1.3,             0,             0, -4.48000001907, 19.4920482635, 344.257598877,          4000, 93.1427993774, -10.5153427124, 14.4282245636
        1.325,             0,             0, -4.46999979019, 19.4920101166, 343.643707275,          4000, 92.9102401733, -10.5153455734, 14.3966474533
         1.35,             0,             0, -4.46000003815,  19.491973877, 343.029785156,          4000, 92.6776885986, -10.5153484344, 14.3650684357
        1.375,             0,             0, -4.44999980927,   19.49193573, 342.415893555,          4000, 92.4451293945, -10.5153512955, 14.3334875107
          1.4,             0,             0, -4.44000005722,  19.491897583, 341.801971436,          4000, 92.2125701904, -10.5153551102,  14.301905632
        1.425,             0,             0, -4.42999982834,  19.491859436, 341.188079834,          4000, 91.9800109863, -10.5153579712, 14.2703208923
         1.45,             0,             0, -4.42000007629, 19.4918231964, 340.574157715,          4000, 91.7474517822, -10.5153608322,  14.238735199
        1.475,             0,             0, -4.40999984741, 19.4917850494, 339.960266113,          4000, 91.5148849487, -10.5153636932, 14.2071475983
          1.5,             0,             0, -4.40000009537, 19.4917488098, 339.346343994,          4000, 91.2823257446, -10.5153665543, 14.1755580902
        1.525,             0,             0, -4.38999986649, 19.4917106628, 338.732421875,          4000, 91.0497665405, -10.5153694153, 14.1439666748
         1.55,             0,             0, -4.38000011444, 19.4916744232, 338.118530273,          4000, 90.8172073364, -10.5153722763, 14.1123743057
        1.575,             0,             0, -4.36999988556, 19.4916381836, 337.504608154,          4000, 90.5846481323, -10.5153751373, 14.0807800293
          1.6,             0,             0, -4.36000013351, 19.4916000366, 336.890686035,          4000, 90.3520889282, -10.5153779984, 14.0491828918
        1.625,             0,             0, -4.34999990463,  19.491563797, 336.276763916,          4000, 90.1195220947, -10.5153808594, 14.0175857544
         1.65,             0,             0, -4.34000015259, 19.4915275574, 335.662872314,          4000, 89.8869628906, -10.5153837204, 13.9859857559
        1.675,             0,             0, -4.32999992371, 19.4914913177, 335.048950195,          4000, 89.6544036865, -10.5153865814, 13.9543838501
          1.7,             0,             0, -4.32000017166, 19.4914550781, 334.435028076,          4000,  89.421836853, -10.5153894424, 13.9227809906
        1.725,             0,             0, -4.30999994278, 19.4914207458, 333.821105957,          4000, 89.1892776489, -10.5153923035, 13.8911762238
         1.75,             0,             0, -4.30000019073, 19.4913845062, 333.207183838,          4000, 88.9567108154, -10.5153951645, 13.8595695496
        1.775,             0,             0, -4.28999996185, 19.4913482666, 332.593261719,          4000, 88.7241516113, -10.5153970718, 13.8279619217
          1.8,             0,             0, -4.28000020981,  19.491312027,   331.9793396,          4000, 88.4915924072, -10.5153999329, 13.7963514328
        1.825,             0,             0, -4.26999998093, 19.4912776947,  331.36541748,          4000, 88.2590255737, -10.5154027939, 13.7647399902
         1.85,             0,             0, -4.26000022888, 19.4912414551, 330.751464844,          4000, 88.0264663696, -10.5154056549,  13.733127594
        1.875,             0,             0,         -4.25, 19.4912071228, 330.137542725,          4000, 87.7938995361, -10.5154085159, 13.7015123367
          1.9,             0,             0, -4.23999977112, 19.4911708832, 329.523620605,          4000, 87.5613327026, -10.515411377, 13.6698961258
        1.925,             0,             0, -4.23000001907, 19.4911365509, 328.909698486,          4000, 87.3287734985, -10.515414238, 13.6382780075
         1.95,             0,             0, -4.21999979019, 19.4911022186,  328.29574585,          4000,  87.096206665, -10.515417099, 13.6066579819
        1.975,             0,             0, -4.21000003815, 19.4910678864,  327.68182373,          4000, 86.8636398315,  -10.51541996, 13.5750370026
            2,             0,             0, -4.19999980927, 19.4910316467, 327.067871094,          4000, 86.6310806274, -10.5154218674, 13.5434141159
        2.025,             0,             0, -4.19000005722, 19.4909973145, 326.453948975,          4000, 86.3985137939, -10.5154247284, 13.5117893219
         2.05,             0,             0, -4.17999982834, 19.4909629822, 325.839996338,          4000, 86.1659469604, -10.5154275894, 13.4801626205
        2.075,             0,             0, -4.17000007629, 19.4909286499, 325.226074219,          4000,  85.933380127, -10.5154304504, 13.4485349655
          2.1,             0,             0, -4.15999984741, 19.4908943176, 324.612121582,          4000, 85.7008209229, -10.5154333115, 13.4169054031
        2.125,             0,             0, -4.15000009537, 19.4908618927, 323.998199463,          4000, 85.4682540894, -10.5154352188, 13.3852748871
         2.15,             0,             0, -4.13999986649, 19.4908275604, 323.384246826,          4000, 85.2356872559, -10.5154380798, 13.3536424637
        2.175,             0,             0, -4.13000011444, 19.4907932281, 322.770294189,          4000, 85.0031204224, -10.5154409409, 13.3220081329
          2.2,             0,             0, -4.11999988556, 19.4907608032, 322.156341553,          4000, 84.7705535889, -10.5154438019, 13.2903718948
        2.225,             0,             0, -4.11000013351, 19.4907264709, 321.542419434,          4000, 84.5379867554, -10.5154457092, 13.2587347031
         2.25,             0,             0, -4.09999990463,  19.490694046, 320.928466797,          4000, 84.3054199219, -10.5154485703, 13.2270956039
        2.275,             0,             0, -4.09000015259, 19.4906597137,  320.31451416,          4000, 84.0728530884, -10.5154514313, 13.1954555511
          2.3,             0,             0, -4.07999992371, 19.4906272888, 319.700561523,          4000, 83.8402862549, -10.5154542923, 13.1638126373
        2.325,             0,             0, -4.07000017166, 19.4905929565, 319.086608887,          4000, 83.6077194214, -10.5154561996, 13.1321697235
         2.35,             0,             0, -4.05999994278, 19.4905605316,  318.47265625,          4000, 83.3751525879, -10.5154590607, 13.1005239487
        2.375,             0,             0, -4.05000019073, 19.4905281067, 317.858703613,          4000, 83.1425857544, -10.5154619217, 13.0688772202
          2.4,             0,             0, -4.03999996185, 19.4904956818, 317.244750977,          4000, 82.9100189209, -10.515463829,  13.037229538
        2.425,             0,             0, -4.03000020981, 19.4904632568, 316.630767822,          4000, 82.6774520874, -10.5154666901, 13.0055789948
         2.45,             0,             0, -4.01999998093, 19.4904308319, 316.016815186,          4000, 82.4448776245, -10.5154695511, 12.9739284515
        2.475,             0,             0, -4.01000022888,  19.490398407, 315.402862549,          4000,  82.212310791, -10.5154714584, 12.9422750473
          2.5,             0,             0,            -4, 19.4903659821, 314.788909912,          4000, 81.9797439575, -10.5154743195, 12.9106206894
        2.525,             0,             0, -3.99000000954, 19.4903335571, 314.174926758,          4000,  81.747177124, -10.5154771805, 12.8789653778
         2.55,             0,             0, -3.98000001907, 19.4903011322, 313.560974121,          4000, 81.5146026611, -10.5154790878, 12.8473072052
        2.575,             0,             0, -3.97000002861, 19.4902706146, 312.946990967,          4000, 81.2820358276, -10.5154819489, 12.8156490326
          2.6,             0,             0, -3.96000003815, 19.4902381897,  312.33303833,          4000, 81.0494689941, -10.5154838562,  12.783987999
        2.625,             0,             0, -3.95000004768, 19.4902076721, 311.719055176,          4000, 80.8168945312, -10.5154867172, 12.7523269653
         2.65,             0,             0, -3.94000005722, 19.4901752472, 311.105102539,          4000, 80.5843276978, -10.5154886246, 12.7206630707
        2.675,             0,             0, -3.93000006676, 19.4901447296, 310.491119385,          4000, 80.3517532349, -10.5154914856, 12.6889982224
          2.7,             0,             0, -3.92000007629, 19.4901123047,  309.87713623,          4000, 80.1191864014, -10.5154943466, 12.6573324203
        2.725,             0,             0, -3.91000008583, 19.4900817871, 309.263153076,          4000, 79.8866195679, -10.515496254, 12.6256637573
         2.75,             0,             0, -3.90000009537, 19.4900512695, 308.649200439,          4000,  79.654045105, -10.515499115, 12.5939950943
        2.775,             0,             0, -3.8900001049, 19.4900188446, 308.035217285,          4000, 79.4214782715, -10.5155010223, 12.5623245239
          2.8,             0,             0, -3.88000011444,  19.489988327, 307.421234131,          4000, 79.1889038086, -10.5155038834, 12.5306520462
        2.825,             0,             0, -3.86999988556, 19.4899578094, 306.807250977,          4000, 78.9563293457, -10.5155057907, 12.4989786148
         2.85,             0,             0, -3.8599998951, 19.4899272919, 306.193267822,          4000, 78.7237625122, -10.5155086517, 12.4673032761
        2.875,             0,             0, -3.84999990463, 19.4898967743, 305.579284668,          4000, 78.4911880493, -10.5155105591, 12.4356269836
          2.9,             0,             0, -3.83999991417, 19.4898662567, 304.965301514,          4000, 78.2586212158, -10.5155134201, 12.4039487839
        2.925,             0,             0, -3.82999992371, 19.4898376465, 304.351287842,          4000, 78.0260467529, -10.5155153275, 12.3722696304
         2.95,             0,             0, -3.81999993324, 19.4898071289, 303.737304688,          4000,   77.79347229, -10.5155181885, 12.3405885696
        2.975,             0,             0, -3.80999994278, 19.4897766113, 303.123321533,          4000, 77.5609054565, -10.5155200958, 12.3089065552
            3,             0,             0, -3.79999995232, 19.4897460938, 302.509307861,          4000, 77.3283309937, -10.5155229568,  12.277223587
        3.025,             0,             0, -3.78999996185, 19.4897174835, 301.895324707,          4000, 77.0957565308, -10.5155248642, 12.2455387115
         3.05,             0,             0, -3.77999997139, 19.4896869659, 301.281341553,          4000, 76.8631820679, -10.5155267715, 12.2138519287
        3.075,             0,             0, -3.76999998093, 19.4896583557, 300.667327881,          4000, 76.6306152344, -10.5155296326, 12.1821641922
          3.1,             0,             0, -3.75999999046, 19.4896278381, 300.053344727,          4000, 76.3980407715, -10.5155315399,  12.150475502
        3.125,             0,             0,         -3.75, 19.4895992279, 299.439331055,          4000, 76.1654663086, -10.5155344009, 12.1187849045
         3.15,             0,             0, -3.74000000954, 19.4895706177, 298.825317383,          4000, 75.9328918457, -10.5155363083, 12.0870923996
        3.175,             0,             0, -3.73000001907, 19.4895401001, 298.211334229,          4000, 75.7003173828, -10.5155382156,  12.055398941
          3.2,             0,             0, -3.72000002861, 19.4895114899, 297.597320557,          4000, 75.4677429199, -10.5155410767, 12.0237045288
        3.225,             0,             0, -3.71000003815, 19.4894828796, 296.983306885,          4000,  75.235168457, -10.515542984, 11.9920091629
         3.25,             0,             0, -3.70000004768, 19.4894542694, 296.369293213,          4000, 75.0025939941, -10.515545845,  11.960310936
        3.275,             0,             0, -3.69000005722, 19.4894256592, 295.755279541,          4000, 74.7700195312, -10.5155477524,  11.928612709
          3.3,             0,             0, -3.68000006676,  19.489397049, 295.141265869,          4000, 74.5374450684, -10.5155496597, 11.8969125748
        3.325,             0,             0, -3.67000007629, 19.4893684387, 294.527252197,          4000, 74.3048706055, -10.5155525208, 11.8652114868
         3.35,             0,             0, -3.66000008583, 19.4893398285, 293.913238525,          4000, 74.0722961426, -10.5155544281, 11.8335084915
        3.375,             0,             0, -3.65000009537, 19.4893112183, 293.299224854,          4000, 73.8397216797, -10.5155563354, 11.8018045425
          3.4,             0,             0, -3.6400001049, 19.4892845154, 292.685211182,          4000, 73.6071472168, -10.5155582428, 11.7700986862
        3.425,             0,             0, -3.63000011444, 19.4892559052, 292.071166992,          4000, 73.3745727539, -10.5155611038, 11.7383928299
         3.45,             0,             0, -3.61999988556, 19.4892272949,  291.45715332,          4000,  73.141998291, -10.5155630112, 11.7066841125
        3.475,             0,             0, -3.6099998951,  19.489200592, 290.843139648,          4000, 72.9094238281, -10.5155649185, 11.6749753952
          3.5,             0,             0, -3.59999990463, 19.4891719818, 290.229095459,          4000, 72.6768493652, -10.5155677795, 11.6432647705
        3.525,             0,             0, -3.58999991417, 19.4891452789, 289.615081787,          4000, 72.4442672729, -10.5155696869, 11.6115522385
         3.55,             0,             0, -3.57999992371, 19.4891166687, 289.001037598,          4000, 72.2116928101, -10.5155715942, 11.5798397064
        3.575,             0,             0, -3.56999993324, 19.4890899658, 288.387023926,          4000, 71.9791183472, -10.5155735016,  11.548125267
          3.6,             0,             0, -3.55999994278, 19.4890632629, 287.772979736,          4000, 71.7465438843, -10.5155763626, 11.5164089203
        3.625,             0,             0, -3.54999995232, 19.4890365601, 287.158935547,          4000,  71.513961792,  -10.51557827, 11.4846925735
         3.65,             0,             0, -3.53999996185, 19.4890079498, 286.544891357,          4000, 71.2813873291, -10.5155801773, 11.4529743195
        3.675,             0,             0, -3.52999997139, 19.4889812469, 285.930877686,          4000, 71.0488128662, -10.5155820847,  11.421254158
          3.7,             0,             0, -3.51999998093, 19.4889545441, 285.316833496,          4000, 70.8162307739, -10.515583992, 11.3895339966
        3.725,             0,             0, -3.50999999046, 19.4889278412, 284.702789307,          4000,  70.583656311, -10.515586853, 11.3578119278
         3.75,             0,             0,          -3.5, 19.4889011383, 284.088745117,          4000, 70.3510818481, -10.5155887604, 11.3260879517
        3.775,             0,             0, -3.49000000954, 19.4888744354, 283.474700928,          4000, 70.1184997559, -10.5155906677, 11.2943639755
          3.8,             0,             0, -3.48000001907, 19.4888496399, 282.860626221,          4000,  69.885925293, -10.5155925751,  11.262638092
        3.825,             0,             0, -3.47000002861,  19.488822937, 282.246582031,          4000, 69.6533432007, -10.5155944824, 11.2309112549
         3.85,             0,             0, -3.46000003815, 19.4887962341, 281.632537842,          4000, 69.4207687378, -10.5155963898, 11.1991825104
        3.875,             0,             0, -3.45000004768, 19.4887695312, 281.018493652,          4000, 69.1881866455, -10.5155992508, 11.1674528122
          3.9,             0,             0, -3.44000005722, 19.4887447357, 280.404418945,          4000, 68.9556121826, -10.5156011581, 11.1357221603
        3.925,             0,             0, -3.43000006676, 19.4887180328, 279.790374756,          4000, 68.7230300903, -10.5156030655, 11.1039905548
         3.95,             0,             0, -3.42000007629, 19.4886932373, 279.176300049,          4000, 68.4904556274, -10.5156049728, 11.0722579956
        3.975,             0,             0, -3.41000008583, 19.4886665344, 278.562255859,          4000, 68.2578735352, -10.5156068802, 11.0405235291
            4,             0,             0, -3.40000009537, 19.4886417389, 277.948181152,          4000, 68.0252990723, -10.5156087875, 11.0087881088
        4.025,             0,             0, -3.3900001049,  19.488615036, 277.334106445,          4000,   67.79271698, -10.5156106949, 10.9770507812
         4.05,             0,             0, -3.38000011444, 19.4885902405, 276.720062256,          4000, 67.5601425171, -10.5156126022, 10.9453134537
        4.075,             0,             0, -3.36999988556, 19.4885654449, 276.105987549,          4000, 67.3275604248, -10.5156145096, 10.9135742188
          4.1,             0,             0, -3.3599998951, 19.4885406494, 275.491912842,          4000, 67.0949783325, -10.5156164169, 10.8818340302
        4.125,             0,             0, -3.34999990463, 19.4885139465, 274.877838135,          4000, 66.8624038696, -10.5156183243, 10.8500928879
         4.15,             0,             0, -3.33999991417,  19.488489151, 274.263763428,          4000, 66.6298217773, -10.5156202316, 10.8183498383
        4.175,             0,             0, -3.32999992371, 19.4884643555, 273.649688721,          4000, 66.3972396851, -10.5156230927, 10.7866067886
          4.2,             0,             0, -3.31999993324, 19.4884395599, 273.035614014,          4000, 66.1646652222,    -10.515625, 10.7548618317
        4.225,             0,             0, -3.30999994278, 19.4884147644, 272.421539307,          4000, 65.9320831299, -10.5156269073,  10.723115921
         4.25,             0,             0, -3.29999995232, 19.4883918762, 271.807434082,          4000, 65.6995010376, -10.5156288147, 10.6913690567
        4.275,             0,             0, -3.28999996185, 19.4883670807, 271.193359375,          4000, 65.4669189453, -10.515630722,  10.659620285
          4.3,             0,             0, -3.27999997139, 19.4883422852, 270.579284668,          4000,  65.234336853, -10.5156326294, 10.6278715134
        4.325,             0,             0, -3.26999998093, 19.4883174896, 269.965179443,          4000, 65.0017623901, -10.5156345367, 10.5961208344
         4.35,             0,             0, -3.25999999046, 19.4882946014, 269.351104736,          4000, 64.7691802979, -10.5156364441, 10.5643692017
        4.375,             0,             0,         -3.25, 19.4882698059, 268.736999512,          4000, 64.5365982056, -10.5156373978, 10.5326166153
          4.4,             0,             0, -3.24000000954, 19.4882450104, 268.122924805,          4000, 64.3040161133, -10.5156393051, 10.5008621216
        4.425,             0,             0, -3.23000001907, 19.4882221222,  267.50881958,          4000,  64.071434021, -10.5156412125, 10.4691076279
         4.45,             0,             0, -3.22000002861, 19.4881973267, 266.894714355,          4000, 63.8388557434, -10.5156431198, 10.4373512268
        4.475,             0,             0, -3.21000003815, 19.4881744385, 266.280609131,          4000, 63.6062736511, -10.5156450272, 10.4055938721
          4.5,             0,             0, -3.20000004768, 19.4881515503, 265.666503906,          4000, 63.3736915588, -10.5156469345, 10.3738365173
        4.525,             0,             0, -3.19000005722, 19.4881267548, 265.052429199,          4000, 63.1411094666, -10.5156488419, 10.3420763016
         4.55,             0,             0, -3.18000006676, 19.4881038666, 264.438323975,          4000, 62.9085273743, -10.5156507492, 10.3103160858
        4.575,             0,             0, -3.17000007629, 19.4880809784, 263.824188232,          4000,  62.675945282, -10.5156526566, 10.2785549164
          4.6,             0,             0, -3.16000008583, 19.4880580902, 263.210083008,          4000, 62.4433631897, -10.5156545639, 10.2467927933
        4.625,             0,             0, -3.15000009537,  19.488035202, 262.595977783,          4000, 62.2107810974, -10.5156564713, 10.2150287628
         4.65,             0,             0, -3.1400001049, 19.4880104065, 261.981872559,          4000, 61.9781990051, -10.5156583786, 10.1832647324
        4.675,             0,             0, -3.13000011444, 19.4879875183, 261.367736816,          4000, 61.7456169128, -10.5156602859, 10.1514987946
          4.7,             0,             0, -3.11999988556, 19.4879646301, 260.753631592,          4000, 61.5130348206, -10.5156612396, 10.1197319031
        4.725,             0,             0, -3.1099998951, 19.4879436493, 260.139526367,          4000, 61.2804527283, -10.515663147, 10.0879640579
         4.75,             0,             0, -3.09999990463, 19.4879207611, 259.525390625,          4000, 61.0478668213, -10.5156650543, 10.0561952591
        4.775,             0,             0, -3.08999991417, 19.4878978729, 258.911254883,          4000,  60.815284729, -10.5156669617, 10.0244255066
          4.8,             0,             0, -3.07999992371, 19.4878749847, 258.297149658,          4000, 60.5827026367, -10.515668869, 9.99265480042
        4.825,             0,             0, -3.06999993324, 19.4878520966, 257.683013916,          4000, 60.3501205444, -10.5156707764, 9.96088314056
         4.85,             0,             0, -3.05999994278, 19.4878311157, 257.068878174,          4000, 60.1175346375,  -10.51567173, 9.92910957336
        4.875,             0,             0, -3.04999995232, 19.4878082275, 256.454742432,          4000, 59.8849525452, -10.5156736374, 9.89733600616
          4.9,             0,             0, -3.03999996185, 19.4877872467, 255.840621948,          4000, 59.6523666382, -10.5156755447, 9.86556148529
        4.925,             0,             0, -3.02999997139, 19.4877643585, 255.226486206,          4000, 59.4197845459, -10.5156774521, 9.83378505707
         4.95,             0,             0, -3.01999998093, 19.4877433777, 254.612350464,          4000, 59.1872024536, -10.5156793594, 9.80200862885
        4.975,             0,             0, -3.00999999046, 19.4877204895, 253.998199463,          4000, 58.9546165466, -10.5156803131, 9.77023029327
            5,             0,             0,            -3, 19.4876995087, 253.384063721,          4000, 58.7220344543, -10.5156822205,  9.7384519577
        5.025,             0,             0, -2.99000000954, 19.4876785278,  252.76991272,          4000, 58.4894485474, -10.5156841278, 9.70667171478
         5.05,             0,             0, -2.98000001907, 19.4876556396, 252.155776978,          4000, 58.2568626404, -10.5156860352, 9.67489147186
        5.075,             0,             0, -2.97000002861, 19.4876346588, 251.541625977,          4000, 58.0242805481, -10.5156869888, 9.64310932159
          5.1,             0,             0, -2.96000003815,  19.487613678, 250.927474976,          4000, 57.7916946411, -10.5156888962, 9.61132717133
        5.125,             0,             0, -2.95000004768, 19.4875926971, 250.313323975,          4000, 57.5591125488, -10.5156908035, 9.57954311371
         5.15,             0,             0, -2.94000005722, 19.4875717163, 249.699157715,          4000, 57.3265266418, -10.5156927109, 9.54775810242
        5.175,             0,             0, -2.93000006676, 19.4875507355, 249.085006714,          4000, 57.0939407349, -10.5156936646, 9.51597309113
          5.2,             0,             0, -2.92000007629, 19.4875297546, 248.470855713,          4000, 56.8613548279, -10.5156955719, 9.48418617249
        5.225,             0,             0, -2.91000008583, 19.4875087738, 247.856689453,          4000, 56.6287727356, -10.5156974792, 9.45239925385
         5.25,             0,             0, -2.90000009537,  19.487487793, 247.242523193,          4000, 56.3961868286, -10.5156993866, 9.42061042786
        5.275,             0,             0, -2.8900001049, 19.4874668121, 246.628356934,          4000, 56.1636009216, -10.5157003403, 9.38882160187
          5.3,             0,             0, -2.88000011444, 19.4874458313, 246.014190674,          4000, 55.9310150146, -10.5157022476, 9.35703086853
        5.325,             0,             0, -2.86999988556, 19.4874267578, 245.400024414,          4000, 55.6984291077, -10.515704155, 9.32524013519
         5.35,             0,             0, -2.8599998951,  19.487405777, 244.785842896,          4000, 55.4658432007, -10.5157051086, 9.29344844818
        5.375,             0,             0, -2.84999990463, 19.4873847961, 244.171676636,          4000, 55.2332572937, -10.515707016, 9.26165485382
          5.4,             0,             0, -2.83999991417, 19.4873657227, 243.557495117,          4000, 55.0006713867, -10.5157089233, 9.22986125946
        5.425,             0,             0, -2.82999992371, 19.4873447418, 242.943328857,          4000, 54.7680854797, -10.515709877, 9.19806671143
         5.45,             0,             0, -2.81999993324, 19.4873256683, 242.329147339,          4000, 54.5354995728, -10.5157117844, 9.16627120972
        5.475,             0,             0, -2.80999994278, 19.4873046875,  241.71496582,          4000, 54.3029136658, -10.515712738, 9.13447475433
          5.5,             0,             0, -2.79999995232,  19.487285614, 241.100769043,          4000, 54.0703277588, -10.5157146454, 9.10267734528
        5.525,             0,             0, -2.78999996185, 19.4872646332, 240.486587524,          4000, 53.8377418518, -10.5157165527, 9.07087898254
         5.55,             0,             0, -2.77999997139, 19.4872455597, 239.872406006,          4000, 53.6051559448, -10.5157175064, 9.03907966614
        5.575,             0,             0, -2.76999998093, 19.4872264862, 239.258209229,          4000, 53.3725700378, -10.5157194138, 9.00728034973
          5.6,             0,             0, -2.75999999046, 19.4872074127, 238.644012451,          4000, 53.1399803162, -10.5157213211, 8.97547912598
        5.625,             0,             0,         -2.75, 19.4871864319, 238.029815674,          4000, 52.9073944092, -10.5157222748, 8.94367790222
         5.65,             0,             0, -2.74000000954, 19.4871673584, 237.415618896,          4000, 52.6748085022, -10.5157241821, 8.91187477112
        5.675,             0,             0, -2.73000001907, 19.4871482849, 236.801422119,          4000, 52.4422225952, -10.5157251358, 8.88007164001
          5.7,             0,             0, -2.72000002861, 19.4871292114, 236.187225342,          4000, 52.2096328735, -10.5157270432, 8.84826755524
        5.725,             0,             0, -2.71000003815, 19.4871101379, 235.573013306,          4000, 51.9770469666, -10.5157279968, 8.81646251678
         5.75,             0,             0, -2.70000004768, 19.4870910645, 234.958816528,          4000, 51.7444610596, -10.5157299042, 8.78465652466
        5.775,             0,             0, -2.69000005722,  19.487071991, 234.344604492,          4000, 51.5118713379, -10.5157308578, 8.75285053253
          5.8,             0,             0, -2.68000006676, 19.4870529175, 233.730392456,          4000, 51.2792854309, -10.5157327652, 8.72104263306
        5.825,             0,             0, -2.67000007629, 19.4870357513,  233.11618042,          4000, 51.0466957092, -10.5157346725, 8.68923473358
         5.85,             0,             0, -2.66000008583, 19.4870166779, 232.501968384,          4000, 50.8141098022, -10.5157356262, 8.65742588043
        5.875,             0,             0, -2.65000009537, 19.4869976044, 231.887741089,          4000, 50.5815200806, -10.5157375336, 8.62561607361
          5.9,             0,             0, -2.6400001049, 19.4869785309, 231.273529053,          4000, 50.3489341736, -10.5157384872, 8.59380531311
        5.925,             0,             0, -2.63000011444, 19.4869613647, 230.659301758,          4000, 50.1163444519, -10.5157403946, 8.56199359894
         5.95,             0,             0, -2.61999988556, 19.4869422913, 230.045074463,          4000, 49.8837585449, -10.5157413483, 8.53018188477
        5.975,             0,             0, -2.6099998951, 19.4869251251, 229.430862427,          4000, 49.6511688232, -10.5157432556, 8.49836826324
            6,             0,             0, -2.59999990463, 19.4869060516, 228.816619873,          4000, 49.4185829163, -10.5157442093, 8.46655464172
        6.025,             0,             0, -2.58999991417, 19.4868888855, 228.202392578,          4000, 49.1859931946, -10.5157461166, 8.43474006653
         6.05,             0,             0, -2.57999992371,  19.486869812, 227.588165283,          4000, 48.9534034729, -10.5157470703, 8.40292453766
        6.075,             0,             0, -2.56999993324, 19.4868526459, 226.973922729,          4000, 48.7208175659, -10.515748024, 8.37110900879
          6.1,             0,             0, -2.55999994278, 19.4868354797, 226.359695435,          4000, 48.4882278442, -10.5157499313, 8.33929157257
        6.125,             0,             0, -2.54999995232, 19.4868164062, 225.745452881,          4000, 48.2556381226, -10.515750885, 8.30747413635
         6.15,             0,             0, -2.53999996185, 19.4867992401, 225.131210327,          4000, 48.0230522156, -10.5157527924, 8.27565574646
        6.175,             0,             0, -2.52999997139,  19.486782074, 224.516967773,          4000, 47.7904624939, -10.515753746, 8.24383735657
          6.2,             0,             0, -2.51999998093, 19.4867649078,  223.90272522,          4000, 47.5578727722, -10.5157556534, 8.21201705933
        6.225,             0,             0, -2.50999999046, 19.4867477417, 223.288467407,          4000, 47.3252830505, -10.5157566071, 8.18019676208
         6.25,             0,             0,          -2.5, 19.4867305756, 222.674224854,          4000, 47.0926933289, -10.5157585144, 8.14837551117
        6.275,             0,             0, -2.49000000954, 19.4867134094, 222.059967041,          4000, 46.8601036072, -10.5157594681, 8.11655426025
          6.3,             0,             0, -2.48000001907, 19.4866962433, 221.445709229,          4000, 46.6275177002, -10.5157604218, 8.08473110199
        6.325,             0,             0, -2.47000002861, 19.4866790771, 220.831451416,          4000, 46.3949279785, -10.5157623291, 8.05290794373
         6.35,             0,             0, -2.46000003815,  19.486661911, 220.217193604,          4000, 46.1623382568, -10.5157632828, 8.02108383179
        6.375,             0,             0, -2.45000004768, 19.4866447449, 219.602935791,          4000, 45.9297485352, -10.5157642365, 7.98925924301
          6.4,             0,             0, -2.44000005722, 19.4866275787,  218.98866272,          4000, 45.6971588135, -10.5157661438, 7.95743370056
        6.425,             0,             0, -2.43000006676, 19.4866123199, 218.374404907,          4000, 45.4645690918, -10.5157670975, 7.92560768127
         6.45,             0,             0, -2.42000007629, 19.4865951538, 217.760131836,          4000, 45.2319793701, -10.5157690048, 7.89378070831
        6.475,             0,             0, -2.41000008583, 19.4865779877, 217.145858765,          4000, 44.9993896484, -10.5157699585, 7.86195325851
          6.5,             0,             0, -2.40000009537, 19.4865627289, 216.531585693,          4000, 44.7667999268, -10.5157709122, 7.83012533188
        6.525,             0,             0, -2.3900001049, 19.4865455627, 215.917312622,          4000, 44.5342102051, -10.5157728195, 7.79829645157
         6.55,             0,             0, -2.38000011444,  19.486530304, 215.303039551,          4000, 44.3016166687, -10.5157737732, 7.76646709442
        6.575,             0,             0, -2.36999988556, 19.4865131378, 214.688751221,          4000,  44.069026947, -10.5157747269,  7.7346367836
          6.6,             0,             0, -2.3599998951,  19.486497879, 214.074462891,          4000, 43.8364372253, -10.5157766342, 7.70280647278
        6.625,             0,             0, -2.34999990463, 19.4864807129, 213.460189819,          4000, 43.6038475037, -10.5157775879, 7.67097473145
         6.65,             0,             0, -2.33999991417, 19.4864654541, 212.845901489,          4000,  43.371257782, -10.5157785416, 7.63914299011
        6.675,             0,             0, -2.32999992371,  19.486448288, 212.231613159,          4000, 43.1386680603, -10.5157804489,  7.6073102951
          6.7,             0,             0, -2.31999993324, 19.4864330292,  211.61730957,          4000, 42.9060745239, -10.5157814026, 7.57547712326
        6.725,             0,             0, -2.30999994278, 19.4864177704,  211.00302124,          4000, 42.6734848022, -10.5157823563, 7.54364299774
         6.75,             0,             0, -2.29999995232, 19.4864025116, 210.388717651,          4000, 42.4408950806, -10.5157833099, 7.51180839539
        6.775,             0,             0, -2.28999996185, 19.4863872528, 209.774429321,          4000, 42.2083053589, -10.5157852173, 7.47997331619
          6.8,             0,             0, -2.27999997139,  19.486371994, 209.160125732,          4000, 41.9757118225, -10.515786171, 7.44813776016
        6.825,             0,             0, -2.26999998093, 19.4863548279, 208.545822144,          4000, 41.7431221008, -10.5157871246, 7.41630125046
         6.85,             0,             0, -2.25999999046, 19.4863395691, 207.931518555,          4000, 41.5105323792, -10.5157880783, 7.38446426392
        6.875,             0,             0,         -2.25, 19.4863243103, 207.317199707,          4000, 41.2779388428, -10.5157899857, 7.35262680054
          6.9,             0,             0, -2.24000000954, 19.4863109589, 206.702896118,          4000, 41.0453491211, -10.5157909393, 7.32078886032
        6.925,             0,             0, -2.23000001907, 19.4862957001, 206.088577271,          4000, 40.8127593994, -10.515791893, 7.28894996643
         6.95,             0,             0, -2.22000002861, 19.4862804413, 205.474273682,          4000,  40.580165863, -10.5157928467,  7.2571105957
        6.975,             0,             0, -2.21000003815, 19.4862651825, 204.859954834,          4000, 40.3475761414, -10.515794754, 7.22527074814
            7,             0,             0, -2.20000004768, 19.4862499237, 204.245635986,          4000,  40.114982605, -10.5157957077, 7.19343042374
        7.025,             0,             0, -2.19000005722, 19.4862346649, 203.631317139,          4000, 39.8823928833, -10.5157966614,  7.1615896225
         7.05,             0,             0, -2.18000006676, 19.4862213135, 203.016983032,          4000, 39.6497993469, -10.5157976151, 7.12974786758
        7.075,             0,             0, -2.17000007629, 19.4862060547, 202.402664185,          4000, 39.4172096252, -10.5157985687, 7.09790611267
          7.1,             0,             0, -2.16000008583, 19.4861907959, 201.788330078,          4000, 39.1846160889, -10.5158004761, 7.06606340408
        7.125,             0,             0, -2.15000009537, 19.4861774445, 201.173995972,          4000, 38.9520263672, -10.5158014297, 7.03422021866
         7.15,             0,             0, -2.1400001049, 19.4861621857, 200.559661865,          4000, 38.7194328308, -10.5158023834,  7.0023765564
        7.175,             0,             0, -2.13000011444, 19.4861488342, 199.945327759,          4000, 38.4868431091, -10.5158033371,  6.9705324173
          7.2,             0,             0, -2.11999988556, 19.4861335754, 199.330993652,          4000, 38.2542495728, -10.5158042908, 6.93868732452
        7.225,             0,             0, -2.1099998951,  19.486120224, 198.716644287,          4000, 38.0216560364, -10.5158052444, 6.90684223175
         7.25,             0,             0, -2.09999990463, 19.4861068726, 198.102310181,          4000, 37.7890663147, -10.5158071518, 6.87499666214
        7.275,             0,             0, -2.08999991417, 19.4860916138, 197.487960815,          4000, 37.5564727783, -10.5158081055, 6.84315013885
          7.3,             0,             0, -2.07999992371, 19.4860782623,  196.87361145,          4000, 37.3238792419, -10.5158090591, 6.81130361557
        7.325,             0,             0, -2.06999993324, 19.4860649109, 196.259262085,          4000, 37.0912895203, -10.5158100128, 6.77945613861
         7.35,             0,             0, -2.05999994278, 19.4860515594,  195.64491272,          4000, 36.8586959839, -10.5158109665, 6.74760818481
        7.375,             0,             0, -2.04999995232, 19.4860363007, 195.030548096,          4000, 36.6261024475, -10.5158119202, 6.71576023102
          7.4,             0,             0, -2.03999996185, 19.4860229492,  194.41619873,          4000, 36.3935127258, -10.5158128738, 6.68391132355
        7.425,             0,             0, -2.02999997139, 19.4860095978, 193.801834106,          4000, 36.1609191895, -10.5158138275, 6.65206193924
         7.45,             0,             0, -2.01999998093, 19.4859962463, 193.187469482,          4000, 35.9283256531, -10.5158157349, 6.62021207809
        7.475,             0,             0, -2.00999999046, 19.4859828949, 192.573120117,          4000, 35.6957321167, -10.5158166885, 6.58836221695
          7.5,             0,             0,            -2, 19.4859695435, 191.958740234,          4000,  35.463142395, -10.5158176422, 6.55651140213
        7.525,             0,             0, -1.99000000954,  19.485956192,  191.34437561,          4000, 35.2305488586, -10.5158185959, 6.52466011047
         7.55,             0,             0, -1.98000001907, 19.4859428406, 190.730010986,          4000, 34.9979553223, -10.5158195496, 6.49280881882
        7.575,             0,             0, -1.97000002861, 19.4859313965, 190.115631104,          4000, 34.7653617859, -10.5158205032, 6.46095657349
          7.6,             0,             0, -1.96000003815,  19.485918045, 189.501251221,          4000, 34.5327682495, -10.5158214569, 6.42910432816
        7.625,             0,             0, -1.95000004768, 19.4859046936, 188.886871338,          4000, 34.3001747131, -10.5158224106, 6.39725112915
         7.65,             0,             0, -1.94000005722, 19.4858913422, 188.272491455,          4000, 34.0675811768, -10.5158233643, 6.36539793015
        7.675,             0,             0, -1.92999994755, 19.4858798981, 187.658111572,          4000, 33.8349914551, -10.5158243179,  6.3335442543
          7.7,             0,             0, -1.91999995708, 19.4858665466, 187.043731689,          4000, 33.6023979187, -10.5158252716, 6.30169010162
        7.725,             0,             0, -1.90999996662, 19.4858531952, 186.429336548,          4000, 33.3698043823, -10.5158262253, 6.26983547211
         7.75,             0,             0, -1.89999997616, 19.4858417511, 185.814956665,          4000, 33.1372108459, -10.515827179, 6.23798036575
        7.775,             0,             0, -1.88999998569, 19.4858283997, 185.200561523,          4000, 32.9046173096, -10.5158281326, 6.20612478256
          7.8,             0,             0, -1.87999999523, 19.4858169556, 184.586166382,          4000, 32.6720237732, -10.5158290863, 6.17426919937
        7.825,             0,             0, -1.87000000477, 19.4858036041,  183.97177124,          4000, 32.4394302368,  -10.51583004, 6.14241313934
         7.85,             0,             0, -1.86000001431,   19.48579216,  183.35736084,          4000, 32.2068367004, -10.5158309937, 6.11055612564
        7.875,             0,             0, -1.85000002384, 19.4857788086, 182.742965698,          4000, 31.9742431641, -10.5158319473, 6.07869911194
          7.9,             0,             0, -1.84000003338, 19.4857673645, 182.128555298,          4000, 31.7416496277, -10.515832901, 6.04684209824
        7.925,             0,             0, -1.83000004292, 19.4857559204, 181.514144897,          4000, 31.5090560913, -10.5158338547, 6.01498413086
         7.95,             0,             0, -1.82000005245,  19.485742569, 180.899749756,          4000, 31.2764625549, -10.5158348083, 5.98312616348
        7.975,             0,             0, -1.80999994278, 19.4857311249, 180.285324097,          4000, 31.0438671112, -10.515835762, 5.95126724243
            8,             0,             0, -1.79999995232, 19.4857196808, 179.670913696,          4000, 30.8112735748, -10.5158367157, 5.91940879822
        8.025,             0,             0, -1.78999996185, 19.4857082367, 179.056503296,          4000, 30.5786800385, -10.5158376694, 5.88754940033
         8.05,             0,             0, -1.77999997139, 19.4856967926, 178.442077637,          4000, 30.3460865021, -10.515838623,  5.8556895256
        8.075,             0,             0, -1.76999998093, 19.4856853485, 177.827667236,          4000, 30.1134929657, -10.5158395767, 5.82382965088
          8.1,             0,             0, -1.75999999046, 19.4856739044, 177.213241577,          4000,  29.880897522, -10.5158405304, 5.79196929932
        8.125,             0,             0,         -1.75, 19.4856624603, 176.598815918,          4000, 29.6483039856, -10.5158414841, 5.76010894775
         8.15,             0,             0, -1.74000000954, 19.4856510162, 175.984390259,          4000, 29.4157104492, -10.5158424377, 5.72824811935
        8.175,             0,             0, -1.73000001907, 19.4856395721, 175.369949341,          4000, 29.1831150055, -10.5158433914, 5.69638681412
          8.2,             0,             0, -1.72000002861, 19.4856281281, 174.755523682,          4000, 28.9505214691, -10.5158443451, 5.66452503204
        8.225,             0,             0, -1.71000003815,  19.485616684, 174.141082764,          4000, 28.7179279327, -10.5158452988, 5.63266324997
         8.25,             0,             0, -1.70000004768, 19.4856052399, 173.526641846,          4000,  28.485332489, -10.5158462524, 5.60080099106
        8.275,             0,             0, -1.69000005722, 19.4855937958, 172.912200928,          4000, 28.2527389526, -10.5158462524, 5.56893825531
          8.3,             0,             0, -1.67999994755,  19.485584259,  172.29776001,          4000, 28.0201435089, -10.5158472061, 5.53707551956
        8.325,             0,             0, -1.66999995708, 19.4855728149, 171.683319092,          4000, 27.7875499725, -10.5158481598, 5.50521230698
         8.35,             0,             0, -1.65999996662, 19.4855613708, 171.068878174,          4000, 27.5549545288, -10.5158491135, 5.47334909439
        8.375,             0,             0, -1.64999997616, 19.4855518341, 170.454421997,          4000, 27.3223609924, -10.5158500671, 5.44148492813
          8.4,             0,             0, -1.63999998569,   19.48554039,  169.83996582,          4000, 27.0897655487, -10.5158510208, 5.40962123871
        8.425,             0,             0, -1.62999999523, 19.4855308533, 169.225509644,          4000, 26.8571720123, -10.5158519745, 5.37775659561
         8.45,             0,             0, -1.62000000477, 19.4855194092, 168.611053467,          4000, 26.6245765686, -10.5158529282, 5.34589242935
        8.475,             0,             0, -1.61000001431, 19.4855098724,  167.99659729,          4000, 26.3919811249, -10.5158529282, 5.31402730942
          8.5,             0,             0, -1.60000002384, 19.4854984283, 167.382141113,          4000, 26.1593875885, -10.5158538818, 5.28216218948
        8.525,             0,             0, -1.59000003338, 19.4854888916, 166.767669678,          4000, 25.9267921448, -10.5158548355, 5.25029706955
         8.55,             0,             0, -1.58000004292, 19.4854774475, 166.153213501,          4000,  25.694196701, -10.5158557892, 5.21843147278
        8.575,             0,             0, -1.57000005245, 19.4854679108, 165.538742065,          4000, 25.4616031647, -10.5158567429, 5.18656539917
          8.6,             0,             0, -1.55999994278,  19.485458374,  164.92427063,          4000, 25.2290077209, -10.5158576965, 5.15469932556
        8.625,             0,             0, -1.54999995232, 19.4854488373, 164.309799194,          4000, 24.9964122772, -10.5158576965, 5.12283325195
         8.65,             0,             0, -1.53999996185, 19.4854373932, 163.695327759,          4000, 24.7638187408, -10.5158586502, 5.09096622467
        8.675,             0,             0, -1.52999997139, 19.4854278564, 163.080841064,          4000, 24.5312232971, -10.5158596039, 5.05909967422
          8.7,             0,             0, -1.51999998093, 19.4854183197, 162.466369629,          4000, 24.2986278534, -10.5158605576, 5.02723264694
        8.725,             0,             0, -1.50999999046,  19.485408783, 161.851882935,          4000, 24.0660324097, -10.5158615112, 4.99536514282
         8.75,             0,             0,          -1.5, 19.4853992462,  161.23739624,          4000, 23.8334369659, -10.5158615112, 4.96349811554
        8.775,             0,             0, -1.49000000954, 19.4853897095, 160.622909546,          4000, 23.6008415222, -10.5158624649, 4.93163013458
          8.8,             0,             0, -1.48000001907, 19.4853801727, 160.008422852,          4000, 23.3682460785, -10.5158634186, 4.89976215363
        8.825,             0,             0, -1.47000002861,  19.485370636, 159.393920898,          4000, 23.1356525421, -10.5158643723, 4.86789417267
         8.85,             0,             0, -1.46000003815, 19.4853610992, 158.779434204,          4000, 22.9030570984, -10.5158653259, 4.83602619171
        8.875,             0,             0, -1.45000004768, 19.4853515625, 158.164932251,          4000, 22.6704616547, -10.5158653259, 4.80415773392
          8.9,             0,             0, -1.44000005722, 19.4853420258, 157.550430298,          4000, 22.4378662109, -10.5158662796, 4.77228879929
        8.925,             0,             0, -1.42999994755,  19.485332489, 156.935928345,          4000, 22.2052707672, -10.5158672333, 4.74041986465
         8.95,             0,             0, -1.41999995708, 19.4853248596, 156.321426392,          4000, 21.9726753235, -10.515868187, 4.70855093002
        8.975,             0,             0, -1.40999996662, 19.4853153229, 155.706924438,          4000, 21.7400798798, -10.515868187, 4.67668199539
            9,             0,             0, -1.39999997616, 19.4853057861, 155.092407227,          4000,  21.507484436, -10.5158691406, 4.64481258392
        9.025,             0,             0, -1.38999998569, 19.4852981567, 154.477905273,          4000, 21.2748889923, -10.5158700943, 4.61294317245
         9.05,             0,             0, -1.37999999523,   19.48528862, 153.863388062,          4000, 21.0422935486, -10.515871048, 4.58107328415
        9.075,             0,             0, -1.37000000477, 19.4852790833,  153.24887085,          4000, 20.8096981049, -10.515871048, 4.54920387268
          9.1,             0,             0, -1.36000001431, 19.4852714539, 152.634353638,          4000, 20.5771007538, -10.5158720016, 4.51733398438
        9.125,             0,             0, -1.35000002384, 19.4852619171, 152.019836426,          4000, 20.3445053101, -10.5158729553, 4.48546361923
         9.15,             0,             0, -1.34000003338, 19.4852542877, 151.405303955,          4000, 20.1119098663, -10.5158729553, 4.45359325409
        9.175,             0,             0, -1.33000004292,  19.485244751, 150.790786743,          4000, 19.8793144226, -10.515873909, 4.42172336578
          9.2,             0,             0, -1.32000005245, 19.4852371216, 150.176254272,          4000, 19.6467189789, -10.5158748627,  4.3898525238
        9.225,             0,             0, -1.30999994278, 19.4852275848, 149.561721802,          4000, 19.4141235352, -10.5158748627, 4.35798215866
         9.25,             0,             0, -1.29999995232, 19.4852199554, 148.947189331,          4000, 19.1815261841, -10.5158758163, 4.32611131668
        9.275,             0,             0, -1.28999996185,  19.485212326,  148.33265686,          4000, 18.9489307404,  -10.51587677,  4.2942404747
          9.3,             0,             0, -1.27999997139, 19.4852027893,  147.71812439,          4000, 18.7163352966,  -10.51587677, 4.26236963272
        9.325,             0,             0, -1.26999998093, 19.4851951599,  147.10357666,          4000, 18.4837398529, -10.5158777237, 4.23049879074
         9.35,             0,             0, -1.25999999046, 19.4851875305, 146.489044189,          4000, 18.2511444092, -10.5158786774, 4.19862747192
        9.375,             0,             0,         -1.25, 19.4851799011,  145.87449646,          4000, 18.0185470581, -10.5158786774, 4.16675615311
          9.4,             0,             0, -1.24000000954, 19.4851722717,  145.25994873,          4000, 17.7859516144, -10.515879631, 4.13488531113
        9.425,             0,             0, -1.23000001907, 19.4851646423, 144.645401001,          4000, 17.5533561707, -10.5158805847, 4.10301351547
         9.45,             0,             0, -1.22000002861, 19.4851570129, 144.030853271,          4000, 17.3207588196, -10.5158805847, 4.07114219666
        9.475,             0,             0, -1.21000003815, 19.4851493835, 143.416290283,          4000, 17.0881633759, -10.5158815384, 4.03927087784
          9.5,             0,             0, -1.20000004768, 19.4851417542, 142.801742554,          4000, 16.8555679321, -10.5158824921, 4.00739908218
        9.525,             0,             0, -1.19000005722, 19.4851341248, 142.187179565,          4000, 16.6229705811, -10.5158824921, 3.97552752495
         9.55,             0,             0, -1.17999994755, 19.4851264954, 141.572616577,          4000, 16.3903751373, -10.5158834457, 3.94365596771
        9.575,             0,             0, -1.16999995708,  19.485118866, 140.958053589,          4000, 16.1577796936, -10.5158834457, 3.91178417206
          9.6,             0,             0, -1.15999996662, 19.4851112366, 140.343490601,          4000, 15.9251832962, -10.5158843994,  3.8799123764
        9.625,             0,             0, -1.14999997616, 19.4851036072, 139.728927612,          4000, 15.6925868988, -10.5158853531, 3.84804058075
         9.65,             0,             0, -1.13999998569, 19.4850959778, 139.114364624,          4000, 15.4599905014, -10.5158853531, 3.81616854668
        9.675,             0,             0, -1.12999999523, 19.4850883484, 138.499786377,          4000,  15.227394104, -10.5158863068, 3.78429675102
          9.7,             0,             0, -1.12000000477, 19.4850826263,  137.88520813,          4000, 14.9947977066, -10.5158863068, 3.75242471695
        9.725,             0,             0, -1.11000001431, 19.4850749969, 137.270629883,          4000, 14.7622013092, -10.5158872604,  3.7205529213
         9.75,             0,             0, -1.10000002384, 19.4850673676, 136.656051636,          4000, 14.5296049118, -10.5158882141, 3.68868088722
        9.775,             0,             0, -1.09000003338, 19.4850616455, 136.041473389,          4000, 14.2970085144, -10.5158882141, 3.65680885315
          9.8,             0,             0, -1.08000004292, 19.4850540161, 135.426895142,          4000,  14.064412117, -10.5158891678,  3.6249370575
        9.825,             0,             0, -1.07000005245, 19.4850482941, 134.812301636,          4000, 13.8318157196, -10.5158891678, 3.59306502342
         9.85,             0,             0, -1.05999994278, 19.4850406647, 134.197723389,          4000, 13.5992193222, -10.5158901215, 3.56119298935
        9.875,             0,             0, -1.04999995232, 19.4850349426, 133.583129883,          4000, 13.3666229248, -10.5158901215, 3.52932095528
          9.9,             0,             0, -1.03999996185, 19.4850273132, 132.968536377,          4000, 13.1340265274, -10.5158910751, 3.49744915962
        9.925,             0,             0, -1.02999997139, 19.4850215912, 132.353942871,          4000,   12.90143013, -10.5158910751, 3.46557712555
         9.95,             0,             0, -1.01999998093, 19.4850139618, 131.739334106,          4000, 12.6688337326, -10.5158920288, 3.43370509148
        9.975,             0,             0, -1.00999999046, 19.4850082397, 131.124740601,          4000, 12.4362373352, -10.5158920288, 3.40183329582
           10,             0,             0,            -1, 19.4850025177, 130.510131836,          4000, 12.2036409378, -10.5158929825, 3.36996150017
       10.025,             0,             0, -0.990000009537, 19.4849967957,  129.89553833,          4000, 11.9710445404, -10.5158929825, 3.33808970451
        10.05,             0,             0, -0.980000019073, 19.4849891663, 129.280929565,          4000,  11.738448143, -10.5158939362, 3.30621790886
       10.075,             0,             0, -0.97000002861, 19.4849834442, 128.666320801,          4000, 11.5058507919, -10.5158948898,  3.2743461132
         10.1,             0,             0, -0.959999978542, 19.4849777222, 128.051712036,          4000, 11.2732543945, -10.5158948898, 3.24247431755
       10.125,             0,             0, -0.949999988079, 19.4849720001, 127.437095642,          4000, 11.0406579971, -10.5158948898, 3.21060276031
        10.15,             0,             0, -0.939999997616, 19.4849662781, 126.822479248,          4000, 10.8080615997, -10.5158958435, 3.17873120308
       10.175,             0,             0, -0.930000007153,  19.484960556, 126.207862854,          4000, 10.5754652023, -10.5158958435, 3.14685964584
         10.2,             0,             0, -0.920000016689,  19.484954834, 125.593238831,          4000, 10.3428678513, -10.5158967972, 3.11498832703
       10.225,             0,             0, -0.910000026226, 19.4849491119, 124.978622437,          4000, 10.1102714539, -10.5158967972, 3.08311676979
        10.25,             0,             0, -0.899999976158, 19.4849433899, 124.363990784,          4000, 9.87767505646, -10.5158977509, 3.05124568939
       10.275,             0,             0, -0.889999985695, 19.4849376678,  123.74936676,          4000, 9.64507770538, -10.5158977509, 3.01937437057
         10.3,             0,             0, -0.879999995232, 19.4849319458, 123.134735107,          4000, 9.41248130798, -10.5158987045, 2.98750329018
       10.325,             0,             0, -0.870000004768, 19.4849262238, 122.520103455,          4000, 9.17988491058, -10.5158987045, 2.95563220978
        10.35,             0,             0, -0.860000014305, 19.4849205017, 121.905471802,          4000, 8.94728755951, -10.5158996582,  2.9237613678
       10.375,             0,             0, -0.850000023842, 19.4849147797, 121.290840149,          4000, 8.71469116211, -10.5158996582, 2.89189052582
         10.4,             0,             0, -0.839999973774, 19.4849090576, 120.676200867,          4000, 8.48209476471, -10.5159006119, 2.86001992226
       10.425,             0,             0, -0.829999983311, 19.4849052429, 120.061561584,          4000, 8.24949741364, -10.5159006119,  2.8281493187
        10.45,             0,             0, -0.819999992847, 19.4848995209, 119.446914673,          4000, 8.01690101624, -10.5159006119, 2.79627871513
       10.475,             0,             0, -0.810000002384, 19.4848937988, 118.832267761,          4000,   7.784304142, -10.5159015656, 2.76440858841
         10.5,             0,             0, -0.800000011921, 19.4848899841,  118.21762085,          4000, 7.55170726776, -10.5159015656, 2.73253822327
       10.525,             0,             0, -0.790000021458, 19.4848842621, 117.602973938,          4000, 7.31911039352, -10.5159025192, 2.70066809654
        10.55,             0,             0, -0.77999997139, 19.4848804474, 116.988319397,          4000, 7.08651351929, -10.5159025192, 2.66879820824
       10.575,             0,             0, -0.769999980927, 19.4848747253, 116.373672485,          4000, 6.85391664505, -10.5159025192, 2.63692855835
         10.6,             0,             0, -0.759999990463, 19.4848709106, 115.759010315,          4000, 6.62132024765, -10.5159034729, 2.60505890846
       10.625,             0,             0,         -0.75, 19.4848651886, 115.144355774,          4000, 6.38872337341, -10.5159034729, 2.57318925858
        10.65,             0,             0, -0.740000009537, 19.4848613739, 114.529693604,          4000, 6.15612649918, -10.5159044266, 2.54132008553
       10.675,             0,             0, -0.730000019073, 19.4848556519, 113.915031433,          4000, 5.92352962494, -10.5159044266, 2.50945091248
         10.7,             0,             0, -0.72000002861, 19.4848518372, 113.300369263,          4000,  5.6909327507, -10.5159044266, 2.47758173943
       10.725,             0,             0, -0.709999978542, 19.4848480225, 112.685699463,          4000, 5.45833587646, -10.5159053802, 2.44571304321
        10.75,             0,             0, -0.699999988079, 19.4848423004, 112.071029663,          4000, 5.22573900223, -10.5159053802,   2.413844347
       10.775,             0,             0, -0.689999997616, 19.4848384857, 111.456359863,          4000, 4.99314212799, -10.5159053802, 2.38197588921
         10.8,             0,             0, -0.680000007153,  19.484834671, 110.841690063,          4000, 4.76054525375, -10.5159063339, 2.35010766983
       10.825,             0,             0, -0.670000016689, 19.4848308563, 110.227012634,          4000, 4.52794790268, -10.5159063339, 2.31823945045
        10.85,             0,             0, -0.660000026226, 19.4848251343, 109.612335205,          4000, 4.29535102844, -10.5159063339,  2.2863714695
       10.875,             0,             0, -0.649999976158, 19.4848213196, 108.997650146,          4000, 4.06275415421, -10.5159072876, 2.25450396538
         10.9,             0,             0, -0.639999985695, 19.4848175049, 108.382972717,          4000, 3.83015727997, -10.5159072876, 2.22263646126
       10.925,             0,             0, -0.629999995232, 19.4848136902, 107.768287659,          4000, 3.59756040573, -10.5159072876, 2.19076895714
        10.95,             0,             0, -0.620000004768, 19.4848098755,   107.1536026,          4000, 3.36496353149, -10.5159082413, 2.15890192986
       10.975,             0,             0, -0.610000014305, 19.4848060608, 106.538909912,          4000, 3.13236665726, -10.5159082413, 2.12703514099
           11,             0,             0, -0.600000023842, 19.4848022461, 105.924217224,          4000,  2.8997695446, -10.5159082413, 2.09516859055
       11.025,             0,             0, -0.589999973774, 19.4847984314, 105.309524536,          4000, 2.66717267036, -10.5159091949,  2.0633020401
        11.05,             0,             0, -0.579999983311, 19.4847946167, 104.694831848,          4000, 2.43457579613, -10.5159091949, 2.03143596649
       11.075,             0,             0, -0.569999992847,  19.484790802, 104.080131531,          4000, 2.20197868347, -10.5159091949, 1.99957001209
         11.1,             0,             0, -0.560000002384, 19.4847888947, 103.465438843,          4000, 1.96938180923, -10.5159101486, 1.96770441532
       11.125,             0,             0, -0.550000011921,   19.48478508, 102.850730896,          4000,   1.736784935, -10.5159101486, 1.93583893776
        11.15,             0,             0, -0.540000021458, 19.4847812653, 102.236030579,          4000, 1.50418794155, -10.5159101486, 1.90397369862
       11.175,             0,             0, -0.52999997139, 19.4847774506, 101.621322632,          4000,  1.2715909481, -10.5159101486,  1.8721088171
         11.2,             0,             0, -0.519999980927, 19.4847755432, 101.006614685,          4000, 1.03899407387, -10.5159111023,   1.840244174
       11.225,             0,             0, -0.509999990463, 19.4847717285, 100.391906738,          4000, 0.806397080421, -10.5159111023, 1.80837976933
        11.25,             0,             0,          -0.5, 19.4847679138, 99.7771911621,          4000, 0.573800086975, -10.5159111023, 1.77651560307
       11.275,             0,             0, -0.490000009537, 19.4847660065, 99.1624832153,          4000, 0.341203153133, -10.5159111023, 1.74465179443
         11.3,             0,             0, -0.479999989271, 19.4847621918, 98.5477676392,          4000, 0.108606182039, -10.515912056, 1.71278822422
       11.325,             0,             0, -0.469999998808, 19.4847602844, 97.9330444336,          4000, -0.123990774155, -10.515912056, 1.68092501163
        11.35,             0,             0, -0.460000008345, 19.4847564697, 97.3183288574,          4000, -0.356587737799, -10.515912056, 1.64906203747
       11.375,             0,             0, -0.449999988079, 19.4847545624, 96.7036056519,          4000, -0.589184701443, -10.515912056, 1.61719930172
         11.4,             0,             0, -0.439999997616, 19.4847507477, 96.0888748169,          4000, -0.821781635284, -10.5159130096,  1.5853369236
       11.425,             0,             0, -0.430000007153, 19.4847488403, 95.4741516113,          4000, -1.05437862873, -10.5159130096, 1.55347490311
        11.45,             0,             0, -0.419999986887, 19.4847450256, 94.8594207764,          4000, -1.28697550297, -10.5159130096, 1.52161312103
       11.475,             0,             0, -0.409999996424, 19.4847431183, 94.2446899414,          4000, -1.51957249641, -10.5159130096, 1.48975169659
         11.5,             0,             0, -0.40000000596, 19.4847412109, 93.6299591064,          4000, -1.75216948986, -10.5159130096, 1.45789051056
       11.525,             0,             0, -0.389999985695, 19.4847373962, 93.0152206421,          4000, -1.9847663641, -10.5159139633, 1.42602968216
        11.55,             0,             0, -0.379999995232, 19.4847354889, 92.4004898071,          4000, -2.21736335754, -10.5159139633, 1.39416921139
       11.575,             0,             0, -0.370000004768, 19.4847335815, 91.7857513428,          4000, -2.44996023178, -10.5159139633, 1.36230909824
         11.6,             0,             0, -0.360000014305, 19.4847316742,  91.171005249,          4000, -2.68255710602, -10.5159139633, 1.33044922352
       11.625,             0,             0, -0.34999999404, 19.4847297668, 90.5562667847,          4000, -2.91515421867, -10.5159139633, 1.29858982563
        11.65,             0,             0, -0.340000003576, 19.4847259521, 89.9415206909,          4000, -3.14775109291, -10.515914917, 1.26673066616
       11.675,             0,             0, -0.330000013113, 19.4847240448, 89.3267745972,          4000, -3.38034796715, -10.515914917, 1.23487198353
         11.7,             0,             0, -0.319999992847, 19.4847221375,  88.712020874,          4000, -3.61294484138, -10.515914917, 1.20301353931
       11.725,             0,             0, -0.310000002384, 19.4847202301, 88.0972747803,          4000, -3.84554171562, -10.515914917, 1.17115545273
        11.75,             0,             0, -0.300000011921, 19.4847183228, 87.4825210571,          4000, -4.07813882828, -10.515914917, 1.13929784298
       11.775,             0,             0, -0.289999991655, 19.4847164154, 86.8677597046,          4000, -4.31073570251, -10.515914917, 1.10744047165
         11.8,             0,             0, -0.280000001192, 19.4847145081, 86.2530059814,          4000, -4.54333257675, -10.515914917, 1.07558357716
       11.825,             0,             0, -0.270000010729, 19.4847145081, 85.6382446289,          4000, -4.77592945099, -10.5159158707, 1.04372704029
        11.85,             0,             0, -0.259999990463, 19.4847126007, 85.0234832764,          4000, -5.00852632523, -10.5159158707, 1.01187086105
       11.875,             0,             0,         -0.25, 19.4847106934, 84.4087219238,          4000, -5.24112319946, -10.5159158707, 0.980015099049
         11.9,             0,             0, -0.239999994636,  19.484708786, 83.7939605713,          4000, -5.4737200737, -10.5159158707, 0.948159754276
       11.925,             0,             0, -0.230000004172, 19.4847068787, 83.1791915894,          4000, -5.70631694794, -10.5159158707, 0.916304767132
        11.95,             0,             0, -0.219999998808, 19.4847068787, 82.5644226074,          4000, -5.93891334534, -10.5159158707, 0.88445019722
       11.975,             0,             0, -0.209999993443, 19.4847049713, 81.9496536255,          4000, -6.17151021957, -10.5159158707, 0.85259604454
           12,             0,             0, -0.20000000298,  19.484703064, 81.3348770142,          4000, -6.40410709381, -10.5159158707, 0.820742309093
       12.025,             0,             0, -0.189999997616,  19.484703064, 80.7201004028,          4000, -6.63670396805, -10.5159168243, 0.788888990879
        12.05,             0,             0, -0.180000007153, 19.4847011566, 80.1053237915,          4000, -6.86930084229, -10.5159168243, 0.757036089897
       12.075,             0,             0, -0.170000001788, 19.4846992493, 79.4905471802,          4000, -7.10189771652, -10.5159168243, 0.725183606148
         12.1,             0,             0, -0.159999996424, 19.4846992493, 78.8757705688,          4000, -7.33449459076, -10.5159168243, 0.693331599236
       12.125,             0,             0, -0.15000000596, 19.4846973419, 78.2609863281,          4000, -7.56709098816, -10.5159168243, 0.661479949951
        12.15,             0,             0, -0.140000000596, 19.4846973419, 77.6462020874,          4000, -7.7996878624, -10.5159168243, 0.629628837109
       12.175,             0,             0, -0.129999995232, 19.4846973419, 77.0314178467,          4000, -8.03228473663, -10.5159168243, 0.597778081894
         12.2,             0,             0, -0.119999997318, 19.4846954346, 76.4166259766,          4000, -8.26488113403, -10.5159168243, 0.565927863121
       12.225,             0,             0, -0.109999999404, 19.4846954346, 75.8018341064,          4000, -8.49747848511, -10.5159168243, 0.534078061581
        12.25,             0,             0, -0.10000000149, 19.4846935272, 75.1870422363,          4000, -8.73007488251, -10.5159168243, 0.502228677273
       12.275,             0,             0, -0.0900000035763, 19.4846935272, 74.5722503662,          4000, -8.96267127991, -10.5159168243, 0.470379829407
         12.3,             0,             0, -0.0799999982119, 19.4846935272, 73.9574508667,          4000, -9.19526863098, -10.5159168243, 0.438531398773
       12.325,             0,             0, -0.070000000298, 19.4846935272, 73.3426589966,          4000, -9.42786502838, -10.5159168243, 0.406683474779
        12.35,             0,             0, -0.0599999986589, 19.4846916199, 72.7278594971,          4000, -9.66046142578, -10.5159168243, 0.374836027622
       12.375,             0,             0, -0.0500000007451, 19.4846916199, 72.1130523682,          4000, -9.89305782318, -10.5159168243, 0.342989057302
         12.4,             0,             0, -0.0399999991059, 19.4846916199, 71.4982528687,          4000, -10.1256551743, -10.5159168243, 0.31114256382
       12.425,             0,             0, -0.0299999993294, 19.4846916199, 70.8834457397,          4000, -10.3582515717, -10.5159168243, 0.279296606779
        12.45,             0,             0, -0.019999999553, 19.4846916199, 70.2686386108,          4000, -10.5908479691, -10.5159168243, 0.247451111674
       12.475,             0,             0, -0.00999999977648, 19.4846916199, 69.6538314819,          4000, -10.8234443665, -10.5159168243, 0.215606123209
         12.5,             0,             0, 5.25568019552e-14, 19.4846916199,  69.039024353,          4000, -11.0560407639, -10.5159168243, 0.183761641383
       12.525,             0,             0, 0.00999999977648, 19.4846916199, 68.4119186401,          4000, -11.2885665894, -10.5159168243, 0.151916965842
        12.55,             0,             0, 0.019999999553, 19.4846916199, 67.7848129272,          4000, -11.5210914612, -10.5159168243, 0.12007278949
       12.575,             0,             0, 0.0299999993294, 19.4846916199, 67.1577072144,          4000, -11.753616333, -10.5159168243, 0.0882291197777
         12.6,             0,             0, 0.0399999991059, 19.4846916199, 66.5305938721,          4000, -11.9861412048, -10.5159168243, 0.0563859678805
       12.625,             0,             0, 0.0500000007451, 19.4846916199, 65.9034881592,          4000, -12.2186660767, -10.5159168243, 0.0245433263481
        12.65,             0,             0, 0.0599999986589, 19.4846916199, 65.2763748169,          4000, -12.4511909485, -10.5159168243, -0.00729879271239
       12.675,             0,             0, 0.070000000298, 19.4846935272, 64.6492614746,          4000, -12.6837158203, -10.5159168243, -0.0391403883696
         12.7,             0,             0, 0.0799999982119, 19.4846935272, 64.0221405029,          4000, -12.9162406921, -10.5159168243, -0.0709814578295
       12.725,             0,             0, 0.0900000035763, 19.4846935272, 63.3950233459,          4000, -13.148765564, -10.5159168243, -0.102821990848
        12.75,             0,             0, 0.10000000149, 19.4846935272, 62.7679023743,          4000, -13.3812904358, -10.5159168243, -0.134661987424
       12.775,             0,             0, 0.109999999404, 19.4846954346, 62.1407814026,          4000, -13.6138153076, -10.5159168243, -0.166501447558
         12.8,             0,             0, 0.119999997318, 19.4846954346, 61.5136566162,          4000, -13.8463401794, -10.5159168243, -0.19834035635
       12.825,             0,             0, 0.129999995232, 19.4846973419, 60.8865318298,          4000, -14.0788650513, -10.5159168243, -0.230178713799
        12.85,             0,             0, 0.140000000596, 19.4846973419, 60.2594032288,          4000, -14.3113899231, -10.5159168243, -0.262016505003
       12.875,             0,             0, 0.15000000596, 19.4846973419, 59.6322746277,          4000, -14.5439147949, -10.5159168243, -0.293853759766
         12.9,             0,             0, 0.159999996424, 19.4846992493, 59.0051460266,          4000, -14.7764396667, -10.5159168243, -0.325690448284
       12.925,             0,             0, 0.170000001788, 19.4846992493, 58.3780136108,          4000, -15.0089635849, -10.5159168243, -0.357526570559
        12.95,             0,             0, 0.180000007153, 19.4847011566, 57.7508773804,          4000, -15.2414884567, -10.5159168243, -0.389362126589
       12.975,             0,             0, 0.189999997616,  19.484703064, 57.1237411499,          4000, -15.4740133286, -10.5159168243, -0.421197086573
           13,             0,             0, 0.20000000298,  19.484703064, 56.4966011047,          4000, -15.7065382004, -10.5159158707, -0.453031480312
       13.025,             0,             0, 0.209999993443, 19.4847049713, 55.8694610596,          4000, -15.9390621185, -10.5159158707, -0.484865307808
        13.05,             0,             0, 0.219999998808, 19.4847068787, 55.2423210144,          4000, -16.1715869904, -10.5159158707, -0.516698539257
       13.075,             0,             0, 0.230000004172, 19.4847068787, 54.6151771545,          4000, -16.4041118622, -10.5159158707, -0.54853117466
         13.1,             0,             0, 0.239999994636,  19.484708786, 53.9880332947,          4000, -16.636636734, -10.5159158707, -0.580363214016
       13.125,             0,             0,          0.25, 19.4847106934, 53.3608856201,          4000, -16.8691616058, -10.5159158707, -0.612194657326
        13.15,             0,             0, 0.259999990463, 19.4847126007, 52.7337379456,          4000, -17.1016845703, -10.5159158707, -0.644025444984
       13.175,             0,             0, 0.270000010729, 19.4847145081, 52.1065864563,          4000, -17.3342094421, -10.5159158707, -0.675855696201
         13.2,             0,             0, 0.280000001192, 19.4847145081,  51.479434967,          4000, -17.566734314, -10.515914917, -0.707685291767
       13.225,             0,             0, 0.289999991655, 19.4847164154, 50.8522796631,          4000, -17.7992591858, -10.515914917, -0.739514291286
        13.25,             0,             0, 0.300000011921, 19.4847183228, 50.2251243591,          4000, -18.0317821503, -10.515914917, -0.771342694759
       13.275,             0,             0, 0.310000002384, 19.4847202301, 49.5979690552,          4000, -18.2643070221, -10.515914917, -0.803170442581
         13.3,             0,             0, 0.319999992847, 19.4847221375, 48.9708099365,          4000, -18.4968318939, -10.515914917, -0.834997534752
       13.325,             0,             0, 0.330000013113, 19.4847240448, 48.3436508179,          4000, -18.7293567657, -10.515914917, -0.866824030876
        13.35,             0,             0, 0.340000003576, 19.4847259521, 47.7164878845,          4000, -18.9618797302, -10.515914917, -0.898649871349
       13.375,             0,             0, 0.34999999404, 19.4847297668, 47.0893249512,          4000, -19.1944046021, -10.5159139633, -0.930475056171
         13.4,             0,             0, 0.360000014305, 19.4847316742, 46.4621582031,          4000, -19.4269294739, -10.5159139633, -0.962299644947
       13.425,             0,             0, 0.370000004768, 19.4847335815, 45.8349914551,          4000, -19.6594524384, -10.5159139633, -0.994123518467
        13.45,             0,             0, 0.379999995232, 19.4847354889,  45.207824707,          4000, -19.8919773102, -10.5159139633, -1.02594673634
       13.475,             0,             0, 0.389999985695, 19.4847373962, 44.5806541443,          4000, -20.124502182, -10.5159139633, -1.05776941776
         13.5,             0,             0, 0.40000000596, 19.4847412109, 43.9534835815,          4000, -20.3570251465, -10.5159130096, -1.08959126472
       13.525,             0,             0, 0.409999996424, 19.4847431183, 43.3263092041,          4000, -20.5895500183, -10.5159130096, -1.12141251564
        13.55,             0,             0, 0.419999986887, 19.4847450256, 42.6991348267,          4000, -20.8220729828, -10.5159130096, -1.15323317051
       13.575,             0,             0, 0.430000007153, 19.4847488403, 42.0719566345,          4000, -21.0545978546, -10.5159130096, -1.18505311012
         13.6,             0,             0, 0.439999997616, 19.4847507477, 41.4447784424,          4000, -21.2871227264, -10.5159130096, -1.21687233448
       13.625,             0,             0, 0.449999988079, 19.4847545624, 40.8176002502,          4000, -21.5196456909, -10.515912056, -1.24869084358
        13.65,             0,             0, 0.460000008345, 19.4847564697, 40.1904182434,          4000, -21.7521705627, -10.515912056, -1.28050863743
       13.675,             0,             0, 0.469999998808, 19.4847602844, 39.5632362366,          4000, -21.9846935272, -10.515912056, -1.31232583523
         13.7,             0,             0, 0.479999989271, 19.4847621918, 38.9360542297,          4000, -22.217218399, -10.515912056, -1.34414231777
       13.725,             0,             0, 0.490000009537, 19.4847660065, 38.3088684082,          4000, -22.4497413635, -10.5159111023, -1.37595808506
        13.75,             0,             0,           0.5, 19.4847679138,  37.681678772,          4000, -22.682264328, -10.5159111023, -1.40777313709
       13.775,             0,             0, 0.509999990463, 19.4847717285, 37.0544929504,          4000, -22.9147891998, -10.5159111023, -1.43958747387
         13.8,             0,             0, 0.519999980927, 19.4847755432, 36.4272994995,          4000, -23.1473121643, -10.5159111023, -1.47140109539
       13.825,             0,             0, 0.52999997139, 19.4847774506, 35.8001098633,          4000, -23.3798370361, -10.5159101486, -1.50321400166
        13.85,             0,             0, 0.540000021458, 19.4847812653, 35.1729164124,          4000, -23.6123600006, -10.5159101486, -1.53502619267
       13.875,             0,             0, 0.550000011921,   19.48478508, 34.5457229614,          4000, -23.8448829651, -10.5159101486, -1.56683766842
         13.9,             0,             0, 0.560000002384, 19.4847888947, 33.9185256958,          4000, -24.0774078369, -10.5159101486, -1.59864842892
       13.925,             0,             0, 0.569999992847,  19.484790802, 33.2913284302,          4000, -24.3099308014, -10.5159091949, -1.63045835495
        13.95,             0,             0, 0.579999983311, 19.4847946167, 32.6641311646,          4000, -24.5424537659, -10.5159091949, -1.66226768494
       13.975,             0,             0, 0.589999973774, 19.4847984314, 32.0369300842,          4000, -24.7749786377, -10.5159091949, -1.69407618046
           14,             0,             0, 0.600000023842, 19.4848022461, 31.4097290039,          4000, -25.0075016022, -10.5159082413, -1.72588396072
       14.025,             0,             0, 0.610000014305, 19.4848060608, 30.7825260162,          4000, -25.2400245667, -10.5159082413, -1.75769090652
        14.05,             0,             0, 0.620000004768, 19.4848098755, 30.1553211212,          4000, -25.4725475311, -10.5159082413, -1.78949713707
       14.075,             0,             0, 0.629999995232, 19.4848136902, 29.5281162262,          4000, -25.705072403, -10.5159072876, -1.82130265236
         14.1,             0,             0, 0.639999985695, 19.4848175049, 28.9009094238,          4000, -25.9375953674, -10.5159072876, -1.85310733318
       14.125,             0,             0, 0.649999976158, 19.4848213196, 28.2737007141,          4000, -26.1701183319, -10.5159072876, -1.88491129875
        14.15,             0,             0, 0.660000026226, 19.4848251343, 27.6464920044,          4000, -26.4026412964, -10.5159063339, -1.91671454906
       14.175,             0,             0, 0.670000016689, 19.4848308563,   27.01927948,          4000, -26.6351642609, -10.5159063339, -1.9485168457
         14.2,             0,             0, 0.680000007153,  19.484834671, 26.3920688629,          4000, -26.8676891327, -10.5159063339, -1.9803185463
       14.225,             0,             0, 0.689999997616, 19.4848384857, 25.7648544312,          4000, -27.1002120972, -10.5159053802, -2.01211929321
        14.25,             0,             0, 0.699999988079, 19.4848423004, 25.1376399994,          4000, -27.3327350616, -10.5159053802, -2.04391932487
       14.275,             0,             0, 0.709999978542, 19.4848480225, 24.5104236603,          4000, -27.5652580261, -10.5159053802, -2.07571864128
         14.3,             0,             0, 0.72000002861, 19.4848518372, 23.8832054138,          4000, -27.7977809906, -10.5159044266, -2.10751700401
       14.325,             0,             0, 0.730000019073, 19.4848556519, 23.2559871674,          4000, -28.0303039551, -10.5159044266, -2.13931465149
        14.35,             0,             0, 0.740000009537, 19.4848613739, 22.6287670135,          4000, -28.2628269196, -10.5159044266, -2.17111158371
       14.375,             0,             0,          0.75, 19.4848651886, 22.0015449524,          4000, -28.495349884, -10.5159034729, -2.20290756226
         14.4,             0,             0, 0.759999990463, 19.4848709106, 21.3743228912,          4000, -28.7278728485, -10.5159034729, -2.23470258713
       14.425,             0,             0, 0.769999980927, 19.4848747253, 20.7470989227,          4000, -28.960395813, -10.5159025192, -2.26649713516
        14.45,             0,             0, 0.77999997139, 19.4848804474, 20.1198749542,          4000, -29.1929187775, -10.5159025192, -2.2982904911
       14.475,             0,             0, 0.790000021458, 19.4848842621, 19.4926490784,          4000, -29.4254398346, -10.5159025192, -2.33008337021
         14.5,             0,             0, 0.800000011921, 19.4848899841, 18.8654212952,          4000, -29.6579627991, -10.5159015656, -2.36187529564
       14.525,             0,             0, 0.810000002384, 19.4848937988,  18.238193512,          4000, -29.8904857635, -10.5159015656, -2.3936662674
        14.55,             0,             0, 0.819999992847, 19.4848995209, 17.6109638214,          4000, -30.123008728, -10.5159006119, -2.4254565239
       14.575,             0,             0, 0.829999983311, 19.4849052429, 16.9837322235,          4000, -30.3555316925, -10.5159006119, -2.45724582672
         14.6,             0,             0, 0.839999973774, 19.4849090576, 16.3565006256,          4000, -30.588054657, -10.5159006119, -2.48903417587
       14.625,             0,             0, 0.850000023842, 19.4849147797,  15.729268074,          4000, -30.8205757141, -10.5158996582, -2.52082180977
        14.65,             0,             0, 0.860000014305, 19.4849205017, 15.1020336151,          4000, -31.0530986786, -10.5158996582, -2.55260872841
       14.675,             0,             0, 0.870000004768, 19.4849262238, 14.4747982025,          4000, -31.2856216431, -10.5158987045, -2.58439445496
         14.7,             0,             0, 0.879999995232, 19.4849319458, 13.8475618362,          4000, -31.5181446075, -10.5158987045, -2.61617946625
       14.725,             0,             0, 0.889999985695, 19.4849376678, 13.2203245163,          4000, -31.7506656647, -10.5158977509, -2.64796376228
        14.75,             0,             0, 0.899999976158, 19.4849433899, 12.5930862427,          4000, -31.9831886292, -10.5158977509, -2.67974710464
       14.775,             0,             0, 0.910000026226, 19.4849491119, 11.9658460617,          4000, -32.2157096863, -10.5158967972, -2.71152949333
         14.8,             0,             0, 0.920000016689,  19.484954834, 11.3386058807,          4000, -32.4482345581, -10.5158967972, -2.74331092834
       14.825,             0,             0, 0.930000007153,  19.484960556, 10.7113637924,          4000, -32.6807556152, -10.5158958435, -2.7750916481
        14.85,             0,             0, 0.939999997616, 19.4849662781, 10.0841217041,          4000, -32.9132766724, -10.5158958435, -2.80687117577
       14.875,             0,             0, 0.949999988079, 19.4849720001, 9.45687770844,          4000, -33.1457977295, -10.5158948898, -2.83865022659
         14.9,             0,             0, 0.959999978542, 19.4849777222, 8.82963275909,          4000, -33.3783226013, -10.5158948898, -2.87042808533
       14.925,             0,             0, 0.97000002861, 19.4849834442, 8.20238685608,          4000, -33.6108436584, -10.5158948898, -2.90220499039
        14.95,             0,             0, 0.980000019073, 19.4849891663, 7.57514047623,          4000, -33.8433647156, -10.5158939362, -2.93398118019
       14.975,             0,             0, 0.990000009537, 19.4849967957,  6.9478931427,          4000, -34.0758857727, -10.5158929825, -2.96575641632
           15,             0,             0,             1, 19.4850025177, 6.32064437866,          4000, -34.3084068298, -10.5158929825, -2.99753046036
       15.025,             0,             0, 1.00999999046, 19.4850082397, 5.69339466095,          4000, -34.5409317017, -10.5158920288, -3.02930378914
        15.05,             0,             0, 1.01999998093, 19.4850139618,  5.0661444664,          4000, -34.7734527588, -10.5158920288, -3.06107640266
       15.075,             0,             0, 1.02999997139, 19.4850215912, 4.43889284134,          4000, -35.0059738159, -10.5158910751, -3.0928478241
         15.1,             0,             0, 1.03999996185, 19.4850273132, 3.81164073944,          4000, -35.238494873, -10.5158910751, -3.12461829185
       15.125,             0,             0, 1.04999995232, 19.4850349426, 3.18438744545,          4000, -35.4710159302, -10.5158901215, -3.15638780594
        15.15,             0,             0, 1.05999994278, 19.4850406647,  2.5571334362,          4000, -35.7035369873, -10.5158901215, -3.18815660477
       15.175,             0,             0, 1.07000005245, 19.4850482941, 1.92987847328,          4000, -35.9360618591, -10.5158891678, -3.2199242115
         15.2,             0,             0, 1.08000004292, 19.4850540161,  1.3026226759,          4000, -36.1685829163, -10.5158891678, -3.25169086456
       15.225,             0,             0, 1.09000003338, 19.4850616455, 0.67536598444,          4000, -36.4011039734, -10.5158882141, -3.28345656395
        15.25,             0,             0, 1.10000002384, 19.4850673676, 0.0481084957719,          4000, -36.6336250305, -10.5158882141, -3.31522154808
       15.275,             0,             0, 1.11000001431, 19.4850749969, -0.579149782658,          4000, -36.8661460876, -10.5158872604, -3.34698534012
         15.3,             0,             0, 1.12000000477, 19.4850826263, -1.2064088583,          4000, -37.0986671448, -10.5158863068, -3.37874817848
       15.325,             0,             0, 1.12999999523, 19.4850883484, -1.83366882801,          4000, -37.3311882019, -10.5158863068, -3.41051006317
        15.35,             0,             0, 1.13999998569, 19.4850959778, -2.46092939377,          4000, -37.563709259, -10.5158853531, -3.44227075577
       15.375,             0,             0, 1.14999997616, 19.4851036072, -3.08819103241,          4000, -37.7962303162, -10.5158853531, -3.47403073311
         15.4,             0,             0, 1.15999996662, 19.4851112366, -3.71545314789,          4000, -38.0287513733, -10.5158843994, -3.50578975677
       15.425,             0,             0, 1.16999995708,  19.485118866, -4.34271621704,          4000, -38.2612724304, -10.5158834457, -3.53754758835
        15.45,             0,             0, 1.17999994755, 19.4851264954, -4.96997976303,          4000, -38.4937934875, -10.5158834457, -3.56930446625
       15.475,             0,             0, 1.19000005722, 19.4851341248, -5.5972442627,          4000, -38.7263145447, -10.5158824921, -3.60106039047
         15.5,             0,             0, 1.20000004768, 19.4851417542, -6.2245092392,          4000, -38.9588356018, -10.5158824921, -3.63281536102
       15.525,             0,             0, 1.21000003815, 19.4851493835, -6.85177516937,          4000, -39.1913566589, -10.5158815384, -3.66456913948
        15.55,             0,             0, 1.22000002861, 19.4851570129, -7.47904157639,          4000, -39.4238777161, -10.5158805847, -3.69632196426
       15.575,             0,             0, 1.23000001907, 19.4851646423, -8.10630893707,          4000, -39.6563949585, -10.5158805847, -3.72807383537
         15.6,             0,             0, 1.24000000954, 19.4851722717, -8.7335767746,          4000, -39.8889160156, -10.515879631, -3.75982475281
       15.625,             0,             0,          1.25, 19.4851799011, -9.36084461212,          4000, -40.1214370728, -10.5158786774, -3.79157447815
        15.65,             0,             0, 1.25999999046, 19.4851875305, -9.98811435699,          4000, -40.3539581299, -10.5158786774, -3.82332324982
       15.675,             0,             0, 1.26999998093, 19.4851951599, -10.6153841019,          4000, -40.586479187, -10.5158777237, -3.85507082939
         15.7,             0,             0, 1.27999997139, 19.4852027893, -11.2426538467,          4000, -40.8190002441,  -10.51587677, -3.88681745529
       15.725,             0,             0, 1.28999996185,  19.485212326, -11.8699245453,          4000, -41.0515174866,  -10.51587677, -3.91856312752
        15.75,             0,             0, 1.29999995232, 19.4852199554, -12.4971961975,          4000, -41.2840385437, -10.5158758163, -3.95030760765
       15.775,             0,             0, 1.30999994278, 19.4852275848, -13.1244678497,          4000, -41.5165596008, -10.5158748627, -3.98205113411
         15.8,             0,             0, 1.32000005245, 19.4852371216, -13.7517404556,          4000, -41.749080658, -10.5158748627, -4.01379346848
       15.825,             0,             0, 1.33000004292,  19.485244751, -14.3790140152,          4000, -41.9816017151, -10.515873909, -4.04553508759
        15.85,             0,             0, 1.34000003338, 19.4852542877, -15.0062875748,          4000, -42.2141189575, -10.5158729553, -4.07727527618
       15.875,             0,             0, 1.35000002384, 19.4852619171, -15.6335611343,          4000, -42.4466400146, -10.5158729553, -4.10901451111
         15.9,             0,             0, 1.36000001431, 19.4852714539, -16.2608356476,          4000, -42.6791610718, -10.5158720016, -4.14075279236
       15.925,             0,             0, 1.37000000477, 19.4852790833, -16.8881111145,          4000, -42.9116783142, -10.515871048, -4.1724896431
        15.95,             0,             0, 1.37999999523,   19.48528862, -17.5153865814,          4000, -43.1441993713, -10.515871048, -4.20422554016
       15.975,             0,             0, 1.38999998569, 19.4852981567, -18.1426620483,          4000, -43.3767204285, -10.5158700943, -4.23596048355
           16,             0,             0, 1.39999997616, 19.4853057861, -18.7699394226,          4000, -43.6092376709, -10.5158691406, -4.26769399643
       16.025,             0,             0, 1.40999996662, 19.4853153229, -19.3972148895,          4000, -43.841758728, -10.515868187, -4.29942703247
        16.05,             0,             0, 1.41999995708, 19.4853248596, -20.0244922638,          4000, -44.0742759705, -10.515868187, -4.33115816116
       16.075,             0,             0, 1.42999994755,  19.485332489, -20.6517696381,          4000, -44.3067970276, -10.5158672333, -4.36288881302
         16.1,             0,             0, 1.44000005722, 19.4853420258, -21.2790489197,          4000, -44.5393180847, -10.5158662796, -4.39461803436
       16.125,             0,             0, 1.45000004768, 19.4853515625, -21.9063262939,          4000, -44.7718353271, -10.5158653259, -4.42634630203
        16.15,             0,             0, 1.46000003815, 19.4853610992, -22.5336055756,          4000, -45.0043563843, -10.5158653259, -4.45807361603
       16.175,             0,             0, 1.47000002861,  19.485370636, -23.1608848572,          4000, -45.2368736267, -10.5158643723, -4.48979949951
         16.2,             0,             0, 1.48000001907, 19.4853801727, -23.7881641388,          4000, -45.4693946838, -10.5158634186, -4.52152442932
       16.225,             0,             0, 1.49000000954, 19.4853897095, -24.4154434204,          4000, -45.7019119263, -10.5158624649, -4.55324792862
        16.25,             0,             0,           1.5, 19.4853992462, -25.042722702,          4000, -45.9344329834, -10.5158615112, -4.58497047424
       16.275,             0,             0, 1.50999999046,  19.485408783, -25.670003891,          4000, -46.1669502258, -10.5158615112, -4.61669158936
         16.3,             0,             0, 1.51999998093, 19.4854183197,  -26.29728508,          4000, -46.399471283, -10.5158605576, -4.64841222763
       16.325,             0,             0, 1.52999997139, 19.4854278564, -26.9245643616,          4000, -46.6319885254, -10.5158596039, -4.68013095856
        16.35,             0,             0, 1.53999996185, 19.4854373932, -27.5518455505,          4000, -46.8645057678, -10.5158586502, -4.71184921265
       16.375,             0,             0, 1.54999995232, 19.4854488373, -28.1791267395,          4000, -47.097026825, -10.5158576965, -4.74356555939
         16.4,             0,             0, 1.55999994278,  19.485458374, -28.8064079285,          4000, -47.3295440674, -10.5158576965, -4.77528142929
       16.425,             0,             0, 1.57000005245, 19.4854679108, -29.4336910248,          4000, -47.5620613098, -10.5158567429, -4.80699586868
        16.45,             0,             0, 1.58000004292, 19.4854774475, -30.0609722137,          4000, -47.7945823669, -10.5158557892, -4.83870887756
       16.475,             0,             0, 1.59000003338, 19.4854888916, -30.6882534027,          4000, -48.0270996094, -10.5158548355, -4.87042093277
         16.5,             0,             0, 1.60000002384, 19.4854984283, -31.315536499,          4000, -48.2596168518, -10.5158538818, -4.9021320343
       16.525,             0,             0, 1.61000001431, 19.4855098724, -31.942817688,          4000, -48.4921379089, -10.5158529282, -4.93384170532
        16.55,             0,             0, 1.62000000477, 19.4855194092, -32.570098877,          4000, -48.7246551514, -10.5158529282, -4.96554994583
       16.575,             0,             0, 1.62999999523, 19.4855308533, -33.1973838806,          4000, -48.9571723938, -10.5158519745, -4.99725723267
         16.6,             0,             0, 1.63999998569,   19.48554039, -33.8246650696,          4000, -49.1896896362, -10.5158510208, -5.02896308899
       16.625,             0,             0, 1.64999997616, 19.4855518341, -34.4519462585,          4000, -49.4222106934, -10.5158500671, -5.06066799164
        16.65,             0,             0, 1.65999996662, 19.4855613708, -35.0792312622,          4000, -49.6547279358, -10.5158491135, -5.09237194061
       16.675,             0,             0, 1.66999995708, 19.4855728149, -35.7065124512,          4000, -49.8872451782, -10.5158481598, -5.12407398224
         16.7,             0,             0, 1.67999994755,  19.485584259, -36.3337974548,          4000, -50.1197624207, -10.5158472061, -5.15577554703
       16.725,             0,             0, 1.69000005722, 19.4855937958, -36.9610786438,          4000, -50.3522796631, -10.5158462524, -5.18747520447
        16.75,             0,             0, 1.70000004768, 19.4856052399, -37.5883598328,          4000, -50.5847969055, -10.5158462524, -5.21917390823
       16.775,             0,             0, 1.71000003815,  19.485616684, -38.2156448364,          4000, -50.8173141479, -10.5158452988, -5.25087165833
         16.8,             0,             0, 1.72000002861, 19.4856281281, -38.8429260254,          4000, -51.0498313904, -10.5158443451, -5.28256797791
       16.825,             0,             0, 1.73000001907, 19.4856395721, -39.4702072144,          4000, -51.2823486328, -10.5158433914, -5.31426286697
        16.85,             0,             0, 1.74000000954, 19.4856510162, -40.097492218,          4000, -51.5148658752, -10.5158424377, -5.34595680237
       16.875,             0,             0,          1.75, 19.4856624603, -40.724773407,          4000, -51.7473831177, -10.5158414841, -5.37764930725
         16.9,             0,             0, 1.75999999046, 19.4856739044, -41.3520545959,          4000, -51.9799003601, -10.5158405304, -5.40934038162
       16.925,             0,             0, 1.76999998093, 19.4856853485, -41.9793395996,          4000, -52.2124176025, -10.5158395767, -5.44103050232
        16.95,             0,             0, 1.77999997139, 19.4856967926, -42.6066207886,          4000, -52.444934845, -10.515838623, -5.4727191925
       16.975,             0,             0, 1.78999996185, 19.4857082367, -43.2339019775,          4000, -52.6774520874, -10.5158376694, -5.50440645218
           17,             0,             0, 1.79999995232, 19.4857196808, -43.8611831665,          4000, -52.9099693298, -10.5158367157, -5.53609275818
       17.025,             0,             0, 1.80999994278, 19.4857311249, -44.4884643555,          4000, -53.1424865723, -10.515835762, -5.56777763367
        17.05,             0,             0, 1.82000005245,  19.485742569, -45.1157455444,          4000, -53.3750038147, -10.5158348083, -5.59946107864
       17.075,             0,             0, 1.83000004292, 19.4857559204, -45.7430267334,          4000, -53.6075210571, -10.5158338547, -5.63114356995
         17.1,             0,             0, 1.84000003338, 19.4857673645, -46.3703079224,          4000, -53.8400382996, -10.515832901, -5.6628241539
       17.125,             0,             0, 1.85000002384, 19.4857788086, -46.9975891113,          4000, -54.0725517273, -10.5158319473, -5.69450426102
        17.15,             0,             0, 1.86000001431,   19.48579216, -47.6248703003,          4000, -54.3050689697, -10.5158309937, -5.72618246078
       17.175,             0,             0, 1.87000000477, 19.4858036041, -48.2521476746,          4000, -54.5375862122,  -10.51583004, -5.75785970688
         17.2,             0,             0, 1.87999999523, 19.4858169556, -48.8794288635,          4000, -54.7701034546, -10.5158290863, -5.78953552246
       17.225,             0,             0, 1.88999998569, 19.4858283997, -49.5067100525,          4000, -55.002620697, -10.5158281326, -5.82120990753
        17.25,             0,             0, 1.89999997616, 19.4858417511, -50.1339874268,          4000, -55.2351341248, -10.515827179, -5.85288286209
       17.275,             0,             0, 1.90999996662, 19.4858531952, -50.761264801,          4000, -55.4676513672, -10.5158262253, -5.88455486298
         17.3,             0,             0, 1.91999995708, 19.4858665466,  -51.38854599,          4000, -55.7001686096, -10.5158252716, -5.91622495651
       17.325,             0,             0, 1.92999994755, 19.4858798981, -52.0158233643,          4000, -55.9326820374, -10.5158243179, -5.94789409637
        17.35,             0,             0, 1.94000005722, 19.4858913422, -52.6431007385,          4000, -56.1651992798, -10.5158233643, -5.97956228256
       17.375,             0,             0, 1.95000004768, 19.4859046936, -53.2703781128,          4000, -56.3977127075, -10.5158224106, -6.0112285614
         17.4,             0,             0, 1.96000003815,  19.485918045, -53.8976554871,          4000,  -56.63022995, -10.5158214569, -6.04289340973
       17.425,             0,             0, 1.97000002861, 19.4859313965, -54.5249328613,          4000, -56.8627471924, -10.5158205032, -6.07455730438
        17.45,             0,             0, 1.98000001907, 19.4859428406, -55.1522064209,          4000, -57.0952606201, -10.5158195496, -6.10621976852
       17.475,             0,             0, 1.99000000954,  19.485956192, -55.7794837952,          4000, -57.3277778625, -10.5158185959, -6.13788080215
         17.5,             0,             0,             2, 19.4859695435, -56.4067573547,          4000, -57.5602912903, -10.5158176422, -6.16954040527
       17.525,             0,             0, 2.00999999046, 19.4859828949, -57.034034729,          4000, -57.7928085327, -10.5158166885, -6.20119857788
        17.55,             0,             0, 2.01999998093, 19.4859962463, -57.6613082886,          4000, -58.0253219604, -10.5158157349, -6.23285579681
       17.575,             0,             0, 2.02999997139, 19.4860095978, -58.2885818481,          4000, -58.2578353882, -10.5158138275, -6.2645111084
         17.6,             0,             0, 2.03999996185, 19.4860229492, -58.9158554077,          4000, -58.4903526306, -10.5158128738, -6.29616498947
       17.625,             0,             0, 2.04999995232, 19.4860363007, -59.5431289673,          4000, -58.7228660583, -10.5158119202, -6.32781791687
        17.65,             0,             0, 2.05999994278, 19.4860515594, -60.1703987122,          4000, -58.9553833008, -10.5158109665, -6.35946941376
       17.675,             0,             0, 2.06999993324, 19.4860649109, -60.7976722717,          4000, -59.1878967285, -10.5158100128, -6.39111948013
         17.7,             0,             0, 2.07999992371, 19.4860782623, -61.4249420166,          4000, -59.4204101562, -10.5158090591, -6.42276763916
       17.725,             0,             0, 2.08999991417, 19.4860916138, -62.0522117615,          4000, -59.6529273987, -10.5158081055, -6.45441484451
        17.75,             0,             0, 2.09999990463, 19.4861068726, -62.6794815063,          4000, -59.8854408264, -10.5158071518, -6.48606061935
       17.775,             0,             0,  2.1099998951,  19.486120224, -63.3067512512,          4000, -60.1179542542, -10.5158052444, -6.51770496368
         17.8,             0,             0, 2.11999988556, 19.4861335754, -63.9340209961,          4000, -60.3504676819, -10.5158042908, -6.5493478775
       17.825,             0,             0, 2.13000011444, 19.4861488342, -64.5612869263,          4000, -60.5829811096, -10.5158033371, -6.58098936081
        17.85,             0,             0,  2.1400001049, 19.4861621857, -65.1885604858,          4000, -60.8154983521, -10.5158023834, -6.6126294136
       17.875,             0,             0, 2.15000009537, 19.4861774445, -65.815826416,          4000, -61.0480117798, -10.5158014297, -6.64426803589
         17.9,             0,             0, 2.16000008583, 19.4861907959, -66.4430923462,          4000, -61.2805252075, -10.5158004761, -6.67590475082
       17.925,             0,             0, 2.17000007629, 19.4862060547, -67.0703582764,          4000, -61.5130386353, -10.5157985687, -6.70754051208
        17.95,             0,             0, 2.18000006676, 19.4862213135, -67.6976165771,          4000, -61.745552063, -10.5157976151, -6.73917484283
       17.975,             0,             0, 2.19000005722, 19.4862346649, -68.3248825073,          4000, -61.9780654907, -10.5157966614, -6.77080774307
           18,             0,             0, 2.20000004768, 19.4862499237, -68.9521484375,          4000, -62.2105789185, -10.5157957077, -6.8024392128
       18.025,             0,             0, 2.21000003815, 19.4862651825, -69.5794067383,          4000, -62.4430923462, -10.515794754, -6.83406877518
        18.05,             0,             0, 2.22000002861, 19.4862804413, -70.2066726685,          4000, -62.6756057739, -10.5157928467, -6.86569738388
       18.075,             0,             0, 2.23000001907, 19.4862957001, -70.8339309692,          4000, -62.9081192017, -10.515791893, -6.89732408524
         18.1,             0,             0, 2.24000000954, 19.4863109589, -71.4611968994,          4000, -63.1406326294, -10.5157909393, -6.92894983292
       18.125,             0,             0,          2.25, 19.4863243103, -72.0884552002,          4000, -63.3731460571, -10.5157899857, -6.96057367325
        18.15,             0,             0, 2.25999999046, 19.4863395691, -72.715713501,          4000, -63.6056594849, -10.5157880783, -6.99219608307
       18.175,             0,             0, 2.26999998093, 19.4863548279, -73.3429718018,          4000, -63.8381729126, -10.5157871246, -7.02381706238
         18.2,             0,             0, 2.27999997139,  19.486371994, -73.9702301025,          4000, -64.0706863403, -10.515786171, -7.05543661118
       18.225,             0,             0, 2.28999996185, 19.4863872528, -74.5974807739,          4000, -64.3031997681, -10.5157852173, -7.08705425262
        18.25,             0,             0, 2.29999995232, 19.4864025116, -75.2247390747,          4000, -64.5357131958, -10.5157833099, -7.1186709404
       18.275,             0,             0, 2.30999994278, 19.4864177704, -75.8519973755,          4000, -64.7682189941, -10.5157823563, -7.15028572083
         18.3,             0,             0, 2.31999993324, 19.4864330292, -76.4792480469,          4000, -65.0007324219, -10.5157814026, -7.18189954758
       18.325,             0,             0, 2.32999992371,  19.486448288, -77.1064987183,          4000, -65.2332458496, -10.5157804489, -7.21351146698
        18.35,             0,             0, 2.33999991417, 19.4864654541, -77.7337493896,          4000, -65.4657592773, -10.5157785416, -7.24512147903
       18.375,             0,             0, 2.34999990463, 19.4864807129, -78.3610076904,          4000, -65.6982727051, -10.5157775879, -7.27673053741
         18.4,             0,             0,  2.3599998951,  19.486497879, -78.9882583618,          4000, -65.9307861328, -10.5157766342, -7.30833816528
       18.425,             0,             0, 2.36999988556, 19.4865131378, -79.6155014038,          4000, -66.1632919312, -10.5157747269, -7.3399438858
        18.45,             0,             0, 2.38000011444,  19.486530304, -80.2427520752,          4000, -66.3958053589, -10.5157737732, -7.37154817581
       18.475,             0,             0,  2.3900001049, 19.4865455627, -80.8700027466,          4000, -66.6283187866, -10.5157728195, -7.40315055847
         18.5,             0,             0, 2.40000009537, 19.4865627289, -81.4972457886,          4000, -66.8608322144, -10.5157709122, -7.43475198746
       18.525,             0,             0, 2.41000008583, 19.4865779877, -82.1244888306,          4000, -67.0933380127, -10.5157699585, -7.46635150909
        18.55,             0,             0, 2.42000007629, 19.4865951538, -82.751739502,          4000, -67.3258514404, -10.5157690048, -7.49794960022
       18.575,             0,             0, 2.43000006676, 19.4866123199, -83.3789825439,          4000, -67.5583648682, -10.5157670975, -7.52954626083
         18.6,             0,             0, 2.44000005722, 19.4866275787, -84.0062255859,          4000, -67.7908782959, -10.5157661438, -7.5611410141
       18.625,             0,             0, 2.45000004768, 19.4866447449, -84.6334609985,          4000, -68.0233840942, -10.5157642365, -7.59273433685
        18.65,             0,             0, 2.46000003815,  19.486661911, -85.2607040405,          4000, -68.255897522, -10.5157632828, -7.6243262291
       18.675,             0,             0, 2.47000002861, 19.4866790771, -85.8879470825,          4000, -68.4884109497, -10.5157623291, -7.65591621399
         18.7,             0,             0, 2.48000001907, 19.4866962433, -86.5151824951,          4000, -68.720916748, -10.5157604218, -7.68750476837
       18.725,             0,             0, 2.49000000954, 19.4867134094, -87.1424179077,          4000, -68.9534301758, -10.5157594681, -7.71909189224
        18.75,             0,             0,           2.5, 19.4867305756, -87.7696533203,          4000, -69.1859436035, -10.5157585144, -7.75067710876
       18.775,             0,             0, 2.50999999046, 19.4867477417, -88.3968887329,          4000, -69.4184494019, -10.5157566071, -7.78226089478
         18.8,             0,             0, 2.51999998093, 19.4867649078, -89.0241241455,          4000, -69.6509628296, -10.5157556534, -7.81384325027
       18.825,             0,             0, 2.52999997139,  19.486782074, -89.6513595581,          4000, -69.8834686279, -10.515753746, -7.84542369843
        18.85,             0,             0, 2.53999996185, 19.4867992401, -90.2785873413,          4000, -70.1159820557, -10.5157527924, -7.87700271606
       18.875,             0,             0, 2.54999995232, 19.4868164062, -90.9058227539,          4000, -70.348487854, -10.515750885, -7.90858030319
         18.9,             0,             0, 2.55999994278, 19.4868354797, -91.5330505371,          4000, -70.5810012817, -10.5157499313, -7.94015598297
       18.925,             0,             0, 2.56999993324, 19.4868526459, -92.1602783203,          4000, -70.8135147095, -10.515748024, -7.9717297554
        18.95,             0,             0, 2.57999992371,  19.486869812, -92.7875061035,          4000, -71.0460205078, -10.5157470703, -8.00330257416
       18.975,             0,             0, 2.58999991417, 19.4868888855, -93.4147338867,          4000, -71.2785339355, -10.5157461166, -8.03487300873
           19,             0,             0, 2.59999990463, 19.4869060516, -94.0419616699,          4000, -71.5110397339, -10.5157442093, -8.06644248962
       19.025,             0,             0,  2.6099998951, 19.4869251251, -94.6691818237,          4000, -71.7435455322, -10.5157432556, -8.09801006317
        19.05,             0,             0, 2.61999988556, 19.4869422913, -95.2964019775,          4000,  -71.97605896, -10.5157413483, -8.12957572937
       19.075,             0,             0, 2.63000011444, 19.4869613647, -95.9236297607,          4000, -72.2085647583, -10.5157403946, -8.16113948822
         19.1,             0,             0,  2.6400001049, 19.4869785309, -96.5508499146,          4000, -72.441078186, -10.5157384872, -8.1927022934
       19.125,             0,             0, 2.65000009537, 19.4869976044, -97.178062439,          4000, -72.6735839844, -10.5157375336, -8.22426319122
        19.15,             0,             0, 2.66000008583, 19.4870166779, -97.8052825928,          4000, -72.9060974121, -10.5157356262, -8.2558221817
       19.175,             0,             0, 2.67000007629, 19.4870357513, -98.4325027466,          4000, -73.1386032104, -10.5157346725, -8.28738021851
         19.2,             0,             0, 2.68000006676, 19.4870529175, -99.059715271,          4000, -73.3711090088, -10.5157327652, -8.31893634796
       19.225,             0,             0, 2.69000005722,  19.487071991, -99.6869277954,          4000, -73.6036224365, -10.5157308578, -8.35048961639
        19.25,             0,             0, 2.70000004768, 19.4870910645, -100.31414032,          4000, -73.8361282349, -10.5157299042, -8.38204288483
       19.275,             0,             0, 2.71000003815, 19.4871101379, -100.941352844,          4000, -74.0686340332, -10.5157279968, -8.41359329224
         19.3,             0,             0, 2.72000002861, 19.4871292114, -101.568565369,          4000, -74.3011474609, -10.5157270432, -8.44514274597
       19.325,             0,             0, 2.73000001907, 19.4871482849, -102.195770264,          4000, -74.5336532593, -10.5157251358, -8.47668933868
        19.35,             0,             0, 2.74000000954, 19.4871673584, -102.822975159,          4000, -74.7661590576, -10.5157241821, -8.50823497772
       19.375,             0,             0,          2.75, 19.4871864319, -103.450187683,          4000, -74.998664856, -10.5157222748, -8.53977966309
         19.4,             0,             0, 2.75999999046, 19.4872074127, -104.077392578,          4000, -75.2311782837, -10.5157213211, -8.57132148743
       19.425,             0,             0, 2.76999998093, 19.4872264862, -104.704589844,          4000, -75.463684082, -10.5157194138, -8.60286235809
        19.45,             0,             0, 2.77999997139, 19.4872455597, -105.331794739,          4000, -75.6961898804, -10.5157175064, -8.63440132141
       19.475,             0,             0, 2.78999996185, 19.4872646332, -105.958992004,          4000, -75.9286956787, -10.5157165527, -8.66593837738
         19.5,             0,             0, 2.79999995232,  19.487285614, -106.586196899,          4000, -76.1612014771, -10.5157146454,  -8.697473526
       19.525,             0,             0, 2.80999994278, 19.4873046875, -107.213394165,          4000, -76.3937072754, -10.515712738, -8.72900676727
        19.55,             0,             0, 2.81999993324, 19.4873256683, -107.840591431,          4000, -76.6262207031, -10.5157117844, -8.76053905487
       19.575,             0,             0, 2.82999992371, 19.4873447418, -108.467781067,          4000, -76.8587265015, -10.515709877, -8.79206848145
         19.6,             0,             0, 2.83999991417, 19.4873657227, -109.094978333,          4000, -77.0912322998, -10.5157089233, -8.82359695435
       19.625,             0,             0, 2.84999990463, 19.4873847961, -109.722167969,          4000, -77.3237380981, -10.515707016, -8.8551235199
        19.65,             0,             0,  2.8599998951,  19.487405777, -110.349357605,          4000, -77.5562438965, -10.5157051086, -8.8866481781
       19.675,             0,             0, 2.86999988556, 19.4874267578, -110.976547241,          4000, -77.7887496948, -10.515704155, -8.91817092896
         19.7,             0,             0, 2.88000011444, 19.4874458313, -111.603736877,          4000, -78.0212554932, -10.5157022476, -8.94969272614
       19.725,             0,             0,  2.8900001049, 19.4874668121, -112.230918884,          4000, -78.2537612915, -10.5157003403, -8.98121166229
        19.75,             0,             0, 2.90000009537,  19.487487793, -112.858108521,          4000, -78.4862670898, -10.5156993866, -9.01272964478
       19.775,             0,             0, 2.91000008583, 19.4875087738, -113.485290527,          4000, -78.7187728882, -10.5156974792, -9.04424571991
         19.8,             0,             0, 2.92000007629, 19.4875297546, -114.112472534,          4000, -78.9512786865, -10.5156955719, -9.0757598877
       19.825,             0,             0, 2.93000006676, 19.4875507355, -114.739654541,          4000, -79.1837844849, -10.5156936646, -9.10727214813
        19.85,             0,             0, 2.94000005722, 19.4875717163, -115.366828918,          4000, -79.4162902832, -10.5156927109, -9.13878250122
       19.875,             0,             0, 2.95000004768, 19.4875926971, -115.994003296,          4000, -79.6487960815, -10.5156908035, -9.17029094696
         19.9,             0,             0, 2.96000003815,  19.487613678, -116.621185303,          4000, -79.8813018799, -10.5156888962, -9.20179843903
       19.925,             0,             0, 2.97000002861, 19.4876346588, -117.24835968,          4000, -80.1138076782, -10.5156869888, -9.23330307007
        19.95,             0,             0, 2.98000001907, 19.4876556396, -117.875526428,          4000, -80.3463134766, -10.5156860352, -9.26480674744
       19.975,             0,             0, 2.99000000954, 19.4876785278, -118.502700806,          4000, -80.5788116455, -10.5156841278, -9.29630756378
           20,             0,             0,             3, 19.4876995087, -119.129867554,          4000, -80.8113174438, -10.5156822205, -9.32780742645
       20.025,             0,             0, 3.00999999046, 19.4877204895, -119.757034302,          4000, -81.0438232422, -10.5156803131, -9.35930538177
        20.05,             0,             0, 3.01999998093, 19.4877433777, -120.38420105,          4000, -81.2763290405, -10.5156793594, -9.39080142975
       20.075,             0,             0, 3.02999997139, 19.4877643585, -121.011367798,          4000, -81.5088348389, -10.5156774521, -9.42229557037
         20.1,             0,             0, 3.03999996185, 19.4877872467, -121.638526917,          4000, -81.7413330078, -10.5156755447, -9.45378780365
       20.125,             0,             0, 3.04999995232, 19.4878082275, -122.265693665,          4000, -81.9738388062, -10.5156736374, -9.48527812958
        20.15,             0,             0, 3.05999994278, 19.4878311157, -122.892852783,          4000, -82.2063446045,  -10.51567173, -9.51676654816
       20.175,             0,             0, 3.06999993324, 19.4878520966, -123.520004272,          4000, -82.4388427734, -10.5156707764, -9.54825305939
         20.2,             0,             0, 3.07999992371, 19.4878749847, -124.147163391,          4000, -82.6713485718, -10.515668869, -9.57973766327
       20.225,             0,             0, 3.08999991417, 19.4878978729, -124.77431488,          4000, -82.9038543701, -10.5156669617, -9.6112203598
        20.25,             0,             0, 3.09999990463, 19.4879207611, -125.401473999,          4000, -83.1363525391, -10.5156650543, -9.64270210266
       20.275,             0,             0,  3.1099998951, 19.4879436493, -126.028625488,          4000, -83.3688583374, -10.515663147, -9.6741809845
         20.3,             0,             0, 3.11999988556, 19.4879646301, -126.655769348,          4000, -83.6013641357, -10.5156612396, -9.70565795898
       20.325,             0,             0, 3.13000011444, 19.4879875183, -127.282920837,          4000, -83.8338623047, -10.5156602859, -9.73713302612
        20.35,             0,             0,  3.1400001049, 19.4880104065, -127.910064697,          4000, -84.066368103, -10.5156583786, -9.76860713959
       20.375,             0,             0, 3.15000009537,  19.488035202, -128.537216187,          4000, -84.298866272, -10.5156564713, -9.80007839203
         20.4,             0,             0, 3.16000008583, 19.4880580902, -129.164352417,          4000, -84.5313720703, -10.5156545639, -9.83154773712
       20.425,             0,             0, 3.17000007629, 19.4880809784, -129.791488647,          4000, -84.7638702393, -10.5156526566, -9.86301612854
        20.45,             0,             0, 3.18000006676, 19.4881038666, -130.418640137,          4000, -84.9963760376, -10.5156507492, -9.89448165894
       20.475,             0,             0, 3.19000005722, 19.4881267548, -131.045776367,          4000, -85.2288742065, -10.5156488419, -9.92594528198
         20.5,             0,             0, 3.20000004768, 19.4881515503, -131.672912598,          4000, -85.4613800049, -10.5156469345, -9.95740795135
       20.525,             0,             0, 3.21000003815, 19.4881744385, -132.300033569,          4000, -85.6938781738, -10.5156450272, -9.9888677597
        20.55,             0,             0, 3.22000002861, 19.4881973267,  -132.9271698,          4000, -85.9263839722, -10.5156431198, -10.0203256607
       20.575,             0,             0, 3.23000001907, 19.4882221222, -133.55430603,          4000, -86.1588821411, -10.5156412125, -10.0517816544
         20.6,             0,             0, 3.24000000954, 19.4882450104, -134.181427002,          4000, -86.3913879395, -10.5156393051, -10.0832366943
       20.625,             0,             0,          3.25, 19.4882698059, -134.808563232,          4000, -86.6238861084, -10.5156373978, -10.1146888733
        20.65,             0,             0, 3.25999999046, 19.4882946014, -135.435684204,          4000, -86.8563842773, -10.5156364441, -10.1461391449
       20.675,             0,             0, 3.26999998093, 19.4883174896, -136.062805176,          4000, -87.0888900757, -10.5156345367, -10.1775875092
         20.7,             0,             0, 3.27999997139, 19.4883422852, -136.689926147,          4000, -87.3213882446, -10.5156326294, -10.2090339661
       20.725,             0,             0, 3.28999996185, 19.4883670807, -137.317047119,          4000, -87.5538864136, -10.515630722, -10.2404785156
        20.75,             0,             0, 3.29999995232, 19.4883918762, -137.944168091,          4000, -87.7863845825, -10.5156288147, -10.2719211578
       20.775,             0,             0, 3.30999994278, 19.4884147644, -138.571273804,          4000, -88.0188903809, -10.5156269073, -10.303360939
         20.8,             0,             0, 3.31999993324, 19.4884395599, -139.198394775,          4000, -88.2513885498,    -10.515625, -10.3347997665
       20.825,             0,             0, 3.32999992371, 19.4884643555, -139.825500488,          4000, -88.4838867188, -10.5156230927, -10.3662366867
        20.85,             0,             0, 3.33999991417,  19.488489151, -140.452606201,          4000, -88.7163848877, -10.5156202316, -10.3976707458
       20.875,             0,             0, 3.34999990463, 19.4885139465, -141.079727173,          4000, -88.9488830566, -10.5156183243, -10.4291038513
         20.9,             0,             0,  3.3599998951, 19.4885406494, -141.706832886,          4000, -89.1813812256, -10.5156164169, -10.4605340958
       20.925,             0,             0, 3.36999988556, 19.4885654449, -142.333938599,          4000, -89.4138870239, -10.5156145096, -10.4919624329
        20.95,             0,             0, 3.38000011444, 19.4885902405, -142.961029053,          4000, -89.6463851929, -10.5156126022, -10.5233888626
       20.975,             0,             0,  3.3900001049,  19.488615036, -143.588134766,          4000, -89.8788833618, -10.5156106949, -10.554813385
           21,             0,             0, 3.40000009537, 19.4886417389, -144.215240479,          4000, -90.1113815308, -10.5156087875, -10.5862360001
       21.025,             0,             0, 3.41000008583, 19.4886665344, -144.842330933,          4000, -90.3438796997, -10.5156068802, -10.6176567078
        21.05,             0,             0, 3.42000007629, 19.4886932373, -145.469421387,          4000, -90.5763778687, -10.5156049728, -10.6490755081
       21.075,             0,             0, 3.43000006676, 19.4887180328, -146.096511841,          4000, -90.8088760376, -10.5156030655, -10.6804914474
         21.1,             0,             0, 3.44000005722, 19.4887447357, -146.723602295,          4000, -91.0413742065, -10.5156011581, -10.7119054794
       21.125,             0,             0, 3.45000004768, 19.4887695312, -147.350692749,          4000, -91.2738723755, -10.5155992508, -10.7433185577
        21.15,             0,             0, 3.46000003815, 19.4887962341, -147.977783203,          4000, -91.5063705444, -10.5155963898, -10.774728775
       21.175,             0,             0, 3.47000002861,  19.488822937, -148.604873657,          4000, -91.7388687134, -10.5155944824, -10.806137085
         21.2,             0,             0, 3.48000001907, 19.4888496399, -149.231948853,          4000, -91.9713592529, -10.5155925751, -10.8375434875
       21.225,             0,             0, 3.49000000954, 19.4888744354, -149.859039307,          4000, -92.2038574219, -10.5155906677, -10.8689470291
        21.25,             0,             0,           3.5, 19.4889011383, -150.486114502,          4000, -92.4363555908, -10.5155887604, -10.900349617
       21.275,             0,             0, 3.50999999046, 19.4889278412, -151.113189697,          4000, -92.6688537598, -10.515586853, -10.9317493439
         21.3,             0,             0, 3.51999998093, 19.4889545441, -151.740264893,          4000, -92.9013519287, -10.515583992, -10.9631471634
       21.325,             0,             0, 3.52999997139, 19.4889812469, -152.367340088,          4000, -93.1338424683, -10.5155820847, -10.9945430756
        21.35,             0,             0, 3.53999996185, 19.4890079498, -152.994400024,          4000, -93.3663406372, -10.5155801773, -11.0259370804
       21.375,             0,             0, 3.54999995232, 19.4890365601, -153.62147522,          4000, -93.5988388062,  -10.51557827, -11.0573282242
         21.4,             0,             0, 3.55999994278, 19.4890632629, -154.248535156,          4000, -93.8313369751, -10.5155763626, -11.0887184143
       21.425,             0,             0, 3.56999993324, 19.4890899658, -154.875610352,          4000, -94.0638275146, -10.5155735016, -11.1201057434
        21.45,             0,             0, 3.57999992371, 19.4891166687, -155.502670288,          4000, -94.2963256836, -10.5155715942, -11.1514911652
       21.475,             0,             0, 3.58999991417, 19.4891452789, -156.129730225,          4000, -94.5288238525, -10.5155696869, -11.1828737259
         21.5,             0,             0, 3.59999990463, 19.4891719818, -156.756790161,          4000, -94.7613143921, -10.5155677795, -11.2142553329
       21.525,             0,             0,  3.6099998951,  19.489200592, -157.383850098,          4000, -94.993812561, -10.5155649185, -11.245634079
        21.55,             0,             0, 3.61999988556, 19.4892272949, -158.010894775,          4000, -95.2263031006, -10.5155630112, -11.2770109177
       21.575,             0,             0, 3.63000011444, 19.4892559052, -158.637954712,          4000, -95.4588012695, -10.5155611038, -11.308385849
         21.6,             0,             0,  3.6400001049, 19.4892845154, -159.26499939,          4000, -95.6912918091, -10.5155582428, -11.339758873
       21.625,             0,             0, 3.65000009537, 19.4893112183, -159.892044067,          4000, -95.923789978, -10.5155563354, -11.3711290359
        21.65,             0,             0, 3.66000008583, 19.4893398285, -160.519088745,          4000, -96.1562805176, -10.5155544281, -11.4024972916
       21.675,             0,             0, 3.67000007629, 19.4893684387, -161.146133423,          4000, -96.3887786865, -10.5155525208, -11.4338636398
         21.7,             0,             0, 3.68000006676,  19.489397049, -161.773178101,          4000, -96.6212692261, -10.5155496597, -11.4652280807
       21.725,             0,             0, 3.69000005722, 19.4894256592, -162.400222778,          4000, -96.8537597656, -10.5155477524, -11.4965896606
        21.75,             0,             0, 3.70000004768, 19.4894542694, -163.027252197,          4000, -97.0862579346, -10.515545845, -11.5279493332
       21.775,             0,             0, 3.71000003815, 19.4894828796, -163.654296875,          4000, -97.3187484741, -10.515542984, -11.5593070984
         21.8,             0,             0, 3.72000002861, 19.4895114899, -164.281326294,          4000, -97.5512390137, -10.5155410767, -11.5906620026
       21.825,             0,             0, 3.73000001907, 19.4895401001, -164.908355713,          4000, -97.7837371826, -10.5155382156, -11.6220159531
        21.85,             0,             0, 3.74000000954, 19.4895706177, -165.535385132,          4000, -98.0162277222, -10.5155363083, -11.6533670425
       21.875,             0,             0,          3.75, 19.4895992279, -166.162414551,          4000, -98.2487182617, -10.5155344009, -11.684715271
         21.9,             0,             0, 3.75999999046, 19.4896278381, -166.789428711,          4000, -98.4812164307, -10.5155315399, -11.7160625458
       21.925,             0,             0, 3.76999998093, 19.4896583557, -167.41645813,          4000, -98.7137069702, -10.5155296326, -11.7474069595
        21.95,             0,             0, 3.77999997139, 19.4896869659, -168.04347229,          4000, -98.9461975098, -10.5155267715, -11.7787485123
       21.975,             0,             0, 3.78999996185, 19.4897174835, -168.670501709,          4000, -99.1786880493, -10.5155248642, -11.8100891113
           22,             0,             0, 3.79999995232, 19.4897460938, -169.297515869,          4000, -99.4111785889, -10.5155229568, -11.8414268494
       22.025,             0,             0, 3.80999994278, 19.4897766113, -169.924530029,          4000, -99.6436691284, -10.5155200958, -11.8727626801
        22.05,             0,             0, 3.81999993324, 19.4898071289, -170.551528931,          4000, -99.876159668, -10.5155181885, -11.9040956497
       22.075,             0,             0, 3.82999992371, 19.4898376465, -171.178543091,          4000, -100.108650208, -10.5155153275, -11.9354276657
         22.1,             0,             0, 3.83999991417, 19.4898662567, -171.805557251,          4000, -100.341140747, -10.5155134201, -11.966755867
       22.125,             0,             0, 3.84999990463, 19.4898967743, -172.432556152,          4000, -100.573631287, -10.5155105591, -11.9980831146
        22.15,             0,             0,  3.8599998951, 19.4899272919, -173.059555054,          4000, -100.806121826, -10.5155086517, -12.0294075012
       22.175,             0,             0, 3.86999988556, 19.4899578094, -173.686553955,          4000, -101.038612366, -10.5155057907, -12.0607299805
         22.2,             0,             0, 3.88000011444,  19.489988327, -174.313552856,          4000, -101.271102905, -10.5155038834, -12.0920495987
       22.225,             0,             0,  3.8900001049, 19.4900188446, -174.940551758,          4000, -101.503593445, -10.5155010223, -12.1233673096
        22.25,             0,             0, 3.90000009537, 19.4900512695,  -175.5675354,          4000, -101.736083984, -10.515499115, -12.1546831131
       22.275,             0,             0, 3.91000008583, 19.4900817871, -176.194534302,          4000, -101.968574524, -10.515496254, -12.1859960556
         22.3,             0,             0, 3.92000007629, 19.4901123047, -176.821517944,          4000, -102.201057434, -10.5154943466, -12.2173070908
       22.325,             0,             0, 3.93000006676, 19.4901447296, -177.448501587,          4000, -102.433547974, -10.5154914856, -12.2486162186
        22.35,             0,             0, 3.94000005722, 19.4901752472, -178.075485229,          4000, -102.666038513, -10.5154886246, -12.2799224854
       22.375,             0,             0, 3.95000004768, 19.4902076721, -178.702468872,          4000, -102.898529053, -10.5154867172, -12.3112268448
         22.4,             0,             0, 3.96000003815, 19.4902381897, -179.329452515,          4000, -103.131011963, -10.5154838562, -12.3425283432
       22.425,             0,             0, 3.97000002861, 19.4902706146, -179.956436157,          4000, -103.363502502, -10.5154819489, -12.3738279343
        22.45,             0,             0, 3.98000001907, 19.4903011322, -180.583404541,          4000, -103.595993042, -10.5154790878, -12.405125618
       22.475,             0,             0, 3.99000000954, 19.4903335571, -181.210372925,          4000, -103.828475952, -10.5154771805, -12.4364204407
         22.5,             0,             0,             4, 19.4903659821, -181.837341309,          4000, -104.060966492, -10.5154743195, -12.467713356
       22.525,             0,             0, 4.01000022888,  19.490398407, -182.464309692,          4000, -104.293457031, -10.5154714584, -12.4990034103
        22.55,             0,             0, 4.01999998093, 19.4904308319, -183.091278076,          4000, -104.525939941, -10.5154695511, -12.5302915573
       22.575,             0,             0, 4.03000020981, 19.4904632568, -183.71824646,          4000, -104.758430481, -10.5154666901, -12.5615777969
         22.6,             0,             0, 4.03999996185, 19.4904956818, -184.345199585,          4000, -104.990913391, -10.515463829, -12.5928611755
       22.625,             0,             0, 4.05000019073, 19.4905281067, -184.972167969,          4000, -105.223396301, -10.5154619217, -12.6241416931
        22.65,             0,             0, 4.05999994278, 19.4905605316, -185.599121094,          4000, -105.455886841, -10.5154590607, -12.655421257
       22.675,             0,             0, 4.07000017166, 19.4905929565, -186.226074219,          4000, -105.688369751, -10.5154561996, -12.6866970062
         22.7,             0,             0, 4.07999992371, 19.4906272888, -186.853027344,          4000, -105.920860291, -10.5154542923, -12.7179718018
       22.725,             0,             0, 4.09000015259, 19.4906597137, -187.47996521,          4000, -106.153343201, -10.5154514313, -12.7492427826
        22.75,             0,             0, 4.09999990463,  19.490694046, -188.106918335,          4000, -106.385826111, -10.5154485703, -12.7805128098
       22.775,             0,             0, 4.11000013351, 19.4907264709, -188.733856201,          4000, -106.61831665, -10.5154457092, -12.8117799759
         22.8,             0,             0, 4.11999988556, 19.4907608032, -189.360809326,          4000, -106.850799561, -10.5154438019, -12.843044281
       22.825,             0,             0, 4.13000011444, 19.4907932281, -189.987747192,          4000, -107.083282471, -10.5154409409, -12.8743066788
        22.85,             0,             0, 4.13999986649, 19.4908275604, -190.614685059,          4000, -107.315765381, -10.5154380798, -12.9055662155
       22.875,             0,             0, 4.15000009537, 19.4908618927, -191.241622925,          4000, -107.548248291, -10.5154352188, -12.9368238449
         22.9,             0,             0, 4.15999984741, 19.4908943176, -191.868545532,          4000, -107.780731201, -10.5154333115, -12.968079567
       22.925,             0,             0, 4.17000007629, 19.4909286499, -192.495483398,          4000, -108.013221741, -10.5154304504, -12.999332428
        22.95,             0,             0, 4.17999982834, 19.4909629822, -193.122406006,          4000, -108.245704651, -10.5154275894, -13.030582428
       22.975,             0,             0, 4.19000005722, 19.4909973145, -193.749328613,          4000, -108.478187561, -10.5154247284, -13.0618305206
           23,             0,             0, 4.19999980927, 19.4910316467, -194.376251221,          4000, -108.710670471, -10.5154218674, -13.0930757523
       23.025,             0,             0, 4.21000003815, 19.4910678864, -195.003173828,          4000, -108.943153381,  -10.51541996, -13.1243190765
        23.05,             0,             0, 4.21999979019, 19.4911022186, -195.630096436,          4000, -109.175636292, -10.515417099, -13.1555604935
       23.075,             0,             0, 4.23000001907, 19.4911365509, -196.257003784,          4000, -109.408119202, -10.515414238, -13.1867980957
         23.1,             0,             0, 4.23999977112, 19.4911708832, -196.883911133,          4000, -109.640594482, -10.515411377, -13.2180347443
       23.125,             0,             0,          4.25, 19.4912071228, -197.51083374,          4000, -109.873077393, -10.5154085159, -13.2492675781
        23.15,             0,             0, 4.26000022888, 19.4912414551, -198.137741089,          4000, -110.105560303, -10.5154056549, -13.2804994583
       23.175,             0,             0, 4.26999998093, 19.4912776947, -198.764648438,          4000, -110.338043213, -10.5154027939, -13.3117275238
         23.2,             0,             0, 4.28000020981,  19.491312027, -199.391540527,          4000, -110.570526123, -10.5153999329, -13.3429536819
       23.225,             0,             0, 4.28999996185, 19.4913482666, -200.018447876,          4000, -110.803001404, -10.5153970718, -13.3741779327
        23.25,             0,             0, 4.30000019073, 19.4913845062, -200.645339966,          4000, -111.035484314, -10.5153951645, -13.4053993225
       23.275,             0,             0, 4.30999994278, 19.4914207458, -201.272232056,          4000, -111.267967224, -10.5153923035, -13.4366178513
         23.3,             0,             0, 4.32000017166, 19.4914550781, -201.899124146,          4000, -111.500442505, -10.5153894424, -13.4678344727
       23.325,             0,             0, 4.32999992371, 19.4914913177, -202.526016235,          4000, -111.732925415, -10.5153865814, -13.499048233
        23.35,             0,             0, 4.34000015259, 19.4915275574, -203.152908325,          4000, -111.965408325, -10.5153837204, -13.5302600861
       23.375,             0,             0, 4.34999990463,  19.491563797, -203.779800415,          4000, -112.197883606, -10.5153808594, -13.5614690781
         23.4,             0,             0, 4.36000013351, 19.4916000366, -204.406677246,          4000, -112.430366516, -10.5153779984, -13.592675209
       23.425,             0,             0, 4.36999988556, 19.4916381836, -205.033554077,          4000, -112.662841797, -10.5153751373, -13.6238794327
        23.45,             0,             0, 4.38000011444, 19.4916744232, -205.660430908,          4000, -112.895324707, -10.5153722763, -13.655081749
       23.475,             0,             0, 4.38999986649, 19.4917106628, -206.287307739,          4000, -113.127799988, -10.5153694153, -13.6862802505
         23.5,             0,             0, 4.40000009537, 19.4917488098, -206.91418457,          4000, -113.360275269, -10.5153665543, -13.7174768448
       23.525,             0,             0, 4.40999984741, 19.4917850494, -207.541061401,          4000, -113.592758179, -10.5153636932, -13.7486715317
        23.55,             0,             0, 4.42000007629, 19.4918231964, -208.167922974,          4000, -113.825233459, -10.5153608322, -13.7798624039
       23.575,             0,             0, 4.42999982834,  19.491859436, -208.794784546,          4000, -114.05770874, -10.5153579712, -13.8110523224
         23.6,             0,             0, 4.44000005722,  19.491897583, -209.421646118,          4000, -114.29019165, -10.5153551102, -13.8422384262
       23.625,             0,             0, 4.44999980927,   19.49193573, -210.04850769,          4000, -114.522666931, -10.5153512955, -13.8734226227
        23.65,             0,             0, 4.46000003815,  19.491973877, -210.675369263,          4000, -114.755142212, -10.5153484344, -13.9046039581
       23.675,             0,             0, 4.46999979019, 19.4920101166, -211.302215576,          4000, -114.987617493, -10.5153455734, -13.9357833862
         23.7,             0,             0, 4.48000001907, 19.4920482635, -211.929077148,          4000, -115.220092773, -10.5153427124, -13.9669599533
       23.725,             0,             0, 4.48999977112, 19.4920864105, -212.555923462,          4000, -115.452568054, -10.5153398514, -13.9981336594
        23.75,             0,             0,           4.5, 19.4921245575, -213.182769775,          4000, -115.685043335, -10.5153369904, -14.0293045044
       23.775,             0,             0, 4.51000022888, 19.4921646118, -213.809616089,          4000, -115.917518616, -10.5153341293, -14.0604734421
         23.8,             0,             0, 4.51999998093, 19.4922027588, -214.436462402,          4000, -116.149993896, -10.5153312683, -14.0916404724
       23.825,             0,             0, 4.53000020981, 19.4922409058, -215.063293457,          4000, -116.382469177, -10.5153274536, -14.122803688
        23.85,             0,             0, 4.53999996185, 19.4922809601, -215.690139771,          4000, -116.614944458, -10.5153245926, -14.1539649963
       23.875,             0,             0, 4.55000019073, 19.4923191071, -216.316970825,          4000, -116.847419739, -10.5153217316, -14.1851234436
         23.9,             0,             0, 4.55999994278, 19.4923591614, -216.94380188,          4000, -117.07989502, -10.5153188705, -14.2162799835
       23.925,             0,             0, 4.57000017166, 19.4923973083, -217.570632935,          4000,  -117.3123703, -10.5153160095, -14.2474327087
        23.95,             0,             0, 4.57999992371, 19.4924373627, -218.197463989,          4000, -117.544845581, -10.5153121948, -14.2785835266
       23.975,             0,             0, 4.59000015259, 19.4924755096, -218.824279785,          4000, -117.777313232, -10.5153093338, -14.3097324371
           24,             0,             0, 4.59999990463,  19.492515564, -219.45111084,          4000, -118.009788513, -10.5153064728, -14.340877533
       24.025,             0,             0, 4.61000013351, 19.4925556183, -220.077926636,          4000, -118.242263794, -10.5153036118, -14.3720207214
        24.05,             0,             0, 4.61999988556, 19.4925956726, -220.704742432,          4000, -118.474731445, -10.5152997971, -14.4031620026
       24.075,             0,             0, 4.63000011444, 19.4926357269, -221.331558228,          4000, -118.707206726, -10.515296936, -14.434299469
         24.1,             0,             0, 4.63999986649, 19.4926757812, -221.958374023,          4000, -118.939682007, -10.515294075, -14.4654350281
       24.125,             0,             0, 4.65000009537, 19.4927158356, -222.585174561,          4000, -119.172149658, -10.5152902603, -14.4965677261
        24.15,             0,             0, 4.65999984741, 19.4927577972, -223.211975098,          4000, -119.404624939, -10.5152873993, -14.5276975632
       24.175,             0,             0, 4.67000007629, 19.4927978516, -223.838790894,          4000, -119.63709259, -10.5152845383, -14.5588245392
         24.2,             0,             0, 4.67999982834, 19.4928379059, -224.465591431,          4000, -119.869560242, -10.5152816772, -14.5899496078
       24.225,             0,             0, 4.69000005722, 19.4928798676, -225.092391968,          4000, -120.102035522, -10.5152778625, -14.6210718155
        24.25,             0,             0, 4.69999980927, 19.4929199219, -225.719177246,          4000, -120.334503174, -10.5152750015, -14.6521911621
       24.275,             0,             0, 4.71000003815, 19.4929618835, -226.345977783,          4000, -120.566970825, -10.5152711868, -14.6833086014
         24.3,             0,             0, 4.71999979019, 19.4930019379, -226.972763062,          4000, -120.799446106, -10.5152683258, -14.714422226
       24.325,             0,             0, 4.73000001907, 19.4930438995, -227.59954834,          4000, -121.031913757, -10.5152654648, -14.7455339432
        24.35,             0,             0, 4.73999977112, 19.4930858612, -228.226333618,          4000, -121.264381409, -10.5152616501, -14.7766427994
       24.375,             0,             0,          4.75, 19.4931278229, -228.853118896,          4000, -121.49684906, -10.5152587891, -14.8077487946
         24.4,             0,             0, 4.76000022888, 19.4931697845, -229.479904175,          4000, -121.729316711, -10.5152549744, -14.8388528824
       24.425,             0,             0, 4.76999998093, 19.4932117462, -230.106674194,          4000, -121.961791992, -10.5152521133, -14.8699541092
        24.45,             0,             0, 4.78000020981, 19.4932537079, -230.733444214,          4000, -122.194259644, -10.5152492523, -14.9010515213
       24.475,             0,             0, 4.78999996185, 19.4932956696, -231.360214233,          4000, -122.426727295, -10.5152454376, -14.9321470261
         24.5,             0,             0, 4.80000019073, 19.4933376312, -231.986984253,          4000, -122.659194946, -10.5152425766, -14.9632406235
       24.525,             0,             0, 4.80999994278, 19.4933815002, -232.613754272,          4000, -122.891654968, -10.5152387619, -14.9943304062
        24.55,             0,             0, 4.82000017166, 19.4934234619, -233.240524292,          4000, -123.12412262, -10.5152359009, -15.0254182816
       24.575,             0,             0, 4.82999992371, 19.4934673309, -233.867279053,          4000, -123.356590271, -10.5152320862, -15.0565023422
         24.6,             0,             0, 4.84000015259, 19.4935092926, -234.494033813,          4000, -123.589057922, -10.5152292252, -15.0875844955
       24.625,             0,             0, 4.84999990463, 19.4935531616, -235.120803833,          4000, -123.821525574, -10.5152254105, -15.1186637878
        24.65,             0,             0, 4.86000013351, 19.4935970306, -235.747543335,          4000, -124.053993225, -10.5152215958, -15.1497411728
       24.675,             0,             0, 4.86999988556, 19.4936389923, -236.374298096,          4000, -124.286453247, -10.5152187347, -15.180814743
         24.7,             0,             0, 4.88000011444, 19.4936828613, -237.001052856,          4000, -124.518920898,  -10.51521492, -15.2118854523
       24.725,             0,             0, 4.88999986649, 19.4937267303, -237.627792358,          4000, -124.75138855, -10.515212059, -15.2429542542
        24.75,             0,             0, 4.90000009537, 19.4937705994, -238.25453186,          4000, -124.983848572, -10.5152082443, -15.274020195
       24.775,             0,             0, 4.90999984741, 19.4938144684, -238.881271362,          4000, -125.216316223, -10.5152053833, -15.3050832748
         24.8,             0,             0, 4.92000007629, 19.4938583374, -239.508010864,          4000, -125.448776245, -10.5152015686, -15.3361434937
       24.825,             0,             0, 4.92999982834, 19.4939041138, -240.134750366,          4000, -125.681243896, -10.5151977539, -15.3672008514
        24.85,             0,             0, 4.94000005722, 19.4939479828, -240.761474609,          4000, -125.913703918, -10.5151948929, -15.3982553482
       24.875,             0,             0, 4.94999980927, 19.4939918518, -241.388214111,          4000, -126.14616394, -10.5151910782, -15.4293079376
         24.9,             0,             0, 4.96000003815, 19.4940376282, -242.014938354,          4000, -126.378631592, -10.5151872635, -15.4603567123
       24.925,             0,             0, 4.96999979019, 19.4940814972, -242.641662598,          4000, -126.611091614, -10.5151844025, -15.491402626
        24.95,             0,             0, 4.98000001907, 19.4941272736, -243.268371582,          4000, -126.843551636, -10.5151805878, -15.5224466324
       24.975,             0,             0, 4.98999977112, 19.4941730499, -243.895095825,          4000, -127.076011658, -10.5151767731, -15.5534877777
           25,             0,             0,             5, 19.4942188263, -244.52180481,          4000, -127.308479309, -10.515173912, -15.584526062
