Time,Kappa_L1,Alpha_L1,Gamma_L1,Fx_L1,Fy_L1,Fz_L1,Mx_L1,My_L1,Mz_L1
            0,             0,           -10,             0, -1.45822799206, 5144.02001953,          6000, -60.842590332,  -15.09333992,  6.6853017807
        0.025,             0, -9.98999977112,             0, -1.46056842804, 5143.92529297,          6000, -60.8417625427, -15.0934505463, 6.55865573883
         0.05,             0, -9.97999954224,             0, -1.46291303635, 5143.82861328,          6000, -60.8409156799, -15.0935611725, 6.43175792694
        0.075,             0, -9.97000026703,             0, -1.46526181698, 5143.72900391,          6000, -60.840045929, -15.0936717987, 6.30460786819
          0.1,             0, -9.96000003815,             0, -1.46761465073, 5143.62744141,          6000, -60.8391609192, -15.0937824249, 6.17720508575
        0.125,             0, -9.94999980927,             0, -1.46997177601, 5143.52392578,          6000, -60.8382492065, -15.0938920975, 6.04954910278
         0.15,             0, -9.93999958038,             0, -1.47233307362, 5143.41748047,          6000, -60.8373222351, -15.0940027237, 5.92163991928
        0.175,             0, -9.93000030518,             0, -1.47469866276, 5143.30859375,          6000, -60.8363723755, -15.0941123962, 5.79347658157
          0.2,             0, -9.92000007629,             0, -1.47706830502, 5143.19775391,          6000, -60.8353996277, -15.0942220688, 5.66505908966
        0.225,             0, -9.90999984741,             0, -1.47944223881, 5143.08398438,          6000, -60.8344078064, -15.0943317413, 5.53638648987
         0.25,             0, -9.89999961853,             0, -1.48182046413, 5142.96826172,          6000, -60.8333969116, -15.0944404602,  5.4074587822
        0.275,             0, -9.89000034332,             0, -1.48420286179, 5142.85009766,          6000, -60.8323631287, -15.0945501328, 5.27827501297
          0.3,             0, -9.88000011444,             0, -1.48658955097, 5142.72949219,          6000, -60.8313064575, -15.0946588516, 5.14883565903
        0.325,             0, -9.86999988556,             0, -1.48898053169, 5142.60644531,          6000, -60.8302307129, -15.0947685242, 5.01913928986
         0.35,             0, -9.85999965668,             0, -1.49137580395, 5142.48046875,          6000, -60.8291320801, -15.094877243, 4.88918590546
        0.375,             0, -9.85000038147,             0, -1.49377536774, 5142.35253906,          6000, -60.8280143738, -15.0949859619, 4.75897550583
          0.4,             0, -9.84000015259,             0, -1.49617910385, 5142.22216797,          6000, -60.8268699646, -15.0950946808, 4.62850666046
        0.425,             0, -9.82999992371,             0, -1.49858725071, 5142.08886719,          6000, -60.8257064819, -15.0952033997, 4.49777984619
         0.45,             0, -9.81999969482,             0, -1.5009996891,   5141.953125,          6000, -60.8245239258, -15.0953111649, 4.36679458618
        0.475,             0, -9.81000041962,             0, -1.50341641903, 5141.81542969,          6000, -60.8233146667, -15.0954198837, 4.23554944992
          0.5,             0, -9.80000019073,             0, -1.5058375597, 5141.67480469,          6000, -60.8220863342, -15.0955276489, 4.10404539108
        0.525,             0, -9.78999996185,             0, -1.50826299191,    5141.53125,          6000, -60.8208351135, -15.0956354141, 3.97228097916
         0.55,             0, -9.77999973297,             0, -1.51069283485, 5141.38574219,          6000, -60.8195610046, -15.0957431793, 3.84025597572
        0.575,             0, -9.77000045776,             0, -1.51312696934, 5141.23730469,          6000, -60.8182640076, -15.0958509445, 3.70797038078
          0.6,             0, -9.76000022888,             0, -1.51556551456, 5141.08642578,          6000, -60.8169441223, -15.0959587097, 3.57542324066
        0.625,             0,         -9.75,             0, -1.51800847054, 5140.93261719,          6000, -60.8156013489, -15.0960655212, 3.44261455536
         0.65,             0, -9.73999977112,             0, -1.52045571804, 5140.77685547,          6000, -60.8142356873, -15.0961732864, 3.30954360962
        0.675,             0, -9.72999954224,             0, -1.5229074955, 5140.61767578,          6000, -60.8128509521, -15.096280098, 3.17620992661
          0.7,             0, -9.72000026703,             0, -1.5253636837, 5140.45654297,          6000, -60.8114395142, -15.0963869095,  3.0426132679
        0.725,             0, -9.71000003815,             0, -1.52782416344, 5140.29248047,          6000, -60.810005188, -15.096493721, 2.90875315666
         0.75,             0, -9.69999980927,             0, -1.53028917313, 5140.12548828,          6000, -60.8085441589, -15.0966005325, 2.77462935448
        0.775,             0, -9.68999958038,             0, -1.53275871277, 5139.95605469,          6000, -60.8070640564, -15.0967073441, 2.64024114609
          0.8,             0, -9.68000030518,             0, -1.53523266315, 5139.78369141,          6000, -60.805557251, -15.0968132019, 2.50558805466
        0.825,             0, -9.67000007629,             0, -1.53771102428, 5139.60888672,          6000, -60.8040313721, -15.0969200134, 2.37067008018
         0.85,             0, -9.65999984741,             0, -1.54019391537, 5139.43115234,          6000, -60.8024787903, -15.0970258713, 2.23548650742
        0.875,             0, -9.64999961853,             0, -1.54268121719, 5139.25097656,          6000, -60.8008995056, -15.0971317291, 2.10003685951
          0.9,             0, -9.64000034332,             0, -1.54517316818, 5139.06787109,          6000, -60.7993011475, -15.097237587, 1.96432077885
        0.925,             0, -9.63000011444,             0, -1.54766952991, 5138.88183594,          6000, -60.7976760864, -15.0973434448, 1.82833790779
         0.95,             0, -9.61999988556,             0, -1.5501704216, 5138.69287109,          6000, -60.7960243225, -15.0974493027, 1.69208776951
        0.975,             0, -9.60999965668,             0, -1.55267584324, 5138.50146484,          6000, -60.7943496704, -15.0975551605, 1.55557000637
            1,             0, -9.60000038147,             0, -1.55518579483, 5138.30712891,          6000, -60.7926521301, -15.0976600647, 1.41878414154
        1.025,             0, -9.59000015259,             0, -1.55770027637, 5138.10986328,          6000, -60.790927887, -15.0977649689, 1.28172981739
         1.05,             0, -9.57999992371,             0, -1.56021940708, 5137.91015625,          6000, -60.7891807556, -15.0978708267, 1.14440667629
        1.075,             0, -9.56999969482,             0, -1.56274306774, 5137.70703125,          6000, -60.7874069214, -15.0979757309,  1.0068141222
          1.1,             0, -9.56000041962,             0, -1.56527137756, 5137.50097656,          6000, -60.7856063843, -15.0980796814, 0.86895185709
        1.125,             0, -9.55000019073,             0, -1.56780421734, 5137.29248047,          6000, -60.783782959, -15.0981845856, 0.730819404125
         1.15,             0, -9.53999996185,             0, -1.57034158707, 5137.08105469,          6000, -60.7819328308, -15.0982894897, 0.592416465282
        1.175,             0, -9.52999973297,             0, -1.57288372517, 5136.86621094,          6000, -60.7800559998, -15.0983934402, 0.453742563725
          1.2,             0, -9.52000045776,             0, -1.57543039322, 5136.64892578,          6000, -60.7781562805, -15.0984983444, 0.314797282219
        1.225,             0, -9.51000022888,             0, -1.57798171043, 5136.42822266,          6000, -60.7762298584, -15.0986022949, 0.175580248237
         1.25,             0,          -9.5,             0, -1.58053767681, 5136.20507812,          6000, -60.7742767334, -15.0987062454, 0.0360910221934
        1.275,             0, -9.48999977112,             0, -1.58309841156, 5135.97851562,          6000, -60.7722969055, -15.0988101959, -0.103670783341
          1.3,             0, -9.47999954224,             0, -1.58566367626, 5135.74902344,          6000, -60.7702941895, -15.0989131927, -0.243705570698
        1.325,             0, -9.47000026703,             0, -1.58823370934, 5135.51660156,          6000, -60.7682609558, -15.0990171432, -0.384013742208
         1.35,             0, -9.46000003815,             0, -1.59080839157,    5135.28125,          6000, -60.7662010193, -15.0991201401, -0.524595677853
        1.375,             0, -9.44999980927,             0, -1.59338784218, 5135.04248047,          6000, -60.7641181946, -15.0992240906, -0.66545188427
          1.4,             0, -9.43999958038,             0, -1.59597194195, 5134.80126953,          6000, -60.7620048523, -15.0993270874, -0.806582570076
        1.425,             0, -9.43000030518,             0, -1.59856081009, 5134.55664062,          6000, -60.7598686218, -15.0994300842, -0.947988331318
         1.45,             0, -9.42000007629,             0, -1.60115432739, 5134.30859375,          6000, -60.7577018738, -15.0995330811, -1.08966934681
        1.475,             0, -9.40999984741,             0, -1.60375273228, 5134.05761719,          6000, -60.7555084229, -15.0996360779, -1.2316262722
          1.5,             0, -9.39999961853,             0, -1.60635578632, 5133.80371094,          6000, -60.753288269, -15.099738121, -1.37385928631
        1.525,             0, -9.39000034332,             0, -1.60896372795, 5133.54638672,          6000, -60.7510414124, -15.0998411179, -1.51636886597
         1.55,             0, -9.38000011444,             0, -1.61157631874, 5133.28613281,          6000, -60.7487640381, -15.099943161, -1.65915548801
        1.575,             0, -9.36999988556,             0, -1.61419379711, 5133.02246094,          6000, -60.7464599609, -15.1000452042, -1.80221927166
          1.6,             0, -9.35999965668,             0, -1.61681604385, 5132.75585938,          6000, -60.7441291809, -15.1001472473, -1.94556093216
        1.625,             0, -9.35000038147,             0, -1.61944305897, 5132.48583984,          6000, -60.741771698, -15.1002492905, -2.08918070793
         1.65,             0, -9.34000015259,             0, -1.62207496166, 5132.21289062,          6000, -60.7393836975, -15.1003513336, -2.2330789566
        1.675,             0, -9.32999992371,             0, -1.62471175194, 5131.93603516,          6000, -60.7369651794, -15.1004533768, -2.3772559166
          1.7,             0, -9.31999969482,             0, -1.62735331059, 5131.65673828,          6000, -60.7345199585, -15.1005544662, -2.52171230316
        1.725,             0, -9.31000041962,             0, -1.62999975681, 5131.37353516,          6000, -60.7320480347, -15.1006565094, -2.66644835472
         1.75,             0, -9.30000019073,             0, -1.63265109062, 5131.08740234,          6000, -60.7295455933, -15.1007575989, -2.81146430969
        1.775,             0, -9.28999996185,             0, -1.63530731201, 5130.79736328,          6000, -60.7270126343, -15.1008586884, -2.95676064491
          1.8,             0, -9.27999973297,             0, -1.63796830177, 5130.50488281,          6000, -60.7244529724, -15.1009597778, -3.10233783722
        1.825,             0, -9.27000045776,             0, -1.64063441753, 5130.20849609,          6000, -60.721862793, -15.1010608673, -3.24819612503
         1.85,             0, -9.26000022888,             0, -1.64330530167, 5129.90869141,          6000, -60.7192459106, -15.1011610031, -3.39433598518
        1.875,             0,         -9.25,             0, -1.64598119259, 5129.60546875,          6000, -60.716594696, -15.1012620926, -3.5407576561
          1.9,             0, -9.23999977112,             0, -1.64866197109, 5129.29931641,          6000, -60.7139167786, -15.1013622284, -3.68746161461
        1.925,             0, -9.22999954224,             0, -1.65134763718, 5128.98925781,          6000, -60.7112083435, -15.1014633179, -3.83444809914
         1.95,             0, -9.22000026703,             0, -1.65403842926, 5128.67578125,          6000, -60.7084693909, -15.1015634537, -3.98171782494
        1.975,             0, -9.21000003815,             0, -1.65673410892, 5128.35888672,          6000, -60.7056999207, -15.1016635895, -4.12927055359
            2,             0, -9.19999980927,             0, -1.65943479538,  5128.0390625,          6000, -60.7028999329, -15.1017637253, -4.27710723877
        2.025,             0, -9.18999958038,             0, -1.66214048862, 5127.71533203,          6000, -60.7000732422, -15.1018629074, -4.4252281189
         2.05,             0, -9.18000030518,             0, -1.66485118866, 5127.38769531,          6000, -60.6972122192, -15.1019630432, -4.57363319397
        2.075,             0, -9.17000007629,             0, -1.66756689548, 5127.05712891,          6000, -60.6943206787, -15.1020622253, -4.72232294083
          2.1,             0, -9.15999984741,             0, -1.6702876091, 5126.72265625,          6000, -60.6913986206, -15.1021623611, -4.8712978363
        2.125,             0, -9.14999961853,             0, -1.67301344872, 5126.38476562,          6000, -60.6884460449, -15.1022615433, -5.02055835724
         2.15,             0, -9.14000034332,             0, -1.67574429512, 5126.04345703,          6000, -60.685459137, -15.1023607254, -5.17010498047
        2.175,             0, -9.13000011444,             0, -1.67848014832, 5125.69824219,          6000, -60.6824455261, -15.1024599075, -5.31993722916
          2.2,             0, -9.11999988556,             0, -1.68122112751, 5125.34960938,          6000, -60.679397583, -15.102558136, -5.47005653381
        2.225,             0, -9.10999965668,             0, -1.6839672327, 5124.99707031,          6000, -60.6763153076, -15.1026573181, -5.6204624176
         2.25,             0, -9.10000038147,             0, -1.6867184639, 5124.64111328,          6000, -60.6732063293, -15.1027555466, -5.77115535736
        2.275,             0, -9.09000015259,             0, -1.68947482109,    5124.28125,          6000, -60.6700592041, -15.1028547287, -5.92213630676
          2.3,             0, -9.07999992371,             0, -1.69223630428, 5123.91796875,          6000, -60.666885376, -15.1029529572, -6.07340478897
        2.325,             0, -9.06999969482,             0, -1.69500279427, 5123.55078125,          6000, -60.6636772156, -15.1030511856, -6.22496128082
         2.35,             0, -9.06000041962,             0, -1.69777464867, 5123.18017578,          6000, -60.6604347229, -15.1031494141, -6.37680673599
        2.375,             0, -9.05000019073,             0, -1.70055150986, 5122.80517578,          6000, -60.6571617126, -15.1032476425, -6.52894115448
          2.4,             0, -9.03999996185,             0, -1.70333361626, 5122.42724609,          6000, -60.6538543701, -15.1033449173, -6.68136453629
        2.425,             0, -9.02999973297,             0, -1.70612084866, 5122.04492188,          6000, -60.6505126953, -15.1034431458, -6.83407735825
         2.45,             0, -9.02000045776,             0, -1.70891332626, 5121.65869141,          6000, -60.6471405029, -15.1035404205, -6.9870800972
        2.475,             0, -9.01000022888,             0, -1.71171104908, 5121.26904297,          6000, -60.6437339783, -15.1036376953, -7.14037322998
          2.5,             0,            -9,             0, -1.71451401711, 5120.87548828,          6000, -60.6402931213, -15.1037349701, -7.29395675659
        2.525,             0, -8.98999977112,             0, -1.71732211113, 5120.47802734,          6000, -60.6368179321, -15.1038322449, -7.44783067703
         2.55,             0, -8.97999954224,             0, -1.72013556957, 5120.07666016,          6000, -60.6333122253, -15.1039295197, -7.60199642181
        2.575,             0, -8.97000026703,             0, -1.72295427322, 5119.67138672,          6000, -60.6297683716, -15.1040267944, -7.75645303726
          2.6,             0, -8.96000003815,             0, -1.72577822208, 5119.26220703,          6000, -60.6261901855, -15.1041231155, -7.91120147705
        2.625,             0, -8.94999980927,             0, -1.72860741615, 5118.84863281,          6000, -60.6225814819, -15.1042203903, -8.06624221802
         2.65,             0, -8.93999958038,             0, -1.73144197464, 5118.43164062,          6000, -60.6189346313, -15.1043167114, -8.22157478333
        2.675,             0, -8.93000030518,             0, -1.73428189754, 5118.01025391,          6000, -60.6152534485, -15.1044130325, -8.37720108032
          2.7,             0, -8.92000007629,             0, -1.73712706566, 5117.58544922,          6000, -60.6115379333, -15.1045093536, -8.53311920166
        2.725,             0, -8.90999984741,             0, -1.73997759819,    5117.15625,          6000, -60.6077880859, -15.1046056747, -8.68933105469
         2.75,             0, -8.89999961853,             0, -1.74283337593, 5116.72314453,          6000, -60.6040000916, -15.1047019958, -8.8458366394
        2.775,             0, -8.89000034332,             0, -1.7456946373, 5116.28564453,          6000, -60.6001777649, -15.1047973633, -9.00263500214
          2.8,             0, -8.88000011444,             0, -1.74856126308, 5115.84423828,          6000, -60.596321106, -15.1048936844, -9.15972900391
        2.825,             0, -8.86999988556,             0, -1.75143325329, 5115.39892578,          6000,   -60.5924263, -15.1049890518, -9.31711673737
         2.85,             0, -8.85999965668,             0, -1.75431060791, 5114.94921875,          6000, -60.5884971619, -15.1050844193, -9.47479820251
        2.875,             0, -8.85000038147,             0, -1.75719344616, 5114.49511719,          6000, -60.5845336914, -15.1051797867, -9.6327753067
          2.9,             0, -8.84000015259,             0, -1.76008164883, 5114.03759766,          6000, -60.5805282593, -15.1052751541, -9.79104804993
        2.925,             0, -8.82999992371,             0, -1.76297533512, 5113.57519531,          6000, -60.5764923096, -15.1053705215, -9.94961643219
         2.95,             0, -8.81999969482,             0, -1.76587438583, 5113.10888672,          6000, -60.5724143982, -15.1054649353, -10.1084794998
        2.975,             0, -8.81000041962,             0, -1.76877903938, 5112.63818359,          6000, -60.5683021545, -15.1055603027, -10.2676391602
            3,             0, -8.80000019073,             0, -1.77168905735, 5112.16357422,          6000, -60.5641517639, -15.1056547165, -10.4270954132
        3.025,             0, -8.78999996185,             0, -1.77460455894, 5111.68408203,          6000, -60.5599632263, -15.1057491302, -10.586848259
         3.05,             0, -8.77999973297,             0, -1.77752566338, 5111.20068359,          6000, -60.5557403564, -15.105843544, -10.7468967438
        3.075,             0, -8.77000045776,             0, -1.78045213223, 5110.71289062,          6000, -60.5514755249, -15.1059379578, -10.9072437286
          3.1,             0, -8.76000022888,             0, -1.78338420391, 5110.22119141,          6000, -60.5471763611, -15.1060323715, -11.0678873062
        3.125,             0,         -8.75,             0, -1.78632187843, 5109.72460938,          6000, -60.5428352356, -15.1061267853, -11.2288284302
         3.15,             0, -8.73999977112,             0, -1.78926503658, 5109.22363281,          6000, -60.5384597778, -15.1062202454, -11.3900671005
        3.175,             0, -8.72999954224,             0, -1.79221379757, 5108.71826172,          6000, -60.5340423584, -15.1063146591, -11.5516042709
          3.2,             0, -8.72000026703,             0, -1.79516804218, 5108.20898438,          6000, -60.5295906067, -15.1064081192, -11.7134389877
        3.225,             0, -8.71000003815,             0, -1.79812800884, 5107.69482422,          6000, -60.5250968933, -15.1065015793, -11.8755731583
         3.25,             0, -8.69999980927,             0, -1.80109345913, 5107.17626953,          6000, -60.520565033, -15.1065950394, -12.0380048752
        3.275,             0, -8.68999958038,             0, -1.80406463146, 5106.65283203,          6000, -60.5159912109, -15.1066884995, -12.2007360458
          3.3,             0, -8.68000030518,             0, -1.80704140663, 5106.12548828,          6000, -60.5113792419, -15.1067819595, -12.3637666702
        3.325,             0, -8.67000007629,             0, -1.81002378464, 5105.59326172,          6000, -60.506729126, -15.1068744659, -12.5270967484
         3.35,             0, -8.65999984741,             0, -1.81301188469, 5105.05664062,          6000, -60.502040863, -15.106967926, -12.6907262802
        3.375,             0, -8.64999961853,             0, -1.81600558758, 5104.51513672,          6000, -60.4973068237, -15.1070604324, -12.8546552658
          3.4,             0, -8.64000034332,             0, -1.8190048933, 5103.96923828,          6000, -60.4925384521, -15.1071529388, -13.0188846588
        3.425,             0, -8.63000011444,             0, -1.82201004028, 5103.41845703,          6000, -60.4877243042, -15.1072454453, -13.1834135056
         3.45,             0, -8.61999988556,             0, -1.8250207901, 5102.86328125,          6000, -60.4828720093, -15.1073379517, -13.3482437134
        3.475,             0, -8.60999965668,             0, -1.82803738117, 5102.30371094,          6000, -60.4779815674, -15.1074304581, -13.5133733749
          3.5,             0, -8.60000038147,             0, -1.83105957508, 5101.73876953,          6000, -60.4730453491, -15.1075229645, -13.6788043976
        3.525,             0, -8.59000015259,             0, -1.83408761024, 5101.16943359,          6000, -60.4680709839, -15.1076145172, -13.8445367813
         3.55,             0, -8.57999992371,             0, -1.83712136745, 5100.59570312,          6000, -60.463054657, -15.1077070236, -14.0105695724
        3.575,             0, -8.56999969482,             0, -1.84016096592, 5100.01660156,          6000, -60.4579925537, -15.1077985764, -14.1769046783
          3.6,             0, -8.56000041962,             0, -1.84320628643, 5099.43310547,          6000, -60.4528923035, -15.1078901291, -14.3435401917
        3.625,             0, -8.55000019073,             0, -1.8462574482, 5098.84472656,          6000, -60.4477500916, -15.1079816818, -14.5104780197
         3.65,             0, -8.53999996185,             0, -1.84931433201, 5098.25146484,          6000, -60.442565918, -15.1080732346, -14.6777172089
        3.675,             0, -8.52999973297,             0, -1.85237705708, 5097.65332031,          6000, -60.4373397827, -15.1081647873, -14.8452587128
          3.7,             0, -8.52000045776,             0, -1.85544574261, 5097.05029297,          6000, -60.4320678711, -15.1082553864, -15.0131025314
        3.725,             0, -8.51000022888,             0, -1.85852015018, 5096.44238281,          6000, -60.4267539978, -15.1083469391, -15.1812477112
         3.75,             0,          -8.5,             0, -1.86160051823, 5095.82958984,          6000, -60.4213981628, -15.1084375381, -15.3496961594
        3.775,             0, -8.48999977112,             0, -1.86468672752, 5095.21142578,          6000, -60.4160003662, -15.1085281372, -15.5184469223
          3.8,             0, -8.47999954224,             0, -1.86777877808, 5094.58886719,          6000, -60.4105567932, -15.1086187363, -15.6875009537
        3.825,             0, -8.47000026703,             0, -1.87087678909,  5093.9609375,          6000, -60.4050674438, -15.1087093353, -15.8568572998
         3.85,             0, -8.46000003815,             0, -1.87398076057,   5093.328125,          6000, -60.3995361328, -15.1087999344, -16.0265159607
        3.875,             0, -8.44999980927,             0, -1.87709069252, 5092.68994141,          6000, -60.3939628601, -15.1088905334, -16.1964797974
          3.9,             0, -8.43999958038,             0, -1.88020646572,   5092.046875,          6000, -60.388343811, -15.1089801788, -16.3667449951
        3.925,             0, -8.43000030518,             0, -1.88332819939, 5091.39892578,          6000, -60.3826789856, -15.1090707779, -16.5373134613
         3.95,             0, -8.42000007629,             0, -1.88645601273, 5090.74560547,          6000, -60.3769683838, -15.1091604233, -16.7081851959
        3.975,             0, -8.40999984741,             0, -1.88958978653, 5090.08691406,          6000, -60.3712158203, -15.1092500687, -16.8793621063
            4,             0, -8.39999961853,             0, -1.8927295208, 5089.42333984,          6000, -60.3654174805, -15.1093397141, -17.0508422852
        4.025,             0, -8.39000034332,             0, -1.89587521553, 5088.75488281,          6000, -60.3595695496, -15.1094293594, -17.2226257324
         4.05,             0, -8.38000011444,             0, -1.89902710915, 5088.08056641,          6000, -60.353679657, -15.1095180511, -17.3947124481
        4.075,             0, -8.36999988556,             0, -1.90218484402, 5087.40136719,          6000, -60.347743988, -15.1096076965, -17.5671024323
          4.1,             0, -8.35999965668,             0, -1.90534877777, 5086.71679688,          6000, -60.341758728, -15.1096963882, -17.7397975922
        4.125,             0, -8.35000038147,             0, -1.9085187912, 5086.02685547,          6000, -60.3357315063, -15.1097860336, -17.9127979279
         4.15,             0, -8.34000015259,             0, -1.91169476509, 5085.33154297,          6000, -60.3296546936, -15.1098747253, -18.086101532
        4.175,             0, -8.32999992371,             0, -1.91487693787, 5084.63085938,          6000, -60.3235321045, -15.1099634171, -18.2597084045
          4.2,             0, -8.31999969482,             0, -1.91806519032, 5083.92480469,          6000, -60.317363739, -15.1100521088, -18.4336204529
        4.225,             0, -8.31000041962,             0, -1.92125964165, 5083.21337891,          6000, -60.3111457825, -15.1101408005, -18.6078357697
         4.25,             0, -8.30000019073,             0, -1.92446017265, 5082.49658203,          6000, -60.3048820496, -15.1102285385, -18.7823562622
        4.275,             0, -8.28999996185,             0, -1.92766690254, 5081.77441406,          6000, -60.2985687256, -15.1103172302, -18.9571800232
          4.3,             0, -8.27999973297,             0, -1.9308797121, 5081.04638672,          6000, -60.2922058105, -15.1104049683,  -19.13230896
        4.325,             0, -8.27000045776,             0, -1.93409872055, 5080.31347656,          6000, -60.2857971191,  -15.11049366, -19.3077430725
         4.35,             0, -8.26000022888,             0, -1.93732404709, 5079.57421875,          6000, -60.2793426514, -15.110581398, -19.4834804535
        4.375,             0,         -8.25,             0, -1.9405554533, 5078.83007812,          6000, -60.2728347778, -15.110669136, -19.6595230103
          4.4,             0, -8.23999977112,             0, -1.9437930584, 5078.08007812,          6000, -60.2662811279, -15.1107568741, -19.8358707428
        4.425,             0, -8.22999954224,             0, -1.94703698158, 5077.32421875,          6000, -60.259677887, -15.1108436584, -20.0125217438
         4.45,             0, -8.22000026703,             0, -1.95028722286, 5076.56298828,          6000, -60.2530250549, -15.1109313965, -20.1894779205
        4.475,             0, -8.21000003815,             0, -1.95354366302, 5075.79589844,          6000, -60.2463188171, -15.1110191345, -20.3667392731
          4.5,             0, -8.19999980927,             0, -1.95680630207, 5075.02294922,          6000, -60.239566803, -15.1111059189, -20.544303894
        4.525,             0, -8.18999958038,             0, -1.96007525921, 5074.24462891,          6000, -60.2327651978, -15.1111927032, -20.7221736908
         4.55,             0, -8.18000030518,             0, -1.96335065365, 5073.46044922,          6000, -60.2259101868, -15.1112794876, -20.900346756
        4.575,             0, -8.17000007629,             0, -1.96663224697, 5072.67041016,          6000, -60.2190055847, -15.111366272, -21.0788249969
          4.6,             0, -8.15999984741,             0, -1.9699202776, 5071.87451172,          6000, -60.2120513916, -15.1114530563, -21.2576084137
        4.625,             0, -8.14999961853,             0, -1.9732145071, 5071.07275391,          6000, -60.2050476074, -15.1115398407, -21.4366950989
         4.65,             0, -8.14000034332,             0, -1.97651529312,   5070.265625,          6000, -60.1979904175, -15.1116256714, -21.6160850525
        4.675,             0, -8.13000011444,             0, -1.97982227802, 5069.45214844,          6000, -60.1908798218, -15.1117124557, -21.7957820892
          4.7,             0, -8.11999988556,             0, -1.98313581944,  5068.6328125,          6000, -60.183719635, -15.1117982864, -21.9757804871
        4.725,             0, -8.10999965668,             0, -1.98645567894, 5067.80712891,          6000, -60.1765098572, -15.1118841171, -22.1560840607
         4.75,             0, -8.10000038147,             0, -1.98978197575, 5066.97607422,          6000, -60.1692428589, -15.1119699478, -22.3366928101
        4.775,             0, -8.09000015259,             0, -1.99311470985, 5066.13867188,          6000, -60.1619262695, -15.1120557785, -22.5176048279
          4.8,             0, -8.07999992371,             0, -1.99645388126, 5065.29541016,          6000, -60.1545562744, -15.1121416092, -22.6988201141
        4.825,             0, -8.06999969482,             0, -1.99979948997, 5064.44580078,          6000, -60.1471328735, -15.1122274399, -22.8803386688
         4.85,             0, -8.06000041962,             0, -2.0031516552, 5063.59033203,          6000, -60.1396560669, -15.1123123169, -23.0621623993
        4.875,             0, -8.05000019073,             0, -2.00651025772, 5062.72851562,          6000, -60.1321258545, -15.1123971939, -23.2442874908
          4.9,             0, -8.03999996185,             0, -2.00987529755, 5061.86083984,          6000, -60.1245422363, -15.1124830246, -23.4267177582
        4.925,             0, -8.02999973297,             0, -2.01324701309, 5060.98681641,          6000, -60.1169052124, -15.1125679016, -23.6094512939
         4.95,             0, -8.02000045776,             0, -2.01662516594, 5060.10693359,          6000, -60.109210968, -15.1126527786, -23.7924861908
        4.975,             0, -8.01000022888,             0, -2.02000999451, 5059.22021484,          6000, -60.1014671326, -15.1127376556, -23.9758262634
            5,             0,            -8,             0, -2.02340126038, 5058.32763672,          6000, -60.0936660767, -15.112821579, -24.1594676971
        5.025,             0, -7.98999977112,             0, -2.02679920197, 5057.42871094,          6000, -60.0858078003, -15.112906456, -24.3434123993
         5.05,             0, -7.98000001907,             0, -2.03020358086, 5056.52294922,          6000, -60.0778961182, -15.112991333, -24.5276603699
        5.075,             0, -7.96999979019,             0, -2.03361463547, 5055.61132812,          6000, -60.0699272156, -15.1130752563, -24.7122097015
          5.1,             0, -7.96000003815,             0, -2.0370323658, 5054.69335938,          6000, -60.0619049072, -15.1131591797, -24.8970603943
        5.125,             0, -7.94999980927,             0, -2.04045677185, 5053.76855469,          6000, -60.0538253784, -15.113243103, -25.0822143555
         5.15,             0, -7.94000005722,             0, -2.04388785362, 5052.83789062,          6000, -60.0456886292, -15.1133270264, -25.2676696777
        5.175,             0, -7.92999982834,             0, -2.04732561111, 5051.90039062,          6000, -60.0374984741, -15.1134109497, -25.4534282684
          5.2,             0, -7.92000007629,             0, -2.05076980591, 5050.95605469,          6000, -60.0292472839, -15.113494873, -25.6394863129
        5.225,             0, -7.90999984741,             0, -2.05422091484, 5050.00585938,          6000, -60.020942688, -15.1135778427, -25.8258457184
         5.25,             0, -7.90000009537,             0, -2.05767869949, 5049.04882812,          6000, -60.0125770569, -15.1136617661, -26.012506485
        5.275,             0, -7.88999986649,             0, -2.06114315987, 5048.08496094,          6000,  -60.00415802, -15.1137447357, -26.1994686127
          5.3,             0, -7.88000011444,             0, -2.06461453438, 5047.11474609,          6000, -59.995677948, -15.1138277054, -26.3867301941
        5.325,             0, -7.86999988556,             0, -2.06809234619, 5046.13769531,          6000, -59.9871406555, -15.113910675, -26.5742912292
         5.35,             0, -7.86000013351,             0, -2.07157707214, 5045.15380859,          6000, -59.9785423279, -15.1139936447, -26.7621536255
        5.375,             0, -7.84999990463,             0, -2.07506871223, 5044.16357422,          6000, -59.9698867798, -15.1140766144, -26.9503154755
          5.4,             0, -7.84000015259,             0, -2.07856702805, 5043.16650391,          6000, -59.9611740112, -15.114159584, -27.1387767792
        5.425,             0, -7.82999992371,             0,  -2.082072258, 5042.16259766,          6000, -59.9524002075,   -15.1142416, -27.3275375366
         5.45,             0, -7.82000017166,             0, -2.08558416367, 5041.15136719,          6000, -59.9435653687, -15.1143245697, -27.5165958405
        5.475,             0, -7.80999994278,             0, -2.08910298347, 5040.13378906,          6000, -59.9346733093, -15.1144065857, -27.705953598
          5.5,             0, -7.80000019073,             0, -2.09262871742,   5039.109375,          6000, -59.9257202148, -15.1144886017, -27.895608902
        5.525,             0, -7.78999996185,             0, -2.09616136551,   5038.078125,          6000, -59.9167060852, -15.1145706177, -28.0855636597
         5.55,             0, -7.78000020981,             0, -2.09970068932, 5037.03955078,          6000, -59.9076347351, -15.1146526337, -28.2758140564
        5.575,             0, -7.76999998093,             0, -2.10324716568, 5035.99414062,          6000, -59.8984985352, -15.1147346497, -28.4663639069
          5.6,             0, -7.76000022888,             0, -2.10680031776, 5034.94189453,          6000,   -59.8893013, -15.1148166656, -28.6572093964
        5.625,             0,         -7.75,             0, -2.11036062241, 5033.88232422,          6000, -59.8800430298, -15.114897728, -28.8483505249
         5.65,             0, -7.73999977112,             0, -2.11392784119, 5032.81591797,          6000, -59.8707237244, -15.1149787903, -29.0397891998
        5.675,             0, -7.73000001907,             0, -2.11750197411,  5031.7421875,          6000, -59.8613433838, -15.1150608063, -29.2315235138
          5.7,             0, -7.71999979019,             0, -2.12108302116, 5030.66162109,          6000, -59.8518981934, -15.1151418686, -29.4235515594
        5.725,             0, -7.71000003815,             0, -2.12467098236, 5029.57373047,          6000, -59.8423919678, -15.1152229309, -29.6158771515
         5.75,             0, -7.69999980927,             0, -2.12826609612, 5028.47851562,          6000, -59.832824707, -15.1153039932, -29.8084945679
        5.775,             0, -7.69000005722,             0, -2.13186812401, 5027.37646484,          6000, -59.8231887817, -15.1153850555, -30.0014076233
          5.8,             0, -7.67999982834,             0, -2.13547730446, 5026.26660156,          6000, -59.813495636, -15.1154651642, -30.1946163177
        5.825,             0, -7.67000007629,             0, -2.13909363747, 5025.14990234,          6000, -59.8037338257, -15.1155462265, -30.3881149292
         5.85,             0, -7.65999984741,             0, -2.14271688461, 5024.02539062,          6000, -59.7939109802, -15.1156263351, -30.5819091797
        5.875,             0, -7.65000009537,             0, -2.14634728432, 5022.89404297,          6000, -59.7840194702, -15.1157064438, -30.7759933472
          5.9,             0, -7.63999986649,             0, -2.14998459816, 5021.75488281,          6000, -59.774066925, -15.1157865524, -30.9703712463
        5.925,             0, -7.63000011444,             0, -2.15362906456, 5020.60839844,          6000,  -59.76404953, -15.1158666611, -31.1650409698
         5.95,             0, -7.61999988556,             0, -2.15728092194, 5019.45458984,          6000, -59.7539672852, -15.1159467697, -31.3600006104
        5.975,             0, -7.61000013351,             0, -2.16093969345, 5018.29296875,          6000, -59.7438163757, -15.1160268784, -31.5552501678
            6,             0, -7.59999990463,             0, -2.16460561752, 5017.12402344,          6000, -59.7336006165, -15.116106987, -31.7507915497
        6.025,             0, -7.59000015259,             0, -2.16827869415, 5015.94775391,          6000, -59.7233200073, -15.116186142, -31.9466209412
         6.05,             0, -7.57999992371,             0, -2.17195916176, 5014.76318359,          6000, -59.7129745483, -15.1162652969, -32.1427383423
        6.075,             0, -7.57000017166,             0, -2.1756465435, 5013.57177734,          6000, -59.7025566101, -15.1163454056, -32.3391456604
          6.1,             0, -7.55999994278,             0, -2.17934131622, 5012.37207031,          6000, -59.6920776367, -15.1164245605, -32.5358428955
        6.125,             0, -7.55000019073,             0, -2.1830432415, 5011.16503906,          6000, -59.6815299988, -15.1165037155, -32.7328262329
         6.15,             0, -7.53999996185,             0, -2.18675255775, 5009.95019531,          6000, -59.6709136963, -15.1165828705, -32.9300956726
        6.175,             0, -7.53000020981,             0, -2.19046902657, 5008.72753906,          6000, -59.6602287292, -15.1166610718, -33.1276512146
          6.2,             0, -7.51999998093,             0, -2.19419264793, 5007.49707031,          6000, -59.6494750977, -15.1167402267, -33.3254890442
        6.225,             0, -7.51000022888,             0, -2.19792366028, 5006.25878906,          6000, -59.6386528015, -15.116818428, -33.5236167908
         6.25,             0,          -7.5,             0, -2.2016620636, 5005.01220703,          6000, -59.6277656555, -15.116897583, -33.722026825
        6.275,             0, -7.48999977112,             0, -2.20540785789, 5003.75830078,          6000, -59.6168060303, -15.1169757843, -33.9207191467
          6.3,             0, -7.48000001907,             0, -2.20916080475, 5002.49609375,          6000, -59.6057777405, -15.1170539856, -34.1196975708
        6.325,             0, -7.46999979019,             0, -2.21292114258, 5001.22607422,          6000, -59.5946807861, -15.1171321869, -34.3189582825
         6.35,             0, -7.46000003815,             0, -2.21668887138, 4999.94775391,          6000, -59.5835113525, -15.1172103882, -34.518497467
        6.375,             0, -7.44999980927,             0, -2.22046375275, 4998.66162109,          6000, -59.5722732544, -15.1172885895, -34.7183189392
          6.4,             0, -7.44000005722,             0, -2.2242462635, 4997.36767578,          6000, -59.560962677, -15.1173658371, -34.918422699
        6.425,             0, -7.42999982834,             0, -2.22803616524, 4996.06542969,          6000, -59.5495834351, -15.1174440384, -35.1188049316
         6.45,             0, -7.42000007629,             0, -2.23183345795, 4994.75488281,          6000, -59.5381317139, -15.117521286, -35.3194656372
        6.475,             0, -7.40999984741,             0, -2.23563838005, 4993.43603516,          6000, -59.5266075134, -15.1175985336, -35.5204048157
          6.5,             0, -7.40000009537,             0, -2.23945045471, 4992.10888672,          6000, -59.5150108337, -15.1176757812, -35.721622467
        6.525,             0, -7.38999986649,             0, -2.24327015877, 4990.77392578,          6000, -59.5033454895, -15.1177530289, -35.9231147766
         6.55,             0, -7.38000011444,             0, -2.2470972538, 4989.43017578,          6000, -59.4916038513, -15.1178302765, -36.1248855591
        6.575,             0, -7.36999988556,             0, -2.25093197823,   4988.078125,          6000, -59.4797935486, -15.1179075241, -36.3269309998
          6.6,             0, -7.36000013351,             0, -2.25477409363, 4986.71826172,          6000, -59.4679069519, -15.1179838181, -36.5292510986
        6.625,             0, -7.34999990463,             0, -2.25862383842, 4985.34912109,          6000, -59.455947876, -15.1180610657, -36.731842041
         6.65,             0, -7.34000015259,             0, -2.2624809742, 4983.97216797,          6000, -59.4439125061, -15.1181373596, -36.9347114563
        6.675,             0, -7.32999992371,             0, -2.26634597778, 4982.58642578,          6000, -59.431804657, -15.1182136536, -37.1378479004
          6.7,             0, -7.32000017166,             0, -2.27021813393, 4981.19238281,          6000, -59.4196243286, -15.1182899475, -37.341255188
        6.725,             0, -7.30999994278,             0, -2.27409815788, 4979.78955078,          6000, -59.4073638916, -15.1183662415, -37.5449371338
         6.75,             0, -7.30000019073,             0, -2.27798581123, 4978.37841797,          6000,  -59.39503479, -15.1184425354, -37.7488861084
        6.775,             0, -7.28999996185,             0, -2.28188085556, 4976.95849609,          6000, -59.3826255798, -15.1185188293, -37.9531021118
          6.8,             0, -7.28000020981,             0, -2.2857837677, 4975.52978516,          6000, -59.3701438904, -15.1185941696, -38.1575889587
        6.825,             0, -7.26999998093,             0, -2.28969407082, 4974.09228516,          6000, -59.3575820923, -15.1186704636, -38.3623390198
         6.85,             0, -7.26000022888,             0, -2.29361224174, 4972.64648438,          6000, -59.3449478149, -15.1187458038, -38.5673561096
        6.875,             0,         -7.25,             0, -2.29753804207, 4971.19140625,          6000, -59.332233429, -15.1188211441, -38.7726402283
          6.9,             0, -7.23999977112,             0, -2.30147147179, 4969.72753906,          6000, -59.319442749, -15.1188964844, -38.978187561
        6.925,             0, -7.23000001907,             0, -2.30541276932, 4968.25488281,          6000, -59.3065757751, -15.1189718246, -39.1839942932
         6.95,             0, -7.21999979019,             0, -2.30936169624,  4966.7734375,          6000, -59.2936325073, -15.1190471649, -39.3900680542
        6.975,             0, -7.21000003815,             0, -2.31331825256, 4965.28320312,          6000, -59.2806091309, -15.1191225052, -39.5964012146
            7,             0, -7.19999980927,             0, -2.3172826767, 4963.78369141,          6000, -59.2675056458, -15.1191978455, -39.8029937744
        7.025,             0, -7.19000005722,             0, -2.32125496864, 4962.27539062,          6000, -59.2543258667, -15.1192722321, -40.0098457336
         7.05,             0, -7.17999982834,             0, -2.32523488998,  4960.7578125,          6000, -59.241065979, -15.1193466187, -40.2169532776
        7.075,             0, -7.17000007629,             0, -2.32922267914, 4959.23144531,          6000, -59.2277297974, -15.1194219589, -40.4243202209
          7.1,             0, -7.15999984741,             0, -2.33321809769, 4957.69580078,          6000, -59.2143096924, -15.1194963455, -40.631942749
        7.125,             0, -7.15000009537,             0, -2.33722162247, 4956.15087891,          6000, -59.2008132935, -15.1195707321, -40.8398208618
         7.15,             0, -7.13999986649,             0, -2.34123277664, 4954.59667969,          6000, -59.1872329712, -15.119644165, -41.0479507446
        7.175,             0, -7.13000011444,             0, -2.34525179863, 4953.03320312,          6000, -59.1735725403, -15.1197185516, -41.2563362122
          7.2,             0, -7.11999988556,             0, -2.34927868843,  4951.4609375,          6000, -59.1598320007, -15.1197929382, -41.464969635
        7.225,             0, -7.11000013351,             0, -2.35331368446, 4949.87890625,          6000, -59.1460075378, -15.1198663712, -41.6738548279
         7.25,             0, -7.09999990463,             0, -2.35735630989, 4948.28759766,          6000, -59.132106781, -15.1199407578, -41.8829879761
        7.275,             0, -7.09000015259,             0, -2.36140704155, 4946.68701172,          6000, -59.1181182861, -15.1200141907, -42.0923728943
          7.3,             0, -7.07999992371,             0, -2.3654654026, 4945.07666016,          6000, -59.1040496826, -15.1200876236, -42.3020019531
        7.325,             0, -7.07000017166,             0, -2.36953186989, 4943.45703125,          6000, -59.0898971558, -15.1201610565, -42.5118751526
         7.35,             0, -7.05999994278,             0, -2.37360644341,   4941.828125,          6000, -59.0756645203, -15.1202344894, -42.7219924927
        7.375,             0, -7.05000019073,             0, -2.37768888474, 4940.18896484,          6000, -59.0613441467, -15.1203069687, -42.9323577881
          7.4,             0, -7.03999996185,             0, -2.38177919388, 4938.54101562,          6000, -59.0469436646, -15.1203804016, -43.1429595947
        7.425,             0, -7.03000020981,             0, -2.38587760925,  4936.8828125,          6000, -59.0324554443, -15.1204538345, -43.353805542
         7.45,             0, -7.01999998093,             0, -2.38998413086, 4935.21533203,          6000, -59.0178833008, -15.1205263138, -43.5648880005
        7.475,             0, -7.01000022888,             0, -2.39409852028, 4933.53808594,          6000, -59.0032272339, -15.120598793, -43.7762107849
          7.5,             0,            -7,             0, -2.39822101593, 4931.85058594,          6000, -58.9884872437, -15.1206712723, -43.9877700806
        7.525,             0, -6.98999977112,             0, -2.40235161781, 4930.15380859,          6000, -58.9736595154, -15.1207437515, -44.1995658875
         7.55,             0, -6.98000001907,             0, -2.40649032593, 4928.44677734,          6000, -58.9587478638, -15.1208162308, -44.4115905762
        7.575,             0, -6.96999979019,             0, -2.41063690186, 4926.73046875,          6000, -58.9437484741,  -15.12088871, -44.6238517761
          7.6,             0, -6.96000003815,             0, -2.41479182243, 4925.00390625,          6000, -58.9286613464, -15.1209602356, -44.8363456726
        7.625,             0, -6.94999980927,             0, -2.41895461082, 4923.26708984,          6000, -58.9134902954, -15.1210327148, -45.0490684509
         7.65,             0, -6.94000005722,             0, -2.42312574387, 4921.52050781,          6000, -58.8982276917, -15.1211042404, -45.2620162964
        7.675,             0, -6.92999982834,             0, -2.42730498314, 4919.76416016,          6000, -58.8828811646, -15.1211767197, -45.4751968384
          7.7,             0, -6.92000007629,             0, -2.43149232864, 4917.99755859,          6000, -58.8674430847, -15.1212482452, -45.6885986328
        7.725,             0, -6.90999984741,             0, -2.43568778038, 4916.22070312,          6000, -58.8519210815, -15.1213197708, -45.9022254944
         7.75,             0, -6.90000009537,             0, -2.43989157677, 4914.43359375,          6000, -58.8363075256, -15.1213912964, -46.1160736084
        7.775,             0, -6.88999986649,             0, -2.44410347939, 4912.63623047,          6000, -58.820602417, -15.1214618683, -46.3301467896
          7.8,             0, -6.88000011444,             0, -2.44832348824, 4910.82910156,          6000, -58.8048095703, -15.1215333939, -46.5444374084
        7.825,             0, -6.86999988556,             0, -2.45255184174, 4909.01123047,          6000, -58.7889289856, -15.1216039658, -46.7589454651
         7.85,             0, -6.86000013351,             0, -2.45678853989, 4907.18310547,          6000, -58.7729568481, -15.1216754913, -46.9736671448
        7.875,             0, -6.84999990463,             0, -2.46103334427, 4905.34472656,          6000, -58.756893158, -15.1217460632, -47.1886100769
          7.9,             0, -6.84000015259,             0, -2.4652864933, 4903.49560547,          6000, -58.740737915, -15.1218166351, -47.4037628174
        7.925,             0, -6.82999992371,             0, -2.46954798698, 4901.63623047,          6000, -58.7244949341, -15.121887207, -47.6191253662
         7.95,             0, -6.82000017166,             0, -2.4738175869, 4899.76660156,          6000, -58.7081565857, -15.1219577789, -47.8347015381
        7.975,             0, -6.80999994278,             0, -2.47809553146, 4897.88623047,          6000, -58.6917266846, -15.1220283508, -48.0504837036
            8,             0, -6.80000019073,             0, -2.48238182068, 4895.99511719,          6000, -58.6752052307, -15.1220989227, -48.2664718628
        8.025,             0, -6.78999996185,             0, -2.48667645454,    4894.09375,          6000, -58.6585922241, -15.122168541, -48.4826660156
         8.05,             0, -6.78000020981,             0, -2.49097967148, 4892.18115234,          6000, -58.6418838501, -15.1222391129, -48.6990661621
        8.075,             0, -6.76999998093,             0, -2.49529099464, 4890.25830078,          6000, -58.6250839233, -15.1223087311, -48.9156646729
          8.1,             0, -6.76000022888,             0, -2.49961066246, 4888.32470703,          6000, -58.6081886292, -15.1223783493, -49.1324653625
        8.125,             0,         -6.75,             0, -2.50393891335, 4886.37988281,          6000, -58.5911979675, -15.1224479675, -49.3494606018
         8.15,             0, -6.73999977112,             0, -2.50827550888, 4884.42480469,          6000, -58.5741157532, -15.1225175858, -49.5666542053
        8.175,             0, -6.73000001907,             0, -2.51262044907, 4882.45849609,          6000, -58.5569343567, -15.122587204, -49.7840423584
          8.2,             0, -6.71999979019,             0, -2.5169737339, 4880.48144531,          6000, -58.5396614075, -15.1226558685, -50.001625061
        8.225,             0, -6.71000003815,             0, -2.52133560181, 4878.49316406,          6000, -58.5222892761, -15.1227254868, -50.2193946838
         8.25,             0, -6.69999980927,             0, -2.52570605278, 4876.49414062,          6000, -58.5048217773, -15.1227941513, -50.4373550415
        8.275,             0, -6.69000005722,             0, -2.5300848484, 4874.48388672,          6000, -58.4872589111, -15.1228637695, -50.6555023193
          8.3,             0, -6.67999982834,             0, -2.53447198868, 4872.46240234,          6000, -58.4696006775, -15.1229324341, -50.8738327026
        8.325,             0, -6.67000007629,             0, -2.53886795044, 4870.43017578,          6000, -58.4518432617, -15.1230010986, -51.0923500061
         8.35,             0, -6.65999984741,             0, -2.54327201843, 4868.38623047,          6000, -58.4339866638, -15.1230697632, -51.3110466003
        8.375,             0, -6.65000009537,             0, -2.54768490791, 4866.33154297,          6000, -58.4160346985, -15.1231384277, -51.5299186707
          8.4,             0, -6.63999986649,             0, -2.55210638046, 4864.26513672,          6000, -58.397983551, -15.1232070923, -51.7489738464
        8.425,             0, -6.63000011444,             0, -2.55653619766, 4862.18798828,          6000, -58.3798332214, -15.1232748032, -51.9682006836
         8.45,             0, -6.61999988556,             0, -2.56097459793, 4860.09912109,          6000, -58.3615837097, -15.1233434677, -52.1876029968
        8.475,             0, -6.61000013351,             0, -2.56542158127, 4857.99902344,          6000, -58.3432350159, -15.1234111786, -52.4071731567
          8.5,             0, -6.59999990463,             0, -2.56987738609, 4855.88720703,          6000, -58.3247871399, -15.1234788895, -52.626914978
        8.525,             0, -6.59000015259,             0, -2.57434153557, 4853.76416016,          6000, -58.3062362671, -15.1235466003, -52.8468208313
         8.55,             0, -6.57999992371,             0, -2.57881426811, 4851.62939453,          6000, -58.2875862122, -15.1236143112, -53.0668945312
        8.575,             0, -6.57000017166,             0, -2.58329582214, 4849.48339844,          6000, -58.2688369751, -15.1236820221, -53.2871322632
          8.6,             0, -6.55999994278,             0, -2.58778595924, 4847.32519531,          6000, -58.2499847412, -15.123749733, -53.5075263977
        8.625,             0, -6.55000019073,             0, -2.59228467941, 4845.15576172,          6000, -58.2310295105, -15.1238174438, -53.7280807495
         8.65,             0, -6.53999996185,             0, -2.59679198265, 4842.97460938,          6000, -58.211971283, -15.123884201, -53.9487915039
        8.675,             0, -6.53000020981,             0, -2.60130810738, 4840.78173828,          6000, -58.1928138733, -15.1239509583, -54.1696548462
          8.7,             0, -6.51999998093,             0, -2.60583305359, 4838.57666016,          6000, -58.1735496521, -15.1240186691, -54.3906707764
        8.725,             0, -6.51000022888,             0, -2.61036634445, 4836.36035156,          6000, -58.1541862488, -15.1240854263, -54.6118354797
         8.75,             0,          -6.5,             0, -2.61490869522, 4834.13183594,          6000, -58.1347160339, -15.1241521835, -54.8331451416
        8.775,             0, -6.48999977112,             0, -2.61945962906, 4831.89111328,          6000, -58.1151428223, -15.1242189407, -55.0546035767
          8.8,             0, -6.48000001907,             0, -2.62401914597, 4829.63867188,          6000, -58.0954666138, -15.1242856979, -55.2761993408
        8.825,             0, -6.46999979019,             0, -2.62858772278, 4827.37451172,          6000, -58.0756835938, -15.1243515015, -55.4979400635
         8.85,             0, -6.46000003815,             0, -2.63316488266, 4825.09814453,          6000, -58.0557937622, -15.1244182587, -55.7198143005
        8.875,             0, -6.44999980927,             0, -2.63775062561, 4822.80957031,          6000, -58.0358009338, -15.1244840622, -55.9418258667
          8.9,             0, -6.44000005722,             0, -2.64234542847, 4820.50878906,          6000, -58.0157012939, -15.1245508194, -56.1639709473
        8.925,             0, -6.42999982834,             0, -2.64694905281, 4818.19580078,          6000, -57.9954948425, -15.1246166229, -56.3862419128
         8.95,             0, -6.42000007629,             0, -2.65156126022, 4815.87060547,          6000, -57.9751815796, -15.1246824265, -56.6086463928
        8.975,             0, -6.40999984741,             0, -2.65618252754, 4813.53320312,          6000, -57.9547576904,  -15.12474823, -56.8311729431
            9,             0, -6.40000009537,             0, -2.66081237793, 4811.18310547,          6000, -57.9342308044, -15.1248140335, -57.0538215637
        9.025,             0, -6.38999986649,             0, -2.66545128822, 4808.82128906,          6000, -57.9135932922, -15.1248788834, -57.2765884399
         9.05,             0, -6.38000011444,             0, -2.67009878159, 4806.44677734,          6000, -57.8928489685, -15.1249446869, -57.4994773865
        9.075,             0, -6.36999988556,             0, -2.67475533485, 4804.05957031,          6000, -57.8719978333, -15.1250095367, -57.7224769592
          9.1,             0, -6.36000013351,             0, -2.67942070961, 4801.66015625,          6000, -57.8510322571, -15.1250753403, -57.9455909729
        9.125,             0, -6.34999990463,             0, -2.68409514427, 4799.24804688,          6000, -57.8299598694, -15.1251401901, -58.1688156128
         9.15,             0, -6.34000015259,             0,  -2.688778162, 4796.82324219,          6000, -57.8087768555,  -15.12520504, -58.3921470642
        9.175,             0, -6.32999992371,             0, -2.69347023964, 4794.38574219,          6000,  -57.78748703, -15.1252698898, -58.6155815125
          9.2,             0, -6.32000017166,             0, -2.69817137718, 4791.93554688,          6000, -57.7660827637, -15.1253347397, -58.8391189575
        9.225,             0, -6.30999994278,             0, -2.70288133621, 4789.47314453,          6000, -57.7445678711, -15.1253995895,  -59.06275177
         9.25,             0, -6.30000019073,             0, -2.70760011673, 4786.99755859,          6000, -57.7229385376, -15.1254634857, -59.2864837646
        9.275,             0, -6.28999996185,             0, -2.71232795715, 4784.50927734,          6000, -57.7012023926, -15.1255283356, -59.510307312
          9.3,             0, -6.28000020981,             0, -2.71706461906,  4782.0078125,          6000, -57.6793518066, -15.1255922318, -59.7342224121
        9.325,             0, -6.26999998093,             0, -2.72181034088, 4779.49365234,          6000, -57.6573867798, -15.1256561279, -59.9582214355
         9.35,             0, -6.26000022888,             0, -2.7265651226, 4776.96630859,          6000, -57.6353111267, -15.1257209778, -60.182308197
        9.375,             0,         -6.25,             0, -2.73132872581, 4774.42626953,          6000, -57.6131210327, -15.125784874, -60.4064750671
          9.4,             0, -6.23999977112,             0, -2.73610138893, 4771.87304688,          6000, -57.5908164978, -15.1258487701, -60.6307220459
        9.425,             0, -6.23000001907,             0, -2.74088311195, 4769.30712891,          6000, -57.568397522, -15.1259117126, -60.8550453186
         9.45,             0, -6.21999979019,             0, -2.74567389488, 4766.72753906,          6000, -57.5458641052, -15.1259756088, -61.0794410706
        9.475,             0, -6.21000003815,             0, -2.75047373772, 4764.13476562,          6000, -57.5232162476, -15.126039505, -61.3039054871
          9.5,             0, -6.19999980927,             0, -2.75528240204, 4761.52929688,          6000, -57.5004501343, -15.1261024475, -61.5284347534
        9.525,             0, -6.19000005722,             0, -2.76010012627, 4758.91015625,          6000, -57.4775695801,  -15.12616539, -61.7530288696
         9.55,             0, -6.17999982834,             0, -2.76492714882, 4756.27734375,          6000, -57.454574585, -15.1262292862, -61.977684021
        9.575,             0, -6.17000007629,             0, -2.76976299286, 4753.63183594,          6000, -57.4314613342, -15.1262922287, -62.2023963928
          9.6,             0, -6.15999984741,             0, -2.77460813522, 4750.97265625,          6000, -57.4082298279, -15.1263551712, -62.4271621704
        9.625,             0, -6.15000009537,             0, -2.77946209908, 4748.29980469,          6000, -57.3848838806, -15.1264181137, -62.6519813538
         9.65,             0, -6.13999986649,             0, -2.78432536125, 4745.61328125,          6000, -57.361415863, -15.1264801025, -62.8768463135
        9.675,             0, -6.13000011444,             0, -2.78919768333, 4742.91357422,          6000, -57.3378334045, -15.126543045, -63.1017570496
          9.7,             0, -6.11999988556,             0, -2.79407906532, 4740.20019531,          6000, -57.3141288757, -15.1266050339, -63.3267059326
        9.725,             0, -6.11000013351,             0, -2.79896950722, 4737.47314453,          6000, -57.290309906, -15.1266679764, -63.5516967773
         9.75,             0, -6.09999990463,             0, -2.80386924744, 4734.73291016,          6000, -57.266368866, -15.1267299652, -63.7767219543
        9.775,             0, -6.09000015259,             0, -2.80877780914, 4731.97802734,          6000, -57.2423057556, -15.126791954, -64.0017776489
          9.8,             0, -6.07999992371,             0, -2.81369590759, 4729.20996094,          6000, -57.2181243896, -15.1268539429, -64.2268600464
        9.825,             0, -6.07000017166,             0, -2.81862282753, 4726.42822266,          6000, -57.1938209534, -15.1269159317, -64.451965332
         9.85,             0, -6.05999994278,             0, -2.82355904579, 4723.63183594,          6000, -57.1693992615, -15.1269779205, -64.6770935059
        9.875,             0, -6.05000019073,             0, -2.82850432396, 4720.82226562,          6000, -57.1448516846, -15.1270399094, -64.9022445679
          9.9,             0, -6.03999996185,             0, -2.83345890045, 4717.99853516,          6000, -57.1201858521, -15.1271009445, -65.1274032593
        9.925,             0, -6.03000020981,             0, -2.83842253685, 4715.16064453,          6000, -57.0953979492, -15.1271629333, -65.3525772095
         9.95,             0, -6.01999998093,             0, -2.84339547157, 4712.30859375,          6000, -57.0704841614, -15.1272239685, -65.5777511597
        9.975,             0, -6.01000022888,             0, -2.84837770462, 4709.44287109,          6000, -57.0454521179, -15.1272850037, -65.8029327393
           10,             0,            -6,             0, -2.85336899757,     4706.5625,          6000, -57.0202903748, -15.1273460388, -66.0281143188
       10.025,             0, -5.98999977112,             0, -2.85836935043, 4703.66845703,          6000, -56.995010376, -15.127407074, -66.2532958984
        10.05,             0, -5.98000001907,             0, -2.86337900162, 4700.75976562,          6000, -56.9696044922, -15.1274681091, -66.4784698486
       10.075,             0, -5.96999979019,             0, -2.86839795113, 4697.83691406,          6000, -56.9440727234, -15.1275291443,  -66.70362854
         10.1,             0, -5.96000003815,             0, -2.87342619896, 4694.89990234,          6000, -56.9184150696, -15.1275892258, -66.9287719727
       10.125,             0, -5.94999980927,             0, -2.8784635067, 4691.94824219,          6000, -56.8926315308, -15.1276502609, -67.1539001465
        10.15,             0, -5.94000005722,             0, -2.88351011276, 4688.98242188,          6000, -56.8667259216, -15.1277103424, -67.3790054321
       10.175,             0, -5.92999982834,             0, -2.88856601715, 4686.00195312,          6000, -56.8406906128, -15.1277713776, -67.6040878296
         10.2,             0, -5.92000007629,             0, -2.89363098145, 4683.00683594,          6000, -56.8145294189, -15.127831459, -67.8291320801
       10.225,             0, -5.90999984741,             0, -2.89870548248, 4679.99755859,          6000, -56.7882423401, -15.1278915405, -68.054145813
        10.25,             0, -5.90000009537,             0, -2.90378904343, 4676.97314453,          6000, -56.7618255615, -15.127951622, -68.2791290283
       10.275,             0, -5.88999986649,             0, -2.90888190269, 4673.93457031,          6000, -56.7352828979, -15.1280107498, -68.5040588379
         10.3,             0, -5.88000011444,             0, -2.91398406029, 4670.88134766,          6000, -56.7086105347, -15.1280708313, -68.7289505005
       10.325,             0, -5.86999988556,             0, -2.91909527779, 4667.81298828,          6000, -56.6818122864, -15.1281309128, -68.9537963867
        10.35,             0, -5.86000013351,             0, -2.92421603203, 4664.72998047,          6000, -56.6548805237, -15.1281900406, -69.1785812378
       10.375,             0, -5.84999990463,             0, -2.92934608459, 4661.63232422,          6000, -56.627822876, -15.1282491684, -69.4033126831
         10.4,             0, -5.84000015259,             0, -2.93448543549, 4658.51953125,          6000, -56.6006355286, -15.1283092499, -69.6279830933
       10.425,             0, -5.82999992371,             0, -2.93963384628, 4655.39208984,          6000, -56.5733146667, -15.1283683777, -69.8525848389
        10.45,             0, -5.82000017166,             0, -2.94479179382, 4652.24951172,          6000, -56.5458679199, -15.1284275055, -70.0771179199
       10.475,             0, -5.80999994278,             0, -2.94995880127, 4649.09179688,          6000, -56.5182876587, -15.1284866333, -70.301574707
         10.5,             0, -5.80000019073,             0, -2.95513534546, 4645.91894531,          6000, -56.4905738831, -15.1285448074, -70.5259552002
       10.525,             0, -5.78999996185,             0, -2.96032118797, 4642.73144531,          6000, -56.4627304077, -15.1286039352,  -70.75025177
        10.55,             0, -5.78000020981,             0, -2.96551609039, 4639.52832031,          6000, -56.434753418, -15.128663063, -70.9744644165
       10.575,             0, -5.76999998093,             0, -2.97072052956, 4636.31054688,          6000, -56.4066467285, -15.1287212372, -71.1985855103
         10.6,             0, -5.76000022888,             0, -2.97593426704, 4633.07714844,          6000, -56.3784065247, -15.1287794113, -71.4226074219
       10.625,             0,         -5.75,             0, -2.98115730286, 4629.82861328,          6000, -56.3500289917, -15.1288375854, -71.6465301514
        10.65,             0, -5.73999977112,             0, -2.98638963699, 4626.56445312,          6000, -56.321521759, -15.1288957596, -71.8703536987
       10.675,             0, -5.73000001907,             0, -2.99163126945, 4623.28515625,          6000, -56.2928771973, -15.1289539337, -72.0940704346
         10.7,             0, -5.71999979019,             0, -2.99688220024, 4619.99072266,          6000, -56.2641029358, -15.1290121078, -72.3176651001
       10.725,             0, -5.71000003815,             0, -3.00214266777, 4616.68066406,          6000, -56.2351913452, -15.129070282, -72.5411453247
        10.75,             0, -5.69999980927,             0, -3.00741219521, 4613.35498047,          6000, -56.2061424255, -15.1291284561, -72.7645111084
       10.775,             0, -5.69000005722,             0, -3.01269125938, 4610.01367188,          6000, -56.1769599915, -15.1291856766, -72.987739563
         10.8,             0, -5.67999982834,             0, -3.01797962189, 4606.65673828,          6000, -56.1476402283, -15.129242897, -73.2108459473
       10.825,             0, -5.67000007629,             0, -3.02327728271, 4603.28417969,          6000, -56.118183136, -15.1293010712, -73.4338150024
        10.85,             0, -5.65999984741,             0, -3.02858424187, 4599.89599609,          6000, -56.0885925293, -15.1293582916, -73.6566390991
       10.875,             0, -5.65000009537,             0, -3.03390049934,  4596.4921875,          6000, -56.0588607788, -15.1294155121, -73.8793182373
         10.9,             0, -5.63999986649,             0, -3.03922605515, 4593.07275391,          6000, -56.0289955139, -15.1294727325, -74.101852417
       10.925,             0, -5.63000011444,             0, -3.04456114769, 4589.63720703,          6000, -55.9989891052, -15.1295289993, -74.3242340088
        10.95,             0, -5.61999988556,             0, -3.04990553856, 4586.18603516,          6000, -55.9688453674, -15.1295862198, -74.5464477539
       10.975,             0, -5.61000013351,             0, -3.05525922775,    4582.71875,          6000, -55.9385604858, -15.1296434402, -74.7685012817
           11,             0, -5.59999990463,             0, -3.06062221527, 4579.23583984,          6000, -55.9081382751, -15.129699707, -74.9903869629
       11.025,             0, -5.59000015259,             0, -3.06599450111, 4575.73632812,          6000, -55.8775787354, -15.1297559738, -75.2121047974
        11.05,             0, -5.57999992371,             0, -3.07137608528, 4572.22119141,          6000, -55.8468780518, -15.1298131943, -75.433631897
       11.075,             0, -5.57000017166,             0, -3.07676720619, 4568.68994141,          6000, -55.8160362244, -15.1298694611, -75.6549835205
         11.1,             0, -5.55999994278,             0, -3.08216762543, 4565.14257812,          6000, -55.7850532532, -15.1299257278, -75.8761444092
       11.125,             0, -5.55000019073,             0, -3.08757734299, 4561.57910156,          6000, -55.7539291382, -15.129981041, -76.097114563
        11.15,             0, -5.53999996185,             0, -3.09299635887, 4557.99951172,          6000, -55.7226638794, -15.1300373077, -76.3178863525
       11.175,             0, -5.53000020981,             0, -3.09842467308, 4554.40332031,          6000, -55.6912574768, -15.1300935745, -76.5384521484
         11.2,             0, -5.51999998093,             0, -3.10386228561, 4550.79101562,          6000, -55.6597099304, -15.1301488876, -76.7588043213
       11.225,             0, -5.51000022888,             0, -3.10930919647, 4547.16259766,          6000, -55.6280174255, -15.1302051544, -76.9789505005
        11.25,             0,          -5.5,             0, -3.11476564407, 4543.51757812,          6000, -55.5961837769, -15.1302604675, -77.1988754272
       11.275,             0, -5.48999977112,             0,   -3.12023139, 4539.85644531,          6000, -55.5642051697, -15.1303157806, -77.4185714722
         11.3,             0, -5.48000001907,             0, -3.12570619583, 4536.17822266,          6000, -55.5320854187, -15.1303710938, -77.6380462646
       11.325,             0, -5.46999979019,             0, -3.13119053841, 4532.48388672,          6000, -55.4998207092, -15.1304264069, -77.8572845459
        11.35,             0, -5.46000003815,             0, -3.13668417931, 4528.77294922,          6000, -55.4674110413,  -15.13048172, -78.0762786865
       11.375,             0, -5.44999980927,             0, -3.14218688011, 4525.04541016,          6000, -55.4348564148, -15.1305370331, -78.2950286865
         11.4,             0, -5.44000005722,             0, -3.14769911766, 4521.30126953,          6000, -55.4021568298, -15.1305913925, -78.5135269165
       11.425,             0, -5.42999982834,             0, -3.15322065353, 4517.54052734,          6000, -55.3693122864, -15.1306467056, -78.7317733765
        11.45,             0, -5.42000007629,             0, -3.15875148773, 4513.76318359,          6000, -55.3363227844, -15.1307010651, -78.949760437
       11.475,             0, -5.40999984741,             0, -3.16429162025,    4509.96875,          6000, -55.3031845093, -15.1307554245, -79.1674728394
         11.5,             0, -5.40000009537,             0, -3.16984081268, 4506.15771484,          6000, -55.2699012756, -15.1308107376, -79.3849182129
       11.525,             0, -5.38999986649,             0, -3.17539954185, 4502.32958984,          6000, -55.2364730835, -15.130865097, -79.6020812988
        11.55,             0, -5.38000011444,             0, -3.18096733093, 4498.48486328,          6000, -55.2028923035, -15.1309185028, -79.8189620972
       11.575,             0, -5.36999988556,             0, -3.18654465675, 4494.62353516,          6000, -55.1691703796, -15.1309728622, -80.0355606079
         11.6,             0, -5.36000013351,             0, -3.19213104248, 4490.74462891,          6000, -55.1352958679, -15.1310272217, -80.2518539429
       11.625,             0, -5.34999990463,             0, -3.19772672653, 4486.84912109,          6000, -55.101272583, -15.1310815811, -80.4678573608
        11.65,             0, -5.34000015259,             0, -3.20333170891, 4482.93603516,          6000, -55.0671043396, -15.1311349869, -80.6835479736
       11.675,             0, -5.32999992371,             0, -3.20894575119, 4479.00634766,          6000, -55.0327835083, -15.1311883926, -80.8989257812
         11.7,             0, -5.32000017166,             0, -3.21456933022, 4475.05957031,          6000, -54.9983139038, -15.1312427521, -81.1139907837
       11.725,             0, -5.30999994278,             0, -3.22020196915, 4471.09521484,          6000, -54.9636955261, -15.1312961578, -81.3287353516
        11.75,             0, -5.30000019073,             0, -3.22584366798, 4467.11425781,          6000, -54.9289283752, -15.1313495636, -81.5431442261
       11.775,             0, -5.28999996185,             0, -3.23149490356, 4463.11572266,          6000, -54.8940086365, -15.1314029694, -81.7572174072
         11.8,             0, -5.28000020981,             0, -3.23715496063, 4459.09960938,          6000, -54.8589401245, -15.1314554214, -81.970954895
       11.825,             0, -5.26999998093,             0, -3.24282455444, 4455.06640625,          6000, -54.8237190247, -15.1315088272, -82.1843414307
        11.85,             0, -5.26000022888,             0, -3.24850320816, 4451.01611328,          6000, -54.7883453369, -15.1315612793, -82.3973770142
       11.875,             0,         -5.25,             0, -3.25419092178, 4446.94824219,          6000, -54.752822876, -15.1316146851, -82.6100540161
         11.9,             0, -5.23999977112,             0, -3.25988793373, 4442.86279297,          6000, -54.7171478271, -15.1316671371, -82.8223648071
       11.925,             0, -5.23000001907,             0, -3.26559400558, 4438.76025391,          6000, -54.6813163757, -15.1317195892, -83.0343093872
        11.95,             0, -5.21999979019,             0, -3.27130937576, 4434.63964844,          6000, -54.6453361511, -15.131772995, -83.2458724976
       11.975,             0, -5.21000003815,             0, -3.27703380585, 4430.50195312,          6000, -54.6092033386, -15.1318244934, -83.4570541382
           12,             0, -5.19999980927,             0, -3.28276729584, 4426.34619141,          6000, -54.5729141235, -15.1318769455, -83.6678466797
       12.025,             0, -5.19000005722,             0, -3.28851008415, 4422.17333984,          6000, -54.5364723206, -15.1319293976, -83.8782424927
        12.05,             0, -5.17999982834,             0, -3.29426169395, 4417.98242188,          6000, -54.499874115, -15.1319818497, -84.0882415771
       12.075,             0, -5.17000007629,             0, -3.30002260208, 4413.77392578,          6000, -54.4631233215, -15.1320333481, -84.2978286743
         12.1,             0, -5.15999984741,             0, -3.30579257011, 4409.54785156,          6000, -54.4262199402, -15.1320858002, -84.5069961548
       12.125,             0, -5.15000009537,             0, -3.31157159805, 4405.30371094,          6000, -54.3891601562, -15.1321372986, -84.7157516479
        12.15,             0, -5.13999986649,             0, -3.31735944748, 4401.04199219,          6000, -54.3519439697, -15.132188797, -84.924079895
       12.175,             0, -5.13000011444,             0, -3.32315659523, 4396.76220703,          6000, -54.3145713806, -15.1322402954, -85.1319732666
         12.2,             0, -5.11999988556,             0, -3.32896256447, 4392.46484375,          6000, -54.2770462036, -15.1322917938, -85.3394241333
       12.225,             0, -5.11000013351,             0, -3.33477783203, 4388.14941406,          6000, -54.2393608093, -15.1323432922, -85.5464324951
        12.25,             0, -5.09999990463,             0, -3.34060192108, 4383.81591797,          6000, -54.2015190125, -15.1323947906, -85.7529830933
       12.275,             0, -5.09000015259,             0, -3.34643507004, 4379.46435547,          6000, -54.1635246277, -15.1324453354, -85.9590835571
         12.3,             0, -5.07999992371,             0, -3.35227704048, 4375.09472656,          6000, -54.1253700256, -15.1324968338, -86.1647109985
       12.325,             0, -5.07000017166,             0, -3.35812807083, 4370.70751953,          6000, -54.0870552063, -15.1325473785, -86.3698654175
        12.35,             0, -5.05999994278,             0, -3.36398792267, 4366.30175781,          6000, -54.0485839844, -15.1325979233, -86.574546814
       12.375,             0, -5.05000019073,             0, -3.36985683441, 4361.87792969,          6000, -54.0099563599, -15.1326494217, -86.7787399292
         12.4,             0, -5.03999996185,             0, -3.37573456764, 4357.43603516,          6000, -53.9711723328, -15.1326999664, -86.9824447632
       12.425,             0, -5.03000020981,             0, -3.38162136078, 4352.97607422,          6000, -53.9322242737, -15.1327505112, -87.1856460571
        12.45,             0, -5.01999998093,             0, -3.38751673698, 4348.49755859,          6000, -53.893119812, -15.1328001022, -87.388343811
       12.475,             0, -5.01000022888,             0, -3.3934211731, 4344.00097656,          6000, -53.8538551331, -15.132850647, -87.5905227661
         12.5,             0,            -5,             0, -3.39933443069, 4339.48583984,          6000, -53.8144302368, -15.1329011917, -87.7921905518
       12.525,             0, -4.98999977112,             0, -3.40525650978, 4334.95263672,          6000, -53.774848938, -15.1329507828, -87.9933319092
        12.55,             0, -4.98000001907,             0, -3.41118717194, 4330.40087891,          6000, -53.7351036072, -15.1330013275, -88.193939209
       12.575,             0, -4.96999979019,             0,  -3.417126894, 4325.83105469,          6000, -53.6951980591, -15.1330509186, -88.3940048218
         12.6,             0, -4.96000003815,             0, -3.42307519913,  4321.2421875,          6000, -53.6551361084, -15.1331005096, -88.5935211182
       12.625,             0, -4.94999980927,             0, -3.42903232574, 4316.63525391,          6000, -53.614906311, -15.1331501007, -88.7924880981
        12.65,             0, -4.94000005722,             0, -3.43499827385, 4312.00976562,          6000, -53.5745201111, -15.1331996918, -88.9908905029
       12.675,             0, -4.92999982834,             0, -3.44097280502, 4307.36572266,          6000, -53.5339698792, -15.1332492828, -89.1887283325
         12.7,             0, -4.92000007629,             0, -3.44695591927,   4302.703125,          6000, -53.4932594299, -15.1332988739, -89.3859939575
       12.725,             0, -4.90999984741,             0,  -3.452947855, 4298.02197266,          6000, -53.4523849487, -15.1333475113, -89.5826721191
        12.75,             0, -4.90000009537,             0, -3.45894837379, 4293.32226562,          6000, -53.4113502502, -15.1333971024, -89.7787628174
       12.775,             0, -4.88999986649,             0, -3.46495747566, 4288.60351562,          6000, -53.3701515198, -15.1334457397, -89.9742584229
         12.8,             0, -4.88000011444,             0, -3.4709751606, 4283.86669922,          6000, -53.3287887573, -15.1334943771, -90.1691513062
       12.825,             0, -4.86999988556,             0, -3.47700166702, 4279.11035156,          6000, -53.2872657776, -15.1335430145, -90.3634338379
        12.85,             0, -4.86000013351,             0, -3.4830365181,  4274.3359375,          6000, -53.2455749512, -15.1335916519, -90.5570983887
       12.875,             0, -4.84999990463,             0, -3.48907971382, 4269.54248047,          6000, -53.2037239075, -15.1336402893, -90.7501373291
         12.9,             0, -4.84000015259,             0, -3.49513173103, 4264.73046875,          6000, -53.1617088318, -15.1336889267, -90.9425430298
       12.925,             0, -4.82999992371,             0, -3.5011920929, 4259.89941406,          6000, -53.1195259094, -15.1337375641, -91.1343078613
        12.95,             0, -4.82000017166,             0, -3.50726079941, 4255.04931641,          6000, -53.0771827698, -15.1337852478, -91.3254318237
       12.975,             0, -4.80999994278,             0, -3.51333808899, 4250.18066406,          6000, -53.0346717834, -15.1338338852, -91.5158920288
           13,             0, -4.80000019073,             0, -3.51942372322, 4245.29296875,          6000, -52.9919967651, -15.1338815689, -91.705696106
       13.025,             0, -4.78999996185,             0, -3.5255177021, 4240.38623047,          6000, -52.9491577148, -15.1339292526, -91.8948287964
        13.05,             0, -4.78000020981,             0, -3.53199386597, 4235.12011719,          6000, -52.9031829834,  -15.13397789, -92.0962219238
       13.075,             0, -4.76999998093,             0, -3.53851699829, 4229.79882812,          6000, -52.8567199707, -15.1340255737, -92.2981033325
         13.1,             0, -4.76000022888,             0, -3.54504776001, 4224.45654297,          6000, -52.8100814819, -15.1340732574, -92.4991226196
       13.125,             0,         -4.75,             0, -3.55158638954, 4219.09423828,          6000, -52.7632637024, -15.1341199875, -92.6992645264
        13.15,             0, -4.73999977112,             0, -3.55813288689, 4213.71142578,          6000, -52.7162666321, -15.1341676712, -92.8985366821
       13.175,             0, -4.73000001907,             0, -3.56468701363, 4208.30810547,          6000, -52.6690940857, -15.1342153549, -93.0969161987
         13.2,             0, -4.71999979019,             0, -3.57124876976, 4202.88476562,          6000, -52.6217422485, -15.134262085, -93.2943954468
       13.225,             0, -4.71000003815,             0, -3.57781815529, 4197.44042969,          6000, -52.5742111206, -15.134308815, -93.4909667969
        13.25,             0, -4.69999980927,             0, -3.58439540863, 4191.97607422,          6000, -52.5265045166, -15.1343564987, -93.686630249
       13.275,             0, -4.69000005722,             0, -3.59098005295, 4186.49072266,          6000, -52.4786148071, -15.1344032288, -93.8813705444
         13.3,             0, -4.67999982834,             0, -3.59757208824, 4180.98535156,          6000, -52.4305496216, -15.1344499588, -94.0751724243
       13.325,             0, -4.67000007629,             0, -3.60417175293, 4175.45898438,          6000, -52.3823051453, -15.1344966888, -94.2680358887
        13.35,             0, -4.65999984741,             0, -3.61077880859, 4169.91259766,          6000, -52.3338813782, -15.1345434189, -94.4599456787
       13.375,             0, -4.65000009537,             0, -3.61739301682, 4164.34521484,          6000, -52.2852783203, -15.1345891953, -94.6509017944
         13.4,             0, -4.63999986649,             0, -3.62401485443,  4158.7578125,          6000, -52.2364997864, -15.1346359253, -94.8408889771
       13.425,             0, -4.63000011444,             0, -3.6306438446, 4153.14941406,          6000, -52.187538147, -15.1346817017, -95.0298995972
        13.45,             0, -4.61999988556,             0, -3.63727998734, 4147.52099609,          6000, -52.1383972168, -15.1347284317, -95.217918396
       13.475,             0, -4.61000013351,             0, -3.64392328262, 4141.87158203,          6000, -52.0890808105, -15.1347742081, -95.4049530029
         13.5,             0, -4.59999990463,             0, -3.65057373047, 4136.20166016,          6000, -52.0395812988, -15.1348199844, -95.5909805298
       13.525,             0, -4.59000015259,             0, -3.65723133087, 4130.51123047,          6000, -51.989906311, -15.1348657608, -95.7759933472
        13.55,             0, -4.57999992371,             0, -3.66389584541, 4124.80029297,          6000, -51.9400520325, -15.1349115372, -95.9599838257
       13.575,             0, -4.57000017166,             0, -3.67056751251, 4119.06884766,          6000, -51.8900146484, -15.1349573135, -96.1429443359
         13.6,             0, -4.55999994278,             0, -3.67724585533, 4113.31689453,          6000, -51.8398017883, -15.1350021362, -96.3248672485
       13.625,             0, -4.55000019073,             0, -3.68393111229, 4107.54443359,          6000, -51.7894058228, -15.1350479126, -96.5057373047
        13.65,             0, -4.53999996185,             0, -3.69062328339, 4101.75097656,          6000, -51.7388343811, -15.1350927353, -96.6855545044
       13.675,             0, -4.53000020981,             0, -3.6973221302, 4095.93725586,          6000, -51.688079834, -15.1351385117, -96.8643035889
         13.7,             0, -4.51999998093,             0, -3.70402765274, 4090.10302734,          6000, -51.6371498108, -15.1351833344, -97.0419769287
       13.725,             0, -4.51000022888,             0,  -3.710739851, 4084.24804688,          6000, -51.5860404968, -15.135228157, -97.2185668945
        13.75,             0,          -4.5,             0, -3.71745872498, 4078.37255859,          6000, -51.5347480774, -15.1352729797, -97.3940658569
       13.775,             0, -4.48999977112,             0, -3.72418379784,  4072.4765625,          6000, -51.4832801819, -15.1353178024, -97.5684585571
         13.8,             0, -4.48000001907,             0, -3.73091554642, 4066.55981445,          6000, -51.4316291809, -15.1353626251, -97.7417373657
       13.825,             0, -4.46999979019,             0, -3.7376537323, 4060.62255859,          6000, -51.3798027039, -15.1354074478, -97.9138946533
        13.85,             0, -4.46000003815,             0, -3.74439835548, 4054.66479492,          6000, -51.3277931213, -15.1354513168, -98.0849304199
       13.875,             0, -4.44999980927,             0, -3.75114917755, 4048.68652344,          6000, -51.2756080627, -15.1354961395, -98.2548217773
         13.9,             0, -4.44000005722,             0, -3.7579061985,     4042.6875,          6000, -51.2232437134, -15.1355400085, -98.4235610962
       13.925,             0, -4.42999982834,             0, -3.76466941833, 4036.66821289,          6000, -51.1706962585, -15.1355838776, -98.5911483765
        13.95,             0, -4.42000007629,             0, -3.77143859863, 4030.62817383,          6000, -51.1179733276, -15.1356277466, -98.7575683594
       13.975,             0, -4.40999984741,             0, -3.77821397781, 4024.56738281,          6000, -51.065071106, -15.1356716156, -98.9228134155
           14,             0, -4.40000009537,             0, -3.78499531746, 4018.48632812,          6000, -51.0119895935, -15.1357154846, -99.0868759155
       14.025,             0, -4.38999986649,             0, -3.79178261757, 4012.38476562,          6000, -50.9587249756, -15.1357593536, -99.2497406006
        14.05,             0, -4.38000011444,             0, -3.79857563972, 4006.26245117,          6000, -50.9052848816, -15.1358032227, -99.4114074707
       14.075,             0, -4.36999988556,             0, -3.80537462234, 4000.11962891,          6000, -50.8516693115, -15.1358470917, -99.5718612671
         14.1,             0, -4.36000013351,             0, -3.81217932701, 3993.95654297,          6000, -50.797870636, -15.135890007, -99.731086731
       14.125,             0, -4.34999990463,             0, -3.8189895153, 3987.77270508,          6000, -50.7438926697, -15.1359329224, -99.8890914917
        14.15,             0, -4.34000015259,             0, -3.82580542564, 3981.56860352,          6000, -50.6897392273, -15.1359767914, -100.045852661
       14.175,             0, -4.32999992371,             0, -3.83262681961,    3975.34375,          6000, -50.6354026794, -15.1360197067, -100.20136261
         14.2,             0, -4.32000017166,             0, -3.8394536972, 3969.09838867,          6000, -50.5808906555, -15.1360626221, -100.355613708
       14.225,             0, -4.30999994278,             0, -3.84628605843, 3962.83276367,          6000, -50.5262031555, -15.1361055374, -100.508605957
        14.25,             0, -4.30000019073,             0, -3.85312366486, 3956.54663086,          6000,  -50.47133255, -15.1361484528, -100.660316467
       14.275,             0, -4.28999996185,             0, -3.85996651649, 3950.23999023,          6000, -50.4162864685, -15.1361904144, -100.810745239
         14.3,             0, -4.28000020981,             0, -3.86681461334, 3943.91308594,          6000, -50.3610610962, -15.1362333298, -100.959877014
       14.325,             0, -4.26999998093,             0, -3.8736679554, 3937.56542969,          6000, -50.3056602478, -15.1362752914, -101.107704163
        14.35,             0, -4.26000022888,             0, -3.88052630424, 3931.19750977,          6000, -50.2500762939, -15.1363182068, -101.254226685
       14.375,             0,         -4.25,             0, -3.88738942146, 3924.80932617,          6000, -50.1943206787, -15.1363601685, -101.399421692
         14.4,             0, -4.23999977112,             0, -3.89425754547, 3918.40063477,          6000, -50.138381958, -15.1364021301, -101.543281555
       14.425,             0, -4.23000001907,             0, -3.90113067627, 3911.97167969,          6000, -50.0822715759, -15.1364440918, -101.685806274
        14.45,             0, -4.21999979019,             0, -3.90800833702,  3905.5222168,          6000, -50.0259780884, -15.1364860535, -101.82698822
       14.475,             0, -4.21000003815,             0, -3.91489076614, 3899.05249023,          6000, -49.9695129395, -15.1365280151, -101.966804504
         14.5,             0, -4.19999980927,             0, -3.92177796364,     3892.5625,          6000, -49.9128684998, -15.1365699768, -102.105255127
       14.525,             0, -4.19000005722,             0, -3.92866945267, 3886.05224609,          6000, -49.8560447693, -15.1366109848, -102.242332458
        14.55,             0, -4.17999982834,             0, -3.93556571007, 3879.52172852,          6000, -49.7990493774, -15.1366529465, -102.37802124
       14.575,             0, -4.17000007629,             0, -3.94246602058, 3872.97070312,          6000, -49.7418746948, -15.1366939545, -102.512313843
         14.6,             0, -4.15999984741,             0, -3.94937086105,  3866.3996582,          6000, -49.6845207214, -15.1367359161, -102.645210266
       14.625,             0, -4.15000009537,             0, -3.95627999306, 3859.80834961,          6000, -49.6269950867, -15.1367769241, -102.776687622
        14.65,             0, -4.13999986649,             0, -3.96319317818, 3853.19677734,          6000, -49.5692901611, -15.1368179321, -102.90675354
       14.675,             0, -4.13000011444,             0, -3.97011041641, 3846.56494141,          6000, -49.5114135742, -15.1368589401, -103.035377502
         14.7,             0, -4.11999988556,             0, -3.97703170776, 3839.91308594,          6000, -49.4533576965, -15.1368999481, -103.162567139
       14.725,             0, -4.11000013351,             0, -3.98395681381,  3833.2409668,          6000, -49.3951263428, -15.1369409561, -103.28830719
        14.75,             0, -4.09999990463,             0, -3.99088573456, 3826.54882812,          6000, -49.3367233276, -15.1369810104, -103.412590027
       14.775,             0, -4.09000015259,             0, -3.99781870842, 3819.83666992,          6000, -49.2781410217, -15.1370220184, -103.53540802
         14.8,             0, -4.07999992371,             0, -4.00475502014, 3813.10424805,          6000, -49.2193870544, -15.1370620728, -103.65675354
       14.825,             0, -4.07000017166,             0, -4.01169490814, 3806.35205078,          6000, -49.1604576111, -15.1371021271, -103.776611328
        14.85,             0, -4.05999994278,             0, -4.01863861084, 3799.57958984,          6000, -49.1013526917, -15.1371431351, -103.894973755
       14.875,             0, -4.05000019073,             0, -4.0255856514, 3792.78710938,          6000, -49.0420761108, -15.1371831894, -104.01184082
         14.9,             0, -4.03999996185,             0, -4.03253602982, 3785.97485352,          6000, -48.982624054, -15.1372232437, -104.127197266
       14.925,             0, -4.03000020981,             0, -4.03948974609, 3779.14257812,          6000, -48.922996521, -15.137263298, -104.241027832
        14.95,             0, -4.01999998093,             0, -4.04644632339,  3772.2902832,          6000, -48.8631973267, -15.1373023987, -104.35333252
       14.975,             0, -4.01000022888,             0, -4.05340623856, 3765.41821289,          6000, -48.8032264709, -15.137342453, -104.464103699
           15,             0,            -4,             0, -4.06036949158, 3758.52612305,          6000, -48.7430801392, -15.1373825073, -104.573326111
       15.025,             0, -3.99000000954,             0, -4.06733512878, 3751.61450195,          6000, -48.682762146, -15.137421608, -104.680992126
        15.05,             0, -3.98000001907,             0, -4.07430362701, 3744.68286133,          6000, -48.6222724915, -15.1374607086, -104.787094116
       15.075,             0, -3.97000002861,             0, -4.08127498627, 3737.73144531,          6000, -48.5616073608, -15.1375007629, -104.891624451
         15.1,             0, -3.96000003815,             0, -4.08824920654, 3730.76025391,          6000, -48.5007743835, -15.1375398636,  -104.9945755
       15.125,             0, -3.95000004768,             0,  -4.095225811, 3723.76953125,          6000, -48.4397697449, -15.1375789642, -105.095939636
        15.15,             0, -3.94000005722,             0, -4.10220479965,  3716.7590332,          6000, -48.3785896301, -15.1376180649, -105.195701599
       15.175,             0, -3.93000006676,             0, -4.10918664932, 3709.72875977,          6000, -48.3172416687, -15.1376562119, -105.29385376
         15.2,             0, -3.92000007629,             0, -4.11617040634, 3702.67919922,          6000, -48.2557220459, -15.1376953125, -105.390396118
       15.225,             0, -3.91000008583,             0, -4.12315607071, 3695.60986328,          6000, -48.1940345764, -15.1377344131, -105.485313416
        15.25,             0, -3.90000009537,             0, -4.13014411926, 3688.52099609,          6000, -48.1321716309, -15.1377725601, -105.578598022
       15.275,             0, -3.8900001049,             0,  -4.137134552, 3681.41259766,          6000, -48.0701446533, -15.1378116608, -105.67024231
         15.3,             0, -3.88000011444,             0, -4.14412641525, 3674.28466797,          6000, -48.0079421997, -15.1378498077, -105.760238647
       15.325,             0, -3.86999988556,             0, -4.15112018585, 3667.13720703,          6000, -47.9455757141, -15.1378879547, -105.848579407
        15.35,             0, -3.8599998951,             0, -4.1581158638, 3659.97070312,          6000, -47.8830375671, -15.1379261017, -105.935249329
       15.375,             0, -3.84999990463,             0, -4.16511297226, 3652.78442383,          6000, -47.8203315735, -15.1379642487, -106.020240784
         15.4,             0, -3.83999991417,             0, -4.17211198807, 3645.57910156,          6000, -47.7574577332, -15.1380023956, -106.103561401
       15.425,             0, -3.82999992371,             0, -4.17911243439, 3638.35449219,          6000, -47.6944160461, -15.1380395889, -106.185180664
        15.45,             0, -3.81999993324,             0, -4.18611383438,  3631.1105957,          6000, -47.6312065125, -15.1380777359, -106.265106201
       15.475,             0, -3.80999994278,             0, -4.19311666489, 3623.84741211,          6000, -47.5678291321, -15.1381158829, -106.343322754
         15.5,             0, -3.79999995232,             0, -4.20012044907, 3616.56494141,          6000, -47.504283905, -15.1381530762, -106.419822693
       15.525,             0, -3.78999996185,             0, -4.20712566376, 3609.26342773,          6000, -47.440574646, -15.1381902695, -106.494598389
        15.55,             0, -3.77999997139,             0, -4.21413183212, 3601.94287109,          6000, -47.3766975403, -15.1382274628, -106.567642212
       15.575,             0, -3.76999998093,             0, -4.22113847733, 3594.60327148,          6000, -47.3126564026, -15.1382646561, -106.638946533
         15.6,             0, -3.75999999046,             0, -4.2281460762, 3587.24487305,          6000, -47.2484474182, -15.1383018494, -106.708496094
       15.625,             0,         -3.75,             0, -4.23515462875,  3579.8671875,          6000, -47.1840744019, -15.1383390427, -106.776298523
        15.65,             0, -3.74000000954,             0, -4.2421631813, 3572.47070312,          6000, -47.1195373535, -15.138376236, -106.842330933
       15.675,             0, -3.73000001907,             0, -4.24917268753, 3565.05541992,          6000, -47.0548324585, -15.1384134293, -106.906600952
         15.7,             0, -3.72000002861,             0, -4.25618219376, 3557.62109375,          6000, -46.9899673462, -15.1384496689, -106.969078064
       15.725,             0, -3.71000003815,             0, -4.26319217682, 3550.16796875,          6000, -46.9249382019, -15.1384868622, -107.029777527
        15.75,             0, -3.70000004768,             0, -4.27020215988, 3542.69628906,          6000, -46.8597450256, -15.1385231018, -107.088676453
       15.775,             0, -3.69000005722,             0, -4.27721214294, 3535.20581055,          6000, -46.7943916321, -15.1385593414, -107.145774841
         15.8,             0, -3.68000006676,             0, -4.28422260284, 3527.69677734,          6000, -46.7288742065, -15.1385955811, -107.201065063
       15.825,             0, -3.67000007629,             0, -4.29123210907, 3520.16894531,          6000, -46.663192749, -15.1386318207, -107.25453186
        15.85,             0, -3.66000008583,             0, -4.2982416153, 3512.62280273,          6000, -46.5973510742, -15.1386680603, -107.306175232
       15.875,             0, -3.65000009537,             0, -4.30525112152, 3505.05810547,          6000, -46.5313491821, -15.1387042999, -107.355979919
         15.9,             0, -3.6400001049,             0, -4.31225967407, 3497.47485352,          6000, -46.4651870728, -15.1387405396, -107.403953552
       15.925,             0, -3.63000011444,             0, -4.31926774979, 3489.87304688,          6000, -46.3988647461, -15.1387758255, -107.450073242
        15.95,             0, -3.61999988556,             0, -4.32627534866, 3482.25317383,          6000, -46.3323822021, -15.1388120651, -107.49433136
       15.975,             0, -3.6099998951,             0, -4.33328199387, 3474.61474609,          6000, -46.2657394409, -15.1388473511, -107.536735535
           16,             0, -3.59999990463,             0, -4.34028720856, 3466.95825195,          6000, -46.1989364624, -15.138882637, -107.577262878
       16.025,             0, -3.58999991417,             0, -4.34729194641, 3459.28344727,          6000, -46.1319770813, -15.138917923, -107.615913391
        16.05,             0, -3.57999992371,             0, -4.35429573059, 3451.59033203,          6000, -46.0648612976, -15.1389532089, -107.652687073
       16.075,             0, -3.56999993324,             0, -4.36129760742, 3443.87915039,          6000, -45.9975852966, -15.1389884949, -107.687561035
         16.1,             0, -3.55999994278,             0, -4.36829853058, 3436.15014648,          6000, -45.9301528931, -15.1390237808, -107.720535278
       16.125,             0, -3.54999995232,             0, -4.37529802322, 3428.40307617,          6000, -45.8625640869, -15.1390590668, -107.751609802
        16.15,             0, -3.53999996185,             0, -4.38229608536, 3420.63793945,          6000, -45.7948188782, -15.139093399, -107.780761719
       16.175,             0, -3.52999997139,             0, -4.38929176331, 3412.85498047,          6000, -45.7269172668, -15.139128685, -107.807998657
         16.2,             0, -3.51999998093,             0, -4.39628648758, 3405.05395508,          6000, -45.6588630676, -15.1391630173, -107.833312988
       16.225,             0, -3.50999999046,             0, -4.40327882767, 3397.23535156,          6000, -45.5906524658, -15.1391983032, -107.856689453
        16.25,             0,          -3.5,             0, -4.41026878357, 3389.39916992,          6000, -45.5222854614, -15.1392326355, -107.878128052
       16.275,             0, -3.49000000954,             0, -4.41725730896, 3381.54492188,          6000, -45.4537696838, -15.1392669678, -107.897613525
         16.3,             0, -3.48000001907,             0, -4.42424297333, 3373.67333984,          6000, -45.3850975037,   -15.1393013, -107.915153503
       16.325,             0, -3.47000002861,             0, -4.43122673035, 3365.78417969,          6000, -45.3162727356, -15.1393356323, -107.930732727
        16.35,             0, -3.46000003815,             0, -4.43820762634, 3357.87744141,          6000, -45.2472953796, -15.1393690109, -107.944343567
       16.375,             0, -3.45000004768,             0, -4.44518613815, 3349.95336914,          6000, -45.1781654358, -15.1394033432, -107.955978394
         16.4,             0, -3.44000005722,             0, -4.45216178894, 3342.01171875,          6000, -45.1088867188, -15.1394367218, -107.965637207
       16.425,             0, -3.43000006676,             0, -4.4591345787, 3334.05273438,          6000, -45.0394554138, -15.1394710541, -107.973312378
        16.45,             0, -3.42000007629,             0, -4.46610403061, 3326.07666016,          6000, -44.969871521, -15.1395044327, -107.978988647
       16.475,             0, -3.41000008583,             0, -4.47307109833, 3318.08325195,          6000, -44.9001426697, -15.1395378113, -107.982673645
         16.5,             0, -3.40000009537,             0, -4.48003435135, 3310.07275391,          6000, -44.8302612305, -15.1395721436, -107.984352112
       16.525,             0, -3.3900001049,             0, -4.48699474335, 3302.04516602,          6000, -44.7602348328, -15.1396055222, -107.984024048
        16.55,             0, -3.38000011444,             0, -4.49395132065, 3294.00048828,          6000, -44.6900558472, -15.1396379471, -107.981674194
       16.575,             0, -3.36999988556,             0, -4.50090456009,  3285.9387207,          6000, -44.6197319031, -15.1396713257, -107.977310181
         16.6,             0, -3.3599998951,             0, -4.50785446167, 3277.86035156,          6000, -44.5492630005, -15.1397047043, -107.970909119
       16.625,             0, -3.34999990463,             0, -4.51480007172, 3269.76489258,          6000, -44.4786453247, -15.1397371292, -107.962486267
        16.65,             0, -3.33999991417,             0, -4.52174186707, 3261.65283203,          6000, -44.4078788757, -15.1397705078, -107.952018738
       16.675,             0, -3.32999992371,             0, -4.52867937088, 3253.52392578,          6000, -44.336971283, -15.1398029327, -107.939506531
         16.7,             0, -3.31999993324,             0,   -4.53561306, 3245.37841797,          6000, -44.2659187317, -15.1398363113, -107.924942017
       16.725,             0, -3.30999994278,             0, -4.54254245758, 3237.21630859,          6000, -44.1947174072, -15.1398687363, -107.908325195
        16.75,             0, -3.29999995232,             0, -4.54946708679, 3229.03759766,          6000, -44.1233787537, -15.1399011612, -107.889648438
       16.775,             0, -3.28999996185,             0, -4.55638742447,  3220.8425293,          6000, -44.0518913269, -15.1399335861, -107.868904114
         16.8,             0, -3.27999997139,             0, -4.56330347061, 3212.63085938,          6000, -43.9802627563, -15.139966011, -107.846084595
       16.825,             0, -3.26999998093,             0, -4.57021427155, 3204.40307617,          6000, -43.908493042, -15.1399974823, -107.82119751
        16.85,             0, -3.25999999046,             0, -4.57712030411, 3196.15893555,          6000, -43.8365821838, -15.1400299072, -107.794219971
       16.875,             0,         -3.25,             0, -4.58402109146, 3187.89868164,          6000, -43.7645301819, -15.1400613785, -107.765159607
         16.9,             0, -3.24000000954,             0, -4.59091711044, 3179.62231445,          6000, -43.6923408508, -15.1400938034, -107.734008789
       16.925,             0, -3.23000001907,             0, -4.59780740738, 3171.32958984,          6000, -43.6200065613, -15.1401252747, -107.700767517
        16.95,             0, -3.22000002861,             0, -4.60469245911, 3163.02124023,          6000, -43.5475387573, -15.1401567459, -107.665412903
       16.975,             0, -3.21000003815,             0, -4.61157226562, 3154.69677734,          6000, -43.4749259949, -15.1401882172, -107.627960205
           17,             0, -3.20000004768,             0, -4.61844587326, 3146.35644531,          6000, -43.402179718, -15.1402196884, -107.588401794
       17.025,             0, -3.19000005722,             0, -4.62531423569, 3138.00024414,          6000, -43.3292961121, -15.1402511597, -107.546722412
        17.05,             0, -3.18000006676,             0, -4.63217639923, 3129.62841797,          6000, -43.256275177, -15.1402826309, -107.502922058
       17.075,             0, -3.17000007629,             0, -4.63903236389,  3121.2409668,          6000, -43.1831169128, -15.1403141022, -107.457000732
         17.1,             0, -3.16000008583,             0, -4.64588260651, 3112.83789062,          6000, -43.1098251343, -15.1403446198, -107.408958435
       17.125,             0, -3.15000009537,             0, -4.6527261734, 3104.41943359,          6000, -43.0363960266, -15.140376091, -107.358772278
        17.15,             0, -3.1400001049,             0, -4.65956354141, 3095.98535156,          6000, -42.9628334045, -15.1404066086, -107.30645752
       17.175,             0, -3.13000011444,             0, -4.6663942337, 3087.53588867,          6000, -42.8891372681, -15.1404371262, -107.252006531
         17.2,             0, -3.11999988556,             0, -4.67321825027, 3079.07128906,          6000, -42.8153114319, -15.1404676437, -107.195404053
       17.225,             0, -3.1099998951,             0, -4.68003559113, 3070.59130859,          6000, -42.7413482666, -15.1404981613, -107.136657715
        17.25,             0, -3.09999990463,             0, -4.68684577942, 3062.09619141,          6000, -42.6672554016, -15.1405286789, -107.075759888
       17.275,             0, -3.08999991417,             0, -4.69364929199,  3053.5859375,          6000, -42.5930328369, -15.1405591965, -107.012702942
         17.3,             0, -3.07999992371,             0, -4.70044517517, 3045.06079102,          6000, -42.5186767578, -15.1405897141, -106.947494507
       17.325,             0, -3.06999993324,             0, -4.70723390579, 3036.52050781,          6000, -42.4441947937, -15.140619278, -106.880119324
        17.35,             0, -3.05999994278,             0, -4.71401548386, 3027.96557617,          6000, -42.3695793152, -15.1406497955, -106.810585022
       17.375,             0, -3.04999995232,             0, -4.72078895569, 3019.39575195,          6000, -42.2948379517, -15.1406793594, -106.738876343
         17.4,             0, -3.03999996185,             0, -4.72755479813,  3010.8112793,          6000, -42.2199707031, -15.140709877, -106.664993286
       17.425,             0, -3.02999997139,             0, -4.73431301117, 3002.21191406,          6000, -42.1449699402, -15.1407394409, -106.588943481
        17.45,             0, -3.01999998093,             0, -4.74106311798, 2993.59814453,          6000, -42.0698471069, -15.1407690048, -106.510704041
       17.475,             0, -3.00999999046,             0, -4.7478055954,  2984.9699707,          6000, -41.9945983887, -15.1407985687, -106.430290222
         17.5,             0,            -3,             0, -4.75453948975, 2976.32714844,          6000, -41.9192237854, -15.1408281326, -106.347694397
       17.525,             0, -2.99000000954,             0, -4.76126480103, 2967.67016602,          6000, -41.8437232971, -15.1408567429, -106.262908936
        17.55,             0, -2.98000001907,             0, -4.76798200607,  2958.9987793,          6000, -41.7680969238, -15.1408863068, -106.175941467
       17.575,             0, -2.97000002861,             0, -4.77469015121, 2950.31323242,          6000, -41.6923522949, -15.1409158707, -106.086776733
         17.6,             0, -2.96000003815,             0, -4.78138971329, 2941.61352539,          6000, -41.616481781, -15.1409444809, -105.995414734
       17.625,             0, -2.95000004768,             0, -4.78808069229, 2932.89990234,          6000, -41.5404891968, -15.1409730911, -105.901863098
        17.65,             0, -2.94000005722,             0, -4.79476213455, 2924.17211914,          6000, -41.4643745422, -15.141002655, -105.806106567
       17.675,             0, -2.93000006676,             0, -4.80143451691, 2915.43041992,          6000, -41.3881416321, -15.1410312653, -105.708152771
         17.7,             0, -2.92000007629,             0, -4.80809783936, 2906.67504883,          6000, -41.3117866516, -15.1410598755, -105.60799408
       17.725,             0, -2.91000008583,             0, -4.8147521019, 2897.90576172,          6000, -41.2353134155, -15.1410884857, -105.505630493
        17.75,             0, -2.90000009537,             0, -4.82139635086, 2889.12304688,          6000, -41.1587181091, -15.1411170959, -105.401054382
       17.775,             0, -2.8900001049,             0, -4.82803058624, 2880.32666016,          6000, -41.0820083618, -15.1411447525, -105.294281006
         17.8,             0, -2.88000011444,             0, -4.83465576172, 2871.51660156,          6000, -41.0051803589, -15.1411733627, -105.185287476
       17.825,             0, -2.86999988556,             0, -4.84127044678, 2862.69311523,          6000, -40.928237915, -15.1412010193, -105.07408905
        17.85,             0, -2.8599998951,             0, -4.84787511826, 2853.85644531,          6000, -40.8511772156, -15.1412296295, -104.960670471
       17.875,             0, -2.84999990463,             0, -4.85446977615, 2845.00634766,          6000, -40.7739982605, -15.1412572861, -104.845039368
         17.9,             0, -2.83999991417,             0, -4.86105394363, 2836.14306641,          6000, -40.6967086792, -15.1412849426, -104.72718811
       17.925,             0, -2.82999992371,             0, -4.86762809753,  2827.2668457,          6000, -40.619304657, -15.1413125992, -104.607124329
        17.95,             0, -2.81999993324,             0, -4.87419128418, 2818.37744141,          6000, -40.5417861938, -15.1413402557, -104.484840393
       17.975,             0, -2.80999994278,             0, -4.88074350357, 2809.47509766,          6000, -40.4641571045, -15.1413679123, -104.360343933
           18,             0, -2.79999995232,             0, -4.88728523254, 2800.55981445,          6000, -40.3864135742, -15.1413955688, -104.23361969
       18.025,             0, -2.78999996185,             0, -4.89381551743,  2791.6315918,          6000, -40.3085594177, -15.1414232254, -104.104667664
        18.05,             0, -2.77999997139,             0, -4.90033531189, 2782.69091797,          6000, -40.230594635, -15.1414499283, -103.973503113
       18.075,             0, -2.76999998093,             0, -4.90684318542, 2773.73754883,          6000, -40.1525192261, -15.1414775848, -103.840110779
         18.1,             0, -2.75999999046,             0, -4.91334009171, 2764.77148438,          6000, -40.0743370056, -15.1415042877, -103.704498291
       18.125,             0,         -2.75,             0, -4.91982507706, 2755.79296875,          6000, -39.9960479736, -15.1415309906, -103.566665649
        18.15,             0, -2.74000000954,             0, -4.92629861832, 2746.80200195,          6000, -39.9176483154, -15.1415576935, -103.426605225
       18.175,             0, -2.73000001907,             0, -4.93276071548, 2737.79858398,          6000, -39.8391418457, -15.1415843964, -103.284317017
         18.2,             0, -2.72000002861,             0, -4.93921041489, 2728.78320312,          6000, -39.7605285645, -15.1416110992, -103.139808655
       18.225,             0, -2.71000003815,             0, -4.94564819336, 2719.75537109,          6000, -39.6818084717, -15.1416378021, -102.993080139
        18.25,             0, -2.70000004768,             0, -4.9520740509, 2710.71582031,          6000, -39.6029853821, -15.141664505, -102.844116211
       18.275,             0, -2.69000005722,             0, -4.95848703384, 2701.66381836,          6000, -39.5240592957, -15.1416902542, -102.692939758
         18.3,             0, -2.68000006676,             0, -4.96488809586, 2692.60009766,          6000, -39.4450263977, -15.1417169571, -102.539535522
       18.325,             0, -2.67000007629,             0, -4.97127628326,  2683.5246582,          6000, -39.3658943176, -15.1417427063, -102.383903503
        18.35,             0, -2.66000008583,             0, -4.97765159607, 2674.43725586,          6000, -39.286655426, -15.1417694092, -102.226051331
       18.375,             0, -2.65000009537,             0, -4.98401451111, 2665.33837891,          6000, -39.2073173523, -15.1417951584, -102.065979004
         18.4,             0, -2.6400001049,             0, -4.99036407471, 2656.22753906,          6000, -39.1278800964, -15.1418209076, -101.903686523
       18.425,             0, -2.63000011444,             0, -4.9967007637, 2647.10546875,          6000, -39.0483436584, -15.1418466568, -101.73916626
        18.45,             0, -2.61999988556,             0, -5.00302410126, 2637.97192383,          6000, -38.9687042236, -15.141872406, -101.572433472
       18.475,             0, -2.6099998951,             0, -5.00933408737,  2628.8269043,          6000, -38.8889694214, -15.1418972015, -101.40348053
         18.5,             0, -2.59999990463,             0, -5.01563024521,  2619.6706543,          6000, -38.809135437, -15.1419229507, -101.232307434
       18.525,             0, -2.58999991417,             0, -5.02191305161, 2610.50317383,          6000, -38.7292022705,   -15.1419487, -101.058921814
        18.55,             0, -2.57999992371,             0, -5.02818250656, 2601.32470703,          6000, -38.6491737366, -15.1419734955, -100.88331604
       18.575,             0, -2.56999993324,             0, -5.0344376564, 2592.13500977,          6000, -38.5690498352, -15.1419992447, -100.705505371
         18.6,             0, -2.55999994278,             0, -5.04067850113, 2582.93432617,          6000, -38.4888343811, -15.1420240402, -100.525474548
       18.625,             0, -2.54999995232,             0, -5.04690551758, 2573.72290039,          6000, -38.4085197449, -15.1420488358, -100.343238831
        18.65,             0, -2.53999996185,             0, -5.05311822891, 2564.50073242,          6000, -38.3281135559, -15.1420736313, -100.158790588
       18.675,             0, -2.52999997139,             0, -5.05931663513, 2555.26782227,          6000, -38.2476119995, -15.1420984268, -99.9721374512
         18.7,             0, -2.51999998093,             0, -5.0655002594, 2546.02416992,          6000, -38.1670227051, -15.1421232224, -99.7832794189
       18.725,             0, -2.50999999046,             0, -5.07166957855, 2536.77001953,          6000, -38.0863380432, -15.1421470642, -99.5922164917
        18.75,             0,          -2.5,             0, -5.07782363892, 2527.50537109,          6000, -38.0055656433, -15.1421718597, -99.3989562988
       18.775,             0, -2.49000000954,             0, -5.08396339417, 2518.23046875,          6000, -37.924697876, -15.1421966553, -99.2034988403
         18.8,             0, -2.48000001907,             0, -5.09008741379, 2508.94506836,          6000, -37.8437461853, -15.1422204971, -99.0058441162
       18.825,             0, -2.47000002861,             0, -5.09619665146, 2499.64941406,          6000, -37.7627029419, -15.142244339, -98.8059921265
        18.85,             0, -2.46000003815,             0, -5.10229063034,    2490.34375,          6000, -37.6815719604, -15.1422691345, -98.6039505005
       18.875,             0, -2.45000004768,             0, -5.1083688736, 2481.02807617,          6000, -37.6003570557, -15.1422929764, -98.3997268677
         18.9,             0, -2.44000005722,             0, -5.11443185806, 2471.70239258,          6000, -37.5190505981, -15.1423168182, -98.1933135986
       18.925,             0, -2.43000006676,             0, -5.1204791069, 2462.36669922,          6000, -37.4376602173, -15.1423406601, -97.9847106934
        18.95,             0, -2.42000007629,             0, -5.12651014328, 2453.02124023,          6000, -37.3561859131, -15.1423635483,  -97.77394104
       18.975,             0, -2.41000008583,             0, -5.13252592087, 2443.66601562,          6000, -37.2746276855, -15.1423873901, -97.5609893799
           19,             0, -2.40000009537,             0, -5.13852500916, 2434.30126953,          6000, -37.1929855347, -15.142411232, -97.3458633423
       19.025,             0, -2.3900001049,             0, -5.14450836182, 2424.92700195,          6000, -37.1112594604, -15.1424341202, -97.1285629272
        19.05,             0, -2.38000011444,             0, -5.15047502518, 2415.54296875,          6000, -37.0294494629, -15.142457962, -96.9091033936
       19.075,             0, -2.36999988556,             0, -5.15642547607,  2406.1496582,          6000, -36.9475593567, -15.1424808502, -96.6874771118
         19.1,             0, -2.3599998951,             0, -5.16235923767, 2396.74707031,          6000, -36.8655891418, -15.1425037384, -96.4636917114
       19.125,             0, -2.34999990463,             0, -5.16827630997, 2387.33520508,          6000, -36.7835388184, -15.1425266266, -96.2377548218
        19.15,             0, -2.33999991417,             0, -5.17417669296,  2377.9140625,          6000, -36.7014045715, -15.1425495148, -96.0096664429
       19.175,             0, -2.32999992371,             0, -5.18006038666, 2368.48388672,          6000, -36.6191978455, -15.142572403, -95.7794265747
         19.2,             0, -2.31999993324,             0, -5.18592643738, 2359.04467773,          6000, -36.5369110107, -15.1425952911, -95.5470352173
       19.225,             0, -2.30999994278,             0, -5.1917757988, 2349.59667969,          6000, -36.4545440674, -15.1426172256, -95.3125152588
        19.25,             0, -2.29999995232,             0, -5.19760799408, 2340.13964844,          6000, -36.3721046448, -15.1426401138, -95.0758590698
       19.275,             0, -2.28999996185,             0, -5.20342206955, 2330.67407227,          6000, -36.2895851135, -15.1426620483, -94.8370666504
         19.3,             0, -2.27999997139,             0, -5.20921945572, 2321.19970703,          6000, -36.206993103, -15.1426849365, -94.5961456299
       19.325,             0, -2.26999998093,             0, -5.21499872208, 2311.71679688,          6000, -36.1243247986, -15.142706871, -94.3531036377
        19.35,             0, -2.25999999046,             0, -5.22075986862, 2302.22509766,          6000, -36.0415840149, -15.1427288055, -94.1079483032
       19.375,             0,         -2.25,             0, -5.22650384903,  2292.7253418,          6000, -35.958770752, -15.1427507401, -93.8606796265
         19.4,             0, -2.24000000954,             0, -5.23222923279, 2283.21704102,          6000, -35.8758850098, -15.1427726746, -93.6112976074
       19.425,             0, -2.23000001907,             0, -5.23793697357, 2273.70043945,          6000, -35.7929267883, -15.1427946091, -93.3598175049
        19.45,             0, -2.22000002861,             0, -5.24362611771, 2264.17553711,          6000, -35.7098960876, -15.1428155899, -93.1062316895
       19.475,             0, -2.21000003815,             0, -5.24929714203, 2254.64257812,          6000, -35.6267967224, -15.1428375244, -92.8505554199
         19.5,             0, -2.20000004768,             0, -5.2549495697,  2245.1015625,          6000, -35.5436286926, -15.1428594589, -92.5927963257
       19.525,             0, -2.19000005722,             0, -5.26058340073, 2235.55273438,          6000, -35.4603881836, -15.1428804398, -92.3329467773
        19.55,             0, -2.18000006676,             0, -5.26619815826, 2225.99584961,          6000, -35.3770828247, -15.1429014206, -92.0710296631
       19.575,             0, -2.17000007629,             0, -5.27179431915, 2216.43115234,          6000, -35.2937088013, -15.1429233551, -91.8070297241
         19.6,             0, -2.16000008583,             0, -5.27737188339, 2206.85888672,          6000, -35.2102661133, -15.1429443359, -91.5409698486
       19.625,             0, -2.15000009537,             0, -5.28292989731, 2197.27880859,          6000, -35.1267585754, -15.1429653168, -91.2728500366
        19.65,             0, -2.1400001049,             0, -5.28846931458, 2187.69140625,          6000, -35.0431861877, -15.1429853439, -91.0026702881
       19.675,             0, -2.13000011444,             0, -5.29398918152, 2178.09619141,          6000, -34.9595489502, -15.1430063248, -90.7304458618
         19.7,             0, -2.11999988556,             0, -5.29948949814, 2168.49365234,          6000, -34.8758468628, -15.1430273056, -90.4561767578
       19.725,             0, -2.1099998951,             0, -5.30497026443, 2158.88378906,          6000, -34.7920799255, -15.1430482864, -90.1798706055
        19.75,             0, -2.09999990463,             0, -5.31043148041,  2149.2668457,          6000, -34.7082519531, -15.1430683136, -89.9015350342
       19.775,             0, -2.08999991417,             0, -5.31587314606, 2139.64257812,          6000, -34.6243591309, -15.1430883408, -89.6211700439
         19.8,             0, -2.07999992371,             0, -5.32129478455, 2130.01123047,          6000, -34.5404090881, -15.1431093216, -89.3387908936
       19.825,             0, -2.06999993324,             0, -5.32669639587, 2120.37280273,          6000, -34.4563941956, -15.1431293488, -89.054397583
        19.85,             0, -2.05999994278,             0, -5.33207845688, 2110.72753906,          6000, -34.3723220825, -15.1431493759, -88.7680053711
       19.875,             0, -2.04999995232,             0, -5.33743953705, 2101.07519531,          6000, -34.2881889343, -15.1431694031, -88.4796066284
         19.9,             0, -2.03999996185,             0, -5.34278106689, 2091.41625977,          6000, -34.2039985657, -15.1431894302, -88.1892166138
       19.925,             0, -2.02999997139,             0, -5.34810209274, 2081.75048828,          6000, -34.1197471619, -15.1432085037, -87.8968429565
        19.95,             0, -2.01999998093,             0, -5.35340213776,   2072.078125,          6000, -34.0354423523, -15.1432285309, -87.6024932861
       19.975,             0, -2.00999999046,             0, -5.35868215561, 2062.39916992,          6000, -33.9510765076, -15.143248558, -87.3061676025
           20,             0,            -2,             0, -5.36394119263, 2052.71386719,          6000, -33.8666572571, -15.1432676315, -87.0078811646
       20.025,             0, -1.99000000954,             0, -5.36917924881, 2043.02209473,          6000, -33.7821846008, -15.143286705, -86.7076416016
        20.05,             0, -1.98000001907,             0, -5.37439680099, 2033.32385254,          6000, -33.6976547241, -15.1433067322, -86.4054412842
       20.075,             0, -1.97000002861,             0, -5.37959337234, 2023.61950684,          6000, -33.613067627, -15.1433258057, -86.1013031006
         20.1,             0, -1.96000003815,             0, -5.38476848602, 2013.90881348,          6000, -33.5284309387, -15.1433448792, -85.7952346802
       20.125,             0, -1.95000004768,             0, -5.38992261887, 2004.19213867,          6000, -33.4437408447, -15.1433639526, -85.4872360229
        20.15,             0, -1.94000005722,             0, -5.39505529404, 1994.46936035,          6000, -33.358997345, -15.1433830261, -85.1773147583
       20.175,             0, -1.92999994755,             0, -5.40016651154, 1984.74060059,          6000, -33.2742042542, -15.1434011459, -84.8654785156
         20.2,             0, -1.91999995708,             0, -5.40525627136, 1975.00598145,          6000, -33.1893577576, -15.1434202194, -84.5517425537
       20.225,             0, -1.90999996662,             0, -5.41032457352,   1965.265625,          6000, -33.1044616699, -15.1434383392, -84.2361068726
        20.25,             0, -1.89999997616,             0, -5.41537094116, 1955.51940918,          6000, -33.0195159912, -15.1434574127, -83.918586731
       20.275,             0, -1.88999998569,             0, -5.42039585114, 1945.76757812,          6000, -32.9345245361, -15.1434755325, -83.5991821289
         20.3,             0, -1.87999999523,             0, -5.42539834976, 1936.01025391,          6000, -32.8494796753, -15.1434936523, -83.2779006958
       20.325,             0, -1.87000000477,             0, -5.43037939072, 1926.24731445,          6000, -32.7643928528, -15.1435127258, -82.9547576904
        20.35,             0, -1.86000001431,             0, -5.43533802032, 1916.47888184,          6000, -32.6792526245, -15.1435308456, -82.6297607422
       20.375,             0, -1.85000002384,             0, -5.44027423859, 1906.70507812,          6000, -32.5940704346, -15.1435480118, -82.3029098511
         20.4,             0, -1.84000003338,             0, -5.44518852234, 1896.92602539,          6000, -32.5088424683, -15.1435661316, -81.9742202759
       20.425,             0, -1.83000004292,             0, -5.45008039474, 1887.14172363,          6000, -32.4235649109, -15.1435842514, -81.643699646
        20.45,             0, -1.82000005245,             0, -5.45494937897, 1877.35229492,          6000, -32.3382453918, -15.1436014175, -81.3113632202
       20.475,             0, -1.80999994278,             0, -5.45979642868, 1867.55773926,          6000, -32.2528839111, -15.1436195374, -80.9772033691
         20.5,             0, -1.79999995232,             0, -5.46462011337, 1857.75817871,          6000, -32.1674766541, -15.1436367035, -80.641242981
       20.525,             0, -1.78999996185,             0, -5.46942138672, 1847.95373535,          6000, -32.0820274353, -15.1436548233, -80.3034820557
        20.55,             0, -1.77999997139,             0, -5.47420024872, 1838.14428711,          6000, -31.9965362549, -15.1436719894, -79.9639358521
       20.575,             0, -1.76999998093,             0, -5.4789557457, 1828.33007812,          6000, -31.9110050201, -15.1436891556, -79.6226043701
         20.6,             0, -1.75999999046,             0, -5.48368787766, 1818.51123047,          6000, -31.8254299164, -15.1437063217, -79.279510498
       20.625,             0,         -1.75,             0, -5.48839759827, 1808.68762207,          6000, -31.7398166656, -15.1437234879, -78.9346466064
        20.65,             0, -1.74000000954,             0, -5.49308347702, 1798.85949707,          6000, -31.6541633606, -15.143740654, -78.5880432129
       20.675,             0, -1.73000001907,             0, -5.49774646759,  1789.0267334,          6000, -31.5684700012, -15.1437568665, -78.2396850586
         20.7,             0, -1.72000002861,             0, -5.50238609314,  1779.1895752,          6000, -31.4827404022, -15.1437740326, -77.8896026611
       20.725,             0, -1.71000003815,             0, -5.50700235367, 1769.34802246,          6000, -31.3969707489, -15.1437902451, -77.5377883911
        20.75,             0, -1.70000004768,             0, -5.51159477234, 1759.50219727,          6000, -31.311164856, -15.1438074112, -77.1842651367
       20.775,             0, -1.69000005722,             0, -5.51616382599, 1749.65209961,          6000, -31.2253227234, -15.1438236237, -76.8290328979
         20.8,             0, -1.67999994755,             0, -5.52070903778, 1739.79772949,          6000, -31.1394424438, -15.1438398361, -76.4721069336
       20.825,             0, -1.66999995708,             0, -5.52523040771, 1729.93933105,          6000, -31.053527832, -15.1438560486, -76.113494873
        20.85,             0, -1.65999996662,             0, -5.52972841263,  1720.0769043,          6000, -30.9675788879, -15.143872261, -75.7532043457
       20.875,             0, -1.64999997616,             0, -5.53420162201, 1710.21044922,          6000, -30.8815956116, -15.1438884735, -75.391242981
         20.9,             0, -1.63999998569,             0, -5.53865146637, 1700.34008789,          6000, -30.7955780029, -15.143904686, -75.027633667
       20.925,             0, -1.62999999523,             0, -5.54307699203, 1690.46594238,          6000, -30.7095279694, -15.1439199448, -74.6623687744
        20.95,             0, -1.62000000477,             0, -5.54747819901, 1680.58789062,          6000, -30.6234455109, -15.1439361572, -74.2954711914
       20.975,             0, -1.61000001431,             0, -5.55185556412, 1670.70617676,          6000, -30.5373306274, -15.143951416, -73.9269485474
           21,             0, -1.60000002384,             0, -5.5562081337, 1660.82092285,          6000, -30.4511833191, -15.1439666748, -73.5568008423
       21.025,             0, -1.59000003338,             0, -5.56053686142, 1650.93188477,          6000, -30.3650054932, -15.1439828873, -73.1850509644
        21.05,             0, -1.58000004292,             0, -5.56484031677, 1641.03942871,          6000, -30.2787971497, -15.1439981461, -72.811706543
       21.075,             0, -1.57000005245,             0, -5.56911993027, 1631.14355469,          6000, -30.1925601959, -15.1440134048, -72.4367752075
         21.1,             0, -1.55999994278,             0, -5.57337427139,  1621.2442627,          6000, -30.1062927246, -15.1440286636, -72.0602645874
       21.125,             0, -1.54999995232,             0, -5.57760429382, 1611.34155273,          6000, -30.0199985504, -15.1440439224, -71.6821899414
        21.15,             0, -1.53999996185,             0, -5.58180952072, 1601.43566895,          6000, -29.9336738586, -15.1440582275, -71.3025588989
       21.175,             0, -1.52999997139,             0, -5.58598995209, 1591.52661133,          6000, -29.847322464, -15.1440734863, -70.9213790894
         21.2,             0, -1.51999998093,             0, -5.59014558792, 1581.61437988,          6000, -29.7609443665, -15.1440877914, -70.5386657715
       21.225,             0, -1.50999999046,             0, -5.59427595139, 1571.69897461,          6000, -29.6745414734, -15.1441030502, -70.1544342041
        21.25,             0,          -1.5,             0, -5.59838151932, 1561.78063965,          6000, -29.5881099701, -15.1441173553, -69.7686843872
       21.275,             0, -1.49000000954,             0, -5.60246181488,   1551.859375,          6000, -29.5016536713, -15.1441316605, -69.3814315796
         21.3,             0, -1.48000001907,             0, -5.60651683807, 1541.93518066,          6000, -29.4151744843, -15.1441459656, -68.9926834106
       21.325,             0, -1.47000002861,             0, -5.6105465889, 1532.00817871,          6000, -29.3286685944, -15.1441602707, -68.6024551392
        21.35,             0, -1.46000003815,             0, -5.61455106735, 1522.07849121,          6000, -29.2421398163, -15.1441745758, -68.2107620239
       21.375,             0, -1.45000004768,             0, -5.61853027344, 1512.14599609,          6000,  -29.15558815, -15.1441888809, -67.8176040649
         21.4,             0, -1.44000005722,             0, -5.62248373032, 1502.21081543,          6000, -29.0690135956, -15.144203186, -67.422996521
       21.425,             0, -1.42999994755,             0, -5.62641191483, 1492.27319336,          6000, -28.982416153, -15.1442165375, -67.0269546509
        21.45,             0, -1.41999995708,             0, -5.63031482697, 1482.33288574,          6000, -28.8957977295, -15.1442308426, -66.629486084
       21.475,             0, -1.40999996662,             0, -5.63419151306, 1472.39025879,          6000, -28.8091583252, -15.144244194, -66.2305984497
         21.5,             0, -1.39999997616,             0, -5.63804292679, 1462.44506836,          6000, -28.7224979401, -15.1442584991, -65.8303070068
       21.525,             0, -1.38999998569,             0, -5.64186811447, 1452.49768066,          6000, -28.6358165741, -15.1442718506, -65.4286193848
        21.55,             0, -1.37999999523,             0, -5.64566802979, 1442.54785156,          6000, -28.5491161346, -15.144285202, -65.0255508423
       21.575,             0, -1.37000000477,             0, -5.64944171906, 1432.59594727,          6000, -28.4623966217, -15.1442985535, -64.6211166382
         21.6,             0, -1.36000001431,             0, -5.65318965912, 1422.64172363,          6000, -28.3756580353, -15.1443119049, -64.2153167725
       21.625,             0, -1.35000002384,             0, -5.65691184998,  1412.6854248,          6000, -28.2889022827, -15.1443243027, -63.8081665039
        21.65,             0, -1.34000003338,             0, -5.66060733795, 1402.72705078,          6000, -28.202129364, -15.1443376541, -63.3996810913
       21.675,             0, -1.33000004292,             0, -5.66427707672, 1392.76672363,          6000, -28.1153373718, -15.1443510056, -62.9898719788
         21.7,             0, -1.32000005245,             0, -5.66792058945, 1382.80444336,          6000, -28.0285301208, -15.1443634033, -62.5787467957
       21.725,             0, -1.30999994278,             0, -5.67153835297, 1372.84033203,          6000, -27.9417057037, -15.1443767548, -62.1663169861
        21.75,             0, -1.29999995232,             0, -5.6751294136, 1362.87426758,          6000, -27.8548660278, -15.1443891525, -61.7525978088
       21.775,             0, -1.28999996185,             0, -5.6786942482, 1352.90649414,          6000, -27.7680110931, -15.1444015503, -61.3375968933
         21.8,             0, -1.27999997139,             0, -5.68223237991, 1342.93701172,          6000, -27.681142807, -15.1444139481, -60.9213256836
       21.825,             0, -1.26999998093,             0, -5.68574476242, 1332.96582031,          6000, -27.5942592621, -15.1444263458, -60.5037994385
        21.85,             0, -1.25999999046,             0, -5.68923044205, 1322.99291992,          6000, -27.5073604584, -15.1444387436, -60.0850296021
       21.875,             0,         -1.25,             0, -5.69268941879, 1313.01855469,          6000, -27.4204502106, -15.1444511414, -59.6650238037
         21.9,             0, -1.24000000954,             0, -5.69612169266, 1303.04272461,          6000, -27.3335266113, -15.1444625854, -59.2437973022
       21.925,             0, -1.23000001907,             0, -5.69952774048, 1293.06542969,          6000, -27.246591568, -15.1444749832, -58.8213615417
        21.95,             0, -1.22000002861,             0, -5.70290708542, 1283.08666992,          6000, -27.1596431732, -15.1444864273, -58.3977241516
       21.975,             0, -1.21000003815,             0, -5.70625925064, 1273.10656738,          6000, -27.0726833344, -15.1444988251, -57.9729003906
           22,             0, -1.20000004768,             0, -5.70958518982, 1263.12524414,          6000, -26.9857139587, -15.1445102692, -57.5469055176
       22.025,             0, -1.19000005722,             0, -5.71288442612,  1253.1427002,          6000, -26.8987312317, -15.1445217133, -57.1197433472
        22.05,             0, -1.17999994755,             0, -5.7161564827, 1243.15881348,          6000, -26.8117408752, -15.1445331573, -56.6914329529
       22.075,             0, -1.16999995708,             0, -5.7194018364,  1233.1739502,          6000, -26.7247409821, -15.1445446014, -56.2619819641
         22.1,             0, -1.15999996662,             0, -5.72262001038, 1223.18786621,          6000, -26.6377315521, -15.1445560455, -55.8314056396
       22.125,             0, -1.14999997616,             0, -5.72581148148, 1213.20080566,          6000, -26.5507125854, -15.1445674896, -55.3997116089
        22.15,             0, -1.13999998569,             0, -5.72897577286, 1203.21276855,          6000, -26.4636859894,  -15.14457798, -54.9669151306
       22.175,             0, -1.12999999523,             0, -5.73211336136, 1193.22375488,          6000, -26.3766498566, -15.1445894241, -54.5330276489
         22.2,             0, -1.12000000477,             0, -5.73522377014, 1183.23388672,          6000, -26.2896080017, -15.1445999146, -54.0980606079
       22.225,             0, -1.11000001431,             0, -5.73830652237, 1173.24328613,          6000, -26.2025585175, -15.144610405, -53.6620254517
        22.25,             0, -1.10000002384,             0, -5.74136257172, 1163.25170898,          6000, -26.1155033112, -15.1446218491, -53.2249336243
       22.275,             0, -1.09000003338,             0, -5.74439144135, 1153.25952148,          6000, -26.0284404755, -15.1446323395, -52.7868003845
         22.3,             0, -1.08000004292,             0, -5.74739313126, 1143.26660156,          6000, -25.9413738251, -15.1446428299, -52.3476371765
       22.325,             0, -1.07000005245,             0, -5.75036764145, 1133.27307129,          6000, -25.8542995453, -15.1446533203, -51.9074554443
        22.35,             0, -1.05999994278,             0, -5.75331449509, 1123.27893066,          6000, -25.7672233582, -15.1446638107, -51.4662666321
       22.375,             0, -1.04999995232,             0, -5.75623416901, 1113.28430176,          6000, -25.6801395416, -15.1446733475, -51.0240821838
         22.4,             0, -1.03999996185,             0, -5.75912666321,  1103.2890625,          6000, -25.5930538177, -15.1446838379, -50.5809135437
       22.425,             0, -1.02999997139,             0, -5.76199150085, 1093.29345703,          6000, -25.5059642792, -15.1446933746, -50.1367797852
        22.45,             0, -1.01999998093,             0, -5.76482915878, 1083.29748535,          6000, -25.4188709259, -15.1447038651, -49.6916847229
       22.475,             0, -1.00999999046,             0, -5.76763916016, 1073.30102539,          6000, -25.3317737579, -15.1447134018, -49.2456436157
         22.5,             0,            -1,             0, -5.77042150497, 1063.30432129,          6000, -25.2446746826, -15.1447229385, -48.7986679077
       22.525,             0, -0.990000009537,             0, -5.77317667007, 1053.30737305,          6000,   -25.1575737, -15.1447324753, -48.3507728577
        22.55,             0, -0.980000019073,             0, -5.77590417862, 1043.31030273,          6000, -25.0704727173, -15.144742012, -47.9019699097
       22.575,             0, -0.97000002861,             0, -5.77860403061, 1033.31286621,          6000, -24.9833679199, -15.1447515488, -47.4522666931
         22.6,             0, -0.959999978542,             0, -5.78127622604, 1023.31542969,          6000, -24.8962650299, -15.1447610855, -47.0016822815
       22.625,             0, -0.949999988079,             0, -5.78392076492, 1013.31793213,          6000, -24.8091583252, -15.1447706223, -46.5502243042
        22.65,             0, -0.939999997616,             0, -5.78653812408,  1003.3203125,          6000, -24.7220535278, -15.1447792053,  -46.09790802
       22.675,             0, -0.930000007153,             0, -5.78912734985, 993.322753906,          6000, -24.6349487305, -15.1447887421, -45.644744873
         22.7,             0, -0.920000016689,             0, -5.79168891907, 983.325256348,          6000, -24.5478458405, -15.1447973251, -45.1907424927
       22.725,             0, -0.910000026226,             0, -5.79422283173, 973.327819824,          6000, -24.4607429504, -15.1448059082, -44.7359199524
        22.75,             0, -0.899999976158,             0, -5.79672908783, 963.330505371,          6000, -24.3736400604, -15.1448154449, -44.2802886963
       22.775,             0, -0.889999985695,             0, -5.79920721054, 953.333435059,          6000, -24.2865409851, -15.144824028, -43.8238563538
         22.8,             0, -0.879999995232,             0, -5.8016576767, 943.336547852,          6000, -24.1994438171, -15.1448326111, -43.3666381836
       22.825,             0, -0.870000004768,             0, -5.8040804863,  933.33996582,          6000, -24.1123485565, -15.1448411942, -42.9086494446
        22.85,             0, -0.860000014305,             0, -5.80647516251,  923.34362793,          6000, -24.0252552032, -15.1448488235, -42.4498977661
       22.875,             0, -0.850000023842,             0, -5.80884218216, 913.347717285,          6000, -23.938167572, -15.1448574066, -41.990398407
         22.9,             0, -0.839999973774,             0, -5.81118154526, 903.352111816,          6000, -23.8510818481, -15.1448659897, -41.5301628113
       22.925,             0, -0.829999983311,             0, -5.81349277496, 893.356994629,          6000, -23.763999939, -15.1448736191, -41.0692024231
        22.95,             0, -0.819999992847,             0, -5.81577587128, 883.362365723,          6000, -23.6769237518, -15.1448812485, -40.6075325012
       22.975,             0, -0.810000002384,             0, -5.81803131104, 873.368286133,          6000, -23.5898513794, -15.1448898315, -40.1451644897
           23,             0, -0.800000011921,             0, -5.8202586174, 863.374694824,          6000, -23.502784729, -15.1448974609, -39.6821060181
       23.025,             0, -0.790000021458,             0, -5.82245826721, 853.381713867,          6000, -23.4157238007, -15.1449050903, -39.2183761597
        23.05,             0, -0.77999997139,             0, -5.82462978363, 843.389404297,          6000, -23.328666687, -15.1449127197, -38.7539825439
       23.075,             0, -0.769999980927,             0, -5.82677316666, 833.397766113,          6000, -23.2416172028, -15.1449203491, -38.2889404297
         23.1,             0, -0.759999990463,             0, -5.82888841629, 823.406860352,          6000, -23.1545734406, -15.1449279785, -37.823261261
       23.125,             0,         -0.75,             0, -5.83097600937, 813.416687012,          6000, -23.0675373077, -15.1449346542, -37.3569602966
        23.15,             0, -0.740000009537,             0, -5.83303546906, 803.427307129,          6000, -22.980506897, -15.1449422836, -36.8900413513
       23.175,             0, -0.730000019073,             0, -5.83506631851, 793.438720703,          6000, -22.8934860229, -15.1449489594, -36.4225273132
         23.2,             0, -0.72000002861,             0, -5.83706998825,  783.45111084,          6000, -22.806470871, -15.1449565887, -35.9544258118
       23.225,             0, -0.709999978542,             0, -5.83904504776, 773.464355469,          6000, -22.7194652557, -15.1449632645, -35.4857444763
        23.25,             0, -0.699999988079,             0, -5.84099197388, 763.478515625,          6000, -22.6324672699, -15.1449699402, -35.0165061951
       23.275,             0, -0.689999997616,             0, -5.8429107666, 753.493713379,          6000, -22.5454788208, -15.1449766159, -34.5467147827
         23.3,             0, -0.680000007153,             0, -5.84480190277,  743.50994873,          6000, -22.4584980011, -15.1449832916, -34.076385498
       23.325,             0, -0.670000016689,             0, -5.84666442871,  733.52722168,          6000, -22.3715286255, -15.1449899673, -33.6055297852
        23.35,             0, -0.660000026226,             0, -5.8484992981, 723.545593262,          6000, -22.2845687866, -15.1449966431, -33.1341629028
       23.375,             0, -0.649999976158,             0, -5.85030555725, 713.565124512,          6000, -22.1976184845, -15.1450023651, -32.6622962952
         23.4,             0, -0.639999985695,             0, -5.85208415985,  703.58581543,          6000, -22.1106777191, -15.1450090408, -32.1899375916
       23.425,             0, -0.629999995232,             0, -5.85383415222, 693.607727051,          6000, -22.0237483978, -15.1450147629, -31.7171058655
        23.45,             0, -0.620000004768,             0, -5.8555560112, 683.630859375,          6000, -21.9368305206, -15.1450214386, -31.2438087463
       23.475,             0, -0.610000014305,             0, -5.85725021362, 673.655273438,          6000, -21.8499221802, -15.1450271606, -30.7700614929
         23.5,             0, -0.600000023842,             0, -5.85891580582, 663.681030273,          6000, -21.7630271912, -15.1450328827, -30.295873642
       23.525,             0, -0.589999973774,             0, -5.86055326462, 653.708190918,          6000, -21.6761436462, -15.1450386047, -29.8212604523
        23.55,             0, -0.579999983311,             0, -5.86216259003, 643.736633301,          6000, -21.5892734528, -15.1450443268, -29.3462314606
       23.575,             0, -0.569999992847,             0, -5.86374378204, 633.766601562,          6000, -21.5024147034, -15.1450500488, -28.8708019257
         23.6,             0, -0.560000002384,             0, -5.86529684067, 623.797973633,          6000, -21.4155673981, -15.1450548172, -28.3949813843
       23.625,             0, -0.550000011921,             0, -5.8668217659, 613.830871582,          6000, -21.3287353516, -15.1450605392, -27.9187831879
        23.65,             0, -0.540000021458,             0, -5.86831855774, 603.865234375,          6000, -21.2419166565, -15.1450662613, -27.4422187805
       23.675,             0, -0.52999997139,             0, -5.86978721619, 593.901245117,          6000, -21.1551113129, -15.1450710297, -26.965303421
         23.7,             0, -0.519999980927,             0, -5.8712272644, 583.938781738,          6000, -21.0683193207, -15.145075798, -26.4880447388
       23.725,             0, -0.509999990463,             0, -5.87263965607, 573.978027344,          6000, -20.9815425873, -15.1450815201, -26.0104579926
        23.75,             0,          -0.5,             0, -5.8740234375, 564.018859863,          6000, -20.8947811127, -15.1450862885, -25.5325565338
       23.775,             0, -0.490000009537,             0, -5.87537908554, 554.061462402,          6000, -20.8080329895, -15.1450910568, -25.0543479919
         23.8,             0, -0.479999989271,             0, -5.87670660019, 544.105712891,          6000, -20.7213001251, -15.1450958252, -24.5758495331
       23.825,             0, -0.469999998808,             0, -5.87800645828, 534.151794434,          6000, -20.6345844269, -15.1450996399, -24.097070694
        23.85,             0, -0.460000008345,             0, -5.87927770615, 524.199645996,          6000, -20.5478839874, -15.1451044083, -23.6180229187
       23.875,             0, -0.449999988079,             0, -5.88052034378, 514.249328613,          6000, -20.4611988068, -15.1451091766, -23.1387214661
         23.9,             0, -0.439999997616,             0, -5.88173532486,  504.30090332,          6000, -20.3745307922, -15.1451129913, -22.6591739655
       23.925,             0, -0.430000007153,             0, -5.88292217255, 494.354370117,          6000, -20.2878780365, -15.1451177597, -22.179397583
        23.95,             0, -0.419999986887,             0, -5.88408088684, 484.409759521,          6000, -20.2012424469, -15.1451215744, -21.6993999481
       23.975,             0, -0.409999996424,             0, -5.88521146774, 474.467102051,          6000, -20.1146259308, -15.1451253891, -21.2191963196
           24,             0, -0.40000000596,             0, -5.88631343842, 464.526428223,          6000, -20.0280246735, -15.1451292038, -20.7387962341
       24.025,             0, -0.389999985695,             0, -5.88738775253, 454.587799072,          6000, -19.9414424896, -15.1451330185, -20.2582149506
        24.05,             0, -0.379999995232,             0, -5.88843393326,   444.6512146,          6000, -19.8548774719, -15.1451368332, -19.7774620056
       24.075,             0, -0.370000004768,             0, -5.88945198059, 434.716705322,          6000, -19.7683315277, -15.1451406479, -19.2965488434
         24.1,             0, -0.360000014305,             0, -5.89044189453, 424.784332275,          6000, -19.681804657, -15.1451444626, -18.8154888153
       24.125,             0, -0.34999999404,             0, -5.89140319824, 414.854095459,          6000, -19.5952949524, -15.1451473236, -18.3342933655
        24.15,             0, -0.340000003576,             0, -5.8923368454, 404.926055908,          6000, -19.5088043213, -15.1451511383, -17.8529758453
       24.175,             0, -0.330000013113,             0, -5.89324235916, 395.000213623,          6000, -19.422334671, -15.1451539993, -17.3715457916
         24.2,             0, -0.319999992847,             0, -5.89411973953, 385.076599121,          6000, -19.3358840942, -15.145157814, -16.8900184631
       24.225,             0, -0.310000002384,             0, -5.89496946335, 375.155273438,          6000, -19.2494525909, -15.145160675, -16.4084014893
        24.25,             0, -0.300000011921,             0, -5.89579057693,  365.23626709,          6000, -19.1630420685, -15.1451635361, -15.9267101288
       24.275,             0, -0.289999991655,             0, -5.89658403397, 355.319580078,          6000, -19.0766506195, -15.1451663971, -15.4449548721
         24.3,             0, -0.280000001192,             0, -5.8973493576,  345.40524292,          6000, -18.9902820587, -15.1451692581, -14.9631471634
       24.325,             0, -0.270000010729,             0, -5.89808654785,  335.49331665,          6000, -18.9039325714, -15.1451721191, -14.481300354
        24.35,             0, -0.259999990463,             0, -5.89879560471,  325.58380127,          6000, -18.8176059723, -15.1451740265, -13.9994249344
       24.375,             0,         -0.25,             0,  -5.899477005, 315.676727295,          6000, -18.7312984467, -15.1451768875, -13.5175323486
         24.4,             0, -0.239999994636,             0, -5.90013027191, 305.772155762,          6000, -18.6450138092, -15.1451787949, -13.0356349945
       24.425,             0, -0.230000004172,             0, -5.90075540543,  295.87008667,          6000, -18.5587520599, -15.1451816559, -12.5537452698
        24.45,             0, -0.219999998808,             0, -5.90135288239, 285.970550537,          6000, -18.4725112915, -15.1451835632, -12.0718736649
       24.475,             0, -0.209999993443,             0, -5.90192222595, 276.073608398,          6000, -18.3862934113, -15.1451854706, -11.5900325775
         24.5,             0, -0.20000000298,             0, -5.90246343613, 266.179260254,          6000, -18.3000984192, -15.1451873779, -11.1082334518
       24.525,             0, -0.189999997616,             0, -5.90297746658, 256.287506104,          6000, -18.2139263153, -15.1451892853, -10.6264886856
        24.55,             0, -0.180000007153,             0, -5.90346288681,   246.3984375,          6000, -18.1277770996, -15.1451911926, -10.1448078156
       24.575,             0, -0.170000001788,             0, -5.90392065048, 236.512054443,          6000, -18.0416507721,   -15.1451931, -9.66320514679
         24.6,             0, -0.159999996424,             0, -5.9043507576, 226.628372192,          6000, -17.9555492401, -15.1451940536, -9.18168926239
       24.625,             0, -0.15000000596,             0, -5.90475273132, 216.747451782,          6000, -17.8694705963, -15.145195961, -8.70027446747
        24.65,             0, -0.140000000596,             0, -5.90512704849, 206.869277954,          6000, -17.783416748, -15.1451978683, -8.21897125244
       24.675,             0, -0.129999995232,             0, -5.90547370911, 196.993927002,          6000, -17.6973876953, -15.145198822, -7.73779010773
         24.7,             0, -0.119999997318,             0, -5.90579223633, 187.121383667,          6000, -17.6113834381, -15.1451997757, -7.25674390793
       24.725,             0, -0.109999999404,             0, -5.90608310699, 177.251708984,          6000, -17.5254039764, -15.1452007294, -6.77584314346
        24.75,             0, -0.10000000149,             0, -5.90634632111, 167.384902954,          6000, -17.4394493103, -15.145201683, -6.2951002121
       24.775,             0, -0.0900000035763,             0, -5.90658187866, 157.521026611,          6000, -17.3535194397, -15.1452026367, -5.81452560425
         24.8,             0, -0.0799999982119,             0, -5.90678977966, 147.660079956,          6000, -17.267616272, -15.1452035904, -5.33413076401
       24.825,             0, -0.070000000298,             0, -5.90697002411, 137.802093506,          6000, -17.1817378998, -15.1452045441, -4.8539276123
        24.85,             0, -0.0599999986589,             0, -5.90712213516, 127.947120667,          6000, -17.0958862305, -15.1452054977, -4.37392663956
       24.875,             0, -0.0500000007451,             0, -5.9072470665, 118.095153809,          6000, -17.010061264, -15.1452054977, -3.89414000511
         24.9,             0, -0.0399999991059,             0, -5.90734434128, 108.246246338,          6000, -16.9242630005, -15.1452064514, -3.41457843781
       24.925,             0, -0.0299999993294,             0, -5.9074139595, 98.4004135132,          6000, -16.8384895325, -15.1452064514, -2.93525338173
        24.95,             0, -0.019999999553,             0, -5.90745592117, 88.5576858521,          6000, -16.7527446747, -15.1452064514, -2.45617580414
       24.975,             0, -0.00999999977648,             0, -5.90747070312, 78.7180938721,          6000, -16.6670284271, -15.1452064514, -1.97735726833
           25,             0, -8.57973292564e-14,             0, -5.90745735168,  68.881652832,          6000, -16.5813388824, -15.1452064514, -1.49880850315
       25.025,             0, 0.00999999977648,             0, -5.90741682053, 59.0452308655,          6000, -16.4956493378, -15.1452064514, -1.02038621902
        25.05,             0, 0.019999999553,             0, -5.90734910965, 49.2056694031,          6000, -16.4099311829, -15.1452064514, -0.541947484016
       25.075,             0, 0.0299999993294,             0, -5.90725326538, 39.3630065918,          6000, -16.3241863251, -15.1452064514, -0.0635040029883
         25.1,             0, 0.0399999991059,             0, -5.90713024139, 29.5172786713,          6000, -16.2384166718, -15.1452064514, 0.414932310581
       25.125,             0, 0.0500000007451,             0, -5.90697956085, 19.6685237885,          6000, -16.1526184082, -15.1452054977, 0.893349707127
        25.15,             0, 0.0599999986589,             0, -5.90680074692, 9.81678009033,          6000, -16.0667953491, -15.1452054977, 1.37173616886
       25.175,             0, 0.070000000298,             0, -5.90659475327, -0.0379191078246,          6000, -15.9809465408, -15.1452045441, 1.85008001328
         25.2,             0, 0.0799999982119,             0, -5.90636110306, -9.89553546906,          6000, -15.895072937, -15.1452035904, 2.32836914062
       25.225,             0, 0.0900000035763,             0, -5.9060997963, -19.7560310364,          6000, -15.809173584, -15.1452026367, 2.80659198761
        25.25,             0, 0.10000000149,             0, -5.90581083298, -29.6193714142,          6000, -15.7232484818, -15.145201683, 3.28473615646
       25.275,             0, 0.109999999404,             0, -5.90549373627, -39.4855194092,          6000, -15.6373004913, -15.1452007294, 3.76278996468
         25.3,             0, 0.119999997318,             0,  -5.905148983, -49.354434967,          6000, -15.5513277054, -15.1451997757, 4.24074172974
       25.325,             0, 0.129999995232,             0, -5.90477657318, -59.2260818481,          6000, -15.4653310776, -15.145198822, 4.71857881546
        25.35,             0, 0.140000000596,             0, -5.90437650681, -69.1004257202,          6000, -15.3793106079, -15.1451978683, 5.19629001617
       25.375,             0, 0.15000000596,             0, -5.90394878387, -78.9774246216,          6000, -15.2932672501, -15.145195961, 5.67386293411
         25.4,             0, 0.159999996424,             0, -5.90349292755, -88.8570404053,          6000, -15.207201004, -15.1451940536, 6.15128564835
       25.425,             0, 0.170000001788,             0, -5.90300893784, -98.7392425537,          6000, -15.1211128235,   -15.1451931, 6.62854623795
        25.45,             0, 0.180000007153,             0, -5.9024977684, -108.62399292,          6000, -15.0350017548, -15.1451911926, 7.10563230515
       25.475,             0, 0.189999997616,             0, -5.90195846558, -118.511245728,          6000, -14.9488687515, -15.1451892853, 7.58253240585
         25.5,             0, 0.20000000298,             0, -5.90139102936, -128.400970459,          6000, -14.8627147675, -15.1451873779, 8.05923366547
       25.525,             0, 0.209999993443,             0, -5.90079593658, -138.293121338,          6000, -14.7765388489, -15.1451854706, 8.53572559357
        25.55,             0, 0.219999998808,             0, -5.90017271042, -148.187667847,          6000, -14.6903429031, -15.1451835632, 9.01199436188
       25.575,             0, 0.230000004172,             0, -5.8995218277, -158.084564209,          6000, -14.6041259766, -15.1451816559, 9.48802852631
         25.6,             0, 0.239999994636,             0, -5.89884281158, -167.983795166,          6000, -14.5178890228, -15.1451787949, 9.96381664276
       25.625,             0,          0.25,             0, -5.89813566208, -177.885284424,          6000, -14.4316320419, -15.1451768875, 10.4393453598
        25.65,             0, 0.259999990463,             0, -5.89740085602, -187.789016724,          6000, -14.3453559875, -15.1451740265,  10.914604187
       25.675,             0, 0.270000010729,             0, -5.89663791656, -197.694961548,          6000, -14.259059906, -15.1451721191, 11.3895797729
         25.7,             0, 0.280000001192,             0, -5.89584732056, -207.603057861,          6000, -14.1727457047, -15.1451692581, 11.8642597198
       25.725,             0, 0.289999991655,             0, -5.89502811432, -217.513275146,          6000, -14.0864124298, -15.1451663971, 12.3386335373
        25.75,             0, 0.300000011921,             0, -5.89418125153, -227.425582886,          6000, -14.0000610352, -15.1451635361, 12.8126878738
       25.775,             0, 0.310000002384,             0, -5.89330625534, -237.339935303,          6000, -13.9136915207, -15.145160675, 13.2864112854
         25.8,             0, 0.319999992847,             0, -5.89240312576, -247.256286621,          6000, -13.8273048401, -15.145157814, 13.7597904205
       25.825,             0, 0.330000013113,             0, -5.89147233963, -257.174621582,          6000, -13.7409009933, -15.1451539993, 14.2328138351
        25.85,             0, 0.340000003576,             0, -5.89051294327, -267.094848633,          6000, -13.6544799805, -15.1451511383, 14.7054700851
       25.875,             0, 0.34999999404,             0, -5.88952589035, -277.016998291,          6000, -13.5680427551, -15.1451473236, 15.1777467728
         25.9,             0, 0.360000014305,             0, -5.88851070404, -286.940979004,          6000, -13.4815893173, -15.1451444626, 15.6496305466
       25.925,             0, 0.370000004768,             0, -5.88746738434, -296.866790771,          6000, -13.3951206207, -15.1451406479, 16.1211109161
        25.95,             0, 0.379999995232,             0, -5.88639593124, -306.794342041,          6000, -13.3086357117, -15.1451368332,   16.59217453
       25.975,             0, 0.389999985695,             0, -5.88529634476, -316.723632812,          6000, -13.2221355438, -15.1451330185, 17.0628089905
           26,             0, 0.40000000596,             0, -5.88416862488, -326.654602051,          6000, -13.1356210709, -15.1451292038, 17.5330028534
       26.025,             0, 0.409999996424,             0, -5.88301277161, -336.587219238,          6000, -13.0490922928, -15.1451253891, 18.0027446747
        26.05,             0, 0.419999986887,             0, -5.88182878494, -346.521453857,          6000, -12.9625492096, -15.1451215744, 18.4720191956
       26.075,             0, 0.430000007153,             0, -5.88061666489, -356.457244873,          6000, -12.8759918213, -15.1451177597, 18.9408187866
         26.1,             0, 0.439999997616,             0, -5.87937641144, -366.394592285,          6000, -12.7894220352, -15.1451129913, 19.4091281891
       26.125,             0, 0.449999988079,             0, -5.8781080246, -376.333374023,          6000, -12.7028388977, -15.1451091766, 19.8769359589
        26.15,             0, 0.460000008345,             0, -5.87681150436, -386.273620605,          6000, -12.6162433624, -15.1451044083, 20.3442287445
       26.175,             0, 0.469999998808,             0, -5.87548685074, -396.215270996,          6000, -12.5296344757, -15.1450996399, 20.8109970093
         26.2,             0, 0.479999989271,             0, -5.87413454056, -406.158294678,          6000, -12.4430150986, -15.1450958252, 21.2772254944
       26.225,             0, 0.490000009537,             0, -5.87275362015, -416.102630615,          6000, -12.3563833237, -15.1450910568, 21.7429046631
        26.25,             0,           0.5,             0, -5.87134456635, -426.048217773,          6000, -12.2697401047, -15.1450862885, 22.2080211639
       26.275,             0, 0.509999990463,             0, -5.86990737915, -435.995056152,          6000, -12.1830863953, -15.1450815201, 22.6725616455
         26.3,             0, 0.519999980927,             0, -5.86844158173, -445.943084717,          6000, -12.0964221954, -15.145075798,  23.136516571
       26.325,             0, 0.52999997139,             0, -5.86694812775, -455.892272949,          6000, -12.0097475052, -15.1450710297, 23.5998725891
        26.35,             0, 0.540000021458,             0, -5.86542654037, -465.842590332,          6000, -11.9230642319, -15.1450662613, 24.0626163483
       26.375,             0, 0.550000011921,             0, -5.86387681961, -475.793945312,          6000, -11.8363704681, -15.1450605392, 24.5247364044
         26.4,             0, 0.560000002384,             0, -5.86229896545, -485.746307373,          6000, -11.7496681213, -15.1450548172, 24.9862213135
       26.425,             0, 0.569999992847,             0, -5.86069297791, -495.699676514,          6000, -11.6629571915, -15.1450500488,  25.447057724
        26.45,             0, 0.579999983311,             0, -5.85905838013, -505.653991699,          6000, -11.5762376785, -15.1450443268, 25.9072341919
       26.475,             0, 0.589999973774,             0, -5.85739612579, -515.609191895,          6000, -11.4895095825, -15.1450386047, 26.3667373657
         26.5,             0, 0.600000023842,             0, -5.85570573807, -525.565246582,          6000, -11.4027748108, -15.1450328827, 26.8255577087
       26.525,             0, 0.610000014305,             0, -5.85398721695, -535.522094727,          6000, -11.3160333633, -15.1450271606, 27.2836818695
        26.55,             0, 0.620000004768,             0, -5.85224056244, -545.479675293,          6000, -11.2292842865, -15.1450214386, 27.7410964966
       26.575,             0, 0.629999995232,             0, -5.8504652977, -555.438049316,          6000, -11.1425294876, -15.1450147629, 28.1977901459
         26.6,             0, 0.639999985695,             0, -5.8486623764, -565.397033691,          6000, -11.055768013, -15.1450090408, 28.6537513733
       26.625,             0, 0.649999976158,             0, -5.84683132172, -575.356689453,          6000, -10.9690008163, -15.1450023651, 29.1089668274
        26.65,             0, 0.660000026226,             0, -5.84497213364, -585.316894531,          6000, -10.8822288513, -15.1449966431, 29.5634250641
       26.675,             0, 0.670000016689,             0, -5.84308481216, -595.277709961,          6000, -10.7954521179, -15.1449899673, 30.0171146393
         26.7,             0, 0.680000007153,             0, -5.84116983414, -605.238952637,          6000, -10.7086706161, -15.1449832916, 30.4700222015
       26.725,             0, 0.689999997616,             0, -5.83922624588, -615.200683594,          6000, -10.6218852997, -15.1449766159, 30.9221363068
        26.75,             0, 0.699999988079,             0, -5.83725500107, -625.162841797,          6000, -10.5350961685, -15.1449699402, 31.3734436035
       26.775,             0, 0.709999978542,             0, -5.83525514603, -635.125305176,          6000, -10.4483041763, -15.1449632645, 31.8239345551
         26.8,             0, 0.72000002861,             0, -5.83322763443, -645.088134766,          6000, -10.3615083694, -15.1449565887, 32.2735977173
       26.825,             0, 0.730000019073,             0, -5.83117198944, -655.051208496,          6000, -10.2747106552, -15.1449489594, 32.7224159241
        26.85,             0, 0.740000009537,             0, -5.8290886879, -665.014526367,          6000, -10.1879110336, -15.1449422836, 33.1703796387
       26.875,             0,          0.75,             0, -5.82697725296, -674.978027344,          6000, -10.101108551, -15.1449346542, 33.6174812317
         26.9,             0, 0.759999990463,             0, -5.82483768463, -684.941650391,          6000, -10.0143060684, -15.1449279785, 34.0637016296
       26.925,             0, 0.769999980927,             0, -5.82266998291, -694.905334473,          6000, -9.92750167847, -15.1449203491, 34.5090332031
        26.95,             0, 0.77999997139,             0, -5.82047462463, -704.86907959,          6000, -9.84069728851, -15.1449127197, 34.9534645081
       26.975,             0, 0.790000021458,             0, -5.81825113297, -714.832824707,          6000, -9.75389289856, -15.1449050903, 35.3969802856
           27,             0, 0.800000011921,             0, -5.8159995079, -724.796508789,          6000, -9.66708850861, -15.1448974609, 35.8395690918
       27.025,             0, 0.810000002384,             0, -5.81372022629, -734.760131836,          6000, -9.58028507233, -15.1448898315, 36.2812232971
        27.05,             0, 0.819999992847,             0, -5.81141328812, -744.723571777,          6000, -9.49348258972, -15.1448812485, 36.7219238281
       27.075,             0, 0.829999983311,             0, -5.80907821655, -754.686828613,          6000, -9.40668201447, -15.1448736191, 37.1616668701
         27.1,             0, 0.839999973774,             0, -5.8067150116, -764.649780273,          6000, -9.31988334656, -15.1448659897, 37.6004333496
       27.125,             0, 0.850000023842,             0, -5.80432462692, -774.612487793,          6000,  -9.233086586, -15.1448574066, 38.0382156372
        27.15,             0, 0.860000014305,             0, -5.80190610886, -784.574890137,          6000, -9.14629268646, -15.1448488235, 38.4749984741
       27.175,             0, 0.870000004768,             0, -5.7994594574, -794.536865234,          6000, -9.05950260162, -15.1448411942,  38.910774231
         27.2,             0, 0.879999995232,             0, -5.79698562622, -804.498413086,          6000, -8.97271537781, -15.1448326111, 39.3455314636
       27.225,             0, 0.889999985695,             0, -5.79448366165, -814.459472656,          6000, -8.88593292236, -15.144824028, 39.7792510986
        27.25,             0, 0.899999976158,             0, -5.79195404053, -824.41998291,          6000, -8.79915428162, -15.1448154449, 40.2119293213
       27.275,             0, 0.910000026226,             0, -5.78939676285, -834.379943848,          6000, -8.71238136292, -15.1448059082, 40.6435508728
         27.3,             0, 0.920000016689,             0, -5.78681182861, -844.339233398,          6000, -8.62561321259, -15.1447973251, 41.0741043091
       27.325,             0, 0.930000007153,             0, -5.78419923782, -854.297912598,          6000, -8.5388507843, -15.1447887421,  41.503578186
        27.35,             0, 0.939999997616,             0, -5.78155899048, -864.25579834,          6000, -8.45209407806, -15.1447792053, 41.9319610596
       27.375,             0, 0.949999988079,             0, -5.77889108658, -874.212890625,          6000, -8.36534500122, -15.1447706223, 42.3592376709
         27.4,             0, 0.959999978542,             0, -5.77619552612, -884.169189453,          6000, -8.2786026001, -15.1447610855, 42.7854042053
       27.425,             0, 0.97000002861,             0, -5.77347230911, -894.124572754,          6000, -8.19186687469, -15.1447515488, 43.2104415894
        27.45,             0, 0.980000019073,             0, -5.77072191238, -904.079040527,          6000, -8.10514068604, -15.144742012, 43.6343421936
       27.475,             0, 0.990000009537,             0, -5.7679438591, -914.032531738,          6000, -8.0184211731, -15.1447324753, 44.0570907593
         27.5,             0,             1,             0, -5.7651386261, -923.984924316,          6000, -7.93171167374, -15.1447229385,  44.478679657
       27.525,             0, 1.00999999046,             0, -5.76230573654, -933.936279297,          6000, -7.84501123428, -15.1447134018, 44.8990974426
        27.55,             0, 1.01999998093,             0, -5.75944519043, -943.886535645,          6000, -7.75832033157, -15.1447038651, 45.3183288574
       27.575,             0, 1.02999997139,             0, -5.7565574646, -953.835510254,          6000, -7.67163991928, -15.1446933746,  45.736366272
         27.6,             0, 1.03999996185,             0, -5.75364255905, -963.783325195,          6000, -7.58496952057, -15.1446838379, 46.1531944275
       27.625,             0, 1.04999995232,             0, -5.75069999695, -973.729797363,          6000, -7.49831056595, -15.1446733475, 46.5688056946
        27.65,             0, 1.05999994278,             0, -5.74773073196, -983.674926758,          6000, -7.41166305542, -15.1446638107, 46.9831886292
       27.675,             0, 1.07000005245,             0, -5.74473381042, -993.618652344,          6000, -7.32502794266, -15.1446533203, 47.3963279724
         27.7,             0, 1.08000004292,             0, -5.74170970917, -1003.56097412,          6000, -7.23840475082, -15.1446428299,  47.808216095
       27.725,             0, 1.09000003338,             0, -5.73865842819, -1013.50170898,          6000, -7.15179443359, -15.1446323395, 48.2188415527
        27.75,             0, 1.10000002384,             0, -5.7355799675, -1023.44091797,          6000, -7.06519794464, -15.1446218491, 48.6281890869
       27.775,             0, 1.11000001431,             0, -5.73247480392, -1033.37854004,          6000, -6.97861480713, -15.144610405, 49.0362510681
         27.8,             0, 1.12000000477,             0, -5.72934246063, -1043.31445312,          6000, -6.89204645157, -15.1445999146, 49.4430160522
       27.825,             0, 1.12999999523,             0, -5.72618293762, -1053.24865723,          6000, -6.80549240112, -15.1445894241, 49.8484725952
        27.85,             0, 1.13999998569,             0, -5.72299623489, -1063.18115234,          6000, -6.71895360947,  -15.14457798, 50.2526092529
       27.875,             0, 1.14999997616,             0, -5.71978282928, -1073.11169434,          6000, -6.63243103027, -15.1445674896, 50.6554145813
         27.9,             0, 1.15999996662,             0, -5.71654272079, -1083.04052734,          6000, -6.54592418671, -15.1445560455, 51.0568809509
       27.925,             0, 1.16999995708,             0, -5.71327543259, -1092.96728516,          6000, -6.45943403244, -15.1445446014,  51.456993103
        27.95,             0, 1.17999994755,             0, -5.7099814415, -1102.89208984,          6000, -6.37296104431, -15.1445331573, 51.8557395935
       27.975,             0, 1.19000005722,             0, -5.70666074753, -1112.81481934,          6000, -6.28650569916, -15.1445217133,  52.253112793
           28,             0, 1.20000004768,             0, -5.70331335068, -1122.73547363,          6000, -6.20006847382, -15.1445102692, 52.6491012573
       28.025,             0, 1.21000003815,             0, -5.69993925095, -1132.65393066,          6000, -6.11364984512, -15.1444988251, 53.0436897278
        28.05,             0, 1.22000002861,             0, -5.69653844833, -1142.57019043,          6000, -6.02725028992, -15.1444864273, 53.4368743896
       28.075,             0, 1.23000001907,             0, -5.69311094284, -1152.48413086,          6000, -5.94087028503, -15.1444749832, 53.8286399841
         28.1,             0, 1.24000000954,             0, -5.6896572113, -1162.39587402,          6000, -5.85450983047, -15.1444625854, 54.2189750671
       28.125,             0,          1.25,             0, -5.68617677689, -1172.30505371,          6000, -5.76817035675, -15.1444511414, 54.6078720093
        28.15,             0, 1.25999999046,             0, -5.68267011642, -1182.21191406,          6000, -5.6818523407, -15.1444387436, 54.9953193665
       28.175,             0, 1.26999998093,             0, -5.67913675308, -1192.11633301,          6000, -5.59555530548, -15.1444263458, 55.3813056946
         28.2,             0, 1.27999997139,             0, -5.67557764053, -1202.01806641,          6000, -5.50928020477, -15.1444139481, 55.7658233643
       28.225,             0, 1.28999996185,             0, -5.6719918251, -1211.91723633,          6000, -5.42302799225, -15.1444015503, 56.1488571167
        28.25,             0, 1.29999995232,             0, -5.66837978363, -1221.8137207,          6000, -5.33679866791, -15.1443891525, 56.5303955078
       28.275,             0, 1.30999994278,             0, -5.66474151611, -1231.70739746,          6000, -5.25059270859, -15.1443767548, 56.9104347229
         28.3,             0, 1.32000005245,             0, -5.66107702255, -1241.59838867,          6000, -5.16441106796, -15.1443634033, 57.2889595032
       28.325,             0, 1.33000004292,             0, -5.65738677979, -1251.48657227,          6000, -5.07825374603, -15.1443510056, 57.6659622192
        28.35,             0, 1.34000003338,             0, -5.65367031097, -1261.3717041,          6000, -4.99212121964, -15.1443376541,  58.041431427
       28.375,             0, 1.35000002384,             0, -5.64992761612, -1271.25402832,          6000, -4.90601491928, -15.1443243027, 58.4153556824
         28.4,             0, 1.36000001431,             0, -5.6461596489, -1281.13317871,          6000, -4.8199338913, -15.1443119049,  58.787727356
       28.425,             0, 1.37000000477,             0, -5.64236545563, -1291.00939941,          6000, -4.73388004303, -15.1442985535,  59.158531189
        28.45,             0, 1.37999999523,             0, -5.63854503632, -1300.88232422,          6000, -4.64785337448, -15.144285202, 59.5277633667
       28.475,             0, 1.38999998569,             0, -5.63469934464, -1310.75219727,          6000, -4.56185388565, -15.1442718506, 59.8954124451
         28.5,             0, 1.39999997616,             0, -5.63082838058, -1320.61865234,          6000, -4.47588300705, -15.1442584991,   60.26146698
       28.525,             0, 1.40999996662,             0, -5.62693119049, -1330.48193359,          6000, -4.38994026184, -15.144244194, 60.6259155273
        28.55,             0, 1.41999995708,             0, -5.62300872803, -1340.34179688,          6000, -4.30402708054, -15.1442308426, 60.9887542725
       28.575,             0, 1.42999994755,             0, -5.61906051636, -1350.19812012,          6000, -4.21814346313, -15.1442165375, 61.3499641418
         28.6,             0, 1.44000005722,             0, -5.61508703232, -1360.05102539,          6000, -4.13228988647, -15.144203186, 61.7095451355
       28.625,             0, 1.45000004768,             0, -5.61108827591, -1369.90039062,          6000, -4.04646730423, -15.1441888809, 62.0674781799
        28.65,             0, 1.46000003815,             0, -5.60706424713, -1379.74597168,          6000, -3.96067619324, -15.1441745758, 62.4237632751
       28.675,             0, 1.47000002861,             0, -5.60301494598, -1389.5880127,          6000, -3.87491679192, -15.1441602707, 62.7783813477
         28.7,             0, 1.48000001907,             0, -5.59894037247, -1399.42626953,          6000, -3.78918981552, -15.1441459656, 63.1313323975
       28.725,             0, 1.49000000954,             0, -5.59484100342, -1409.26074219,          6000, -3.70349574089, -15.1441316605, 63.4825973511
        28.75,             0,           1.5,             0,  -5.590716362, -1419.09130859,          6000, -3.61783504486, -15.1441173553, 63.8321762085
       28.775,             0, 1.50999999046,             0, -5.58656644821, -1428.91796875,          6000, -3.53220844269, -15.1441030502, 64.1800537109
         28.8,             0, 1.51999998093,             0, -5.58239221573, -1438.74060059,          6000, -3.44661617279, -15.1440877914,  64.526222229
       28.825,             0, 1.52999997139,             0, -5.57819271088, -1448.55908203,          6000, -3.36105918884, -15.1440734863, 64.8706665039
        28.85,             0, 1.53999996185,             0, -5.57396841049, -1458.37353516,          6000, -3.27553772926, -15.1440582275, 65.2133865356
       28.875,             0, 1.54999995232,             0, -5.56971979141, -1468.18383789,          6000, -3.19005250931, -15.1440439224, 65.5543746948
         28.9,             0, 1.55999994278,             0, -5.5654463768, -1477.98986816,          6000, -3.10460400581, -15.1440286636, 65.8936157227
       28.925,             0, 1.57000005245,             0, -5.56114864349, -1487.79150391,          6000, -3.01919269562, -15.1440134048, 66.2310943604
        28.95,             0, 1.58000004292,             0, -5.55682611465, -1497.58886719,          6000, -2.93381929398, -15.1439981461, 66.5668182373
       28.975,             0, 1.59000003338,             0, -5.55247926712, -1507.38171387,          6000, -2.84848427773, -15.1439828873, 66.9007644653
           29,             0, 1.60000002384,             0, -5.54810810089, -1517.17004395,          6000, -2.7631881237, -15.1439666748, 67.2329330444
       29.025,             0, 1.61000001431,             0, -5.5437130928, -1526.95385742,          6000, -2.67793154716, -15.143951416, 67.5633087158
        29.05,             0, 1.62000000477,             0, -5.53929328918, -1536.73303223,          6000, -2.59271502495, -15.1439361572, 67.8918838501
       29.075,             0, 1.62999999523,             0, -5.53484964371, -1546.50756836,          6000, -2.50753903389, -15.1439199448, 68.2186584473
         29.1,             0, 1.63999998569,             0, -5.53038215637, -1556.27722168,          6000, -2.42240428925, -15.143904686, 68.5436172485
       29.125,             0, 1.64999997616,             0, -5.52589082718, -1566.04211426,          6000, -2.33731150627, -15.1438884735, 68.8667449951
        29.15,             0, 1.65999996662,             0, -5.52137517929, -1575.80200195,          6000, -2.25226092339, -15.143872261, 69.1880493164
       29.175,             0, 1.66999995708,             0, -5.51683616638, -1585.55712891,          6000, -2.16725301743, -15.1438560486, 69.5075073242
         29.2,             0, 1.67999994755,             0, -5.51227331161, -1595.30700684,          6000, -2.08228874207, -15.1438398361, 69.8251190186
       29.225,             0, 1.69000005722,             0, -5.50768709183, -1605.05200195,          6000, -1.99736857414, -15.1438236237, 70.1408691406
        29.25,             0, 1.70000004768,             0, -5.50307703018, -1614.79174805,          6000, -1.91249299049, -15.1438074112, 70.4547576904
       29.275,             0, 1.71000003815,             0, -5.49844360352, -1624.52624512,          6000, -1.82766258717, -15.1437902451, 70.7667770386
         29.3,             0, 1.72000002861,             0, -5.49378681183, -1634.25549316,          6000,  -1.742877841, -15.1437740326, 71.0769119263
       29.325,             0, 1.73000001907,             0, -5.48910713196, -1643.97924805,          6000, -1.65813958645, -15.1437568665, 71.3851623535
        29.35,             0, 1.74000000954,             0, -5.48440408707, -1653.69775391,          6000, -1.57344806194, -15.143740654, 71.6915130615
       29.375,             0,          1.75,             0, -5.47967767715, -1663.41064453,          6000, -1.48880422115, -15.1437234879, 71.9959564209
         29.4,             0, 1.75999999046,             0, -5.47492837906, -1673.11804199,          6000, -1.40420842171, -15.1437063217, 72.2984924316
       29.425,             0, 1.76999998093,             0, -5.47015619278, -1682.81982422,          6000, -1.31966125965, -15.1436891556, 72.5991134644
        29.45,             0, 1.77999997139,             0, -5.46536111832, -1692.51599121,          6000, -1.23516333103, -15.1436719894, 72.8978042603
       29.475,             0, 1.78999996185,             0, -5.46054363251, -1702.20629883,          6000, -1.1507152319, -15.1436548233, 73.1945571899
         29.5,             0, 1.79999995232,             0, -5.45570325851, -1711.89074707,          6000, -1.0663176775, -15.1436367035, 73.4893798828
       29.525,             0, 1.80999994278,             0, -5.45084047318, -1721.56933594,          6000, -0.981971085072, -15.1436195374, 73.7822418213
        29.55,             0, 1.82000005245,             0, -5.44595479965, -1731.24194336,          6000, -0.897676110268, -15.1436014175, 74.0731582642
       29.575,             0, 1.83000004292,             0, -5.44104719162, -1740.90856934,          6000, -0.813433289528, -15.1435842514, 74.3621063232
         29.6,             0, 1.84000003338,             0, -5.43611717224, -1750.5690918,          6000, -0.729243338108, -15.1435661316, 74.6490859985
       29.625,             0, 1.85000002384,             0, -5.43116474152, -1760.22338867,          6000, -0.64510679245, -15.1435480118, 74.9340896606
        29.65,             0, 1.86000001431,             0, -5.42619037628, -1769.87145996,          6000, -0.561024188995, -15.1435308456, 75.2171173096
       29.675,             0, 1.87000000477,             0, -5.42119407654, -1779.51330566,          6000,  -0.476996243, -15.1435127258, 75.4981460571
         29.7,             0, 1.87999999523,             0, -5.41617584229, -1789.14868164,          6000, -0.393023461103, -15.1434936523, 75.7771835327
       29.725,             0, 1.88999998569,             0, -5.41113615036, -1798.77770996,          6000, -0.309106469154, -15.1434755325, 76.0542144775
        29.75,             0, 1.89999997616,             0, -5.40607452393, -1808.40014648,          6000, -0.225245893002, -15.1434574127, 76.3292388916
       29.775,             0, 1.90999996662,             0, -5.40099096298, -1818.01599121,          6000, -0.14144231379, -15.1434383392, 76.6022491455
         29.8,             0, 1.91999995708,             0, -5.3958864212, -1827.62524414,          6000, -0.0576963312924, -15.1434202194, 76.8732376099
       29.825,             0, 1.92999994755,             0, -5.39075994492, -1837.22766113,          6000, 0.0259914323688, -15.1434011459, 77.1421966553
        29.85,             0, 1.94000005722,             0, -5.38561248779, -1846.82336426,          6000, 0.109620377421, -15.1433830261, 77.4091262817
       29.875,             0, 1.95000004768,             0, -5.38044404984, -1856.41223145,          6000, 0.193189889193, -15.1433639526, 77.6740112305
         29.9,             0, 1.96000003815,             0, -5.37525415421, -1865.99414062,          6000, 0.276699364185, -15.1433448792, 77.9368515015
       29.925,             0, 1.97000002861,             0, -5.37004327774, -1875.5690918,          6000, 0.360148191452, -15.1433258057, 78.1976394653
        29.95,             0, 1.98000001907,             0, -5.36481142044, -1885.13684082,          6000, 0.443535774946, -15.1433067322, 78.4563674927
       29.975,             0, 1.99000000954,             0, -5.35955905914, -1894.69750977,          6000, 0.526861488819, -15.143286705, 78.7130355835
           30,             0,             2,             0, -5.35428571701, -1904.25109863,          6000, 0.610124707222, -15.1432676315, 78.9676361084
       30.025,             0, 2.00999999046,             0, -5.34899234772, -1913.79724121,          6000, 0.693324804306, -15.143248558,  79.220161438
        30.05,             0, 2.01999998093,             0, -5.34367799759, -1923.33605957,          6000, 0.776461184025, -15.1432285309, 79.4706039429
       30.075,             0, 2.02999997139,             0, -5.33834314346, -1932.86743164,          6000, 0.859533309937, -15.1432085037,  79.718963623
         30.1,             0, 2.03999996185,             0, -5.33298826218, -1942.39135742,          6000, 0.942540407181, -15.1431894302, 79.9652404785
       30.125,             0, 2.04999995232,             0, -5.32761335373, -1951.90771484,          6000, 1.02548193932, -15.1431694031, 80.2094116211
        30.15,             0, 2.05999994278,             0, -5.32221841812, -1961.41650391,          6000,  1.1083573103, -15.1431493759, 80.4514923096
       30.175,             0, 2.06999993324,             0, -5.31680345535, -1970.91748047,          6000, 1.19116592407, -15.1431293488, 80.6914596558
         30.2,             0, 2.07999992371,             0, -5.31136846542, -1980.41064453,          6000, 1.27390706539, -15.1431093216, 80.9293289185
       30.225,             0, 2.08999991417,             0, -5.30591392517, -1989.89599609,          6000, 1.35658013821, -15.1430883408, 81.1650695801
        30.25,             0, 2.09999990463,             0, -5.30043983459, -1999.37353516,          6000, 1.43918454647, -15.1430683136, 81.3987045288
       30.275,             0,  2.1099998951,             0, -5.2949461937, -2008.84289551,          6000, 1.52171969414, -15.1430482864, 81.6302108765
         30.3,             0, 2.11999988556,             0, -5.28943300247, -2018.30432129,          6000, 1.60418486595, -15.1430273056,  81.859588623
       30.325,             0, 2.13000011444,             0, -5.28390073776, -2027.75756836,          6000, 1.68657958508, -15.1430063248, 82.0868301392
        30.35,             0,  2.1400001049,             0, -5.27834892273, -2037.20263672,          6000, 1.76890313625, -15.1429853439, 82.3119430542
       30.375,             0, 2.15000009537,             0, -5.27277851105, -2046.6394043,          6000, 1.85115480423, -15.1429653168, 82.5349121094
         30.4,             0, 2.16000008583,             0, -5.26718902588, -2056.06787109,          6000, 1.93333411217, -15.1429443359, 82.7557373047
       30.425,             0, 2.17000007629,             0, -5.26158046722, -2065.48779297,          6000, 2.01544046402, -15.1429233551, 82.9744186401
        30.45,             0, 2.18000006676,             0, -5.25595378876, -2074.89916992,          6000, 2.09747290611, -15.1429014206, 83.1909408569
       30.475,             0, 2.19000005722,             0, -5.2503080368, -2084.30200195,          6000, 2.17943120003, -15.1428804398, 83.4053115845
         30.5,             0, 2.20000004768,             0, -5.2446436882, -2093.69628906,          6000, 2.26131463051, -15.1428594589,  83.617515564
       30.525,             0, 2.21000003815,             0, -5.23896121979, -2103.08178711,          6000,  2.3431224823, -15.1428375244, 83.8275604248
        30.55,             0, 2.22000002861,             0, -5.23326063156, -2112.45874023,          6000, 2.42485404015, -15.1428155899,  84.035446167
       30.575,             0, 2.23000001907,             0, -5.22754192352, -2121.82666016,          6000, 2.50650882721, -15.1427946091, 84.2411499023
         30.6,             0, 2.24000000954,             0, -5.22180509567, -2131.18554688,          6000, 2.58808636665, -15.1427726746, 84.4446868896
       30.625,             0,          2.25,             0, -5.21605014801, -2140.53540039,          6000,  2.6695857048, -15.1427507401, 84.6460494995
        30.65,             0, 2.25999999046,             0, -5.21027803421, -2149.87646484,          6000,  2.7510061264, -15.1427288055, 84.8452301025
       30.675,             0, 2.26999998093,             0, -5.2044878006, -2159.20800781,          6000, 2.83234739304, -15.142706871, 85.0422286987
         30.7,             0, 2.27999997139,             0, -5.19867992401, -2168.53051758,          6000, 2.91360878944, -15.1426849365, 85.2370452881
       30.725,             0, 2.28999996185,             0, -5.19285488129,   -2177.84375,          6000, 2.99478960037, -15.1426620483, 85.4296722412
        30.75,             0, 2.29999995232,             0, -5.18701267242, -2187.14770508,          6000, 3.07588911057, -15.1426401138, 85.6201095581
       30.775,             0, 2.30999994278,             0, -5.18115282059, -2196.44213867,          6000, 3.15690660477, -15.1426172256, 85.8083496094
         30.8,             0, 2.31999993324,             0, -5.17527627945, -2205.72705078,          6000, 3.23784184456, -15.1425952911, 85.9944000244
       30.825,             0, 2.32999992371,             0, -5.16938304901, -2215.00244141,          6000, 3.31869387627, -15.142572403, 86.1782531738
        30.85,             0, 2.33999991417,             0, -5.16347265244, -2224.26806641,          6000, 3.39946222305, -15.1425495148, 86.3599014282
       30.875,             0, 2.34999990463,             0, -5.15754556656, -2233.52392578,          6000, 3.48014593124, -15.1425266266,  86.539352417
         30.9,             0,  2.3599998951,             0, -5.15160179138, -2242.77001953,          6000, 3.56074500084, -15.1425037384, 86.7165908813
       30.925,             0, 2.36999988556,             0, -5.14564180374, -2252.00634766,          6000, 3.64125823975, -15.1424808502, 86.8916320801
        30.95,             0, 2.38000011444,             0, -5.13966560364, -2261.23266602,          6000, 3.72168517113, -15.142457962, 87.0644607544
       30.975,             0,  2.3900001049,             0, -5.13367319107, -2270.44897461,          6000, 3.80202507973, -15.1424341202, 87.2350845337
           31,             0, 2.40000009537,             0, -5.12766456604, -2279.65527344,          6000, 3.88227772713, -15.142411232, 87.4034957886
       31.025,             0, 2.41000008583,             0, -5.12164020538, -2288.85131836,          6000, 3.96244215965, -15.1423873901,  87.569694519
        31.05,             0, 2.42000007629,             0, -5.11559963226, -2298.03710938,          6000, 4.04251766205, -15.1423635483, 87.7336807251
       31.075,             0, 2.43000006676,             0, -5.10954380035, -2307.21264648,          6000, 4.12250375748, -15.1423406601, 87.8954467773
         31.1,             0, 2.44000005722,             0, -5.10347223282, -2316.37768555,          6000, 4.20239973068, -15.1423168182, 88.0550003052
       31.125,             0, 2.45000004768,             0, -5.09738540649, -2325.5324707,          6000, 4.28220510483, -15.1422929764, 88.2123336792
        31.15,             0, 2.46000003815,             0, -5.09128284454, -2334.67651367,          6000, 4.36191940308, -15.1422691345, 88.3674545288
       31.175,             0, 2.47000002861,             0, -5.08516550064, -2343.81005859,          6000, 4.44154119492, -15.142244339, 88.5203475952
         31.2,             0, 2.48000001907,             0, -5.07903289795, -2352.93310547,          6000, 4.52107095718, -15.1422204971, 88.6710281372
       31.225,             0, 2.49000000954,             0, -5.07288551331, -2362.04516602,          6000, 4.60050725937, -15.1421966553,  88.819480896
        31.25,             0,           2.5,             0, -5.06672334671, -2371.14648438,          6000, 4.67984962463, -15.1421718597,  88.965713501
       31.275,             0, 2.50999999046,             0, -5.06054639816, -2380.23681641,          6000, 4.75909805298, -15.1421470642, 89.1097335815
         31.3,             0, 2.51999998093,             0, -5.05435466766, -2389.31640625,          6000, 4.83825063705, -15.1421232224, 89.2515182495
       31.325,             0, 2.52999997139,             0, -5.04814863205, -2398.38500977,          6000,  4.9173078537, -15.1420984268, 89.3910903931
        31.35,             0, 2.53999996185,             0, -5.04192876816, -2407.44238281,          6000, 4.99626922607, -15.1420736313, 89.5284347534
       31.375,             0, 2.54999995232,             0, -5.03569412231, -2416.48852539,          6000, 5.07513284683, -15.1420488358,   89.66355896
         31.4,             0, 2.55999994278,             0, -5.02944612503, -2425.5234375,          6000, 5.15389919281, -15.1420240402, 89.7964553833
       31.425,             0, 2.56999993324,             0, -5.02318382263, -2434.54711914,          6000, 5.23256731033, -15.1419992447, 89.9271316528
        31.45,             0, 2.57999992371,             0, -5.01690769196, -2443.55932617,          6000, 5.31113672256, -15.1419734955, 90.0555877686
       31.475,             0, 2.58999991417,             0, -5.01061820984, -2452.56005859,          6000, 5.38960695267,   -15.1419487, 90.1818161011
         31.5,             0, 2.59999990463,             0, -5.00431489944, -2461.54931641,          6000, 5.46797657013, -15.1419229507, 90.3058319092
       31.525,             0,  2.6099998951,             0, -4.99799823761, -2470.52709961,          6000, 5.54624557495, -15.1418972015, 90.4276199341
        31.55,             0, 2.61999988556,             0, -4.99166870117, -2479.49291992,          6000,  5.6244134903, -15.141872406, 90.5471878052
       31.575,             0, 2.63000011444,             0, -4.98532581329, -2488.44726562,          6000, 5.70247936249, -15.1418466568, 90.6645355225
         31.6,             0,  2.6400001049,             0, -4.97896957397, -2497.38964844,          6000, 5.78044271469, -15.1418209076, 90.7796707153
       31.625,             0, 2.65000009537,             0, -4.97260093689, -2506.3203125,          6000, 5.85830307007, -15.1417951584,  90.892578125
        31.65,             0, 2.66000008583,             0, -4.9662194252, -2515.23901367,          6000, 5.93605947495, -15.1417694092, 91.0032730103
       31.675,             0, 2.67000007629,             0, -4.95982551575, -2524.14550781,          6000, 6.01371145248, -15.1417427063, 91.1117553711
         31.7,             0, 2.68000006676,             0, -4.95341920853, -2533.04003906,          6000, 6.09125852585, -15.1417169571, 91.2180175781
       31.725,             0, 2.69000005722,             0, -4.9470000267, -2541.92236328,          6000,  6.1687002182, -15.1416902542, 91.3220748901
        31.75,             0, 2.70000004768,             0, -4.94056892395, -2550.79248047,          6000, 6.24603557587, -15.141664505, 91.4239120483
       31.775,             0, 2.71000003815,             0, -4.93412590027, -2559.65014648,          6000, 6.32326364517, -15.1416378021, 91.5235443115
         31.8,             0, 2.72000002861,             0, -4.92767095566, -2568.49560547,          6000, 6.40038490295, -15.1416110992, 91.6209640503
       31.825,             0, 2.73000001907,             0, -4.92120409012, -2577.32861328,          6000,  6.4773979187, -15.1415843964,  91.716178894
        31.85,             0, 2.74000000954,             0, -4.91472578049, -2586.14916992,          6000, 6.55430221558, -15.1415576935, 91.8091888428
       31.875,             0,          2.75,             0, -4.90823554993, -2594.95703125,          6000, 6.63109731674, -15.1415309906, 91.8999938965
         31.9,             0, 2.75999999046,             0, -4.90173387527, -2603.75219727,          6000, 6.70778226852, -15.1415042877, 91.9886016846
       31.925,             0, 2.76999998093,             0, -4.89522123337, -2612.53466797,          6000, 6.78435707092, -15.1414775848,  92.075012207
        31.95,             0, 2.77999997139,             0, -4.88869762421, -2621.30444336,          6000, 6.86082077026, -15.1414499283, 92.1592178345
       31.975,             0, 2.78999996185,             0, -4.88216257095, -2630.0612793,          6000, 6.93717288971, -15.1414232254, 92.2412338257
           32,             0, 2.79999995232,             0, -4.87561702728, -2638.80541992,          6000, 7.01341247559, -15.1413955688, 92.3210601807
       32.025,             0, 2.80999994278,             0, -4.86906051636, -2647.53637695,          6000, 7.08953952789, -15.1413679123,   92.39868927
        32.05,             0, 2.81999993324,             0, -4.86249303818, -2656.25415039,          6000, 7.16555309296, -15.1413402557, 92.4741439819
       32.075,             0, 2.82999992371,             0, -4.85591554642, -2664.95898438,          6000, 7.24145269394, -15.1413125992, 92.5474014282
         32.1,             0, 2.83999991417,             0, -4.84932756424, -2673.65063477,          6000, 7.31723737717, -15.1412849426, 92.6184844971
       32.125,             0, 2.84999990463,             0, -4.84272956848, -2682.32885742,          6000, 7.39290714264, -15.1412572861, 92.6873931885
        32.15,             0,  2.8599998951,             0, -4.83612108231, -2690.99389648,          6000, 7.46846103668, -15.1412296295,  92.754119873
       32.175,             0, 2.86999988556,             0, -4.82950305939, -2699.64550781,          6000, 7.54389858246, -15.1412010193, 92.8186721802
         32.2,             0, 2.88000011444,             0, -4.82287502289, -2708.28369141,          6000, 7.61921882629, -15.1411733627, 92.8810577393
       32.225,             0,  2.8900001049,             0, -4.81623697281, -2716.90820312,          6000, 7.69442176819, -15.1411447525, 92.9412841797
        32.25,             0, 2.90000009537,             0, -4.80958986282, -2725.51928711,          6000,  7.7695069313, -15.1411170959, 92.9993362427
       32.275,             0, 2.91000008583,             0, -4.80293321609, -2734.11645508,          6000, 7.84447336197, -15.1410884857, 93.0552368164
         32.3,             0, 2.92000007629,             0, -4.79626703262, -2742.70019531,          6000, 7.91932010651, -15.1410598755, 93.1089782715
       32.325,             0, 2.93000006676,             0, -4.78959178925, -2751.27001953,          6000, 7.99404716492, -15.1410312653, 93.1605758667
        32.35,             0, 2.94000005722,             0, -4.7829079628, -2759.82592773,          6000, 8.06865406036, -15.141002655, 93.2100143433
       32.375,             0, 2.95000004768,             0, -4.77621459961, -2768.36791992,          6000, 8.14313983917, -15.1409730911, 93.2573165894
         32.4,             0, 2.96000003815,             0, -4.76951265335, -2776.89599609,          6000, 8.21750354767, -15.1409444809, 93.3024749756
       32.425,             0, 2.97000002861,             0, -4.76280212402, -2785.41015625,          6000, 8.29174613953, -15.1409158707, 93.3454971313
        32.45,             0, 2.98000001907,             0, -4.75608301163, -2793.90991211,          6000,  8.3658657074, -15.1408863068, 93.3863830566
       32.475,             0, 2.99000000954,             0,  -4.749355793, -2802.39575195,          6000, 8.43986129761, -15.1408567429, 93.4251480103
         32.5,             0,             3,             0, -4.7426199913, -2810.8671875,          6000, 8.51373386383, -15.1408281326, 93.4617843628
       32.525,             0, 3.00999999046,             0, -4.73587656021, -2819.32421875,          6000, 8.58748245239, -15.1407985687, 93.4962997437
        32.55,             0, 3.01999998093,             0, -4.72912454605, -2827.76708984,          6000, 8.66110515594, -15.1407690048, 93.5287017822
       32.575,             0, 3.02999997139,             0, -4.7223649025, -2836.1953125,          6000, 8.73460292816, -15.1407394409, 93.5589904785
         32.6,             0, 3.03999996185,             0, -4.71559762955, -2844.60913086,          6000, 8.80797481537, -15.140709877, 93.5871810913
       32.625,             0, 3.04999995232,             0, -4.7088227272, -2853.00854492,          6000, 8.88121986389, -15.1406793594, 93.6132583618
        32.65,             0, 3.05999994278,             0, -4.70204019547, -2861.39306641,          6000, 8.95433807373, -15.1406497955, 93.6372451782
       32.675,             0, 3.06999993324,             0, -4.69525051117, -2869.76318359,          6000, 9.02732849121, -15.140619278, 93.6591415405
         32.7,             0, 3.07999992371,             0, -4.68845367432, -2878.11816406,          6000, 9.10019016266, -15.1405897141, 93.6789474487
       32.725,             0, 3.08999991417,             0, -4.68164968491, -2886.45874023,          6000, 9.17292404175, -15.1405591965, 93.6966705322
        32.75,             0, 3.09999990463,             0, -4.67483854294, -2894.78417969,          6000, 9.24552822113, -15.1405286789, 93.7123184204
       32.775,             0,  3.1099998951,             0, -4.66802072525, -2903.0949707,          6000, 9.31800270081, -15.1404981613, 93.7258987427
         32.8,             0, 3.11999988556,             0, -4.66119623184, -2911.39038086,          6000, 9.39034748077, -15.1404676437, 93.7374038696
       32.825,             0, 3.13000011444,             0, -4.65436553955, -2919.67114258,          6000, 9.46256065369, -15.1404371262, 93.7468566895
        32.85,             0,  3.1400001049,             0, -4.6475276947, -2927.93652344,          6000, 9.53464317322, -15.1404066086, 93.7542495728
       32.875,             0, 3.15000009537,             0, -4.64068412781, -2936.18676758,          6000, 9.60659313202, -15.140376091, 93.7595901489
         32.9,             0, 3.16000008583,             0, -4.63383388519,  -2944.421875,          6000, 9.67841148376, -15.1403446198, 93.7628860474
       32.925,             0, 3.17000007629,             0, -4.62697792053, -2952.64160156,          6000, 9.75009632111, -15.1403141022, 93.7641448975
        32.95,             0, 3.18000006676,             0, -4.62011623383, -2960.84594727,          6000, 9.82164764404, -15.1402826309, 93.7633743286
       32.975,             0, 3.19000005722,             0, -4.61324834824, -2969.03515625,          6000, 9.89306545258, -15.1402511597, 93.7605667114
           33,             0, 3.20000004768,             0, -4.6063747406, -2977.20874023,          6000, 9.96434879303, -15.1402196884, 93.7557449341
       33.025,             0, 3.21000003815,             0, -4.59949588776, -2985.36669922,          6000, 10.0354967117, -15.1401882172, 93.7489013672
        33.05,             0, 3.22000002861,             0, -4.59261131287, -2993.50927734,          6000, 10.1065101624, -15.1401567459, 93.7400512695
       33.075,             0, 3.23000001907,             0, -4.58572149277, -3001.63598633,          6000, 10.1773872375, -15.1401252747, 93.7291946411
         33.1,             0, 3.24000000954,             0, -4.5788269043, -3009.74707031,          6000, 10.2481279373, -15.1400938034, 93.7163391113
       33.125,             0,          3.25,             0, -4.57192659378, -3017.8425293,          6000,  10.318731308, -15.1400613785,  93.701499939
        33.15,             0, 3.25999999046,             0, -4.56502199173, -3025.92211914,          6000, 10.3891973495, -15.1400299072, 93.6846694946
       33.175,             0, 3.26999998093,             0, -4.55811214447, -3033.98583984,          6000,  10.459526062, -15.1399974823, 93.6658630371
         33.2,             0, 3.27999997139,             0, -4.55119800568, -3042.03369141,          6000,  10.529715538, -15.139966011, 93.6450805664
       33.225,             0, 3.28999996185,             0, -4.54427909851, -3050.06542969,          6000, 10.5997667313, -15.1399335861, 93.6223297119
        33.25,             0, 3.29999995232,             0, -4.53735542297, -3058.08129883,          6000,  10.669678688, -15.1399011612, 93.5976257324
       33.275,             0, 3.30999994278,             0, -4.53042793274, -3066.08105469,          6000, 10.7394504547, -15.1398687363, 93.5709686279
         33.3,             0, 3.31999993324,             0, -4.52349615097, -3074.06469727,          6000, 10.8090829849, -15.1398363113, 93.5423583984
       33.325,             0, 3.32999992371,             0, -4.51656007767, -3082.03222656,          6000, 10.8785734177, -15.1398029327, 93.5118179321
        33.35,             0, 3.33999991417,             0, -4.50962018967, -3089.98339844,          6000, 10.9479236603, -15.1397705078, 93.4793395996
       33.375,             0, 3.34999990463,             0, -4.50267648697, -3097.91821289,          6000, 11.0171318054, -15.1397371292, 93.4449310303
         33.4,             0,  3.3599998951,             0, -4.49572944641, -3105.83691406,          6000, 11.0861978531, -15.1397047043, 93.4086074829
       33.425,             0, 3.36999988556,             0, -4.48877811432, -3113.73901367,          6000, 11.1551208496, -15.1396713257, 93.3703765869
        33.45,             0, 3.38000011444,             0, -4.4818239212, -3121.62475586,          6000, 11.2239017487, -15.1396379471, 93.3302383423
       33.475,             0,  3.3900001049,             0, -4.47486591339, -3129.49389648,          6000, 11.2925386429, -15.1396055222, 93.2882003784
         33.5,             0, 3.40000009537,             0, -4.46790504456, -3137.34667969,          6000,  11.361032486, -15.1395721436, 93.2442779541
       33.525,             0, 3.41000008583,             0, -4.46094083786, -3145.18261719,          6000, 11.4293804169, -15.1395378113, 93.1984634399
        33.55,             0, 3.42000007629,             0, -4.45397377014, -3153.00219727,          6000, 11.4975852966, -15.1395044327, 93.1507797241
       33.575,             0, 3.43000006676,             0, -4.4470038414, -3160.80493164,          6000, 11.5656433105, -15.1394710541, 93.1012268066
         33.6,             0, 3.44000005722,             0, -4.44003105164, -3168.59082031,          6000,  11.633556366, -15.1394367218, 93.0498046875
       33.625,             0, 3.45000004768,             0, -4.43305587769, -3176.36010742,          6000, 11.7013235092, -15.1394033432, 92.9965362549
        33.65,             0, 3.46000003815,             0, -4.42607784271, -3184.11254883,          6000, 11.7689447403, -15.1393690109, 92.9414215088
       33.675,             0, 3.47000002861,             0, -4.41909742355, -3191.84790039,          6000, 11.8364181519, -15.1393356323, 92.8844680786
         33.7,             0, 3.48000001907,             0, -4.41211462021, -3199.56665039,          6000, 11.9037446976,   -15.1393013, 92.8256835938
       33.725,             0, 3.49000000954,             0, -4.40512990952, -3207.26806641,          6000, 11.9709234238, -15.1392669678, 92.7650756836
        33.75,             0,           3.5,             0, -4.39814329147, -3214.95263672,          6000, 12.0379533768, -15.1392326355, 92.7026519775
       33.775,             0, 3.50999999046,             0, -4.39115428925, -3222.62011719,          6000, 12.1048355103, -15.1391983032,  92.638420105
         33.8,             0, 3.51999998093,             0, -4.38416385651, -3230.27050781,          6000, 12.1715688705, -15.1391630173, 92.5723876953
       33.825,             0, 3.52999997139,             0, -4.37717151642, -3237.90356445,          6000,  12.238152504, -15.139128685, 92.5045623779
        33.85,             0, 3.53999996185,             0, -4.37017726898, -3245.51953125,          6000, 12.3045864105, -15.139093399, 92.4349517822
       33.875,             0, 3.54999995232,             0, -4.36318206787, -3253.11816406,          6000, 12.3708705902, -15.1390590668,  92.363571167
         33.9,             0, 3.55999994278,             0, -4.35618495941, -3260.69970703,          6000, 12.4370031357, -15.1390237808, 92.2904205322
       33.925,             0, 3.56999993324,             0, -4.34918689728, -3268.26367188,          6000, 12.5029859543, -15.1389884949, 92.2155075073
        33.95,             0, 3.57999992371,             0, -4.34218788147, -3275.81030273,          6000, 12.5688171387, -15.1389532089, 92.1388397217
       33.975,             0, 3.58999991417,             0, -4.33518743515, -3283.33959961,          6000, 12.6344966888, -15.138917923, 92.0604324341
           34,             0, 3.59999990463,             0, -4.32818603516, -3290.85131836,          6000, 12.7000236511, -15.138882637, 91.9802856445
       34.025,             0,  3.6099998951,             0, -4.32118415833, -3298.34570312,          6000, 12.7653989792, -15.1388473511, 91.8984146118
        34.05,             0, 3.61999988556,             0, -4.31418085098, -3305.82226562,          6000, 12.8306207657, -15.1388120651, 91.8148269653
       34.075,             0, 3.63000011444,             0, -4.30717754364, -3313.28149414,          6000, 12.8956899643, -15.1387758255, 91.7295227051
         34.1,             0,  3.6400001049,             0, -4.30017375946, -3320.72290039,          6000,  12.960606575, -15.1387405396, 91.6425170898
       34.125,             0, 3.65000009537,             0, -4.29316902161, -3328.14672852,          6000, 13.0253677368, -15.1387042999,  91.553817749
        34.15,             0, 3.66000008583,             0, -4.28616428375, -3335.55273438,          6000, 13.0899763107, -15.1386680603,  91.463432312
       34.175,             0, 3.67000007629,             0, -4.2791595459, -3342.94091797,          6000, 13.1544294357, -15.1386318207, 91.3713760376
         34.2,             0, 3.68000006676,             0, -4.27215480804, -3350.31152344,          6000, 13.2187271118, -15.1385955811, 91.2776489258
       34.225,             0, 3.69000005722,             0, -4.26514959335, -3357.66430664,          6000, 13.2828712463, -15.1385593414,  91.182258606
        34.25,             0, 3.70000004768,             0, -4.2581448555, -3364.99902344,          6000, 13.3468589783, -15.1385231018, 91.0852127075
       34.275,             0, 3.71000003815,             0, -4.25114011765, -3372.31591797,          6000, 13.4106903076, -15.1384868622, 90.9865341187
         34.3,             0, 3.72000002861,             0, -4.24413585663, -3379.61499023,          6000,  13.474366188, -15.1384496689,   90.88621521
       34.325,             0, 3.73000001907,             0, -4.23713207245, -3386.89575195,          6000, 13.5378856659, -15.1384134293, 90.7842712402
        34.35,             0, 3.74000000954,             0, -4.23012876511, -3394.15869141,          6000, 13.6012477875, -15.138376236, 90.6807098389
       34.375,             0,          3.75,             0, -4.2231259346, -3401.40380859,          6000, 13.6644535065, -15.1383390427, 90.5755386353
         34.4,             0, 3.75999999046,             0, -4.21612405777, -3408.63061523,          6000, 13.7275009155, -15.1383018494, 90.4687728882
       34.425,             0, 3.76999998093,             0, -4.20912265778, -3415.83935547,          6000, 13.7903909683, -15.1382646561, 90.3604125977
        34.45,             0, 3.77999997139,             0, -4.20212268829, -3423.02978516,          6000, 13.8531236649, -15.1382274628, 90.2504730225
       34.475,             0, 3.78999996185,             0, -4.19512367249, -3430.20214844,          6000, 13.9156970978, -15.1381902695,  90.138961792
         34.5,             0, 3.79999995232,             0, -4.18812561035, -3437.35620117,          6000, 13.9781122208, -15.1381530762, 90.0258865356
       34.525,             0, 3.80999994278,             0, -4.18112850189, -3444.4921875,          6000, 14.0403690338, -15.1381158829, 89.9112548828
        34.55,             0, 3.81999993324,             0, -4.17413330078, -3451.60961914,          6000, 14.1024665833, -15.1380777359, 89.7950820923
       34.575,             0, 3.82999992371,             0, -4.16713905334, -3458.70898438,          6000, 14.1644039154, -15.1380395889, 89.6773681641
         34.6,             0, 3.83999991417,             0, -4.16014671326, -3465.79003906,          6000, 14.2261819839, -15.1380023956, 89.5581207275
       34.625,             0, 3.84999990463,             0, -4.15315580368, -3472.85253906,          6000, 14.2877998352, -15.1379642487, 89.4373626709
        34.65,             0,  3.8599998951,             0, -4.14616632462, -3479.89648438,          6000, 14.3492574692, -15.1379261017, 89.3150939941
       34.675,             0, 3.86999988556,             0, -4.13917922974, -3486.92236328,          6000, 14.4105548859, -15.1378879547, 89.1913223267
         34.7,             0, 3.88000011444,             0, -4.13219356537, -3493.92944336,          6000, 14.4716911316, -15.1378498077, 89.0660552979
       34.725,             0,  3.8900001049,             0, -4.12520980835, -3500.91821289,          6000,   14.53266716, -15.1378116608, 88.9393081665
        34.75,             0, 3.90000009537,             0, -4.11822843552, -3507.88842773,          6000, 14.5934810638, -15.1377725601,  88.811088562
       34.775,             0, 3.91000008583,             0, -4.11124944687, -3514.84008789,          6000, 14.6541337967, -15.1377344131, 88.6814041138
         34.8,             0, 3.92000007629,             0, -4.10427236557, -3521.77319336,          6000, 14.7146244049, -15.1376953125, 88.5502624512
       34.825,             0, 3.93000006676,             0, -4.09729766846,    -3528.6875,          6000, 14.7749528885, -15.1376562119,  88.417678833
        34.85,             0, 3.94000005722,             0, -4.09032535553, -3535.58325195,          6000, 14.8351192474, -15.1376180649, 88.2836608887
       34.875,             0, 3.95000004768,             0, -4.08335590363, -3542.46044922,          6000, 14.8951234818, -15.1375789642, 88.1482086182
         34.9,             0, 3.96000003815,             0, -4.07638883591, -3549.31884766,          6000, 14.9549646378, -15.1375398636, 88.0113372803
       34.925,             0, 3.97000002861,             0, -4.06942462921, -3556.15869141,          6000, 15.0146436691, -15.1375007629, 87.8730621338
        34.95,             0, 3.98000001907,             0, -4.06246328354, -3562.97973633,          6000, 15.0741586685, -15.1374607086, 87.7333831787
       34.975,             0, 3.99000000954,             0, -4.05550479889, -3569.78198242,          6000, 15.1335105896, -15.137421608, 87.5923156738
           35,             0,             4,             0, -4.04854917526, -3576.56542969,          6000, 15.1926994324, -15.1373825073, 87.4498672485
       35.025,             0, 4.01000022888,             0, -4.04159641266, -3583.33007812,          6000, 15.2517242432, -15.137342453, 87.3060455322
        35.05,             0, 4.01999998093,             0, -4.03464698792, -3590.07592773,          6000,  15.310585022, -15.1373023987, 87.1608657837
       35.075,             0, 4.03000020981,             0, -4.02770090103, -3596.80273438,          6000, 15.3692808151, -15.137263298, 87.0143280029
         35.1,             0, 4.03999996185,             0, -4.02075815201, -3603.51098633,          6000,   15.42781353, -15.1372232437, 86.8664474487
       35.125,             0, 4.05000019073,             0, -4.01381874084, -3610.19995117,          6000, 15.4861812592, -15.1371831894, 86.7172317505
        35.15,             0, 4.05999994278,             0, -4.00688266754, -3616.87036133,          6000, 15.5443840027, -15.1371431351, 86.5666885376
       35.175,             0, 4.07000017166,             0, -3.99995040894, -3623.52172852,          6000, 15.6024217606, -15.1371021271, 86.4148330688
         35.2,             0, 4.07999992371,             0, -3.99302172661, -3630.15405273,          6000, 15.6602945328, -15.1370620728, 86.2616653442
       35.225,             0, 4.09000015259,             0, -3.98609685898, -3636.76757812,          6000, 15.7180023193, -15.1370220184,  86.107208252
        35.25,             0, 4.09999990463,             0, -3.97917556763, -3643.36181641,          6000, 15.7755451202, -15.1369810104, 85.9514541626
       35.275,             0, 4.11000013351,             0, -3.97225832939, -3649.93725586,          6000, 15.8329219818, -15.1369409561, 85.7944259644
         35.3,             0, 4.11999988556,             0, -3.96534514427, -3656.49365234,          6000, 15.8901329041, -15.1368999481, 85.6361312866
       35.325,             0, 4.13000011444,             0, -3.95843577385, -3663.03100586,          6000,  15.947177887, -15.1368589401, 85.4765777588
        35.35,             0, 4.13999986649,             0, -3.95153069496, -3669.54931641,          6000, 16.0040569305, -15.1368179321, 85.3157653809
       35.375,             0, 4.15000009537,             0, -3.94462990761, -3676.04858398,          6000, 16.0607700348, -15.1367769241,  85.153717041
         35.4,             0, 4.15999984741,             0, -3.93773341179, -3682.52856445,          6000, 16.1173171997, -15.1367359161, 84.9904403687
       35.425,             0, 4.17000007629,             0, -3.9308412075, -3688.98950195,          6000, 16.1736984253, -15.1366939545, 84.8259353638
        35.45,             0, 4.17999982834,             0, -3.92395329475, -3695.43139648,          6000, 16.2299118042, -15.1366529465, 84.6602249146
       35.475,             0, 4.19000005722,             0, -3.91707015038, -3701.85424805,          6000, 16.2859592438, -15.1366109848, 84.4933013916
         35.5,             0, 4.19999980927,             0, -3.91019129753, -3708.2578125,          6000, 16.3418388367, -15.1365699768, 84.3251876831
       35.525,             0, 4.21000003815,             0, -3.90331745148, -3714.64208984,          6000, 16.3975524902, -15.1365280151, 84.1558914185
        35.55,             0, 4.21999979019,             0, -3.89644813538, -3721.00732422,          6000, 16.4530982971, -15.1364860535, 83.9854202271
       35.575,             0, 4.23000001907,             0, -3.88958358765, -3727.35327148,          6000, 16.5084781647, -15.1364440918, 83.8137817383
         35.6,             0, 4.23999977112,             0, -3.88272404671, -3733.68017578,          6000, 16.5636882782, -15.1364021301, 83.6409912109
       35.625,             0,          4.25,             0, -3.87586951256, -3739.98779297,          6000, 16.6187343597, -15.1363601685,  83.467048645
        35.65,             0, 4.26000022888,             0, -3.86901974678, -3746.27612305,          6000, 16.6736106873, -15.1363182068, 83.2919616699
       35.675,             0, 4.26999998093,             0, -3.86217522621, -3752.54541016,          6000, 16.7283210754, -15.1362752914, 83.1157531738
         35.7,             0, 4.28000020981,             0, -3.85533595085, -3758.79516602,          6000, 16.7828617096, -15.1362333298, 82.9384307861
       35.725,             0, 4.28999996185,             0, -3.8485019207, -3765.02587891,          6000, 16.8372364044, -15.1361904144, 82.7599945068
        35.75,             0, 4.30000019073,             0, -3.84167313576, -3771.23730469,          6000, 16.8914413452, -15.1361484528, 82.5804519653
       35.775,             0, 4.30999994278,             0, -3.83484959602, -3777.42944336,          6000, 16.9454803467, -15.1361055374, 82.3998260498
         35.8,             0, 4.32000017166,             0, -3.82803177834, -3783.60229492,          6000, 16.9993515015, -15.1360626221, 82.2181167603
       35.825,             0, 4.32999992371,             0, -3.82121920586, -3789.75585938,          6000, 17.0530529022, -15.1360197067, 82.0353317261
        35.85,             0, 4.34000015259,             0, -3.81441235542, -3795.88989258,          6000, 17.1065883636, -15.1359767914, 81.8514862061
       35.875,             0, 4.34999990463,             0, -3.80761098862, -3802.00488281,          6000,  17.159954071, -15.1359329224, 81.6665802002
         35.9,             0, 4.36000013351,             0, -3.80081558228, -3808.10058594,          6000, 17.2131519318, -15.135890007, 81.4806365967
       35.925,             0, 4.36999988556,             0, -3.79402565956, -3814.17700195,          6000, 17.2661819458, -15.1358470917, 81.2936553955
        35.95,             0, 4.38000011444,             0, -3.78724169731, -3820.23388672,          6000, 17.3190422058, -15.1358032227, 81.1056518555
       35.975,             0, 4.38999986649,             0, -3.78046369553, -3826.27148438,          6000, 17.3717365265, -15.1357593536, 80.9166259766
           36,             0, 4.40000009537,             0, -3.77369165421, -3832.28979492,          6000, 17.4242610931, -15.1357154846,  80.726600647
       36.025,             0, 4.40999984741,             0, -3.76692557335, -3838.28881836,          6000, 17.4766159058, -15.1356716156, 80.5355682373
        36.05,             0, 4.42000007629,             0, -3.76016545296, -3844.26855469,          6000, 17.5288047791, -15.1356277466, 80.3435516357
       36.075,             0, 4.42999982834,             0, -3.75341176987, -3850.22900391,          6000, 17.5808238983, -15.1355838776, 80.1505508423
         36.1,             0, 4.44000005722,             0, -3.74666404724, -3856.16992188,          6000, 17.6326732635, -15.1355400085, 79.9565887451
       36.125,             0, 4.44999980927,             0, -3.73992276192, -3862.09155273,          6000, 17.6843566895, -15.1354961395, 79.7616577148
        36.15,             0, 4.46000003815,             0, -3.73318767548, -3867.99389648,          6000, 17.7358703613, -15.1354513168, 79.5657730103
       36.175,             0, 4.46999979019,             0, -3.72645902634, -3873.87695312,          6000, 17.7872142792, -15.1354074478, 79.3689498901
         36.2,             0, 4.48000001907,             0, -3.7197368145, -3879.74047852,          6000, 17.8383922577, -15.1353626251, 79.1711883545
       36.225,             0, 4.48999977112,             0, -3.71302103996, -3885.5847168,          6000, 17.8893985748, -15.1353178024, 78.9725036621
        36.25,             0,           4.5,             0, -3.70631194115, -3891.40966797,          6000, 17.9402389526, -15.1352729797, 78.7729034424
       36.275,             0, 4.51000022888,             0, -3.69960927963, -3897.21533203,          6000, 17.9909095764, -15.135228157, 78.5723953247
         36.3,             0, 4.51999998093,             0, -3.69291329384, -3903.00146484,          6000, 18.0414123535, -15.1351833344, 78.3709869385
       36.325,             0, 4.53000020981,             0, -3.68622422218, -3908.76831055,          6000, 18.0917453766, -15.1351385117, 78.1686935425
        36.35,             0, 4.53999996185,             0, -3.67954182625, -3914.51586914,          6000,  18.141910553, -15.1350927353, 77.9655151367
       36.375,             0, 4.55000019073,             0, -3.67286634445, -3920.24414062,          6000, 18.1919078827, -15.1350479126, 77.7614746094
         36.4,             0, 4.55999994278,             0, -3.66619753838,  -3925.953125,          6000, 18.2417354584, -15.1350021362, 77.5565643311
       36.425,             0, 4.57000017166,             0, -3.65953588486, -3931.64257812,          6000, 18.2913951874, -15.1349573135, 77.3508071899
        36.45,             0, 4.57999992371,             0, -3.65288114548, -3937.31274414,          6000, 18.3408870697, -15.1349115372,  77.144203186
       36.475,             0, 4.59000015259,             0, -3.64623332024, -3942.96386719,          6000,  18.390209198, -15.1348657608, 76.9367599487
         36.5,             0, 4.59999990463,             0, -3.63959264755, -3948.59545898,          6000, 18.4393634796, -15.1348199844, 76.7285003662
       36.525,             0, 4.61000013351,             0, -3.63295912743, -3954.20751953,          6000, 18.4883499146, -15.1347742081, 76.5194168091
        36.55,             0, 4.61999988556,             0, -3.62633299828, -3959.80053711,          6000, 18.5371685028, -15.1347284317, 76.3095245361
       36.575,             0, 4.63000011444,             0, -3.61971402168, -3965.37426758,          6000,  18.585817337, -15.1346817017, 76.0988311768
         36.6,             0, 4.63999986649,             0, -3.61310219765, -3970.92871094,          6000, 18.6343002319, -15.1346359253, 75.8873519897
       36.625,             0, 4.65000009537,             0, -3.60649776459, -3976.46362305,          6000, 18.6826133728, -15.1345891953, 75.6750869751
        36.65,             0, 4.65999984741,             0, -3.5999007225, -3981.97949219,          6000,  18.730758667, -15.1345434189, 75.4620513916
       36.675,             0, 4.67000007629,             0, -3.59331130981, -3987.47607422,          6000, 18.7787361145, -15.1344966888, 75.2482452393
         36.7,             0, 4.67999982834,             0, -3.58672904968, -3992.95336914,          6000, 18.8265457153, -15.1344499588, 75.0336837769
       36.725,             0, 4.69000005722,             0, -3.58015465736, -3998.41137695,          6000, 18.8741874695, -15.1344032288, 74.8183822632
        36.75,             0, 4.69999980927,             0, -3.57358765602, -4003.85009766,          6000,  18.921661377, -15.1343564987, 74.6023406982
       36.775,             0, 4.71000003815,             0, -3.56702828407, -4009.26977539,          6000, 18.9689693451, -15.134308815,  74.385559082
         36.8,             0, 4.71999979019,             0, -3.56047654152, -4014.66992188,          6000, 19.0161075592, -15.134262085, 74.1680679321
       36.825,             0, 4.73000001907,             0, -3.55393242836, -4020.05102539,          6000, 19.0630779266, -15.1342153549, 73.9498596191
        36.85,             0, 4.73999977112,             0, -3.54739618301, -4025.41308594,          6000, 19.1098823547, -15.1341676712, 73.7309417725
       36.875,             0,          4.75,             0, -3.54086780548, -4030.75561523,          6000, 19.1565189362, -15.1341199875, 73.5113372803
         36.9,             0, 4.76000022888,             0, -3.53434729576, -4036.07910156,          6000, 19.2029895782, -15.1340732574, 73.2910385132
       36.925,             0, 4.76999998093,             0, -3.52783465385, -4041.38354492,          6000, 19.2492904663, -15.1340255737,   73.07006073
        36.95,             0, 4.78000020981,             0, -3.52132964134, -4046.66870117,          6000, 19.2954273224,  -15.13397789, 72.8484115601
       36.975,             0, 4.78999996185,             0, -3.51487159729, -4051.89990234,          6000, 19.3410892487, -15.1339292526, 72.6275863647
           37,             0, 4.80000019073,             0, -3.50879478455, -4056.77514648,          6000, 19.3836479187, -15.1338815689, 72.4204483032
       37.025,             0, 4.80999994278,             0, -3.50272631645, -4061.63232422,          6000, 19.4260482788, -15.1338338852, 72.2128143311
        37.05,             0, 4.82000017166,             0, -3.49666619301, -4066.47192383,          6000, 19.4682941437, -15.1337852478, 72.0046920776
       37.075,             0, 4.82999992371,             0, -3.49061465263, -4071.29370117,          6000, 19.5103855133, -15.1337375641, 71.7960739136
         37.1,             0, 4.84000015259,             0, -3.48457169533, -4076.09765625,          6000, 19.5523204803, -15.1336889267, 71.5869827271
       37.125,             0, 4.84999990463,             0, -3.47853708267, -4080.88378906,          6000, 19.5941028595, -15.1336402893, 71.3774261475
        37.15,             0, 4.86000013351,             0, -3.47251105309, -4085.65234375,          6000, 19.6357288361, -15.1335916519, 71.1673965454
       37.175,             0, 4.86999988556,             0, -3.46649360657, -4090.40307617,          6000, 19.6772003174, -15.1335430145, 70.9569168091
         37.2,             0, 4.88000011444,             0, -3.46048474312, -4095.13598633,          6000, 19.7185173035, -15.1334943771, 70.7459869385
       37.225,             0, 4.88999986649,             0, -3.45448446274, -4099.8515625,          6000, 19.7596817017, -15.1334457397, 70.5346069336
        37.25,             0, 4.90000009537,             0, -3.44849300385, -4104.54931641,          6000, 19.8006916046, -15.1333971024, 70.3227920532
       37.275,             0, 4.90999984741,             0, -3.4425098896, -4109.22949219,          6000, 19.8415489197, -15.1333475113, 70.1105499268
         37.3,             0, 4.92000007629,             0, -3.43653559685, -4113.89208984,          6000, 19.8822517395, -15.1332988739, 69.8978881836
       37.325,             0, 4.92999982834,             0, -3.43057012558, -4118.53710938,          6000, 19.9228038788, -15.1332492828, 69.6847991943
        37.35,             0, 4.94000005722,             0, -3.42461323738, -4123.16455078,          6000, 19.9632015228, -15.1331996918, 69.4713058472
       37.375,             0, 4.94999980927,             0, -3.41866517067, -4127.77490234,          6000,  20.003446579, -15.1331501007, 69.2574157715
         37.4,             0, 4.96000003815,             0, -3.41272568703, -4132.36767578,          6000, 20.0435409546, -15.1331005096, 69.0431213379
       37.425,             0, 4.96999979019,             0, -3.40679502487, -4136.94287109,          6000, 20.0834827423, -15.1330509186, 68.8284378052
        37.45,             0, 4.98000001907,             0, -3.40087342262, -4141.50048828,          6000, 20.1232719421, -15.1330013275, 68.6133728027
       37.475,             0, 4.98999977112,             0, -3.39496040344, -4146.04101562,          6000, 20.1629104614, -15.1329507828, 68.3979263306
         37.5,             0,             5,             0, -3.38905620575, -4150.56396484,          6000, 20.2023983002, -15.1329011917, 68.1821136475
       37.525,             0, 5.01000022888,             0, -3.38316082954, -4155.06982422,          6000, 20.2417354584, -15.132850647, 67.9659347534
        37.55,             0, 5.01999998093,             0, -3.37727427483, -4159.55859375,          6000,  20.280921936, -15.1328001022, 67.7493972778
       37.575,             0, 5.03000020981,             0, -3.37139678001, -4164.02978516,          6000, 20.3199577332, -15.1327505112, 67.5325088501
         37.6,             0, 5.03999996185,             0, -3.36552810669,  -4168.484375,          6000, 20.3588428497, -15.1326999664, 67.3152770996
       37.625,             0, 5.05000019073,             0, -3.35966849327, -4172.92089844,          6000, 20.3975791931, -15.1326494217, 67.0977020264
        37.65,             0, 5.05999994278,             0, -3.35381746292, -4177.34082031,          6000,  20.436164856, -15.1325979233, 66.8797988892
       37.675,             0, 5.07000017166,             0, -3.3479757309, -4181.74365234,          6000,  20.474603653, -15.1325473785,  66.661567688
         37.7,             0, 5.07999992371,             0, -3.34214282036, -4186.12939453,          6000, 20.5128917694, -15.1324968338, 66.4430160522
       37.725,             0, 5.09000015259,             0, -3.33631873131, -4190.49804688,          6000, 20.5510311127, -15.1324453354, 66.2241516113
        37.75,             0, 5.09999990463,             0, -3.33050394058, -4194.84960938,          6000, 20.5890216827, -15.1323947906, 66.0049819946
       37.775,             0, 5.11000013351,             0, -3.32469797134, -4199.18408203,          6000,  20.626865387, -15.1323432922, 65.7855072021
         37.8,             0, 5.11999988556,             0, -3.31890106201, -4203.50195312,          6000,  20.664560318, -15.1322917938, 65.5657348633
       37.825,             0, 5.13000011444,             0, -3.31311321259, -4207.80224609,          6000, 20.7021083832, -15.1322402954, 65.3456726074
        37.85,             0, 5.13999986649,             0, -3.30733418465, -4212.08642578,          6000, 20.7395095825, -15.132188797,  65.125328064
       37.875,             0, 5.15000009537,             0, -3.30156445503, -4216.35351562,          6000,  20.776763916, -15.1321372986, 64.9047012329
         37.9,             0, 5.15999984741,             0, -3.29580378532, -4220.60351562,          6000, 20.8138694763, -15.1320858002,  64.683807373
       37.925,             0, 5.17000007629,             0, -3.29005217552, -4224.83691406,          6000, 20.8508300781, -15.1320333481, 64.4626464844
        37.95,             0, 5.17999982834,             0, -3.28430962563, -4229.05371094,          6000, 20.8876457214, -15.1319818497, 64.2412261963
       37.975,             0, 5.19000005722,             0, -3.27857613564, -4233.25341797,          6000, 20.9243144989, -15.1319293976, 64.0195465088
           38,             0, 5.19999980927,             0, -3.27285194397, -4237.43652344,          6000, 20.9608383179, -15.1318769455, 63.7976226807
       38.025,             0, 5.21000003815,             0, -3.26713657379, -4241.60351562,          6000,  20.997215271, -15.1318244934, 63.5754508972
        38.05,             0, 5.21999979019,             0, -3.26143050194, -4245.75341797,          6000,  21.033449173, -15.131772995, 63.3530464172
       38.075,             0, 5.23000001907,             0, -3.25573372841, -4249.88671875,          6000, 21.0695381165, -15.1317195892,  63.130405426
         38.1,             0, 5.23999977112,             0, -3.25004601479, -4254.00341797,          6000, 21.1054821014, -15.1316671371, 62.9075393677
       38.125,             0,          5.25,             0, -3.24436736107, -4258.10400391,          6000, 21.1412830353, -15.1316146851, 62.6844558716
        38.15,             0, 5.26000022888,             0, -3.23869800568, -4262.18798828,          6000, 21.1769390106, -15.1315612793,  62.461151123
       38.175,             0, 5.26999998093,             0, -3.23303771019, -4266.25537109,          6000, 21.2124519348, -15.1315088272, 62.2376403809
         38.2,             0, 5.28000020981,             0, -3.22738671303, -4270.30615234,          6000, 21.2478237152, -15.1314554214, 62.0139274597
       38.225,             0, 5.28999996185,             0, -3.22174501419, -4274.34130859,          6000, 21.2830505371, -15.1314029694, 61.7900123596
        38.25,             0, 5.30000019073,             0, -3.21611237526,  -4278.359375,          6000, 21.3181362152, -15.1313495636,   61.56590271
       38.275,             0, 5.30999994278,             0, -3.21048903465, -4282.36132812,          6000, 21.3530788422, -15.1312961578, 61.3416061401
         38.3,             0, 5.32000017166,             0, -3.20487499237, -4286.34716797,          6000, 21.3878803253, -15.1312427521, 61.1171264648
       38.325,             0, 5.32999992371,             0, -3.19927000999, -4290.31689453,          6000, 21.4225387573, -15.1311883926, 60.8924713135
        38.35,             0, 5.34000015259,             0, -3.19367432594, -4294.27001953,          6000, 21.4570579529, -15.1311349869,  60.667640686
       38.375,             0, 5.34999990463,             0, -3.18808794022, -4298.20751953,          6000, 21.4914360046, -15.1310815811, 60.4426460266
         38.4,             0, 5.36000013351,             0, -3.18251085281, -4302.12841797,          6000, 21.5256729126, -15.1310272217, 60.2174873352
       38.425,             0, 5.36999988556,             0, -3.17694282532, -4306.03369141,          6000, 21.5597686768, -15.1309728622, 59.9921722412
        38.45,             0, 5.38000011444,             0, -3.17138433456, -4309.92285156,          6000, 21.5937252045, -15.1309185028, 59.7667045593
       38.475,             0, 5.38999986649,             0, -3.16583490372, -4313.79589844,          6000, 21.6275424957, -15.130865097, 59.5410919189
         38.5,             0, 5.40000009537,             0, -3.16029477119, -4317.65283203,          6000, 21.6612205505, -15.1308107376, 59.3153343201
       38.525,             0, 5.40999984741,             0,  -3.154763937, -4321.49365234,          6000, 21.6947593689, -15.1307554245, 59.0894432068
        38.55,             0, 5.42000007629,             0, -3.14924263954, -4325.31884766,          6000, 21.7281608582, -15.1307010651, 58.8634223938
       38.575,             0, 5.42999982834,             0, -3.14373040199, -4329.12841797,          6000,  21.761423111, -15.1306467056, 58.6372718811
         38.6,             0, 5.44000005722,             0, -3.13822746277,  -4332.921875,          6000, 21.7945461273, -15.1305913925, 58.4109992981
       38.625,             0, 5.44999980927,             0, -3.13273382187, -4336.69970703,          6000, 21.8275337219, -15.1305370331, 58.1846122742
        38.65,             0, 5.46000003815,             0, -3.12724947929, -4340.46191406,          6000, 21.8603820801,  -15.13048172, 57.9581108093
       38.675,             0, 5.46999979019,             0, -3.12177443504, -4344.20800781,          6000, 21.8930950165, -15.1304264069,  57.731502533
         38.7,             0, 5.48000001907,             0, -3.11630892754, -4347.93847656,          6000, 21.9256687164, -15.1303710938, 57.5047912598
       38.725,             0, 5.48999977112,             0, -3.11085247993, -4351.65380859,          6000,  21.958108902, -15.1303157806, 57.2779846191
        38.75,             0,           5.5,             0, -3.10540556908, -4355.35302734,          6000, 21.9904117584, -15.1302604675, 57.0510826111
       38.775,             0, 5.51000022888,             0, -3.09996771812, -4359.03710938,          6000, 22.0225791931, -15.1302051544,  56.824092865
         38.8,             0, 5.51999998093,             0, -3.09453940392, -4362.70556641,          6000, 22.0546112061, -15.1301488876, 56.5970191956
       38.825,             0, 5.53000020981,             0, -3.08912014961, -4366.35839844,          6000, 22.0865077972, -15.1300935745, 56.3698654175
        38.85,             0, 5.53999996185,             0, -3.08371043205, -4369.99560547,          6000,  22.118270874, -15.1300373077, 56.1426353455
       38.875,             0, 5.55000019073,             0, -3.07831001282, -4373.61767578,          6000, 22.1498985291, -15.129981041, 55.9153366089
         38.9,             0, 5.55999994278,             0, -3.07291889191, -4377.22460938,          6000, 22.1813926697, -15.1299257278, 55.6879730225
       38.925,             0, 5.57000017166,             0, -3.06753730774, -4380.81591797,          6000, 22.2127532959, -15.1298694611, 55.4605484009
        38.95,             0, 5.57999992371,             0, -3.06216478348, -4384.39208984,          6000, 22.2439804077, -15.1298131943, 55.2330665588
       38.975,             0, 5.59000015259,             0, -3.05680179596,  -4387.953125,          6000, 22.2750759125, -15.1297559738, 55.0055351257
           39,             0, 5.59999990463,             0, -3.05144786835, -4391.49853516,          6000, 22.3060359955, -15.129699707, 54.7779502869
       39.025,             0, 5.61000013351,             0, -3.04610347748, -4395.02929688,          6000, 22.3368663788, -15.1296434402,  54.550327301
        39.05,             0, 5.61999988556,             0, -3.04076838493, -4398.54443359,          6000, 22.3675632477, -15.1295862198, 54.3226623535
       39.075,             0, 5.63000011444,             0, -3.03544259071, -4402.04492188,          6000, 22.3981285095, -15.1295289993,  54.094959259
         39.1,             0, 5.63999986649,             0, -3.03012633324, -4405.52978516,          6000, 22.4285640717, -15.1294727325, 53.8672294617
       39.125,             0, 5.65000009537,             0, -3.02481913567, -4409.00048828,          6000, 22.4588661194, -15.1294155121, 53.6394691467
        39.15,             0, 5.65999984741,             0, -3.01952147484, -4412.45556641,          6000, 22.4890403748, -15.1293582916, 53.4116897583
       39.175,             0, 5.67000007629,             0, -3.01423287392, -4415.89599609,          6000, 22.5190830231, -15.1293010712, 53.1838912964
         39.2,             0, 5.67999982834,             0, -3.00895380974, -4419.32128906,          6000, 22.5489959717, -15.129242897, 52.9560775757
       39.225,             0, 5.69000005722,             0, -3.00368404388, -4422.73193359,          6000, 22.5787792206, -15.1291856766, 52.7282524109
        39.25,             0, 5.69999980927,             0, -2.99842357635, -4426.12792969,          6000, 22.6084327698, -15.1291284561, 52.5004234314
       39.275,             0, 5.71000003815,             0, -2.99317264557, -4429.50878906,          6000, 22.6379585266, -15.129070282, 52.2725906372
         39.3,             0, 5.71999979019,             0, -2.98793077469,     -4432.875,          6000, 22.6673545837, -15.1290121078,  52.044757843
       39.325,             0, 5.73000001907,             0, -2.98269820213, -4436.2265625,          6000, 22.6966228485, -15.1289539337, 51.8169326782
        39.35,             0, 5.73999977112,             0, -2.97747516632, -4439.56396484,          6000, 22.7257633209, -15.1288957596, 51.5891189575
       39.375,             0,          5.75,             0, -2.97226119041, -4442.88623047,          6000, 22.7547779083, -15.1288375854, 51.3613166809
         39.4,             0, 5.76000022888,             0, -2.96705675125, -4446.19384766,          6000, 22.7836647034, -15.1287794113, 51.1335296631
       39.425,             0, 5.76999998093,             0, -2.96186161041, -4449.48730469,          6000, 22.8124237061, -15.1287212372, 50.9057655334
        39.45,             0, 5.78000020981,             0, -2.95667552948, -4452.76611328,          6000, 22.8410568237, -15.128663063, 50.6780281067
       39.475,             0, 5.78999996185,             0, -2.95149898529, -4456.03027344,          6000, 22.8695640564, -15.1286039352, 50.4503173828
         39.5,             0, 5.80000019073,             0, -2.94633173943, -4459.28027344,          6000, 22.8979454041, -15.1285448074, 50.2226371765
       39.525,             0, 5.80999994278,             0, -2.94117355347, -4462.51611328,          6000, 22.9262008667, -15.1284866333, 49.9949951172
        39.55,             0, 5.82000017166,             0, -2.93602490425, -4465.73730469,          6000, 22.9543323517, -15.1284275055, 49.7673912048
       39.575,             0, 5.82999992371,             0, -2.93088555336, -4468.94433594,          6000, 22.9823379517, -15.1283683777, 49.5398330688
         39.6,             0, 5.84000015259,             0, -2.92575526237, -4472.13671875,          6000,  23.010219574, -15.1283092499, 49.3123207092
       39.625,             0, 5.84999990463,             0, -2.92063450813, -4475.31542969,          6000,  23.037979126, -15.1282491684, 49.0848579407
        39.65,             0, 5.86000013351,             0, -2.9155228138, -4478.47998047,          6000,  23.065612793, -15.1281900406, 48.8574485779
       39.675,             0, 5.86999988556,             0, -2.9104206562, -4481.62988281,          6000, 23.0931243896, -15.1281309128, 48.6300964355
         39.7,             0, 5.88000011444,             0, -2.90532755852, -4484.76611328,          6000,  23.120513916, -15.1280708313, 48.4028091431
       39.725,             0, 5.88999986649,             0, -2.90024375916, -4487.88867188,          6000, 23.1477794647, -15.1280107498, 48.1755828857
        39.75,             0, 5.90000009537,             0, -2.89516925812, -4490.99658203,          6000, 23.1749229431, -15.127951622,  47.948425293
       39.775,             0, 5.90999984741,             0, -2.89010381699, -4494.09082031,          6000, 23.2019443512, -15.1278915405, 47.7213363647
         39.8,             0, 5.92000007629,             0, -2.8850479126, -4497.17089844,          6000, 23.2288455963, -15.127831459, 47.4943237305
       39.825,             0, 5.92999982834,             0, -2.88000106812, -4500.23730469,          6000, 23.2556247711, -15.1277713776, 47.2673912048
        39.85,             0, 5.94000005722,             0, -2.87496352196, -4503.29003906,          6000,  23.282283783, -15.1277103424, 47.0405349731
       39.875,             0, 5.94999980927,             0, -2.86993503571, -4506.32861328,          6000, 23.3088226318, -15.1276502609, 46.8137664795
         39.9,             0, 5.96000003815,             0, -2.8649160862, -4509.35351562,          6000, 23.3352413177, -15.1275892258, 46.5870857239
       39.925,             0, 5.96999979019,             0, -2.85990595818, -4512.36523438,          6000, 23.3615398407, -15.1275291443,  46.360496521
        39.95,             0, 5.98000001907,             0, -2.8549053669, -4515.36279297,          6000, 23.3877182007, -15.1274681091, 46.1339988708
       39.975,             0, 5.98999977112,             0, -2.84991383553, -4518.34667969,          6000, 23.4137783051, -15.127407074, 45.9075965881
           40,             0,             6,             0, -2.84493160248, -4521.31689453,          6000, 23.4397201538, -15.1273460388, 45.6812973022
       40.025,             0, 6.01000022888,             0, -2.83995842934, -4524.27392578,          6000, 23.4655437469, -15.1272850037, 45.4551010132
        40.05,             0, 6.01999998093,             0, -2.83499455452, -4527.21728516,          6000, 23.4912509918, -15.1272239685, 45.2290115356
       40.075,             0, 6.03000020981,             0, -2.83003973961, -4530.14697266,          6000, 23.5168380737, -15.1271629333, 45.0030326843
         40.1,             0, 6.03999996185,             0, -2.82509422302, -4533.06347656,          6000, 23.5423088074, -15.1271009445, 44.7771644592
       40.125,             0, 6.05000019073,             0, -2.82015776634, -4535.96679688,          6000, 23.5676631927, -15.1270399094, 44.5514144897
        40.15,             0, 6.05999994278,             0, -2.81523036957, -4538.85644531,          6000, 23.5929012299, -15.1269779205, 44.3257789612
       40.175,             0, 6.07000017166,             0, -2.81031227112, -4541.73291016,          6000, 23.6180229187, -15.1269159317, 44.1002655029
         40.2,             0, 6.07999992371,             0, -2.80540323257, -4544.59619141,          6000, 23.6430301666, -15.1268539429, 43.8748779297
       40.225,             0, 6.09000015259,             0, -2.80050325394, -4547.44628906,          6000, 23.6679210663, -15.126791954, 43.6496162415
        40.25,             0, 6.09999990463,             0, -2.79561257362, -4550.28271484,          6000, 23.6926956177, -15.1267299652, 43.4244842529
       40.275,             0, 6.11000013351,             0, -2.79073095322, -4553.10644531,          6000, 23.7173576355, -15.1266679764, 43.1994857788
         40.3,             0, 6.11999988556,             0, -2.78585839272, -4555.91699219,          6000, 23.7419033051, -15.1266050339, 42.9746246338
       40.325,             0, 6.13000011444,             0, -2.78099489212, -4558.71435547,          6000,  23.766336441, -15.126543045, 42.7499008179
        40.35,             0, 6.13999986649,             0, -2.77614068985, -4561.49902344,          6000, 23.7906551361, -15.1264801025, 42.5253143311
       40.375,             0, 6.15000009537,             0, -2.77129530907, -4564.27050781,          6000, 23.8148612976, -15.1264181137, 42.3008766174
         40.4,             0, 6.15999984741,             0, -2.76645922661, -4567.02929688,          6000, 23.8389549255, -15.1263551712, 42.0765800476
       40.425,             0, 6.17000007629,             0, -2.76163196564, -4569.77490234,          6000, 23.8629341125, -15.1262922287, 41.8524360657
        40.45,             0, 6.17999982834,             0, -2.75681376457, -4572.5078125,          6000, 23.8868026733, -15.1262292862, 41.6284446716
       40.475,             0, 6.19000005722,             0, -2.75200486183, -4575.22753906,          6000, 23.9105606079,  -15.12616539, 41.4046058655
         40.5,             0, 6.19999980927,             0, -2.74720478058, -4577.93505859,          6000, 23.9342060089, -15.1261024475, 41.1809234619
       40.525,             0, 6.21000003815,             0, -2.74241375923, -4580.62939453,          6000, 23.9577388763, -15.126039505, 40.9574012756
        40.55,             0, 6.21999979019,             0, -2.73763179779, -4583.31152344,          6000, 23.9811630249, -15.1259756088, 40.7340431213
       40.575,             0, 6.23000001907,             0, -2.73285889626, -4585.98046875,          6000, 24.0044765472, -15.1259117126, 40.5108451843
         40.6,             0, 6.23999977112,             0, -2.72809481621, -4588.63720703,          6000, 24.0276794434, -15.1258487701, 40.2878189087
       40.625,             0,          6.25,             0, -2.72333979607,   -4591.28125,          6000, 24.0507717133, -15.125784874,  40.064956665
        40.65,             0, 6.26000022888,             0, -2.71859383583, -4593.91259766,          6000, 24.0737571716, -15.1257209778, 39.8422698975
       40.675,             0, 6.26999998093,             0, -2.71385669708, -4596.53173828,          6000, 24.0966320038, -15.1256561279,  39.619758606
         40.7,             0, 6.28000020981,             0, -2.70912861824, -4599.13867188,          6000, 24.1193981171, -15.1255922318, 39.3974227905
       40.725,             0, 6.28999996185,             0, -2.70440936089, -4601.73242188,          6000, 24.1420574188, -15.1255283356, 39.1752624512
        40.75,             0, 6.30000019073,             0, -2.69969916344, -4604.31445312,          6000, 24.1646060944, -15.1254634857,  38.953289032
       40.775,             0, 6.30999994278,             0, -2.69499778748, -4606.88427734,          6000, 24.1870498657, -15.1253995895, 38.7314949036
         40.8,             0, 6.32000017166,             0, -2.69030547142, -4609.44140625,          6000, 24.2093849182, -15.1253347397, 38.5098876953
       40.825,             0, 6.32999992371,             0, -2.68562197685, -4611.98632812,          6000, 24.2316150665, -15.1252698898, 38.2884674072
        40.85,             0, 6.34000015259,             0, -2.68094730377, -4614.51904297,          6000, 24.2537384033,  -15.12520504, 38.0672416687
       40.875,             0, 6.34999990463,             0, -2.6762816906, -4617.04003906,          6000, 24.2757549286, -15.1251401901,  37.846206665
         40.9,             0, 6.36000013351,             0, -2.67162489891, -4619.54833984,          6000, 24.2976646423, -15.1250753403, 37.6253662109
       40.925,             0, 6.36999988556,             0, -2.66697692871, -4622.04492188,          6000, 24.3194694519, -15.1250095367, 37.4047203064
        40.95,             0, 6.38000011444,             0,   -2.66233778, -4624.52929688,          6000, 24.3411712646, -15.1249446869, 37.1842765808
       40.975,             0, 6.38999986649,             0, -2.65770745277, -4627.00195312,          6000, 24.3627662659, -15.1248788834, 36.9640312195
           41,             0, 6.40000009537,             0, -2.65308594704, -4629.46240234,          6000, 24.3842582703, -15.1248140335, 36.7439918518
       41.025,             0, 6.40999984741,             0, -2.64847326279, -4631.91113281,          6000, 24.4056453705,  -15.12474823, 36.5241546631
        41.05,             0, 6.42000007629,             0, -2.64386940002, -4634.34765625,          6000, 24.4269294739, -15.1246824265, 36.3045272827
       41.075,             0, 6.42999982834,             0, -2.63927435875, -4636.77294922,          6000, 24.4481086731, -15.1246166229, 36.0851097107
         41.1,             0, 6.44000005722,             0, -2.63468813896, -4639.18603516,          6000, 24.4691867828, -15.1245508194, 35.8659057617
       41.125,             0, 6.44999980927,             0, -2.63011050224, -4641.58740234,          6000, 24.4901618958, -15.1244840622, 35.6469116211
        41.15,             0, 6.46000003815,             0, -2.62554192543, -4643.97705078,          6000, 24.5110359192, -15.1244182587, 35.4281311035
       41.175,             0, 6.46999979019,             0, -2.62098193169, -4646.35498047,          6000, 24.5318069458, -15.1243515015, 35.2095718384
         41.2,             0, 6.48000001907,             0, -2.61643052101, -4648.72119141,          6000, 24.5524768829, -15.1242856979,  34.991230011
       41.225,             0, 6.48999977112,             0, -2.61188793182, -4651.07617188,          6000, 24.5730438232, -15.1242189407,  34.773109436
        41.25,             0,           6.5,             0, -2.60735416412, -4653.41943359,          6000, 24.5935115814, -15.1241521835, 34.5552139282
       41.275,             0, 6.51000022888,             0, -2.60282897949, -4655.75097656,          6000, 24.6138782501, -15.1240854263, 34.3375396729
         41.3,             0, 6.51999998093,             0, -2.59831261635, -4658.07128906,          6000, 24.6341457367, -15.1240186691, 34.1200942993
       41.325,             0, 6.53000020981,             0, -2.59380483627, -4660.38037109,          6000, 24.6543140411, -15.1239509583, 33.9028778076
        41.35,             0, 6.53999996185,             0, -2.58930563927, -4662.67773438,          6000, 24.6743812561, -15.123884201, 33.6858901978
       41.375,             0, 6.55000019073,             0, -2.58481526375, -4664.96386719,          6000, 24.6943511963, -15.1238174438, 33.4691352844
         41.4,             0, 6.55999994278,             0, -2.5803334713, -4667.23876953,          6000,  24.714220047, -15.123749733, 33.2526130676
       41.425,             0, 6.57000017166,             0, -2.57586026192, -4669.50244141,          6000, 24.7339916229, -15.1236820221, 33.0363273621
        41.45,             0, 6.57999992371,             0, -2.5713956356, -4671.75439453,          6000, 24.7536659241, -15.1236143112, 32.8202781677
       41.475,             0, 6.59000015259,             0, -2.56693959236, -4673.99560547,          6000, 24.7732429504, -15.1235466003, 32.6044692993
         41.5,             0, 6.59999990463,             0, -2.56249213219, -4676.22558594,          6000, 24.7927207947, -15.1234788895, 32.3888969421
       41.525,             0, 6.61000013351,             0, -2.55805325508, -4678.44482422,          6000, 24.8121032715, -15.1234111786, 32.1735725403
        41.55,             0, 6.61999988556,             0, -2.55362296104, -4680.65234375,          6000, 24.8313884735, -15.1233434677, 31.9584884644
       41.575,             0, 6.63000011444,             0, -2.54920125008, -4682.84912109,          6000, 24.8505764008, -15.1232748032, 31.7436504364
         41.6,             0, 6.63999986649,             0, -2.54478812218, -4685.03515625,          6000, 24.8696689606, -15.1232070923, 31.5290584564
       41.625,             0, 6.65000009537,             0, -2.54038357735, -4687.20996094,          6000,  24.888666153, -15.1231384277, 31.3147163391
        41.65,             0, 6.65999984741,             0, -2.53598737717, -4689.37402344,          6000, 24.9075698853, -15.1230697632, 31.1006240845
       41.675,             0, 6.67000007629,             0, -2.53159976006, -4691.52685547,          6000, 24.9263763428, -15.1230010986, 30.8867816925
         41.7,             0, 6.67999982834,             0, -2.52722048759, -4693.66894531,          6000, 24.9450893402, -15.1229324341, 30.6731948853
       41.725,             0, 6.69000005722,             0, -2.5228497982, -4695.80078125,          6000, 24.9637069702, -15.1228637695, 30.4598617554
        41.75,             0, 6.69999980927,             0, -2.51848745346, -4697.92138672,          6000, 24.9822311401, -15.1227941513, 30.2467842102
       41.775,             0, 6.71000003815,             0, -2.51413369179,   -4700.03125,          6000,   25.00066185, -15.1227254868, 30.0339641571
         41.8,             0, 6.71999979019,             0, -2.50978827477, -4702.13037109,          6000, 25.0190010071, -15.1226558685, 29.8214035034
       41.825,             0, 6.73000001907,             0, -2.50545144081, -4704.21923828,          6000, 25.0372447968, -15.122587204, 29.6091022491
        41.85,             0, 6.73999977112,             0, -2.50112271309, -4706.29736328,          6000, 25.0553970337, -15.1225175858,  29.397064209
       41.875,             0,          6.75,             0, -2.49680256844, -4708.36474609,          6000, 25.0734577179, -15.1224479675, 29.1852874756
         41.9,             0, 6.76000022888,             0, -2.49249076843,  -4710.421875,          6000, 25.0914268494, -15.1223783493, 28.9737758636
       41.925,             0, 6.76999998093,             0, -2.4881875515, -4712.46826172,          6000, 25.1093025208, -15.1223087311, 28.7625312805
        41.95,             0, 6.78000020981,             0, -2.4838924408, -4714.50439453,          6000, 25.1270885468, -15.1222391129, 28.5515518188
       41.975,             0, 6.78999996185,             0, -2.47960567474, -4716.52978516,          6000,   25.14478302, -15.122168541, 28.3408432007
           42,             0, 6.80000019073,             0, -2.47532725334, -4718.54541016,          6000, 25.1623878479, -15.1220989227, 28.1304016113
       42.025,             0, 6.80999994278,             0, -2.47105717659, -4720.55029297,          6000,  25.179901123, -15.1220283508, 27.9202327728
        42.05,             0, 6.82000017166,             0, -2.46679520607, -4722.54492188,          6000, 25.1973247528, -15.1219577789, 27.7103347778
       42.075,             0, 6.82999992371,             0, -2.46254181862, -4724.52929688,          6000, 25.2146606445, -15.121887207,  27.500711441
         42.1,             0, 6.84000015259,             0, -2.4582965374, -4726.50341797,          6000, 25.2319049835, -15.1218166351, 27.2913627625
       42.125,             0, 6.84999990463,             0, -2.45405960083, -4728.46777344,          6000, 25.2490615845, -15.1217460632, 27.0822887421
        42.15,             0, 6.86000013351,             0, -2.44983077049, -4730.42138672,          6000, 25.2661304474, -15.1216754913, 26.8734931946
       42.175,             0, 6.86999988556,             0, -2.44561028481, -4732.36523438,          6000, 25.2831096649, -15.1216039658, 26.6649742126
         42.2,             0, 6.88000011444,             0, -2.44139790535, -4734.29882812,          6000, 25.3000030518, -15.1215333939,  26.456735611
       42.225,             0, 6.88999986649,             0, -2.43719363213, -4736.22265625,          6000, 25.3168067932, -15.1214618683, 26.2487773895
        42.25,             0, 6.90000009537,             0, -2.43299770355, -4738.13623047,          6000,  25.333524704, -15.1213912964, 26.0410995483
       42.275,             0, 6.90999984741,             0, -2.42880988121, -4740.04003906,          6000, 25.3501548767, -15.1213197708, 25.8337059021
         42.3,             0, 6.92000007629,             0, -2.42463040352, -4741.93408203,          6000, 25.3666992188, -15.1212482452, 25.6265945435
       42.325,             0, 6.92999982834,             0, -2.42045879364, -4743.81787109,          6000, 25.3831558228, -15.1211767197, 25.4197692871
        42.35,             0, 6.94000005722,             0, -2.41629552841, -4745.69238281,          6000, 25.3995285034, -15.1211042404, 25.2132301331
       42.375,             0, 6.94999980927,             0, -2.41214036942, -4747.55664062,          6000,  25.415813446, -15.1210327148, 25.0069770813
         42.4,             0, 6.96000003815,             0, -2.40799307823, -4749.41113281,          6000, 25.4320144653, -15.1209602356, 24.8010101318
       42.425,             0, 6.96999979019,             0, -2.4038541317, -4751.25585938,          6000, 25.4481315613,  -15.12088871, 24.5953350067
        42.45,             0, 6.98000001907,             0, -2.39972305298, -4753.09130859,          6000, 25.4641628265, -15.1208162308, 24.3899478912
       42.475,             0, 6.98999977112,             0, -2.39560008049, -4754.91650391,          6000, 25.4801101685, -15.1207437515, 24.1848526001
         42.5,             0,             7,             0, -2.39148521423, -4756.73242188,          6000,  25.495973587, -15.1206712723, 23.9800491333
       42.525,             0, 7.01000022888,             0, -2.38737845421, -4758.5390625,          6000, 25.5117530823, -15.120598793, 23.7755374908
        42.55,             0, 7.01999998093,             0,  -2.383279562, -4760.3359375,          6000, 25.5274505615, -15.1205263138, 23.5713195801
       42.575,             0, 7.03000020981,             0, -2.3791885376, -4762.12304688,          6000, 25.5430622101, -15.1204538345, 23.3673973083
         42.6,             0, 7.03999996185,             0, -2.37510585785, -4763.90087891,          6000,   25.55859375, -15.1203804016, 23.1637706757
       42.625,             0, 7.05000019073,             0, -2.3710308075, -4765.66943359,          6000, 25.5740413666, -15.1203069687,  22.960439682
        42.65,             0, 7.05999994278,             0, -2.36696386337, -4767.42822266,          6000, 25.5894088745, -15.1202344894, 22.7574043274
       42.675,             0, 7.07000017166,             0, -2.36290478706, -4769.17822266,          6000, 25.6046924591, -15.1201610565, 22.5546684265
         42.7,             0, 7.07999992371,             0, -2.35885381699, -4770.91845703,          6000, 25.6198959351, -15.1200876236, 22.3522319794
       42.725,             0, 7.09000015259,             0, -2.35481071472, -4772.64941406,          6000, 25.6350193024, -15.1200141907,  22.150094986
        42.75,             0, 7.09999990463,             0, -2.35077524185, -4774.37109375,          6000, 25.6500606537, -15.1199407578, 21.9482574463
       42.775,             0, 7.11000013351,             0, -2.34674787521, -4776.08398438,          6000, 25.6650218964, -15.1198663712,  21.746723175
         42.8,             0, 7.11999988556,             0, -2.34272837639, -4777.78710938,          6000, 25.6799030304, -15.1197929382, 21.5454883575
       42.825,             0, 7.13000011444,             0, -2.33871674538, -4779.48144531,          6000, 25.6947040558, -15.1197185516, 21.3445587158
        42.85,             0, 7.13999986649,             0, -2.33471298218, -4781.16650391,          6000, 25.7094249725, -15.119644165, 21.1439323425
       42.875,             0, 7.15000009537,             0, -2.33071684837, -4782.84277344,          6000,  25.724067688, -15.1195707321, 20.9436092377
         42.9,             0, 7.15999984741,             0, -2.32672858238, -4784.50976562,          6000, 25.7386302948, -15.1194963455, 20.7435913086
       42.925,             0, 7.17000007629,             0, -2.3227481842, -4786.16796875,          6000, 25.7531147003, -15.1194219589, 20.5438804626
        42.95,             0, 7.17999982834,             0, -2.31877565384, -4787.81689453,          6000, 25.7675228119, -15.1193466187, 20.3444747925
       42.975,             0, 7.19000005722,             0, -2.31481075287, -4789.45703125,          6000, 25.7818508148, -15.1192722321, 20.1453762054
           43,             0, 7.19999980927,             0, -2.31085371971, -4791.08837891,          6000, 25.7961025238, -15.1191978455, 19.9465866089
       43.025,             0, 7.21000003815,             0, -2.30690431595, -4792.7109375,          6000, 25.8102760315, -15.1191225052, 19.7481040955
        43.05,             0, 7.21999979019,             0, -2.30296254158, -4794.32470703,          6000, 25.8243713379, -15.1190471649, 19.5499324799
       43.075,             0, 7.23000001907,             0, -2.29902863503, -4795.92919922,          6000, 25.8383922577, -15.1189718246, 19.3520679474
         43.1,             0, 7.23999977112,             0, -2.29510235786, -4797.52539062,          6000, 25.8523349762, -15.1188964844, 19.1545162201
       43.125,             0,          7.25,             0, -2.2911837101, -4799.11279297,          6000, 25.8662033081, -15.1188211441, 18.9572753906
        43.15,             0, 7.26000022888,             0, -2.28727293015, -4800.69140625,          6000, 25.8799934387, -15.1187458038,  18.760345459
       43.175,             0, 7.26999998093,             0, -2.28336954117, -4802.26123047,          6000, 25.8937091827, -15.1186704636, 18.5637264252
         43.2,             0, 7.28000020981,             0,   -2.27947402, -4803.82275391,          6000, 25.9073505402, -15.1185941696, 18.3674221039
       43.225,             0, 7.28999996185,             0, -2.27558588982, -4805.37548828,          6000,  25.920917511, -15.1185188293, 18.1714305878
        43.25,             0, 7.30000019073,             0, -2.27170538902, -4806.91992188,          6000, 25.9344081879, -15.1184425354, 17.9757518768
       43.275,             0, 7.30999994278,             0, -2.26783251762, -4808.45556641,          6000, 25.9478244781, -15.1183662415, 17.7803878784
         43.3,             0, 7.32000017166,             0, -2.26396727562, -4809.98291016,          6000, 25.9611682892, -15.1182899475, 17.5853404999
       43.325,             0, 7.32999992371,             0, -2.26010966301, -4811.50195312,          6000, 25.9744377136, -15.1182136536, 17.3906078339
        43.35,             0, 7.34000015259,             0, -2.25625944138, -4813.01220703,          6000, 25.9876327515, -15.1181373596, 17.1961898804
       43.375,             0, 7.34999990463,             0, -2.25241684914, -4814.51464844,          6000, 26.0007553101, -15.1180610657, 17.0020885468
         43.4,             0, 7.36000013351,             0, -2.24858164787, -4816.00830078,          6000, 26.0138053894, -15.1179838181, 16.8083057404
       43.425,             0, 7.36999988556,             0,  -2.244754076, -4817.49365234,          6000, 26.0267829895, -15.1179075241, 16.6148376465
        43.45,             0, 7.38000011444,             0, -2.24093389511, -4818.97070312,          6000, 26.0396881104, -15.1178302765, 16.4216899872
       43.475,             0, 7.38999986649,             0, -2.23712110519, -4820.43994141,          6000,  26.052520752, -15.1177530289, 16.2288589478
         43.5,             0, 7.40000009537,             0, -2.23331594467, -4821.90039062,          6000, 26.0652828217, -15.1176757812, 16.0363464355
       43.525,             0, 7.40999984741,             0, -2.22951817513, -4823.35302734,          6000, 26.0779724121, -15.1175985336, 15.8441543579
        43.55,             0, 7.42000007629,             0, -2.22572779655, -4824.79736328,          6000, 26.0905914307, -15.117521286, 15.6522808075
       43.575,             0, 7.42999982834,             0, -2.22194480896, -4826.23388672,          6000, 26.1031398773, -15.1174440384, 15.4607276917
         43.6,             0, 7.44000005722,             0, -2.21816921234, -4827.66210938,          6000, 26.1156177521, -15.1173658371, 15.2694940567
       43.625,             0, 7.44999980927,             0, -2.2144010067, -4829.08203125,          6000, 26.1280250549, -15.1172885895,   15.07858181
        43.65,             0, 7.46000003815,             0, -2.21064019203, -4830.49462891,          6000, 26.1403617859, -15.1172103882, 14.8879899979
       43.675,             0, 7.46999979019,             0, -2.20688652992, -4831.8984375,          6000, 26.1526298523, -15.1171321869, 14.6977205276
         43.7,             0, 7.48000001907,             0, -2.20314049721, -4833.29492188,          6000, 26.1648273468, -15.1170539856, 14.5077724457
       43.725,             0, 7.48999977112,             0, -2.19940161705, -4834.68310547,          6000, 26.1769580841, -15.1169757843,  14.318145752
        43.75,             0,           7.5,             0, -2.19567012787, -4836.06396484,          6000, 26.1890182495, -15.116897583, 14.1288423538
       43.775,             0, 7.51000022888,             0, -2.19194579124, -4837.43652344,          6000, 26.2010097504, -15.116818428, 13.9398612976
         43.8,             0, 7.51999998093,             0, -2.1882288456, -4838.80126953,          6000,  26.212934494, -15.1167402267,  13.751203537
       43.825,             0, 7.53000020981,             0, -2.18451929092, -4840.15820312,          6000, 26.2247905731, -15.1166610718, 13.5628681183
        43.85,             0, 7.53999996185,             0, -2.18081665039, -4841.5078125,          6000,  26.236579895, -15.1165828705, 13.3748569489
       43.875,             0, 7.55000019073,             0, -2.17712140083, -4842.84912109,          6000, 26.2483005524, -15.1165037155, 13.1871700287
         43.9,             0, 7.55999994278,             0, -2.17343354225, -4844.18310547,          6000, 26.2599544525, -15.1164245605, 12.9998073578
       43.925,             0, 7.57000017166,             0, -2.16975259781, -4845.50927734,          6000, 26.2715415955, -15.1163454056, 12.8127689362
        43.95,             0, 7.57999992371,             0, -2.16607904434,  -4846.828125,          6000, 26.2830619812, -15.1162652969, 12.6260547638
       43.975,             0, 7.59000015259,             0, -2.16241240501, -4848.13916016,          6000, 26.2945156097, -15.116186142, 12.4396657944
           44,             0, 7.59999990463,             0, -2.15875315666, -4849.44287109,          6000, 26.3059043884, -15.116106987, 12.2536020279
       44.025,             0, 7.61000013351,             0, -2.15510106087, -4850.73876953,          6000, 26.3172264099, -15.1160268784, 12.0678634644
        44.05,             0, 7.61999988556,             0, -2.15145587921, -4852.02734375,          6000, 26.3284835815, -15.1159467697, 11.8824501038
       44.075,             0, 7.63000011444,             0, -2.14781785011, -4853.30810547,          6000, 26.3396759033, -15.1158666611, 11.6973628998
         44.1,             0, 7.63999986649,             0, -2.14418721199, -4854.58154297,          6000, 26.3508033752, -15.1157865524, 11.5126018524
       44.125,             0, 7.65000009537,             0, -2.14056324959, -4855.84814453,          6000, 26.3618659973, -15.1157064438, 11.3281669617
        44.15,             0, 7.65999984741,             0, -2.13694667816, -4857.10693359,          6000, 26.3728637695, -15.1156263351, 11.1440582275
       44.175,             0, 7.67000007629,             0, -2.13333702087, -4858.35839844,          6000, 26.3837966919, -15.1155462265,   10.96027565
         44.2,             0, 7.67999982834,             0, -2.12973427773, -4859.60253906,          6000, 26.3946666718, -15.1154651642, 10.7768201828
       44.225,             0, 7.69000005722,             0, -2.12613868713, -4860.83935547,          6000, 26.4054737091, -15.1153850555, 10.5936918259
        44.25,             0, 7.69999980927,             0, -2.1225502491, -4862.06933594,          6000,  26.416217804, -15.1153039932, 10.4108896255
       44.275,             0, 7.71000003815,             0, -2.11896848679, -4863.29150391,          6000,  26.426897049, -15.1152229309, 10.2284145355
         44.3,             0, 7.71999979019,             0, -2.11539387703, -4864.50683594,          6000, 26.4375152588, -15.1151418686, 10.0462675095
       44.325,             0, 7.73000001907,             0, -2.11182618141, -4865.71484375,          6000, 26.4480705261, -15.1150608063, 9.86444664001
        44.35,             0, 7.73999977112,             0, -2.10826539993, -4866.91601562,          6000,  26.458562851, -15.1149787903, 9.68295478821
       44.375,             0,          7.75,             0, -2.10471177101, -4868.10986328,          6000, 26.4689941406, -15.114897728, 9.50178909302
         44.4,             0, 7.76000022888,             0, -2.10116481781,  -4869.296875,          6000, 26.4793643951, -15.1148166656, 9.32095146179
       44.425,             0, 7.76999998093,             0, -2.09762477875, -4870.4765625,          6000, 26.4896717072, -15.1147346497, 9.14044189453
        44.45,             0, 7.78000020981,             0, -2.09409165382, -4871.64941406,          6000,  26.499917984, -15.1146526337, 8.96025943756
       44.475,             0, 7.78999996185,             0, -2.09056544304, -4872.81494141,          6000, 26.5101032257, -15.1145706177, 8.78040504456
         44.5,             0, 7.80000019073,             0, -2.08704614639, -4873.97412109,          6000, 26.5202293396, -15.1144886017, 8.60087871552
       44.525,             0, 7.80999994278,             0, -2.08353376389, -4875.12597656,          6000, 26.5302944183, -15.1144065857, 8.42168045044
        44.55,             0, 7.82000017166,             0, -2.0800280571, -4876.27099609,          6000, 26.5402984619, -15.1143245697, 8.24281024933
       44.575,             0, 7.82999992371,             0, -2.07652902603, -4877.40917969,          6000, 26.5502433777,   -15.1142416, 8.06426811218
         44.6,             0, 7.84000015259,             0, -2.0730369091, -4878.54052734,          6000, 26.5601272583, -15.114159584,   7.886054039
       44.625,             0, 7.84999990463,             0, -2.06955170631, -4879.66552734,          6000, 26.5699539185, -15.1140766144, 7.70816802979
        44.65,             0, 7.86000013351,             0, -2.06607317924, -4880.78320312,          6000, 26.5797195435, -15.1139936447, 7.53061008453
       44.675,             0, 7.86999988556,             0, -2.0626013279, -4881.89453125,          6000,  26.589427948, -15.113910675, 7.35338068008
         44.7,             0, 7.88000011444,             0, -2.05913639069, -4882.99853516,          6000, 26.5990772247, -15.1138277054,  7.1764793396
       44.725,             0, 7.88999986649,             0, -2.0556781292, -4884.09667969,          6000, 26.6086673737, -15.1137447357, 6.99990558624
        44.75,             0, 7.90000009537,             0, -2.05222654343,    -4885.1875,          6000, 26.6182003021, -15.1136617661, 6.82366037369
       44.775,             0, 7.90999984741,             0, -2.04878163338, -4886.27197266,          6000, 26.6276760101, -15.1135778427, 6.64774370193
         44.8,             0, 7.92000007629,             0, -2.04534339905, -4887.34960938,          6000, 26.6370925903, -15.113494873, 6.47215461731
       44.825,             0, 7.92999982834,             0, -2.04191184044, -4888.42089844,          6000, 26.6464519501, -15.1134109497, 6.29689359665
        44.85,             0, 7.94000005722,             0, -2.03848695755, -4889.48583984,          6000, 26.6557540894, -15.1133270264, 6.12196063995
       44.875,             0, 7.94999980927,             0, -2.03506875038, -4890.54394531,          6000, 26.6650009155, -15.113243103, 5.94735622406
         44.9,             0, 7.96000003815,             0, -2.03165698051, -4891.59570312,          6000, 26.6741905212, -15.1131591797, 5.77307891846
       44.925,             0, 7.96999979019,             0, -2.02825212479, -4892.64111328,          6000, 26.6833229065, -15.1130752563, 5.59913015366
        44.95,             0, 7.98000001907,             0, -2.02485370636, -4893.68017578,          6000, 26.6923999786, -15.112991333, 5.42550897598
       44.975,             0, 7.98999977112,             0, -2.02146172523, -4894.71240234,          6000, 26.7014198303, -15.112906456, 5.25221538544
           45,             0,             8,             0, -2.01807641983, -4895.73876953,          6000, 26.7103862762, -15.112821579, 5.07924985886
       45.025,             0, 8.01000022888,             0, -2.01469779015, -4896.75830078,          6000, 26.7192955017, -15.1127376556, 4.90661144257
        45.05,             0, 8.02000045776,             0, -2.01132559776, -4897.77197266,          6000, 26.7281494141, -15.1126527786, 4.73430109024
       45.075,             0, 8.02999973297,             0, -2.00795984268, -4898.77880859,          6000, 26.7369499207, -15.1125679016, 4.56231784821
         45.1,             0, 8.03999996185,             0, -2.00460076332, -4899.77978516,          6000, 26.7456951141, -15.1124830246,  4.3906621933
       45.125,             0, 8.05000019073,             0, -2.00124812126, -4900.77441406,          6000, 26.7543849945, -15.1123971939, 4.21933317184
        45.15,             0, 8.06000041962,             0, -1.9979019165, -4901.76318359,          6000, 26.7630214691, -15.1123123169, 4.04833173752
       45.175,             0, 8.06999969482,             0, -1.99456214905, -4902.74511719,          6000,  26.771604538, -15.1122274399, 3.87765717506
         45.2,             0, 8.07999992371,             0, -1.9912289381, -4903.72119141,          6000, 26.7801322937, -15.1121416092, 3.70730948448
       45.225,             0, 8.09000015259,             0, -1.98790204525, -4904.69140625,          6000,  26.788608551, -15.1120557785, 3.53728866577
        45.25,             0, 8.10000038147,             0, -1.9845815897, -4905.65527344,          6000, 26.7970294952, -15.1119699478,  3.3675942421
       45.275,             0, 8.10999965668,             0, -1.98126757145, -4906.61328125,          6000,  26.805398941, -15.1118841171, 3.19822645187
         45.3,             0, 8.11999988556,             0, -1.9779599905, -4907.56494141,          6000, 26.8137149811, -15.1117982864, 3.02918481827
       45.325,             0, 8.13000011444,             0, -1.97465872765, -4908.51074219,          6000, 26.8219795227, -15.1117124557, 2.86046934128
        45.35,             0, 8.14000034332,             0, -1.97136390209, -4909.45068359,          6000, 26.8301906586, -15.1116256714,  2.6920800209
       45.375,             0, 8.14999961853,             0, -1.96807539463, -4910.38427734,          6000, 26.8383483887, -15.1115398407, 2.52401638031
         45.4,             0, 8.15999984741,             0, -1.96479320526,    -4911.3125,          6000, 26.8464565277, -15.1114530563, 2.35627865791
       45.425,             0, 8.17000007629,             0, -1.96151733398,  -4912.234375,          6000,  26.854511261, -15.111366272, 2.18886613846
        45.45,             0, 8.18000030518,             0, -1.9582477808, -4913.15039062,          6000, 26.8625164032, -15.1112794876, 2.02177906036
       45.475,             0, 8.18999958038,             0, -1.95498454571, -4914.06054688,          6000, 26.8704681396, -15.1111927032, 1.85501730442
         45.5,             0, 8.19999980927,             0, -1.9517275095, -4914.96484375,          6000,  26.878370285, -15.1111059189, 1.68858039379
       45.525,             0, 8.21000003815,             0, -1.94847679138, -4915.86376953,          6000, 26.8862228394, -15.1110191345, 1.52246820927
        45.55,             0, 8.22000026703,             0, -1.94523239136, -4916.75634766,          6000, 26.8940238953, -15.1109313965, 1.35668063164
       45.575,             0, 8.22999954224,             0, -1.94199419022, -4917.64355469,          6000, 26.9017734528, -15.1108436584, 1.19121742249
         45.6,             0, 8.23999977112,             0, -1.93876218796, -4918.52490234,          6000, 26.9094734192, -15.1107568741, 1.02607834339
       45.625,             0,          8.25,             0, -1.93553638458, -4919.40039062,          6000, 26.9171237946, -15.110669136, 0.861263215542
        45.65,             0, 8.26000022888,             0, -1.93231678009, -4920.27001953,          6000, 26.9247245789, -15.110581398, 0.696771860123
       45.675,             0, 8.27000045776,             0, -1.92910337448, -4921.13476562,          6000, 26.9322776794,  -15.11049366, 0.532604038715
         45.7,             0, 8.27999973297,             0, -1.92589616776, -4921.99316406,          6000, 26.9397792816, -15.1104049683, 0.368759453297
       45.725,             0, 8.28999996185,             0, -1.9226950407, -4922.84619141,          6000, 26.9472332001, -15.1103172302, 0.205237954855
        45.75,             0, 8.30000019073,             0, -1.91950011253, -4923.69384766,          6000, 26.9546375275, -15.1102285385, 0.0420392677188
       45.775,             0, 8.31000041962,             0, -1.91631126404, -4924.53564453,          6000, 26.9619941711, -15.1101408005, -0.120836831629
         45.8,             0, 8.31999969482,             0, -1.91312849522, -4925.37207031,          6000, 26.9693012238, -15.1100521088, -0.283390581608
       45.825,             0, 8.32999992371,             0, -1.90995192528, -4926.20263672,          6000, 26.9765605927, -15.1099634171, -0.445622265339
        45.85,             0, 8.34000015259,             0, -1.90678143501, -4927.02832031,          6000, 26.9837722778, -15.1098747253, -0.607532083988
       45.875,             0, 8.35000038147,             0, -1.90361690521, -4927.84814453,          6000, 26.9909362793, -15.1097860336, -0.769120335579
         45.9,             0, 8.35999965668,             0, -1.9004585743, -4928.66259766,          6000,  26.998052597, -15.1096963882, -0.93038725853
       45.925,             0, 8.36999988556,             0, -1.89730620384, -4929.47167969,          6000, 27.0051231384, -15.1096076965, -1.09133315086
        45.95,             0, 8.38000011444,             0, -1.89415991306, -4930.27539062,          6000, 27.0121459961, -15.1095180511, -1.25195813179
       45.975,             0, 8.39000034332,             0, -1.89101958275, -4931.07373047,          6000,   27.01912117, -15.1094293594, -1.41226267815
           46,             0, 8.39999961853,             0, -1.8878852129, -4931.86669922,          6000, 27.0260505676, -15.1093397141, -1.57224702835
       46.025,             0, 8.40999984741,             0, -1.88475692272, -4932.65429688,          6000, 27.0329322815, -15.1092500687, -1.73191142082
        46.05,             0, 8.42000007629,             0, -1.88163459301, -4933.43701172,          6000,  27.039768219, -15.1091604233, -1.89125609398
       46.075,             0, 8.43000030518,             0, -1.87851822376, -4934.21386719,          6000, 27.0465583801, -15.1090707779, -2.05028128624
         46.1,             0, 8.43999958038,             0, -1.87540781498, -4934.98583984,          6000, 27.0533027649, -15.1089801788, -2.20898747444
       46.125,             0, 8.44999980927,             0, -1.87230324745, -4935.75244141,          6000, 27.0600032806, -15.1088905334,  -2.367374897
        46.15,             0, 8.46000003815,             0, -1.8692047596, -4936.51416016,          6000, 27.0666561127, -15.1087999344, -2.52544379234
       46.175,             0, 8.47000026703,             0, -1.86611199379, -4937.27050781,          6000, 27.0732650757, -15.1087093353, -2.6831946373
         46.2,             0, 8.47999954224,             0, -1.86302530766, -4938.02148438,          6000, 27.0798282623, -15.1086187363, -2.84062743187
       46.225,             0, 8.48999977112,             0, -1.85994434357, -4938.76757812,          6000,   27.08634758, -15.1085281372, -2.99774265289
        46.25,             0,           8.5,             0, -1.85686933994, -4939.50878906,          6000, 27.0928211212, -15.1084375381, -3.15454053879
       46.275,             0, 8.51000022888,             0, -1.85380017757, -4940.24462891,          6000, 27.0992507935, -15.1083469391, -3.31102156639
         46.3,             0, 8.52000045776,             0, -1.85073685646, -4940.97558594,          6000, 27.1056365967, -15.1082553864, -3.46718597412
       46.325,             0, 8.52999973297,             0, -1.8476793766, -4941.70117188,          6000, 27.1119785309, -15.1081647873, -3.62303423882
        46.35,             0, 8.53999996185,             0, -1.84462761879,  -4942.421875,          6000, 27.1182765961, -15.1080732346, -3.77856636047
       46.375,             0, 8.55000019073,             0, -1.84158170223, -4943.13769531,          6000, 27.1245307922, -15.1079816818, -3.93378281593
         46.4,             0, 8.56000041962,             0, -1.83854162693, -4943.84863281,          6000, 27.1307430267, -15.1078901291, -4.08868408203
       46.425,             0, 8.56999969482,             0, -1.83550727367, -4944.5546875,          6000, 27.1369113922, -15.1077985764, -4.24327039719
        46.45,             0, 8.57999992371,             0, -1.83247876167, -4945.25537109,          6000, 27.1430358887, -15.1077070236, -4.39754152298
       46.475,             0, 8.59000015259,             0, -1.82945585251, -4945.95166016,          6000, 27.1491184235, -15.1076145172, -4.55149888992
         46.5,             0, 8.60000038147,             0, -1.8264387846, -4946.64306641,          6000, 27.1551570892, -15.1075229645, -4.70514249802
       46.525,             0, 8.60999965668,             0, -1.82342743874, -4947.32910156,          6000, 27.1611557007, -15.1074304581, -4.85847234726
        46.55,             0, 8.61999988556,             0, -1.82042181492, -4948.01074219,          6000, 27.1671104431, -15.1073379517, -5.01148891449
       46.575,             0, 8.63000011444,             0, -1.81742179394,    -4948.6875,          6000, 27.1730232239, -15.1072454453, -5.16419267654
         46.6,             0, 8.64000034332,             0,  -1.814427495,  -4949.359375,          6000,  27.178894043, -15.1071529388, -5.31658363342
       46.625,             0, 8.64999961853,             0, -1.81143891811, -4950.02685547,          6000, 27.1847248077, -15.1070604324, -5.4686627388
        46.65,             0, 8.65999984741,             0, -1.80845594406, -4950.68896484,          6000, 27.1905136108, -15.106967926, -5.62042999268
       46.675,             0, 8.67000007629,             0, -1.80547857285, -4951.34716797,          6000, 27.1962604523, -15.1068744659, -5.77188539505
         46.7,             0, 8.68000030518,             0, -1.80250692368,         -4952,          6000,  27.201965332, -15.1067819595, -5.92303037643
       46.725,             0, 8.68999958038,             0, -1.79954087734, -4952.6484375,          6000, 27.2076320648, -15.1066884995, -6.07386445999
        46.75,             0, 8.69999980927,             0, -1.79658031464, -4953.29199219,          6000, 27.2132549286, -15.1065950394, -6.22438812256
       46.775,             0, 8.71000003815,             0, -1.79362547398, -4953.93115234,          6000, 27.2188396454, -15.1065015793, -6.37460184097
         46.8,             0, 8.72000026703,             0, -1.79067611694, -4954.56542969,          6000, 27.2243843079, -15.1064081192, -6.52450609207
       46.825,             0, 8.72999954224,             0, -1.78773236275, -4955.1953125,          6000, 27.2298870087, -15.1063146591, -6.67410135269
        46.85,             0, 8.73999977112,             0, -1.78479421139, -4955.82080078,          6000, 27.2353515625, -15.1062202454, -6.82338762283
       46.875,             0,          8.75,             0, -1.78186154366, -4956.44140625,          6000,  27.240776062, -15.1061267853, -6.97236537933
         46.9,             0, 8.76000022888,             0, -1.77893447876, -4957.05761719,          6000, 27.2461605072, -15.1060323715, -7.12103557587
       46.925,             0, 8.77000045776,             0, -1.77601277828, -4957.66943359,          6000, 27.2515048981, -15.1059379578, -7.2693977356
        46.95,             0, 8.77999973297,             0, -1.77309668064, -4958.27685547,          6000,  27.256811142, -15.105843544, -7.41745328903
       46.975,             0, 8.78999996185,             0, -1.77018606663, -4958.87939453,          6000, 27.2620773315, -15.1057491302, -7.5652012825
           47,             0, 8.80000019073,             0, -1.76728093624, -4959.47802734,          6000, 27.2673053741, -15.1056547165, -7.71264314651
       47.025,             0, 8.81000041962,             0, -1.76438128948, -4960.07177734,          6000, 27.2724952698, -15.1055603027, -7.85977935791
        47.05,             0, 8.81999969482,             0, -1.76148700714, -4960.66113281,          6000, 27.2776470184, -15.1054649353, -8.00660991669
       47.075,             0, 8.82999992371,             0, -1.75859820843, -4961.24658203,          6000, 27.2827587128, -15.1053705215, -8.15313434601
         47.1,             0, 8.84000015259,             0, -1.75571489334, -4961.82714844,          6000, 27.2878341675, -15.1052751541, -8.2993555069
       47.125,             0, 8.85000038147,             0, -1.75283682346, -4962.40332031,          6000, 27.2928695679, -15.1051797867,  -8.445271492
        47.15,             0, 8.85999965668,             0, -1.74996435642, -4962.97558594,          6000, 27.2978687286, -15.1050844193,  -8.590883255
       47.175,             0, 8.86999988556,             0, -1.74709713459, -4963.54345703,          6000, 27.3028316498, -15.1049890518, -8.73619174957
         47.2,             0, 8.88000011444,             0, -1.74423527718, -4964.10693359,          6000, 27.3077545166, -15.1048936844, -8.88119697571
       47.225,             0, 8.89000034332,             0, -1.74137890339, -4964.66601562,          6000, 27.3126411438, -15.1047973633, -9.02589988708
        47.25,             0, 8.89999961853,             0, -1.73852777481, -4965.22119141,          6000, 27.3174915314, -15.1047019958, -9.1703004837
       47.275,             0, 8.90999984741,             0, -1.73568201065, -4965.77197266,          6000,  27.322303772, -15.1046056747, -9.31439876556
         47.3,             0, 8.92000007629,             0, -1.73284161091, -4966.31835938,          6000, 27.3270797729, -15.1045093536, -9.45819568634
       47.325,             0, 8.93000030518,             0, -1.73000645638, -4966.86083984,          6000, 27.3318195343, -15.1044130325, -9.60169219971
        47.35,             0, 8.93999958038,             0, -1.72717666626, -4967.39941406,          6000,  27.336523056, -15.1043167114, -9.74488735199
       47.375,             0, 8.94999980927,             0, -1.72435212135, -4967.93310547,          6000, 27.3411884308, -15.1042203903, -9.88778305054
         47.4,             0, 8.96000003815,             0, -1.72153282166, -4968.46337891,          6000, 27.3458194733, -15.1041231155, -10.0303792953
       47.425,             0, 8.97000026703,             0, -1.71871888638, -4968.98925781,          6000, 27.3504142761, -15.1040267944, -10.1726751328
        47.45,             0, 8.97999954224,             0, -1.7159100771, -4969.51074219,          6000, 27.3549747467, -15.1039295197, -10.3146734238
       47.475,             0, 8.98999977112,             0, -1.71310663223, -4970.02880859,          6000, 27.3594989777, -15.1038322449, -10.456372261
         47.5,             0,             9,             0, -1.71030831337, -4970.54248047,          6000,  27.363986969, -15.1037349701, -10.5977735519
       47.525,             0, 9.01000022888,             0, -1.70751523972, -4971.05175781,          6000, 27.3684387207, -15.1036376953, -10.7388772964
        47.55,             0, 9.02000045776,             0, -1.70472741127, -4971.55761719,          6000, 27.3728580475, -15.1035404205, -10.8796844482
       47.575,             0, 9.02999973297,             0, -1.70194470882, -4972.05908203,          6000, 27.3772411346, -15.1034431458, -11.0201950073
         47.6,             0, 9.03999996185,             0, -1.69916725159, -4972.55664062,          6000, 27.3815898895, -15.1033449173, -11.1604089737
       47.625,             0, 9.05000019073,             0, -1.69639492035, -4973.05078125,          6000, 27.3859043121, -15.1032476425, -11.300327301
        47.65,             0, 9.06000041962,             0, -1.69362771511, -4973.54052734,          6000, 27.3901824951, -15.1031494141, -11.4399499893
       47.675,             0, 9.06999969482,             0, -1.69086575508, -4974.02636719,          6000, 27.3944282532, -15.1030511856, -11.5792779922
         47.7,             0, 9.07999992371,             0, -1.68810880184, -4974.50830078,          6000,  27.398639679, -15.1029529572, -11.7183122635
       47.725,             0, 9.09000015259,             0, -1.6853569746, -4974.98632812,          6000, 27.4028167725, -15.1028547287, -11.8570518494
        47.75,             0, 9.10000038147,             0, -1.68261027336, -4975.46044922,          6000,  27.406961441, -15.1027555466, -11.9954986572
       47.775,             0, 9.10999965668,             0, -1.67986869812, -4975.93066406,          6000, 27.4110717773, -15.1026573181, -12.1336517334
         47.8,             0, 9.11999988556,             0, -1.67713224888, -4976.39746094,          6000, 27.4151477814, -15.102558136, -12.2715129852
       47.825,             0, 9.13000011444,             0, -1.67440080643, -4976.85986328,          6000, 27.4191913605, -15.1024599075, -12.409081459
        47.85,             0, 9.14000034332,             0, -1.67167437077, -4977.31884766,          6000, 27.4232006073, -15.1023607254, -12.5463590622
       47.875,             0, 9.14999961853,             0, -1.6689530611, -4977.77392578,          6000, 27.4271793365, -15.1022615433, -12.6833457947
         47.9,             0, 9.15999984741,             0, -1.66623675823, -4978.22558594,          6000, 27.4311237335, -15.1021623611, -12.8200407028
       47.925,             0, 9.17000007629,             0, -1.66352546215, -4978.67333984,          6000, 27.4350357056, -15.1020622253, -12.956445694
        47.95,             0, 9.18000030518,             0, -1.66081929207, -4979.1171875,          6000, 27.4389152527, -15.1019630432, -13.0925617218
       47.975,             0, 9.18999958038,             0, -1.65811800957, -4979.55761719,          6000, 27.4427623749, -15.1018629074, -13.2283878326
           48,             0, 9.19999980927,             0, -1.65542173386, -4979.99414062,          6000, 27.4465770721, -15.1017637253, -13.3639249802
       48.025,             0, 9.21000003815,             0, -1.65273046494, -4980.42675781,          6000, 27.4503593445, -15.1016635895, -13.499174118
        48.05,             0, 9.22000026703,             0, -1.6500440836, -4980.85644531,          6000, 27.4541110992, -15.1015634537, -13.6341352463
       48.075,             0, 9.22999954224,             0, -1.64736270905, -4981.28173828,          6000, 27.4578304291, -15.1014633179, -13.7688093185
         48.1,             0, 9.23999977112,             0, -1.64468622208, -4981.70410156,          6000,  27.461517334, -15.1013622284, -13.9031963348
       48.125,             0,          9.25,             0, -1.6420147419, -4982.12207031,          6000, 27.4651737213, -15.1012620926, -14.0372972488
        48.15,             0, 9.26000022888,             0, -1.6393481493, -4982.53710938,          6000, 27.4687976837, -15.1011610031, -14.1711111069
       48.175,             0, 9.27000045776,             0, -1.63668644428, -4982.94824219,          6000, 27.4723930359, -15.1010608673, -14.3046398163
         48.2,             0, 9.27999973297,             0, -1.63402974606, -4983.35595703,          6000, 27.4759559631, -15.1009597778, -14.4378843307
       48.225,             0, 9.28999996185,             0, -1.6313778162, -4983.76025391,          6000, 27.4794864655, -15.1008586884, -14.5708436966
        48.25,             0, 9.30000019073,             0, -1.62873077393, -4984.16113281,          6000, 27.4829883575, -15.1007575989, -14.7035188675
       48.275,             0, 9.31000041962,             0, -1.62608861923, -4984.55810547,          6000, 27.4864597321, -15.1006565094, -14.8359107971
         48.3,             0, 9.31999969482,             0, -1.62345123291, -4984.95214844,          6000,  27.489900589, -15.1005544662, -14.9680194855
       48.325,             0, 9.32999992371,             0, -1.62081885338, -4985.34228516,          6000, 27.4933109283, -15.1004533768, -15.0998458862
        48.35,             0, 9.34000015259,             0, -1.61819112301, -4985.72900391,          6000, 27.4966907501, -15.1003513336, -15.2313899994
       48.375,             0, 9.35000038147,             0, -1.61556828022, -4986.11230469,          6000, 27.5000400543, -15.1002492905, -15.362651825
         48.4,             0, 9.35999965668,             0, -1.61295032501, -4986.4921875,          6000, 27.5033607483, -15.1001472473, -15.4936332703
       48.425,             0, 9.36999988556,             0, -1.61033701897, -4986.86914062,          6000, 27.5066509247, -15.1000452042, -15.6243333817
        48.45,             0, 9.38000011444,             0, -1.6077286005, -4987.2421875,          6000, 27.5099124908, -15.099943161, -15.7547540665
       48.475,             0, 9.39000034332,             0, -1.60512495041, -4987.61181641,          6000, 27.5131435394, -15.0998411179, -15.884894371
         48.5,             0, 9.39999961853,             0, -1.60252594948, -4987.97851562,          6000, 27.5163459778, -15.099738121, -16.014755249
       48.525,             0, 9.40999984741,             0, -1.59993183613, -4988.34179688,          6000, 27.5195198059, -15.0996360779, -16.1443386078
        48.55,             0, 9.42000007629,             0, -1.59734237194, -4988.70166016,          6000, 27.5226631165, -15.0995330811, -16.2736434937
       48.575,             0, 9.43000030518,             0, -1.59475767612, -4989.05810547,          6000, 27.5257797241, -15.0994300842, -16.4026699066
         48.6,             0, 9.43999958038,             0, -1.59217762947, -4989.41113281,          6000, 27.5288658142, -15.0993270874, -16.531419754
       48.625,             0, 9.44999980927,             0, -1.58960235119, -4989.76123047,          6000, 27.5319252014, -15.0992240906, -16.6598911285
        48.65,             0, 9.46000003815,             0, -1.58703172207, -4990.10791016,          6000,  27.534954071, -15.0991201401, -16.7880878448
       48.675,             0, 9.47000026703,             0, -1.58446586132, -4990.45166016,          6000, 27.5379562378, -15.0990171432, -16.9160079956
         48.7,             0, 9.47999954224,             0, -1.58190464973, -4990.79150391,          6000, 27.5409297943, -15.0989131927, -17.0436534882
       48.725,             0, 9.48999977112,             0, -1.57934808731, -4991.12890625,          6000, 27.5438747406, -15.0988101959, -17.1710243225
        48.75,             0,           9.5,             0, -1.57679617405, -4991.46289062,          6000,  27.546792984, -15.0987062454, -17.2981204987
       48.775,             0, 9.51000022888,             0, -1.57424879074, -4991.79345703,          6000, 27.5496826172, -15.0986022949, -17.424943924
         48.8,             0, 9.52000045776,             0, -1.5717061758, -4992.12109375,          6000, 27.5525436401, -15.0984983444, -17.551492691
       48.825,             0, 9.52999973297,             0, -1.56916809082, -4992.4453125,          6000, 27.5553779602, -15.0983934402, -17.6777687073
        48.85,             0, 9.53999996185,             0,  -1.566634655, -4992.76660156,          6000, 27.5581855774, -15.0982894897,  -17.80377388
       48.875,             0, 9.55000019073,             0, -1.56410586834, -4993.08496094,          6000, 27.5609664917, -15.0981845856, -17.9295063019
         48.9,             0, 9.56000041962,             0, -1.56158161163, -4993.39990234,          6000, 27.5637187958, -15.0980796814, -18.0549659729
       48.925,             0, 9.56999969482,             0, -1.55906188488, -4993.71191406,          6000, 27.5664463043, -15.0979757309, -18.1801567078
        48.95,             0, 9.57999992371,             0, -1.55654680729, -4994.02050781,          6000, 27.5691452026, -15.0978708267, -18.3050765991
       48.975,             0, 9.59000015259,             0, -1.55403625965, -4994.32666016,          6000, 27.5718173981, -15.0977649689, -18.429725647
           49,             0, 9.60000038147,             0, -1.55153024197, -4994.62939453,          6000, 27.5744628906, -15.0976600647, -18.554107666
       49.025,             0, 9.60999965668,             0, -1.54902875423, -4994.92919922,          6000, 27.5770835876, -15.0975551605, -18.6782188416
        49.05,             0, 9.61999988556,             0, -1.54653179646, -4995.22607422,          6000, 27.5796756744, -15.0974493027, -18.8020629883
       49.075,             0, 9.63000011444,             0, -1.54403924942, -4995.51953125,          6000, 27.5822429657, -15.0973434448, -18.9256381989
         49.1,             0, 9.64000034332,             0, -1.54155135155, -4995.81054688,          6000, 27.5847854614, -15.097237587, -19.0489463806
       49.125,             0, 9.64999961853,             0, -1.53906786442, -4996.09814453,          6000, 27.5872993469, -15.0971317291, -19.1719875336
        49.15,             0, 9.65999984741,             0, -1.53658890724, -4996.38330078,          6000, 27.5897903442, -15.0970258713, -19.2947635651
       49.175,             0, 9.67000007629,             0, -1.53411436081, -4996.66503906,          6000, 27.5922527313, -15.0969200134, -19.4172725677
         49.2,             0, 9.68000030518,             0, -1.53164434433, -4996.94433594,          6000, 27.5946922302, -15.0968132019, -19.539516449
       49.225,             0, 9.68999958038,             0, -1.52917873859, -4997.22021484,          6000, 27.5971050262, -15.0967073441, -19.6614952087
        49.25,             0, 9.69999980927,             0, -1.5267175436, -4997.49365234,          6000, 27.5994911194, -15.0966005325, -19.7832107544
       49.275,             0, 9.71000003815,             0, -1.52426075935, -4997.76367188,          6000, 27.6018543243, -15.096493721, -19.9046611786
         49.3,             0, 9.72000026703,             0, -1.52180850506,   -4998.03125,          6000, 27.6041908264, -15.0963869095, -20.025850296
       49.325,             0, 9.72999954224,             0, -1.5193605423, -4998.29589844,          6000, 27.6065044403, -15.096280098, -20.146774292
        49.35,             0, 9.73999977112,             0, -1.51691699028, -4998.55761719,          6000, 27.6087913513, -15.0961732864, -20.2674369812
       49.375,             0,          9.75,             0, -1.51447796822, -4998.81640625,          6000, 27.6110534668, -15.0960655212, -20.3878383636
         49.4,             0, 9.76000022888,             0, -1.51204311848, -4999.07275391,          6000, 27.6132926941, -15.0959587097, -20.5079784393
       49.425,             0, 9.77000045776,             0, -1.50961279869, -4999.32617188,          6000, 27.6155052185, -15.0958509445, -20.6278572083
        49.45,             0, 9.77999973297,             0, -1.50718677044, -4999.57666016,          6000, 27.6176948547, -15.0957431793, -20.7474746704
       49.475,             0, 9.78999996185,             0, -1.50476503372, -4999.82421875,          6000, 27.6198616028, -15.0956354141, -20.8668327332
         49.5,             0, 9.80000019073,             0, -1.50234770775, -5000.06933594,          6000, 27.6220016479, -15.0955276489, -20.9859333038
       49.525,             0, 9.81000041962,             0, -1.49993467331, -5000.31152344,          6000, 27.6241188049, -15.0954198837, -21.1047725677
        49.55,             0, 9.81999969482,             0, -1.4975259304, -5000.55126953,          6000, 27.6262130737, -15.0953111649, -21.2233562469
       49.575,             0, 9.82999992371,             0, -1.49512159824, -5000.78808594,          6000,  27.628282547, -15.0952033997, -21.3416805267
         49.6,             0, 9.84000015259,             0, -1.49272143841, -5001.02246094,          6000, 27.6303291321, -15.0950946808, -21.4597473145
       49.625,             0, 9.85000038147,             0, -1.49032557011, -5001.25390625,          6000, 27.6323509216, -15.0949859619, -21.5775585175
        49.65,             0, 9.85999965668,             0, -1.48793411255, -5001.48242188,          6000,  27.634349823, -15.094877243, -21.6951122284
       49.675,             0, 9.86999988556,             0, -1.48554682732, -5001.70849609,          6000, 27.6363258362, -15.0947685242, -21.8124103546
         49.7,             0, 9.88000011444,             0, -1.48316371441, -5001.93212891,          6000, 27.6382789612, -15.0946588516, -21.9294548035
       49.725,             0, 9.89000034332,             0, -1.48078501225, -5002.15283203,          6000, 27.6402072906, -15.0945501328, -22.0462417603
        49.75,             0, 9.89999961853,             0, -1.4784103632, -5002.37109375,          6000, 27.6421146393, -15.0944404602, -22.162776947
       49.775,             0, 9.90999984741,             0, -1.47604012489, -5002.58642578,          6000, 27.6439990997, -15.0943317413, -22.2790565491
         49.8,             0, 9.92000007629,             0, -1.4736739397, -5002.79980469,          6000,  27.645860672, -15.0942220688, -22.3950843811
       49.825,             0, 9.93000030518,             0, -1.47131204605, -5003.01025391,          6000, 27.6476993561, -15.0941123962, -22.5108585358
        49.85,             0, 9.93999958038,             0, -1.46895444393, -5003.21777344,          6000,  27.649515152, -15.0940027237, -22.6263809204
       49.875,             0, 9.94999980927,             0, -1.46660089493, -5003.42333984,          6000, 27.6513080597, -15.0938920975, -22.741651535
         49.9,             0, 9.96000003815,             0, -1.46425151825, -5003.62597656,          6000, 27.6530799866, -15.0937824249, -22.8566703796
       49.925,             0, 9.97000026703,             0, -1.46190643311, -5003.82617188,          6000, 27.6548290253, -15.0936717987, -22.9714393616
        49.95,             0, 9.97999954224,             0, -1.45956540108, -5004.02392578,          6000, 27.6565570831, -15.0935611725, -23.0859565735
       49.975,             0, 9.98999977112,             0, -1.45722854137,   -5004.21875,          6000, 27.6582622528, -15.0934505463, -23.2002258301
           50,             0,            10,             0, -1.45489573479, -5004.41162109,          6000, 27.6599464417,  -15.09333992, -23.314245224
