Time,Kappa_L1,Alpha_L1,Gamma_L1,Fx_L1,Fy_L1,Fz_L1,Mx_L1,Mz_L1
            0, 6.16179568169e-06, 0.201136156917, 0.148473039269, -323.098876953, -247.204360962, 5828.78027344, -7.51974201202, 7.73102760315
       0.0005, 0.000608617439866, 0.20333352685, 0.148515224457, -322.604736328, -247.130874634, 5826.29150391, -7.55988836288, 7.72887420654
        0.001, 0.00119759235531, 0.205264061689, 0.148647293448, -322.109924316, -246.985824585, 5818.63720703, -7.63677310944, 7.71321821213
       0.0015, 0.00176690972876, 0.207018896937, 0.148828148842, -321.714050293, -246.844909668, 5809.32861328, -7.76278400421, 7.67920780182
        0.002, 0.00231469748542, 0.208610638976, 0.149054393172, -321.284729004, -246.674057007, 5799.08251953, -7.92948675156, 7.65915107727
       0.0025, 0.00283794454299, 0.210052683949, 0.149321943521, -320.704223633, -246.547088623, 5787.66552734, -8.07992458344, 7.62126684189
        0.003, 0.00333574903198, 0.211355790496, 0.149627119303, -319.664459229, -246.386703491, 5776.48242188, -8.27440643311, 7.59767866135
       0.0035, 0.00380637054332, 0.212536513805, 0.149966567755, -317.982940674, -246.255752563, 5765.75097656, -8.43217182159, 7.57397794724
        0.004, 0.0042498037219, 0.213606745005, 0.150337427855, -315.190887451, -246.125366211, 5757.14648438, -8.59258270264, 7.54052782059
       0.0045, 0.00466566439718, 0.21458542347, 0.150737240911, -310.872406006, -246.018707275, 5749.47705078, -8.74291229248, 7.52636289597
        0.005, 0.0050541954115, 0.215480729938, 0.151163995266, -305.061340332, -245.977676392, 5743.82617188, -8.85278606415, 7.49816989899
       0.0055, 0.00541665311903, 0.216307654977, 0.151615828276, -297.377807617, -245.944763184, 5740.70849609, -8.96708679199, 7.48299407959
        0.006, 0.00575356604531, 0.217081278563, 0.152091428638, -287.759765625, -245.984481812, 5738.70654297, -9.03464221954, 7.46874332428
       0.0065, 0.00606699194759, 0.217806115746, 0.152589648962, -276.354003906, -246.067245483, 5738.88037109, -9.07516670227,  7.4527797699
        0.007, 0.00635796226561, 0.218495130539, 0.153109520674, -263.226226807, -246.194381714, 5739.92675781, -9.10310554504, 7.44736862183
       0.0075, 0.00662810821086, 0.219151839614, 0.153650298715, -248.485076904, -246.39956665, 5742.18652344, -9.06826877594, 7.43149232864
        0.008, 0.00687899487093, 0.219782650471, 0.154211297631, -232.18649292, -246.635314941, 5743.97314453, -9.04239654541, 7.42688655853
       0.0085, 0.00711130304262, 0.220385283232, 0.154791876674, -214.831237793, -246.967803955, 5745.23632812, -8.95684242249, 7.41846752167
        0.009, 0.00732625834644, 0.220959380269, 0.155391231179, -196.464660645, -247.336135864, 5746.41845703, -8.87176513672, 7.41000461578
       0.0095, 0.00752356601879, 0.221507251263, 0.156008660793, -177.304885864, -247.764892578, 5745.10253906, -8.76364803314, 7.40846729279
         0.01, 0.00770346075296,  0.2220184654, 0.156643301249, -157.930374146, -248.249130249, 5742.44921875, -8.61657714844, 7.40290355682
       0.0105, 0.00786529388279, 0.222492858768, 0.157294005156, -138.556900024, -248.736328125, 5737.42871094, -8.4783115387, 7.40422058105
        0.011, 0.00800817459822, 0.222922950983, 0.157959669828, -119.506492615, -249.292098999, 5730.35449219, -8.29183959961, 7.39813566208
       0.0115, 0.00813135039061, 0.223305106163, 0.158638894558, -101.082168579, -249.847244263, 5720.95507812, -8.11542892456, 7.39729070663
        0.012, 0.00823308248073, 0.223634541035, 0.159330248833, -83.7725143433, -250.435562134, 5709.13818359, -7.92080307007, 7.39645767212
       0.0125, 0.00831237249076, 0.223906174302, 0.160032123327, -67.6507034302, -251.039154053, 5696.56884766, -7.7145075798, 7.38980293274
        0.013, 0.00836754404008, 0.224123254418, 0.160742849112, -52.7272071838, -251.636428833, 5681.47216797, -7.52657747269, 7.38997745514
       0.0135, 0.00839739385992, 0.224277198315, 0.161460801959, -39.3919563293, -252.276702881, 5666.04736328, -7.31814575195, 7.38538742065
        0.014, 0.00840064696968, 0.22437338531, 0.162184149027, -27.4770679474, -252.87298584, 5650.45703125, -7.14439535141, 7.38445472717
       0.0145, 0.00837604887784, 0.224413439631, 0.162911325693, -16.8269481659, -253.481262207, 5634.72363281, -6.95503616333, 7.38529205322
        0.015, 0.00832308456302, 0.224398583174, 0.163640797138, -7.40549182892, -254.047866821,  5619.8515625, -6.77951622009, 7.38752937317
       0.0155, 0.00824102759361, 0.224335357547, 0.164371073246, 0.848832249641, -254.555587769, 5605.54833984, -6.61936283112, 7.39868688583
        0.016, 0.0081301536411, 0.22422632575, 0.165100932121, 8.28612327576, -255.051925659, 5593.64648438, -6.44853448868, 7.40302991867
       0.0165, 0.00799068342894, 0.224083214998, 0.165829271078, 15.2040710449, -255.468231201, 5582.41259766, -6.31730747223, 7.41620111465
        0.017, 0.00782357621938, 0.223906725645, 0.166555285454, 21.5296039581, -255.870330811, 5573.20166016, -6.18384695053, 7.42761278152
       0.0175, 0.00763017497957, 0.223706021905, 0.167278155684, 27.6119327545, -256.203033447, 5566.16748047, -6.08552980423,  7.4361371994
        0.018, 0.00741221196949, 0.223489269614, 0.167997464538, 33.7416038513, -256.462097168,  5559.8828125, -6.00674057007, 7.45233201981
       0.0185, 0.00717210164294, 0.223256826401, 0.168712809682, 39.9507102966, -256.688751221, 5555.33935547, -5.93186998367, 7.46078252792
        0.019, 0.0069119897671, 0.223016113043, 0.169423878193, 46.2812156677, -256.81362915, 5551.30419922, -5.91036844254, 7.47295093536
       0.0195, 0.00663487706333, 0.222767174244, 0.170130491257, 52.9538917542, -256.920501709, 5548.47558594, -5.88503456116, 7.48199605942
         0.02, 0.0063433717005, 0.222514793277, 0.170832440257, 59.9995574951, -256.970306396, 5544.89697266, -5.91071033478, 7.48582792282
       0.0205, 0.00604056799784, 0.222253903747, 0.171529591084, 67.1437301636, -256.962036133, 5541.02587891, -5.96550559998, 7.49556827545
        0.021, 0.00572939123958, 0.221984818578, 0.172221586108, 74.4622573853, -256.939453125, 5537.12207031, -6.03162336349, 7.49364614487
       0.0215, 0.0054125059396, 0.221708163619, 0.172908142209, 81.8542251587, -256.84274292, 5531.19287109, -6.1487827301, 7.49712705612
        0.022, 0.00509285042062, 0.221415475011, 0.173588871956, 89.0425949097, -256.742370605, 5524.38427734, -6.25733947754, 7.49773693085
       0.0225, 0.00477234879509, 0.221106782556, 0.174263104796,   95.82081604, -256.584228516, 5515.83837891, -6.40325593948, 7.49250602722
        0.023, 0.00445348955691, 0.220776736736, 0.174930214882, 102.118621826, -256.391540527, 5506.19970703, -6.55601787567, 7.48975467682
       0.0235, 0.00413771532476, 0.220424085855, 0.175589412451, 107.743835449, -256.200164795, 5494.49023438, -6.69874620438, 7.47796535492
        0.024, 0.00382642354816, 0.220042765141, 0.176239833236, 112.309883118, -255.961608887, 5481.61279297, -6.87038660049, 7.47080421448
       0.0245, 0.00352065078914, 0.219632282853, 0.176880449057, 115.905349731, -255.762496948, 5468.50537109, -7.01548480988, 7.45481920242
        0.025, 0.00322064314969, 0.219194576144, 0.177510350943, 118.378341675, -255.547836304, 5453.78076172,  -7.171230793, 7.44031572342
       0.0255, 0.00292708631605, 0.218724504113, 0.178128555417, 119.504722595, -255.351531982, 5439.26171875, -7.31738519669, 7.42969942093
        0.026, 0.00263946992345, 0.218226641417, 0.178734064102, 119.338790894, -255.175338745, 5424.83984375, -7.43149995804, 7.40932893753
       0.0265, 0.00235787872225, 0.217702656984, 0.179326057434, 117.945228577, -255.004516602, 5411.27294922, -7.54503774643, 7.39692592621
        0.027, 0.00208165310323, 0.217157870531, 0.179903820157, 115.378883362, -254.899963379, 5398.04882812, -7.61233711243, 7.37865018845
       0.0275, 0.00181014160626, 0.216593414545, 0.180466756225, 111.551101685, -254.789611816, 5386.04541016, -7.67212677002, 7.36212062836
        0.028, 0.00154307566117, 0.216015666723, 0.181014373899, 106.837768555, -254.747177124, 5376.07861328, -7.69622659683, 7.34349584579
       0.0285, 0.00127955409698, 0.215432941914, 0.181546464562, 101.301216125, -254.732757568, 5366.54589844, -7.68674993515, 7.32116270065
        0.029, 0.00101973675191, 0.214845150709, 0.182062953711, 94.8588943481, -254.73526001, 5358.91552734, -7.6632938385, 7.30336046219
       0.0295, 0.000763188058045, 0.214261040092, 0.182563796639, 87.8359451294, -254.802307129, 5352.48339844, -7.58533239365, 7.27550411224
         0.03, 0.000510462268721, 0.213683903217, 0.183049246669, 80.3181991577, -254.860534668, 5347.37744141, -7.50035190582,  7.2513589859
       0.0305, 0.00026212958619, 0.213118255138, 0.18351957202, 72.4049987793, -254.973464966, 5342.50976562, -7.37315130234, 7.22115039825
        0.031, 1.89527545444e-05, 0.212563604116, 0.18397513032, 64.0974121094, -255.100250244, 5338.37548828, -7.23387289047, 7.18339681625
       0.0315, -0.000217540611629, 0.212023496628, 0.184416234493, 55.7467346191, -255.258285522, 5335.07373047, -7.09163761139, 7.14728546143
        0.032, -0.000446330755949, 0.211500734091, 0.184843361378, 47.4203529358, -255.456115723, 5330.67382812, -6.91923856735,  7.1042342186
       0.0325, -0.000665440107696, 0.210989043117, 0.185256838799, 38.9796295166, -255.625183105, 5326.43212891, -6.76884126663, 7.06528902054
        0.033, -0.00087347306544, 0.210491001606, 0.185656890273, 30.7962150574, -255.837677002, 5321.38916016, -6.58991479874, 7.01929187775
       0.0335, -0.00106851046439, 0.210003048182, 0.186043798923, 22.8816642761, -256.026916504, 5315.87158203, -6.42948627472, 6.98089647293
        0.034, -0.00124893640168, 0.20952410996, 0.18641769886, 15.2215003967, -256.214141846, 5308.75830078, -6.27742815018, 6.94692468643
       0.0345, -0.00141343672294, 0.209047600627, 0.186778649688, 7.78933906555, -256.380859375, 5300.95263672, -6.11853551865, 6.91099119186
        0.035, -0.00156038207933, 0.208573326468, 0.187126517296, 0.812688708305, -256.521209717, 5292.74902344, -5.99230289459, 6.88822984695
       0.0355, -0.00168911193032, 0.208100572228, 0.187461316586, -5.78632879257, -256.656005859, 5282.68408203, -5.8581829071, 6.86305093765
        0.036, -0.00179856061004, 0.207621738315, 0.187782868743, -12.2722654343, -256.711608887, 5272.62597656, -5.75729894638, 6.84860515594
       0.0365, -0.0018886255566, 0.207140833139, 0.188090905547, -18.3835067749, -256.751434326, 5261.88232422, -5.66109371185, 6.83486795425
        0.037, -0.00195911317132, 0.206655323505, 0.188385337591, -24.2434005737, -256.734130859, 5251.30517578, -5.58077716827, 6.82204627991
       0.0375, -0.00201035197824, 0.206167936325, 0.188666000962, -30.0311889648, -256.645477295, 5240.12109375, -5.52800655365, 6.81534814835
        0.038, -0.00204319832847, 0.205676943064, 0.188932821155, -35.8243675232, -256.532867432, 5229.54589844, -5.47175216675, 6.80062627792
       0.0385, -0.0020582342986, 0.205187261105, 0.189185708761, -41.5075035095, -256.348571777,   5220.140625, -5.46323108673, 6.79440975189
        0.039, -0.00205698725767, 0.204704165459, 0.189424827695, -47.2261695862, -256.147521973, 5210.39404297, -5.45361328125, 6.78285646439
       0.0395, -0.00204055965878, 0.204224452376, 0.189650326967, -53.280166626, -255.873718262,  5202.3671875, -5.48525524139, 6.77153587341
         0.04, -0.0020106381271, 0.203756764531, 0.189862385392, -59.3993797302, -255.580535889, 5195.01171875, -5.53157949448, 6.76281833649
       0.0405, -0.00196855980903, 0.20330119133, 0.190061450005, -65.7287597656, -255.25302124, 5189.01367188, -5.58768987656, 6.75141716003
        0.041, -0.00191572087351, 0.202862650156, 0.190247893333, -72.419921875, -254.857299805, 5183.41210938, -5.68090200424, 6.74961614609
       0.0415, -0.00185376801528, 0.202439814806, 0.190422236919, -79.4519271851, -254.456390381, 5178.87988281, -5.75939130783, 6.73759317398
        0.042, -0.00178354897071, 0.202035456896, 0.190584912896, -86.5923614502, -253.99659729, 5175.68847656, -5.86989021301, 6.73769569397
       0.0425, -0.001706495299, 0.201652765274, 0.190736547112, -93.8832244873, -253.528808594, 5171.79296875, -5.98049211502, 6.73303079605
        0.043, -0.00162329548039, 0.201284199953, 0.190877646208, -101.459312439, -253.02973938, 5169.06347656, -6.09320878983, 6.72337245941
       0.0435, -0.0015348471934, 0.200935408473, 0.191008627415, -108.846794128, -252.514160156,  5166.0078125, -6.22283029556, 6.71724224091
        0.044, -0.00144162971992, 0.200601518154, 0.191130056977, -116.044555664, -252.024047852, 5163.13378906, -6.33222007751, 6.70052909851
       0.0445, -0.00134391884785, 0.200282886624, 0.191242277622, -123.062545776, -251.499053955, 5159.43603516, -6.47224712372, 6.68406200409
        0.045, -0.00124221958686, 0.199975058436, 0.191345691681, -129.730697632, -251.022232056, 5155.32617188, -6.58509159088, 6.66042661667
       0.0455, -0.0011361973593, 0.199677348137, 0.191440522671, -135.746261597, -250.553421021, 5151.37060547, -6.71490621567, 6.63814306259
        0.046, -0.0010260802228, 0.199390515685, 0.191527023911, -141.116531372, -250.107788086,  5145.5078125, -6.83993959427, 6.61433792114
       0.0465, -0.000911616778467, 0.19910480082, 0.191605329514, -145.994232178, -249.697143555, 5139.93505859, -6.93744802475, 6.58372211456
        0.047, -0.000792714126874, 0.198824986815, 0.191675409675, -149.926620483, -249.301559448, 5133.39306641, -7.0461807251, 6.56402778625
       0.0475, -0.000669236469548, 0.198545873165, 0.191737368703, -153.003463745, -248.956848145, 5126.52148438, -7.1079325676, 6.53862285614
        0.048, -0.000540976412594, 0.198267027736, 0.191791117191, -155.341064453, -248.58682251, 5118.99414062, -7.1702299118, 6.52093744278
       0.0485, -0.000408296124078, 0.19798591733, 0.191836595535, -156.890396118, -248.263442993, 5111.15234375, -7.18779468536, 6.50160264969
        0.049, -0.000270968506811, 0.197701662779, 0.191873669624, -157.517807007, -247.95401001, 5104.10839844, -7.17807388306, 6.48198032379
       0.0495, -0.000129570893478, 0.197419136763, 0.19190235436, -157.372055054, -247.648742676, 5095.87646484, -7.15312051773, 6.46485996246
         0.05, 1.54694225785e-05, 0.197131633759, 0.191922619939, -156.789901733, -247.402053833, 5088.87109375, -7.07679843903, 6.43814182281
       0.0505, 0.000163590913871, 0.196847304702, 0.191934376955, -155.507858276, -247.161026001, 5082.06494141, -7.00929450989, 6.41422700882
        0.051, 0.000313972181175, 0.196564927697, 0.191937819123, -153.766784668, -246.981613159, 5075.78222656, -6.90448951721, 6.38518810272
       0.0515, 0.000465889752377, 0.196287184954, 0.191933006048, -151.874725342, -246.814727783, 5070.18896484, -6.79942846298, 6.35174608231
        0.052, 0.000618140969891, 0.196016460657, 0.191920146346, -149.869308472, -246.697525024, 5065.00439453, -6.68381977081, 6.32148838043
       0.0525, 0.000770061800722, 0.195753157139, 0.191899433732, -147.770355225, -246.619094849, 5061.44677734, -6.55194425583, 6.28768777847
        0.053, 0.000920438498724, 0.195503428578, 0.191871196032, -145.730117798, -246.519866943, 5057.28173828, -6.43697500229, 6.26074457169
       0.0535, 0.00106817646883, 0.19526104629, 0.191835746169, -144.05670166, -246.475326538, 5054.52734375, -6.28570699692, 6.23003768921
        0.054, 0.00121234613471, 0.195032790303, 0.191793322563, -142.442855835, -246.406906128, 5052.13671875, -6.16222476959, 6.21094417572
       0.0545, 0.00135179865174, 0.194816783071, 0.191744357347, -141.006759644, -246.356704712, 5049.74853516, -6.03077793121, 6.19397592545
        0.055, 0.00148572342005, 0.194610953331, 0.191689118743, -139.913589478, -246.275894165, 5047.78808594, -5.89809608459, 6.17830705643
       0.0555, 0.00161302287597, 0.194416329265, 0.19162787497, -138.989700317, -246.167297363, 5045.34082031, -5.78112506866, 6.17179489136
        0.056, 0.00173320493195, 0.194229006767, 0.19156087935, -138.127075195, -246.056808472, 5043.69189453, -5.64881277084, 6.16187095642
       0.0565, 0.0018455311656, 0.194053217769, 0.191488385201, -137.30027771, -245.877487183, 5040.59033203, -5.55094861984, 6.15571975708
        0.057, 0.00194950331934, 0.19388051331, 0.191410601139, -136.638092041, -245.710845947, 5037.75976562, -5.44926357269, 6.15189647675
       0.0575, 0.00204496877268, 0.193714544177, 0.191327556968, -135.786224365, -245.511077881, 5034.65429688, -5.38029909134, 6.14920902252
        0.058, 0.00213173800148, 0.193553313613,  0.1912394315, -134.693008423, -245.28553772, 5030.50878906, -5.34004735947, 6.15079832077
       0.0585, 0.00220988993533, 0.193392664194, 0.191146239638, -133.474014282, -245.044815063, 5026.39746094, -5.30251979828, 6.15185976028
        0.059, 0.0022793977987, 0.193234339356, 0.191047921777, -131.89666748, -244.76109314, 5021.36962891, -5.31465005875, 6.16281318665
       0.0595, 0.00234069628641, 0.193073436618, 0.190944463015, -129.871337891, -244.475006104, 5016.80273438, -5.31966304779, 6.17379236221
         0.06, 0.00239400565624, 0.192913636565, 0.190835773945, -127.396514893, -244.109420776, 5011.08984375, -5.36325788498, 6.18953323364
       0.0605, 0.00243969121948, 0.192748650908, 0.190721780062, -124.614715576, -243.734115601, 5005.65185547, -5.40343236923, 6.20943450928
        0.061, 0.0024782945402,  0.1925817132, 0.190602332354, -121.32006073, -243.312515259, 5000.63769531, -5.45440292358, 6.22959756851
       0.0615, 0.00251016882248, 0.192413911223, 0.190477401018, -117.532020569, -242.836868286, 4994.92431641, -5.52449035645, 6.25431108475
        0.062, 0.0025358023122, 0.192241325974, 0.190346941352, -113.504837036, -242.351989746, 4990.14453125, -5.57689905167, 6.27090358734
       0.0625, 0.00255543552339, 0.192069903016, 0.190210878849, -109.142242432, -241.814559937, 4985.20214844, -5.65773916245, 6.28776264191
        0.063, 0.00256954552606,   0.191897735, 0.190069288015, -104.516738892, -241.291549683, 4981.31396484, -5.72749519348, 6.29774332047
       0.0635, 0.00257832906209, 0.191730484366, 0.189922258258, -99.7917938232, -240.748245239, 4977.30371094, -5.81182861328, 6.29792642593
        0.064, 0.00258202268742, 0.191566035151, 0.189769923687, -95.1792678833, -240.215759277, 4973.93017578, -5.90555953979, 6.29715538025
       0.0645, 0.00258088135161, 0.191407874227, 0.189612403512, -90.6518554688, -239.716018677, 4971.72802734, -5.99258804321,  6.2870259285
        0.065, 0.00257493532263, 0.191259562969, 0.189449965954, -86.2771377563, -239.198822021, 4969.00097656, -6.10239458084,    6.27643013
       0.0655, 0.00256435829215, 0.191116198897, 0.189282819629, -82.3593521118, -238.738586426, 4967.44775391, -6.18567276001, 6.25958108902
        0.066, 0.00254901335575, 0.190983340144, 0.189111143351, -78.8184585571, -238.275482178, 4965.82958984, -6.29065752029, 6.24523067474
       0.0665, 0.00252901529893, 0.190857768059, 0.188935235143, -75.6640167236, -237.846786499, 4964.77685547, -6.37935829163,  6.2299618721
        0.067, 0.00250415015034, 0.190741583705, 0.188755303621, -72.9656295776, -237.42376709, 4963.49560547, -6.44690418243, 6.20964479446
       0.0675, 0.00247425306588, 0.190631777048, 0.188571557403, -70.7775878906, -237.017684937, 4962.03369141, -6.51286888123, 6.19615030289
        0.068, 0.00243927002884, 0.19052734971, 0.188384145498, -68.999671936, -236.650268555, 4961.23681641, -6.54483509064, 6.17667102814
       0.0685, 0.0023989349138, 0.190430909395, 0.188193261623, -67.5358428955, -236.263015747, 4959.11621094, -6.57454061508, 6.15884637833
        0.069, 0.00235329777934, 0.190334871411, 0.187999039888, -66.5293426514, -235.927261353, 4957.37255859, -6.57077360153, 6.13716316223
       0.0695, 0.0023021446541, 0.190242961049, 0.187801465392, -65.8132781982, -235.614273071, 4955.06396484, -6.55887126923, 6.10939502716
         0.07, 0.00224568322301, 0.190152034163, 0.187600687146, -65.2811737061, -235.333511353, 4952.42089844, -6.53813934326,  6.0822558403
       0.0705, 0.00218395795673, 0.190062373877, 0.187396660447, -64.9410095215, -235.106735229,  4949.4140625, -6.49150037766, 6.04888153076
        0.071, 0.00211712508462, 0.189972832799, 0.187189429998, -64.7559051514, -234.894973755, 4945.75634766, -6.45653057098, 6.02176809311
       0.0715, 0.00204563047737, 0.189881533384, 0.186978921294, -64.6065597534, -234.735366821, 4942.72998047, -6.38983821869, 5.99173688889
        0.072, 0.0019696499221, 0.189792394638, 0.186765089631, -64.3821182251, -234.568618774, 4938.54101562, -6.33033466339, 5.96473646164
       0.0725, 0.00188987143338, 0.189699366689, 0.18654794991, -64.2167892456, -234.452392578, 4934.87109375, -6.24894046783, 5.94481039047
        0.073, 0.00180668523535, 0.189607232809, 0.186327338219, -64.0001678467, -234.340423584, 4931.28613281, -6.15789556503, 5.92736053467
       0.0735, 0.00172082218342, 0.189514800906, 0.186103329062, -63.6554031372, -234.210083008, 4927.59326172, -6.06519699097, 5.91979980469
        0.074, 0.00163293397054, 0.189421087503, 0.185875833035, -63.2786407471, -234.095855713, 4924.41113281, -5.93890857697, 5.90928506851
       0.0745, 0.00154362991452, 0.18932826817, 0.185644835234, -62.8985099792, -233.947097778,   4921.046875, -5.82448005676, 5.90743494034
        0.075, 0.00145382457413, 0.189234510064, 0.185410380363, -62.5135307312, -233.820129395, 4918.94335938, -5.69529867172, 5.90479135513
       0.0755, 0.00136398687027, 0.189145892859, 0.18517254293, -62.0870513916, -233.672119141, 4916.33203125, -5.57221651077, 5.89829111099
        0.076, 0.00127498502843, 0.189057573676, 0.184931486845, -61.8004837036, -233.532272339, 4914.53710938, -5.46125030518, 5.89612960815
       0.0765, 0.00118728459347, 0.188974812627, 0.184687227011, -61.6318740845, -233.41583252, 4913.41113281, -5.3534154892, 5.88838291168
        0.077, 0.00110144005157, 0.188899070024, 0.18444006145, -61.5468788147, -233.275756836, 4912.14501953, -5.28371667862, 5.88539218903
       0.0775, 0.00101794744842, 0.18882869184, 0.184190168977, -61.6662750244, -233.174118042, 4911.60888672, -5.21283864975, 5.88130283356
        0.078, 0.000936970929615, 0.18876670301, 0.183937728405, -62.0216789246, -233.041656494, 4910.82470703, -5.18273878098, 5.88498926163
       0.0785, 0.000858967017848, 0.188709944487, 0.183682948351, -62.6159858704, -232.905059814, 4910.87890625, -5.16113424301, 5.89104366302
        0.079, 0.000783819821663, 0.188662096858, 0.183425992727, -63.4063873291, -232.722045898, 4910.23925781, -5.14209365845, 5.89684820175
       0.0795, 0.000711776316166, 0.188617601991, 0.18316707015, -64.5272293091, -232.499099731, 4909.70410156, -5.1473903656, 5.91246986389
         0.08, 0.000642732949927, 0.188577771187, 0.182906240225, -65.9491500854, -232.254714966, 4909.49072266, -5.14161348343, 5.92302751541
       0.0805, 0.00057657121215, 0.188543379307, 0.182643651962, -67.5682144165, -231.928070068, 4908.29345703, -5.15963077545, 5.93624258041
        0.081, 0.000513268110808, 0.188509076834, 0.18237939477, -69.4444046021, -231.593719482, 4907.37304688, -5.16915941238, 5.94534254074
       0.0815, 0.000452406500699, 0.188477754593, 0.182113453746, -71.545501709, -231.221466064, 4905.72753906, -5.19732046127, 5.94922018051
        0.082, 0.000394036876969, 0.188445538282, 0.181845888495, -73.8285293579, -230.836410522, 4904.34033203, -5.24292230606,  5.9509935379
       0.0825, 0.000337733246852, 0.188415333629, 0.181576699018, -76.2110061646, -230.449966431,   4902.171875, -5.28957223892, 5.94420528412
        0.083, 0.000283467816189, 0.188382983208, 0.181305870414, -78.7645950317, -230.053741455, 4899.82080078, -5.36964416504, 5.94033527374
       0.0835, 0.000231155354413, 0.188349157572, 0.181033313274, -81.4571685791, -229.691680908, 4897.95654297, -5.44385814667, 5.92996931076
        0.084, 0.000180656032171, 0.18831653893, 0.180759042501, -84.1814117432, -229.28855896,    4895.15625, -5.54449605942,  5.9223947525
       0.0845, 0.000132228757138, 0.188279822469, 0.18048299849, -87.0001983643, -228.913925171, 4892.98388672, -5.63677930832, 5.91477298737
        0.085, 8.57366467244e-05, 0.188243404031, 0.180205091834, -89.8565597534, -228.522232056, 4890.56054688, -5.72530412674, 5.90497922897
       0.0855, 4.15804133809e-05, 0.188205242157, 0.179925352335, -92.7041397095, -228.107910156,      4888.625, -5.81721544266, 5.89686155319
        0.086, -2.49416501674e-07, 0.188168168068, 0.179643765092,   -95.4765625, -227.704391479, 4886.64453125, -5.87450218201, 5.88056182861
       0.0865, -3.94438538933e-05, 0.188131406903, 0.179360345006, -98.1962432861, -227.276168823, 4884.77001953, -5.9391617775, 5.86622238159
        0.087, -7.57108864491e-05, 0.188095703721, 0.179075136781, -100.847724915, -226.895248413, 4883.97802734, -5.98246479034, 5.84470462799
       0.0875, -0.000108970794827, 0.18806605041, 0.178788244724, -103.345481873, -226.511947632, 4882.58740234, -6.02604675293, 5.81955003738
        0.088, -0.000138691379107, 0.18803755939, 0.178499817848, -105.785896301, -226.188842773, 4882.13964844, -6.06597614288, 5.79528236389
       0.0885, -0.00016483849322, 0.188015341759, 0.178209900856, -108.156791687, -225.912796021, 4881.80322266, -6.09585762024, 5.76958179474
        0.089, -0.000186926365132, 0.187997922301, 0.177918702364, -110.435668945, -225.654678345, 4881.81640625, -6.13725757599, 5.74970722198
       0.0895, -0.000204901763937, 0.187985986471, 0.177626341581, -112.617736816, -225.459121704, 4881.98974609, -6.14685153961, 5.72784852982
         0.09, -0.000218619679799, 0.187978878617, 0.17733296752, -114.702377319, -225.262649536, 4881.93212891, -6.16549539566, 5.71590232849
       0.0905, -0.000227943077334, 0.18797506392, 0.17703871429, -116.701370239, -225.10635376, 4882.75537109, -6.16064405441, 5.70374250412
        0.091, -0.000233197715716, 0.187978550792,  0.1767437011, -118.534461975, -224.948028564, 4882.61572266, -6.13370990753, 5.69016218185
       0.0915, -0.000234256600379, 0.187983289361, 0.176448091865, -120.300239563, -224.802474976, 4882.86914062, -6.10036849976, 5.68225002289
        0.092, -0.000231563244597, 0.187992572784, 0.176151931286, -122.005020142, -224.684631348, 4882.97167969, -6.03598928452, 5.66945266724
       0.0925, -0.00022521376377, 0.188004851341, 0.175855338573, -123.645050049, -224.550460815, 4882.70410156, -5.97493267059, 5.65833616257
        0.093, -0.000215537045733, 0.18801856041, 0.17555834353, -125.294013977, -224.468429565, 4882.40917969, -5.88719081879, 5.64317989349
       0.0935, -0.000202855633688, 0.188034012914, 0.175261005759, -126.990844727, -224.385009766, 4881.44580078, -5.81198644638, 5.63256120682
        0.094, -0.000187231402379, 0.188048288226, 0.174963280559, -128.780990601, -224.337585449, 4881.11083984, -5.73165035248, 5.62214612961
       0.0945, -0.000169257880771, 0.188065305352, 0.174665182829, -130.580413818, -224.288574219, 4879.72460938, -5.64183616638, 5.61002016068
        0.095, -0.000148999781231, 0.188078969717, 0.174366742373, -132.448150635, -224.246536255,   4878.546875, -5.56852531433, 5.60686302185
       0.0955, -0.000126999206259, 0.188092440367, 0.174067810178, -134.357070923, -224.22354126, 4877.49658203, -5.47675704956, 5.59978342056
        0.096, -0.000103546808532, 0.188105821609, 0.173768445849, -136.218856812, -224.156005859, 4875.98974609, -5.4042506218, 5.59655666351
       0.0965, -7.90075937402e-05, 0.188117071986, 0.173468589783, -138.067016602, -224.107315063, 4874.88232422, -5.31848812103, 5.59285402298
        0.097, -5.38025706192e-05, 0.188128933311, 0.173168182373, -139.882202148, -224.027862549, 4873.43408203, -5.24271821976, 5.58881664276
       0.0975, -2.79577252513e-05, 0.188139036298, 0.172867268324, -141.677871704, -223.942520142, 4872.87548828, -5.17861604691, 5.58551836014
        0.098, -1.93975461116e-06, 0.188152119517, 0.172565802932, -143.402313232, -223.847976685, 4871.83398438, -5.10911273956, 5.57858562469
       0.0985, 2.44155435212e-05, 0.188163951039, 0.172263890505, -145.117538452, -223.740509033, 4871.25878906, -5.07119941711, 5.57907342911
        0.099, 5.09675301146e-05, 0.188177600503, 0.171961471438, -146.818557739, -223.646453857,   4871.359375, -5.03045845032, 5.57686090469
       0.0995, 7.77129898779e-05, 0.188194647431, 0.171658709645, -148.369552612, -223.496734619, 4871.08251953, -5.01794528961,  5.5790271759
          0.1, 0.000104707294668, 0.188212007284, 0.171355649829, -149.794174194, -223.356521606, 4871.53710938, -5.00637102127, 5.58360671997
       0.1005, 0.000131738139316, 0.188233539462, 0.171052366495, -151.032104492, -223.188278198, 4871.78076172, -5.00664710999, 5.58644914627
        0.101, 0.00015899335267, 0.188256978989, 0.170748993754, -152.057479858, -222.986984253, 4872.70898438, -5.0315155983, 5.59249162674
       0.1015, 0.000186127494089, 0.188286080956, 0.170445635915, -152.826339722, -222.785903931,    4873.28125, -5.0434513092, 5.59333181381
        0.102, 0.000213318300666, 0.188317790627, 0.170142456889, -153.396316528, -222.549530029, 4873.91162109, -5.08697986603, 5.59929561615
       0.1025, 0.000240495719481, 0.188352927566, 0.169839501381, -153.827758789, -222.324234009, 4875.13916016, -5.13022994995, 5.60197162628
        0.103, 0.000267577182967, 0.188393697143, 0.169536918402, -154.071304321, -222.061141968,  4875.5234375, -5.18941640854,  5.6043844223
       0.1035, 0.000294811557978, 0.188434675336, 0.16923481226, -154.250106812, -221.821426392, 4876.39501953, -5.25458574295, 5.61008930206
        0.104, 0.000322015665006, 0.188479483128, 0.168933153152, -154.371139526, -221.569046021, 4876.78710938, -5.32294750214, 5.61347579956
       0.1045, 0.000349413137883, 0.18852455914, 0.168632060289, -154.422317505, -221.292404175, 4877.32910156, -5.40625047684, 5.62081050873
        0.105, 0.000376689131372, 0.188571318984, 0.168331503868, -154.387649536, -221.022521973, 4877.44970703, -5.46609783173, 5.62365865707
       0.1055, 0.000403849669965, 0.188617378473, 0.168031543493, -154.281234741, -220.716873169, 4877.17529297, -5.53752613068, 5.63040971756
        0.106, 0.000430683285231, 0.188662111759, 0.167732089758, -154.171432495, -220.430953979, 4877.48388672, -5.59579610825, 5.63107252121
       0.1065, 0.000456821580883, 0.188709035516, 0.167433172464, -153.973678589, -220.132919312, 4876.78710938,  -5.646920681, 5.62654399872
        0.107, 0.000482295989059, 0.188752919436, 0.167134806514, -153.803894043, -219.860641479, 4876.56982422, -5.70221567154, 5.62422084808
       0.1075, 0.000506665674038, 0.188797980547, 0.166836887598, -153.704330444, -219.614639282, 4876.16015625, -5.74484443665, 5.61567020416
        0.108, 0.000529965036549, 0.188842192292, 0.166539460421, -153.658203125, -219.370376587, 4875.81884766, -5.79782009125, 5.60755157471
       0.1085, 0.000551884120796, 0.188886255026, 0.166242465377, -153.696868896, -219.195907593, 4875.59033203, -5.82837486267, 5.59566640854
        0.109, 0.000572355173063, 0.188930511475, 0.165945917368,  -153.8019104, -219.022705078, 4875.08740234, -5.87466573715, 5.58898496628
       0.1095, 0.000591306190472, 0.188973382115, 0.165649786592, -154.008956909, -218.886810303, 4875.55712891, -5.90311288834, 5.58134317398
         0.11, 0.000608329079114, 0.189019486308, 0.16535410285, -154.163711548, -218.746200562, 4875.32470703, -5.91098451614, 5.57094287872
       0.1105, 0.000623498111963, 0.18906404078, 0.165058910847, -154.300415039, -218.611160278, 4875.69091797, -5.91544151306, 5.56620836258
        0.111, 0.000636399257928, 0.189111307263, 0.164764195681, -154.431121826, -218.510543823, 4876.35205078, -5.88672590256,  5.5550403595
       0.1115, 0.000647056789603, 0.189161643386, 0.164470076561, -154.487197876, -218.395187378, 4876.90332031, -5.86110401154, 5.54569292068
        0.112, 0.000655348412693, 0.189214274287, 0.164176642895, -154.513458252, -218.336334229, 4877.91259766, -5.81458759308, 5.53363418579
       0.1125, 0.000661250087433, 0.189270943403, 0.163883954287, -154.519943237, -218.288375854, 4878.60302734, -5.77241897583, 5.52321910858
        0.113, 0.000665049999952, 0.189329072833, 0.163592085242, -154.567687988, -218.283248901, 4880.17236328, -5.73165941238,  5.5130739212
       0.1135, 0.000666614330839, 0.189392879605, 0.163301125169, -154.563232422, -218.301971436, 4881.05419922, -5.67831516266,  5.5024600029
        0.114, 0.000666377018206, 0.189456954598, 0.163011208177, -154.546661377, -218.340270996, 4882.20263672, -5.64113950729, 5.50117540359
       0.1145, 0.000664345105179, 0.18952332437, 0.162722274661, -154.529708862, -218.398178101, 4883.65136719, -5.58231449127, 5.49705457687
        0.115, 0.000660688208882, 0.189592182636, 0.162434473634, -154.39654541, -218.413101196, 4884.46582031, -5.52905321121, 5.49787425995
       0.1155, 0.000655546959024, 0.189660295844, 0.162147819996, -154.188415527, -218.441314697, 4885.63085938, -5.45771598816, 5.49959850311
        0.116, 0.000648904009722, 0.189730465412, 0.161862328649, -153.900894165, -218.448150635, 4886.23486328, -5.38266324997, 5.50028133392
       0.1165, 0.000641085847747, 0.189799875021, 0.161578044295, -153.590606689, -218.44039917, 4887.29296875, -5.31513166428, 5.50202322006
        0.117, 0.000631944683846, 0.189871862531, 0.161294966936, -153.21786499, -218.43661499, 4887.68798828, -5.23230648041,  5.4979429245
       0.1175, 0.000621830229647, 0.189942076802, 0.161013156176, -152.867767334, -218.424697876, 4888.03759766, -5.1759762764, 5.49878406525
        0.118, 0.000610856048297, 0.190011978149, 0.160732522607, -152.646865845, -218.447097778, 4888.84667969, -5.11856365204, 5.49593019485
       0.1185, 0.000599159742706, 0.190083786845, 0.160453110933, -152.459197998, -218.432022095, 4888.82128906, -5.08860635757, 5.49797058105
        0.119, 0.000586969021242, 0.190152481198, 0.160174921155, -152.359481812, -218.439498901, 4889.34912109, -5.06059789658, 5.50391960144
       0.1195, 0.000574156874791, 0.190221443772, 0.159897834063, -152.292800903, -218.421081543, 4889.49462891, -5.0410399437, 5.50843000412
         0.12, 0.000560882384889, 0.190287917852, 0.15962189436, -152.265289307, -218.367294312, 4890.02929688, -5.03910446167, 5.51753616333
       0.1205, 0.000546822964679, 0.190355032682, 0.159347057343, -152.230575562, -218.304275513, 4890.36230469, -5.02175855637, 5.52287769318
        0.121, 0.000532021163963, 0.190421253443, 0.159073352814, -152.196807861, -218.19468689, 4890.61523438, -5.02663660049, 5.53382587433
       0.1215, 0.000516359345056, 0.19048666954, 0.15880073607, -152.265594482, -218.100402832, 4891.71435547, -5.03133869171, 5.53937292099
        0.122, 0.000499666493852, 0.190555334091, 0.158529266715, -152.368408203, -217.971588135, 4892.06445312, -5.05090856552, 5.54572057724
       0.1225, 0.000482139788801, 0.190622076392, 0.158259004354, -152.609832764, -217.86491394, 4893.16650391, -5.08207941055, 5.55487442017
        0.123, 0.000463639560621, 0.190691456199, 0.157989889383, -152.98664856, -217.75567627, 4894.19580078, -5.1211309433, 5.56172466278
       0.1235, 0.000444413075456, 0.190761327744, 0.157722055912, -153.481369019, -217.624298096, 4895.41552734, -5.18250846863, 5.57292556763
        0.124, 0.000424333469709, 0.190832406282, 0.157455503941, -154.065628052, -217.508575439, 4896.76074219, -5.22803544998, 5.57951688766
       0.1245, 0.000403508485761, 0.190904557705, 0.157190307975, -154.657302856, -217.357315063, 4897.77734375, -5.29398298264, 5.59131002426
        0.125, 0.000381976977224, 0.190976306796, 0.156926468015, -155.315246582, -217.216003418, 4899.66894531, -5.3522439003, 5.59963274002
       0.1255, 0.000359557423508, 0.191052556038, 0.156664088368, -155.922744751, -217.046051025, 4900.66210938, -5.40283632278, 5.60399341583
        0.126, 0.000336505705491, 0.191127792001, 0.156403258443, -156.546218872, -216.883026123, 4902.15136719, -5.46088123322, 5.61074924469
       0.1265, 0.000312746415148, 0.19120644033, 0.156143948436, -157.204193115, -216.730575562, 4903.61376953, -5.50497531891, 5.61345386505
        0.127, 0.000288554059807, 0.191287204623, 0.155886292458, -157.886703491, -216.56211853, 4904.78613281, -5.55978918076, 5.61710166931
       0.1275, 0.000264054600848, 0.191368222237, 0.155630275607, -158.653015137, -216.449569702, 4906.17578125, -5.59624195099,  5.6145567894
        0.128, 0.000239518893068, 0.191450625658, 0.155375912786, -159.441864014, -216.331329346, 4906.97558594, -5.65115499496, 5.61762094498
       0.1285, 0.00021529046353, 0.191531062126, 0.155123203993, -160.332260132, -216.247711182, 4908.50537109, -5.69457674026, 5.61692094803
        0.129, 0.000191352490219, 0.191613301635, 0.154872119427, -161.187057495, -216.15713501, 4909.13134766, -5.72473859787, 5.61229848862
       0.1295, 0.000168040700373, 0.191692098975, 0.15462268889, -162.004379272, -216.068969727, 4909.98632812, -5.75707674026, 5.61160564423
         0.13, 0.00014526634186, 0.19177056849, 0.154374822974, -162.783782959, -216.005111694, 4911.06982422, -5.75773715973,   5.603703022
       0.1305, 0.000123119883938, 0.191849768162, 0.154128566384, -163.468688965, -215.916717529, 4911.56982422, -5.76454019547, 5.59584474564
        0.131, 0.000101615514723, 0.191927418113, 0.15388391912, -164.142807007, -215.878982544, 4912.55078125, -5.7460603714, 5.58424329758
       0.1315, 8.07511096355e-05, 0.192007124424, 0.15364086628, -164.791946411, -215.848007202, 4913.06982422, -5.73410987854,  5.5746588707
        0.132, 6.07921429037e-05, 0.192085817456, 0.153399437666, -165.533111572, -215.862091064, 4914.28369141, -5.72161340714, 5.56472301483
       0.1325, 4.16315779148e-05, 0.192167565227, 0.153159588575, -166.315536499, -215.899002075, 4914.97851562, -5.69701051712, 5.55429697037
        0.133, 2.35145580518e-05, 0.192247793078, 0.152921393514, -167.152420044, -215.955307007, 4915.83056641, -5.68608951569, 5.55195140839
       0.1335, 6.39579729977e-06, 0.192327514291, 0.152684733272, -168.07862854, -216.042266846, 4917.30810547, -5.65216732025,  5.5446023941
        0.134, -9.75376133283e-06, 0.192408904433, 0.152449667454,  -168.9815979, -216.093414307, 4918.05175781, -5.6249537468, 5.54146194458
       0.1345, -2.49834974966e-05, 0.192487701774, 0.152216210961, -169.923370361, -216.168243408, 4919.53710938, -5.57640218735, 5.53731203079
        0.135, -3.95129281969e-05, 0.192568659782, 0.151984333992, -170.823654175, -216.226135254, 4920.65087891, -5.52208709717, 5.53418111801
       0.1355, -5.32986632606e-05, 0.192649111152, 0.151754140854, -171.756912231, -216.288757324, 4922.30419922, -5.47164821625, 5.53237533569
        0.136, -6.66184714646e-05, 0.19273263216, 0.151525631547, -172.721633911, -216.360336304, 4923.66455078, -5.40729665756, 5.52832221985
       0.1365, -7.93682484073e-05, 0.192816928029, 0.151298895478, -173.737518311, -216.437088013, 4924.98291016, -5.36253023148, 5.53261089325
        0.137, -9.15272830753e-05, 0.192902445793, 0.151073947549, -174.900543213, -216.547607422, 4927.02246094, -5.30817556381, 5.53347063065
       0.1375, -0.000103111640783, 0.192991837859, 0.150850847363, -176.085952759, -216.623413086, 4928.12353516, -5.27688503265, 5.54036426544
        0.138, -0.00011402391101, 0.193079099059, 0.150629654527, -177.373031616, -216.722625732, 4929.87841797, -5.23939657211, 5.54734706879
       0.1385, -0.000124354104628, 0.193168252707, 0.150410279632, -178.658981323, -216.804260254, 4931.28222656, -5.20572042465, 5.55208730698
        0.139, -0.000133965557325, 0.193256631494, 0.150192812085, -179.958312988, -216.859695435, 4932.79980469, -5.18710851669, 5.56001520157
       0.1395, -0.000143023848068, 0.193345800042, 0.149977251887, -181.243743896, -216.90435791, 4934.19824219, -5.1498837471, 5.56388378143
         0.14, -0.000151484418893, 0.193434968591, 0.149763613939, -182.450759888, -216.911224365, 4935.20654297, -5.13448572159, 5.57321834564
       0.1405, -0.000159296687343, 0.193522900343, 0.14955188334, -183.672332764, -216.929244995, 4936.98095703, -5.11091947556, 5.57905817032
        0.141, -0.000166565194377, 0.19361397624, 0.14934207499, -184.816543579, -216.912872314, 4937.73583984, -5.10661458969, 5.58690881729
       0.1415, -0.000173097709194, 0.193702027202, 0.149134233594, -185.992996216, -216.924606323, 4939.05029297, -5.10720968246, 5.59676504135
        0.142, -0.00017887983995, 0.193791598082, 0.148928239942, -187.136550903, -216.92376709, 4940.23681641, -5.12063169479, 5.60506343842
       0.1425, -0.000183776253834, 0.193880304694, 0.14872418344, -188.235748291, -216.902099609, 4941.21582031, -5.15353250504, 5.61548137665
        0.143, -0.000187849378563, 0.193967178464, 0.148521959782, -189.309524536, -216.889968872, 4942.44384766, -5.17316865921, 5.61969852448
       0.1435, -0.000191077138879, 0.194053798914, 0.148321583867, -190.254730225, -216.839752197,    4943.15625, -5.21624660492, 5.62756538391
        0.144, -0.000193414613022, 0.194137647748, 0.148123010993, -191.189468384, -216.803894043, 4944.79785156, -5.25140094757, 5.63077497482
       0.1445, -0.000195025306311, 0.194224566221, 0.147926256061, -192.023452759, -216.728851318,  4945.5546875, -5.29246425629, 5.63417720795
        0.145, -0.000195822081878, 0.194308623672, 0.147731363773, -192.842514038, -216.666427612, 4946.86230469, -5.33419895172, 5.63970041275
       0.1455, -0.000195878543309, 0.194394096732, 0.147538229823, -193.64024353, -216.606338501,  4948.3828125, -5.37576627731,  5.6433763504
        0.146, -0.000195173372049, 0.194480791688, 0.14734698832, -194.403137207, -216.533081055, 4949.50195312, -5.43299627304,  5.6517701149
       0.1465, -0.000193802494323, 0.19456641376, 0.14715757966, -195.221603394, -216.496032715, 4951.16650391, -5.47118616104, 5.65530920029
        0.147, -0.000191787927179, 0.194653451443, 0.146970033646, -195.96270752, -216.439819336, 4952.31542969, -5.53011703491,  5.6623005867
       0.1475, -0.000189160375157, 0.194738507271, 0.146784350276, -196.752578735, -216.406097412, 4954.27001953,  -5.578145504, 5.66347455978
        0.148, -0.000186135439435, 0.194826558232, 0.146600559354, -197.514678955, -216.355880737, 4955.51171875, -5.61537313461, 5.66092681885
       0.1485, -0.000182697767741, 0.194912880659, 0.146418690681, -198.287628174, -216.316390991, 4957.05029297, -5.65740442276, 5.66072511673
        0.149, -0.000178943693754, 0.195000678301, 0.146238729358, -199.09362793, -216.287017822, 4958.99316406, -5.67999076843, 5.65748071671
       0.1495, -0.000174949062057, 0.195091024041, 0.14606076479, -199.893310547, -216.235214233, 4960.19775391, -5.70812749863, 5.65563201904
         0.15, -0.000170768078533, 0.19517929852, 0.145884796977, -200.805160522, -216.235900879, 4962.05615234, -5.71017313004, 5.64917850494
       0.1505, -0.000166396232089, 0.195270314813, 0.145710796118, -201.676025391, -216.230010986, 4963.33496094, -5.72876691818, 5.65014123917
        0.151, -0.000161834759638, 0.19536010921, 0.145538836718, -202.625030518, -216.263015747, 4965.15087891, -5.73743247986, 5.64807033539
       0.1515, -0.000157217102242, 0.195451110601, 0.145368859172, -203.545532227, -216.30090332, 4966.40722656, -5.73761463165,  5.6427822113
        0.152, -0.000152592576342, 0.195539668202, 0.145200893283, -204.400283813, -216.351623535, 4967.63818359, -5.74398326874, 5.64113521576
       0.1525, -0.000148039092892, 0.195627078414, 0.145034864545, -205.224273682, -216.425003052, 4969.44726562, -5.72538661957,  5.6332783699
        0.153, -0.00014368823031, 0.195716351271, 0.144870832562, -205.938919067, -216.463104248, 4970.23828125, -5.71158123016,  5.6264629364
       0.1535, -0.000139589741593, 0.19580206275, 0.144708782434, -206.684860229, -216.547073364, 4971.79589844, -5.67598676682, 5.61607646942
        0.154, -0.000135711699841, 0.195890054107, 0.144548669457, -207.343566895, -216.624603271, 4972.88427734, -5.64847373962, 5.61175537109
       0.1545, -0.00013194634812, 0.195976927876, 0.144390538335, -208.048858643, -216.727371216, 4974.29589844, -5.62020349503, 5.60879039764
        0.155, -0.000128311425215, 0.196064963937, 0.144234374166,       -208.75, -216.833404541, 4975.49755859, -5.57950210571, 5.60651254654
       0.1555, -0.000124774960568, 0.196151793003, 0.144080162048, -209.36668396, -216.947814941, 4976.48486328, -5.55431175232, 5.61242008209
        0.156, -0.000121266319184, 0.196236521006, 0.143927827477, -209.970169067, -217.088653564, 4978.29003906, -5.51168251038, 5.61364078522
       0.1565, -0.000117910160043, 0.196323171258, 0.143777400255, -210.444625854, -217.19644165, 4979.05224609, -5.48688268661, 5.61716747284
        0.157, -0.000114769085485, 0.196405366063, 0.143628880382, -210.900817871, -217.336288452, 4980.62841797, -5.45045661926, 5.61916255951
       0.1575, -0.000111851513793, 0.196489259601, 0.143482193351, -211.23046875, -217.457763672, 4981.98779297, -5.41688203812, 5.62411308289
        0.158, -0.000109149943455, 0.196572378278, 0.14333742857, -211.561721802, -217.568572998, 4983.41162109, -5.38916254044, 5.62908840179
       0.1585, -0.00010669711628, 0.196655482054, 0.143194541335, -211.950897217, -217.674346924, 4984.99804688, -5.3497262001, 5.63328504562
        0.159, -0.00010439898324, 0.196739509702, 0.143053591251, -212.303817749, -217.766220093, 4986.19189453, -5.32735729218, 5.64730358124
       0.1595, -0.000102112309833, 0.196822375059, 0.142914563417, -212.776809692, -217.876846313, 4988.32568359, -5.29262256622, 5.65619421005
         0.16, -9.98743198579e-05, 0.196908265352, 0.142777487636, -213.226928711, -217.945510864, 4989.41210938, -5.28228378296, 5.67030096054
       0.1605, -9.774469072e-05, 0.196990668774, 0.142642393708, -213.719940186, -218.035552979, 4991.15527344, -5.26662969589, 5.68324947357
        0.161, -9.57348820521e-05, 0.197074383497, 0.142509192228, -214.127487183, -218.111740112, 4992.86572266, -5.2588019371, 5.69339084625
       0.1615, -9.3983442639e-05, 0.197158128023, 0.142378002405, -214.503585815, -218.165298462, 4994.22558594, -5.26683044434, 5.70363759995
        0.162, -9.2630420113e-05, 0.197241008282, 0.142248779535, -214.916519165, -218.217330933, 4995.96435547, -5.26125621796, 5.70844841003
       0.1625, -9.1750138381e-05, 0.197325199842, 0.14212153852, -215.237686157, -218.242553711, 4997.11572266, -5.27855873108, 5.71897935867
        0.163, -9.12613104447e-05, 0.197407320142, 0.14199629426, -215.675949097, -218.285629272, 4999.11376953, -5.28591823578, 5.72318220139
       0.1635, -9.11917450139e-05, 0.197492912412, 0.141873046756, -216.143722534, -218.284896851, 5000.13867188, -5.31022930145, 5.73290014267
        0.164, -9.15443379199e-05, 0.197575688362, 0.141751825809, -216.70249939, -218.306686401, 5001.60009766, -5.33109140396, 5.74341726303
       0.1645, -9.21718892641e-05, 0.197658702731, 0.141632527113, -217.23739624, -218.318328857, 5003.23730469, -5.35973930359, 5.75160169601
        0.165, -9.32081602514e-05, 0.197742030025, 0.141515225172, -217.75668335, -218.314758301, 5004.19580078, -5.40421962738, 5.76008653641
       0.1655, -9.47054722928e-05, 0.197822332382, 0.141399845481, -223.592773438, -218.339874268, 5017.30810547, -5.58100175858,  5.7332649231
        0.166, -0.000102284291643, 0.197957783937, 0.141287371516, -271.146057129, -218.419662476, 5119.69238281, -5.8991985321, 5.69332027435
       0.1665, -0.000147408587509, 0.19854773581, 0.141187503934, -344.929168701, -218.656738281, 5338.60986328,  -6.407371521, 5.54166173935
        0.167, -0.000302447471768, 0.199960529804, 0.14112508297, -396.415557861, -219.031204224,  5660.4296875, -6.91938018799, 5.37629938126
       0.1675, -0.000708762963768, 0.202390819788, 0.141131669283, -409.146240234, -219.63230896, 6059.81884766, -7.50006580353, 5.25546598434
        0.168, -0.0015069800429, 0.205935120583, 0.141240492463, -373.909729004, -220.177429199, 6517.79980469, -7.93149662018, 5.22303342819
       0.1685, -0.00280827330425, 0.210638388991, 0.141485765576, -297.662078857, -220.461959839, 6966.62646484, -8.31173419952, 5.13095760345
        0.169, -0.00465063424781, 0.216293796897, 0.141897723079, -216.729751587, -220.426864624, 7370.10449219, -8.70437526703, 5.06049585342
       0.1695, -0.00701138563454, 0.222750529647, 0.14249843359, -175.164154053, -220.352355957, 7761.47558594, -9.35744190216, 4.93416643143
         0.17, -0.00981780514121, 0.230098083615, 0.143310874701, -198.824935913, -220.380340576, 8163.00097656, -10.2135791779, 4.73289823532
       0.1705, -0.0129600465298, 0.238463252783, 0.144364565611, -299.865203857, -220.430465698,   8539.234375, -11.3359127045, 4.29786062241
        0.171, -0.0163188483566, 0.247754245996, 0.14568926394, -475.213653564, -220.473205566, 8860.83691406, -12.6041536331, 3.69997143745
       0.1715, -0.0197836924344, 0.257780760527, 0.147307693958, -695.503051758, -220.141708374,    9127.46875, -14.0374851227, 2.95138645172
        0.172, -0.0109720760956, 0.293381214142, 0.112343177199, 688.624938965, -212.878433228, 9333.54492188, -12.4977064133, 16.2755737305
       0.1725, -0.0148618863896, 0.304775744677, 0.114590778947, 461.072723389, -210.711486816,    9458.78125, -13.3796615601, 16.3090629578
        0.173, -0.0186234787107, 0.316160917282, 0.117154844105, 217.479812622, -208.297836304, 9515.46386719, -13.915594101, 16.0810375214
       0.1735, -0.022182347253, 0.327697098255, 0.120033152401, -12.4111413956, -205.748596191, 9522.60644531, -14.7219543457, 15.4024114609
        0.174, -0.0254599843174, 0.338989675045, 0.123224198818, -221.351074219, -202.944488525, 9475.65917969,  -15.06478405,  14.624505043
       0.1745, -0.0283909160644, 0.349515348673, 0.126713261008, -411.252807617, -200.064498901, 9368.99023438, -15.0859909058,  13.617316246
        0.175, -0.0309317428619, 0.359316140413, 0.130479052663, -566.665222168, -196.852325439, 9246.62695312, -15.2203435898, 12.4393453598
       0.1755, -0.0330481901765, 0.368276715279, 0.134502977133, -683.393920898, -192.186660767, 9103.06835938, -14.657535553, 10.6804265976
        0.176, -0.0346909351647, 0.349674522877, 0.138765916228, -775.149169922, -186.109451294, 8927.96679688, -20.3521213531, 9.20410346985
       0.1765, -0.0358210802078, 0.383149772882, 0.143247067928, -844.297363281, -179.963638306, 8758.93164062, -12.216796875, 3.82814383507
        0.177, -0.0364206284285, 0.360124081373, 0.147924795747, -877.008239746, -174.725158691, 8649.94726562, -17.2409477234, 1.32963609695
       0.1775, -0.0364795252681, 0.364845991135, 0.152786269784, -882.219909668, -171.32321167, 8605.81347656, -17.0144100189, -2.4477891922
        0.178, -0.0360024757683, 0.369555860758, 0.157831311226, -891.226745605, -169.544540405, 8621.33007812, -17.7412872314, -6.14725065231
       0.1785, -0.0349797531962, 0.374230265617, 0.163065731525, -906.464172363, -169.607681274, 8708.67578125, -19.5010471344, -9.29067516327
        0.179, -0.0334011204541, 0.379137903452, 0.168497562408, -922.795898438, -170.925857544, 8881.84960938, -21.6717987061, -11.9605760574
       0.1795, -0.031271725893, 0.384440600872, 0.174145400524, -963.289428711, -173.586196899, 9125.48632812, -23.6781711578, -14.1015958786
         0.18, -0.0286159943789, 0.390220552683, 0.180032595992, -1037.71813965, -177.563308716, 9443.53222656, -26.0302600861, -15.709321022
       0.1805, -0.0254705082625, 0.396677583456, 0.186186850071, -1120.87084961, -183.080078125,     9820.0625, -28.2350006104, -16.7195987701
        0.181, -0.0218785777688, 0.403973311186, 0.192643612623, -1201.08288574, -190.370559692, 10220.6767578, -31.2044315338, -16.8528747559
       0.1815, -0.0179158858955, 0.412036657333, 0.199439898133, -1287.79492188, -199.047271729, 10634.9199219, -33.8126029968, -16.0578231812
        0.182, -0.0136708253995, 0.42082285881, 0.206609815359, -1365.40405273, -208.69581604, 11065.3134766, -36.1889266968, -14.4104175568
       0.1825, -0.00923443771899, 0.430340498686, 0.214189440012, -1421.5456543, -218.763580322, 11480.0986328, -39.0292129517, -11.8985404968
        0.183, -0.00467755645514, 0.440278589725, 0.222212359309, -1476.22937012, -229.215591431, 11833.1396484, -40.3828544617, -8.93902111053
       0.1835, -5.31928380951e-05,  0.4503903687, 0.230700597167, -1547.09423828, -240.062011719, 12128.3359375, -41.6332550049, -5.33868694305
        0.184, 0.00461746845394, 0.460567444563, 0.239669263363, -1622.68261719, -251.302810669, 12368.1640625, -42.5389823914, -1.36580014229
       0.1845, 0.0093230176717, 0.470914125443, 0.249133855104, -1705.71032715, -262.748413086, 12530.9775391, -43.0538024902, 3.11553072929
        0.185, 0.0140509521589, 0.481101334095, 0.259105801582, -1810.91784668, -273.980651855, 12607.1904297, -43.4729232788, 7.91849803925
       0.1855, 0.018801772967, 0.491088062525, 0.269585520029, -1920.56689453, -284.484344482, 12602.3486328, -42.9531974792, 12.8441944122
        0.186, 0.022885043174, 0.445683777332, 0.318038135767, -4142.48535156, -299.088348389, 11986.5839844, -26.2479686737, 2.57296776772
       0.1865, 0.0282988157123, 0.451864778996, 0.329588323832, -4197.40478516, -306.954345703, 11828.8154297, -24.5045528412,  7.2501077652
        0.187, 0.0337062515318, 0.456919312477, 0.341596066952, -4229.04736328, -313.84387207, 11629.3046875, -22.0142326355, 11.8086509705
       0.1875, 0.0390933603048, 0.460820317268, 0.354037553072, -4218.18994141, -320.093780518, 11400.6552734, -18.6448707581, 15.6870641708
        0.188, 0.0444610193372, 0.463545560837, 0.366887807846, -4165.43017578, -326.304870605, 11140.7626953, -15.1956672668, 18.9391155243
       0.1885, 0.0497997440398, 0.465205043554, 0.380121290684, -4088.7434082, -333.015167236, 10874.1767578, -11.8872995377, 21.2155342102
        0.189, 0.0551031008363, 0.465874761343, 0.393713116646, -3978.76708984, -340.953674316, 10630.0458984, -8.94573974609, 22.4231834412
       0.1895, 0.0603634677827, 0.46564027667, 0.407639414072, -3821.92260742, -349.801208496, 10410.7041016, -6.57459831238, 22.7579708099
         0.19, 0.0655529052019, 0.464637875557, 0.421881198883, -3627.38574219, -358.877838135, 10207.3896484, -24.5923709869, 15.0121068954
       0.1905, 0.0706049278378, 0.462950199842, 0.436421692371, -3395.51953125, -368.176239014, 10038.5195312, -23.0198421478, 13.9186706543
        0.191, 0.075477451086, 0.460680961609, 0.451245456934,  -3115.171875, -377.689971924, 9907.77246094, -21.3954601288, 12.3232145309
       0.1915, 0.0801058262587, 0.457917064428, 0.466341733932, -2796.26269531, -387.001708984, 9812.09960938, -20.2413368225, 10.2483444214
        0.192, 0.0844118148088, 0.454809129238, 0.481704175472, -2462.67749023, -396.117645264, 9742.68847656, -19.6259994507, 7.61232852936
       0.1925, 0.0883370116353, 0.451416432858, 0.497329324484, -2123.99047852, -405.028259277, 9697.60253906, -19.6087188721, 4.75525712967
        0.193, 0.0918470919132, 0.447766810656, 0.513213515282, -1790.56225586, -413.11831665,  9659.7578125, -19.8587837219, 1.81067025661
       0.1935, 0.0949135646224, 0.443860083818, 0.529353559017, -1488.72717285, -419.992218018, 9627.05957031, -20.4443740845, -1.2028362751
        0.194, 0.0975160747766, 0.439736902714, 0.545745790005, -1226.77001953, -425.557830811, 9595.20898438, -21.0582370758, -3.95942020416
       0.1945, 0.0996431484818, 0.435361027718, 0.562386274338, -997.007019043, -429.805664062, 9557.23535156, -21.7093200684, -6.5370464325
        0.195, 0.101284950972, 0.430666029453, 0.579268276691, -800.899719238, -432.954071045, 9494.28515625, -22.7334270477, -8.63388633728
       0.1955,   0.102429986, 0.425683885813, 0.596383273602, -642.617797852, -435.331787109, 9405.15136719, -23.9911689758, -10.2755765915
        0.196, 0.103071793914, 0.42037525773, 0.61371999979, -509.617828369, -436.965698242, 9292.33984375, -25.4964618683, -11.2750930786
       0.1965, 0.103214241564, 0.414723485708, 0.631262898445, -392.358856201, -437.746795654,  9151.4140625, -27.222574234, -11.6659488678
        0.197, 0.102861918509, 0.408722519875, 0.648994803429, -296.99710083, -437.507904053,     8975.9375,  -28.76354599, -11.5221996307
       0.1975, 0.10202986747, 0.402404993773, 0.66689491272, -218.719589233, -436.211883545, 8767.89941406, -29.9795398712, -10.9523296356
        0.198, 0.100748836994, 0.39573776722, 0.684938430786, -140.656005859, -434.053924561, 8528.69042969, -30.8792991638, -9.98489570618
       0.1985, 0.0990518331528, 0.388706803322, 0.703095793724, -58.8570175171, -431.417694092, 8264.70703125, -31.4454784393, -8.72961235046
        0.199, 0.0969676449895, 0.381375908852, 0.721336066723, 26.3996276855, -428.585296631, 7982.50292969, -31.7480354309, -7.27648258209
       0.1995, 0.0945290923119, 0.373796254396, 0.739627480507, 126.511436462, -425.83795166, 7689.61816406, -31.7806625366, -5.56100845337
          0.2, 0.0917762368917, 0.365981608629, 0.757936477661, 249.850540161, -423.30657959, 7388.98388672, -31.4649219513, -3.63273859024
       0.2005, 0.0887469798326, 0.35797637701, 0.776228666306, 391.170928955, -421.249542236, 7091.11523438, -30.8464679718, -1.58466231823
        0.201, 0.0854755938053, 0.349884182215, 0.794470727444, 550.854370117, -420.067993164, 6811.10791016, -29.9300441742, 0.576949834824
       0.2015, 0.0819954127073, 0.341755479574, 0.812632083893, 737.000244141, -420.010070801, 6556.35498047, -28.7440090179, 2.82023715973
        0.202, 0.0783328264952, 0.333609580994, 0.830684244633, 945.555175781, -421.186859131, 6332.20410156, -27.3376655579, 5.08538246155
       0.2025, 0.0745065361261, 0.32553550601, 0.84860253334, 1165.98718262, -423.681854248, 6142.76123047, -25.781671524, 7.29045343399
        0.203, 0.0705371052027, 0.317596763372, 0.866367220879, 1396.93896484, -427.571228027, 5993.66503906, -24.0822906494, 9.37965583801
       0.2035, 0.0664441809058, 0.309811145067, 0.883962273598, 1634.50378418, -432.763336182, 5882.66455078, -22.2439174652, 11.3003406525
        0.204, 0.0622453577816, 0.302221775055, 0.901376008987,  1863.1361084, -439.048797607, 5807.63085938, -20.2492618561, 12.9445047379
       0.2045, 0.0579555779696, 0.294900178909, 0.918601512909, 2070.56469727, -446.106079102, 5759.90527344, -18.0893173218, 14.1911840439
        0.205, 0.0535981506109, 0.287856221199, 0.93563503027, 2252.99633789, -453.645263672, 5729.89550781, -15.8070983887, 15.0319299698
       0.2055, 0.0491983555257, 0.281067162752, 0.952472865582, 2399.95751953, -461.297668457, 5704.77539062, -13.384098053, 15.3644514084
        0.206, 0.0447825491428, 0.274525433779, 0.969111323357, 2498.54174805, -468.859680176, 5679.08837891, -10.922577858, 15.0944814682
       0.2065, 0.040377240628, 0.268213570118, 0.985545873642, 2547.38452148, -475.983215332, 5642.14160156, -8.45169353485, 14.2220716476
        0.207, 0.0360043942928, 0.262050122023, 1.00176990032, 2549.04272461, -482.167663574, 5581.91308594, 22.7872943878, -0.319533318281
       0.2075, 0.0316981300712, 0.255970448256,  1.0177718401,  2501.5534668, -486.942657471, 5493.37451172, 25.4091377258, -2.3033554554
        0.208, 0.0274719055742, 0.249942317605, 1.03353691101, 2408.82397461, -489.931671143, 5374.59423828, 28.0458679199, -4.57162761688
       0.2085, 0.023340806365, 0.243933826685, 1.04904675484, 2284.73852539, -490.910430908, 5226.45703125, 30.6193599701, -7.04144096375
        0.209, 0.0193114932626, 0.237919569016, 1.06427979469, 2140.19140625, -489.787780762, 5047.93017578, 33.1290588379, -9.66848564148
       0.2095, 0.0153831196949, 0.231922417879,  1.0792119503, 1981.46032715, -486.765808105, 4847.13476562, 35.4660720825, -12.3861579895
         0.21, 0.0115498155355, 0.22601211071,  1.0938179493, 1820.79443359, -482.060150146, 4628.07421875, 37.5876159668, -15.0805072784
       0.2105, 0.00780525011942, 0.220233410597, 1.10807216167, 1672.34118652, -476.025543213, 4398.17138672, 39.3836250305, -17.6315784454
        0.211, 0.00413823779672, 0.214639022946, 1.12194848061, 1541.37194824, -469.010437012, 4164.77539062, 40.8218536377, -19.9211368561
       0.2115, 0.000538299616892, 0.209302261472, 1.13542127609, 1430.90368652, -461.480194092, 3939.63989258,  41.811000824, -21.8670635223
        0.212, 0.0287936553359, 0.00228551821783, 1.15402376652, 681.981506348, -457.649688721, 3902.98364258, 25.6330337524, -35.0919799805
       0.2125, 0.0247375201434, -0.00381255871616, 1.16634750366, 658.803283691, -449.803649902, 3696.78295898, 26.7472305298, -35.6865882874
        0.213, 0.0207328423858, -0.00941375643015, 1.17822957039, 650.852783203, -442.37677002, 3514.03320312, 27.2206668854, -35.6565055847
       0.2135, 0.0168005656451, -0.0146215911955, 1.18965125084,  651.76550293, -435.565338135, 3357.89477539,   27.07538414, -34.9702911377
        0.214, 0.012972199358, -0.0196258109063,  1.2005944252, 658.146850586, -429.354125977, 3225.28515625, 26.3807487488, -33.6301307678
       0.2145, 0.00928658619523, -0.0246052276343,  1.2110401392, 660.763549805, -423.554931641, 3112.22216797, 25.2365169525, -31.670507431
        0.215, 0.00579092931002, -0.0296455975622, 1.22097039223, 649.824462891, -418.014709473, 3017.71582031, 23.8000297546, -29.1816978455
       0.2155, 0.00253623444587, -0.0348107106984, 1.23036956787, 621.726379395, -412.426483154,  2937.6262207,  22.195476532, -26.234041214
        0.216, -0.000426308659371, -0.0401543676853,  1.2392244339, 575.603149414, -406.394073486, 2863.07910156, 20.6593837738, -22.900390625
       0.2165, -0.00305241486058, -0.0456546731293, 1.24752318859, 508.442260742, -399.660766602, 2789.33398438, 19.2358627319, -19.3797130585
        0.217, -0.00530758081004, -0.0512299798429,  1.2552562952, 421.497924805, -392.006347656, 2712.15869141, 18.1719303131, -15.6656188965
       0.2175, -0.00716826878488, -0.0567995607853, 1.26241695881,  322.20300293, -383.147186279,  2623.0168457, 17.4933567047, -11.895863533
        0.218, -0.00862636882812, -0.0622692704201, 1.26899921894, 215.822952271, -372.735046387,  2513.1640625, 17.2912330627, -8.17941570282
       0.2185, -0.00968782324344, -0.0675203874707, 1.27499604225, 107.087265015, -360.905273438, 2380.94897461, 17.5727043152, -4.63555240631
        0.219, -0.0103774229065, -0.07245439291, 1.28040015697, 4.28178548813, -347.676239014, 2222.88330078, 18.2842674255, -1.31795907021
       0.2195, -0.0107348170131, -0.0770114213228, 1.28520214558, -84.8169403076, -332.766601562, 2034.19787598,  19.527217865, 1.71972382069
         0.22, -0.0108090359718, -0.0811400488019, 1.28938925266, -158.732223511, -315.933746338, 1815.84204102, 21.4073410034,  4.4177904129
       0.2205, -0.0106547512114, -0.0847943052649, 1.29294514656, -216.045257568, -297.263000488, 1569.04248047, 23.6122322083, 6.72720813751
        0.221, -0.0103384526446, -0.0677943825722, 1.29585003853, -252.415893555, -276.929656982, 1299.01086426, 35.6232185364, 10.2705039978
       0.2215, -0.00992261525244, -0.0757268741727, 1.29807686806, -266.463989258, -254.638946533, 1003.08026123, 37.1528587341, 9.80657482147
        0.222, -0.00948049966246, -0.0833105370402, 1.29959392548, -263.413024902, -230.184906006, 688.150939941,  39.855884552, 10.5949611664
       0.2225, -0.00906871818006, -0.0909000188112, 1.30037343502, -248.54737854, -203.269241333, 367.950653076, 43.1349601746, 10.7368783951
        0.223, -0.00873038545251, -0.0984382852912, 1.30039572716, -222.545318604, -174.181625366, 56.7236938477, 46.7988357544, 10.2113418579
       0.2235, -0.00848506763577, -0.10561042279, 1.29967188835, -187.21786499, -143.764190674, -230.137466431,  50.516078949, 9.02569580078
        0.224, -0.00836596544832, -0.112385004759,  1.2982442379, -146.341903687, -112.807182312, -475.338500977, 53.9221611023, 7.20257472992
       0.2245, -0.00840951967984, -0.118849374354, 1.29614329338, -101.493095398, -82.1002502441, -663.344970703, 56.6828231812, 4.82550954819
        0.225, -0.00864198803902, -0.125110983849, 1.29338812828, -53.9655761719, -52.2822647095, -786.553161621, 58.5163192749, 2.01513981819
       0.2255, -0.0246709454805, 0.0929437577724, 1.28745055199, -152.459884644, -24.2725524902, -826.899963379, 58.0521202087, -9.82517147064
        0.226, -0.0246861949563, 0.0861610025167, 1.28335654736, -108.426200867, 2.24137616158, -815.804870605,  56.855091095, -14.4973506927
       0.2265, -0.0249088481069, 0.0795201137662, 1.27864909172, -57.6957244873, 26.3658695221, -734.770568848, 54.1575164795, -18.7077178955
        0.227, -0.0253220461309, 0.0730624869466, 1.27335810661, -3.78644919395, 47.9101905823, -593.651489258, 49.9025802612, -22.2341995239
       0.2275, -0.0259002763778, 0.0668392553926, 1.26751852036, 48.4608573914, 66.7229766846, -402.537139893,  44.093624115, -24.8852443695
        0.228, -0.0266103018075, 0.0609039738774, 1.26116907597, 96.7492980957, 82.7066802979, -172.249755859, 36.7908325195, -26.4790630341
       0.2285, -0.0274130776525, 0.0552889406681,  1.2543514967, 139.459091187, 95.9309463501, 80.6694259644, 28.1364250183, -26.8804130554
        0.229, -0.0282663069665, 0.0500080995262, 1.24710857868, 172.993041992, 106.546058655, 337.842834473, 18.3490428925, -26.0176048279
       0.2295, -0.0291269682348, 0.045072119683, 1.23948168755,  194.96321106, 114.657852173, 584.750244141, 7.70722389221, -23.8655815125
         0.23, -0.0299532972276, 0.0404711700976, 1.23150968552,  205.97454834,  120.40146637, 807.435241699, -3.46317052841, -20.4385166168
       0.2305, -0.0307060554624, 0.0361580587924, 1.22322678566, 205.882614136, 123.994102478, 990.059814453, -14.8100576401, -15.8202552795
        0.231, -0.0313497371972, 0.0320670008659, 1.21466052532, 193.485778809, 125.603904724, 1120.91845703, -25.9540805817, -10.1712265015
       0.2315, -0.0318549312651, 0.0281322803348, 1.20583093166, 170.329925537, 125.302467346, 1194.75793457, -36.4950180054, -3.68825101852
        0.232, -0.0322003401816, 0.0242695789784, 1.19675016403, 139.500656128, 123.173461914, 1207.82775879, -46.0374031067, 3.39352917671
       0.2325, -0.0323731601238, 0.0203745178878, 1.18742275238, 101.904663086, 119.308624268, 1158.10119629, -54.217792511, 10.7926445007
        0.233, -0.0323685109615, 0.0163583513349, 1.17784559727, 58.5009307861, 113.701820374, 1050.39465332, -60.7068519592, 18.2074623108
       0.2335, -0.0321893617511, 0.0121520701796, 1.16800963879, 13.1764535904, 106.291900635, 894.491943359, -65.2189941406, 25.3489437103
        0.234, -0.0318468548357, 0.00768216745928, 1.15790128708, -30.7969341278, 97.0676651001, 700.149230957, -67.5387420654, 31.9300880432
       0.2345, -0.0313598588109, 0.00288547785021, 1.14750409126, -72.6374893188, 86.0277023315, 479.005065918, -67.5291976929, 37.6625823975
        0.235, -0.0307536534965, -0.00226139789447, 1.13680016994, -110.171066284, 73.1335830688, 246.874603271, -65.1341018677, 42.3002586365
       0.2355, -0.0300580561161, -0.00775907654315, 1.12577271461, -139.50189209, 58.4009361267, 19.2045078278, -60.3808746338, 45.6508102417
        0.236, -0.0293055772781, -0.0136068789288, 1.11440753937, -159.284912109, 41.9495391846, -191.656692505, -53.3798446655, 47.5517692566
       0.2365, -0.0285300165415, -0.0197786316276,  1.1026943922, -170.010986328, 23.9358940125, -373.369659424, -44.3255195618, 47.8851547241
        0.237, -0.0277654975653, -0.026210507378,  1.0906277895, -170.268997192, 4.55404376984, -513.933349609, -33.4961891174, 46.6161231995
       0.2375, -0.0270450543612, -0.0328342020512, 1.07820880413, -158.974578857, -15.8864479065, -606.123840332, -21.2386245728, 43.7764434814
        0.238, -0.0263982024044, -0.0395874343812, 1.06544494629, -138.48046875, -36.9823150635, -646.966003418, -7.95151376724, 39.4389266968
       0.2385, -0.0258490201086, -0.0463864207268, 1.05234932899, -111.251449585, -58.3076591492, -634.58581543, 5.92342758179, 33.7432403564
        0.239, -0.0254158563912, -0.0531332306564, 1.03894138336, -77.5553588867, -79.3872146606, -570.209838867, 19.9169750214, 26.9075832367
       0.2395, -0.0251114461571, -0.0597526319325, 1.02524590492, -39.1936912537, -99.6688766479, -460.360626221, 33.5567817688, 19.1903762817
         0.24, -0.0249422639608, -0.0661854669452, 1.01129114628, -0.232265219092, -118.594100952, -313.756591797, 46.3871612549, 10.8739242554
       0.2405, -0.0249076336622, -0.0723640620708, 0.997108161449, 37.3016357422, -135.643310547, -139.388549805, 57.9854202271, 2.28506660461
        0.241, -0.0249999333173, -0.0782346129417, 0.982729613781, 73.1053390503, -150.303482056, 51.1114959717, 67.9772415161, -6.21991443634
       0.2415, -0.025205520913, -0.0837842226028, 0.96818780899, 104.635215759, -162.086990356, 243.958007812, 76.0515670776, -14.3001508713
        0.242, -0.0255059022456, -0.0890178382397, 0.953513026237, 128.794448853,  -170.6040802, 426.982452393,  81.972694397, -21.6348495483
       0.2425, -0.0258789546788, -0.0939421951771, 0.938732624054, 145.415344238, -175.566497803,  589.67590332, 85.5867156982, -27.9119529724
        0.243, -0.0262997355312, -0.0985959097743, 0.92387008667, 154.643951416, -176.758621216, 721.373718262,  86.821182251, -32.8561820984
       0.2435, -0.0267412159592,  -0.103050448, 0.908943593502, 154.496047974, -174.075546265, 813.491943359, 85.6837615967, -36.2596969604
        0.244, -0.0271756965667, -0.107378892601, 0.893965542316, 144.395782471, -167.557418823, 861.868530273, 82.2601013184, -37.9732055664
       0.2445, -0.02757701464, -0.111650899053, 0.878942668438, 126.661605835, -157.351486206, 864.806091309, 76.7095031738, -37.901473999
        0.245, -0.027921974659, -0.115956932306, 0.863876402378, 102.587371826, -143.690597534, 822.099060059, 69.2547225952, -36.028968811
       0.2455, -0.0281906444579, -0.120395474136, 0.848762691021, 72.1376495361, -126.921203613, 737.356994629,  60.170249939, -32.4209098816
        0.246, -0.0283666644245, -0.125040620565, 0.83359336853, 37.7025985718, -107.489250183, 617.805603027, 49.7719535828, -27.1973953247
       0.2465, -0.0284382980317, -0.129951432347, 0.818357110023, 2.97181367874, -85.8868255615, 471.430206299, 38.4068336487, -20.5367069244
        0.247, -0.0283995270729, -0.13518987596, 0.803040921688, -30.7378044128, -62.6453552246, 307.154632568, 26.4397754669, -12.6902751923
       0.2475, -0.0282500777394, -0.140797927976, 0.787630558014, -62.6591682434, -38.3442611694, 136.195770264,  14.238653183, -3.96167516708
        0.248, -0.0279948208481, -0.146779298782, 0.772112429142, -89.8745346069, -13.5684509277, -30.1441612244, 2.16103076935, 5.32095193863
       0.2485, -0.0276431143284, -0.153122290969, 0.756475150585, -110.168731689, 11.1278972626, -182.459579468, -9.45718955994, 14.7996206284
        0.249, -0.027208218351, -0.159809365869, 0.740709841251, -123.939437866, 35.2099952698, -311.845458984, -20.3131999969, 24.0903339386
       0.2495, -0.0267069302499, -0.166793450713, 0.724810838699,  -130.9556427, 58.1707954407, -409.894561768, -30.1483802795,  32.818862915
         0.25, -0.0261590499431, -0.173998951912, 0.708777070045, -129.558395386, 79.5716705322, -471.315093994, -38.7586402893, 40.6441268921
       0.2505, -0.0255861058831, -0.181350305676, 0.692611992359, -120.05519104, 99.0458755493, -493.931610107, -45.9998092651, 47.2554473877
        0.251, -0.0250095296651, -0.188771620393, 0.676323235035, -104.459197998,   116.2784729, -476.808624268, -51.7879676819, 52.3845176697
       0.2515, -0.0244496073574, -0.196169689298, 0.659922599792, -83.2639083862, 131.022888184, -421.333984375, -56.0974655151,  55.831325531
        0.252, -0.0239253807813, -0.203450188041, 0.643425643444, -56.6158218384, 143.119033813, -332.696868896, -58.9573898315, 57.4684906006
       0.2525, -0.0234540402889, -0.210539922118, 0.626850962639, -26.9476985931, 152.468383789, -217.842697144, -60.4425354004, 57.2356567383
        0.253, -0.0230495892465, -0.217380151153, 0.610218524933, 3.11013936996, 159.017089844, -83.9150772095, -60.664276123, 55.1473464966
       0.2535, -0.0227217767388, -0.223916202784, 0.593549311161, 32.8003959656, 162.773544312, 60.1655273438, -59.7624206543, 51.2994842529
        0.254, -0.0224760491401, -0.230118200183, 0.576864480972, 60.8563919067, 163.803283691, 203.976074219, -57.8957138062, 45.8570976257
       0.2545, -0.0223138071597, -0.235990062356, 0.560183644295, 84.5056152344, 162.197525024, 338.495178223, -55.231262207, 39.0413398743
        0.255, -0.0222326498479, -0.241550862789, 0.54352414608, 102.289550781,  158.07220459, 456.255096436, -51.935459137,  31.127872467
       0.2555, -0.0222264956683, -0.24683187902, 0.526900649071, 114.353942871,  151.58404541, 549.665405273, -48.167175293, 22.4365844727
        0.256, -0.022285554558, -0.25189191103, 0.510324656963, 119.868331909,  142.91343689, 612.588745117, -44.0699386597, 13.3116369247
       0.2565, -0.0223967526108, -0.256810158491, 0.493803501129, 117.694602966, 132.244934082, 642.412536621, -39.7659301758, 4.10894203186
        0.257, -0.0225448850542, -0.261665523052, 0.477340817451,  108.69178009, 119.782417297, 638.424865723, -35.3537521362, -4.81174087524
       0.2575, -0.022713964805, -0.266538888216, 0.460936844349, 94.3347015381, 105.757293701, 600.607727051, -30.9081287384, -13.1040048599
        0.258, -0.0228877197951, -0.271520078182, 0.444588512182, 74.8735198975, 90.4083251953, 531.718322754, -26.4796733856, -20.4533119202
       0.2585, -0.0230497419834, -0.276691615582, 0.42828977108,  51.089756012, 73.9779510498, 437.603515625, -22.0963115692, -26.5844669342
        0.259, -0.0231842808425, -0.282115012407, 0.412032753229, 25.2971515656, 56.7308349609, 324.520507812, -17.7670001984, -31.2692966461
       0.2595, -0.0232775099576, -0.287838667631, 0.395808577538, -0.814530670643, 38.9499206543, 198.978485107, -13.4858970642, -34.3410720825
         0.26, -0.0233184080571, -0.293898552656, 0.379607796669, -26.6265411377,  20.918970108,  69.493560791, -9.2373456955, -35.702255249
       0.2605, -0.0232989061624, -0.300304114819, 0.363421469927, -50.5934715271, 2.93205595016, -54.9077339172, -5.00227689743, -35.3222084045
        0.261, -0.0232138168067, -0.307036489248, 0.347242087126, -70.9251785278, -14.5120067596, -156.288650513, -0.812577903271, -33.2411880493
       0.2615, -0.0230598188937, -0.314013957977, 0.331065177917, -87.8870239258, -30.6011924744, -200.324188232,  3.3760406971, -29.5787200928
        0.262, -0.0228336397558, -0.321029126644, 0.314893096685, -102.623329163, -44.7781524658, -189.166488647, 7.84383106232, -24.5203170776
       0.2625, -0.0225348547101, -0.327923327684, 0.298735707998, -115.242637634, -56.7847442627, -126.212158203, 12.5901250839, -18.3143005371
        0.263, -0.0221669878811, -0.334543198347, 0.282606363297, -124.795585632, -66.526512146, -3.92416191101, 17.4776248932, -11.2482481003
       0.2635, -0.0217351447791, -0.340691566467, 0.266523092985, -132.481002808, -73.9692230225, 171.721603394,  22.345035553, -3.6334426403
        0.264, -0.0212435331196, -0.346201360226, 0.250508844852, -140.963348389, -79.0161590576, 385.567810059, 26.9918346405, 4.21152687073
       0.2645, -0.0206950139254, -0.350960344076, 0.234588474035, -149.827133179, -81.6356048584, 634.087768555, 31.2125892639,  11.971370697
        0.265, -0.0200947653502, -0.354845762253, 0.218787819147, -158.068618774, -81.8298492432,   915.9921875, 34.8114013672, 19.3531227112
       0.2655, -0.019450655207, -0.357731163502, 0.203134760261, -168.664901733, -79.501449585, 1215.97009277,  37.635887146, 26.0787563324
        0.266, -0.0187701750547, -0.359556257725, 0.187657624483, -183.751083374, -74.6784515381, 1518.99707031, 39.5285377502, 31.9091815948
       0.2665, -0.0180596075952, -0.360309123993, 0.172382682562, -201.062759399, -67.3913497925, 1819.39099121, 40.3746261597, 36.6317596436
        0.267, -0.0173222776502, -0.359983325005, 0.15733397007, -218.965515137, -57.7812805176, 2108.84277344, 40.0704650879, 40.1115379333
       0.2675, -0.0165700241923, -0.358604222536, 0.14253346622, -240.933563232, -46.0206718445, 2375.81176758, 38.5268363953, 42.2640037537
        0.268, -0.0158017668873, -0.356245100498, 0.127999737859, -266.790466309, -32.3922615051, 2613.70166016, 35.7098464966, 43.0309143066
       0.2685, -0.0150252673775, -0.352999478579, 0.113747261465, -291.964111328, -17.2192554474, 2821.50146484,  31.607416153, 42.4151535034
        0.269, -0.014245104976, -0.348958164454, 0.0997869819403, -315.913330078, -0.768337309361,  2994.3918457, 26.2567424774, 40.4726295471
       0.2695, -0.0134650003165, -0.344239026308, 0.0861264243722, -340.929962158, 16.6650524139, 3128.53686523,  19.741569519, 37.3191604614
         0.27, -0.0126895848662, -0.338977605104, 0.0727690681815, -364.291809082, 34.7377624512, 3229.29394531, 12.1927280426, 33.1324310303
       0.2705, -0.0119231939316, -0.33327999711, 0.0597150921822, -381.846069336, 53.0221862793, 3304.08154297,  3.7549905777, 28.1063117981
        0.271, -0.0111708566546, -0.327224731445, 0.0469628833234, -395.98348999, 71.0896453857, 3354.12475586, -5.4285068512, 22.4832420349
       0.2715, -0.0104345744476, -0.320898920298, 0.0345091558993, -408.894317627, 88.5650405884, 3383.28222656, -15.1323194504, 16.5233688354
        0.272, -0.00971319805831, -0.314377516508, 0.0223487894982, -417.771820068, 105.250816345, 3402.62939453, -25.0549430847, 10.4984912872
       0.2725, -0.00900209415704, -0.307682722807, 0.010476116091, -422.32989502, 121.111877441, 3422.11962891, -34.8730888367,   4.636677742
        0.273, -0.00829668715596, -0.300800651312, -0.00111366668716, -428.608337402, 136.171112061, 3448.26342773, -44.1623878479, -0.828113555908
       0.2735, -0.00758992368355, -0.29370239377, -0.012424275279, -438.492919922, 150.494934082, 3486.97387695, -52.4765739441, -5.69625091553
        0.274, -0.00686921179295, -0.286340236664, -0.0234582256526, -448.553771973,  164.09034729, 3545.46362305, -59.4567756653, -9.84760665894
       0.2745, -0.00612254533917, -0.278634697199, -0.0342162251472, -460.728027344, 176.823425293, 3629.94262695, -64.8216323853, -13.2090148926
        0.275, -0.00533967744559, -0.270482778549, -0.0446965992451, -477.82925415, 188.357696533, 3742.97680664, -68.4390258789, -15.7513895035
       0.2755, -0.00451602879912, -0.261781126261, -0.0548953227699, -495.948852539, 198.244613647, 3886.26293945, -70.2873306274,  -17.46002388
        0.276, -0.00364944338799, -0.252421975136, -0.0648063197732, -509.242340088, 206.069839478, 4058.76513672, -70.4208068848, -18.3581485748
       0.2765, -0.00274403719231, -0.242302194238, -0.0744215026498, -518.096557617, 211.552871704, 4256.17919922, -68.9259414673, -18.4830627441
        0.277, -0.00180940364953, -0.231342449784, -0.0837313607335, -521.921081543, 214.540603638, 4472.42431641, -65.9302902222, -17.896194458
       0.2775, -0.000857262522914, -0.219494909048, -0.0927257761359, -515.153259277, 214.892837524, 4702.72900391, -61.5686264038, -16.6844577789
        0.278, 9.61949917837e-05, -0.206726521254, -0.101394481957, -497.335601807, 212.536911011, 4939.61621094, -55.9789276123, -14.9402580261
       0.2785, 0.00103472790215, -0.193038985133, -0.109727442265, -472.916595459, 207.401275635, 5172.77050781, -49.4398841858, -12.7487649918
        0.279, 0.00194334145635, -0.178486436605, -0.117715939879, -443.824645996, 199.532012939, 5392.06738281, -42.1690330505, -10.2068147659
       0.2795, 0.00281451107003, -0.163165718317, -0.125353530049, -409.369903564, 189.135162354, 5591.34423828, -34.352104187, -7.42041110992
         0.28, 0.00364151457325, -0.147187188268, -0.132636189461, -374.928375244, 176.673095703, 5765.51318359, -26.1331348419, -4.48246097565
       0.2805, 0.00442055333406, -0.130679190159, -0.139562264085, -345.973815918, 162.612731934, 5909.70556641, -17.6328487396, -1.49879693985
        0.281, 0.00515095517039, -0.113791771233, -0.146132737398, -322.292724609, 147.431854248, 6020.78808594, -9.00517368317, 1.42686891556
       0.2815, 0.0058367154561, -0.0966816693544, -0.15235131979, -303.273010254, 131.434646606, 6097.54443359, -0.396618187428, 4.18565320969
        0.282, 0.00648094154894, -0.0795001909137, -0.158224150538, -292.325897217, 114.989822388, 6144.33740234,  7.9573225975, 6.69437026978
       0.2825, 0.0070867179893, -0.0623691044748, -0.163759216666, -289.358093262, 98.3529205322,   6165.328125, 15.8626098633, 8.86717891693
        0.283, 0.00765626551583, -0.0453903190792, -0.168965682387, -290.899841309, 81.8805770874, 6164.72705078, 23.0594615936, 10.6487874985
       0.2835, 0.00819438137114, -0.0286449678242, -0.173853471875, -296.814971924, 65.8566513062,   6148.859375, 29.3949737549, 11.9725608826
        0.284, 0.00870454590768, -0.0121770305559, -0.178432777524, -309.545135498,  50.763168335, 6126.59619141, 34.7136955261, 12.8021621704
       0.2845, 0.00919379293919, 0.00401071365923, -0.18271318078, -326.183166504, 37.0995750427, 6105.12695312,  39.007183075, 13.1162757874
        0.285, 0.00966766383499, 0.0199452433735, -0.186703085899, -343.126586914, 25.5244636536, 6093.49609375, 42.2869644165, 12.9026126862
       0.2855, 0.0101292990148, 0.0356895923615, -0.190409272909, -358.869445801,  16.542798996, 6098.88916016, 44.6558609009,  12.161034584
        0.286, 0.0105754118413, 0.0513199828565, -0.193836465478, -370.457244873, 10.5852594376, 6125.20263672, 46.1339912415, 10.9090242386
       0.2865, 0.0110010290518, 0.066909506917, -0.196987733245, -371.115875244, 7.75054121017, 6173.43066406, 46.7689781189, 9.17778205872
        0.287, 0.0113962041214, 0.0825219154358, -0.19986461103, -357.543334961,  8.0652256012, 6246.02539062, 46.4670066833, 7.02663516998
       0.2875, 0.0117476126179, 0.098224401474, -0.202467337251, -330.584777832, 11.2836894989, 6341.58691406, 45.2642936707, 4.52153396606
        0.288, 0.0120423296466, 0.114057160914, -0.204795017838, -291.01473999, 17.1938552856, 6456.08398438, 43.0467796326, 1.76887440681
       0.2885, 0.0122724501416, 0.130023166537, -0.206846490502, -240.390777588, 25.3508968353,     6582.6875, 39.8765258789, -1.12014627457
        0.289, 0.0124352267012, 0.146075427532, -0.208621188998, -184.325439453, 35.3497200012, 6714.60693359, 35.6879806519, -3.99967908859
       0.2895, 0.0125338817015, 0.162112429738, -0.210120156407, -128.909561157, 46.6607933044, 6848.12890625, 30.5635223389, -6.7361779213
         0.29, 0.0125755714253, 0.178000241518, -0.211346745491, -76.8359909058,  58.761177063, 6975.16357422, 24.4889907837, -9.20356845856
       0.2905, 0.0125708291307, 0.19354711473, -0.212307274342, -30.548166275, 71.1123809814, 7090.38476562, 17.6138439178, -11.2723407745
        0.291, 0.0125295873731, 0.208544179797, -0.213011711836,  6.8314242363, 83.2644958496, 7188.98681641,  10.033413887, -12.8280792236
       0.2915, 0.0124615216628, 0.222800642252, -0.213473290205, 34.9310264587,  94.877281189, 7268.38916016,  2.0224468708, -13.7808246613
        0.292, 0.0123754478991, 0.236231416464, -0.213706895709,  55.192150116, 105.621292114, 7327.05126953, -6.19910335541, -14.0898303986
       0.2925, 0.0122768636793, 0.248817816377, -0.213727042079, 67.8087081909, 115.231040955, 7364.49267578, -14.3185710907, -13.7393360138
        0.293, 0.0121691916138, 0.260559618473, -0.213547587395, 72.5784301758, 123.398513794, 7382.90527344, -22.1205482483, -12.7612466812
       0.2935, 0.0120545234531, 0.271391838789, -0.213182896376, 71.3392105103, 129.879135132, 7383.01269531, -29.3819026947, -11.2171564102
        0.294, 0.0119346203282, 0.281509965658, -0.212645962834,  66.106262207, 134.412216187, 7366.11279297, -35.9425697327, -9.19709300995
       0.2945, 0.0118095204234, 0.291097521782, -0.211944237351, 57.5229873657, 136.839004517, 7337.52539062, -41.6288070679, -6.79251527786
        0.295, 0.0116767808795, 0.30023342371, -0.21108327806,  47.872303009, 137.086532593, 7301.31054688, -46.276096344, -4.11315202713
       0.2955, 0.0115321250632, 0.30896538496, -0.210068523884, 40.1088027954, 135.171463013, 7259.17382812, -49.7291069031, -1.27117741108
        0.296, 0.0113704660907, 0.317309439182, -0.208905115724,  36.194355011, 131.175689697, 7215.06738281, -51.8443412781, 1.60391151905
       0.2965, 0.0111845731735, 0.325278609991, -0.207598268986, 36.9380874634, 125.183830261, 7173.12988281, -52.5293045044, 4.38888835907
        0.297, 0.0109683414921, 0.332904368639, -0.206152737141, 43.7537231445, 117.319030762, 7137.46191406, -51.7498817444, 6.94763422012
       0.2975, 0.0107157109305, 0.340232849121, -0.20457239449, 57.2257499695, 107.703681946, 7109.62304688,  -49.50548172,  9.1688451767
        0.298, 0.0104219019413, 0.34731066227, -0.202860191464, 75.5957946777, 96.4736480713, 7092.24169922, -45.8985786438, 10.9287252426
       0.2985, 0.0100851440802, 0.354193538427, -0.201018080115, 97.8242111206, 83.7687911987, 7087.47558594, -41.0257911682, 12.1479816437
        0.299, 0.00970569066703, 0.36094212532, -0.199046894908, 122.727401733, 69.7234420776, 7093.65722656, -35.091709137, 12.7454061508
       0.2995, 0.00928771775216, 0.367598831654, -0.196946516633, 148.469161987, 54.4800605774, 7112.08789062, -28.2884159088, 12.6993322372
          0.3, 0.00883522443473, 0.374217122793, -0.194716051221, 172.851669312, 38.1733970642, 7141.33789062, -20.8934879303, 12.0040445328
       0.3005, 0.0083552505821, 0.380836099386, -0.192353606224, 194.850311279, 20.9579410553, 7179.26269531, -13.1843242645, 10.6913414001
        0.301, 0.00785551220179, 0.387480914593, -0.189856886864, 213.548629761, 2.98019003868, 7221.42724609, -5.44032144547, 8.83563995361
       0.3015, 0.0073446421884, 0.394154459238, -0.187223389745, 227.352111816, -15.5412988663, 7265.10205078, 2.04784989357, 6.53667354584
        0.302, 0.00683177774772, 0.400849789381, -0.184450805187, 235.950485229, -34.3188743591,  7308.2109375, 9.08169174194, 3.92198133469
       0.3025, 0.00632479274645, 0.407552689314, -0.181537047029, 239.368591309, -52.9910583496, 7345.09082031, 15.4570207596, 1.12978053093
        0.303, 0.00583220878616, 0.414218485355, -0.178480610251, 237.551254272,  -71.14087677, 7373.44091797, 21.0975074768, -1.68925583363
       0.3035, 0.0053598782979, 0.420801758766, -0.175281003118, 230.762130737, -88.3358001709, 7389.77294922, 25.9205303192, -4.38515901566
        0.304, 0.0049138055183, 0.427241325378, -0.171938732266, 220.244949341, -104.183998108, 7393.16601562, 29.8875865936, -6.82396125793
       0.3045, 0.00449727522209, 0.433479398489, -0.168455436826, 207.637710571, -118.381729126, 7381.34277344, 32.9712944031, -8.8792514801
        0.305, 0.00411104550585, 0.439448714256, -0.164833948016, 193.789794922, -130.703277588, 7355.32275391, 35.1431770325, -10.4577970505
       0.3055, 0.00375407608226, 0.445094257593, -0.161078259349, 180.305755615, -141.017990112, 7316.28613281, 36.3703308105, -11.4801950455
        0.306, 0.0034232721664, 0.450368374586, -0.157193258405, 168.672073364, -149.256835938, 7264.50341797, 36.6625938416, -11.9069232941
       0.3065, 0.00311532313935, 0.455224186182, -0.153184726834, 159.299728394, -155.406692505, 7203.48046875,  36.015838623, -11.7158575058
        0.307, 0.00282524339855, 0.459638208151, -0.149059101939, 152.562042236, -159.50692749, 7136.17773438, 34.4750137329, -10.9212427139
       0.3075, 0.00254871719517, 0.463597804308, -0.14482305944, 148.513244629, -161.634552002, 7066.72607422, 32.1037101746, -9.56404590607
        0.308, 0.00228160689585, 0.467110425234, -0.140483304858, 146.992980957, -161.925216675,  6996.5390625,  28.963716507, -7.70415258408
       0.3085, 0.00202060258016, 0.470185190439, -0.1360463202, 146.929199219, -160.516799927, 6929.94238281, 25.1602916718, -5.42260360718
        0.309, 0.00176361866761, 0.472853779793, -0.131518244743, 147.868103027, -157.611953735, 6869.83496094, 20.7957305908, -2.82227563858
       0.3095, 0.00150936516002, 0.475156068802, -0.126904457808, 149.542999268, -153.433349609, 6817.74951172, 15.9904594421, -0.0111704161391
         0.31, 0.00125726207625, 0.477135002613, -0.122209593654, 150.925918579, -148.250366211, 6775.45117188, 10.8653125763, 2.89254760742
       0.3105, 0.00100697635207, 0.478839755058, -0.117437407374, 151.612182617, -142.376312256, 6742.97412109, 5.50904655457, 5.76225471497
        0.311, 0.00075972819468, 0.480315327644, -0.112590834498, 151.270523071, -136.157485962,  6721.2734375, 0.0422831326723, 8.49737644196
       0.3115, 0.000516775471624, 0.481610357761, -0.107671976089, 149.537399292, -129.966644287, 6706.75292969, -5.47462654114, 10.9832515717
        0.312, 0.000280784617644, 0.482749223709, -0.102682314813, 145.626693726, -124.176063538, 6700.41650391, -10.9617033005, 13.1472024918
       0.3125, 5.41392109881e-05, 0.483768969774, -0.0976229906082, 139.375717163, -119.120918274, 6698.43505859, -16.3383922577, 14.9212713242
        0.313, -0.000158936512889, 0.48468130827, -0.0924946144223, 130.649612427, -115.106620789, 6699.18017578, -21.5354213715, 16.2624092102
       0.3135, -0.00035484880209, 0.485495865345, -0.0872979238629, 119.132751465, -112.333648682, 6698.24023438, -26.4545497894, 17.1547679901
        0.314, -0.000528973701876, 0.486200064421, -0.0820338055491, 104.931358337, -110.968162537, 6695.09716797, -30.9771709442, 17.5843410492
       0.3145, -0.000677277566865, 0.486787110567, -0.0767036154866, 88.8258743286, -111.100440979, 6687.00488281, -35.0085525513, 17.5667762756
        0.315, -0.000796456763055, 0.487236440182, -0.0713090598583, 71.2782974243, -112.745201111, 6671.49755859, -38.4207992554, 17.1261291504
       0.3155, -0.000884079665411, 0.487519532442, -0.0658526048064,  52.960899353, -115.914100647, 6647.63671875, -41.114276886, 16.2848567963
        0.316, -0.000938869139645, 0.487608700991, -0.0603374764323, 35.0583648682, -120.522422791, 6614.96484375, -43.0086593628, 15.0881118774
       0.3165, -0.000960069941357, 0.487475991249, -0.0547676347196, 18.4842586517, -126.503929138, 6573.60888672, -44.0173339844, 13.5794286728
        0.317, -0.000949162989855, 0.487096935511, -0.0491477139294, 3.78161382675, -133.77456665, 6522.56787109, -44.1161727905, 11.8061113358
       0.3175, -0.000907642766833, 0.486443161964, -0.0434830710292, -8.39122676849, -142.177627563, 6464.98925781, -43.2838249207, 9.83919525146
        0.318, -0.000838637817651, 0.485505640507, -0.0377796255052, -17.3702926636, -151.624969482, 6400.58105469, -41.5256195068, 7.73218822479
       0.3185, -0.000745007710066, 0.48426887393, -0.032043594867, -23.2692546844, -161.950302124, 6331.95849609, -38.9044723511,  5.5587515831
        0.319, -0.000630893337075, 0.482732623816, -0.0262815728784, -26.2766399384, -173.00592041, 6259.38671875, -35.4612541199, 3.39753961563
       0.3195, -0.000499666435644, 0.480893880129, -0.0205002576113, -26.2953929901, -184.684555054, 6187.20703125, -31.3019695282,  1.3083947897
         0.32, -0.000355380878318, 0.478772431612, -0.0147063108161, -23.8176383972, -196.785995483, 6115.82275391, -26.5596752167, -0.625740528107
       0.3205, -0.000201641276362, 0.476381450891, -0.00890599377453, -19.9059200287, -209.193527222, 6046.84423828, -21.3187561035, -2.34894061089
        0.321, -4.1432595026e-05, 0.473742872477, -0.00310539803468, -15.0050945282, -221.742828369, 5982.37939453, -15.7581806183, -3.80132007599
       0.3215, 0.000122932862723, 0.470885276794, 0.00268990593031, -9.78833293915, -234.255401611, 5923.82128906, -10.0083560944, -4.92929649353
        0.322, 0.000290082563879, 0.467840373516, 0.00847496278584, -5.30271339417, -246.642333984, 5872.47021484, -4.21440553665, -5.7033572197
       0.3225, 0.000458568538306, 0.464643597603, 0.0142455073074, -2.55447387695, -258.732879639, 5827.63427734, 1.42410182953, -6.09691476822
        0.323, 0.000628774927463, 0.461321860552, 0.0199978873134, -1.54993760586, -270.46194458, 5791.11621094, 6.79398488998, -6.09018087387
       0.3235, 0.000800643814728, 0.457912862301, 0.0257290527225, -2.69637513161, -281.753234863, 5761.43798828, 11.6968374252, -5.69630908966
        0.324, 0.000975462200586, 0.454441100359, 0.031436689198, -6.54110956192, -292.459411621, 5738.92773438, 16.0022354126, -4.90720558167
       0.3245, 0.00115351751447, 0.450934737921, 0.0371189080179, -12.7211999893, -302.560058594, 5720.59863281, 19.6255474091, -3.76192522049
        0.325, 0.00133637979161, 0.447404593229, 0.0427742116153, -20.5284576416, -311.894104004, 5707.34082031, 22.4207019806, -2.28671431541
       0.3255, 0.00152450951282, 0.443869739771, 0.0484012626112, -29.6251449585, -320.329467773, 5695.23144531, 24.4063491821, -0.514221727848
        0.326, 0.00171843729913, 0.440327465534, 0.0539989173412, -39.7501869202, -327.746002197, 5683.44091797, 25.5377025604, 1.47255825996
       0.3265, 0.00191833788995, 0.436776787043, 0.0595657154918, -49.5101127625, -333.930114746, 5668.78417969, 25.8364753723, 3.63960027695
        0.327, 0.00212401244789, 0.433202415705, 0.0650999546051, -58.1015510559, -338.784332275, 5650.78955078, 25.3946323395, 5.89085245132
       0.3275, 0.00233469321392, 0.429592490196, 0.070599399507, -65.1461257935, -342.155151367, 5627.36621094, 24.2346630096, 8.14919471741
        0.328, 0.00254893978126, 0.425926446915, 0.0760613977909, -70.1269836426, -343.963317871, 5596.36621094, 22.4694747925, 10.3448877335
       0.3285, 0.00276563805528, 0.422177582979, 0.0814825072885, -71.9524459839, -344.209075928, 5558.43994141, 20.1936912537, 12.3820581436
        0.329, 0.00298297032714, 0.418326944113, 0.0868586078286, -70.6157913208, -342.882629395, 5512.95019531, 17.4334754944, 14.1911258698
       0.3295, 0.00319943018258, 0.414352267981, 0.0921850204468, -66.5293045044, -340.127624512, 5461.26220703, 14.3396377563, 15.7023429871
         0.33, 0.00341285113245, 0.410241365433, 0.0974565446377, -59.6098365784, -336.09979248, 5402.67578125, 10.9178743362, 16.8579864502
       0.3305, 0.0036224166397, 0.405975937843, 0.102667540312, -49.8830337524, -330.932891846, 5341.18701172, 7.25080299377, 17.6294460297
        0.331, 0.00382641074248, 0.401559025049, 0.107812054455, -38.240322113, -324.927642822, 5277.08691406,  3.4363219738, 17.9764556885
       0.3315, 0.00402411213145, 0.396988868713, 0.112884290516, -25.6924858093, -318.278442383, 5213.74316406, -0.536222338676, 17.8956184387
        0.332, 0.00421465653926, 0.392279475927, 0.117878466845, -12.2782402039, -311.241149902, 5151.77001953, -4.52571105957, 17.4067668915
       0.3325, 0.00439772335812, 0.387442350388, 0.122789256275, 1.35563755035, -304.092071533, 5095.34863281, -8.51366519928, 16.5150127411
        0.333, 0.00457296986133, 0.382507622242, 0.127611801028,  14.180018425, -297.020782471, 5045.04931641, -12.4207525253, 15.2881259918
       0.3335, 0.00473992340267, 0.377500325441, 0.132342159748, 25.6552410126, -290.311279297, 5001.67431641, -16.1493682861, 13.7605047226
        0.334, 0.00489878514782, 0.372447669506, 0.136976972222, 36.0385360718, -284.134521484, 4967.22119141, -19.684173584, 12.0027952194
       0.3345, 0.00504915928468, 0.367384523153, 0.141513720155, 44.8603630066, -278.710205078, 4941.00976562, -22.9143333435, 10.1024265289
        0.335, 0.0051910225302, 0.362338483334, 0.145950809121, 51.5414237976, -274.229949951, 4923.85791016, -25.7871761322, 8.11711120605
       0.3355, 0.00532373553142, 0.357340216637, 0.150287389755, 56.4281463623, -270.756744385, 4912.37890625, -28.278837204, 6.15197944641
        0.336, 0.00544758094475, 0.352402240038, 0.154523149133, 60.0937538147, -268.490325928, 4907.96337891, -30.2721176147,  4.2693772316
       0.3365, 0.00556193524972, 0.347548186779, 0.158658131957,  62.311794281, -267.434539795, 4907.20019531, -31.787530899,   2.550812006
        0.337, 0.0056667169556, 0.342782706022, 0.162692934275, 63.0909080505, -267.591186523, 4908.80029297, -32.735912323, 1.07035017014
       0.3375, 0.00576149532571, 0.338109374046, 0.166628018022, 63.4217758179, -268.983764648, 4910.04052734, -33.0537490845, -0.141403138638
        0.338, 0.00584628013894, 0.333520442247, 0.170463845134, 63.7646102905, -271.473907471, 4909.96923828, -32.7743301392, -1.02402424812
       0.3385, 0.00592088559642, 0.329008728266, 0.174200534821, 64.0760574341, -275.038909912, 4907.01806641, -31.7923431396, -1.56801462173
        0.339, 0.00598475756124, 0.324561476707, 0.177837982774, 64.7625579834, -279.526519775, 4898.65576172, -30.1748180389, -1.78321051598
       0.3395, 0.00603820709512, 0.320156246424, 0.181375563145, 66.8374786377, -284.821228027, 4885.47998047, -27.9018936157, -1.65471088886
         0.34, 0.0060806539841, 0.315778523684, 0.184811994433, 70.3975753784, -290.835754395, 4866.38720703, -24.9921741486, -1.23549830914
       0.3405, 0.00611212849617, 0.311407655478, 0.188145697117,  75.155670166, -297.344787598, 4842.53320312, -21.5691184998, -0.55865675211
        0.341, 0.00613217940554, 0.307030975819, 0.191374570131,  81.599571228, -304.31350708, 4812.60986328, -17.6206150055, 0.333848148584
       0.3415, 0.00614109588787, 0.302628725767, 0.194496154785, 90.0315093994,  -311.5574646, 4779.66162109, -13.3298130035, 1.37303471565
        0.342, 0.00613888958469, 0.298197001219, 0.197507619858, 99.8212280273, -318.934783936, 4744.40380859, -8.77396774292, 2.52535676956
       0.3425, 0.00612562941387, 0.29373139143, 0.200406253338, 110.486175537, -326.368713379, 4707.91503906, -4.05276870728, 3.70517897606
        0.343, 0.00610203109682, 0.289230406284, 0.203189313412, 121.993530273, -333.654449463, 4672.20800781, 0.630220234394, 4.89294528961
       0.3435, 0.00606887228787, 0.284699887037, 0.205854132771, 134.066299438, -340.72479248, 4638.65478516, 5.21984958649, 6.02580022812
        0.344, 0.0060273045674, 0.280148267746, 0.208398461342, 145.552108765, -347.384338379, 4609.98388672, 9.53837871552, 7.06006383896
       0.3445, 0.00597842922434, 0.275593757629, 0.210820555687, 156.081939697, -353.531463623, 4585.07763672, 13.4799413681, 7.98354959488
        0.345, 0.00592398736626, 0.27104562521, 0.213119208813,  165.60559082, -359.034057617, 4566.88671875, 16.9728317261, 8.75443840027
       0.3455, 0.00586555851623, 0.266528338194, 0.215293720365, 173.558609009, -363.70425415, 4555.35351562, 19.8644428253, 9.37717819214
        0.346, 0.00580465281382, 0.262061059475, 0.21734431386, 179.461242676, -367.512786865, 4550.41748047, 22.1692180634, 9.83054447174
       0.3465, 0.00574263650924,  0.2576623559, 0.219271764159, 183.348403931, -370.275177002, 4551.89501953, 23.7631607056, 10.1273431778
        0.347, 0.00568069051951, 0.25334995985, 0.221077471972, 185.848495483, -371.965148926,    4558.96875, 24.6436958313, 10.2733211517
       0.3475, 0.005619504489, 0.249138861895, 0.222763419151, 186.673202515, -372.503143311,  4572.2109375, 24.8182983398, 10.2704839706
        0.348, 0.00555913010612, 0.245047271252, 0.224332123995, 186.131622314, -371.855041504, 4587.94287109, 24.2327632904, 10.1538038254
       0.3485, 0.00549942767248, 0.241076886654, 0.225786492229, 184.960372925, -370.052581787, 4606.71582031, 22.9881248474, 9.92912101746
        0.349, 0.0054397303611, 0.237236857414, 0.22712944448, 183.769241333, -367.023284912, 4626.62353516, 21.0577011108, 9.62694072723
       0.3495, 0.00537889869884, 0.233527585864, 0.228364244103, 182.712432861, -362.904174805, 4646.00146484, 18.5602836609, 9.26313877106
         0.35, 0.00531545700505, 0.229944959283, 0.229493990541, 182.037124634, -357.676361084, 4663.68359375, 15.5420331955, 8.86727619171
       0.3505, 0.00524796405807, 0.226482734084, 0.230521604419, 182.562789917, -351.431060791,  4678.0078125, 12.0940876007, 8.45408439636
        0.351, 0.00517523381859, 0.223132893443, 0.231449872255, 184.165344238, -344.290496826, 4689.69433594, 8.36468219757, 8.04042053223
       0.3515, 0.00509602483362, 0.21989607811, 0.23228149116, 186.555923462, -336.336608887, 4696.03515625, 4.38617706299, 7.65084314346
        0.352, 0.0050098253414, 0.216761514544, 0.233019188046, 189.689025879, -327.792633057,  4698.3046875, 0.337233603001, 7.28584575653
       0.3525, 0.00491664279252, 0.213729724288, 0.233665436506, 193.631347656, -318.745666504, 4696.59228516, -3.74566864967, 6.96615028381
        0.353, 0.00481702294201, 0.210800886154, 0.234223023057, 197.822601318, -309.514251709, 4690.80029297, -7.73345804214, 6.68997907639
       0.3535, 0.00471200700849, 0.207976147532, 0.234694734216, 201.575317383, -300.260314941, 4682.54443359, -11.5627593994, 6.47281837463
        0.354, 0.00460311584175, 0.205263629556, 0.235083654523, 205.007293701, -291.240478516, 4672.09716797, -15.1801309586, 6.31374883652
       0.3545, 0.00449246075004, 0.202670171857, 0.235393211246, 207.883483887, -282.704833984, 4662.09130859, -18.4830188751, 6.21569108963
        0.355, 0.00438204966486, 0.200212582946, 0.235627248883, 209.628952026, -274.823883057, 4652.29638672, -21.4747619629, 6.19318771362
       0.3555, 0.00427400134504, 0.19789981842, 0.235790193081, 210.113800049, -267.846801758, 4644.81591797, -24.0497131348, 6.22246265411
        0.356, 0.00417053094134, 0.195743992925, 0.235886693001, 209.707855225, -261.847625732, 4641.14746094, -26.2111930847, 6.32659912109
       0.3565, 0.00407336652279, 0.193752154708, 0.235921755433, 208.558151245, -257.061157227, 4641.08203125, -27.9034004211,  6.4753947258
        0.357, 0.00398375745863, 0.191922754049, 0.235900342464,   206.3881073, -253.498168945, 4646.42333984, -29.1028385162, 6.68564653397
       0.3575, 0.00390239967965, 0.190259993076, 0.23582740128, 203.854690552, -251.232696533, 4656.68066406, -29.8119945526, 6.93405294418
        0.358, 0.00382945104502, 0.188762247562, 0.235707983375, 201.491195679, -250.243835449, 4672.22021484, -29.9638671875, 7.20878887177
       0.3585, 0.00376472808421, 0.18743211031, 0.235547095537, 199.267547607, -250.503799438, 4692.43212891, -29.6131134033, 7.50840520859
        0.359, 0.00370700983331, 0.186269417405, 0.235349863768, 197.329238892, -251.970321655, 4716.41015625, -28.7098522186,  7.7940659523
       0.3595, 0.00365539011545, 0.185271546245, 0.235121309757, 196.124008179, -254.474746704, 4744.08935547, -27.3164997101, 8.07993888855
         0.36, 0.00360846938565, 0.184437513351, 0.234866425395, 195.912460327, -257.973968506, 4772.99169922, -25.4373149872, 8.31996154785
       0.3605, 0.00356479920447, 0.183755427599, 0.23458994925, 196.044540405, -262.231536865, 4802.93896484, -23.1064987183, 8.52534008026
        0.361, 0.00352334417403, 0.183216661215, 0.23429620266, 196.657470703, -267.134124756,  4832.5859375, -20.4045963287, 8.66400337219
       0.3615, 0.00348289147951, 0.182807758451, 0.233989164233, 197.825637817, -272.453857422, 4860.09814453, -17.3386516571, 8.72873210907
        0.362, 0.00344330538064, 0.182509794831, 0.233672261238, 199.099609375, -278.054168701, 4885.44335938, -14.0398025513, 8.72067070007
       0.3625, 0.00340376840904, 0.182308778167, 0.233348399401, 200.002731323, -283.74041748, 4907.27050781, -10.5278749466, 8.61529254913
        0.363, 0.00336467754096, 0.182185471058, 0.233019962907, 200.489944458, -289.294616699, 4925.77929688, -6.93743038177, 8.43582630157
       0.3635, 0.00332654989325, 0.182125300169,  0.2326887995, 200.617050171, -294.639312744, 4940.07373047, -3.3275244236, 8.15706443787
        0.364, 0.00328992400318, 0.182110503316, 0.23235629499, 199.687591553, -299.55871582, 4950.64160156, 0.198113203049, 7.81742477417
       0.3645, 0.00325606414117, 0.182127699256, 0.232023343444, 197.793289185, -304.009002686, 4958.67675781,  3.5212032795, 7.39813280106
        0.365, 0.00322556379251, 0.182169064879, 0.231690615416, 195.194061279, -307.812286377, 4963.24511719, 6.59031581879, 6.93707418442
       0.3655, 0.00319999596104, 0.182221636176, 0.231358498335, 191.889480591, -310.95324707, 4966.56738281, 9.27246952057, 6.44657468796
        0.366, 0.00317973038182, 0.182284235954, 0.231027111411, 187.789291382, -313.345367432, 4969.11328125, 11.5366172791, 5.94523525238
       0.3665, 0.00316561199725, 0.182354286313, 0.230696752667, 183.353942871, -314.934417725, 4971.50390625, 13.2711439133, 5.47453212738
        0.367, 0.00315815908834, 0.182431325316, 0.230367615819,  179.05229187, -315.727325439, 4975.17138672, 14.4693756104, 5.03807735443
       0.3675, 0.00315720192157, 0.182519733906, 0.230039998889, 174.851974487, -315.669830322, 4980.20361328, 15.0789575577, 4.69153833389
        0.368, 0.00316284154542, 0.182621479034, 0.229714393616, 171.024963379, -314.817657471, 4988.54785156, 15.0825767517, 4.42338943481
       0.3685, 0.00317429332063, 0.182747125626, 0.229391500354, 167.992370605, -313.111114502, 4999.02050781, 14.5093050003, 4.28626155853
        0.369, 0.00319136912003, 0.182898297906, 0.22907230258, 165.879699707, -310.65814209, 5012.83398438, 13.3514328003, 4.27444839478
       0.3695, 0.003213085467, 0.18308365345, 0.228757813573, 164.492477417, -307.44921875, 5030.33203125, 11.6892824173, 4.40598249435
         0.37, 0.00323863513768, 0.183310508728, 0.228449463844, 164.048095703, -303.531646729, 5049.90722656, 9.54160690308, 4.68652629852
       0.3705, 0.00326750893146, 0.183578386903, 0.228148669004, 164.534072876, -298.978485107, 5072.67773438, 7.03077554703, 5.09452962875
        0.371, 0.00329883396626, 0.183894455433, 0.227856934071, 165.673583984, -293.860626221, 5096.83984375, 4.18341350555, 5.64604616165
       0.3715, 0.00333220884204, 0.184256359935, 0.227575838566, 167.185897827, -288.314422607, 5122.67089844, 1.11577093601, 6.28825759888
        0.372, 0.00336722750217, 0.184665262699, 0.227306872606, 168.985656738, -282.372039795, 5148.49951172, -2.09560012817, 7.03015995026
       0.3725, 0.00340388785116, 0.185114577413, 0.227051451802, 170.883331299, -276.235198975, 5173.80371094, -5.37483692169, 7.81247377396
        0.373, 0.00344222225249, 0.185598745942, 0.226810663939, 172.420257568, -269.986541748, 5198.71533203, -8.61227035522, 8.61884784698
       0.3735, 0.00348222046159, 0.186113834381, 0.226585522294, 173.605651855, -263.776000977, 5220.80517578, -11.7738733292, 9.40986728668
        0.374, 0.00352428085171, 0.18664586544, 0.226376742125, 174.324050903, -257.731781006, 5241.23779297, -14.7286806107, 10.1421365738
       0.3745, 0.00356859806925, 0.18719047308, 0.226184591651, 174.449920654, -251.985275269, 5258.72021484, -17.472032547,  10.803691864
        0.375, 0.00361529178917, 0.187736615539, 0.226009309292, 173.867523193, -246.678543091,  5273.2421875, -19.891330719,  11.333609581
       0.3755, 0.00366474920884, 0.188275843859, 0.22585067153, 172.666107178, -241.857254028, 5284.96923828, -21.9707374573, 11.7403411865
        0.376, 0.00371700758114, 0.188801690936, 0.225708290935, 171.077331543, -237.71282959, 5293.79199219, -23.6676120758, 11.9715938568
       0.3765, 0.00377212907188, 0.189307555556, 0.225581616163,  169.00994873, -234.284393311,  5300.9765625, -24.9416236877, 12.0434761047
        0.377, 0.00382985104807, 0.189792945981, 0.225469946861, 166.771713257, -231.68687439, 5305.68310547, -25.8236694336, 11.9380159378
       0.3775, 0.00388984824531, 0.190251916647, 0.225372597575, 164.537246704, -229.934616089,     5309.6875, -26.2539291382, 11.6613283157
        0.378, 0.00395191041753, 0.190687894821, 0.22528873384, 162.478973389, -229.068572998, 5313.53662109, -26.2919311523, 11.2367258072
       0.3785, 0.00401515234262, 0.191103309393, 0.225217789412, 160.726287842, -229.118545532, 5317.06787109, -25.8883876801, 10.6570339203
        0.379, 0.00407931394875, 0.19149915874, 0.225159153342,  159.40965271, -230.01789856,  5321.9765625, -25.1179027557, 9.97754859924
       0.3795, 0.00414347182959, 0.191883921623, 0.225112423301, 158.882461548, -231.810241699, 5328.28564453, -23.9906692505, 9.19153690338
         0.38, 0.00420690234751, 0.19226269424, 0.225077450275, 158.987823486, -234.355316162, 5336.56884766, -22.5268287659, 8.36583900452
       0.3805, 0.00426903180778, 0.192642137408, 0.22505427897, 159.819152832, -237.616867065, 5346.77148438, -20.7959098816, 7.50969934464
        0.381, 0.00432896800339, 0.193027168512,   0.225043118, 161.376831055, -241.442718506, 5359.14501953, -18.785533905, 6.66288995743
       0.3815, 0.00438666436821, 0.193423300982, 0.225044310093, 163.614868164, -245.739852905, 5374.18603516, -16.5927696228, 5.86192798615
        0.382, 0.00444126920775, 0.193837985396, 0.225058466196, 166.371994019, -250.38470459, 5390.24023438, -14.2031335831, 5.11590719223
       0.3825, 0.00449294410646, 0.194269746542, 0.225086256862, 169.397872925, -255.199066162, 5408.07470703, -11.7188529968, 4.47742509842
        0.383, 0.00454157451168, 0.194723278284, 0.225128307939,  172.78414917, -260.12097168, 5427.06445312, -9.16320800781, 3.93041944504
       0.3835, 0.00458715949208, 0.195198521018, 0.225185379386,  176.12953186, -264.936035156, 5445.84521484, -6.58792066574, 3.53008723259
        0.384, 0.00463036680594, 0.195690721273, 0.225258082151, 179.259246826, -269.573669434, 5464.52978516, -4.06593704224, 3.25539445877
       0.3845, 0.00467121554539, 0.19619743526, 0.225346878171, 182.079040527, -273.866516113, 5482.16503906, -1.61069977283,  3.1221344471
        0.385, 0.00471077300608, 0.196712225676, 0.225452139974, 184.541229248, -277.747467041, 5498.97265625, 0.67788785696, 3.13110184669
       0.3855, 0.00474911183119, 0.197232365608, 0.225574016571, 186.509979248, -281.135040283, 5513.36523438, 2.79695701599,   3.264367342
        0.386, 0.00478693004698, 0.197747424245, 0.225712522864, 187.873825073, -283.928497314, 5525.91308594, 4.64238548279, 3.53901648521
       0.3865, 0.0048246816732, 0.198253706098, 0.22586736083, 188.949310303, -286.14050293, 5537.01513672, 6.20739603043, 3.91210627556
        0.387, 0.0048622880131, 0.198747456074, 0.226038232446, 189.612518311, -287.657012939, 5545.10595703, 7.44259929657, 4.40256738663
       0.3875, 0.00490033393726, 0.199218288064, 0.226224586368, 189.900604248, -288.529937744, 5551.76513672, 8.30565261841, 4.96183776855
        0.388, 0.00493827229366, 0.199666514993, 0.226425647736, 190.055587769, -288.711212158, 5556.71630859,   8.799077034,  5.5853972435
       0.3885, 0.00497633917257, 0.200088575482,  0.2266407758, 190.303604126, -288.259796143, 5560.59863281, 8.86760139465, 6.25195264816
        0.389, 0.00501385936514, 0.200484633446, 0.226869180799, 190.659545898, -287.213165283, 5563.37792969, 8.54755306244, 6.93340539932
       0.3895, 0.0050502656959, 0.200852960348, 0.227110117674, 191.186523438, -285.579101562, 5565.59082031, 7.79534959793, 7.63140010834
         0.39, 0.00508518284187, 0.201195269823, 0.227362826467, 192.266891479, -283.453460693, 5568.81201172, 6.67545938492, 8.29936313629
       0.3905, 0.00511749181896, 0.201518163085, 0.22762671113, 193.802154541, -280.811645508, 5571.35009766, 5.19905996323, 8.95028018951
        0.391, 0.00514696585014, 0.201818451285, 0.227901279926, 195.665664673, -277.786193848, 5575.17333984, 3.40619015694, 9.53674888611
       0.3915, 0.00517263170332, 0.202104628086, 0.228186011314, 198.013656616, -274.401428223, 5580.22705078, 1.35856044292,  10.057050705
        0.392, 0.00519425608218, 0.202381148934, 0.228480771184, 200.893493652, -270.76550293, 5586.18798828, -0.921443343163, 10.4976615906
       0.3925, 0.00521142175421, 0.202651634812, 0.228785410523, 204.019317627, -266.945800781, 5593.56787109, -3.33093237877, 10.8424482346
        0.393, 0.00522369984537, 0.20292109251, 0.229099944234, 207.235458374, -262.973968506, 5601.74169922, -5.85284280777, 11.1003046036
       0.3935, 0.00523147080094, 0.203191250563, 0.229424491525, 210.697769165, -258.971832275, 5611.98632812, -8.36503314972, 11.2394304276
        0.394, 0.00523450039327, 0.203469857574, 0.229759261012, 214.085922241, -254.93687439, 5622.01855469, -10.8288850784, 11.2871675491
       0.3945, 0.00523352669552, 0.203752562404, 0.230104595423, 217.106048584, -251.020614624,   5632.984375, -13.1740007401, 11.2144727707
        0.395, 0.00522883189842, 0.204043850303, 0.230460673571, 219.842147827, -247.254135132, 5644.73681641, -15.3338794708, 11.0356893539
       0.3955, 0.00522112147883, 0.204345107079, 0.230827882886, 222.351486206, -243.749801636, 5655.76806641, -17.2872905731, 10.7563304901
        0.396, 0.00521113723516, 0.204652324319, 0.231206506491, 224.354995728, -240.587783813, 5666.87646484, -18.953868866, 10.3774719238
       0.3965, 0.00519917206839, 0.20496660471,  0.2315967381, 225.832550049, -237.801101685, 5676.91552734, -20.3525047302,  9.9261932373
        0.397, 0.00518620992079, 0.205283045769, 0.231998771429, 227.138153076, -235.51789856, 5686.80761719, -21.4041748047,  9.3906879425
       0.3975, 0.00517243193462, 0.205602526665, 0.232412651181,  228.10496521, -233.717346191, 5694.73730469, -22.130487442, 8.81751251221
        0.398, 0.00515849143267, 0.205917105079, 0.232838392258, 228.657531738, -232.51789856,  5701.4765625, -22.5134220123, 8.19700813293
       0.3985, 0.00514465058222, 0.206225588918, 0.23327575624, 229.058197021, -231.908065796, 5707.61669922, -22.5434417725, 7.56014633179
        0.399, 0.00513109797612, 0.20652794838, 0.233724609017, 229.541015625, -231.923553467, 5711.37744141, -22.2604484558,   6.930331707
       0.3995, 0.0051181409508, 0.206816911697, 0.234184652567, 229.933364868, -232.598754883, 5714.47949219, -21.6422252655, 6.31592988968
          0.4, 0.00510532967746, 0.207094445825, 0.234655424953, 230.353607178, -233.882904053, 5716.16650391, -20.7678508759, 5.75686216354
       0.4005, 0.00509277405217, 0.207357421517, 0.235136553645, 231.234237671, -235.812149048, 5717.36328125, -19.6120109558, 5.24922847748
        0.401, 0.00507995579392, 0.207607403398, 0.23562759161, 232.374816895, -238.260894775, 5717.44482422, -18.2382850647, 4.83906030655
       0.4015, 0.00506655452773, 0.207841232419, 0.236128047109, 233.670776367, -241.228500366, 5716.98828125, -16.6651611328,  4.5174703598
        0.402, 0.00505228899419, 0.208059415221, 0.236637383699, 235.247116089, -244.59765625, 5717.36083984, -14.9144392014, 4.30358743668
       0.4025, 0.00503678945825, 0.208266884089, 0.237155228853, 237.213943481, -248.293273926, 5716.74951172, -13.0548229218, 4.20901298523
        0.403, 0.00502002146095, 0.20845861733, 0.237681210041, 239.212982178, -252.263961792, 5717.17919922, -11.0815629959, 4.21793365479
       0.4035, 0.00500149605796, 0.208640694618, 0.238214895129, 241.176864624, -256.347839355, 5718.17431641, -9.09044456482, 4.35021066666
        0.404, 0.00498136738315, 0.208814397454, 0.238756150007, 243.401687622, -260.526000977, 5720.00195312, -7.08022212982, 4.57103157043
       0.4045, 0.00495951250196, 0.20898206532, 0.239304810762, 245.522064209, -264.619506836, 5722.62548828, -5.11360454559, 4.89763402939
        0.405, 0.00493586016819, 0.209145978093, 0.239860832691, 247.387298584, -268.569763184, 5725.81494141, -3.22342848778, 5.29752969742
       0.4055, 0.00491071213037, 0.209307610989, 0.240424215794, 249.058029175, -272.240386963, 5730.80419922, -1.4263600111, 5.75594854355
        0.406, 0.00488421786577, 0.209473237395, 0.240995123982, 250.564437866, -275.538452148,  5735.3515625, 0.207297027111, 6.26128959656
       0.4065, 0.00485691009089, 0.209638446569, 0.241573765874, 251.576217651, -278.444152832, 5740.87255859, 1.69202470779, 6.77146196365
        0.407, 0.00482899975032, 0.209807932377, 0.242160230875, 252.076812744, -280.828552246, 5746.84765625, 2.93530774117,  7.2911491394
       0.4075, 0.00480110291392, 0.209981948137, 0.242754772305, 252.448562622, -282.728637695, 5752.48681641,  3.9376950264, 7.77406024933
        0.408, 0.00477365311235, 0.210157841444, 0.243357598782, 252.402862549, -284.038482666, 5758.03417969, 4.67130184174, 8.22665691376
       0.4085, 0.00474688690156, 0.210335657001, 0.243968769908, 251.964691162, -284.769104004, 5762.67919922, 5.10266637802, 8.61838912964
        0.409, 0.00472134910524, 0.210511237383, 0.244588330388, 251.358474731, -284.898010254, 5767.46777344, 5.25479125977, 8.93899059296
       0.4095, 0.0046972790733, 0.210686251521, 0.245216235518, 250.720077515, -284.418518066, 5770.32324219,  5.0769276619, 9.19093513489
         0.41, 0.00467503024265, 0.210852086544, 0.24585236609, 249.902832031, -283.414215088, 5772.44433594,  4.6208524704, 9.34794425964
       0.4105, 0.00465467711911, 0.211008653045, 0.246496379375, 248.998016357, -281.849517822, 5773.86376953,  3.8382601738, 9.43445396423
        0.411, 0.00463641807437, 0.211154401302, 0.247147962451, 248.449310303, -279.852172852, 5773.50537109, 2.77654671669, 9.43108177185
       0.4115, 0.00462029501796, 0.211283311248, 0.247806712985, 248.024291992, -277.434539795, 5772.51757812, 1.45089745522, 9.35862922668
        0.412, 0.0046059479937, 0.211395978928, 0.248472005129, 247.788604736,   -274.671875,   5770.234375, -0.128399148583, 9.22398281097
       0.4125, 0.00459335092455, 0.211489275098, 0.249143302441, 247.985855103, -271.641845703, 5767.98681641, -1.87689471245,   9.031291008
        0.413, 0.00458214338869, 0.211565941572, 0.249819993973, 248.627349854, -268.381591797, 5764.46533203, -3.80306744576, 8.80941104889
       0.4135, 0.00457198638469, 0.211621955037, 0.250501483679, 249.514175415, -265.035064697, 5760.87890625, -5.80211830139, 8.55020332336
        0.414, 0.00456255488098, 0.211660072207, 0.251187115908, 250.575942993, -261.606018066, 5757.95019531, -7.86904382706, 8.29080104828
       0.4145, 0.00455367565155, 0.211683735251, 0.251876324415, 252.012527466, -258.236846924, 5754.35839844, -9.92744541168, 8.02688884735
        0.415, 0.0045453524217, 0.211689755321, 0.252568632364, 253.358215332, -254.972473145, 5751.72802734, -11.9188737869, 7.77530145645
       0.4155, 0.00453736120835, 0.211683049798, 0.253263503313, 254.546554565, -251.880722046, 5749.32861328, -13.8222293854, 7.54782342911
        0.416, 0.00452992832288, 0.211663275957, 0.253960549831, 255.720733643, -249.063537598, 5748.14404297, -15.5341320038, 7.33718156815
       0.4165, 0.00452303653583, 0.211635246873, 0.254659473896, 256.690734863, -246.511489868, 5747.08447266, -17.0652179718, 7.16900777817
        0.417, 0.00451680226251, 0.211598813534, 0.255360096693, 257.328155518, -244.366531372, 5746.72851562, -18.3285865784, 7.02102184296
       0.4175, 0.00451129907742, 0.211556971073, 0.256062179804, 257.638061523, -242.61026001, 5747.82958984, -19.3266963959, 6.91396856308
        0.418, 0.0045066117309, 0.211515694857, 0.256765782833, 257.848419189, -241.328811646, 5748.40380859, -20.029668808, 6.83709335327
       0.4185, 0.00450304895639, 0.211471572518, 0.257470935583, 257.593475342, -240.544692993,     5749.9375, -20.4096832275, 6.78728246689
        0.419, 0.00450061960146, 0.211429446936, 0.258177548647, 256.918609619, -240.258850098, 5751.39648438, -20.5005016327, 6.76883554459
       0.4195, 0.00449973577634, 0.211387634277, 0.258885771036, 256.116638184, -240.53578186, 5753.06835938, -20.2505340576, 6.75986671448
         0.42, 0.00450053159148, 0.211347058415, 0.259595602751, 255.066955566, -241.291442871, 5754.08789062, -19.7276649475, 6.77874469757
       0.4205, 0.00450313836336, 0.21130476892, 0.260307013988, 253.823974609, -242.586990356, 5754.42285156, -18.909362793, 6.80006742477
        0.421, 0.00450762873515, 0.211258977652, 0.261019915342, 252.592025757, -244.342330933, 5755.06103516, -17.8353404999,  6.8263168335
       0.4215, 0.00451379315928, 0.211211755872, 0.261734217405, 251.684677124, -246.535812378, 5753.73242188, -16.5533885956, 6.85574293137
        0.422, 0.004521607887, 0.211155995727, 0.262449771166, 250.940185547, -249.154296875, 5752.17236328, -15.0674619675,  6.8747177124
       0.4225, 0.00453052623197, 0.211094245315, 0.263166218996, 250.466323853, -252.086639404, 5749.65234375, -13.4683198929, 6.89730119705
        0.423, 0.00454041967168, 0.211023852229, 0.26388335228, 250.566177368, -255.332977295, 5746.31347656, -11.7460012436,  6.9019985199
       0.4235, 0.00455096643418, 0.210943490267, 0.264600723982, 250.980285645, -258.744506836, 5742.08837891, -9.98309898376, 6.90965223312
        0.424, 0.00456188712269, 0.210851252079, 0.265317946672, 251.614761353, -262.289978027, 5736.90478516, -8.20233631134, 6.90739059448
       0.4245, 0.00457320688292, 0.210744976997, 0.26603448391, 252.519256592, -265.852996826, 5732.24316406, -6.43390893936, 6.89805221558
        0.425, 0.00458470638841, 0.210627943277, 0.266749858856, 253.724060059, -269.326477051, 5726.08691406, -4.74720621109, 6.89161396027
       0.4255, 0.0045965812169, 0.210493385792, 0.267463564873, 254.938323975, -272.675628662, 5720.40136719, -3.12719273567, 6.87184286118
        0.426, 0.00460856268182, 0.210345461965, 0.268175005913, 256.101409912, -275.735626221, 5714.93261719, -1.66063475609, 6.86080217361
       0.4265, 0.0046209092252, 0.210184887052, 0.268883794546, 257.440795898, -278.511169434, 5709.51074219, -0.33264118433, 6.84133720398
        0.427, 0.00463360361755, 0.210011661053, 0.269589483738, 258.628723145, -280.875244141, 5704.66748047, 0.807746648788, 6.82595300674
       0.4275, 0.00464657740667, 0.209828287363, 0.270291686058, 259.590515137, -282.803619385, 5700.00537109, 1.73461854458, 6.81401348114
        0.428, 0.00466009927914, 0.20963549614, 0.270990103483, 260.438659668, -284.257049561, 5697.03320312, 2.45781517029, 6.80075836182
       0.4285, 0.00467404397205, 0.209439918399, 0.271684587002, 261.146453857, -285.167053223, 5693.59912109, 2.91950511932, 6.80153274536
        0.429, 0.00468873791397, 0.209237441421, 0.272375047207, 261.506622314, -285.586730957, 5691.27929688, 3.16192030907, 6.79969358444
       0.4295, 0.0047040367499, 0.20903351903, 0.273061215878, 261.562530518, -285.441375732, 5689.83789062, 3.13351511955, 6.81433820724
         0.43, 0.0047201719135, 0.20882999897, 0.273743212223, 261.608551025, -284.804626465, 5688.28173828, 2.86110067368, 6.83343601227
       0.4305, 0.00473713781685, 0.20862492919, 0.274420976639, 261.451934814, -283.670715332, 5687.28466797, 2.35511755943, 6.86236572266
        0.431, 0.00475460570306, 0.208420231938, 0.275094479322, 261.143737793, -282.065185547, 5685.87744141, 1.59842181206, 6.90703439713
       0.4315, 0.00477273017168, 0.208213195205, 0.275763660669, 261.004760742, -280.08682251, 5685.29345703, 0.657000124454, 6.95319604874
        0.432, 0.00479092495516, 0.208007097244, 0.276428490877, 261.007568359, -277.724365234, 5683.34033203, -0.502967298031,  7.0192565918
       0.4325, 0.00480923615396, 0.207795277238, 0.277088880539, 261.076202393, -275.12322998, 5681.24658203, -1.80904638767, 7.08959627151
        0.433, 0.00482715247199, 0.207579359412, 0.277744561434, 261.325775146, -272.294036865, 5679.11083984, -3.26343464851, 7.17106866837
       0.4335, 0.00484454538673, 0.207359299064, 0.278395444155, 261.948272705, -269.345855713, 5675.53710938, -4.82317495346, 7.26233196259
        0.434, 0.00486132316291, 0.207130342722, 0.279041260481, 262.706634521, -266.358764648, 5671.72265625, -6.4368224144, 7.35774850845
       0.4345, 0.00487700710073, 0.206894248724, 0.279681652784, 263.541687012, -263.359008789, 5666.77832031, -8.10082912445, 7.46570730209
        0.435, 0.00489195110276, 0.20664767921, 0.280316263437, 264.697631836, -260.483886719, 5662.02636719, -9.72138881683, 7.56819105148
       0.4355, 0.0049057258293, 0.20639385283, 0.280944734812, 265.972229004, -257.721710205,  5655.8515625, -11.3039903641, 7.68065881729
        0.436, 0.00491863070056, 0.206127375364, 0.281566679478, 267.194732666, -255.191635132, 5649.44433594, -12.7819719315, 7.78677272797
       0.4365, 0.00493059400469, 0.205850079656, 0.282181531191, 268.469543457, -252.913009644, 5643.53613281, -14.1153106689, 7.88226556778
        0.437, 0.00494171306491, 0.205564841628, 0.282788991928, 269.822631836, -250.923904419, 5636.56103516, -15.2932987213, 7.97204732895
       0.4375, 0.00495241768658, 0.205267697573, 0.283388644457, 271.032043457, -249.314620972, 5630.25878906, -16.2451286316, 8.03510475159
        0.438, 0.00496237073094, 0.204963192344, 0.283980041742, 272.012817383, -248.03263855, 5623.85058594, -16.998167038, 8.08032417297
       0.4385, 0.00497230608016, 0.204651296139, 0.284563004971, 273.085968018,     -247.1875, 5618.45166016, -17.4892082214, 8.09028720856
        0.439, 0.004981870763, 0.204337462783, 0.285137295723, 274.059570312, -246.724441528,      5612.875, -17.7352218628, 8.07051372528
       0.4395, 0.00499131903052, 0.204020261765, 0.285702824593, 274.796447754, -246.676086426, 5607.86914062, -17.7294502258, 8.01419830322
         0.44, 0.00500069092959, 0.203703060746, 0.286259442568, 275.547302246, -247.042953491, 5604.34228516, -17.4540596008, 7.91529273987
       0.4405, 0.00500980019569, 0.203391224146, 0.286807239056, 276.325012207, -247.773498535, 5600.23925781, -16.9574203491, 7.78669929504
        0.441, 0.00501900305972, 0.203080192208, 0.287346333265, 276.971557617, -248.909378052, 5597.25244141, -16.2110385895,  7.6143746376
       0.4415, 0.00502768950537, 0.202774867415, 0.287876695395, 277.493621826, -250.346740723, 5594.42041016, -15.280166626, 7.41498708725
        0.442, 0.00503635546193, 0.202473863959, 0.288398563862, 278.199523926, -252.113647461, 5592.18457031, -14.1693687439, 7.18411064148
       0.4425, 0.00504451617599, 0.202178910375, 0.288912057877,  278.93560791, -254.134170532, 5589.59814453, -12.9062223434,  6.9302740097
        0.443, 0.00505220051855, 0.201887518167, 0.289417356253, 279.555633545, -256.342956543,     5586.8125, -11.5545816422, 6.66723871231
       0.4435, 0.00506122456864, 0.201602220535, 0.289914578199, 280.437469482, -258.737243652, 5584.80859375, -10.1025428772, 6.38997983932
        0.444, 0.00507342629135, 0.201326489449, 0.290404081345, 281.498931885, -261.181518555, 5581.27587891, -8.63796710968,  6.1241402626
       0.4445, 0.00508819194511, 0.201052948833, 0.290886193514, 282.606994629, -263.698150635, 5577.91748047, -7.1561088562, 5.86821889877
        0.445, 0.00510133057833, 0.200797215104, 0.291360914707, 283.783355713, -266.163909912, 5574.02197266, -5.72205257416,  5.6372795105
       0.4455, 0.0051097436808, 0.200556054711, 0.291828513145, 285.172729492, -268.555480957, 5569.71240234, -4.35929489136,  5.4434928894
        0.446, 0.00510895997286, 0.200312152505, 0.292288988829, 286.578094482, -270.826843262, 5564.63964844, -3.08789944649, 5.28914165497
       0.4465, 0.00509591540322, 0.200049340725, 0.292742282152, 287.728149414, -272.867767334, 5558.86474609, -1.96843957901, 5.19216966629
        0.447, 0.00507135456428, 0.199783727527, 0.293188124895, 288.999389648, -274.701141357, 5553.71240234, -0.975382328033,   5.140396595
       0.4475, 0.00503587210551, 0.199535921216, 0.293626576662,  290.23828125, -276.205718994, 5547.06201172, -0.169421821833, 5.15341567993
        0.448, 0.00499220564961, 0.199300676584, 0.29405772686, 291.305633545, -277.397979736, 5540.76855469, 0.457630962133,  5.2216501236
       0.4485, 0.0049423482269, 0.199081853032, 0.294481605291,  292.40447998,    -278.21875, 5534.54541016, 0.904777646065, 5.34162950516
        0.449, 0.00488900858909, 0.198885336518, 0.294898539782, 293.673370361, -278.638214111, 5528.24511719, 1.13859331608, 5.52109193802
       0.4495, 0.00483353156596, 0.198704987764, 0.29530864954, 295.058288574, -278.689300537, 5522.08496094, 1.20208740234, 5.73937320709
         0.45, 0.00477755349129, 0.198531478643, 0.295712143183, 296.328491211, -278.295349121, 5515.96435547, 1.05286431313, 6.00043010712
       0.4505, 0.00472397822887, 0.198361873627, 0.296109229326,  297.93762207, -277.552520752, 5511.19873047, 0.731688380241, 6.28359127045
        0.451, 0.00467326352373,  0.1981972754, 0.296500116587, 299.744110107, -276.422058105, 5505.79052734, 0.229296609759, 6.58518838882
       0.4515, 0.00462694186717, 0.198031380773, 0.296885073185,  301.50302124, -274.958343506, 5501.31982422, -0.444459855556, 6.89255809784
        0.452, 0.00458632130176, 0.197864040732, 0.297264277935, 303.447387695, -273.209625244, 5497.62939453, -1.2518042326, 7.18785429001
       0.4525, 0.00455256924033, 0.197700083256, 0.297637999058, 305.520904541, -271.180206299, 5493.99462891, -2.20771741867, 7.47364711761
        0.453, 0.00452578254044, 0.197517558932, 0.298006504774, 307.561401367, -268.976287842, 5490.79736328, -3.25213122368, 7.72629880905
       0.4535, 0.00450596073642, 0.197325095534, 0.298369854689, 309.252105713, -266.581298828,   5487.578125, -4.39470338821, 7.94975423813
        0.454, 0.00449418043718, 0.197130635381, 0.298728138208, 310.863067627, -264.112915039, 5485.35058594, -5.59514474869, 8.12788772583
       0.4545, 0.00448916386813, 0.196935027838, 0.299081474543, 312.187835693, -261.599639893, 5482.09228516, -6.81582784653, 8.25754261017
        0.455, 0.00449151964858, 0.196729004383, 0.299429923296, 312.825775146, -259.08505249, 5479.08398438, -8.06462478638, 8.34174060822
       0.4555, 0.00450361100957, 0.196526408195, 0.299773395061, 313.095306396, -256.672821045, 5476.26220703, -9.26471042633, 8.36546325684
        0.456, 0.00452801212668, 0.196339190006, 0.300112038851, 312.883972168, -254.349380493, 5472.61865234, -10.4383544922,  8.3425655365
       0.4565, 0.00456761894748, 0.196151837707, 0.300445973873,  312.17590332, -252.233703613, 5468.74902344, -11.5233974457, 8.26777935028
        0.457, 0.00462579727173, 0.195966809988, 0.300775229931, 310.897857666, -250.310806274, 5464.29785156, -12.5149841309, 8.14505195618
       0.4575, 0.00470717763528, 0.195798128843, 0.301099926233, 309.404632568, -248.647766113, 5460.22607422, -13.3888568878, 7.98317193985
        0.458, 0.0048131919466, 0.195637911558, 0.301420152187, 307.762634277, -247.283111572, 5454.85791016, -14.1047782898, 7.78283643723
       0.4585, 0.00494493916631, 0.195470154285,  0.3017359972,  305.72442627, -246.185119629, 5449.54199219, -14.6825265884, 7.56138801575
        0.459, 0.00510361557826, 0.19530877471, 0.302047342062, 303.865539551, -245.439025879, 5444.53369141, -15.0622472763, 7.31030654907
       0.4595, 0.00528855761513, 0.195157214999, 0.302354246378, 302.189758301, -244.980072021, 5438.78759766, -15.270529747, 7.05282783508
         0.46, 0.00549901789054, 0.19499334693, 0.30265673995, 300.772094727, -244.859085083, 5433.25732422, -15.2873344421, 6.78626680374
       0.4605, 0.00573393469676, 0.194823697209, 0.302954703569, 299.761688232, -245.037124634, 5427.66601562, -15.1011695862, 6.51644229889
        0.461, 0.00599385052919, 0.194663524628, 0.303248137236, 299.484130859, -245.500717163,    5422.90625, -14.7451219559, 6.25953674316
       0.4615, 0.00627745967358, 0.194501727819, 0.303537219763, 300.115539551, -246.265670776, 5417.53759766, -14.186214447, 6.00929546356
        0.462, 0.00658358307555, 0.194322273135, 0.303822100163, 301.388214111, -247.240081787, 5412.82666016, -13.4849720001, 5.78400945663
       0.4625, 0.00691160513088, 0.19414421916, 0.304102838039, 303.907165527, -248.478637695, 5409.04980469, -12.6283731461, 5.57671070099
        0.463, 0.00725870206952, 0.193972602487, 0.304379761219, 307.598327637, -249.889129639, 5404.98242188, -11.653637886, 5.40196180344
       0.4635, 0.00762190017849, 0.193790480494, 0.304653137922,  312.33770752, -251.460708618, 5401.60205078, -10.5925674438, 5.26058101654
        0.464, 0.00799727160484, 0.193611696362, 0.304923057556, 318.232208252, -253.160324097, 5398.49902344, -9.44869804382, 5.14970970154
       0.4645, 0.00838158000261, 0.193453669548, 0.305189758539, 325.309753418, -254.918991089, 5396.22998047, -8.28852844238, 5.08340024948
        0.465, 0.00877043791115, 0.193304955959, 0.305453449488, 333.544891357, -256.743408203, 5393.39550781, -7.10034370422,  5.0506362915
       0.4655, 0.00915933214128, 0.193152308464, 0.305714249611, 342.442962646, -258.519683838, 5390.99414062, -5.94796514511, 5.06404924393
        0.466, 0.00954490713775, 0.19301186502, 0.305972009897, 352.332000732, -260.264251709, 5389.21386719, -4.84230327606, 5.11159896851
       0.4665, 0.00992208719254, 0.192880615592, 0.306226819754, 362.975891113, -261.903198242, 5386.59619141, -3.79784822464, 5.19594573975
        0.467, 0.0102863293141, 0.192734435201, 0.306478559971, 373.952667236, -263.382843018, 5384.20117188, -2.87332439423, 5.31823778152
       0.4675, 0.01063242089, 0.192580774426, 0.306726872921, 385.384613037, -264.707336426, 5381.58251953, -2.03864169121, 5.46201658249
        0.468, 0.0109557434916, 0.192433059216, 0.306971520185, 397.049438477, -265.786437988,  5379.1171875, -1.36175084114, 5.63454008102
       0.4685, 0.0112516935915, 0.192280679941, 0.307212203741, 408.890991211, -266.650665283, 5375.74072266, -0.81907504797, 5.82272434235
        0.469, 0.0115157691762, 0.192112624645, 0.307448536158, 420.455596924, -267.228637695, 5372.34667969, -0.438698321581, 6.02315473557
       0.4695, 0.0117455394939, 0.191942542791, 0.307680010796, 431.975402832, -267.529327393, 5369.35546875, -0.229775771499, 6.23187685013
         0.47, 0.011938482523, 0.191771745682, 0.307906329632, 443.357727051, -267.549926758, 5365.27148438, -0.167758449912, 6.43938446045
       0.4705, 0.0120938969776, 0.191583514214, 0.308127105236, 454.105651855, -267.229797363, 5361.49853516, -0.288498729467, 6.64683675766
        0.471, 0.0122120473534, 0.191387817264, 0.308341950178, 464.600402832, -266.640350342, 5357.64794922, -0.540564537048, 6.83618211746
       0.4715, 0.0122936358675, 0.191197887063, 0.30855062604, 474.732727051, -265.734954834, 5353.95214844, -0.951265931129, 7.01298618317
        0.472, 0.0123401200399, 0.191005304456, 0.308753013611, 484.533599854, -264.557006836,  5349.8671875, -1.49396169186, 7.16663265228
       0.4725, 0.0123528027907, 0.190802380443, 0.308949023485, 493.889587402, -263.123626709, 5345.96582031, -2.13832306862, 7.28696680069
        0.473, 0.0123339230195, 0.190603002906, 0.309138536453, 503.063018799, -261.455383301, 5342.90820312,  -2.905377388, 7.38029336929
       0.4735, 0.0122847612947, 0.190411731601, 0.309321671724, 512.283691406, -259.622070312, 5339.05419922, -3.73120999336, 7.43486118317
        0.474, 0.0122068459168, 0.190211772919, 0.309498518705, 521.089477539, -257.605804443, 5335.94189453, -4.64123821259, 7.45782327652
       0.4745, 0.012102146633, 0.190011069179, 0.309669107199, 529.951416016, -255.513656616, 5333.11621094, -5.58403921127, 7.44183731079
        0.475, 0.0119717102498, 0.189819663763, 0.309833586216, 538.864929199, -253.369430542, 5330.53613281, -6.5470457077, 7.39291858673
       0.4755, 0.0118168424815, 0.18963085115, 0.309992164373,  547.68548584, -251.210159302, 5327.99853516, -7.5299782753, 7.31926727295
        0.476, 0.0116384988651, 0.189439550042, 0.310144931078, 556.405822754, -249.109909058, 5325.65527344, -8.47724819183, 7.21339035034
       0.4765, 0.011437994428, 0.189256548882, 0.310292035341, 564.980834961, -247.079544067, 5324.25634766, -9.4041891098, 7.09364843369
        0.477, 0.0112158535048, 0.189087480307, 0.31043368578,  573.58392334, -245.204437256, 5322.03808594, -10.2585783005, 6.95473194122
       0.4775, 0.0109721040353, 0.188917189837,  0.3105699718,  581.61328125, -243.470596313, 5320.44824219, -11.0409240723, 6.80825185776
        0.478, 0.0107072954997, 0.18874977529,  0.3107008636, 589.307800293, -241.951156616, 5319.12158203, -11.7323999405, 6.65655612946
       0.4785, 0.0104207843542, 0.188591912389, 0.310826450586, 596.594970703, -240.667495728, 5317.49902344, -12.2934045792, 6.50354194641
        0.479, 0.0101121477783, 0.188435152173, 0.310946643353, 603.031311035, -239.598403931,  5315.8515625, -12.7477893829, 6.35909032822
       0.4795, 0.00978107843548, 0.188272759318, 0.311061352491, 608.704772949, -238.824661255, 5313.98779297, -13.0424766541,  6.2147436142
         0.48, 0.00942736212164, 0.188110291958, 0.311170369387, 613.364807129, -238.307220459, 5312.66259766, -13.2119054794,  6.0862288475
       0.4805, 0.0090510956943, 0.187953367829, 0.311273604631, 617.144287109, -238.078643799, 5310.20947266, -13.2244758606, 5.97053337097
        0.481, 0.0086524086073, 0.187790229917, 0.311370998621, 619.633483887, -238.119049072, 5308.06689453, -13.0847005844, 5.86429166794
       0.4815, 0.0082327183336, 0.187625557184, 0.311462372541, 620.969055176, -238.425811768, 5306.09277344, -12.8178300858, 5.78046131134
        0.482, 0.00779353873804, 0.187469810247, 0.311547726393, 621.334838867, -238.998062134, 5303.41064453, -12.3905754089, 5.70953655243
       0.4825, 0.00733707798645, 0.18731918931, 0.311627179384, 620.313049316, -239.758499146, 5300.87988281, -11.8562145233,  5.6624789238
        0.483, 0.006866437383, 0.187171518803, 0.311700731516, 618.235290527, -240.753692627, 5298.10107422, -11.1894712448, 5.62623310089
       0.4835, 0.00638483650982, 0.187030479312, 0.311768621206, 614.977600098, -241.898696899, 5295.86621094, -10.4264888763, 5.61243867874
        0.484, 0.00589615246281, 0.186902314425, 0.311830997467, 610.772583008, -243.172348022, 5292.72363281, -9.58791732788, 5.61400938034
       0.4845, 0.00540386140347, 0.186777129769, 0.311888158321, 605.446350098, -244.544952393, 5290.01171875, -8.66696453094, 5.62299728394
        0.485, 0.00491198897362, 0.186656013131, 0.311940222979, 599.081970215, -245.958694458,    5287.78125, -7.72915697098, 5.64645957947
       0.4855, 0.00442428188398, 0.186545833945, 0.311987519264, 592.115722656, -247.416732788, 5284.89160156, -6.75249481201, 5.67216110229
        0.486, 0.0039438107051, 0.186442479491, 0.312030345201, 584.233703613, -248.825515747, 5282.53662109, -5.80559253693, 5.70376062393
       0.4865, 0.00347361294553, 0.186344146729, 0.312068939209, 575.920166016, -250.214385986, 5280.17138672, -4.88729572296, 5.73325204849
        0.487, 0.0030158252921, 0.186252951622, 0.312103569508, 567.177307129, -251.515411377, 5278.50927734, -4.02540302277, 5.76481389999
       0.4875, 0.00257240980864, 0.186174303293, 0.312134563923, 558.169799805, -252.693634033, 5276.23388672, -3.26016044617, 5.79928588867
        0.488, 0.00214450084604, 0.18610149622, 0.312162190676, 548.806274414, -253.739028931, 5274.51220703, -2.57389235497,  5.8290438652
       0.4885, 0.00173321284819, 0.186033412814, 0.312186539173, 538.979492188, -254.592010498,    5273.46875, -2.0230576992, 5.86777877808
        0.489, 0.00133950763848, 0.185972586274, 0.312207907438, 528.929321289, -255.262588501, 5271.68505859, -1.5780351162, 5.90044593811
       0.4895, 0.000963897851761, 0.185913234949, 0.312226325274, 518.134155273, -255.672103882, 5270.51611328, -1.27459764481,  5.9388756752
         0.49, 0.000607200607192, 0.185853004456, 0.312241792679, 506.864196777, -255.862869263, 5269.19921875, -1.10874736309, 5.97215890884
       0.4905, 0.000269893469522, 0.185788616538, 0.312254339457, 495.057281494, -255.811294556, 5268.40820312, -1.07007658482, 6.00426626205
        0.491, -4.72886276839e-05, 0.185723036528, 0.312263935804, 482.815155029, -255.501571655, 5266.84912109, -1.19068050385, 6.04006910324
       0.4915, -0.000343800755218, 0.185650169849, 0.312270522118, 470.218261719, -254.968933105, 5265.58251953, -1.42668282986, 6.06838417053
        0.492, -0.000618841731921, 0.185571685433, 0.312274038792, 457.161346436, -254.184555054, 5264.82666016, -1.80501914024, 6.10662889481
       0.4925, -0.000871063268278, 0.185493782163, 0.312274485826, 443.888092041, -253.199035645, 5263.03076172, -2.28147983551, 6.13663816452
        0.493, -0.00109903502744, 0.185414418578, 0.312271893024, 429.958190918, -251.980545044, 5261.70068359, -2.86056852341, 6.17089748383
       0.4935, -0.00130084727425, 0.185336410999, 0.312266111374, 415.670837402, -250.609619141, 5260.00537109, -3.52984619141,  6.1982383728
        0.494, -0.00147479539737, 0.185257017612, 0.312257260084, 400.976165771, -249.104370117, 5258.61328125, -4.24902868271, 6.22091197968
       0.4945, -0.0016189502785, 0.185179829597, 0.312245339155, 385.950134277, -247.473251343, 5256.35644531, -5.04208374023, 6.24308490753
        0.495, -0.00173181772698, 0.185100391507, 0.312230318785, 370.850006104, -245.799423218, 5254.30371094, -5.84748649597, 6.25100278854
       0.4955, -0.00181243952829, 0.185019776225, 0.31221216917, 355.707733154, -244.071472168, 5252.75048828, -6.67919921875, 6.26584911346
        0.496, -0.00185998203233, 0.18494066596, 0.312190979719, 340.851257324, -242.36390686, 5250.15283203, -7.49306678772, 6.26586294174
       0.4965, -0.00187392579392, 0.18485917151, 0.312166780233,  325.96472168, -240.659698486, 5248.19091797, -8.27398967743, 6.26524209976
        0.497, -0.00185393821448, 0.184777796268, 0.312139481306, 311.401123047, -239.045700073, 5246.00830078, -9.01623344421, 6.25277853012
       0.4975, -0.00180028134491, 0.184694245458, 0.312109202147, 297.103424072, -237.550170898, 5244.27880859, -9.67798995972, 6.23002719879
        0.498, -0.00171304808464, 0.184612378478, 0.312075942755, 283.077178955, -236.187225342, 5241.93457031, -10.2910614014, 6.20314025879
       0.4985, -0.00159275624901, 0.184528157115, 0.312039673328, 269.529815674, -235.035018921, 5239.99853516, -10.7965011597, 6.15876674652
        0.499, -0.00144057685975, 0.184442460537, 0.312000334263, 256.457580566, -234.059997559,  5238.7890625, -11.2223367691, 6.11890363693
       0.4995, -0.00125824252609, 0.184354707599, 0.311957895756,  244.09147644, -233.320739746, 5236.69824219, -11.5363121033,  6.0631313324
          0.5, -0.00104780041147, 0.184249505401, 0.311911940575, 232.165176392, -232.778991699, 5235.47460938, -11.7241535187, 6.00713157654
       0.5005, -0.000811596692074, 0.184123650193, 0.311861485243, 221.068359375, -232.488235474, 5234.16601562, -11.8076982498, 5.94245958328
        0.501, -0.000552392855752, 0.183984681964, 0.311805874109,  210.73916626, -232.440139771, 5233.35351562, -11.7527561188, 5.87200307846
       0.5015, -0.000272965437034, 0.183838486671, 0.311744779348, 201.121871948, -232.606292725, 5232.02490234, -11.6057071686, 5.80377149582
        0.502, 2.37975018536e-05, 0.183688402176, 0.311677992344, 192.377822876, -233.019714355, 5231.00634766, -11.3197631836, 5.72321891785
       0.5025, 0.000335073913448, 0.183539539576, 0.311605393887, 184.496017456, -233.60723877, 5230.63134766, -10.9453306198, 5.65202665329
        0.503, 0.000657817698084, 0.183395951986, 0.31152716279, 177.624954224, -234.39541626, 5229.16845703, -10.4655342102, 5.57193279266
       0.5035, 0.000989304389805, 0.183254361153, 0.31144335866, 171.488067627, -235.300003052, 5228.38818359, -9.88677215576, 5.49650430679
        0.504, 0.00132710754406, 0.183119103312, 0.311354011297, 166.427764893, -236.334472656, 5227.31005859, -9.24441719055, 5.42020320892
       0.5045, 0.00166884518694, 0.18298907578, 0.311259329319, 162.325683594, -237.465301514, 5226.37109375, -8.52143573761, 5.34566116333
        0.505, 0.00201261485927,  0.1828661412, 0.311159431934, 159.027908325, -238.632369995,  5224.8359375, -7.78415727615, 5.28206300735
       0.5055, 0.00235675740987, 0.182747736573, 0.311054497957, 156.685501099, -239.864593506, 5223.25097656, -6.99819517136, 5.21508836746
        0.506, 0.00270012463443, 0.18263348937, 0.31094455719, 155.234039307, -241.066268921, 5222.20068359, -6.23112154007, 5.16665697098
       0.5065, 0.00304159591906, 0.182526275516, 0.310829907656, 154.699752808, -242.246704102, 5219.83105469, -5.47371673584, 5.11890029907
        0.507, 0.0033805668354, 0.182420149446, 0.310710608959,  154.79901123,  -243.3412323, 5218.08740234, -4.73739099503, 5.08104991913
       0.5075, 0.00371666019782, 0.18231806159, 0.310586750507, 155.809936523, -244.331298828, 5216.03271484, -4.06883907318, 5.05455303192
        0.508, 0.00404955958948, 0.182218313217, 0.310458570719, 157.614074707, -245.206375122, 5213.96240234, -3.43691563606, 5.03657627106
       0.5085, 0.00437925336882, 0.182121828198, 0.310326129198, 159.942901611, -245.902450562, 5211.62792969, -2.91316127777, 5.03395986557
        0.509, 0.0047056786716, 0.182027176023, 0.310189574957, 162.945465088, -246.470672607, 5209.23193359, -2.45980143547, 5.03658914566
       0.5095, 0.00502903014421, 0.181933701038, 0.310048997402, 166.551193237, -246.85055542, 5207.66162109, -2.12895727158, 5.06256437302
         0.51, 0.0053491438739, 0.181845366955, 0.309904575348, 170.729553223, -247.056915283, 5205.01171875, -1.91413724422,  5.0987906456
       0.5105, 0.00566595466807, 0.181757062674, 0.309756428003, 175.185577393, -247.066360474, 5203.21142578, -1.80166876316, 5.14870452881
        0.511, 0.00597929582, 0.18167206645, 0.309604525566, 180.172393799, -246.870117188, 5201.46435547, -1.82618427277, 5.21679449081
       0.5115, 0.00628857174888, 0.181588247418, 0.30944904685, 185.654937744, -246.499603271, 5199.62548828, -1.93783330917,  5.2917098999
        0.512, 0.00659313425422, 0.181505590677, 0.309289991856, 191.310791016, -245.897689819, 5197.97802734, -2.18061256409, 5.38340425491
       0.5125, 0.00689199240878, 0.181425094604, 0.30912733078, 197.336395264, -245.134780884,   5196.171875, -2.50497698784, 5.47907590866
        0.513, 0.00718414550647, 0.181343600154, 0.308961123228,  203.73324585, -244.204360962, 5195.27441406, -2.92646121979, 5.58020353317
       0.5135, 0.00746805081144, 0.181264400482, 0.308791309595, 210.466278076, -243.123779297, 5193.34765625, -3.4367415905, 5.68673801422
        0.514, 0.00774222100154, 0.181184366345, 0.308617919683, 217.334945679, -241.924087524, 5192.07666016, -3.99353337288, 5.79008722305
       0.5145, 0.00800518412143, 0.181106850505, 0.308440804482, 224.559753418, -240.607620239, 5191.02099609, -4.62193489075, 5.89409732819
        0.515, 0.00825514551252, 0.181030079722, 0.308260053396, 232.207138062, -239.241149902, 5189.34326172, -5.26398229599,  5.9886302948
       0.5155, 0.00849054567516, 0.180953010917, 0.308075577021, 239.952011108, -237.803878784, 5188.02539062, -5.94260883331, 6.07681703568
        0.516, 0.0087098153308, 0.180878922343, 0.307887285948, 248.006530762, -236.373474121, 5186.23925781, -6.62006235123, 6.15122413635
       0.5165, 0.00891171395779, 0.180803850293, 0.307695150375, 256.379638672, -234.962280273, 5184.96972656, -7.27874231339, 6.21150064468
        0.517, 0.00909502711147, 0.180729389191, 0.307499080896, 264.970977783, -233.564666748, 5182.63574219, -7.9227180481, 6.25947332382
       0.5175, 0.00925894733518, 0.180652022362, 0.307299017906, 273.669464111, -232.258880615, 5180.50390625, -8.49890613556, 6.28249883652
        0.518, 0.00940301083028, 0.180574148893, 0.307094782591, 282.540496826, -231.015457153, 5178.62353516, -9.03525352478, 6.29039335251
       0.5185, 0.00952699687332, 0.180494755507, 0.306886464357, 291.708282471, -229.904907227, 5175.62402344, -9.48421382904, 6.27663755417
        0.519, 0.00963102187961, 0.180409938097, 0.306673973799, 300.844909668, -228.917694092, 5173.15478516, -9.86096191406, 6.23749256134
       0.5195, 0.00971539597958, 0.180325344205, 0.30645725131, 310.081939697, -228.084381104, 5170.18408203, -10.1588821411, 6.18124389648
         0.52, 0.0097809638828, 0.180239006877, 0.306236326694, 319.541656494, -227.452194214, 5167.53369141,  -10.35151577,  6.1024107933
       0.5205, 0.00982841290534, 0.180152222514, 0.306011289358, 329.009216309, -226.963104248, 5164.30908203, -10.4750318527, 6.01215934753
        0.521, 0.00985888019204, 0.180064365268, 0.305782198906, 338.473175049, -226.686416626,  5161.1484375, -10.483124733,  5.9048371315
       0.5215, 0.00987357925624, 0.179978340864, 0.305549055338, 347.929656982, -226.583602905, 5158.75488281, -10.4136619568, 5.79062652588
        0.522, 0.00987371709198, 0.17989563942, 0.30531206727, 357.437072754, -226.65184021, 5155.27050781, -10.2509241104, 5.67285299301
       0.5225, 0.00986074097455, 0.179810583591, 0.30507132411, 366.723144531, -226.89050293, 5152.65185547, -9.98523521423, 5.55041074753
        0.523, 0.00983574148268, 0.179729565978, 0.304826825857,  375.80368042, -227.268539429, 5149.94335938, -9.65862846375, 5.43467235565
       0.5235, 0.009800106287, 0.179650679231, 0.304578781128, 384.841278076, -227.807373047, 5147.32421875, -9.23801136017,  5.3229265213
        0.524, 0.00975473597646, 0.179572358727, 0.304327219725, 393.552978516, -228.430587769, 5144.74072266, -8.77287483215, 5.22210741043
       0.5245, 0.00970054231584, 0.179494708776, 0.304072260857, 401.968902588, -229.167907715, 5141.96972656, -8.24781131744, 5.13206386566
        0.525, 0.00963823404163, 0.179418355227, 0.303813904524, 410.095458984, -229.980957031, 5140.13525391, -7.68119430542, 5.05452156067
       0.5255, 0.00956813432276, 0.179346114397, 0.303552269936, 417.918060303, -230.813735962, 5137.14404297, -7.10095405579, 4.99751186371
        0.526, 0.00949081778526, 0.179270774126, 0.303287446499, 425.338195801, -231.68951416,   5134.796875, -6.48609304428, 4.94984817505
       0.5265, 0.00940600503236, 0.179197639227, 0.303019285202, 432.238647461, -232.537490845, 5132.51611328, -5.8957362175, 4.92582941055
        0.527, 0.00931393820792, 0.179127246141, 0.302747935057, 438.833435059, -233.371139526, 5129.67675781, -5.30037975311, 4.91898155212
       0.5275, 0.00921445246786,  0.1790561378, 0.302473306656, 444.865997314, -234.134277344, 5127.10107422, -4.74541044235, 4.92786073685
        0.528, 0.00910729635507, 0.178985267878, 0.302195340395, 450.327850342, -234.829589844, 5123.96044922, -4.23361682892, 4.95858097076
       0.5285, 0.00899245031178, 0.178913444281, 0.301913976669, 455.295471191, -235.443481445, 5121.45703125, -3.76021981239, 5.00283002853
        0.529, 0.00886960700154, 0.178843766451, 0.30162909627, 459.671112061, -235.906661987, 5117.83544922, -3.36864066124, 5.06563520432
       0.5295, 0.00873921159655, 0.178768709302, 0.301340609789, 463.484619141, -236.267776489, 5114.45361328, -3.02382850647, 5.13715171814
         0.53, 0.00860099773854, 0.178691416979, 0.301048308611, 466.664611816, -236.475646973, 5111.37158203, -2.77482581139, 5.22138309479
       0.5305, 0.00845539197326, 0.178613096476, 0.300752103329, 469.426727295, -236.530502319, 5107.27929688, -2.60201716423, 5.31503152847
        0.531, 0.00830309651792, 0.178529128432, 0.300451874733, 471.680908203, -236.435134888, 5103.73681641, -2.50679755211, 5.40851593018
       0.5315, 0.00814442522824, 0.178442209959, 0.30014744401, 473.385498047, -236.16885376, 5099.64648438, -2.51053953171, 5.50833654404
        0.532, 0.00798056926578, 0.178350925446, 0.299838781357, 474.816436768, -235.776779175, 5096.07519531, -2.58307409286, 5.60485506058
       0.5325, 0.00781212933362, 0.178259328008, 0.299525797367, 475.870788574, -235.20803833, 5091.81347656, -2.75744795799, 5.69738721848
        0.533, 0.0076406900771, 0.178163394332, 0.299208462238, 476.651702881, -234.528564453, 5087.64746094, -2.99699544907, 5.78421783447
       0.5335, 0.0074671828188, 0.178065478802, 0.298886686563, 477.201477051, -233.735336304, 5084.22363281, -3.31286334991, 5.85971450806
        0.534, 0.00729270838201, 0.177969038486, 0.29856055975,  477.62701416, -232.815353394,   5079.703125, -3.70399022102, 5.93011808395
       0.5345, 0.00711908470839, 0.177869573236, 0.298230051994,  477.99899292, -231.832580566, 5076.06347656, -4.12915658951, 5.98149251938
        0.535, 0.00694691902027, 0.17777171731, 0.297895133495, 478.178771973, -230.756484985, 5072.13085938, -4.62168979645,  6.0275645256
       0.5355, 0.00677786022425, 0.177673786879, 0.297555923462,  478.41595459, -229.64491272, 5068.52929688, -5.12522125244, 6.05810689926
        0.536, 0.00661268597469, 0.177578702569, 0.297212481499, 478.539794922, -228.471984863, 5064.73876953, -5.65521812439, 6.07461977005
       0.5365, 0.00645269080997, 0.177484676242, 0.296864807606, 478.518310547, -227.292678833, 5060.81494141, -6.1828122139, 6.07991456985
        0.537, 0.00629871012643, 0.177391156554, 0.296512931585, 478.404663086, -226.133544922, 5057.81396484, -6.69527387619, 6.06974840164
       0.5375, 0.00615104055032, 0.177301689982, 0.296156942844, 478.118713379, -224.968887329, 5053.59472656, -7.19578742981, 6.04832172394
        0.538, 0.00601091003045, 0.177209571004, 0.295796781778, 477.692840576, -223.886138916, 5050.12841797, -7.64451503754, 6.01160049438
       0.5385, 0.00587793346494, 0.177119001746, 0.295432388783, 476.921783447, -222.855377197, 5046.44287109, -8.06566810608, 5.96398019791
        0.539, 0.00575264589861, 0.177026674151, 0.295063823462, 475.957214355, -221.918914795, 5042.56591797, -8.42416095734, 5.90606737137
       0.5395, 0.00563584594056, 0.176932349801, 0.294690907001, 474.707458496, -221.084518433, 5038.65283203, -8.71743011475, 5.83306741714
         0.54, 0.00552591262385, 0.176835253835,  0.2943136096,  473.00970459, -220.355560303, 5034.18066406, -8.95458602905, 5.75471067429
       0.5405, 0.00542289670557, 0.176733195782, 0.293931782246, 471.061584473, -219.783081055, 5030.54248047, -9.10081958771, 5.66441726685
        0.541, 0.00532550131902, 0.176630944014, 0.293545335531, 468.701599121, -219.306182861, 5025.58789062, -9.19359588623, 5.57018709183
       0.5415, 0.00523395743221, 0.176523029804, 0.293154239655, 466.007293701, -219.00289917, 5021.15722656, -9.19130992889, 5.47070026398
        0.542, 0.00514705153182, 0.176414445043, 0.292758256197, 462.910919189, -218.838226318,   5016.703125, -9.1261882782, 5.37164831161
       0.5425, 0.00506447488442, 0.176304891706, 0.292357444763, 459.501159668, -218.807449341, 5011.75195312, -8.99130153656, 5.27797269821
        0.543, 0.00498596346006, 0.176193475723, 0.291951686144, 455.792388916, -218.920639038, 5007.05859375, -8.77463054657, 5.18634796143
       0.5435, 0.00491071073338, 0.176082640886, 0.29154086113, 451.605651855, -219.145767212, 5001.84912109, -8.50511455536, 5.10840082169
        0.544, 0.00483858445659, 0.175969287753, 0.291124939919, 447.208953857, -219.507629395, 4997.50146484, -8.16692447662, 5.03806018829
