PARSFILE

! EXPANDED_PARSFILE for Math models and animator

! This is an expansion of the Parsfile: "Runs\Run_f46790b5-08a1-4a02-8770-57a8769927df.par"
! It contains the contents of that file plus the contents of any files linked
! with the "PARSFILE" keyword.

! File created by CarSim 2024.1

PRODUCT_NAME CarSim
MODEL_LAYOUT v_i

tstep 0.0005
iprint 50

ENTER_PARSFILE Runs\Run_f46790b5-08a1-4a02-8770-57a8769927df.par
#FullDataName CarSim Run Control`VSA: Turn 1 (Handling Course)`Suspension and Ride Tests
*VEHICLE_CODE v_i
OPT_ALL_WRITE 0
IOBJECT 0
IUNIT 0
IVEHICLE 0
OPT_INT_METHOD 0
OPT_VS_FILETYPE 2
ENTER_PARSFILE Animator\Cameras\Camera_2108a2ce-9bdd-4df1-8317-da90eb17ef74.par
#FullDataName Animator: Camera Setup`0 Azm, 2.5 El, 37 m`Vehicle Reference
SET_CAMERA_REFERENCE_FRAME Frame_4784094f-08e1-404b-b742-340ae23fcffa
ENTER_PARSFILE Animator\Frames\Frame_4784094f-08e1-404b-b742-340ae23fcffa.par
#FullDataName Animator: Reference Frame`Vehicle X-Y-Z-Yaw`Tracking: Vehicle
ADD_REFERENCE_FRAME Frame_4784094f-08e1-404b-b742-340ae23fcffa
SET_EULER_ANGLES yaw_pitch_roll
SET_X_NAME Xo
SET_Y_NAME Yo
SET_Z_NAME Zo
SET_YAW_NAME yaw
WRT_Xo
ANI_Xo
WRT_Yo
ANI_Yo
WRT_Zo
ANI_Zo
WRT_yaw
ANI_yaw
LOG_ENTRY Used Dataset: Animator: Reference Frame; { Tracking: Vehicle } Vehicle X-Y-Z-Yaw
EXIT_PARSFILE Animator\Frames\Frame_4784094f-08e1-404b-b742-340ae23fcffa.par

SET_LOOKPOINT_REFERENCE_FRAME Frame_4784094f-08e1-404b-b742-340ae23fcffa
SET_LOOKPOINT_X 0
SET_LOOKPOINT_Y 0
SET_LOOKPOINT_Z 1.2
SET_AZIMUTH 0
SET_ELEVATION 2.5
SET_DISTANCE 37
SET_CAMERAMAN_NAME External camera
FOG_SCALE 0
SET_FIELD_OF_VIEW 18
LOG_ENTRY Used Dataset: Animator: Camera Setup; { Vehicle Reference } 0 Azm, 2.5 El, 37 m
EXIT_PARSFILE Animator\Cameras\Camera_2108a2ce-9bdd-4df1-8317-da90eb17ef74.par

RT_WINDOW_CLOSE off
LIVE_SERVER_MAX_CONNECTIONS 0
ENTER_PARSFILE Vehicles\Assembly\Vehicle_f6cd03e4-224b-4450-b9bc-b41125043a64.par
#FullDataName Vehicle: Assembly`B-Class, Sports Car (VSA)`B-Class
IUNIT_INCREMENT
IUNIT 1
IVEHICLE = IVEHICLE + 1
NAXLES 2
IOBJECT_SAVE
INSTALL_SPEED_CONTROLLER
ENTER_PARSFILE Steering\System3\StrSys3_471f59d3-210b-488c-8991-8fcae5ebd02f.par
#FullDataName Steering: Virtual Steering Axis`B-Class, Sports Car (VSA)`B-Class
INSTALL_STEERING
I_COL 0.02
I_GEAR_IN 0.0002
D_COL 0.0025
HYS_COL 0.2
BETA_COL 0.1
A_STR_STOP_L -30
A_STR_STOP_R 30
K_STR_STOP_L 1100
K_STR_STOP_R 1100
IAXLE 1
OPT_POWER 1
OPT_STEER_EXT 0
SET_UNITS_TABLE_ROW RACK_TRAVEL_TABLE rev
RACK_TRAVEL_COEFFICIENT 40
D_RACK 20.4
HYS_RACK 280
BETA_RACK 0.1
M_TBAR_COEFFICIENT 2.2
ENTER_PARSFILE Steering\Str_FBoost\FBoost_aa1bc3f4-ed3d-430b-b369-405e466e41a7.par
#FullDataName Steering: Power Assist Force`B-Class Sports Car, Not Spd Sens`B-Class
F_BOOST_R_COMBINE ADD
F_BOOST_R_TABLE SPLINE
-8.1, -2232.1
-7.965, -2176.4
-7.83, -2120.6
-7.695, -2064.8
-7.56, -2008.9
-7.425, -1953.1
-7.29, -1897.4
-7.155, -1841.6
-7.02, -1785.8
-6.885, -1729.9
-6.75, -1674.1
-6.615, -1618.4
-6.48, -1562.6
-6.345, -1506.8
-6.21, -1450.9
-6.075, -1395.2
-5.94, -1339.3
-5.805, -1283.5
-5.67, -1227.7
-5.13, -1043.6
-4.995, -1007.2
-4.86, -971.03
-4.725, -934.72
-4.59, -898.43
-4.455, -862.2
-4.32, -825.9
-4.185, -789.6
-4.05, -753.38
-3.915, -717.09
-3.78, -680.81
-3.645, -644.54
-3.51, -608.27
-3.375, -572
-3.24, -535.72
-3.105, -499.45
-2.97, -463.18
-2.835, -426.91
-2.7, -390.63
-2.565, -354.36
-2.43, -318.09
-2.295, -281.81
-2.16, -245.54
-2.025, -209.26
-1.89, -173
-1.755, -136.73
-1.62, -100.45
-1.08, -22.322
-0.945, -19.532
-0.81, -16.741
-0.675, -13.951
-0.54, -11.161
-0.405, -8.3707
-0.27, -5.5804
-0.135, -2.7902
0, 0
0.135, 2.7902
0.27, 5.5804
0.405, 8.3707
0.54, 11.161
0.675, 13.951
0.81, 16.741
0.945, 19.532
1.08, 22.322
1.62, 100.45
1.755, 136.73
1.89, 173
2.025, 209.26
2.16, 245.54
2.295, 281.81
2.43, 318.09
2.565, 354.36
2.7, 390.63
2.835, 426.91
2.97, 463.18
3.105, 499.45
3.24, 535.72
3.375, 572
3.51, 608.27
3.645, 644.54
3.78, 680.81
3.915, 717.09
4.05, 753.38
4.185, 789.6
4.32, 825.9
4.455, 862.2
4.59, 898.43
4.725, 934.72
4.86, 971.03
4.995, 1007.2
5.13, 1043.6
5.67, 1227.7
5.805, 1283.5
5.94, 1339.3
6.075, 1395.2
6.21, 1450.9
6.345, 1506.8
6.48, 1562.6
6.615, 1618.4
6.75, 1674.1
6.885, 1729.9
7.02, 1785.8
7.155, 1841.6
7.29, 1897.4
7.425, 1953.1
7.56, 2008.9
7.695, 2064.8
7.83, 2120.6
7.965, 2176.4
8.1, 2232.1
ENDTABLE
F_BOOST_R_V_CONSTANT 0
TC_BOOST 0.02
F_BOOST_MAX 3000
LOG_ENTRY Used Dataset: Steering: Power Assist Force; { B-Class } B-Class Sports Car, Not Spd Sens
EXIT_PARSFILE Steering\Str_FBoost\FBoost_aa1bc3f4-ed3d-430b-b369-405e466e41a7.par

ENTER_PARSFILE Steering\Compliance\StrCmp_f4b80ad1-ab8e-40f7-b49d-a44d1e763264.par
#FullDataName Steering System: Compliance`B-Class, Sports Car (VSA)`Linear
STEER_COMP_COEFFICIENT 1.2e-3
LOG_ENTRY Used Dataset: Steering System: Compliance; { Linear } B-Class, Sports Car (VSA)
EXIT_PARSFILE Steering\Compliance\StrCmp_f4b80ad1-ab8e-40f7-b49d-a44d1e763264.par

ENTER_PARSFILE Steering\Str_Park_Trq2\TqPark2_d9d90453-c5af-4b7c-b4fb-a11a8bd332d9.par
#FullDataName Steering: Parking Torque for 2 Wheels`B-Class Sports Car`B-Class
iside 2
A_MZ_BETA 5
MZ_PARKING_STEER_TABLE LINEAR_FLAT
0, 65
0.1, 58.662
0.2, 52.65
0.3, 46.962
0.4, 41.6
0.5, 36.562
0.6, 31.85
0.7, 27.462
0.8, 23.4
0.9, 19.662
1, 16.25
1.1, 13.162
1.2, 10.4
1.3, 7.9625
1.4, 5.85
1.5, 4.0625
1.6, 2.6
1.7, 1.4625
1.8, 0.65
1.9, 0.1625
2, 0
ENDTABLE
iside 1
A_MZ_BETA 5
MZ_PARKING_STEER_TABLE LINEAR_FLAT
0, 65
0.1, 58.662
0.2, 52.65
0.3, 46.962
0.4, 41.6
0.5, 36.562
0.6, 31.85
0.7, 27.462
0.8, 23.4
0.9, 19.662
1, 16.25
1.1, 13.162
1.2, 10.4
1.3, 7.9625
1.4, 5.85
1.5, 4.0625
1.6, 2.6
1.7, 1.4625
1.8, 0.65
1.9, 0.1625
2, 0
ENDTABLE
LOG_ENTRY Used Dataset: Steering: Parking Torque for 2 Wheels; { B-Class } B-Class Sports Car
EXIT_PARSFILE Steering\Str_Park_Trq2\TqPark2_d9d90453-c5af-4b7c-b4fb-a11a8bd332d9.par

IAXLE 2
OPT_STEER_EXT 1
LOG_ENTRY Used Dataset: Steering: Virtual Steering Axis; { B-Class } B-Class, Sports Car (VSA)
EXIT_PARSFILE Steering\System3\StrSys3_471f59d3-210b-488c-8991-8fcae5ebd02f.par

iaxle 1
ENTER_PARSFILE Suspensions\Kin_Vir\KinVir_4abb33cc-cfd0-439d-9a69-f227f12b5d37.par
#FullDataName Suspension: Virtual Steering Axis System Kinematics`B-Class, Sports Car (VSA) - Front`B-Class
OPT_JNC_DESIGN 1
L_TRACK 1440
Y_CL_SUSP 0
ISIDE 1
M_US_STR 27.3
IW 0.08
IW_XXZZ 0.04
JNC_DESIGN 0
ENTER_PARSFILE Suspensions\Dive_Vir\DiveVir_0557c5b1-9426-4eeb-99f7-cb52e5923b2d.par
#FullDataName Suspension: Dive Angle (Virtual Steering Axis)`B-Class, Sports Car - Front Left`B-Class
DIVE_VIR_CARPET 2D_SPLINE
0, -50, -40, -30, -20, -10, 0, 10, 20, 30, 40, 50
-70, 10.56535029, 8.802157124, 7.037576559, 5.272676975, 3.510787078, 1.757030314, 0.018193897, -1.69714894, -3.378244835, -5.011381861, -6.578467122
-56, 10.47025681, 8.656240365, 6.841702571, 5.027948184, 3.218477066, 1.418541862, -0.36497609, -2.123443216, -3.846078283, -5.519167326, -7.124620118
-42, 10.34738156, 8.485806995, 6.624496111, 4.765020536, 2.911069577, 1.068033782, -0.757110632, -2.555676169, -4.316867375, -6.026990349, -7.667991276
-28, 10.19590779, 8.290003314, 6.385084221, 4.483013371, 2.587683636, 0.704629174, -1.159080333, -2.994711304, -4.791468344, -6.535699379, -8.209419146
-14, 10.01492175, 8.067891171, 6.122521251, 4.180984516, 2.24738739, 0.327410313, -1.571787195, -3.441434781, -5.270752056, -7.046150215, -8.749743069
0, 9.803399544, 7.818435102, 5.835776156, 3.857917651, 1.889185467, -0.064594046, -1.996177408, -3.896768307, -5.755616982, -7.55921903, -9.289816208
14, 9.560193108, 7.54048859, 5.523718966, 3.51270891, 1.512005642, -0.472421999, -2.433254709, -4.361682531, -6.247002639, -8.07581581, -9.830518932
28, 9.284014787, 7.232778987, 5.185105988, 3.144152283, 1.114684362, -0.897192898, -2.884094753, -4.837211409, -6.745903919, -8.596898643, -10.372773
42, 8.973420023, 6.893890624, 4.818563268, 2.750923344, 0.695950669, -1.340123288, -3.349860958, -5.324467968, -7.253386791, -9.123489313, -10.91755703
56, 8.626787639, 6.522245595, 4.422567804, 2.331560814, 0.254408031, -1.802544884, -3.831822326, -5.824661999, -7.770605856, -9.656690703, -11.46592363
70, 8.242297112, 6.116081637, 3.995425943, 1.884445379, -0.211486502, -2.285925135, -4.331373787, -6.339120206, -8.298824306, -10.19770653, -12.01901892
ENDTABLE
LOG_ENTRY Used Dataset: Suspension: Dive Angle (Virtual Steering Axis); { B-Class } B-Class, Sports Car - Front Left
EXIT_PARSFILE Suspensions\Dive_Vir\DiveVir_0557c5b1-9426-4eeb-99f7-cb52e5923b2d.par

ENTER_PARSFILE Suspensions\Longitudinal_Vir\LongVir_f12d28f6-5df4-49b0-a519-86b6875d74bc.par
#FullDataName Suspension: Longitudinal Movement (Virtual Steering Axis)`B-Class, Sports Car - Front Left`B-Class
X_VIR_CARPET 2D_SPLINE
0, -50, -40, -30, -20, -10, 0, 10, 20, 30, 40, 50
-70, -19.83081089, -17.39413348, -14.92891577, -12.44079231, -9.935634766, -7.419727177, -4.900002072, -2.384363195, 0.117852873, 2.595181032, 5.032917762
-56, -17.80983793, -15.34729844, -12.86060866, -10.35510212, -7.836460494, -5.310857582, -2.785180593, -0.267349735, 2.23321236, 4.704862802, 7.132582411
-42, -15.8314837, -13.34679749, -10.84219521, -8.322749792, -5.793976033, -3.261950366, -0.733521073, 1.783373452, 4.279226627, 6.742223639, 9.157039985
-28, -13.89220045, -11.38906207, -8.87009001, -6.340134514, -3.804565324, -1.269373846, 1.258624478, 3.771471507, 6.259578951, 8.710966134, 11.11001398
-14, -11.98857594, -9.470663677, -6.940853385, -4.403807692, -1.864771806, 0.670336278, 3.19472824, 5.700424836, 8.177758444, 10.61458876, 12.99501324
0, -10.11728901, -7.588269813, -5.051147419, -2.510429064, 0.028745551, 2.56052101, 5.078130821, 7.573573517, 10.03710467, 12.45643072, 14.81537697
14, -8.275067339, -5.738601886, -3.19769394, -0.656724619, 1.879254406, 4.404440314, 6.912083623, 9.394159776, 11.8408502, 14.23971453, 16.57431746
28, -6.458645767, -3.918393529, -1.37723272, 1.160555325, 3.68999109, 6.20531527, 8.699791079, 11.16537028, 13.59216294, 15.9675884, 18.27496226
42, -4.664723504, -2.124347503, 0.413521913, 2.944679775, 5.464204481, 7.966372103, 10.44445478, 12.8903803, 15.29419023, 17.64317013, 19.92039803
56, -2.889918148, -0.353089028, 2.177928337, 4.698984807, 7.205204115, 9.69089056, 12.14932201, 14.57240223, 16.95010733, 19.26959547, 21.51371841
70, -1.13071373, 1.398887412, 3.919471866, 6.426928627, 8.916415882, 11.38226004, 13.8177421, 16.21474213, 18.5631738, 20.85007415, 23.05807964
ENDTABLE
LOG_ENTRY Used Dataset: Suspension: Longitudinal Movement (Virtual Steering Axis); { B-Class } B-Class, Sports Car - Front Left
EXIT_PARSFILE Suspensions\Longitudinal_Vir\LongVir_f12d28f6-5df4-49b0-a519-86b6875d74bc.par

ENTER_PARSFILE Suspensions\Camber_Vir\CamVir_ca550c8d-7ad0-47f6-b481-4522be37e176.par
#FullDataName Suspension: Camber Angle (Virtual Steering Axis)`B-Class, Sports Car - Front Left`B-Class
CAMBER_VIR_CARPET 2D_SPLINE
0, -50, -40, -30, -20, -10, 0, 10, 20, 30, 40, 50
-70, 0.923801139, 0.543484381, 0.354123517, 0.348897939, 0.52623425, 0.888474319, 1.441339848, 2.193920679, 3.159120373, 4.354636209, 5.804723249
-56, 0.356296213, -0.013243849, -0.188514428, -0.17606639, 0.022688477, 0.410230262, 0.992447623, 1.778672034, 2.782178648, 4.021246941, 5.521056616
-42, -0.194185691, -0.550681063, -0.71008563, -0.678620602, -0.457499986, -0.044086311, 0.567682344, 1.387374704, 2.428623054, 3.710263637, 5.258361748
-28, -0.727255323, -1.06846892, -1.210239932, -1.158409493, -0.913962853, -0.474088808, 0.167452709, 1.02046274, 2.098916184, 3.422180722, 5.017167906
-14, -1.242344442, -1.566069157, -1.688447437, -1.614898902, -1.346154047, -0.879214288, -0.207657829, 0.678543331, 1.793692336, 3.157663365, 4.798175097
0, -1.738702371, -2.04275938, -2.143993668, -2.047370315, -1.753343775, -1.258716981, -0.556883998, 0.362404527, 1.513765968, 2.917556785, 4.602264362
14, -2.215388877, -2.497625336, -2.575971297, -2.454912078, -2.134609236, -1.611658464, -0.879268287, 0.073026326, 1.260143574, 2.702899047, 4.430511673
28, -2.671263421, -2.929549618, -2.983268346, -2.836407123, -2.488821838, -1.936894331, -1.173646988, -0.188404628, 1.034039248, 2.514937679, 4.284205849
42, -3.104970618, -3.337196647, -3.364552694, -3.190516973, -2.814630681, -2.233057066, -1.438632368, -0.420476386, 0.83689436, 2.355150589, 4.164871024
56, -3.514921715, -3.718993668, -3.718252564, -3.515661698, -3.110441906, -2.498534714, -1.67259052, -0.621528551, 0.670401914, 2.225271951, 4.074294474
70, -3.899271711, -4.073107369, -4.042532584, -3.809995354, -3.374393428, -2.731444764, -1.873614247, -0.789623934, 0.536536416, 2.127323991, 4.014560886
ENDTABLE
LOG_ENTRY Used Dataset: Suspension: Camber Angle (Virtual Steering Axis); { B-Class } B-Class, Sports Car - Front Left
EXIT_PARSFILE Suspensions\Camber_Vir\CamVir_ca550c8d-7ad0-47f6-b481-4522be37e176.par

ENTER_PARSFILE Suspensions\Lateral_Vir\LatVir_af755da5-0309-4d0b-9081-62643923de1a.par
#FullDataName Suspension: Lateral Movement (Virtual Steering Axis)`B-Class, Sports Car - Front Left`B-Class
LAT_VIR_CARPET 2D_SPLINE
0, -50, -40, -30, -20, -10, 0, 10, 20, 30, 40, 50
-70, 18.01929775, 14.9105584, 12.11480265, 9.603082407, 7.359610998, 5.37802895, 3.659679693, 2.213131104, 1.054702868, 0.210097808, -0.282388463
-56, 15.66799766, 12.59733495, 9.836894056, 7.359143254, 5.14908978, 3.200839527, 1.516022832, 0.103404573, -1.020523544, -1.82984642, -2.285924629
-42, 13.7615361, 10.7300928, 8.005890496, 5.562826951, 3.38672002, 1.472154314, -0.178944989, -1.557614631, -2.647197782, -3.421585653, -3.841832085
-28, 12.29022386, 9.299122392, 6.612097426, 4.204477916, 2.062902426, 0.182443755, -1.434672323, -2.779283781, -3.834575599, -4.574262978, -4.959128168
-14, 11.2457758, 8.296135923, 5.647254767, 3.275884637, 1.169489177, -0.676364544, -2.25914628, -3.56949567, -4.590446349, -5.295554211, -5.645363033
0, 10.6211733, 7.7141295, 5.104399445, 2.770142949, 0.699648192, -1.111020336, -2.659025668, -3.934810181, -4.921262814, -5.591795766, -5.906745299
14, 10.41055052, 7.547269491, 4.977752329, 2.681543888, 0.647752139, -1.1270604, -2.639749165, -3.880560813, -4.832245898, -5.468087308, -5.748242406
28, 10.60910055, 7.790799042, 5.262625628, 3.005482256, 1.009288353, -0.728897106, -2.205622218, -3.41093977, -4.327467729, -4.928372648, -5.173659006
42, 11.21299827, 8.440961761, 5.955347782, 3.738382961, 1.780786804, 0.080111326, -1.359885401, -2.529064244, -3.409915691, -3.975501278, -4.185695665
56, 12.2193376, 9.494940227, 7.053203579, 4.877642953, 2.959764013, 1.297606863, -0.104766108, -1.237025689, -2.081539053, -2.611272065, -2.785989207
70, 13.62608132, 10.95080756, 8.554387826, 6.421587202, 4.544681486, 2.922192676, 1.558485211, 0.464076898, -0.343279037, -0.836459731, -0.975135066
ENDTABLE
LOG_ENTRY Used Dataset: Suspension: Lateral Movement (Virtual Steering Axis); { B-Class } B-Class, Sports Car - Front Left
EXIT_PARSFILE Suspensions\Lateral_Vir\LatVir_af755da5-0309-4d0b-9081-62643923de1a.par

ENTER_PARSFILE Suspensions\Steer_Vir\StrVir_d333f27b-ec3b-475f-8db3-4cc333e04461.par
#FullDataName Suspension: Steer Angle (Virtual Steering Axis)`B-Class, Sports Car - Front Left`B-Class
STEER_VIR_CARPET 2D_SPLINE
0, -50, -40, -30, -20, -10, 0, 10, 20, 30, 40, 50
-70, -24.47958319, -19.38071023, -14.47771761, -9.702370355, -5.002557256, -0.334825204, 4.340505446, 9.063192219, 13.87683789, 18.83343796, 23.99990142
-56, -24.26694727, -19.22209207, -14.36347202, -9.626450171, -4.961256907, -0.326073806, 4.31758068, 9.008565899, 13.78982558, 18.71293318, 23.844683
-42, -24.03503607, -19.04652829, -14.23469728, -9.538463942, -4.910397891, -0.310327683, 4.299009923, 8.955547911, 13.70153057, 18.58804789, 23.68168068
-28, -23.78585943, -18.8558377, -14.09308458, -9.440016205, -4.851523383, -0.289082348, 4.283340916, 8.902732999, 13.6106062, 18.45751399, 23.50973454
-14, -23.52128953, -18.65174181, -13.94025847, -9.332669707, -4.786156075, -0.263831861, 4.269105274, 8.848683029, 13.51565653, 18.31999751, 23.32760191
0, -23.24310773, -18.43590713, -13.77781575, -9.217981748, -4.715832297, -0.236100904, 4.254788379, 8.791898852, 13.41521019, 18.17407482, 23.13393593
14, -22.95304988, -18.20998657, -13.60736426, -9.09754079, -4.642136781, -0.207477855, 4.238797937, 8.73079053, 13.30769244, 18.01820645, 22.92726164
28, -22.65285201, -17.97566193, -13.43056306, -8.973004831, -4.566739477, -0.179650166, 4.219430018, 8.663644821, 13.19139413, 17.85070792, 22.70594877
42, -22.34429834, -17.73468911, -13.24916564, -8.846143099, -4.491435901, -0.154443442, 4.194831236, 8.588588685, 13.06443674, 17.66971633, 22.46818032
56, -22.02927366, -17.48894806, -13.06506818, -8.718882864, -4.418192705, -0.133865827, 4.162955566, 8.503547386, 12.92473186, 17.47315161, 22.21191591
70, -21.70982256, -17.2404998, -12.8803649, -8.593363508, -4.349200524, -0.120159644, 4.121513965, 8.406195485, 12.76993378, 17.25867099, 21.93484864
ENDTABLE
LOG_ENTRY Used Dataset: Suspension: Steer Angle (Virtual Steering Axis); { B-Class } B-Class, Sports Car - Front Left
EXIT_PARSFILE Suspensions\Steer_Vir\StrVir_d333f27b-ec3b-475f-8db3-4cc333e04461.par

CAMBER_VIR_OFFSET(1,1) 0
STEER_VIR_OFFSET(1,1) 0*-1
ISIDE 2
M_US_STR 27.3
IW 0.08
IW_XXZZ 0.04
JNC_DESIGN 0
ENTER_PARSFILE Suspensions\Dive_Vir\DiveVir_535fb1b6-214d-4477-ad0a-637d72aa5a03.par
#FullDataName Suspension: Dive Angle (Virtual Steering Axis)`B-Class, Sports Car - Front Right`B-Class
DIVE_VIR_CARPET 2D_SPLINE
0, -50, -40, -30, -20, -10, 0, 10, 20, 30, 40, 50
-70, -6.57846697, -5.01138177, -3.378244786, -1.697148919, 0.018193902, 1.757030314, 3.510787083, 5.272676996, 7.037576606, 8.802157212, 10.56535043
-56, -7.124619931, -5.519167214, -3.846078223, -2.12344319, -0.364976083, 1.418541862, 3.218477072, 5.027948209, 6.841702629, 8.656240471, 10.47025699
-42, -7.667991055, -6.026990216, -4.316867304, -2.555676139, -0.757110625, 1.068033782, 2.911069584, 4.765020565, 6.624496178, 8.485807118, 10.34738176
-28, -8.209418893, -6.535699228, -4.791468264, -2.99471127, -1.159080324, 0.704629174, 2.587683644, 4.483013404, 6.385084296, 8.290003451, 10.19590802
-14, -8.749742786, -7.046150047, -5.270751966, -3.441434743, -1.571787185, 0.327410313, 2.247387399, 4.180984552, 6.122521333, 8.067891319, 10.01492199
0, -9.289815899, -7.559218847, -5.755616885, -3.896768265, -1.996177398, -0.064594046, 1.889185476, 3.857917689, 5.835776243, 7.818435259, 9.803399797
14, -9.830518599, -8.075815613, -6.247002535, -4.361682487, -2.433254698, -0.472421999, 1.512005652, 3.512708951, 5.523719057, 7.540488754, 9.560193372
28, -10.37277265, -8.596898433, -6.745903808, -4.837211362, -2.884094742, -0.897192898, 1.114684372, 3.144152326, 5.185106084, 7.232779159, 9.284015062
42, -10.91755665, -9.12348909, -7.253386673, -5.324467918, -3.349860946, -1.340123288, 0.69595068, 2.750923389, 4.818563369, 6.893890804, 8.973420314
56, -11.46592323, -9.656690464, -7.77060573, -5.824661945, -3.831822313, -1.802544884, 0.254408043, 2.331560862, 4.422567912, 6.522245789, 8.626787953
70, -12.01901848, -10.19770627, -8.298824171, -6.339120149, -4.331373773, -2.285925135, -0.211486489, 1.884445431, 3.995426061, 6.116081851, 8.242297465
ENDTABLE
LOG_ENTRY Used Dataset: Suspension: Dive Angle (Virtual Steering Axis); { B-Class } B-Class, Sports Car - Front Right
EXIT_PARSFILE Suspensions\Dive_Vir\DiveVir_535fb1b6-214d-4477-ad0a-637d72aa5a03.par

ENTER_PARSFILE Suspensions\Longitudinal_Vir\LongVir_493ccc46-48b0-4895-9923-dac246ec8762.par
#FullDataName Suspension: Longitudinal Movement (Virtual Steering Axis)`B-Class, Sports Car - Front Right`B-Class
X_VIR_CARPET 2D_SPLINE
0, -50, -40, -30, -20, -10, 0, 10, 20, 30, 40, 50
-70, 5.032917047, 2.59518062, 0.117852658, -2.384363286, -4.900002094, -7.419727177, -9.935634788, -12.4407924, -14.92891598, -17.39413389, -19.8308116
-56, 7.132581479, 4.704862264, 2.23321208, -0.267349853, -2.785180622, -5.310857582, -7.836460522, -10.35510223, -12.86060894, -15.34729897, -17.80983885
-42, 9.157038814, 6.742222964, 4.279226275, 1.783373303, -0.73352111, -3.261950366, -5.79397607, -8.322749941, -10.84219556, -13.34679816, -15.83148487
-28, 11.11001255, 8.710965311, 6.259578521, 3.771471325, 1.258624434, -1.269373846, -3.804565368, -6.340134695, -8.870090438, -11.38906289, -13.89220187
-14, 12.99501155, 10.61458779, 8.177757932, 5.700424619, 3.194728187, 0.670336278, -1.864771859, -4.403807908, -6.940853894, -9.470664648, -11.98857762
0, 14.815375, 12.45642958, 10.03710407, 7.573573264, 5.07813076, 2.56052101, 0.02874549, -2.510429316, -5.051148012, -7.588270944, -10.11729096
14, 16.57431519, 14.23971323, 11.84084951, 9.394159486, 6.912083552, 4.404440314, 1.879254335, -0.656724908, -3.19769462, -5.738603182, -8.275069575
28, 18.27495971, 15.96758692, 13.59216216, 11.16536995, 8.699790999, 6.20531527, 3.689991011, 1.160554999, -1.377233488, -3.918394992, -6.458648288
42, 19.92039519, 17.64316848, 15.29418936, 12.89037993, 10.44445469, 7.966372103, 5.464204392, 2.944679411, 0.413521056, -2.124349133, -4.66472631
56, 21.51371528, 19.26959365, 16.95010638, 14.57240183, 12.14932191, 9.69089056, 7.205204017, 4.698984404, 2.177927391, -0.353090826, -2.889921238
70, 23.05807624, 20.85007217, 18.56317276, 16.21474169, 13.81774199, 11.38226004, 8.916415775, 6.426928186, 3.919470832, 1.398885448, -1.130717104
ENDTABLE
LOG_ENTRY Used Dataset: Suspension: Longitudinal Movement (Virtual Steering Axis); { B-Class } B-Class, Sports Car - Front Right
EXIT_PARSFILE Suspensions\Longitudinal_Vir\LongVir_493ccc46-48b0-4895-9923-dac246ec8762.par

ENTER_PARSFILE Suspensions\Camber_Vir\CamVir_04a7617e-d9fb-4c6a-b049-7f4d0655963f.par
#FullDataName Suspension: Camber Angle (Virtual Steering Axis)`B-Class, Sports Car - Front Right`B-Class
CAMBER_VIR_CARPET 2D_SPLINE
0, -50, -40, -30, -20, -10, 0, 10, 20, 30, 40, 50
-70, 5.804723147, 4.354636162, 3.159120354, 2.193920674, 1.441339847, 0.888474319, 0.526234251, 0.348897943, 0.354123529, 0.543484414, 0.923801212
-56, 5.521056497, 4.021246886, 2.782178627, 1.778672028, 0.992447622, 0.410230262, 0.022688478, -0.176066386, -0.188514411, -0.013243807, 0.356296306
-42, 5.258361618, 3.710263579, 2.428623031, 1.387374698, 0.567682343, -0.044086311, -0.457499986, -0.678620596, -0.710085609, -0.55068101, -0.194185578
-28, 5.01716777, 3.422180662, 2.098916162, 1.020462734, 0.167452708, -0.474088808, -0.913962852, -1.158409485, -1.210239906, -1.068468856, -0.727255188
-14, 4.798174962, 3.157663307, 1.793692315, 0.678543327, -0.20765783, -0.879214288, -1.346154046, -1.614898892, -1.688447404, -1.56606908, -1.242344285
0, 4.602264232, 2.917556731, 1.51376595, 0.362404524, -0.556883998, -1.258716981, -1.753343773, -2.047370302, -2.143993629, -2.042759291, -1.738702191
14, 4.430511554, 2.702899, 1.26014356, 0.073026325, -0.879268287, -1.611658464, -2.134609233, -2.454912063, -2.575971252, -2.497625234, -2.215388675
28, 4.284205743, 2.51493764, 1.03403924, -0.188404627, -1.173646986, -1.936894331, -2.488821835, -2.836407105, -2.983268295, -2.929549503, -2.671263196
42, 4.164870929, 2.355150558, 0.836894356, -0.420476383, -1.438632366, -2.233057066, -2.814630677, -3.190516952, -3.364552636, -3.337196519, -3.104970371
56, 4.074294384, 2.225271925, 0.670401913, -0.621528546, -1.672590517, -2.498534714, -3.110441901, -3.515661675, -3.718252499, -3.718993528, -3.514921446
70, 4.014560789, 2.127323965, 0.536536416, -0.789623928, -1.873614244, -2.731444764, -3.374393423, -3.809995328, -4.042532514, -4.073107219, -3.899271421
ENDTABLE
LOG_ENTRY Used Dataset: Suspension: Camber Angle (Virtual Steering Axis); { B-Class } B-Class, Sports Car - Front Right
EXIT_PARSFILE Suspensions\Camber_Vir\CamVir_04a7617e-d9fb-4c6a-b049-7f4d0655963f.par

ENTER_PARSFILE Suspensions\Lateral_Vir\LatVir_ee8d3153-7527-4f8c-9c23-762e7ebe9b9c.par
#FullDataName Suspension: Lateral Movement (Virtual Steering Axis)`B-Class, Sports Car - Front Right`B-Class
LAT_VIR_CARPET 2D_SPLINE
0, -50, -40, -30, -20, -10, 0, 10, 20, 30, 40, 50
-70, -0.282388223, 0.210097961, 1.054702955, 2.213131144, 3.659679703, 5.37802895, 7.35961101, 9.603082458, 12.11480278, 14.91055866, 18.01929822
-56, -2.285924305, -1.829846216, -1.020523429, 0.103404625, 1.516022845, 3.200839527, 5.149089795, 7.359143319, 9.836894217, 12.59733528, 15.66799824
-42, -3.841831666, -3.421585392, -2.647197636, -1.557614565, -0.178944972, 1.472154314, 3.386720039, 5.562827031, 8.005890692, 10.73009319, 13.7615368
-28, -4.959127648, -4.574262656, -3.83457542, -2.779283702, -1.434672302, 0.182443755, 2.062902448, 4.204478011, 6.612097659, 9.299122852, 12.29022468
-14, -5.645362406, -5.295553827, -4.590446137, -3.569495576, -2.259146256, -0.676364544, 1.169489203, 3.275884747, 5.647255035, 8.296136451, 11.24577674
0, -5.906744566, -5.591795318, -4.921262568, -3.934810072, -2.659025641, -1.111020336, 0.699648221, 2.770143073, 5.104399748, 7.714130093, 10.62117435
14, -5.748241573, -5.468086801, -4.83224562, -3.880560691, -2.639749134, -1.1270604, 0.647752172, 2.681544026, 4.977752664, 7.547270143, 10.41055167
28, -5.173658084, -4.928372088, -4.327467423, -3.410939635, -2.205622184, -0.728897106, 1.009288389, 3.005482407, 5.262625991, 7.790799746, 10.60910179
42, -4.185694674, -3.975500675, -3.409915361, -2.529064098, -1.359885364, 0.080111326, 1.780786842, 3.738383122, 5.955348169, 8.440962508, 11.21299957
56, -2.785988173, -2.611271433, -2.081538706, -1.237025536, -0.10476607, 1.297606863, 2.959764054, 4.877643122, 7.053203983, 9.494941008, 12.21933896
70, -0.975134025, -0.836459088, -0.343278682, 0.464077055, 1.558485251, 2.922192676, 4.544681528, 6.421587376, 8.554388242, 10.95080837, 13.62608271
ENDTABLE
LOG_ENTRY Used Dataset: Suspension: Lateral Movement (Virtual Steering Axis); { B-Class } B-Class, Sports Car - Front Right
EXIT_PARSFILE Suspensions\Lateral_Vir\LatVir_ee8d3153-7527-4f8c-9c23-762e7ebe9b9c.par

ENTER_PARSFILE Suspensions\Steer_Vir\StrVir_65011fea-4d36-4313-b366-1ba92aa9376a.par
#FullDataName Suspension: Steer Angle (Virtual Steering Axis)`B-Class, Sports Car - Front Right`B-Class
STEER_VIR_CARPET 2D_SPLINE
0, -50, -40, -30, -20, -10, 0, 10, 20, 30, 40, 50
-70, -23.9999011, -18.83343778, -13.8768378, -9.06319218, -4.340505436, 0.334825204, 5.002557266, 9.702370393, 14.4777177, 19.3807104, 24.4795835
-56, -23.84468265, -18.71293298, -13.78982547, -9.008565856, -4.31758067, 0.326073806, 4.961256917, 9.626450214, 14.36347212, 19.22209227, 24.26694761
-42, -23.68168031, -18.58804769, -13.70153046, -8.955547866, -4.299009912, 0.310327683, 4.910397902, 9.538463986, 14.23469738, 19.04652849, 24.03503642
-28, -23.50973417, -18.45751378, -13.6106061, -8.902732955, -4.283340905, 0.289082348, 4.851523393, 9.440016248, 14.09308468, 18.85583789, 23.78585976
-14, -23.32760157, -18.31999732, -13.51565643, -8.848682987, -4.269105264, 0.263831861, 4.786156085, 9.332669748, 13.94025856, 18.65174199, 23.52128983
0, -23.13393563, -18.17407465, -13.41521011, -8.791898815, -4.25478837, 0.236100904, 4.715832306, 9.217981783, 13.77781583, 18.43590729, 23.24310798
14, -22.9272614, -18.01820631, -13.30769236, -8.7307905, -4.23879793, 0.207477855, 4.642136788, 9.097540819, 13.60736433, 18.20998669, 22.95305007
28, -22.70594859, -17.85070781, -13.19139408, -8.663644798, -4.219430012, 0.179650166, 4.566739483, 8.973004853, 13.43056311, 17.97566201, 22.65285214
42, -22.4681802, -17.66971626, -13.0644367, -8.588588669, -4.194831232, 0.154443442, 4.491435904, 8.846143113, 13.24916567, 17.73468916, 22.34429843
56, -22.21191584, -17.47315157, -12.92473184, -8.503547376, -4.162955564, 0.133865827, 4.418192707, 8.718882872, 13.06506819, 17.48894809, 22.02927371
70, -21.93484859, -17.25867096, -12.76993377, -8.406195481, -4.121513964, 0.120159644, 4.349200525, 8.593363512, 12.88036491, 17.24049981, 21.7098226
ENDTABLE
LOG_ENTRY Used Dataset: Suspension: Steer Angle (Virtual Steering Axis); { B-Class } B-Class, Sports Car - Front Right
EXIT_PARSFILE Suspensions\Steer_Vir\StrVir_65011fea-4d36-4313-b366-1ba92aa9376a.par

CAMBER_VIR_OFFSET(1,2) 0
STEER_VIR_OFFSET(1,2) 0
LOG_ENTRY Used Dataset: Suspension: Virtual Steering Axis System Kinematics; { B-Class } B-Class, Sports Car (VSA) - Front
EXIT_PARSFILE Suspensions\Kin_Vir\KinVir_4abb33cc-cfd0-439d-9a69-f227f12b5d37.par

ENTER_PARSFILE Suspensions\Compliance_Vir\CmpVir_4c595c29-8deb-420b-9471-da9f70a9bb9d.par
#FullDataName Suspension: Virtual Steering Axis Compliance, Springs, and Dampers`B-Class, Sports Car (VSA) - Front`B-Class
DAUX 0
iside 1
OPT_EXT_SP 0
FS_COMP_COEFFICIENT 50
FS_EXT_COEFFICIENT 50
FS_COMP_OFFSET 10
FS_EXT_OFFSET -10
SPRING_COMP_BETA 1
SPRING_EXT_BETA 1
ENTER_PARSFILE Generic\tables\GenTab_7ebb4649-fbb5-4cb2-80b1-d241a66cdb11.par
#FullDataName Generic Table`Front Left Spring vs Jounce`B-Class, Sports Car (VSA)
CMP_SPR_SEAT_VIR_CARPET 2D_SPLINE
0, -50, -40, -30, -20, -10, 0, 10, 20, 30, 40, 50
-70, -57.93900849, -59.07942759, -60.15881586, -61.1814893, -62.14861762, -63.05899498, -63.90933749, -64.69426781, -65.40602152, -66.03381924, -66.56273528
-56, -45.47129774, -46.64856141, -47.76265378, -48.81772758, -49.81482456, -50.75260624, -51.62762759, -52.43430057, -53.16457403, -53.80726573, -54.3468634
-42, -32.94920286, -34.16163189, -35.3089229, -36.39502662, -37.42083272, -38.38485584, -39.28348302, -40.11091468, -40.85881764, -41.51561753, -42.06523368
-28, -20.36737103, -21.61331367, -22.79231746, -23.9080965, -24.96136624, -25.95048147, -26.87165516, -27.71887584, -28.48353351, -29.15367294, -29.71266425
-14, -7.72069778, -8.998522387, -10.20776586, -11.35187483, -12.43137053, -13.44443607, -14.38710491, -15.2531539, -16.03370189, -16.7164247, -17.28416334
0, 4.995690028, 3.687602446, 2.449586525, 1.278490271, 0.174004638, -0.861871094, -1.824986288, -2.708906806, -3.504486511, -4.19904479, -4.774914696
14, 17.78644171, 16.44970517, 15.18438515, 13.987648, 12.85941288, 11.80187093, 10.8193608, 9.918526295, 9.108771861, 8.403121403, 7.819727775
28, 30.65598065, 29.2922121, 28.00106454, 26.78004308, 25.62930923, 24.5512543, 23.55040807, 22.63362213, 21.81055201, 21.09455112, 20.50423521
42, 43.60849173, 42.2193192, 40.90383605, 39.65990349, 38.48793768, 37.39053733, 36.37242565, 35.44065954, 34.60513781, 33.87952894, 33.28288754
56, 56.64789689, 55.23496789, 53.89666363, 52.63121602, 51.43930646, 50.3237471, 49.28945616, 48.34369272, 47.49659045, 46.76211777, 46.15974318
70, 69.77781667, 68.34280658, 66.98322524, 65.6976873, 64.48714831, 63.35463889, 62.30527302, 61.34650818, 60.4887039, 59.74611261, 59.13859064
ENDTABLE
LOG_ENTRY Used Dataset: Generic Table; { B-Class, Sports Car (VSA) } Front Left Spring vs Jounce
EXIT_PARSFILE Generic\tables\GenTab_7ebb4649-fbb5-4cb2-80b1-d241a66cdb11.par

L_SPG_ADJ 0
FS_OFFSET 0
CMP_OFFSET 0
FD_COEFFICIENT 4.4
ENTER_PARSFILE Generic\tables\GenTab_3d2f5703-050c-490f-adac-b449b17f3d66.par
#FullDataName Generic Table`Front Left Damper vs Jounce`B-Class, Sports Car (VSA)
CMP_DAMP_VIR_CARPET 2D_SPLINE
0, -50, -40, -30, -20, -10, 0, 10, 20, 30, 40, 50
-70, -57.93900849, -59.07942759, -60.15881586, -61.1814893, -62.14861762, -63.05899498, -63.90933749, -64.69426781, -65.40602152, -66.03381924, -66.56273528
-56, -45.47129774, -46.64856141, -47.76265378, -48.81772758, -49.81482456, -50.75260624, -51.62762759, -52.43430057, -53.16457403, -53.80726573, -54.3468634
-42, -32.94920286, -34.16163189, -35.3089229, -36.39502662, -37.42083272, -38.38485584, -39.28348302, -40.11091468, -40.85881764, -41.51561753, -42.06523368
-28, -20.36737103, -21.61331367, -22.79231746, -23.9080965, -24.96136624, -25.95048147, -26.87165516, -27.71887584, -28.48353351, -29.15367294, -29.71266425
-14, -7.72069778, -8.998522387, -10.20776586, -11.35187483, -12.43137053, -13.44443607, -14.38710491, -15.2531539, -16.03370189, -16.7164247, -17.28416334
0, 4.995690028, 3.687602446, 2.449586525, 1.278490271, 0.174004638, -0.861871094, -1.824986288, -2.708906806, -3.504486511, -4.19904479, -4.774914696
14, 17.78644171, 16.44970517, 15.18438515, 13.987648, 12.85941288, 11.80187093, 10.8193608, 9.918526295, 9.108771861, 8.403121403, 7.819727775
28, 30.65598065, 29.2922121, 28.00106454, 26.78004308, 25.62930923, 24.5512543, 23.55040807, 22.63362213, 21.81055201, 21.09455112, 20.50423521
42, 43.60849173, 42.2193192, 40.90383605, 39.65990349, 38.48793768, 37.39053733, 36.37242565, 35.44065954, 34.60513781, 33.87952894, 33.28288754
56, 56.64789689, 55.23496789, 53.89666363, 52.63121602, 51.43930646, 50.3237471, 49.28945616, 48.34369272, 47.49659045, 46.76211777, 46.15974318
70, 69.77781667, 68.34280658, 66.98322524, 65.6976873, 64.48714831, 63.35463889, 62.30527302, 61.34650818, 60.4887039, 59.74611261, 59.13859064
ENDTABLE
LOG_ENTRY Used Dataset: Generic Table; { B-Class, Sports Car (VSA) } Front Left Damper vs Jounce
EXIT_PARSFILE Generic\tables\GenTab_3d2f5703-050c-490f-adac-b449b17f3d66.par

ENTER_PARSFILE Suspensions\Jounce_Rebound\JncReb_2ffa8946-0682-4d5d-98fd-65f848ce56cf.par
#FullDataName Suspension: Jounce and Rebound Stops`+70 mm / -70 mm`Jounce Range: 50 mm to 99 mm
F_JNC_STOP_TABLE LINEAR
68, 0
69, 0
70, 10000
ENDTABLE
F_REB_STOP_TABLE LINEAR
-70, -10000
-69, 0
-68, 0
ENDTABLE
LOG_ENTRY Used Dataset: Suspension: Jounce and Rebound Stops; { Jounce Range: 50 mm to 99 mm } +70 mm / -70 mm
EXIT_PARSFILE Suspensions\Jounce_Rebound\JncReb_2ffa8946-0682-4d5d-98fd-65f848ce56cf.par

ENTER_PARSFILE Generic\tables\GenTab_68ec2d65-94a7-4d6f-a3ff-32f627bd984e.par
#FullDataName Generic Table`Front Left J-Stop vs Jounce`B-Class, Sports Car (VSA)
CMP_JSTOP_VIR_CARPET 2D_SPLINE
0, -50, -40, -30, -20, -10, 0, 10, 20, 30, 40, 50
-70, -57.93900849, -59.07942759, -60.15881586, -61.1814893, -62.14861762, -63.05899498, -63.90933749, -64.69426781, -65.40602152, -66.03381924, -66.56273528
-56, -45.47129774, -46.64856141, -47.76265378, -48.81772758, -49.81482456, -50.75260624, -51.62762759, -52.43430057, -53.16457403, -53.80726573, -54.3468634
-42, -32.94920286, -34.16163189, -35.3089229, -36.39502662, -37.42083272, -38.38485584, -39.28348302, -40.11091468, -40.85881764, -41.51561753, -42.06523368
-28, -20.36737103, -21.61331367, -22.79231746, -23.9080965, -24.96136624, -25.95048147, -26.87165516, -27.71887584, -28.48353351, -29.15367294, -29.71266425
-14, -7.72069778, -8.998522387, -10.20776586, -11.35187483, -12.43137053, -13.44443607, -14.38710491, -15.2531539, -16.03370189, -16.7164247, -17.28416334
0, 4.995690028, 3.687602446, 2.449586525, 1.278490271, 0.174004638, -0.861871094, -1.824986288, -2.708906806, -3.504486511, -4.19904479, -4.774914696
14, 17.78644171, 16.44970517, 15.18438515, 13.987648, 12.85941288, 11.80187093, 10.8193608, 9.918526295, 9.108771861, 8.403121403, 7.819727775
28, 30.65598065, 29.2922121, 28.00106454, 26.78004308, 25.62930923, 24.5512543, 23.55040807, 22.63362213, 21.81055201, 21.09455112, 20.50423521
42, 43.60849173, 42.2193192, 40.90383605, 39.65990349, 38.48793768, 37.39053733, 36.37242565, 35.44065954, 34.60513781, 33.87952894, 33.28288754
56, 56.64789689, 55.23496789, 53.89666363, 52.63121602, 51.43930646, 50.3237471, 49.28945616, 48.34369272, 47.49659045, 46.76211777, 46.15974318
70, 69.77781667, 68.34280658, 66.98322524, 65.6976873, 64.48714831, 63.35463889, 62.30527302, 61.34650818, 60.4887039, 59.74611261, 59.13859064
ENDTABLE
LOG_ENTRY Used Dataset: Generic Table; { B-Class, Sports Car (VSA) } Front Left J-Stop vs Jounce
EXIT_PARSFILE Generic\tables\GenTab_68ec2d65-94a7-4d6f-a3ff-32f627bd984e.par

ENTER_PARSFILE Generic\tables\GenTab_4a5bd138-4c2f-45e3-8a9a-a0eae7a447e2.par
#FullDataName Generic Table`Front Left R-Stop vs Jounce`B-Class, Sports Car (VSA)
CMP_RSTOP_VIR_CARPET 2D_SPLINE
0, -50, -40, -30, -20, -10, 0, 10, 20, 30, 40, 50
-70, -57.93900849, -59.07942759, -60.15881586, -61.1814893, -62.14861762, -63.05899498, -63.90933749, -64.69426781, -65.40602152, -66.03381924, -66.56273528
-56, -45.47129774, -46.64856141, -47.76265378, -48.81772758, -49.81482456, -50.75260624, -51.62762759, -52.43430057, -53.16457403, -53.80726573, -54.3468634
-42, -32.94920286, -34.16163189, -35.3089229, -36.39502662, -37.42083272, -38.38485584, -39.28348302, -40.11091468, -40.85881764, -41.51561753, -42.06523368
-28, -20.36737103, -21.61331367, -22.79231746, -23.9080965, -24.96136624, -25.95048147, -26.87165516, -27.71887584, -28.48353351, -29.15367294, -29.71266425
-14, -7.72069778, -8.998522387, -10.20776586, -11.35187483, -12.43137053, -13.44443607, -14.38710491, -15.2531539, -16.03370189, -16.7164247, -17.28416334
0, 4.995690028, 3.687602446, 2.449586525, 1.278490271, 0.174004638, -0.861871094, -1.824986288, -2.708906806, -3.504486511, -4.19904479, -4.774914696
14, 17.78644171, 16.44970517, 15.18438515, 13.987648, 12.85941288, 11.80187093, 10.8193608, 9.918526295, 9.108771861, 8.403121403, 7.819727775
28, 30.65598065, 29.2922121, 28.00106454, 26.78004308, 25.62930923, 24.5512543, 23.55040807, 22.63362213, 21.81055201, 21.09455112, 20.50423521
42, 43.60849173, 42.2193192, 40.90383605, 39.65990349, 38.48793768, 37.39053733, 36.37242565, 35.44065954, 34.60513781, 33.87952894, 33.28288754
56, 56.64789689, 55.23496789, 53.89666363, 52.63121602, 51.43930646, 50.3237471, 49.28945616, 48.34369272, 47.49659045, 46.76211777, 46.15974318
70, 69.77781667, 68.34280658, 66.98322524, 65.6976873, 64.48714831, 63.35463889, 62.30527302, 61.34650818, 60.4887039, 59.74611261, 59.13859064
ENDTABLE
LOG_ENTRY Used Dataset: Generic Table; { B-Class, Sports Car (VSA) } Front Left R-Stop vs Jounce
EXIT_PARSFILE Generic\tables\GenTab_4a5bd138-4c2f-45e3-8a9a-a0eae7a447e2.par

CT_FX_COEFFICIENT 1.1e-4
CS_FY_COEFFICIENT -5.0e-4
CS_MZ_COEFFICIENT 2.6e-3
CC_FX_COEFFICIENT -1.2e-5
CI_FY_COEFFICIENT 2.3e-4
CI_MZ_COEFFICIENT -8.5e-4
C_LONG_COEFFICIENT 2.8e-3
C_LAT_COEFFICIENT 7.5e-4
CD_MY_COEFFICIENT 8.9e-4
iside 2
OPT_EXT_SP 0
FS_COMP_COEFFICIENT 50
FS_EXT_COEFFICIENT 50
FS_COMP_OFFSET 10
FS_EXT_OFFSET -10
SPRING_COMP_BETA 1
SPRING_EXT_BETA 1
ENTER_PARSFILE Generic\tables\GenTab_f517c4e0-8eda-469d-8b00-e218ffe0543b.par
#FullDataName Generic Table`Front Right Spring vs Jounce`B-Class, Sports Car (VSA)
CMP_SPR_SEAT_VIR_CARPET 2D_SPLINE
0, -50, -40, -30, -20, -10, 0, 10, 20, 30, 40, 50
-70, -66.5627351, -66.03381913, -65.40602146, -64.69426778, -63.90933748, -63.05899498, -62.14861761, -61.18148927, -60.1588158, -59.07942747, -57.93900828
-56, -54.34686315, -53.80726558, -53.16457395, -52.43430054, -51.62762758, -50.75260624, -49.81482455, -48.81772754, -47.7626537, -46.64856125, -45.47129747
-42, -42.06523334, -41.51561733, -40.85881754, -40.11091463, -39.28348301, -38.38485584, -37.42083271, -36.39502658, -35.30892279, -34.16163169, -32.94920251
-28, -29.71266382, -29.1536727, -28.48353338, -27.71887578, -26.87165515, -25.95048147, -24.96136622, -23.90809644, -22.79231733, -21.61331342, -20.36737059
-14, -17.28416282, -16.71642439, -16.03370173, -15.25315384, -14.3871049, -13.44443607, -12.43137052, -11.35187476, -10.2077657, -8.998522081, -7.720697254
0, -4.774914061, -4.199044421, -3.504486316, -2.708906724, -1.824986267, -0.861871094, 0.174004658, 1.278490353, 2.449586717, 3.687602808, 4.995690648
14, 7.819728525, 8.403121839, 9.10877209, 9.918526392, 10.81936082, 11.80187093, 12.8594129, 13.9876481, 15.18438538, 16.44970559, 17.78644243
28, 20.50423608, 21.09455163, 21.81055227, 22.63362224, 23.55040809, 24.5512543, 25.62930925, 26.78004319, 28.0010648, 29.29221258, 30.65598147
42, 33.28288853, 33.87952951, 34.60513811, 35.44065967, 36.37242568, 37.39053733, 38.48793771, 39.65990361, 40.90383633, 42.21931975, 43.60849265
56, 46.15974428, 46.76211841, 47.49659079, 48.34369286, 49.2894562, 50.3237471, 51.4393065, 52.63121616, 53.89666395, 55.2349685, 56.64789791
70, 59.13859184, 59.74611331, 60.48870427, 61.34650834, 62.30527305, 63.35463889, 64.48714835, 65.69768745, 66.9832256, 68.34280724, 69.77781779
ENDTABLE
LOG_ENTRY Used Dataset: Generic Table; { B-Class, Sports Car (VSA) } Front Right Spring vs Jounce
EXIT_PARSFILE Generic\tables\GenTab_f517c4e0-8eda-469d-8b00-e218ffe0543b.par

L_SPG_ADJ 0
FS_OFFSET 0
CMP_OFFSET 0
FD_COEFFICIENT 4.4
ENTER_PARSFILE Generic\tables\GenTab_be7cd4af-0b6d-4920-b611-2f6490c7c93a.par
#FullDataName Generic Table`Front Right Damper vs Jounce`B-Class, Sports Car (VSA)
CMP_DAMP_VIR_CARPET 2D_SPLINE
0, -50, -40, -30, -20, -10, 0, 10, 20, 30, 40, 50
-70, -66.5627351, -66.03381913, -65.40602146, -64.69426778, -63.90933748, -63.05899498, -62.14861761, -61.18148927, -60.1588158, -59.07942747, -57.93900828
-56, -54.34686315, -53.80726558, -53.16457395, -52.43430054, -51.62762758, -50.75260624, -49.81482455, -48.81772754, -47.7626537, -46.64856125, -45.47129747
-42, -42.06523334, -41.51561733, -40.85881754, -40.11091463, -39.28348301, -38.38485584, -37.42083271, -36.39502658, -35.30892279, -34.16163169, -32.94920251
-28, -29.71266382, -29.1536727, -28.48353338, -27.71887578, -26.87165515, -25.95048147, -24.96136622, -23.90809644, -22.79231733, -21.61331342, -20.36737059
-14, -17.28416282, -16.71642439, -16.03370173, -15.25315384, -14.3871049, -13.44443607, -12.43137052, -11.35187476, -10.2077657, -8.998522081, -7.720697254
0, -4.774914061, -4.199044421, -3.504486316, -2.708906724, -1.824986267, -0.861871094, 0.174004658, 1.278490353, 2.449586717, 3.687602808, 4.995690648
14, 7.819728525, 8.403121839, 9.10877209, 9.918526392, 10.81936082, 11.80187093, 12.8594129, 13.9876481, 15.18438538, 16.44970559, 17.78644243
28, 20.50423608, 21.09455163, 21.81055227, 22.63362224, 23.55040809, 24.5512543, 25.62930925, 26.78004319, 28.0010648, 29.29221258, 30.65598147
42, 33.28288853, 33.87952951, 34.60513811, 35.44065967, 36.37242568, 37.39053733, 38.48793771, 39.65990361, 40.90383633, 42.21931975, 43.60849265
56, 46.15974428, 46.76211841, 47.49659079, 48.34369286, 49.2894562, 50.3237471, 51.4393065, 52.63121616, 53.89666395, 55.2349685, 56.64789791
70, 59.13859184, 59.74611331, 60.48870427, 61.34650834, 62.30527305, 63.35463889, 64.48714835, 65.69768745, 66.9832256, 68.34280724, 69.77781779
ENDTABLE
LOG_ENTRY Used Dataset: Generic Table; { B-Class, Sports Car (VSA) } Front Right Damper vs Jounce
EXIT_PARSFILE Generic\tables\GenTab_be7cd4af-0b6d-4920-b611-2f6490c7c93a.par

ENTER_PARSFILE Suspensions\Jounce_Rebound\JncReb_2ffa8946-0682-4d5d-98fd-65f848ce56cf.par
#FullDataName Suspension: Jounce and Rebound Stops`+70 mm / -70 mm`Jounce Range: 50 mm to 99 mm
F_JNC_STOP_TABLE LINEAR
68, 0
69, 0
70, 10000
ENDTABLE
F_REB_STOP_TABLE LINEAR
-70, -10000
-69, 0
-68, 0
ENDTABLE
LOG_ENTRY Used Dataset: Suspension: Jounce and Rebound Stops; { Jounce Range: 50 mm to 99 mm } +70 mm / -70 mm
EXIT_PARSFILE Suspensions\Jounce_Rebound\JncReb_2ffa8946-0682-4d5d-98fd-65f848ce56cf.par

ENTER_PARSFILE Generic\tables\GenTab_6ced1792-2de3-4446-9cb4-0bad3a53eebe.par
#FullDataName Generic Table`Front Right J-Stop vs Jounce`B-Class, Sports Car (VSA)
CMP_JSTOP_VIR_CARPET 2D_SPLINE
0, -50, -40, -30, -20, -10, 0, 10, 20, 30, 40, 50
-70, -66.5627351, -66.03381913, -65.40602146, -64.69426778, -63.90933748, -63.05899498, -62.14861761, -61.18148927, -60.1588158, -59.07942747, -57.93900828
-56, -54.34686315, -53.80726558, -53.16457395, -52.43430054, -51.62762758, -50.75260624, -49.81482455, -48.81772754, -47.7626537, -46.64856125, -45.47129747
-42, -42.06523334, -41.51561733, -40.85881754, -40.11091463, -39.28348301, -38.38485584, -37.42083271, -36.39502658, -35.30892279, -34.16163169, -32.94920251
-28, -29.71266382, -29.1536727, -28.48353338, -27.71887578, -26.87165515, -25.95048147, -24.96136622, -23.90809644, -22.79231733, -21.61331342, -20.36737059
-14, -17.28416282, -16.71642439, -16.03370173, -15.25315384, -14.3871049, -13.44443607, -12.43137052, -11.35187476, -10.2077657, -8.998522081, -7.720697254
0, -4.774914061, -4.199044421, -3.504486316, -2.708906724, -1.824986267, -0.861871094, 0.174004658, 1.278490353, 2.449586717, 3.687602808, 4.995690648
14, 7.819728525, 8.403121839, 9.10877209, 9.918526392, 10.81936082, 11.80187093, 12.8594129, 13.9876481, 15.18438538, 16.44970559, 17.78644243
28, 20.50423608, 21.09455163, 21.81055227, 22.63362224, 23.55040809, 24.5512543, 25.62930925, 26.78004319, 28.0010648, 29.29221258, 30.65598147
42, 33.28288853, 33.87952951, 34.60513811, 35.44065967, 36.37242568, 37.39053733, 38.48793771, 39.65990361, 40.90383633, 42.21931975, 43.60849265
56, 46.15974428, 46.76211841, 47.49659079, 48.34369286, 49.2894562, 50.3237471, 51.4393065, 52.63121616, 53.89666395, 55.2349685, 56.64789791
70, 59.13859184, 59.74611331, 60.48870427, 61.34650834, 62.30527305, 63.35463889, 64.48714835, 65.69768745, 66.9832256, 68.34280724, 69.77781779
ENDTABLE
LOG_ENTRY Used Dataset: Generic Table; { B-Class, Sports Car (VSA) } Front Right J-Stop vs Jounce
EXIT_PARSFILE Generic\tables\GenTab_6ced1792-2de3-4446-9cb4-0bad3a53eebe.par

ENTER_PARSFILE Generic\tables\GenTab_fe89dca1-f10c-4315-a014-163cbcb89a54.par
#FullDataName Generic Table`Front Right R-Stop vs Jounce`B-Class, Sports Car (VSA)
CMP_RSTOP_VIR_CARPET 2D_SPLINE
0, -50, -40, -30, -20, -10, 0, 10, 20, 30, 40, 50
-70, -66.5627351, -66.03381913, -65.40602146, -64.69426778, -63.90933748, -63.05899498, -62.14861761, -61.18148927, -60.1588158, -59.07942747, -57.93900828
-56, -54.34686315, -53.80726558, -53.16457395, -52.43430054, -51.62762758, -50.75260624, -49.81482455, -48.81772754, -47.7626537, -46.64856125, -45.47129747
-42, -42.06523334, -41.51561733, -40.85881754, -40.11091463, -39.28348301, -38.38485584, -37.42083271, -36.39502658, -35.30892279, -34.16163169, -32.94920251
-28, -29.71266382, -29.1536727, -28.48353338, -27.71887578, -26.87165515, -25.95048147, -24.96136622, -23.90809644, -22.79231733, -21.61331342, -20.36737059
-14, -17.28416282, -16.71642439, -16.03370173, -15.25315384, -14.3871049, -13.44443607, -12.43137052, -11.35187476, -10.2077657, -8.998522081, -7.720697254
0, -4.774914061, -4.199044421, -3.504486316, -2.708906724, -1.824986267, -0.861871094, 0.174004658, 1.278490353, 2.449586717, 3.687602808, 4.995690648
14, 7.819728525, 8.403121839, 9.10877209, 9.918526392, 10.81936082, 11.80187093, 12.8594129, 13.9876481, 15.18438538, 16.44970559, 17.78644243
28, 20.50423608, 21.09455163, 21.81055227, 22.63362224, 23.55040809, 24.5512543, 25.62930925, 26.78004319, 28.0010648, 29.29221258, 30.65598147
42, 33.28288853, 33.87952951, 34.60513811, 35.44065967, 36.37242568, 37.39053733, 38.48793771, 39.65990361, 40.90383633, 42.21931975, 43.60849265
56, 46.15974428, 46.76211841, 47.49659079, 48.34369286, 49.2894562, 50.3237471, 51.4393065, 52.63121616, 53.89666395, 55.2349685, 56.64789791
70, 59.13859184, 59.74611331, 60.48870427, 61.34650834, 62.30527305, 63.35463889, 64.48714835, 65.69768745, 66.9832256, 68.34280724, 69.77781779
ENDTABLE
LOG_ENTRY Used Dataset: Generic Table; { B-Class, Sports Car (VSA) } Front Right R-Stop vs Jounce
EXIT_PARSFILE Generic\tables\GenTab_fe89dca1-f10c-4315-a014-163cbcb89a54.par

CT_FX_COEFFICIENT 1.1e-4
CS_FY_COEFFICIENT -5.0e-4
CS_MZ_COEFFICIENT 2.6e-3
CC_FX_COEFFICIENT -1.2e-5
CI_FY_COEFFICIENT 2.3e-4
CI_MZ_COEFFICIENT -8.5e-4
C_LONG_COEFFICIENT 2.8e-3
C_LAT_COEFFICIENT 7.5e-4
CD_MY_COEFFICIENT 8.9e-4
LOG_ENTRY Used Dataset: Suspension: Virtual Steering Axis Compliance, Springs, and Dampers; { B-Class } B-Class, Sports Car (VSA) - Front
EXIT_PARSFILE Suspensions\Compliance_Vir\CmpVir_4c595c29-8deb-420b-9471-da9f70a9bb9d.par

OPT_ALL_FOUR_TIRES_ALIKE 1
itire 1 ! just in case
iside 1
WRITE_ADD_REFERENCE_FRAME_WHEEL
ADD_REFERENCE_FRAME L1 Wheel
SET_EULER_ANGLES YAW_ROLL_PITCH
SET_X_NAME X_L1
WRT_X_L1
ANI_X_L1
SET_Y_NAME Y_L1
WRT_Y_L1
ANI_Y_L1
SET_Z_NAME Z_L1
WRT_Z_L1
ANI_Z_L1
SET_YAW_NAME Yaw_L1
WRT_Yaw_L1
ANI_Yaw_L1
SET_PITCH_NAME Rot_L1
WRT_Rot_L1
ANI_Rot_L1
SET_ROLL_NAME Roll_L1
WRT_Roll_L1
ANI_Roll_L1
SET_SCALE_VAR_PITCH 360
X_REF_LENGTH 1
Y_REF_LENGTH 1
Z_REF_LENGTH 1
X_LENGTH 1
Y_LENGTH 1
Z_LENGTH 1
ENTER_PARSFILE Tires\Tire\Tire_32d50ee3-24f4-467a-9ea6-f7a58460e0cf.par
#FullDataName Tire`185/65 R15`Touring Tires
FZ_REF 5500
X_LENGTH 311
Z_LENGTH 311
Y_LENGTH 185
OPT_TIRE_LAG_KAPPA 2
OPT_TIRE_LAG_ALPHA 1
OPT_TIRE_MODEL 1
ENTER_PARSFILE Animator\STL_Groups\ShpGrp_27c591f4-b392-4dda-bdc3-c1e97b86f0f5.par
#FullDataName Animator: Shape Assembly`205/60 R14`Tires
ENTER_PARSFILE Animator\STL\Shape_b54ddb18-10e4-4787-b570-f358b7c20e39.par
#FullDataName Animator: Shape File Link`205/60 R14: Tire`Common Vehicle Assets: Tires
add_obj Animator\3D_Shape_Files\Common_Vehicle_Assets\Tires\205_60R14\tire.obj
SET_COLOR 1 1 1
set_lighting on
set_fogging on
SET_SPECULAR 0.3 0.3 0.3
vsv_enable_shadows_recursive
LOG_ENTRY Used Dataset: Animator: Shape File Link; { Common Vehicle Assets: Tires } 205/60 R14: Tire
EXIT_PARSFILE Animator\STL\Shape_b54ddb18-10e4-4787-b570-f358b7c20e39.par

ENTER_PARSFILE Animator\STL\Shape_b8cfbea3-cf74-4924-9d45-f9b0374ebc09.par
#FullDataName Animator: Shape File Link`205/60 R14: Wheel`Common Vehicle Assets: Tires
add_obj Animator\3D_Shape_Files\Common_Vehicle_Assets\Tires\205_60R14\wheel.obj
SET_COLOR .62 .62 .62
set_lighting on
set_fogging on
SET_SPECULAR 0.5 0.5 0.5
vsv_enable_shadows_recursive
LOG_ENTRY Used Dataset: Animator: Shape File Link; { Common Vehicle Assets: Tires } 205/60 R14: Wheel
EXIT_PARSFILE Animator\STL\Shape_b8cfbea3-cf74-4924-9d45-f9b0374ebc09.par

ENTER_PARSFILE Animator\STL\Shape_05464ee2-1bc0-4a83-ac1f-07f41e4809be.par
#FullDataName Animator: Shape File Link`205/60 R14: Stripe`Common Vehicle Assets: Tires
add_obj Animator\3D_Shape_Files\Common_Vehicle_Assets\Tires\205_60R14\stripe.obj
SET_COLOR 1 1 1
SET_OFFSET_X 0
SET_OFFSET_Y 0.01
SET_OFFSET_Z 0.01
set_lighting on
set_fogging on
SET_SPECULAR 0 0 0
LOG_ENTRY Used Dataset: Animator: Shape File Link; { Common Vehicle Assets: Tires } 205/60 R14: Stripe
EXIT_PARSFILE Animator\STL\Shape_05464ee2-1bc0-4a83-ac1f-07f41e4809be.par

x_ref_length 301
y_ref_length 205
z_ref_length 301
LOG_ENTRY Used Dataset: Animator: Shape Assembly; { Tires } 205/60 R14
EXIT_PARSFILE Animator\STL_Groups\ShpGrp_27c591f4-b392-4dda-bdc3-c1e97b86f0f5.par

WRITE_WHEEL_OFFSET
SET_OFFSET_Y 0
RRE 298
R0 311
FZ_TIRE_COEFFICIENT 232
FZ_MAX 100000
M_TIRE 18
IT 1
IT_XXZZ 0.6
ENTER_PARSFILE Generic\tables\GenTab_6200ca2d-9af8-4768-9d04-87ea0bd47068.par
#FullDataName Generic Table`Lx Variable, Scaled to Tire`Tire Relaxation Length
SET_UNITS L_RELAX_X_TABLE m
L_RELAX_X_GAIN = RRE/5
FZ_SCALE_L_RELAX_X = FZ_REF
L_RELAX_X_COMBINE MULTIPLY
L_RELAX_X_TABLE SPLINE_FLAT
-0.1, 0.13526
-0.095, 0.13793
-0.09, 0.1431
-0.085, 0.14862
-0.08, 0.1552
-0.075, 0.16251
-0.07, 0.17087
-0.065, 0.18085
-0.06, 0.1926
-0.055, 0.20631
-0.05, 0.22324
-0.045, 0.24389
-0.04, 0.26989
-0.035, 0.30301
-0.03, 0.34575
-0.025, 0.40397
-0.02, 0.48251
-0.015, 0.59275
-0.01, 0.7393
-0.005, 0.90707
0, 1
0.005, 0.90707
0.01, 0.7393
0.015, 0.59275
0.02, 0.48251
0.025, 0.40397
0.03, 0.34575
0.035, 0.30301
0.04, 0.26989
0.045, 0.24389
0.05, 0.22324
0.055, 0.20631
0.06, 0.1926
0.065, 0.18085
0.07, 0.17087
0.075, 0.16251
0.08, 0.1552
0.085, 0.14862
0.09, 0.1431
0.095, 0.13793
0.1, 0.13526
ENDTABLE
L_RELAX_X_FZ_TABLE LINEAR
0, 0.2
1, 1
ENDTABLE
LOG_ENTRY Used Dataset: Generic Table; { Tire Relaxation Length } Lx Variable, Scaled to Tire
EXIT_PARSFILE Generic\tables\GenTab_6200ca2d-9af8-4768-9d04-87ea0bd47068.par

ENTER_PARSFILE Generic\tables\GenTab_edb0dc74-f107-43df-b9cc-c9fa4d21267d.par
#FullDataName Generic Table`Ly Variable, Scaled to Tire`Tire Relaxation Length
SET_UNITS L_RELAX_Y_TABLE m
L_RELAX_Y_GAIN = RRE*2
FZ_SCALE_L_RELAX_Y = FZ_REF
L_RELAX_Y_COMBINE MULTIPLY
L_RELAX_Y_TABLE SPLINE_FLAT
-10, 0.039175
-9.5, 0.042142
-9, 0.047886
-8.5, 0.054018
-8, 0.061335
-7.5, 0.069451
-7, 0.078749
-6.5, 0.089829
-6, 0.10289
-5.5, 0.11812
-5, 0.13693
-4.5, 0.15988
-4, 0.18877
-3.5, 0.22557
-3, 0.27305
-2.5, 0.33775
-2, 0.42501
-1.5, 0.5475
-1, 0.71033
-0.5, 0.89674
0, 1
0.5, 0.89674
1, 0.71033
1.5, 0.5475
2, 0.42501
2.5, 0.33775
3, 0.27305
3.5, 0.22557
4, 0.18877
4.5, 0.15988
5, 0.13693
5.5, 0.11812
6, 0.10289
6.5, 0.089829
7, 0.078749
7.5, 0.069451
8, 0.061335
8.5, 0.054018
9, 0.047886
9.5, 0.042142
10, 0.039175
ENDTABLE
L_RELAX_Y_FZ_TABLE SPLINE
0, 0.1
1, 1
2, 1.5805
ENDTABLE
LOG_ENTRY Used Dataset: Generic Table; { Tire Relaxation Length } Ly Variable, Scaled to Tire
EXIT_PARSFILE Generic\tables\GenTab_edb0dc74-f107-43df-b9cc-c9fa4d21267d.par

VLOW_KAPPA 2
VLOW_ALPHA 2
RR_C 0.004
RR_V 0.000025
L_CONTACT_X_CONSTANT 90
L_CONTACT_Y_CONSTANT 185
RR_FX 1
OPT_TIRE_COMB 1
R_TIRE_COMB 1.1
ENTER_PARSFILE Tires\Mz\TireMz_252ff4ea-8385-4909-a1d8-aba950fe4eff.par
#FullDataName Tire: Aligning Moment`185/65 R15 (SAE)`Touring Tires
MZ_TIRE_CARPET 2D_FROM_ZERO
0, 1348.41, 2696.83, 4045.24, 5393.66, 6742.07, 8090.49, 9438.9, 10787.32
0.5, 4.88601723, 9.66987409, 14.33467596, 18.87411987, 23.28555114, 27.57040611, 31.71930304, 35.74385789
1, 9.941091373, 19.68136483, 29.18783996, 38.4412927, 47.43205003, 56.14693923, 64.58102633, 72.73797325
1.5, 14.19661184, 28.28396795, 42.21896119, 55.96402949, 69.46845603, 82.70026147, 95.61293454, 108.1772848
2, 15.9942511, 32.29359371, 48.89394096, 65.75911191, 82.8258302, 100.0143964, 117.2286823, 134.3674567
2.5, 15.04360183, 30.8504622, 47.53864386, 65.14007155, 83.66151606, 103.0515843, 123.2402165, 144.1080833
3, 12.60943066, 26.22773697, 41.06180529, 57.25809695, 74.9318986, 94.17378411, 115.0197937, 137.480628
3.5, 9.942934339, 20.91181446, 33.15690865, 46.8991333, 62.33856214, 79.68897908, 99.13277383, 120.8537509
4, 7.607022193, 16.14434865, 25.86699943, 37.00499855, 49.8131184, 64.55610421, 81.5249254, 101.0168716
4.5, 5.718102444, 12.2396934, 19.80168098, 28.6247113, 38.9612222, 51.08585966, 65.32722768, 82.05164923
5, 4.227656677, 9.144447318, 14.94755556, 21.84182369, 30.06131469, 39.86761132, 51.57702392, 65.5734127
5.5, 3.060162372, 6.699290162, 11.09978941, 16.43314999, 22.90472728, 30.75673636, 40.28605826, 51.84709405
6, 2.13398776, 4.758825734, 8.036913419, 12.11369838, 17.16526903, 23.41385135, 31.11788633, 40.60052573
6.5, 1.387393108, 3.205604542, 5.578287829, 8.6359307, 12.54188735, 17.47072375, 23.66901718, 31.41508061
7, 0.787475174, 1.94231022, 3.576696831, 5.8086804, 8.77376626, 12.62885178, 17.58063704, 23.89016432
7.5, 0.288159656, 0.900887904, 1.932096131, 3.484624194, 5.676924927, 8.641731093, 12.56734984, 17.6780914
8, -0.127254466, 0.03434089, 0.565824694, 1.551771101, 3.099478676, 5.328668287, 8.398155033, 12.508004
8.5, -0.475597468, -0.69592932, -0.587807364, -0.075153481, 0.930712944, 2.542495808, 4.896256313, 8.170602461
9, -0.773783955, -1.320022955, -1.568360233, -1.459107239, -0.907994433, 0.178530822, 1.928974118, 4.488602798
9.5, -1.030253872, -1.855172808, -2.41533744, -2.649538418, -2.490231163, -1.848586724, -0.615962381, 1.339889238
10, -1.253495897, -2.31859882, -3.146395853, -3.682415672, -3.857674567, -3.600536763, -2.812167145, -1.371801427
10.5, -1.447709073, -2.727514882, -3.787815173, -4.580262844, -5.051641126, -5.129233162, -4.727590109, -3.736404836
11, -1.621401659, -3.090533737, -4.357094512, -5.378726055, -6.104178793, -6.472371068, -6.406100026, -5.804582285
11.5, -1.778790446, -3.411878832, -4.863010344, -6.086802174, -7.038139229, -7.662727733, -7.890962712, -7.635624294
12, -1.919826666, -3.700138742, -5.314194428, -6.71778907, -7.871710432, -8.728208412, -9.215717965, -9.264362382
12.5, -2.044435162, -3.963886185, -5.723723726, -7.289396433, -8.622954338, -9.682814662, -10.40425147, -10.72038424
13, -2.156856776, -4.198661005, -6.091460259, -7.805959933, -9.300868353, -10.54495773, -11.47551315, -12.03291099
13.5, -2.261336843, -4.417387962, -6.430448797, -8.276248891, -9.918860125, -11.32838797, -12.44832837, -13.22134071
14, -2.357825595, -4.615632754, -6.740577489, -8.704539551, -10.48584757, -12.04215012, -13.33202441, -14.30014817
14.5, -2.446221451, -4.797605101, -7.026040068, -9.104055608, -11.00616072, -12.69991549, -14.14522423, -15.29320548
15, -2.530873969, -4.96756689, -7.29113182, -9.470124024, -11.48410371, -13.30606705, -14.89713006, -16.20040721
15.5, -2.607324544, -5.125443257, -7.535713098, -9.811542728, -11.93312362, -13.86959657, -15.58751419, -17.04072633
16, -2.67989937, -5.275522355, -7.764039726, -10.12809354, -12.34386046, -14.3902745, -16.2302357, -17.81868071
16.5, -2.748569025, -5.413284904, -7.975985466, -10.42408425, -12.73434463, -14.87708287, -16.82973955, -18.54365329
17, -2.808846941, -5.543059578, -8.180312974, -10.7038809, -13.09523374, -15.33444038, -17.38570652, -19.22493919
17.5, -2.869500133, -5.664736302, -8.36797779, -10.96728964, -13.43545443, -15.76206526, -17.91210272, -19.8574413
18, -2.926117188, -5.782712999, -8.547815863, -11.21413189, -13.75941202, -16.16441141, -18.40861252, -20.45530141
18.5, -2.978602096, -5.892432025, -8.719704725, -11.44882293, -14.06225868, -16.54585707, -18.8749576, -21.01341741
19, -3.03139019, -5.993806924, -8.879028178, -11.67121947, -14.35311218, -16.90623965, -19.31566831, -21.54600673
19.5, -3.079995841, -6.095779298, -9.034733601, -11.88113027, -14.62712759, -17.25003091, -19.73048611, -22.04794091
20, -3.124402436, -6.189244308, -9.182176368, -12.08306242, -14.88881418, -17.57698498, -20.12867671, -22.52865265
20.5, -3.168984571, -6.278663977, -9.321267622, -12.27690192, -15.13799263, -17.88697198, -20.51010905, -22.98307375
21, -3.213799071, -6.368535204, -9.451925839, -12.46248309, -15.37448808, -18.1845044, -20.86970588, -23.41575019
21.5, -3.254310451, -6.449712776, -9.583213708, -12.63508136, -15.60285162, -18.46942446, -21.21691642, -23.83140644
22, -3.290434403, -6.531267464, -9.705921053, -12.80856863, -15.82298291, -18.74157239, -21.5467266, -24.22487463
22.5, -3.331273784, -6.608566879, -9.824533431, -12.96884438, -16.03002725, -19.00075856, -21.86375663, -24.60579919
23, -3.36768338, -6.681594145, -9.939017568, -13.12515409, -16.23335345, -19.25648386, -22.17274232, -24.96905588
23.5, -3.399658941, -6.754881335, -10.04931868, -13.2774539, -16.4280741, -19.49901117, -22.46377328, -25.32434377
24, -3.436300149, -6.823791883, -10.1553483, -13.42565521, -16.61888967, -19.73302082, -22.75135882, -25.6616069
24.5, -3.468491608, -6.892951361, -10.26180251, -13.56497881, -16.80093153, -19.95837664, -23.02555439, -25.98557616
25, -3.500754666, -6.957676333, -10.35918985, -13.7000394, -16.97893396, -20.17497756, -23.28625312, -26.30114442
26, -3.500754666, -6.957676333, -10.35918985, -13.7000394, -16.97893396, -20.17497756, -23.28625312, -26.30114442
ENDTABLE
LOG_ENTRY Used Dataset: Tire: Aligning Moment; { Touring Tires } 185/65 R15 (SAE)
EXIT_PARSFILE Tires\Mz\TireMz_252ff4ea-8385-4909-a1d8-aba950fe4eff.par

ENTER_PARSFILE Tires\Fy\TireFy_5f7799b4-7395-47c3-ba22-21f52a15dc2d.par
#FullDataName Tire: Lateral Force`185/65 R15`Touring Tires
FY_TIRE_CARPET 2D_FROM_ZERO
0, 1348.414375, 2696.82875, 4045.243125, 5393.6575, 6742.071875, 8090.48625, 9438.900625, 10787.315
0.5, 174.89, 343.18, 503.9, 656.5, 800.66, 936.13, 1062.77, 1180.47
1, 344.62, 676.39, 993.38, 1294.55, 1579.21, 1846.9, 2097.32, 2330.25
1.5, 504.59, 990.69, 1455.52, 1897.54, 2315.74, 2709.43, 3078.13, 3421.51
2, 651.17, 1279.04, 1880.06, 2452.26, 2994.33, 3505.32, 3984.59, 4431.67
2.5, 781.97, 1536.75, 2260.15, 2949.8, 3604.12, 4221.93, 4802.4, 5344.9
3, 895.9, 1761.62, 2592.47, 3385.75, 4139.61, 4852.69, 5523.94, 6152.6
3.5, 992.99, 1953.64, 2876.88, 3759.74, 4600.16, 5396.57, 6147.78, 6852.83
4, 1074.13, 2114.49, 3115.69, 4074.59, 4988.94, 5857, 6677.41, 7449.09
4.5, 1140.8, 2246.95, 3312.87, 4335.27, 5311.75, 6240.45, 7119.87, 7948.78
5, 1194.74, 2354.38, 3473.24, 4547.89, 5575.85, 6555.15, 7484.18, 8361.59
5.5, 1237.77, 2440.31, 3601.86, 4718.96, 5789.02, 6810.01, 7780.22, 8698.22
6, 1271.63, 2508.11, 3703.67, 4854.8, 5958.88, 7013.8, 8017.8, 8969.37
6.5, 1297.89, 2560.86, 3783.15, 4961.23, 6092.45, 7174.68, 8206.09, 9185.13
7, 1317.93, 2601.26, 3844.25, 5043.39, 6196, 7299.93, 8353.33, 9354.61
7.5, 1332.92, 2631.61, 3890.37, 5105.7, 6274.93, 7395.88, 8466.71, 9485.78
8, 1343.84, 2653.83, 3924.35, 5151.88, 6333.8, 7467.9, 8552.33, 9585.46
8.5, 1351.49, 2669.53, 3948.54, 5185.05, 6376.42, 7520.48, 8615.36, 9659.41
9, 1356.54, 2680, 3964.88, 5207.73, 6405.94, 7557.33, 8660.05, 9712.45
9.5, 1359.5, 2686.3, 3974.94, 5222.02, 6424.93, 7581.52, 8689.94, 9748.53
10, 1360.82, 2689.29, 3980.01, 5229.6, 6435.49, 7595.53, 8707.89, 9770.92
10.5, 1360.83, 2689.65, 3981.11, 5231.85, 6439.32, 7601.41, 8716.27, 9782.28
11, 1359.83, 2687.95, 3979.06, 5229.86, 6437.8, 7600.79, 8717, 9784.8
11.5, 1358.02, 2684.62, 3974.56, 5224.54, 6432.05, 7595.02, 8711.62, 9780.25
12, 1355.59, 2680.03, 3968.12, 5216.6, 6422.97, 7585.17, 8701.4, 9770.07
12.5, 1352.68, 2674.47, 3960.19, 5206.62, 6411.28, 7572.13, 8687.38, 9755.44
13, 1349.41, 2668.16, 3951.11, 5195.07, 6397.58, 7556.6, 8670.37, 9737.32
13.5, 1345.87, 2661.29, 3941.17, 5182.33, 6382.33, 7539.16, 8651.06, 9716.47
14, 1342.14, 2654.02, 3930.6, 5168.71, 6365.93, 7520.27, 8629.99, 9693.53
14.5, 1338.26, 2646.46, 3919.56, 5154.44, 6348.69, 7500.32, 8607.61, 9669.01
15, 1334.3, 2638.7, 3908.21, 5139.72, 6330.84, 7479.6, 8584.27, 9643.33
15.5, 1330.28, 2630.83, 3896.67, 5124.72, 6312.6, 7458.35, 8560.27, 9616.84
16, 1326.24, 2622.9, 3885.03, 5109.56, 6294.13, 7436.79, 8535.84, 9589.79
16.5, 1322.21, 2614.97, 3873.37, 5094.34, 6275.55, 7415.06, 8511.18, 9562.42
17, 1318.19, 2607.07, 3861.73, 5079.15, 6256.98, 7393.3, 8486.43, 9534.9
17.5, 1314.21, 2599.23, 3850.18, 5064.04, 6238.49, 7371.6, 8461.73, 9507.38
18, 1310.28, 2591.48, 3838.75, 5049.07, 6220.15, 7350.06, 8437.16, 9479.97
18.5, 1306.4, 2583.83, 3827.46, 5034.28, 6202, 7328.72, 8412.8, 9452.77
19, 1302.59, 2576.3, 3816.34, 5019.7, 6184.1, 7307.65, 8388.72, 9425.85
19.5, 1298.84, 2568.91, 3805.41, 5005.35, 6166.47, 7286.89, 8364.97, 9399.27
20, 1295.17, 2561.65, 3794.67, 4991.25, 6149.14, 7266.45, 8341.57, 9373.06
20.5, 1291.56, 2554.53, 3784.13, 4977.42, 6132.12, 7246.37, 8318.57, 9347.28
21, 1288.04, 2547.56, 3773.81, 4963.85, 6115.42, 7226.66, 8295.97, 9321.93
21.5, 1284.59, 2540.73, 3763.7, 4950.55, 6099.05, 7207.33, 8273.8, 9297.04
22, 1281.21, 2534.06, 3753.81, 4937.54, 6083.01, 7188.38, 8252.06, 9272.62
22.5, 1277.92, 2527.53, 3744.13, 4924.8, 6067.31, 7169.82, 8230.75, 9248.68
23, 1274.69, 2521.15, 3734.67, 4912.34, 6051.95, 7151.65, 8209.88, 9225.22
23.5, 1271.54, 2514.91, 3725.42, 4900.16, 6036.92, 7133.87, 8189.45, 9202.24
24, 1268.46, 2508.81, 3716.37, 4888.25, 6022.22, 7116.48, 8169.45, 9179.74
24.5, 1265.46, 2502.86, 3707.54, 4876.6, 6007.84, 7099.46, 8149.87, 9157.71
25, 1262.52, 2497.04, 3698.9, 4865.21, 5993.79, 7082.81, 8130.72, 9136.15
26, 1262.52, 2497.04, 3698.9, 4865.21, 5993.79, 7082.81, 8130.72, 9136.15
ENDTABLE
MU_REF_Y 1.0
LOG_ENTRY Used Dataset: Tire: Lateral Force; { Touring Tires } 185/65 R15
EXIT_PARSFILE Tires\Fy\TireFy_5f7799b4-7395-47c3-ba22-21f52a15dc2d.par

ENTER_PARSFILE Tires\Fx\TireFx_69377a8e-4e90-4d23-981e-4ec37f1913e8.par
#FullDataName Tire: Longitudinal Force`185/65 R15`Touring Tires
FX_TIRE_CARPET 2D_FROM_ZERO
0, 1348.41, 2696.83, 4045.24, 5393.66, 6742.07, 8090.49, 9438.9, 10787.32
0.02, 749.08, 1467.54, 2150.67, 2795.82, 3401.21, 3965.57, 4488, 4967.88
0.04, 1115.98, 2195.04, 3231.13, 4220.59, 5160.69, 6049.26, 6884.51, 7664.92
0.06, 1262.72, 2489.15, 3673.21, 4811.15, 5900.09, 6937.68, 7921.87, 8850.87
0.08, 1323.92, 2612.87, 3860.97, 5064.55, 6220.79, 7327.35, 8382.18, 9383.47
0.1, 1349.84, 2665.9, 3942.48, 5176.03, 6363.81, 7503.53, 8593.19, 9631
0.12, 1359.43, 2686.07, 3974.39, 5220.94, 6423.05, 7578.49, 8685.31, 9741.75
0.14, 1360.79, 2689.61, 3981.09, 5231.85, 6439.29, 7601.23, 8715.78, 9781.22
0.16, 1357.79, 2684.3, 3974.29, 5224.45, 6432.24, 7595.53, 8712.46, 9781.37
0.18, 1352.45, 2674.21, 3960.14, 5206.99, 6412.28, 7573.93, 8690.1, 9759.18
0.2, 1345.89, 2661.59, 3942.04, 5184.06, 6385.21, 7543.45, 8656.99, 9724.22
0.22, 1338.74, 2647.73, 3921.96, 5158.33, 6354.42, 7508.22, 8617.98, 9682.14
0.24, 1331.39, 2633.39, 3901.09, 5131.38, 6321.91, 7470.71, 8576.04, 9636.37
0.26, 1324.06, 2619.05, 3880.11, 5104.18, 6288.94, 7432.44, 8532.98, 9589.05
0.28, 1316.88, 2604.97, 3859.46, 5077.32, 6256.26, 7394.36, 8489.94, 9541.5
0.3, 1309.93, 2591.32, 3839.38, 5051.14, 6224.33, 7357.03, 8447.6, 9494.58
0.32, 1303.26, 2578.17, 3820.02, 5025.85, 6193.4, 7320.8, 8406.41, 9448.78
0.34, 1296.87, 2565.58, 3801.46, 5001.56, 6163.65, 7285.87, 8366.61, 9404.43
0.36, 1290.77, 2553.57, 3783.71, 4978.3, 6135.12, 7252.33, 8328.33, 9361.7
0.38, 1284.97, 2542.12, 3766.79, 4956.1, 6107.85, 7220.22, 8291.63, 9320.66
0.4, 1279.46, 2531.22, 3750.67, 4934.93, 6081.82, 7189.54, 8256.51, 9281.34
0.42, 1274.22, 2520.86, 3735.32, 4914.76, 6057.01, 7160.26, 8222.96, 9243.73
0.44, 1269.24, 2511.01, 3720.73, 4895.56, 6033.36, 7132.33, 8190.92, 9207.77
0.46, 1264.51, 2501.64, 3706.84, 4877.28, 6010.83, 7105.69, 8160.34, 9173.43
0.48, 1260.01, 2492.73, 3693.62, 4859.87, 5989.35, 7080.29, 8131.16, 9140.62
0.5, 1255.73, 2484.25, 3681.04, 4843.29, 5968.89, 7056.06, 8103.31, 9109.29
0.52, 1251.66, 2476.18, 3669.05, 4827.49, 5949.37, 7032.95, 8076.72, 9079.35
0.54, 1247.78, 2468.48, 3657.62, 4812.42, 5930.75, 7010.89, 8051.32, 9050.74
0.56, 1244.08, 2461.15, 3646.73, 4798.04, 5912.98, 6989.81, 8027.05, 9023.38
0.58, 1240.56, 2454.16, 3636.33, 4784.31, 5896, 6969.68, 8003.85, 8997.21
0.6, 1237.19, 2447.48, 3626.4, 4771.19, 5879.78, 6950.42, 7981.66, 8972.17
0.62, 1233.98, 2441.1, 3616.9, 4758.65, 5864.26, 6932, 7960.41, 8948.18
0.64, 1230.9, 2434.99, 3607.83, 4746.66, 5849.4, 6914.36, 7940.06, 8925.2
0.66, 1227.96, 2429.15, 3599.13, 4735.17, 5835.18, 6897.46, 7920.55, 8903.16
0.68, 1225.15, 2423.56, 3590.81, 4724.16, 5821.54, 6881.25, 7901.84, 8882.01
0.7, 1222.45, 2418.2, 3582.83, 4713.6, 5808.46, 6865.71, 7883.88, 8861.71
0.72, 1219.87, 2413.06, 3575.17, 4703.48, 5795.91, 6850.78, 7866.64, 8842.21
0.74, 1217.38, 2408.13, 3567.82, 4693.75, 5783.85, 6836.44, 7850.07, 8823.47
0.76, 1215, 2403.39, 3560.76, 4684.41, 5772.27, 6822.66, 7834.14, 8805.44
0.78, 1212.71, 2398.83, 3553.98, 4675.42, 5761.12, 6809.4, 7818.81, 8788.08
0.8, 1210.51, 2394.45, 3547.45, 4666.78, 5750.4, 6796.63, 7804.05, 8771.37
0.82, 1208.39, 2390.24, 3541.16, 4658.46, 5740.07, 6784.34, 7789.83, 8755.27
0.84, 1206.35, 2386.18, 3535.11, 4650.44, 5730.12, 6772.49, 7776.12, 8739.74
0.86, 1204.38, 2382.27, 3529.27, 4642.71, 5720.53, 6761.07, 7762.9, 8724.76
0.88, 1202.48, 2378.49, 3523.65, 4635.26, 5711.28, 6750.05, 7750.14, 8710.3
0.9, 1200.66, 2374.85, 3518.22, 4628.06, 5702.35, 6739.41, 7737.82, 8696.34
0.92, 1198.89, 2371.34, 3512.98, 4621.11, 5693.72, 6729.13, 7725.92, 8682.85
0.94, 1197.19, 2367.95, 3507.91, 4614.4, 5685.38, 6719.19, 7714.42, 8669.8
0.96, 1195.54, 2364.67, 3503.02, 4607.92, 5677.32, 6709.59, 7703.29, 8657.19
0.98, 1193.95, 2361.49, 3498.29, 4601.64, 5669.53, 6700.3, 7692.53, 8644.98
1, 1192.4, 2358.43, 3493.71, 4595.57, 5661.98, 6691.3, 7682.1, 8633.15
1.02, 1192.4, 2358.43, 3493.71, 4595.57, 5661.98, 6691.3, 7682.1, 8633.15
ENDTABLE
MU_REF_X 1.0
LOG_ENTRY Used Dataset: Tire: Longitudinal Force; { Touring Tires } 185/65 R15
EXIT_PARSFILE Tires\Fx\TireFx_69377a8e-4e90-4d23-981e-4ec37f1913e8.par

ENTER_PARSFILE Tires\Camber_Thrust\CamStiff_9fadad33-a832-4e17-8456-afae4628e59e.par
#FullDataName Tire: Camber Thrust Coefficient`185/65 R15`Touring Tires
KGAMMA_TABLE SPLINE
0, 0
539.36575, -2.7569
1078.7315, -5.5319
1618.09725, -8.3278
2157.463, -11.1465
2696.82875, -13.9894
3236.1945, -16.8575
3775.56025, -19.7519
4314.926, -22.6733
4854.29175, -25.6224
5393.6575, -28.6
5933.02325, -31.6066
6472.389, -34.6428
7011.75475, -37.7092
7551.1205, -40.8061
8090.48625, -43.9341
8629.852, -47.0935
9169.21775, -50.2849
9708.5835, -53.5086
10247.94925, -56.7649
10787.315, -60.0543
ENDTABLE
LOG_ENTRY Used Dataset: Tire: Camber Thrust Coefficient; { Touring Tires } 185/65 R15
EXIT_PARSFILE Tires\Camber_Thrust\CamStiff_9fadad33-a832-4e17-8456-afae4628e59e.par

LOG_ENTRY Used Dataset: Tire; { Touring Tires } 185/65 R15
EXIT_PARSFILE Tires\Tire\Tire_32d50ee3-24f4-467a-9ea6-f7a58460e0cf.par

iside 2
WRITE_ADD_REFERENCE_FRAME_WHEEL
ADD_REFERENCE_FRAME R1 Wheel
SET_EULER_ANGLES YAW_ROLL_PITCH
SET_X_NAME X_R1
WRT_X_R1
ANI_X_R1
SET_Y_NAME Y_R1
WRT_Y_R1
ANI_Y_R1
SET_Z_NAME Z_R1
WRT_Z_R1
ANI_Z_R1
SET_YAW_NAME Yaw_R1
WRT_Yaw_R1
ANI_Yaw_R1
SET_PITCH_NAME Rot_R1
WRT_Rot_R1
ANI_Rot_R1
SET_ROLL_NAME Roll_R1
WRT_Roll_R1
ANI_Roll_R1
SET_SCALE_VAR_PITCH -360
SET_OFFSET_VAR_ROLL 180
SET_OFFSET_VAR_PITCH 180
X_REF_LENGTH 1
Y_REF_LENGTH 1
Z_REF_LENGTH 1
X_LENGTH 1
Y_LENGTH 1
Z_LENGTH 1
ENTER_PARSFILE Tires\Tire\Tire_32d50ee3-24f4-467a-9ea6-f7a58460e0cf.par
#FullDataName Tire`185/65 R15`Touring Tires
FZ_REF 5500
X_LENGTH 311
Z_LENGTH 311
Y_LENGTH 185
OPT_TIRE_LAG_KAPPA 2
OPT_TIRE_LAG_ALPHA 1
OPT_TIRE_MODEL 1
ENTER_PARSFILE Animator\STL_Groups\ShpGrp_27c591f4-b392-4dda-bdc3-c1e97b86f0f5.par
#FullDataName Animator: Shape Assembly`205/60 R14`Tires
ENTER_PARSFILE Animator\STL\Shape_b54ddb18-10e4-4787-b570-f358b7c20e39.par
#FullDataName Animator: Shape File Link`205/60 R14: Tire`Common Vehicle Assets: Tires
add_obj Animator\3D_Shape_Files\Common_Vehicle_Assets\Tires\205_60R14\tire.obj
SET_COLOR 1 1 1
set_lighting on
set_fogging on
SET_SPECULAR 0.3 0.3 0.3
vsv_enable_shadows_recursive
LOG_ENTRY Used Dataset: Animator: Shape File Link; { Common Vehicle Assets: Tires } 205/60 R14: Tire
EXIT_PARSFILE Animator\STL\Shape_b54ddb18-10e4-4787-b570-f358b7c20e39.par

ENTER_PARSFILE Animator\STL\Shape_b8cfbea3-cf74-4924-9d45-f9b0374ebc09.par
#FullDataName Animator: Shape File Link`205/60 R14: Wheel`Common Vehicle Assets: Tires
add_obj Animator\3D_Shape_Files\Common_Vehicle_Assets\Tires\205_60R14\wheel.obj
SET_COLOR .62 .62 .62
set_lighting on
set_fogging on
SET_SPECULAR 0.5 0.5 0.5
vsv_enable_shadows_recursive
LOG_ENTRY Used Dataset: Animator: Shape File Link; { Common Vehicle Assets: Tires } 205/60 R14: Wheel
EXIT_PARSFILE Animator\STL\Shape_b8cfbea3-cf74-4924-9d45-f9b0374ebc09.par

ENTER_PARSFILE Animator\STL\Shape_05464ee2-1bc0-4a83-ac1f-07f41e4809be.par
#FullDataName Animator: Shape File Link`205/60 R14: Stripe`Common Vehicle Assets: Tires
add_obj Animator\3D_Shape_Files\Common_Vehicle_Assets\Tires\205_60R14\stripe.obj
SET_COLOR 1 1 1
SET_OFFSET_X 0
SET_OFFSET_Y 0.01
SET_OFFSET_Z 0.01
set_lighting on
set_fogging on
SET_SPECULAR 0 0 0
LOG_ENTRY Used Dataset: Animator: Shape File Link; { Common Vehicle Assets: Tires } 205/60 R14: Stripe
EXIT_PARSFILE Animator\STL\Shape_05464ee2-1bc0-4a83-ac1f-07f41e4809be.par

x_ref_length 301
y_ref_length 205
z_ref_length 301
LOG_ENTRY Used Dataset: Animator: Shape Assembly; { Tires } 205/60 R14
EXIT_PARSFILE Animator\STL_Groups\ShpGrp_27c591f4-b392-4dda-bdc3-c1e97b86f0f5.par

WRITE_WHEEL_OFFSET
SET_OFFSET_Y 0
RRE 298
R0 311
FZ_TIRE_COEFFICIENT 232
FZ_MAX 100000
M_TIRE 18
IT 1
IT_XXZZ 0.6
ENTER_PARSFILE Generic\tables\GenTab_6200ca2d-9af8-4768-9d04-87ea0bd47068.par
#FullDataName Generic Table`Lx Variable, Scaled to Tire`Tire Relaxation Length
SET_UNITS L_RELAX_X_TABLE m
L_RELAX_X_GAIN = RRE/5
FZ_SCALE_L_RELAX_X = FZ_REF
L_RELAX_X_COMBINE MULTIPLY
L_RELAX_X_TABLE SPLINE_FLAT
-0.1, 0.13526
-0.095, 0.13793
-0.09, 0.1431
-0.085, 0.14862
-0.08, 0.1552
-0.075, 0.16251
-0.07, 0.17087
-0.065, 0.18085
-0.06, 0.1926
-0.055, 0.20631
-0.05, 0.22324
-0.045, 0.24389
-0.04, 0.26989
-0.035, 0.30301
-0.03, 0.34575
-0.025, 0.40397
-0.02, 0.48251
-0.015, 0.59275
-0.01, 0.7393
-0.005, 0.90707
0, 1
0.005, 0.90707
0.01, 0.7393
0.015, 0.59275
0.02, 0.48251
0.025, 0.40397
0.03, 0.34575
0.035, 0.30301
0.04, 0.26989
0.045, 0.24389
0.05, 0.22324
0.055, 0.20631
0.06, 0.1926
0.065, 0.18085
0.07, 0.17087
0.075, 0.16251
0.08, 0.1552
0.085, 0.14862
0.09, 0.1431
0.095, 0.13793
0.1, 0.13526
ENDTABLE
L_RELAX_X_FZ_TABLE LINEAR
0, 0.2
1, 1
ENDTABLE
LOG_ENTRY Used Dataset: Generic Table; { Tire Relaxation Length } Lx Variable, Scaled to Tire
EXIT_PARSFILE Generic\tables\GenTab_6200ca2d-9af8-4768-9d04-87ea0bd47068.par

ENTER_PARSFILE Generic\tables\GenTab_edb0dc74-f107-43df-b9cc-c9fa4d21267d.par
#FullDataName Generic Table`Ly Variable, Scaled to Tire`Tire Relaxation Length
SET_UNITS L_RELAX_Y_TABLE m
L_RELAX_Y_GAIN = RRE*2
FZ_SCALE_L_RELAX_Y = FZ_REF
L_RELAX_Y_COMBINE MULTIPLY
L_RELAX_Y_TABLE SPLINE_FLAT
-10, 0.039175
-9.5, 0.042142
-9, 0.047886
-8.5, 0.054018
-8, 0.061335
-7.5, 0.069451
-7, 0.078749
-6.5, 0.089829
-6, 0.10289
-5.5, 0.11812
-5, 0.13693
-4.5, 0.15988
-4, 0.18877
-3.5, 0.22557
-3, 0.27305
-2.5, 0.33775
-2, 0.42501
-1.5, 0.5475
-1, 0.71033
-0.5, 0.89674
0, 1
0.5, 0.89674
1, 0.71033
1.5, 0.5475
2, 0.42501
2.5, 0.33775
3, 0.27305
3.5, 0.22557
4, 0.18877
4.5, 0.15988
5, 0.13693
5.5, 0.11812
6, 0.10289
6.5, 0.089829
7, 0.078749
7.5, 0.069451
8, 0.061335
8.5, 0.054018
9, 0.047886
9.5, 0.042142
10, 0.039175
ENDTABLE
L_RELAX_Y_FZ_TABLE SPLINE
0, 0.1
1, 1
2, 1.5805
ENDTABLE
LOG_ENTRY Used Dataset: Generic Table; { Tire Relaxation Length } Ly Variable, Scaled to Tire
EXIT_PARSFILE Generic\tables\GenTab_edb0dc74-f107-43df-b9cc-c9fa4d21267d.par

VLOW_KAPPA 2
VLOW_ALPHA 2
RR_C 0.004
RR_V 0.000025
L_CONTACT_X_CONSTANT 90
L_CONTACT_Y_CONSTANT 185
RR_FX 1
OPT_TIRE_COMB 1
R_TIRE_COMB 1.1
ENTER_PARSFILE Tires\Mz\TireMz_252ff4ea-8385-4909-a1d8-aba950fe4eff.par
#FullDataName Tire: Aligning Moment`185/65 R15 (SAE)`Touring Tires
MZ_TIRE_CARPET 2D_FROM_ZERO
0, 1348.41, 2696.83, 4045.24, 5393.66, 6742.07, 8090.49, 9438.9, 10787.32
0.5, 4.88601723, 9.66987409, 14.33467596, 18.87411987, 23.28555114, 27.57040611, 31.71930304, 35.74385789
1, 9.941091373, 19.68136483, 29.18783996, 38.4412927, 47.43205003, 56.14693923, 64.58102633, 72.73797325
1.5, 14.19661184, 28.28396795, 42.21896119, 55.96402949, 69.46845603, 82.70026147, 95.61293454, 108.1772848
2, 15.9942511, 32.29359371, 48.89394096, 65.75911191, 82.8258302, 100.0143964, 117.2286823, 134.3674567
2.5, 15.04360183, 30.8504622, 47.53864386, 65.14007155, 83.66151606, 103.0515843, 123.2402165, 144.1080833
3, 12.60943066, 26.22773697, 41.06180529, 57.25809695, 74.9318986, 94.17378411, 115.0197937, 137.480628
3.5, 9.942934339, 20.91181446, 33.15690865, 46.8991333, 62.33856214, 79.68897908, 99.13277383, 120.8537509
4, 7.607022193, 16.14434865, 25.86699943, 37.00499855, 49.8131184, 64.55610421, 81.5249254, 101.0168716
4.5, 5.718102444, 12.2396934, 19.80168098, 28.6247113, 38.9612222, 51.08585966, 65.32722768, 82.05164923
5, 4.227656677, 9.144447318, 14.94755556, 21.84182369, 30.06131469, 39.86761132, 51.57702392, 65.5734127
5.5, 3.060162372, 6.699290162, 11.09978941, 16.43314999, 22.90472728, 30.75673636, 40.28605826, 51.84709405
6, 2.13398776, 4.758825734, 8.036913419, 12.11369838, 17.16526903, 23.41385135, 31.11788633, 40.60052573
6.5, 1.387393108, 3.205604542, 5.578287829, 8.6359307, 12.54188735, 17.47072375, 23.66901718, 31.41508061
7, 0.787475174, 1.94231022, 3.576696831, 5.8086804, 8.77376626, 12.62885178, 17.58063704, 23.89016432
7.5, 0.288159656, 0.900887904, 1.932096131, 3.484624194, 5.676924927, 8.641731093, 12.56734984, 17.6780914
8, -0.127254466, 0.03434089, 0.565824694, 1.551771101, 3.099478676, 5.328668287, 8.398155033, 12.508004
8.5, -0.475597468, -0.69592932, -0.587807364, -0.075153481, 0.930712944, 2.542495808, 4.896256313, 8.170602461
9, -0.773783955, -1.320022955, -1.568360233, -1.459107239, -0.907994433, 0.178530822, 1.928974118, 4.488602798
9.5, -1.030253872, -1.855172808, -2.41533744, -2.649538418, -2.490231163, -1.848586724, -0.615962381, 1.339889238
10, -1.253495897, -2.31859882, -3.146395853, -3.682415672, -3.857674567, -3.600536763, -2.812167145, -1.371801427
10.5, -1.447709073, -2.727514882, -3.787815173, -4.580262844, -5.051641126, -5.129233162, -4.727590109, -3.736404836
11, -1.621401659, -3.090533737, -4.357094512, -5.378726055, -6.104178793, -6.472371068, -6.406100026, -5.804582285
11.5, -1.778790446, -3.411878832, -4.863010344, -6.086802174, -7.038139229, -7.662727733, -7.890962712, -7.635624294
12, -1.919826666, -3.700138742, -5.314194428, -6.71778907, -7.871710432, -8.728208412, -9.215717965, -9.264362382
12.5, -2.044435162, -3.963886185, -5.723723726, -7.289396433, -8.622954338, -9.682814662, -10.40425147, -10.72038424
13, -2.156856776, -4.198661005, -6.091460259, -7.805959933, -9.300868353, -10.54495773, -11.47551315, -12.03291099
13.5, -2.261336843, -4.417387962, -6.430448797, -8.276248891, -9.918860125, -11.32838797, -12.44832837, -13.22134071
14, -2.357825595, -4.615632754, -6.740577489, -8.704539551, -10.48584757, -12.04215012, -13.33202441, -14.30014817
14.5, -2.446221451, -4.797605101, -7.026040068, -9.104055608, -11.00616072, -12.69991549, -14.14522423, -15.29320548
15, -2.530873969, -4.96756689, -7.29113182, -9.470124024, -11.48410371, -13.30606705, -14.89713006, -16.20040721
15.5, -2.607324544, -5.125443257, -7.535713098, -9.811542728, -11.93312362, -13.86959657, -15.58751419, -17.04072633
16, -2.67989937, -5.275522355, -7.764039726, -10.12809354, -12.34386046, -14.3902745, -16.2302357, -17.81868071
16.5, -2.748569025, -5.413284904, -7.975985466, -10.42408425, -12.73434463, -14.87708287, -16.82973955, -18.54365329
17, -2.808846941, -5.543059578, -8.180312974, -10.7038809, -13.09523374, -15.33444038, -17.38570652, -19.22493919
17.5, -2.869500133, -5.664736302, -8.36797779, -10.96728964, -13.43545443, -15.76206526, -17.91210272, -19.8574413
18, -2.926117188, -5.782712999, -8.547815863, -11.21413189, -13.75941202, -16.16441141, -18.40861252, -20.45530141
18.5, -2.978602096, -5.892432025, -8.719704725, -11.44882293, -14.06225868, -16.54585707, -18.8749576, -21.01341741
19, -3.03139019, -5.993806924, -8.879028178, -11.67121947, -14.35311218, -16.90623965, -19.31566831, -21.54600673
19.5, -3.079995841, -6.095779298, -9.034733601, -11.88113027, -14.62712759, -17.25003091, -19.73048611, -22.04794091
20, -3.124402436, -6.189244308, -9.182176368, -12.08306242, -14.88881418, -17.57698498, -20.12867671, -22.52865265
20.5, -3.168984571, -6.278663977, -9.321267622, -12.27690192, -15.13799263, -17.88697198, -20.51010905, -22.98307375
21, -3.213799071, -6.368535204, -9.451925839, -12.46248309, -15.37448808, -18.1845044, -20.86970588, -23.41575019
21.5, -3.254310451, -6.449712776, -9.583213708, -12.63508136, -15.60285162, -18.46942446, -21.21691642, -23.83140644
22, -3.290434403, -6.531267464, -9.705921053, -12.80856863, -15.82298291, -18.74157239, -21.5467266, -24.22487463
22.5, -3.331273784, -6.608566879, -9.824533431, -12.96884438, -16.03002725, -19.00075856, -21.86375663, -24.60579919
23, -3.36768338, -6.681594145, -9.939017568, -13.12515409, -16.23335345, -19.25648386, -22.17274232, -24.96905588
23.5, -3.399658941, -6.754881335, -10.04931868, -13.2774539, -16.4280741, -19.49901117, -22.46377328, -25.32434377
24, -3.436300149, -6.823791883, -10.1553483, -13.42565521, -16.61888967, -19.73302082, -22.75135882, -25.6616069
24.5, -3.468491608, -6.892951361, -10.26180251, -13.56497881, -16.80093153, -19.95837664, -23.02555439, -25.98557616
25, -3.500754666, -6.957676333, -10.35918985, -13.7000394, -16.97893396, -20.17497756, -23.28625312, -26.30114442
26, -3.500754666, -6.957676333, -10.35918985, -13.7000394, -16.97893396, -20.17497756, -23.28625312, -26.30114442
ENDTABLE
LOG_ENTRY Used Dataset: Tire: Aligning Moment; { Touring Tires } 185/65 R15 (SAE)
EXIT_PARSFILE Tires\Mz\TireMz_252ff4ea-8385-4909-a1d8-aba950fe4eff.par

ENTER_PARSFILE Tires\Fy\TireFy_5f7799b4-7395-47c3-ba22-21f52a15dc2d.par
#FullDataName Tire: Lateral Force`185/65 R15`Touring Tires
FY_TIRE_CARPET 2D_FROM_ZERO
0, 1348.414375, 2696.82875, 4045.243125, 5393.6575, 6742.071875, 8090.48625, 9438.900625, 10787.315
0.5, 174.89, 343.18, 503.9, 656.5, 800.66, 936.13, 1062.77, 1180.47
1, 344.62, 676.39, 993.38, 1294.55, 1579.21, 1846.9, 2097.32, 2330.25
1.5, 504.59, 990.69, 1455.52, 1897.54, 2315.74, 2709.43, 3078.13, 3421.51
2, 651.17, 1279.04, 1880.06, 2452.26, 2994.33, 3505.32, 3984.59, 4431.67
2.5, 781.97, 1536.75, 2260.15, 2949.8, 3604.12, 4221.93, 4802.4, 5344.9
3, 895.9, 1761.62, 2592.47, 3385.75, 4139.61, 4852.69, 5523.94, 6152.6
3.5, 992.99, 1953.64, 2876.88, 3759.74, 4600.16, 5396.57, 6147.78, 6852.83
4, 1074.13, 2114.49, 3115.69, 4074.59, 4988.94, 5857, 6677.41, 7449.09
4.5, 1140.8, 2246.95, 3312.87, 4335.27, 5311.75, 6240.45, 7119.87, 7948.78
5, 1194.74, 2354.38, 3473.24, 4547.89, 5575.85, 6555.15, 7484.18, 8361.59
5.5, 1237.77, 2440.31, 3601.86, 4718.96, 5789.02, 6810.01, 7780.22, 8698.22
6, 1271.63, 2508.11, 3703.67, 4854.8, 5958.88, 7013.8, 8017.8, 8969.37
6.5, 1297.89, 2560.86, 3783.15, 4961.23, 6092.45, 7174.68, 8206.09, 9185.13
7, 1317.93, 2601.26, 3844.25, 5043.39, 6196, 7299.93, 8353.33, 9354.61
7.5, 1332.92, 2631.61, 3890.37, 5105.7, 6274.93, 7395.88, 8466.71, 9485.78
8, 1343.84, 2653.83, 3924.35, 5151.88, 6333.8, 7467.9, 8552.33, 9585.46
8.5, 1351.49, 2669.53, 3948.54, 5185.05, 6376.42, 7520.48, 8615.36, 9659.41
9, 1356.54, 2680, 3964.88, 5207.73, 6405.94, 7557.33, 8660.05, 9712.45
9.5, 1359.5, 2686.3, 3974.94, 5222.02, 6424.93, 7581.52, 8689.94, 9748.53
10, 1360.82, 2689.29, 3980.01, 5229.6, 6435.49, 7595.53, 8707.89, 9770.92
10.5, 1360.83, 2689.65, 3981.11, 5231.85, 6439.32, 7601.41, 8716.27, 9782.28
11, 1359.83, 2687.95, 3979.06, 5229.86, 6437.8, 7600.79, 8717, 9784.8
11.5, 1358.02, 2684.62, 3974.56, 5224.54, 6432.05, 7595.02, 8711.62, 9780.25
12, 1355.59, 2680.03, 3968.12, 5216.6, 6422.97, 7585.17, 8701.4, 9770.07
12.5, 1352.68, 2674.47, 3960.19, 5206.62, 6411.28, 7572.13, 8687.38, 9755.44
13, 1349.41, 2668.16, 3951.11, 5195.07, 6397.58, 7556.6, 8670.37, 9737.32
13.5, 1345.87, 2661.29, 3941.17, 5182.33, 6382.33, 7539.16, 8651.06, 9716.47
14, 1342.14, 2654.02, 3930.6, 5168.71, 6365.93, 7520.27, 8629.99, 9693.53
14.5, 1338.26, 2646.46, 3919.56, 5154.44, 6348.69, 7500.32, 8607.61, 9669.01
15, 1334.3, 2638.7, 3908.21, 5139.72, 6330.84, 7479.6, 8584.27, 9643.33
15.5, 1330.28, 2630.83, 3896.67, 5124.72, 6312.6, 7458.35, 8560.27, 9616.84
16, 1326.24, 2622.9, 3885.03, 5109.56, 6294.13, 7436.79, 8535.84, 9589.79
16.5, 1322.21, 2614.97, 3873.37, 5094.34, 6275.55, 7415.06, 8511.18, 9562.42
17, 1318.19, 2607.07, 3861.73, 5079.15, 6256.98, 7393.3, 8486.43, 9534.9
17.5, 1314.21, 2599.23, 3850.18, 5064.04, 6238.49, 7371.6, 8461.73, 9507.38
18, 1310.28, 2591.48, 3838.75, 5049.07, 6220.15, 7350.06, 8437.16, 9479.97
18.5, 1306.4, 2583.83, 3827.46, 5034.28, 6202, 7328.72, 8412.8, 9452.77
19, 1302.59, 2576.3, 3816.34, 5019.7, 6184.1, 7307.65, 8388.72, 9425.85
19.5, 1298.84, 2568.91, 3805.41, 5005.35, 6166.47, 7286.89, 8364.97, 9399.27
20, 1295.17, 2561.65, 3794.67, 4991.25, 6149.14, 7266.45, 8341.57, 9373.06
20.5, 1291.56, 2554.53, 3784.13, 4977.42, 6132.12, 7246.37, 8318.57, 9347.28
21, 1288.04, 2547.56, 3773.81, 4963.85, 6115.42, 7226.66, 8295.97, 9321.93
21.5, 1284.59, 2540.73, 3763.7, 4950.55, 6099.05, 7207.33, 8273.8, 9297.04
22, 1281.21, 2534.06, 3753.81, 4937.54, 6083.01, 7188.38, 8252.06, 9272.62
22.5, 1277.92, 2527.53, 3744.13, 4924.8, 6067.31, 7169.82, 8230.75, 9248.68
23, 1274.69, 2521.15, 3734.67, 4912.34, 6051.95, 7151.65, 8209.88, 9225.22
23.5, 1271.54, 2514.91, 3725.42, 4900.16, 6036.92, 7133.87, 8189.45, 9202.24
24, 1268.46, 2508.81, 3716.37, 4888.25, 6022.22, 7116.48, 8169.45, 9179.74
24.5, 1265.46, 2502.86, 3707.54, 4876.6, 6007.84, 7099.46, 8149.87, 9157.71
25, 1262.52, 2497.04, 3698.9, 4865.21, 5993.79, 7082.81, 8130.72, 9136.15
26, 1262.52, 2497.04, 3698.9, 4865.21, 5993.79, 7082.81, 8130.72, 9136.15
ENDTABLE
MU_REF_Y 1.0
LOG_ENTRY Used Dataset: Tire: Lateral Force; { Touring Tires } 185/65 R15
EXIT_PARSFILE Tires\Fy\TireFy_5f7799b4-7395-47c3-ba22-21f52a15dc2d.par

ENTER_PARSFILE Tires\Fx\TireFx_69377a8e-4e90-4d23-981e-4ec37f1913e8.par
#FullDataName Tire: Longitudinal Force`185/65 R15`Touring Tires
FX_TIRE_CARPET 2D_FROM_ZERO
0, 1348.41, 2696.83, 4045.24, 5393.66, 6742.07, 8090.49, 9438.9, 10787.32
0.02, 749.08, 1467.54, 2150.67, 2795.82, 3401.21, 3965.57, 4488, 4967.88
0.04, 1115.98, 2195.04, 3231.13, 4220.59, 5160.69, 6049.26, 6884.51, 7664.92
0.06, 1262.72, 2489.15, 3673.21, 4811.15, 5900.09, 6937.68, 7921.87, 8850.87
0.08, 1323.92, 2612.87, 3860.97, 5064.55, 6220.79, 7327.35, 8382.18, 9383.47
0.1, 1349.84, 2665.9, 3942.48, 5176.03, 6363.81, 7503.53, 8593.19, 9631
0.12, 1359.43, 2686.07, 3974.39, 5220.94, 6423.05, 7578.49, 8685.31, 9741.75
0.14, 1360.79, 2689.61, 3981.09, 5231.85, 6439.29, 7601.23, 8715.78, 9781.22
0.16, 1357.79, 2684.3, 3974.29, 5224.45, 6432.24, 7595.53, 8712.46, 9781.37
0.18, 1352.45, 2674.21, 3960.14, 5206.99, 6412.28, 7573.93, 8690.1, 9759.18
0.2, 1345.89, 2661.59, 3942.04, 5184.06, 6385.21, 7543.45, 8656.99, 9724.22
0.22, 1338.74, 2647.73, 3921.96, 5158.33, 6354.42, 7508.22, 8617.98, 9682.14
0.24, 1331.39, 2633.39, 3901.09, 5131.38, 6321.91, 7470.71, 8576.04, 9636.37
0.26, 1324.06, 2619.05, 3880.11, 5104.18, 6288.94, 7432.44, 8532.98, 9589.05
0.28, 1316.88, 2604.97, 3859.46, 5077.32, 6256.26, 7394.36, 8489.94, 9541.5
0.3, 1309.93, 2591.32, 3839.38, 5051.14, 6224.33, 7357.03, 8447.6, 9494.58
0.32, 1303.26, 2578.17, 3820.02, 5025.85, 6193.4, 7320.8, 8406.41, 9448.78
0.34, 1296.87, 2565.58, 3801.46, 5001.56, 6163.65, 7285.87, 8366.61, 9404.43
0.36, 1290.77, 2553.57, 3783.71, 4978.3, 6135.12, 7252.33, 8328.33, 9361.7
0.38, 1284.97, 2542.12, 3766.79, 4956.1, 6107.85, 7220.22, 8291.63, 9320.66
0.4, 1279.46, 2531.22, 3750.67, 4934.93, 6081.82, 7189.54, 8256.51, 9281.34
0.42, 1274.22, 2520.86, 3735.32, 4914.76, 6057.01, 7160.26, 8222.96, 9243.73
0.44, 1269.24, 2511.01, 3720.73, 4895.56, 6033.36, 7132.33, 8190.92, 9207.77
0.46, 1264.51, 2501.64, 3706.84, 4877.28, 6010.83, 7105.69, 8160.34, 9173.43
0.48, 1260.01, 2492.73, 3693.62, 4859.87, 5989.35, 7080.29, 8131.16, 9140.62
0.5, 1255.73, 2484.25, 3681.04, 4843.29, 5968.89, 7056.06, 8103.31, 9109.29
0.52, 1251.66, 2476.18, 3669.05, 4827.49, 5949.37, 7032.95, 8076.72, 9079.35
0.54, 1247.78, 2468.48, 3657.62, 4812.42, 5930.75, 7010.89, 8051.32, 9050.74
0.56, 1244.08, 2461.15, 3646.73, 4798.04, 5912.98, 6989.81, 8027.05, 9023.38
0.58, 1240.56, 2454.16, 3636.33, 4784.31, 5896, 6969.68, 8003.85, 8997.21
0.6, 1237.19, 2447.48, 3626.4, 4771.19, 5879.78, 6950.42, 7981.66, 8972.17
0.62, 1233.98, 2441.1, 3616.9, 4758.65, 5864.26, 6932, 7960.41, 8948.18
0.64, 1230.9, 2434.99, 3607.83, 4746.66, 5849.4, 6914.36, 7940.06, 8925.2
0.66, 1227.96, 2429.15, 3599.13, 4735.17, 5835.18, 6897.46, 7920.55, 8903.16
0.68, 1225.15, 2423.56, 3590.81, 4724.16, 5821.54, 6881.25, 7901.84, 8882.01
0.7, 1222.45, 2418.2, 3582.83, 4713.6, 5808.46, 6865.71, 7883.88, 8861.71
0.72, 1219.87, 2413.06, 3575.17, 4703.48, 5795.91, 6850.78, 7866.64, 8842.21
0.74, 1217.38, 2408.13, 3567.82, 4693.75, 5783.85, 6836.44, 7850.07, 8823.47
0.76, 1215, 2403.39, 3560.76, 4684.41, 5772.27, 6822.66, 7834.14, 8805.44
0.78, 1212.71, 2398.83, 3553.98, 4675.42, 5761.12, 6809.4, 7818.81, 8788.08
0.8, 1210.51, 2394.45, 3547.45, 4666.78, 5750.4, 6796.63, 7804.05, 8771.37
0.82, 1208.39, 2390.24, 3541.16, 4658.46, 5740.07, 6784.34, 7789.83, 8755.27
0.84, 1206.35, 2386.18, 3535.11, 4650.44, 5730.12, 6772.49, 7776.12, 8739.74
0.86, 1204.38, 2382.27, 3529.27, 4642.71, 5720.53, 6761.07, 7762.9, 8724.76
0.88, 1202.48, 2378.49, 3523.65, 4635.26, 5711.28, 6750.05, 7750.14, 8710.3
0.9, 1200.66, 2374.85, 3518.22, 4628.06, 5702.35, 6739.41, 7737.82, 8696.34
0.92, 1198.89, 2371.34, 3512.98, 4621.11, 5693.72, 6729.13, 7725.92, 8682.85
0.94, 1197.19, 2367.95, 3507.91, 4614.4, 5685.38, 6719.19, 7714.42, 8669.8
0.96, 1195.54, 2364.67, 3503.02, 4607.92, 5677.32, 6709.59, 7703.29, 8657.19
0.98, 1193.95, 2361.49, 3498.29, 4601.64, 5669.53, 6700.3, 7692.53, 8644.98
1, 1192.4, 2358.43, 3493.71, 4595.57, 5661.98, 6691.3, 7682.1, 8633.15
1.02, 1192.4, 2358.43, 3493.71, 4595.57, 5661.98, 6691.3, 7682.1, 8633.15
ENDTABLE
MU_REF_X 1.0
LOG_ENTRY Used Dataset: Tire: Longitudinal Force; { Touring Tires } 185/65 R15
EXIT_PARSFILE Tires\Fx\TireFx_69377a8e-4e90-4d23-981e-4ec37f1913e8.par

ENTER_PARSFILE Tires\Camber_Thrust\CamStiff_9fadad33-a832-4e17-8456-afae4628e59e.par
#FullDataName Tire: Camber Thrust Coefficient`185/65 R15`Touring Tires
KGAMMA_TABLE SPLINE
0, 0
539.36575, -2.7569
1078.7315, -5.5319
1618.09725, -8.3278
2157.463, -11.1465
2696.82875, -13.9894
3236.1945, -16.8575
3775.56025, -19.7519
4314.926, -22.6733
4854.29175, -25.6224
5393.6575, -28.6
5933.02325, -31.6066
6472.389, -34.6428
7011.75475, -37.7092
7551.1205, -40.8061
8090.48625, -43.9341
8629.852, -47.0935
9169.21775, -50.2849
9708.5835, -53.5086
10247.94925, -56.7649
10787.315, -60.0543
ENDTABLE
LOG_ENTRY Used Dataset: Tire: Camber Thrust Coefficient; { Touring Tires } 185/65 R15
EXIT_PARSFILE Tires\Camber_Thrust\CamStiff_9fadad33-a832-4e17-8456-afae4628e59e.par

LOG_ENTRY Used Dataset: Tire; { Touring Tires } 185/65 R15
EXIT_PARSFILE Tires\Tire\Tire_32d50ee3-24f4-467a-9ea6-f7a58460e0cf.par

iaxle 2
ENTER_PARSFILE Suspensions\Kin_Indy\KinInd_8681c1a9-e2fb-4dd0-9776-a133947d5404.par
#FullDataName Suspension: Independent System Kinematics`B-Class, Sports Car (VSA) - Rear`B-Class
iside 1
OPT_JNC_DESIGN 1
OPT_IND_KIN 0
R_US_STR 0
L_TRACK 1420
Y_CL_SUSP 0
M_US 62.6
ENTER_PARSFILE Suspensions\Dive\Dive_e98e9b40-578f-4825-8c70-75edb22e4d2b.par
#FullDataName Suspension: Dive Angle (Caster Change)`Dive vs Jounce`B-Class, Sports Car (VSA) - Rear
SUSP_DIVE_COMBINE ADD
SUSP_DIVE_TABLE SPLINE
-70, -3.225127935
-60, -2.711981058
-50, -2.225689173
-40, -1.76468575
-30, -1.327484727
-20, -0.912664354
-10, -0.518851399
-1.41e-15, -0.14470695
10, 0.211087257
20, 0.549842179
30, 0.872874379
40, 1.18151927
50, 1.477143884
60, 1.761161208
70, 2.035044193
ENDTABLE
SUSP_DIVE_JNC_OTHER_SIDE_CONSTANT 0
LOG_ENTRY Used Dataset: Suspension: Dive Angle (Caster Change); { B-Class, Sports Car (VSA) - Rear } Dive vs Jounce
EXIT_PARSFILE Suspensions\Dive\Dive_e98e9b40-578f-4825-8c70-75edb22e4d2b.par

ENTER_PARSFILE Suspensions\Longitudinal\SusX_a716db55-b64d-417c-a3ba-ab739e784e95.par
#FullDataName Suspension: Longitudinal Movement`X vs Jounce`B-Class, Sports Car (VSA) - Rear
SUSP_X_COMBINE ADD
SUSP_X_TABLE SPLINE
-70, 15.03738022
-60, 12.34798813
-50, 9.840740204
-40, 7.512577057
-30, 5.361045361
-20, 3.384253502
-10, 1.580836773
-1.41e-15, -0.050069828
10, -1.508849859
20, -2.795418262
30, -3.909227848
40, -4.849269867
50, -5.614069462
60, -6.201675415
70, -6.609642506
ENDTABLE
SUSP_X_JNC_OTHER_SIDE_CONSTANT 0
LOG_ENTRY Used Dataset: Suspension: Longitudinal Movement; { B-Class, Sports Car (VSA) - Rear } X vs Jounce
EXIT_PARSFILE Suspensions\Longitudinal\SusX_a716db55-b64d-417c-a3ba-ab739e784e95.par

ENTER_PARSFILE Suspensions\Camber\Camber_428457f1-e56f-496f-ab92-4173a7fce003.par
#FullDataName Suspension: Camber Angle`Camber vs Jounce`B-Class, Sports Car (VSA) - Rear
CAMBER_COMBINE ADD
CAMBER_TABLE SPLINE
-70, 2.077540159
-60, 1.800058723
-50, 1.514431357
-40, 1.219539285
-30, 0.914334118
-20, 0.597816169
-10, 0.269015461
-1.41e-15, -0.073025167
10, -0.429265112
20, -0.800680101
30, -1.188276052
40, -1.593102098
50, -2.016265154
60, -2.458943367
70, -2.92240262
ENDTABLE
SUSP_CAMBER_JNC_OTHER_SIDE_CONSTANT 0
LOG_ENTRY Used Dataset: Suspension: Camber Angle; { B-Class, Sports Car (VSA) - Rear } Camber vs Jounce
EXIT_PARSFILE Suspensions\Camber\Camber_428457f1-e56f-496f-ab92-4173a7fce003.par

ENTER_PARSFILE Suspensions\Lateral\LatJnc_6ea985b5-02ac-4442-8300-a496e924499a.par
#FullDataName Suspension: Lateral Movement Due to Jounce`Lateral Inward vs Jounce`B-Class, Sports Car (VSA) - Rear
SUSP_LAT_COMBINE ADD
SUSP_LAT_TABLE SPLINE
-70, 8.083835602
-60, 6.011531353
-50, 4.255320072
-40, 2.80618453
-30, 1.656466365
-20, 0.799731731
-10, 0.230664507
-1.41e-15, -0.055017542
10, -0.060627621
20, 0.211442173
30, 0.759688079
40, 1.583475947
50, 2.683036089
60, 4.059470654
70, 5.714776039
ENDTABLE
SUSP_LAT_JNC_OTHER_SIDE_CONSTANT 0
SUSP_Y_AXLE_ROLL_COMBINE ADD ! in case this is for a solid axle
SUSP_LAT_AXLE_JOUNCE_TABLE SPLINE
-70, 8.083835602
-60, 6.011531353
-50, 4.255320072
-40, 2.80618453
-30, 1.656466365
-20, 0.799731731
-10, 0.230664507
-1.41e-15, -0.055017542
10, -0.060627621
20, 0.211442173
30, 0.759688079
40, 1.583475947
50, 2.683036089
60, 4.059470654
70, 5.714776039
ENDTABLE
LOG_ENTRY Used Dataset: Suspension: Lateral Movement Due to Jounce; { B-Class, Sports Car (VSA) - Rear } Lateral Inward vs Jounce
EXIT_PARSFILE Suspensions\Lateral\LatJnc_6ea985b5-02ac-4442-8300-a496e924499a.par

ENTER_PARSFILE Suspensions\Toe\Toe_e4d7871d-8bf3-43c9-869e-2edd1d63a760.par
#FullDataName Suspension: Toe Angle`Toe vs Jounce`B-Class, Sports Car (VSA) - Rear
TOE_COMBINE ADD
TOE_TABLE SPLINE
-70, -0.399982214
-60, -0.321766049
-50, -0.252705663
-40, -0.190535024
-30, -0.133197621
-20, -0.078813784
-10, -0.02565366
-1.41e-15, 0.027885195
10, 0.083296604
20, 0.141981483
30, 0.205261052
40, 0.274387896
50, 0.35055536
60, 0.434905171
70, 0.528533816
ENDTABLE
SUSP_TOE_JNC_OTHER_SIDE_CONSTANT 0
LOG_ENTRY Used Dataset: Suspension: Toe Angle; { B-Class, Sports Car (VSA) - Rear } Toe vs Jounce
EXIT_PARSFILE Suspensions\Toe\Toe_e4d7871d-8bf3-43c9-869e-2edd1d63a760.par

M_US_IND 31.3
M_US_STR 0
IW 0.08
IW_XXZZ 0.04
JNC_DESIGN 0
A_TOE 0
A_CAMBER 0
iside 2
ENTER_PARSFILE Suspensions\Dive\Dive_e98e9b40-578f-4825-8c70-75edb22e4d2b.par
#FullDataName Suspension: Dive Angle (Caster Change)`Dive vs Jounce`B-Class, Sports Car (VSA) - Rear
SUSP_DIVE_COMBINE ADD
SUSP_DIVE_TABLE SPLINE
-70, -3.225127935
-60, -2.711981058
-50, -2.225689173
-40, -1.76468575
-30, -1.327484727
-20, -0.912664354
-10, -0.518851399
-1.41e-15, -0.14470695
10, 0.211087257
20, 0.549842179
30, 0.872874379
40, 1.18151927
50, 1.477143884
60, 1.761161208
70, 2.035044193
ENDTABLE
SUSP_DIVE_JNC_OTHER_SIDE_CONSTANT 0
LOG_ENTRY Used Dataset: Suspension: Dive Angle (Caster Change); { B-Class, Sports Car (VSA) - Rear } Dive vs Jounce
EXIT_PARSFILE Suspensions\Dive\Dive_e98e9b40-578f-4825-8c70-75edb22e4d2b.par

ENTER_PARSFILE Suspensions\Longitudinal\SusX_a716db55-b64d-417c-a3ba-ab739e784e95.par
#FullDataName Suspension: Longitudinal Movement`X vs Jounce`B-Class, Sports Car (VSA) - Rear
SUSP_X_COMBINE ADD
SUSP_X_TABLE SPLINE
-70, 15.03738022
-60, 12.34798813
-50, 9.840740204
-40, 7.512577057
-30, 5.361045361
-20, 3.384253502
-10, 1.580836773
-1.41e-15, -0.050069828
10, -1.508849859
20, -2.795418262
30, -3.909227848
40, -4.849269867
50, -5.614069462
60, -6.201675415
70, -6.609642506
ENDTABLE
SUSP_X_JNC_OTHER_SIDE_CONSTANT 0
LOG_ENTRY Used Dataset: Suspension: Longitudinal Movement; { B-Class, Sports Car (VSA) - Rear } X vs Jounce
EXIT_PARSFILE Suspensions\Longitudinal\SusX_a716db55-b64d-417c-a3ba-ab739e784e95.par

ENTER_PARSFILE Suspensions\Camber\Camber_428457f1-e56f-496f-ab92-4173a7fce003.par
#FullDataName Suspension: Camber Angle`Camber vs Jounce`B-Class, Sports Car (VSA) - Rear
CAMBER_COMBINE ADD
CAMBER_TABLE SPLINE
-70, 2.077540159
-60, 1.800058723
-50, 1.514431357
-40, 1.219539285
-30, 0.914334118
-20, 0.597816169
-10, 0.269015461
-1.41e-15, -0.073025167
10, -0.429265112
20, -0.800680101
30, -1.188276052
40, -1.593102098
50, -2.016265154
60, -2.458943367
70, -2.92240262
ENDTABLE
SUSP_CAMBER_JNC_OTHER_SIDE_CONSTANT 0
LOG_ENTRY Used Dataset: Suspension: Camber Angle; { B-Class, Sports Car (VSA) - Rear } Camber vs Jounce
EXIT_PARSFILE Suspensions\Camber\Camber_428457f1-e56f-496f-ab92-4173a7fce003.par

ENTER_PARSFILE Suspensions\Lateral\LatJnc_6ea985b5-02ac-4442-8300-a496e924499a.par
#FullDataName Suspension: Lateral Movement Due to Jounce`Lateral Inward vs Jounce`B-Class, Sports Car (VSA) - Rear
SUSP_LAT_COMBINE ADD
SUSP_LAT_TABLE SPLINE
-70, 8.083835602
-60, 6.011531353
-50, 4.255320072
-40, 2.80618453
-30, 1.656466365
-20, 0.799731731
-10, 0.230664507
-1.41e-15, -0.055017542
10, -0.060627621
20, 0.211442173
30, 0.759688079
40, 1.583475947
50, 2.683036089
60, 4.059470654
70, 5.714776039
ENDTABLE
SUSP_LAT_JNC_OTHER_SIDE_CONSTANT 0
SUSP_Y_AXLE_ROLL_COMBINE ADD ! in case this is for a solid axle
SUSP_LAT_AXLE_JOUNCE_TABLE SPLINE
-70, 8.083835602
-60, 6.011531353
-50, 4.255320072
-40, 2.80618453
-30, 1.656466365
-20, 0.799731731
-10, 0.230664507
-1.41e-15, -0.055017542
10, -0.060627621
20, 0.211442173
30, 0.759688079
40, 1.583475947
50, 2.683036089
60, 4.059470654
70, 5.714776039
ENDTABLE
LOG_ENTRY Used Dataset: Suspension: Lateral Movement Due to Jounce; { B-Class, Sports Car (VSA) - Rear } Lateral Inward vs Jounce
EXIT_PARSFILE Suspensions\Lateral\LatJnc_6ea985b5-02ac-4442-8300-a496e924499a.par

ENTER_PARSFILE Suspensions\Toe\Toe_e4d7871d-8bf3-43c9-869e-2edd1d63a760.par
#FullDataName Suspension: Toe Angle`Toe vs Jounce`B-Class, Sports Car (VSA) - Rear
TOE_COMBINE ADD
TOE_TABLE SPLINE
-70, -0.399982214
-60, -0.321766049
-50, -0.252705663
-40, -0.190535024
-30, -0.133197621
-20, -0.078813784
-10, -0.02565366
-1.41e-15, 0.027885195
10, 0.083296604
20, 0.141981483
30, 0.205261052
40, 0.274387896
50, 0.35055536
60, 0.434905171
70, 0.528533816
ENDTABLE
SUSP_TOE_JNC_OTHER_SIDE_CONSTANT 0
LOG_ENTRY Used Dataset: Suspension: Toe Angle; { B-Class, Sports Car (VSA) - Rear } Toe vs Jounce
EXIT_PARSFILE Suspensions\Toe\Toe_e4d7871d-8bf3-43c9-869e-2edd1d63a760.par

M_US_IND 31.3
M_US_STR 0
IW 0.08
IW_XXZZ 0.04
JNC_DESIGN 0
A_TOE 0
A_CAMBER 0
LOG_ENTRY Used Dataset: Suspension: Independent System Kinematics; { B-Class } B-Class, Sports Car (VSA) - Rear
EXIT_PARSFILE Suspensions\Kin_Indy\KinInd_8681c1a9-e2fb-4dd0-9776-a133947d5404.par

ENTER_PARSFILE Suspensions\Compliance\CmpInd_a120a7e5-bbd3-4c2f-9d50-c2178883e2bc.par
#FullDataName Suspension: Independent Compliance, Springs, and Dampers`B-Class, Sports Car (VSA) - Rear`B-Class
DAUX 0
iside 1
OPT_EXT_SP 0
FS_COMP_COEFFICIENT 130
FS_EXT_COEFFICIENT 130
FS_COMP_OFFSET 10
FS_EXT_OFFSET -10
SPRING_COMP_BETA 1
SPRING_EXT_BETA 1
ENTER_PARSFILE Generic\tables\GenTab_fc2bec3d-084e-455e-ac35-a09ab317e93a.par
#FullDataName Generic Table`Rear Spring Comp vs Jounce`B-Class, Sports Car (VSA)
CMP_SPR_SEAT_TABLE SPLINE
-70, -36.5394783
-60, -31.25504875
-50, -26.00815392
-40, -20.79565048
-30, -15.61476231
-20, -10.46303844
-10, -5.338348866
-1.41e-15, -0.238867223
10, 4.836929798
20, 9.890257835
30, 14.92201233
40, 19.93274307
50, 24.92262459
60, 29.89140892
70, 34.83837128
ENDTABLE
LOG_ENTRY Used Dataset: Generic Table; { B-Class, Sports Car (VSA) } Rear Spring Comp vs Jounce
EXIT_PARSFILE Generic\tables\GenTab_fc2bec3d-084e-455e-ac35-a09ab317e93a.par

L_SPG_ADJ 0
FS_OFFSET 0
CMP_OFFSET 0
FD_COEFFICIENT 6.2
ENTER_PARSFILE Generic\tables\GenTab_d86b7ae9-4744-45d1-b7fd-f5ce440bf357.par
#FullDataName Generic Table`Rear Damper Comp vs Jounce`B-Class, Sports Car (VSA)
CMP_DAMP_TABLE SPLINE
-70, -52.38134766
-60, -44.79259872
-50, -37.25465393
-40, -29.76395798
-30, -22.31740379
-20, -14.91228676
-10, -7.546272278
-1.41e-15, -0.217389405
10, 7.075986862
20, 14.33514023
30, 21.56100655
40, 28.75417328
50, 35.91485596
60, 43.04288101
70, 50.13765335
ENDTABLE
LOG_ENTRY Used Dataset: Generic Table; { B-Class, Sports Car (VSA) } Rear Damper Comp vs Jounce
EXIT_PARSFILE Generic\tables\GenTab_d86b7ae9-4744-45d1-b7fd-f5ce440bf357.par

ENTER_PARSFILE Suspensions\Jounce_Rebound\JncReb_2ffa8946-0682-4d5d-98fd-65f848ce56cf.par
#FullDataName Suspension: Jounce and Rebound Stops`+70 mm / -70 mm`Jounce Range: 50 mm to 99 mm
F_JNC_STOP_TABLE LINEAR
68, 0
69, 0
70, 10000
ENDTABLE
F_REB_STOP_TABLE LINEAR
-70, -10000
-69, 0
-68, 0
ENDTABLE
LOG_ENTRY Used Dataset: Suspension: Jounce and Rebound Stops; { Jounce Range: 50 mm to 99 mm } +70 mm / -70 mm
EXIT_PARSFILE Suspensions\Jounce_Rebound\JncReb_2ffa8946-0682-4d5d-98fd-65f848ce56cf.par

CMP_JSTOP_COEFFICIENT 1
CMP_RSTOP_COEFFICIENT 1
CT_FX_COEFFICIENT 1.5e-5
CS_FY_COEFFICIENT -4.5e-5
CS_MZ_COEFFICIENT 1.6e-4
CC_FX_COEFFICIENT -7.3e-5
CI_FY_COEFFICIENT 8.4e-5
CI_MZ_COEFFICIENT -8.9e-5
C_LONG_COEFFICIENT -1.1e-4
C_LAT_COEFFICIENT 6.6e-5
CD_MY_COEFFICIENT 1.4e-3
iside 2
OPT_EXT_SP 0
FS_COMP_COEFFICIENT 130
FS_EXT_COEFFICIENT 130
FS_COMP_OFFSET 10
FS_EXT_OFFSET -10
SPRING_COMP_BETA 1
SPRING_EXT_BETA 1
ENTER_PARSFILE Generic\tables\GenTab_fc2bec3d-084e-455e-ac35-a09ab317e93a.par
#FullDataName Generic Table`Rear Spring Comp vs Jounce`B-Class, Sports Car (VSA)
CMP_SPR_SEAT_TABLE SPLINE
-70, -36.5394783
-60, -31.25504875
-50, -26.00815392
-40, -20.79565048
-30, -15.61476231
-20, -10.46303844
-10, -5.338348866
-1.41e-15, -0.238867223
10, 4.836929798
20, 9.890257835
30, 14.92201233
40, 19.93274307
50, 24.92262459
60, 29.89140892
70, 34.83837128
ENDTABLE
LOG_ENTRY Used Dataset: Generic Table; { B-Class, Sports Car (VSA) } Rear Spring Comp vs Jounce
EXIT_PARSFILE Generic\tables\GenTab_fc2bec3d-084e-455e-ac35-a09ab317e93a.par

L_SPG_ADJ 0
FS_OFFSET 0
CMP_OFFSET 0
FD_COEFFICIENT 6.2
ENTER_PARSFILE Generic\tables\GenTab_d86b7ae9-4744-45d1-b7fd-f5ce440bf357.par
#FullDataName Generic Table`Rear Damper Comp vs Jounce`B-Class, Sports Car (VSA)
CMP_DAMP_TABLE SPLINE
-70, -52.38134766
-60, -44.79259872
-50, -37.25465393
-40, -29.76395798
-30, -22.31740379
-20, -14.91228676
-10, -7.546272278
-1.41e-15, -0.217389405
10, 7.075986862
20, 14.33514023
30, 21.56100655
40, 28.75417328
50, 35.91485596
60, 43.04288101
70, 50.13765335
ENDTABLE
LOG_ENTRY Used Dataset: Generic Table; { B-Class, Sports Car (VSA) } Rear Damper Comp vs Jounce
EXIT_PARSFILE Generic\tables\GenTab_d86b7ae9-4744-45d1-b7fd-f5ce440bf357.par

ENTER_PARSFILE Suspensions\Jounce_Rebound\JncReb_2ffa8946-0682-4d5d-98fd-65f848ce56cf.par
#FullDataName Suspension: Jounce and Rebound Stops`+70 mm / -70 mm`Jounce Range: 50 mm to 99 mm
F_JNC_STOP_TABLE LINEAR
68, 0
69, 0
70, 10000
ENDTABLE
F_REB_STOP_TABLE LINEAR
-70, -10000
-69, 0
-68, 0
ENDTABLE
LOG_ENTRY Used Dataset: Suspension: Jounce and Rebound Stops; { Jounce Range: 50 mm to 99 mm } +70 mm / -70 mm
EXIT_PARSFILE Suspensions\Jounce_Rebound\JncReb_2ffa8946-0682-4d5d-98fd-65f848ce56cf.par

CMP_JSTOP_COEFFICIENT 1
CMP_RSTOP_COEFFICIENT 1
CT_FX_COEFFICIENT 1.5e-5
CS_FY_COEFFICIENT -4.5e-5
CS_MZ_COEFFICIENT 1.6e-4
CC_FX_COEFFICIENT -7.3e-5
CI_FY_COEFFICIENT 8.4e-5
CI_MZ_COEFFICIENT -8.9e-5
C_LONG_COEFFICIENT -1.1e-4
C_LAT_COEFFICIENT 6.6e-5
CD_MY_COEFFICIENT 1.4e-3
LOG_ENTRY Used Dataset: Suspension: Independent Compliance, Springs, and Dampers; { B-Class } B-Class, Sports Car (VSA) - Rear
EXIT_PARSFILE Suspensions\Compliance\CmpInd_a120a7e5-bbd3-4c2f-9d50-c2178883e2bc.par

iside 1
WRITE_ADD_REFERENCE_FRAME_WHEEL
ADD_REFERENCE_FRAME L2 Wheel
SET_EULER_ANGLES YAW_ROLL_PITCH
SET_X_NAME X_L2
WRT_X_L2
ANI_X_L2
SET_Y_NAME Y_L2
WRT_Y_L2
ANI_Y_L2
SET_Z_NAME Z_L2
WRT_Z_L2
ANI_Z_L2
SET_YAW_NAME Yaw_L2
WRT_Yaw_L2
ANI_Yaw_L2
SET_PITCH_NAME Rot_L2
WRT_Rot_L2
ANI_Rot_L2
SET_ROLL_NAME Roll_L2
WRT_Roll_L2
ANI_Roll_L2
SET_SCALE_VAR_PITCH 360
X_REF_LENGTH 1
Y_REF_LENGTH 1
Z_REF_LENGTH 1
X_LENGTH 1
Y_LENGTH 1
Z_LENGTH 1
ENTER_PARSFILE Tires\Tire\Tire_32d50ee3-24f4-467a-9ea6-f7a58460e0cf.par
#FullDataName Tire`185/65 R15`Touring Tires
FZ_REF 5500
X_LENGTH 311
Z_LENGTH 311
Y_LENGTH 185
OPT_TIRE_LAG_KAPPA 2
OPT_TIRE_LAG_ALPHA 1
OPT_TIRE_MODEL 1
ENTER_PARSFILE Animator\STL_Groups\ShpGrp_27c591f4-b392-4dda-bdc3-c1e97b86f0f5.par
#FullDataName Animator: Shape Assembly`205/60 R14`Tires
ENTER_PARSFILE Animator\STL\Shape_b54ddb18-10e4-4787-b570-f358b7c20e39.par
#FullDataName Animator: Shape File Link`205/60 R14: Tire`Common Vehicle Assets: Tires
add_obj Animator\3D_Shape_Files\Common_Vehicle_Assets\Tires\205_60R14\tire.obj
SET_COLOR 1 1 1
set_lighting on
set_fogging on
SET_SPECULAR 0.3 0.3 0.3
vsv_enable_shadows_recursive
LOG_ENTRY Used Dataset: Animator: Shape File Link; { Common Vehicle Assets: Tires } 205/60 R14: Tire
EXIT_PARSFILE Animator\STL\Shape_b54ddb18-10e4-4787-b570-f358b7c20e39.par

ENTER_PARSFILE Animator\STL\Shape_b8cfbea3-cf74-4924-9d45-f9b0374ebc09.par
#FullDataName Animator: Shape File Link`205/60 R14: Wheel`Common Vehicle Assets: Tires
add_obj Animator\3D_Shape_Files\Common_Vehicle_Assets\Tires\205_60R14\wheel.obj
SET_COLOR .62 .62 .62
set_lighting on
set_fogging on
SET_SPECULAR 0.5 0.5 0.5
vsv_enable_shadows_recursive
LOG_ENTRY Used Dataset: Animator: Shape File Link; { Common Vehicle Assets: Tires } 205/60 R14: Wheel
EXIT_PARSFILE Animator\STL\Shape_b8cfbea3-cf74-4924-9d45-f9b0374ebc09.par

ENTER_PARSFILE Animator\STL\Shape_05464ee2-1bc0-4a83-ac1f-07f41e4809be.par
#FullDataName Animator: Shape File Link`205/60 R14: Stripe`Common Vehicle Assets: Tires
add_obj Animator\3D_Shape_Files\Common_Vehicle_Assets\Tires\205_60R14\stripe.obj
SET_COLOR 1 1 1
SET_OFFSET_X 0
SET_OFFSET_Y 0.01
SET_OFFSET_Z 0.01
set_lighting on
set_fogging on
SET_SPECULAR 0 0 0
LOG_ENTRY Used Dataset: Animator: Shape File Link; { Common Vehicle Assets: Tires } 205/60 R14: Stripe
EXIT_PARSFILE Animator\STL\Shape_05464ee2-1bc0-4a83-ac1f-07f41e4809be.par

x_ref_length 301
y_ref_length 205
z_ref_length 301
LOG_ENTRY Used Dataset: Animator: Shape Assembly; { Tires } 205/60 R14
EXIT_PARSFILE Animator\STL_Groups\ShpGrp_27c591f4-b392-4dda-bdc3-c1e97b86f0f5.par

WRITE_WHEEL_OFFSET
SET_OFFSET_Y 0
RRE 298
R0 311
FZ_TIRE_COEFFICIENT 232
FZ_MAX 100000
M_TIRE 18
IT 1
IT_XXZZ 0.6
ENTER_PARSFILE Generic\tables\GenTab_6200ca2d-9af8-4768-9d04-87ea0bd47068.par
#FullDataName Generic Table`Lx Variable, Scaled to Tire`Tire Relaxation Length
SET_UNITS L_RELAX_X_TABLE m
L_RELAX_X_GAIN = RRE/5
FZ_SCALE_L_RELAX_X = FZ_REF
L_RELAX_X_COMBINE MULTIPLY
L_RELAX_X_TABLE SPLINE_FLAT
-0.1, 0.13526
-0.095, 0.13793
-0.09, 0.1431
-0.085, 0.14862
-0.08, 0.1552
-0.075, 0.16251
-0.07, 0.17087
-0.065, 0.18085
-0.06, 0.1926
-0.055, 0.20631
-0.05, 0.22324
-0.045, 0.24389
-0.04, 0.26989
-0.035, 0.30301
-0.03, 0.34575
-0.025, 0.40397
-0.02, 0.48251
-0.015, 0.59275
-0.01, 0.7393
-0.005, 0.90707
0, 1
0.005, 0.90707
0.01, 0.7393
0.015, 0.59275
0.02, 0.48251
0.025, 0.40397
0.03, 0.34575
0.035, 0.30301
0.04, 0.26989
0.045, 0.24389
0.05, 0.22324
0.055, 0.20631
0.06, 0.1926
0.065, 0.18085
0.07, 0.17087
0.075, 0.16251
0.08, 0.1552
0.085, 0.14862
0.09, 0.1431
0.095, 0.13793
0.1, 0.13526
ENDTABLE
L_RELAX_X_FZ_TABLE LINEAR
0, 0.2
1, 1
ENDTABLE
LOG_ENTRY Used Dataset: Generic Table; { Tire Relaxation Length } Lx Variable, Scaled to Tire
EXIT_PARSFILE Generic\tables\GenTab_6200ca2d-9af8-4768-9d04-87ea0bd47068.par

ENTER_PARSFILE Generic\tables\GenTab_edb0dc74-f107-43df-b9cc-c9fa4d21267d.par
#FullDataName Generic Table`Ly Variable, Scaled to Tire`Tire Relaxation Length
SET_UNITS L_RELAX_Y_TABLE m
L_RELAX_Y_GAIN = RRE*2
FZ_SCALE_L_RELAX_Y = FZ_REF
L_RELAX_Y_COMBINE MULTIPLY
L_RELAX_Y_TABLE SPLINE_FLAT
-10, 0.039175
-9.5, 0.042142
-9, 0.047886
-8.5, 0.054018
-8, 0.061335
-7.5, 0.069451
-7, 0.078749
-6.5, 0.089829
-6, 0.10289
-5.5, 0.11812
-5, 0.13693
-4.5, 0.15988
-4, 0.18877
-3.5, 0.22557
-3, 0.27305
-2.5, 0.33775
-2, 0.42501
-1.5, 0.5475
-1, 0.71033
-0.5, 0.89674
0, 1
0.5, 0.89674
1, 0.71033
1.5, 0.5475
2, 0.42501
2.5, 0.33775
3, 0.27305
3.5, 0.22557
4, 0.18877
4.5, 0.15988
5, 0.13693
5.5, 0.11812
6, 0.10289
6.5, 0.089829
7, 0.078749
7.5, 0.069451
8, 0.061335
8.5, 0.054018
9, 0.047886
9.5, 0.042142
10, 0.039175
ENDTABLE
L_RELAX_Y_FZ_TABLE SPLINE
0, 0.1
1, 1
2, 1.5805
ENDTABLE
LOG_ENTRY Used Dataset: Generic Table; { Tire Relaxation Length } Ly Variable, Scaled to Tire
EXIT_PARSFILE Generic\tables\GenTab_edb0dc74-f107-43df-b9cc-c9fa4d21267d.par

VLOW_KAPPA 2
VLOW_ALPHA 2
RR_C 0.004
RR_V 0.000025
L_CONTACT_X_CONSTANT 90
L_CONTACT_Y_CONSTANT 185
RR_FX 1
OPT_TIRE_COMB 1
R_TIRE_COMB 1.1
ENTER_PARSFILE Tires\Mz\TireMz_252ff4ea-8385-4909-a1d8-aba950fe4eff.par
#FullDataName Tire: Aligning Moment`185/65 R15 (SAE)`Touring Tires
MZ_TIRE_CARPET 2D_FROM_ZERO
0, 1348.41, 2696.83, 4045.24, 5393.66, 6742.07, 8090.49, 9438.9, 10787.32
0.5, 4.88601723, 9.66987409, 14.33467596, 18.87411987, 23.28555114, 27.57040611, 31.71930304, 35.74385789
1, 9.941091373, 19.68136483, 29.18783996, 38.4412927, 47.43205003, 56.14693923, 64.58102633, 72.73797325
1.5, 14.19661184, 28.28396795, 42.21896119, 55.96402949, 69.46845603, 82.70026147, 95.61293454, 108.1772848
2, 15.9942511, 32.29359371, 48.89394096, 65.75911191, 82.8258302, 100.0143964, 117.2286823, 134.3674567
2.5, 15.04360183, 30.8504622, 47.53864386, 65.14007155, 83.66151606, 103.0515843, 123.2402165, 144.1080833
3, 12.60943066, 26.22773697, 41.06180529, 57.25809695, 74.9318986, 94.17378411, 115.0197937, 137.480628
3.5, 9.942934339, 20.91181446, 33.15690865, 46.8991333, 62.33856214, 79.68897908, 99.13277383, 120.8537509
4, 7.607022193, 16.14434865, 25.86699943, 37.00499855, 49.8131184, 64.55610421, 81.5249254, 101.0168716
4.5, 5.718102444, 12.2396934, 19.80168098, 28.6247113, 38.9612222, 51.08585966, 65.32722768, 82.05164923
5, 4.227656677, 9.144447318, 14.94755556, 21.84182369, 30.06131469, 39.86761132, 51.57702392, 65.5734127
5.5, 3.060162372, 6.699290162, 11.09978941, 16.43314999, 22.90472728, 30.75673636, 40.28605826, 51.84709405
6, 2.13398776, 4.758825734, 8.036913419, 12.11369838, 17.16526903, 23.41385135, 31.11788633, 40.60052573
6.5, 1.387393108, 3.205604542, 5.578287829, 8.6359307, 12.54188735, 17.47072375, 23.66901718, 31.41508061
7, 0.787475174, 1.94231022, 3.576696831, 5.8086804, 8.77376626, 12.62885178, 17.58063704, 23.89016432
7.5, 0.288159656, 0.900887904, 1.932096131, 3.484624194, 5.676924927, 8.641731093, 12.56734984, 17.6780914
8, -0.127254466, 0.03434089, 0.565824694, 1.551771101, 3.099478676, 5.328668287, 8.398155033, 12.508004
8.5, -0.475597468, -0.69592932, -0.587807364, -0.075153481, 0.930712944, 2.542495808, 4.896256313, 8.170602461
9, -0.773783955, -1.320022955, -1.568360233, -1.459107239, -0.907994433, 0.178530822, 1.928974118, 4.488602798
9.5, -1.030253872, -1.855172808, -2.41533744, -2.649538418, -2.490231163, -1.848586724, -0.615962381, 1.339889238
10, -1.253495897, -2.31859882, -3.146395853, -3.682415672, -3.857674567, -3.600536763, -2.812167145, -1.371801427
10.5, -1.447709073, -2.727514882, -3.787815173, -4.580262844, -5.051641126, -5.129233162, -4.727590109, -3.736404836
11, -1.621401659, -3.090533737, -4.357094512, -5.378726055, -6.104178793, -6.472371068, -6.406100026, -5.804582285
11.5, -1.778790446, -3.411878832, -4.863010344, -6.086802174, -7.038139229, -7.662727733, -7.890962712, -7.635624294
12, -1.919826666, -3.700138742, -5.314194428, -6.71778907, -7.871710432, -8.728208412, -9.215717965, -9.264362382
12.5, -2.044435162, -3.963886185, -5.723723726, -7.289396433, -8.622954338, -9.682814662, -10.40425147, -10.72038424
13, -2.156856776, -4.198661005, -6.091460259, -7.805959933, -9.300868353, -10.54495773, -11.47551315, -12.03291099
13.5, -2.261336843, -4.417387962, -6.430448797, -8.276248891, -9.918860125, -11.32838797, -12.44832837, -13.22134071
14, -2.357825595, -4.615632754, -6.740577489, -8.704539551, -10.48584757, -12.04215012, -13.33202441, -14.30014817
14.5, -2.446221451, -4.797605101, -7.026040068, -9.104055608, -11.00616072, -12.69991549, -14.14522423, -15.29320548
15, -2.530873969, -4.96756689, -7.29113182, -9.470124024, -11.48410371, -13.30606705, -14.89713006, -16.20040721
15.5, -2.607324544, -5.125443257, -7.535713098, -9.811542728, -11.93312362, -13.86959657, -15.58751419, -17.04072633
16, -2.67989937, -5.275522355, -7.764039726, -10.12809354, -12.34386046, -14.3902745, -16.2302357, -17.81868071
16.5, -2.748569025, -5.413284904, -7.975985466, -10.42408425, -12.73434463, -14.87708287, -16.82973955, -18.54365329
17, -2.808846941, -5.543059578, -8.180312974, -10.7038809, -13.09523374, -15.33444038, -17.38570652, -19.22493919
17.5, -2.869500133, -5.664736302, -8.36797779, -10.96728964, -13.43545443, -15.76206526, -17.91210272, -19.8574413
18, -2.926117188, -5.782712999, -8.547815863, -11.21413189, -13.75941202, -16.16441141, -18.40861252, -20.45530141
18.5, -2.978602096, -5.892432025, -8.719704725, -11.44882293, -14.06225868, -16.54585707, -18.8749576, -21.01341741
19, -3.03139019, -5.993806924, -8.879028178, -11.67121947, -14.35311218, -16.90623965, -19.31566831, -21.54600673
19.5, -3.079995841, -6.095779298, -9.034733601, -11.88113027, -14.62712759, -17.25003091, -19.73048611, -22.04794091
20, -3.124402436, -6.189244308, -9.182176368, -12.08306242, -14.88881418, -17.57698498, -20.12867671, -22.52865265
20.5, -3.168984571, -6.278663977, -9.321267622, -12.27690192, -15.13799263, -17.88697198, -20.51010905, -22.98307375
21, -3.213799071, -6.368535204, -9.451925839, -12.46248309, -15.37448808, -18.1845044, -20.86970588, -23.41575019
21.5, -3.254310451, -6.449712776, -9.583213708, -12.63508136, -15.60285162, -18.46942446, -21.21691642, -23.83140644
22, -3.290434403, -6.531267464, -9.705921053, -12.80856863, -15.82298291, -18.74157239, -21.5467266, -24.22487463
22.5, -3.331273784, -6.608566879, -9.824533431, -12.96884438, -16.03002725, -19.00075856, -21.86375663, -24.60579919
23, -3.36768338, -6.681594145, -9.939017568, -13.12515409, -16.23335345, -19.25648386, -22.17274232, -24.96905588
23.5, -3.399658941, -6.754881335, -10.04931868, -13.2774539, -16.4280741, -19.49901117, -22.46377328, -25.32434377
24, -3.436300149, -6.823791883, -10.1553483, -13.42565521, -16.61888967, -19.73302082, -22.75135882, -25.6616069
24.5, -3.468491608, -6.892951361, -10.26180251, -13.56497881, -16.80093153, -19.95837664, -23.02555439, -25.98557616
25, -3.500754666, -6.957676333, -10.35918985, -13.7000394, -16.97893396, -20.17497756, -23.28625312, -26.30114442
26, -3.500754666, -6.957676333, -10.35918985, -13.7000394, -16.97893396, -20.17497756, -23.28625312, -26.30114442
ENDTABLE
LOG_ENTRY Used Dataset: Tire: Aligning Moment; { Touring Tires } 185/65 R15 (SAE)
EXIT_PARSFILE Tires\Mz\TireMz_252ff4ea-8385-4909-a1d8-aba950fe4eff.par

ENTER_PARSFILE Tires\Fy\TireFy_5f7799b4-7395-47c3-ba22-21f52a15dc2d.par
#FullDataName Tire: Lateral Force`185/65 R15`Touring Tires
FY_TIRE_CARPET 2D_FROM_ZERO
0, 1348.414375, 2696.82875, 4045.243125, 5393.6575, 6742.071875, 8090.48625, 9438.900625, 10787.315
0.5, 174.89, 343.18, 503.9, 656.5, 800.66, 936.13, 1062.77, 1180.47
1, 344.62, 676.39, 993.38, 1294.55, 1579.21, 1846.9, 2097.32, 2330.25
1.5, 504.59, 990.69, 1455.52, 1897.54, 2315.74, 2709.43, 3078.13, 3421.51
2, 651.17, 1279.04, 1880.06, 2452.26, 2994.33, 3505.32, 3984.59, 4431.67
2.5, 781.97, 1536.75, 2260.15, 2949.8, 3604.12, 4221.93, 4802.4, 5344.9
3, 895.9, 1761.62, 2592.47, 3385.75, 4139.61, 4852.69, 5523.94, 6152.6
3.5, 992.99, 1953.64, 2876.88, 3759.74, 4600.16, 5396.57, 6147.78, 6852.83
4, 1074.13, 2114.49, 3115.69, 4074.59, 4988.94, 5857, 6677.41, 7449.09
4.5, 1140.8, 2246.95, 3312.87, 4335.27, 5311.75, 6240.45, 7119.87, 7948.78
5, 1194.74, 2354.38, 3473.24, 4547.89, 5575.85, 6555.15, 7484.18, 8361.59
5.5, 1237.77, 2440.31, 3601.86, 4718.96, 5789.02, 6810.01, 7780.22, 8698.22
6, 1271.63, 2508.11, 3703.67, 4854.8, 5958.88, 7013.8, 8017.8, 8969.37
6.5, 1297.89, 2560.86, 3783.15, 4961.23, 6092.45, 7174.68, 8206.09, 9185.13
7, 1317.93, 2601.26, 3844.25, 5043.39, 6196, 7299.93, 8353.33, 9354.61
7.5, 1332.92, 2631.61, 3890.37, 5105.7, 6274.93, 7395.88, 8466.71, 9485.78
8, 1343.84, 2653.83, 3924.35, 5151.88, 6333.8, 7467.9, 8552.33, 9585.46
8.5, 1351.49, 2669.53, 3948.54, 5185.05, 6376.42, 7520.48, 8615.36, 9659.41
9, 1356.54, 2680, 3964.88, 5207.73, 6405.94, 7557.33, 8660.05, 9712.45
9.5, 1359.5, 2686.3, 3974.94, 5222.02, 6424.93, 7581.52, 8689.94, 9748.53
10, 1360.82, 2689.29, 3980.01, 5229.6, 6435.49, 7595.53, 8707.89, 9770.92
10.5, 1360.83, 2689.65, 3981.11, 5231.85, 6439.32, 7601.41, 8716.27, 9782.28
11, 1359.83, 2687.95, 3979.06, 5229.86, 6437.8, 7600.79, 8717, 9784.8
11.5, 1358.02, 2684.62, 3974.56, 5224.54, 6432.05, 7595.02, 8711.62, 9780.25
12, 1355.59, 2680.03, 3968.12, 5216.6, 6422.97, 7585.17, 8701.4, 9770.07
12.5, 1352.68, 2674.47, 3960.19, 5206.62, 6411.28, 7572.13, 8687.38, 9755.44
13, 1349.41, 2668.16, 3951.11, 5195.07, 6397.58, 7556.6, 8670.37, 9737.32
13.5, 1345.87, 2661.29, 3941.17, 5182.33, 6382.33, 7539.16, 8651.06, 9716.47
14, 1342.14, 2654.02, 3930.6, 5168.71, 6365.93, 7520.27, 8629.99, 9693.53
14.5, 1338.26, 2646.46, 3919.56, 5154.44, 6348.69, 7500.32, 8607.61, 9669.01
15, 1334.3, 2638.7, 3908.21, 5139.72, 6330.84, 7479.6, 8584.27, 9643.33
15.5, 1330.28, 2630.83, 3896.67, 5124.72, 6312.6, 7458.35, 8560.27, 9616.84
16, 1326.24, 2622.9, 3885.03, 5109.56, 6294.13, 7436.79, 8535.84, 9589.79
16.5, 1322.21, 2614.97, 3873.37, 5094.34, 6275.55, 7415.06, 8511.18, 9562.42
17, 1318.19, 2607.07, 3861.73, 5079.15, 6256.98, 7393.3, 8486.43, 9534.9
17.5, 1314.21, 2599.23, 3850.18, 5064.04, 6238.49, 7371.6, 8461.73, 9507.38
18, 1310.28, 2591.48, 3838.75, 5049.07, 6220.15, 7350.06, 8437.16, 9479.97
18.5, 1306.4, 2583.83, 3827.46, 5034.28, 6202, 7328.72, 8412.8, 9452.77
19, 1302.59, 2576.3, 3816.34, 5019.7, 6184.1, 7307.65, 8388.72, 9425.85
19.5, 1298.84, 2568.91, 3805.41, 5005.35, 6166.47, 7286.89, 8364.97, 9399.27
20, 1295.17, 2561.65, 3794.67, 4991.25, 6149.14, 7266.45, 8341.57, 9373.06
20.5, 1291.56, 2554.53, 3784.13, 4977.42, 6132.12, 7246.37, 8318.57, 9347.28
21, 1288.04, 2547.56, 3773.81, 4963.85, 6115.42, 7226.66, 8295.97, 9321.93
21.5, 1284.59, 2540.73, 3763.7, 4950.55, 6099.05, 7207.33, 8273.8, 9297.04
22, 1281.21, 2534.06, 3753.81, 4937.54, 6083.01, 7188.38, 8252.06, 9272.62
22.5, 1277.92, 2527.53, 3744.13, 4924.8, 6067.31, 7169.82, 8230.75, 9248.68
23, 1274.69, 2521.15, 3734.67, 4912.34, 6051.95, 7151.65, 8209.88, 9225.22
23.5, 1271.54, 2514.91, 3725.42, 4900.16, 6036.92, 7133.87, 8189.45, 9202.24
24, 1268.46, 2508.81, 3716.37, 4888.25, 6022.22, 7116.48, 8169.45, 9179.74
24.5, 1265.46, 2502.86, 3707.54, 4876.6, 6007.84, 7099.46, 8149.87, 9157.71
25, 1262.52, 2497.04, 3698.9, 4865.21, 5993.79, 7082.81, 8130.72, 9136.15
26, 1262.52, 2497.04, 3698.9, 4865.21, 5993.79, 7082.81, 8130.72, 9136.15
ENDTABLE
MU_REF_Y 1.0
LOG_ENTRY Used Dataset: Tire: Lateral Force; { Touring Tires } 185/65 R15
EXIT_PARSFILE Tires\Fy\TireFy_5f7799b4-7395-47c3-ba22-21f52a15dc2d.par

ENTER_PARSFILE Tires\Fx\TireFx_69377a8e-4e90-4d23-981e-4ec37f1913e8.par
#FullDataName Tire: Longitudinal Force`185/65 R15`Touring Tires
FX_TIRE_CARPET 2D_FROM_ZERO
0, 1348.41, 2696.83, 4045.24, 5393.66, 6742.07, 8090.49, 9438.9, 10787.32
0.02, 749.08, 1467.54, 2150.67, 2795.82, 3401.21, 3965.57, 4488, 4967.88
0.04, 1115.98, 2195.04, 3231.13, 4220.59, 5160.69, 6049.26, 6884.51, 7664.92
0.06, 1262.72, 2489.15, 3673.21, 4811.15, 5900.09, 6937.68, 7921.87, 8850.87
0.08, 1323.92, 2612.87, 3860.97, 5064.55, 6220.79, 7327.35, 8382.18, 9383.47
0.1, 1349.84, 2665.9, 3942.48, 5176.03, 6363.81, 7503.53, 8593.19, 9631
0.12, 1359.43, 2686.07, 3974.39, 5220.94, 6423.05, 7578.49, 8685.31, 9741.75
0.14, 1360.79, 2689.61, 3981.09, 5231.85, 6439.29, 7601.23, 8715.78, 9781.22
0.16, 1357.79, 2684.3, 3974.29, 5224.45, 6432.24, 7595.53, 8712.46, 9781.37
0.18, 1352.45, 2674.21, 3960.14, 5206.99, 6412.28, 7573.93, 8690.1, 9759.18
0.2, 1345.89, 2661.59, 3942.04, 5184.06, 6385.21, 7543.45, 8656.99, 9724.22
0.22, 1338.74, 2647.73, 3921.96, 5158.33, 6354.42, 7508.22, 8617.98, 9682.14
0.24, 1331.39, 2633.39, 3901.09, 5131.38, 6321.91, 7470.71, 8576.04, 9636.37
0.26, 1324.06, 2619.05, 3880.11, 5104.18, 6288.94, 7432.44, 8532.98, 9589.05
0.28, 1316.88, 2604.97, 3859.46, 5077.32, 6256.26, 7394.36, 8489.94, 9541.5
0.3, 1309.93, 2591.32, 3839.38, 5051.14, 6224.33, 7357.03, 8447.6, 9494.58
0.32, 1303.26, 2578.17, 3820.02, 5025.85, 6193.4, 7320.8, 8406.41, 9448.78
0.34, 1296.87, 2565.58, 3801.46, 5001.56, 6163.65, 7285.87, 8366.61, 9404.43
0.36, 1290.77, 2553.57, 3783.71, 4978.3, 6135.12, 7252.33, 8328.33, 9361.7
0.38, 1284.97, 2542.12, 3766.79, 4956.1, 6107.85, 7220.22, 8291.63, 9320.66
0.4, 1279.46, 2531.22, 3750.67, 4934.93, 6081.82, 7189.54, 8256.51, 9281.34
0.42, 1274.22, 2520.86, 3735.32, 4914.76, 6057.01, 7160.26, 8222.96, 9243.73
0.44, 1269.24, 2511.01, 3720.73, 4895.56, 6033.36, 7132.33, 8190.92, 9207.77
0.46, 1264.51, 2501.64, 3706.84, 4877.28, 6010.83, 7105.69, 8160.34, 9173.43
0.48, 1260.01, 2492.73, 3693.62, 4859.87, 5989.35, 7080.29, 8131.16, 9140.62
0.5, 1255.73, 2484.25, 3681.04, 4843.29, 5968.89, 7056.06, 8103.31, 9109.29
0.52, 1251.66, 2476.18, 3669.05, 4827.49, 5949.37, 7032.95, 8076.72, 9079.35
0.54, 1247.78, 2468.48, 3657.62, 4812.42, 5930.75, 7010.89, 8051.32, 9050.74
0.56, 1244.08, 2461.15, 3646.73, 4798.04, 5912.98, 6989.81, 8027.05, 9023.38
0.58, 1240.56, 2454.16, 3636.33, 4784.31, 5896, 6969.68, 8003.85, 8997.21
0.6, 1237.19, 2447.48, 3626.4, 4771.19, 5879.78, 6950.42, 7981.66, 8972.17
0.62, 1233.98, 2441.1, 3616.9, 4758.65, 5864.26, 6932, 7960.41, 8948.18
0.64, 1230.9, 2434.99, 3607.83, 4746.66, 5849.4, 6914.36, 7940.06, 8925.2
0.66, 1227.96, 2429.15, 3599.13, 4735.17, 5835.18, 6897.46, 7920.55, 8903.16
0.68, 1225.15, 2423.56, 3590.81, 4724.16, 5821.54, 6881.25, 7901.84, 8882.01
0.7, 1222.45, 2418.2, 3582.83, 4713.6, 5808.46, 6865.71, 7883.88, 8861.71
0.72, 1219.87, 2413.06, 3575.17, 4703.48, 5795.91, 6850.78, 7866.64, 8842.21
0.74, 1217.38, 2408.13, 3567.82, 4693.75, 5783.85, 6836.44, 7850.07, 8823.47
0.76, 1215, 2403.39, 3560.76, 4684.41, 5772.27, 6822.66, 7834.14, 8805.44
0.78, 1212.71, 2398.83, 3553.98, 4675.42, 5761.12, 6809.4, 7818.81, 8788.08
0.8, 1210.51, 2394.45, 3547.45, 4666.78, 5750.4, 6796.63, 7804.05, 8771.37
0.82, 1208.39, 2390.24, 3541.16, 4658.46, 5740.07, 6784.34, 7789.83, 8755.27
0.84, 1206.35, 2386.18, 3535.11, 4650.44, 5730.12, 6772.49, 7776.12, 8739.74
0.86, 1204.38, 2382.27, 3529.27, 4642.71, 5720.53, 6761.07, 7762.9, 8724.76
0.88, 1202.48, 2378.49, 3523.65, 4635.26, 5711.28, 6750.05, 7750.14, 8710.3
0.9, 1200.66, 2374.85, 3518.22, 4628.06, 5702.35, 6739.41, 7737.82, 8696.34
0.92, 1198.89, 2371.34, 3512.98, 4621.11, 5693.72, 6729.13, 7725.92, 8682.85
0.94, 1197.19, 2367.95, 3507.91, 4614.4, 5685.38, 6719.19, 7714.42, 8669.8
0.96, 1195.54, 2364.67, 3503.02, 4607.92, 5677.32, 6709.59, 7703.29, 8657.19
0.98, 1193.95, 2361.49, 3498.29, 4601.64, 5669.53, 6700.3, 7692.53, 8644.98
1, 1192.4, 2358.43, 3493.71, 4595.57, 5661.98, 6691.3, 7682.1, 8633.15
1.02, 1192.4, 2358.43, 3493.71, 4595.57, 5661.98, 6691.3, 7682.1, 8633.15
ENDTABLE
MU_REF_X 1.0
LOG_ENTRY Used Dataset: Tire: Longitudinal Force; { Touring Tires } 185/65 R15
EXIT_PARSFILE Tires\Fx\TireFx_69377a8e-4e90-4d23-981e-4ec37f1913e8.par

ENTER_PARSFILE Tires\Camber_Thrust\CamStiff_9fadad33-a832-4e17-8456-afae4628e59e.par
#FullDataName Tire: Camber Thrust Coefficient`185/65 R15`Touring Tires
KGAMMA_TABLE SPLINE
0, 0
539.36575, -2.7569
1078.7315, -5.5319
1618.09725, -8.3278
2157.463, -11.1465
2696.82875, -13.9894
3236.1945, -16.8575
3775.56025, -19.7519
4314.926, -22.6733
4854.29175, -25.6224
5393.6575, -28.6
5933.02325, -31.6066
6472.389, -34.6428
7011.75475, -37.7092
7551.1205, -40.8061
8090.48625, -43.9341
8629.852, -47.0935
9169.21775, -50.2849
9708.5835, -53.5086
10247.94925, -56.7649
10787.315, -60.0543
ENDTABLE
LOG_ENTRY Used Dataset: Tire: Camber Thrust Coefficient; { Touring Tires } 185/65 R15
EXIT_PARSFILE Tires\Camber_Thrust\CamStiff_9fadad33-a832-4e17-8456-afae4628e59e.par

LOG_ENTRY Used Dataset: Tire; { Touring Tires } 185/65 R15
EXIT_PARSFILE Tires\Tire\Tire_32d50ee3-24f4-467a-9ea6-f7a58460e0cf.par

iside 2
WRITE_ADD_REFERENCE_FRAME_WHEEL
ADD_REFERENCE_FRAME R2 Wheel
SET_EULER_ANGLES YAW_ROLL_PITCH
SET_X_NAME X_R2
WRT_X_R2
ANI_X_R2
SET_Y_NAME Y_R2
WRT_Y_R2
ANI_Y_R2
SET_Z_NAME Z_R2
WRT_Z_R2
ANI_Z_R2
SET_YAW_NAME Yaw_R2
WRT_Yaw_R2
ANI_Yaw_R2
SET_PITCH_NAME Rot_R2
WRT_Rot_R2
ANI_Rot_R2
SET_ROLL_NAME Roll_R2
WRT_Roll_R2
ANI_Roll_R2
SET_SCALE_VAR_PITCH -360
SET_OFFSET_VAR_ROLL 180
SET_OFFSET_VAR_PITCH 180
X_REF_LENGTH 1
Y_REF_LENGTH 1
Z_REF_LENGTH 1
X_LENGTH 1
Y_LENGTH 1
Z_LENGTH 1
ENTER_PARSFILE Tires\Tire\Tire_32d50ee3-24f4-467a-9ea6-f7a58460e0cf.par
#FullDataName Tire`185/65 R15`Touring Tires
FZ_REF 5500
X_LENGTH 311
Z_LENGTH 311
Y_LENGTH 185
OPT_TIRE_LAG_KAPPA 2
OPT_TIRE_LAG_ALPHA 1
OPT_TIRE_MODEL 1
ENTER_PARSFILE Animator\STL_Groups\ShpGrp_27c591f4-b392-4dda-bdc3-c1e97b86f0f5.par
#FullDataName Animator: Shape Assembly`205/60 R14`Tires
ENTER_PARSFILE Animator\STL\Shape_b54ddb18-10e4-4787-b570-f358b7c20e39.par
#FullDataName Animator: Shape File Link`205/60 R14: Tire`Common Vehicle Assets: Tires
add_obj Animator\3D_Shape_Files\Common_Vehicle_Assets\Tires\205_60R14\tire.obj
SET_COLOR 1 1 1
set_lighting on
set_fogging on
SET_SPECULAR 0.3 0.3 0.3
vsv_enable_shadows_recursive
LOG_ENTRY Used Dataset: Animator: Shape File Link; { Common Vehicle Assets: Tires } 205/60 R14: Tire
EXIT_PARSFILE Animator\STL\Shape_b54ddb18-10e4-4787-b570-f358b7c20e39.par

ENTER_PARSFILE Animator\STL\Shape_b8cfbea3-cf74-4924-9d45-f9b0374ebc09.par
#FullDataName Animator: Shape File Link`205/60 R14: Wheel`Common Vehicle Assets: Tires
add_obj Animator\3D_Shape_Files\Common_Vehicle_Assets\Tires\205_60R14\wheel.obj
SET_COLOR .62 .62 .62
set_lighting on
set_fogging on
SET_SPECULAR 0.5 0.5 0.5
vsv_enable_shadows_recursive
LOG_ENTRY Used Dataset: Animator: Shape File Link; { Common Vehicle Assets: Tires } 205/60 R14: Wheel
EXIT_PARSFILE Animator\STL\Shape_b8cfbea3-cf74-4924-9d45-f9b0374ebc09.par

ENTER_PARSFILE Animator\STL\Shape_05464ee2-1bc0-4a83-ac1f-07f41e4809be.par
#FullDataName Animator: Shape File Link`205/60 R14: Stripe`Common Vehicle Assets: Tires
add_obj Animator\3D_Shape_Files\Common_Vehicle_Assets\Tires\205_60R14\stripe.obj
SET_COLOR 1 1 1
SET_OFFSET_X 0
SET_OFFSET_Y 0.01
SET_OFFSET_Z 0.01
set_lighting on
set_fogging on
SET_SPECULAR 0 0 0
LOG_ENTRY Used Dataset: Animator: Shape File Link; { Common Vehicle Assets: Tires } 205/60 R14: Stripe
EXIT_PARSFILE Animator\STL\Shape_05464ee2-1bc0-4a83-ac1f-07f41e4809be.par

x_ref_length 301
y_ref_length 205
z_ref_length 301
LOG_ENTRY Used Dataset: Animator: Shape Assembly; { Tires } 205/60 R14
EXIT_PARSFILE Animator\STL_Groups\ShpGrp_27c591f4-b392-4dda-bdc3-c1e97b86f0f5.par

WRITE_WHEEL_OFFSET
SET_OFFSET_Y 0
RRE 298
R0 311
FZ_TIRE_COEFFICIENT 232
FZ_MAX 100000
M_TIRE 18
IT 1
IT_XXZZ 0.6
ENTER_PARSFILE Generic\tables\GenTab_6200ca2d-9af8-4768-9d04-87ea0bd47068.par
#FullDataName Generic Table`Lx Variable, Scaled to Tire`Tire Relaxation Length
SET_UNITS L_RELAX_X_TABLE m
L_RELAX_X_GAIN = RRE/5
FZ_SCALE_L_RELAX_X = FZ_REF
L_RELAX_X_COMBINE MULTIPLY
L_RELAX_X_TABLE SPLINE_FLAT
-0.1, 0.13526
-0.095, 0.13793
-0.09, 0.1431
-0.085, 0.14862
-0.08, 0.1552
-0.075, 0.16251
-0.07, 0.17087
-0.065, 0.18085
-0.06, 0.1926
-0.055, 0.20631
-0.05, 0.22324
-0.045, 0.24389
-0.04, 0.26989
-0.035, 0.30301
-0.03, 0.34575
-0.025, 0.40397
-0.02, 0.48251
-0.015, 0.59275
-0.01, 0.7393
-0.005, 0.90707
0, 1
0.005, 0.90707
0.01, 0.7393
0.015, 0.59275
0.02, 0.48251
0.025, 0.40397
0.03, 0.34575
0.035, 0.30301
0.04, 0.26989
0.045, 0.24389
0.05, 0.22324
0.055, 0.20631
0.06, 0.1926
0.065, 0.18085
0.07, 0.17087
0.075, 0.16251
0.08, 0.1552
0.085, 0.14862
0.09, 0.1431
0.095, 0.13793
0.1, 0.13526
ENDTABLE
L_RELAX_X_FZ_TABLE LINEAR
0, 0.2
1, 1
ENDTABLE
LOG_ENTRY Used Dataset: Generic Table; { Tire Relaxation Length } Lx Variable, Scaled to Tire
EXIT_PARSFILE Generic\tables\GenTab_6200ca2d-9af8-4768-9d04-87ea0bd47068.par

ENTER_PARSFILE Generic\tables\GenTab_edb0dc74-f107-43df-b9cc-c9fa4d21267d.par
#FullDataName Generic Table`Ly Variable, Scaled to Tire`Tire Relaxation Length
SET_UNITS L_RELAX_Y_TABLE m
L_RELAX_Y_GAIN = RRE*2
FZ_SCALE_L_RELAX_Y = FZ_REF
L_RELAX_Y_COMBINE MULTIPLY
L_RELAX_Y_TABLE SPLINE_FLAT
-10, 0.039175
-9.5, 0.042142
-9, 0.047886
-8.5, 0.054018
-8, 0.061335
-7.5, 0.069451
-7, 0.078749
-6.5, 0.089829
-6, 0.10289
-5.5, 0.11812
-5, 0.13693
-4.5, 0.15988
-4, 0.18877
-3.5, 0.22557
-3, 0.27305
-2.5, 0.33775
-2, 0.42501
-1.5, 0.5475
-1, 0.71033
-0.5, 0.89674
0, 1
0.5, 0.89674
1, 0.71033
1.5, 0.5475
2, 0.42501
2.5, 0.33775
3, 0.27305
3.5, 0.22557
4, 0.18877
4.5, 0.15988
5, 0.13693
5.5, 0.11812
6, 0.10289
6.5, 0.089829
7, 0.078749
7.5, 0.069451
8, 0.061335
8.5, 0.054018
9, 0.047886
9.5, 0.042142
10, 0.039175
ENDTABLE
L_RELAX_Y_FZ_TABLE SPLINE
0, 0.1
1, 1
2, 1.5805
ENDTABLE
LOG_ENTRY Used Dataset: Generic Table; { Tire Relaxation Length } Ly Variable, Scaled to Tire
EXIT_PARSFILE Generic\tables\GenTab_edb0dc74-f107-43df-b9cc-c9fa4d21267d.par

VLOW_KAPPA 2
VLOW_ALPHA 2
RR_C 0.004
RR_V 0.000025
L_CONTACT_X_CONSTANT 90
L_CONTACT_Y_CONSTANT 185
RR_FX 1
OPT_TIRE_COMB 1
R_TIRE_COMB 1.1
ENTER_PARSFILE Tires\Mz\TireMz_252ff4ea-8385-4909-a1d8-aba950fe4eff.par
#FullDataName Tire: Aligning Moment`185/65 R15 (SAE)`Touring Tires
MZ_TIRE_CARPET 2D_FROM_ZERO
0, 1348.41, 2696.83, 4045.24, 5393.66, 6742.07, 8090.49, 9438.9, 10787.32
0.5, 4.88601723, 9.66987409, 14.33467596, 18.87411987, 23.28555114, 27.57040611, 31.71930304, 35.74385789
1, 9.941091373, 19.68136483, 29.18783996, 38.4412927, 47.43205003, 56.14693923, 64.58102633, 72.73797325
1.5, 14.19661184, 28.28396795, 42.21896119, 55.96402949, 69.46845603, 82.70026147, 95.61293454, 108.1772848
2, 15.9942511, 32.29359371, 48.89394096, 65.75911191, 82.8258302, 100.0143964, 117.2286823, 134.3674567
2.5, 15.04360183, 30.8504622, 47.53864386, 65.14007155, 83.66151606, 103.0515843, 123.2402165, 144.1080833
3, 12.60943066, 26.22773697, 41.06180529, 57.25809695, 74.9318986, 94.17378411, 115.0197937, 137.480628
3.5, 9.942934339, 20.91181446, 33.15690865, 46.8991333, 62.33856214, 79.68897908, 99.13277383, 120.8537509
4, 7.607022193, 16.14434865, 25.86699943, 37.00499855, 49.8131184, 64.55610421, 81.5249254, 101.0168716
4.5, 5.718102444, 12.2396934, 19.80168098, 28.6247113, 38.9612222, 51.08585966, 65.32722768, 82.05164923
5, 4.227656677, 9.144447318, 14.94755556, 21.84182369, 30.06131469, 39.86761132, 51.57702392, 65.5734127
5.5, 3.060162372, 6.699290162, 11.09978941, 16.43314999, 22.90472728, 30.75673636, 40.28605826, 51.84709405
6, 2.13398776, 4.758825734, 8.036913419, 12.11369838, 17.16526903, 23.41385135, 31.11788633, 40.60052573
6.5, 1.387393108, 3.205604542, 5.578287829, 8.6359307, 12.54188735, 17.47072375, 23.66901718, 31.41508061
7, 0.787475174, 1.94231022, 3.576696831, 5.8086804, 8.77376626, 12.62885178, 17.58063704, 23.89016432
7.5, 0.288159656, 0.900887904, 1.932096131, 3.484624194, 5.676924927, 8.641731093, 12.56734984, 17.6780914
8, -0.127254466, 0.03434089, 0.565824694, 1.551771101, 3.099478676, 5.328668287, 8.398155033, 12.508004
8.5, -0.475597468, -0.69592932, -0.587807364, -0.075153481, 0.930712944, 2.542495808, 4.896256313, 8.170602461
9, -0.773783955, -1.320022955, -1.568360233, -1.459107239, -0.907994433, 0.178530822, 1.928974118, 4.488602798
9.5, -1.030253872, -1.855172808, -2.41533744, -2.649538418, -2.490231163, -1.848586724, -0.615962381, 1.339889238
10, -1.253495897, -2.31859882, -3.146395853, -3.682415672, -3.857674567, -3.600536763, -2.812167145, -1.371801427
10.5, -1.447709073, -2.727514882, -3.787815173, -4.580262844, -5.051641126, -5.129233162, -4.727590109, -3.736404836
11, -1.621401659, -3.090533737, -4.357094512, -5.378726055, -6.104178793, -6.472371068, -6.406100026, -5.804582285
11.5, -1.778790446, -3.411878832, -4.863010344, -6.086802174, -7.038139229, -7.662727733, -7.890962712, -7.635624294
12, -1.919826666, -3.700138742, -5.314194428, -6.71778907, -7.871710432, -8.728208412, -9.215717965, -9.264362382
12.5, -2.044435162, -3.963886185, -5.723723726, -7.289396433, -8.622954338, -9.682814662, -10.40425147, -10.72038424
13, -2.156856776, -4.198661005, -6.091460259, -7.805959933, -9.300868353, -10.54495773, -11.47551315, -12.03291099
13.5, -2.261336843, -4.417387962, -6.430448797, -8.276248891, -9.918860125, -11.32838797, -12.44832837, -13.22134071
14, -2.357825595, -4.615632754, -6.740577489, -8.704539551, -10.48584757, -12.04215012, -13.33202441, -14.30014817
14.5, -2.446221451, -4.797605101, -7.026040068, -9.104055608, -11.00616072, -12.69991549, -14.14522423, -15.29320548
15, -2.530873969, -4.96756689, -7.29113182, -9.470124024, -11.48410371, -13.30606705, -14.89713006, -16.20040721
15.5, -2.607324544, -5.125443257, -7.535713098, -9.811542728, -11.93312362, -13.86959657, -15.58751419, -17.04072633
16, -2.67989937, -5.275522355, -7.764039726, -10.12809354, -12.34386046, -14.3902745, -16.2302357, -17.81868071
16.5, -2.748569025, -5.413284904, -7.975985466, -10.42408425, -12.73434463, -14.87708287, -16.82973955, -18.54365329
17, -2.808846941, -5.543059578, -8.180312974, -10.7038809, -13.09523374, -15.33444038, -17.38570652, -19.22493919
17.5, -2.869500133, -5.664736302, -8.36797779, -10.96728964, -13.43545443, -15.76206526, -17.91210272, -19.8574413
18, -2.926117188, -5.782712999, -8.547815863, -11.21413189, -13.75941202, -16.16441141, -18.40861252, -20.45530141
18.5, -2.978602096, -5.892432025, -8.719704725, -11.44882293, -14.06225868, -16.54585707, -18.8749576, -21.01341741
19, -3.03139019, -5.993806924, -8.879028178, -11.67121947, -14.35311218, -16.90623965, -19.31566831, -21.54600673
19.5, -3.079995841, -6.095779298, -9.034733601, -11.88113027, -14.62712759, -17.25003091, -19.73048611, -22.04794091
20, -3.124402436, -6.189244308, -9.182176368, -12.08306242, -14.88881418, -17.57698498, -20.12867671, -22.52865265
20.5, -3.168984571, -6.278663977, -9.321267622, -12.27690192, -15.13799263, -17.88697198, -20.51010905, -22.98307375
21, -3.213799071, -6.368535204, -9.451925839, -12.46248309, -15.37448808, -18.1845044, -20.86970588, -23.41575019
21.5, -3.254310451, -6.449712776, -9.583213708, -12.63508136, -15.60285162, -18.46942446, -21.21691642, -23.83140644
22, -3.290434403, -6.531267464, -9.705921053, -12.80856863, -15.82298291, -18.74157239, -21.5467266, -24.22487463
22.5, -3.331273784, -6.608566879, -9.824533431, -12.96884438, -16.03002725, -19.00075856, -21.86375663, -24.60579919
23, -3.36768338, -6.681594145, -9.939017568, -13.12515409, -16.23335345, -19.25648386, -22.17274232, -24.96905588
23.5, -3.399658941, -6.754881335, -10.04931868, -13.2774539, -16.4280741, -19.49901117, -22.46377328, -25.32434377
24, -3.436300149, -6.823791883, -10.1553483, -13.42565521, -16.61888967, -19.73302082, -22.75135882, -25.6616069
24.5, -3.468491608, -6.892951361, -10.26180251, -13.56497881, -16.80093153, -19.95837664, -23.02555439, -25.98557616
25, -3.500754666, -6.957676333, -10.35918985, -13.7000394, -16.97893396, -20.17497756, -23.28625312, -26.30114442
26, -3.500754666, -6.957676333, -10.35918985, -13.7000394, -16.97893396, -20.17497756, -23.28625312, -26.30114442
ENDTABLE
LOG_ENTRY Used Dataset: Tire: Aligning Moment; { Touring Tires } 185/65 R15 (SAE)
EXIT_PARSFILE Tires\Mz\TireMz_252ff4ea-8385-4909-a1d8-aba950fe4eff.par

ENTER_PARSFILE Tires\Fy\TireFy_5f7799b4-7395-47c3-ba22-21f52a15dc2d.par
#FullDataName Tire: Lateral Force`185/65 R15`Touring Tires
FY_TIRE_CARPET 2D_FROM_ZERO
0, 1348.414375, 2696.82875, 4045.243125, 5393.6575, 6742.071875, 8090.48625, 9438.900625, 10787.315
0.5, 174.89, 343.18, 503.9, 656.5, 800.66, 936.13, 1062.77, 1180.47
1, 344.62, 676.39, 993.38, 1294.55, 1579.21, 1846.9, 2097.32, 2330.25
1.5, 504.59, 990.69, 1455.52, 1897.54, 2315.74, 2709.43, 3078.13, 3421.51
2, 651.17, 1279.04, 1880.06, 2452.26, 2994.33, 3505.32, 3984.59, 4431.67
2.5, 781.97, 1536.75, 2260.15, 2949.8, 3604.12, 4221.93, 4802.4, 5344.9
3, 895.9, 1761.62, 2592.47, 3385.75, 4139.61, 4852.69, 5523.94, 6152.6
3.5, 992.99, 1953.64, 2876.88, 3759.74, 4600.16, 5396.57, 6147.78, 6852.83
4, 1074.13, 2114.49, 3115.69, 4074.59, 4988.94, 5857, 6677.41, 7449.09
4.5, 1140.8, 2246.95, 3312.87, 4335.27, 5311.75, 6240.45, 7119.87, 7948.78
5, 1194.74, 2354.38, 3473.24, 4547.89, 5575.85, 6555.15, 7484.18, 8361.59
5.5, 1237.77, 2440.31, 3601.86, 4718.96, 5789.02, 6810.01, 7780.22, 8698.22
6, 1271.63, 2508.11, 3703.67, 4854.8, 5958.88, 7013.8, 8017.8, 8969.37
6.5, 1297.89, 2560.86, 3783.15, 4961.23, 6092.45, 7174.68, 8206.09, 9185.13
7, 1317.93, 2601.26, 3844.25, 5043.39, 6196, 7299.93, 8353.33, 9354.61
7.5, 1332.92, 2631.61, 3890.37, 5105.7, 6274.93, 7395.88, 8466.71, 9485.78
8, 1343.84, 2653.83, 3924.35, 5151.88, 6333.8, 7467.9, 8552.33, 9585.46
8.5, 1351.49, 2669.53, 3948.54, 5185.05, 6376.42, 7520.48, 8615.36, 9659.41
9, 1356.54, 2680, 3964.88, 5207.73, 6405.94, 7557.33, 8660.05, 9712.45
9.5, 1359.5, 2686.3, 3974.94, 5222.02, 6424.93, 7581.52, 8689.94, 9748.53
10, 1360.82, 2689.29, 3980.01, 5229.6, 6435.49, 7595.53, 8707.89, 9770.92
10.5, 1360.83, 2689.65, 3981.11, 5231.85, 6439.32, 7601.41, 8716.27, 9782.28
11, 1359.83, 2687.95, 3979.06, 5229.86, 6437.8, 7600.79, 8717, 9784.8
11.5, 1358.02, 2684.62, 3974.56, 5224.54, 6432.05, 7595.02, 8711.62, 9780.25
12, 1355.59, 2680.03, 3968.12, 5216.6, 6422.97, 7585.17, 8701.4, 9770.07
12.5, 1352.68, 2674.47, 3960.19, 5206.62, 6411.28, 7572.13, 8687.38, 9755.44
13, 1349.41, 2668.16, 3951.11, 5195.07, 6397.58, 7556.6, 8670.37, 9737.32
13.5, 1345.87, 2661.29, 3941.17, 5182.33, 6382.33, 7539.16, 8651.06, 9716.47
14, 1342.14, 2654.02, 3930.6, 5168.71, 6365.93, 7520.27, 8629.99, 9693.53
14.5, 1338.26, 2646.46, 3919.56, 5154.44, 6348.69, 7500.32, 8607.61, 9669.01
15, 1334.3, 2638.7, 3908.21, 5139.72, 6330.84, 7479.6, 8584.27, 9643.33
15.5, 1330.28, 2630.83, 3896.67, 5124.72, 6312.6, 7458.35, 8560.27, 9616.84
16, 1326.24, 2622.9, 3885.03, 5109.56, 6294.13, 7436.79, 8535.84, 9589.79
16.5, 1322.21, 2614.97, 3873.37, 5094.34, 6275.55, 7415.06, 8511.18, 9562.42
17, 1318.19, 2607.07, 3861.73, 5079.15, 6256.98, 7393.3, 8486.43, 9534.9
17.5, 1314.21, 2599.23, 3850.18, 5064.04, 6238.49, 7371.6, 8461.73, 9507.38
18, 1310.28, 2591.48, 3838.75, 5049.07, 6220.15, 7350.06, 8437.16, 9479.97
18.5, 1306.4, 2583.83, 3827.46, 5034.28, 6202, 7328.72, 8412.8, 9452.77
19, 1302.59, 2576.3, 3816.34, 5019.7, 6184.1, 7307.65, 8388.72, 9425.85
19.5, 1298.84, 2568.91, 3805.41, 5005.35, 6166.47, 7286.89, 8364.97, 9399.27
20, 1295.17, 2561.65, 3794.67, 4991.25, 6149.14, 7266.45, 8341.57, 9373.06
20.5, 1291.56, 2554.53, 3784.13, 4977.42, 6132.12, 7246.37, 8318.57, 9347.28
21, 1288.04, 2547.56, 3773.81, 4963.85, 6115.42, 7226.66, 8295.97, 9321.93
21.5, 1284.59, 2540.73, 3763.7, 4950.55, 6099.05, 7207.33, 8273.8, 9297.04
22, 1281.21, 2534.06, 3753.81, 4937.54, 6083.01, 7188.38, 8252.06, 9272.62
22.5, 1277.92, 2527.53, 3744.13, 4924.8, 6067.31, 7169.82, 8230.75, 9248.68
23, 1274.69, 2521.15, 3734.67, 4912.34, 6051.95, 7151.65, 8209.88, 9225.22
23.5, 1271.54, 2514.91, 3725.42, 4900.16, 6036.92, 7133.87, 8189.45, 9202.24
24, 1268.46, 2508.81, 3716.37, 4888.25, 6022.22, 7116.48, 8169.45, 9179.74
24.5, 1265.46, 2502.86, 3707.54, 4876.6, 6007.84, 7099.46, 8149.87, 9157.71
25, 1262.52, 2497.04, 3698.9, 4865.21, 5993.79, 7082.81, 8130.72, 9136.15
26, 1262.52, 2497.04, 3698.9, 4865.21, 5993.79, 7082.81, 8130.72, 9136.15
ENDTABLE
MU_REF_Y 1.0
LOG_ENTRY Used Dataset: Tire: Lateral Force; { Touring Tires } 185/65 R15
EXIT_PARSFILE Tires\Fy\TireFy_5f7799b4-7395-47c3-ba22-21f52a15dc2d.par

ENTER_PARSFILE Tires\Fx\TireFx_69377a8e-4e90-4d23-981e-4ec37f1913e8.par
#FullDataName Tire: Longitudinal Force`185/65 R15`Touring Tires
FX_TIRE_CARPET 2D_FROM_ZERO
0, 1348.41, 2696.83, 4045.24, 5393.66, 6742.07, 8090.49, 9438.9, 10787.32
0.02, 749.08, 1467.54, 2150.67, 2795.82, 3401.21, 3965.57, 4488, 4967.88
0.04, 1115.98, 2195.04, 3231.13, 4220.59, 5160.69, 6049.26, 6884.51, 7664.92
0.06, 1262.72, 2489.15, 3673.21, 4811.15, 5900.09, 6937.68, 7921.87, 8850.87
0.08, 1323.92, 2612.87, 3860.97, 5064.55, 6220.79, 7327.35, 8382.18, 9383.47
0.1, 1349.84, 2665.9, 3942.48, 5176.03, 6363.81, 7503.53, 8593.19, 9631
0.12, 1359.43, 2686.07, 3974.39, 5220.94, 6423.05, 7578.49, 8685.31, 9741.75
0.14, 1360.79, 2689.61, 3981.09, 5231.85, 6439.29, 7601.23, 8715.78, 9781.22
0.16, 1357.79, 2684.3, 3974.29, 5224.45, 6432.24, 7595.53, 8712.46, 9781.37
0.18, 1352.45, 2674.21, 3960.14, 5206.99, 6412.28, 7573.93, 8690.1, 9759.18
0.2, 1345.89, 2661.59, 3942.04, 5184.06, 6385.21, 7543.45, 8656.99, 9724.22
0.22, 1338.74, 2647.73, 3921.96, 5158.33, 6354.42, 7508.22, 8617.98, 9682.14
0.24, 1331.39, 2633.39, 3901.09, 5131.38, 6321.91, 7470.71, 8576.04, 9636.37
0.26, 1324.06, 2619.05, 3880.11, 5104.18, 6288.94, 7432.44, 8532.98, 9589.05
0.28, 1316.88, 2604.97, 3859.46, 5077.32, 6256.26, 7394.36, 8489.94, 9541.5
0.3, 1309.93, 2591.32, 3839.38, 5051.14, 6224.33, 7357.03, 8447.6, 9494.58
0.32, 1303.26, 2578.17, 3820.02, 5025.85, 6193.4, 7320.8, 8406.41, 9448.78
0.34, 1296.87, 2565.58, 3801.46, 5001.56, 6163.65, 7285.87, 8366.61, 9404.43
0.36, 1290.77, 2553.57, 3783.71, 4978.3, 6135.12, 7252.33, 8328.33, 9361.7
0.38, 1284.97, 2542.12, 3766.79, 4956.1, 6107.85, 7220.22, 8291.63, 9320.66
0.4, 1279.46, 2531.22, 3750.67, 4934.93, 6081.82, 7189.54, 8256.51, 9281.34
0.42, 1274.22, 2520.86, 3735.32, 4914.76, 6057.01, 7160.26, 8222.96, 9243.73
0.44, 1269.24, 2511.01, 3720.73, 4895.56, 6033.36, 7132.33, 8190.92, 9207.77
0.46, 1264.51, 2501.64, 3706.84, 4877.28, 6010.83, 7105.69, 8160.34, 9173.43
0.48, 1260.01, 2492.73, 3693.62, 4859.87, 5989.35, 7080.29, 8131.16, 9140.62
0.5, 1255.73, 2484.25, 3681.04, 4843.29, 5968.89, 7056.06, 8103.31, 9109.29
0.52, 1251.66, 2476.18, 3669.05, 4827.49, 5949.37, 7032.95, 8076.72, 9079.35
0.54, 1247.78, 2468.48, 3657.62, 4812.42, 5930.75, 7010.89, 8051.32, 9050.74
0.56, 1244.08, 2461.15, 3646.73, 4798.04, 5912.98, 6989.81, 8027.05, 9023.38
0.58, 1240.56, 2454.16, 3636.33, 4784.31, 5896, 6969.68, 8003.85, 8997.21
0.6, 1237.19, 2447.48, 3626.4, 4771.19, 5879.78, 6950.42, 7981.66, 8972.17
0.62, 1233.98, 2441.1, 3616.9, 4758.65, 5864.26, 6932, 7960.41, 8948.18
0.64, 1230.9, 2434.99, 3607.83, 4746.66, 5849.4, 6914.36, 7940.06, 8925.2
0.66, 1227.96, 2429.15, 3599.13, 4735.17, 5835.18, 6897.46, 7920.55, 8903.16
0.68, 1225.15, 2423.56, 3590.81, 4724.16, 5821.54, 6881.25, 7901.84, 8882.01
0.7, 1222.45, 2418.2, 3582.83, 4713.6, 5808.46, 6865.71, 7883.88, 8861.71
0.72, 1219.87, 2413.06, 3575.17, 4703.48, 5795.91, 6850.78, 7866.64, 8842.21
0.74, 1217.38, 2408.13, 3567.82, 4693.75, 5783.85, 6836.44, 7850.07, 8823.47
0.76, 1215, 2403.39, 3560.76, 4684.41, 5772.27, 6822.66, 7834.14, 8805.44
0.78, 1212.71, 2398.83, 3553.98, 4675.42, 5761.12, 6809.4, 7818.81, 8788.08
0.8, 1210.51, 2394.45, 3547.45, 4666.78, 5750.4, 6796.63, 7804.05, 8771.37
0.82, 1208.39, 2390.24, 3541.16, 4658.46, 5740.07, 6784.34, 7789.83, 8755.27
0.84, 1206.35, 2386.18, 3535.11, 4650.44, 5730.12, 6772.49, 7776.12, 8739.74
0.86, 1204.38, 2382.27, 3529.27, 4642.71, 5720.53, 6761.07, 7762.9, 8724.76
0.88, 1202.48, 2378.49, 3523.65, 4635.26, 5711.28, 6750.05, 7750.14, 8710.3
0.9, 1200.66, 2374.85, 3518.22, 4628.06, 5702.35, 6739.41, 7737.82, 8696.34
0.92, 1198.89, 2371.34, 3512.98, 4621.11, 5693.72, 6729.13, 7725.92, 8682.85
0.94, 1197.19, 2367.95, 3507.91, 4614.4, 5685.38, 6719.19, 7714.42, 8669.8
0.96, 1195.54, 2364.67, 3503.02, 4607.92, 5677.32, 6709.59, 7703.29, 8657.19
0.98, 1193.95, 2361.49, 3498.29, 4601.64, 5669.53, 6700.3, 7692.53, 8644.98
1, 1192.4, 2358.43, 3493.71, 4595.57, 5661.98, 6691.3, 7682.1, 8633.15
1.02, 1192.4, 2358.43, 3493.71, 4595.57, 5661.98, 6691.3, 7682.1, 8633.15
ENDTABLE
MU_REF_X 1.0
LOG_ENTRY Used Dataset: Tire: Longitudinal Force; { Touring Tires } 185/65 R15
EXIT_PARSFILE Tires\Fx\TireFx_69377a8e-4e90-4d23-981e-4ec37f1913e8.par

ENTER_PARSFILE Tires\Camber_Thrust\CamStiff_9fadad33-a832-4e17-8456-afae4628e59e.par
#FullDataName Tire: Camber Thrust Coefficient`185/65 R15`Touring Tires
KGAMMA_TABLE SPLINE
0, 0
539.36575, -2.7569
1078.7315, -5.5319
1618.09725, -8.3278
2157.463, -11.1465
2696.82875, -13.9894
3236.1945, -16.8575
3775.56025, -19.7519
4314.926, -22.6733
4854.29175, -25.6224
5393.6575, -28.6
5933.02325, -31.6066
6472.389, -34.6428
7011.75475, -37.7092
7551.1205, -40.8061
8090.48625, -43.9341
8629.852, -47.0935
9169.21775, -50.2849
9708.5835, -53.5086
10247.94925, -56.7649
10787.315, -60.0543
ENDTABLE
LOG_ENTRY Used Dataset: Tire: Camber Thrust Coefficient; { Touring Tires } 185/65 R15
EXIT_PARSFILE Tires\Camber_Thrust\CamStiff_9fadad33-a832-4e17-8456-afae4628e59e.par

LOG_ENTRY Used Dataset: Tire; { Touring Tires } 185/65 R15
EXIT_PARSFILE Tires\Tire\Tire_32d50ee3-24f4-467a-9ea6-f7a58460e0cf.par

WRITE_ADD_REFERENCE_FRAME_BODY
ADD_REFERENCE_FRAME Sprung mass
SET_EULER_ANGLES YAW_PITCH_ROLL
SET_X_NAME Xo
WRT_Xo
ANI_Xo
SET_Y_NAME Yo
WRT_Yo
ANI_Yo
SET_Z_NAME Zo
WRT_Zo
ANI_Zo
SET_YAW_NAME Yaw
WRT_Yaw
ANI_Yaw
SET_PITCH_NAME Pitch
WRT_Pitch
ANI_Pitch
SET_ROLL_NAME Roll_E
WRT_Roll_E
ANI_Roll_E
ENTER_PARSFILE Vehicles\Sprung_Mass\SprMass_0f7585cf-ac19-4258-85e0-5d11a9848a22.par
#FullDataName Vehicle: Sprung Mass`B-Class, Sports Car (VSA)`B-Class
X_LENGTH 2330
Y_LENGTH 1500
iaxle 2
iside 1
LX_AXLE 2330
LX_CG_SU 1165
M_SU 1020
IXX_SU 308.6
IYY_SU 1020.0
IZZ_SU 1020.0
IXZ_SU 0
Y_CG_SU 0
H_CG_SU 343
IXY_SU 0
IYZ_SU 0
Z_LENGTH 1080
Y_LENGTH 1718
X_LENGTH 2330
H_WC 298
iside 2
H_WC 298
iaxle 1
iside 1
H_WC 298
iside 2
H_WC 298
iaxle 2
iside 1
HT_SM 1080
WID_SM 1718
LOG_ENTRY Used Dataset: Vehicle: Sprung Mass; { B-Class } B-Class, Sports Car (VSA)
EXIT_PARSFILE Vehicles\Sprung_Mass\SprMass_0f7585cf-ac19-4258-85e0-5d11a9848a22.par

ENTER_PARSFILE Aerodynamics\Aero_Main\Aero_2ad0e557-6e21-46a6-8ab1-003608366afe.par
#FullDataName Aerodynamics: Basic`B-Class, Sports Car Aero`B-Class
ENTER_PARSFILE Aerodynamics\Aero_Fx\AirCFx_67b7c1a5-2eb8-4548-b585-873fbb86b674.par
#FullDataName Aerodynamics: Fx (Drag) Coef. vs. Aero Slip`Spline: 0.30 at 0 deg.`Spline Interpolation
FX_AERO_SHAPING_TABLE SPLINE_FLAT
-180, -0.3
-160, -0.45
-90, 0
-20, 0.325
0, 0.3
20, 0.325
90, 0
160, -0.45
180, -0.3
ENDTABLE
LOG_ENTRY Used Dataset: Aerodynamics: Fx (Drag) Coef. vs. Aero Slip; { Spline Interpolation } Spline: 0.30 at 0 deg.
EXIT_PARSFILE Aerodynamics\Aero_Fx\AirCFx_67b7c1a5-2eb8-4548-b585-873fbb86b674.par

ENTER_PARSFILE Aerodynamics\Aero_Fy\AirCFy_fdb1d5b6-475a-4d35-bfcc-b2b05bed2d67.par
#FullDataName Aerodynamics: Fy (Side Force) Coef. vs. Aero Slip`Spline: 2 at 90 deg.`Spline Interpolation
FY_AERO_SHAPING_TABLE SPLINE_FLAT
-180, 0
-90, -2
0, 0
90, 2
180, 0
ENDTABLE
LOG_ENTRY Used Dataset: Aerodynamics: Fy (Side Force) Coef. vs. Aero Slip; { Spline Interpolation } Spline: 2 at 90 deg.
EXIT_PARSFILE Aerodynamics\Aero_Fy\AirCFy_fdb1d5b6-475a-4d35-bfcc-b2b05bed2d67.par

ENTER_PARSFILE Aerodynamics\Aero_Fz\AirCFz_181dc205-db9c-4a33-a480-7f8380b96502.par
#FullDataName Aerodynamics: Fz (Lift) Coef. vs. Aero Slip`Spline: 0.18 at 0 deg.`Spline Interpolation
FZ_AERO_SHAPING_TABLE SPLINE_FLAT
-180, 0.4
-135, 0.45
-90, 0.35
-20, 0.185
0, 0.18
20, 0.185
90, 0.35
135, 0.45
180, 0.4
ENDTABLE
LOG_ENTRY Used Dataset: Aerodynamics: Fz (Lift) Coef. vs. Aero Slip; { Spline Interpolation } Spline: 0.18 at 0 deg.
EXIT_PARSFILE Aerodynamics\Aero_Fz\AirCFz_181dc205-db9c-4a33-a480-7f8380b96502.par

ENTER_PARSFILE Aerodynamics\Aero_Mx\AirCMx_3f02edea-099a-450e-bb38-0cab04c7d554.par
#FullDataName Aerodynamics: Mx (Roll Moment) Coef. vs. Aero Slip`Spline: 0.3 at 90 deg.`Spline Interpolation
MX_AERO_SHAPING_TABLE SPLINE
-180, 0
-90, -0.3
0, 0
90, 0.3
180, 0
ENDTABLE
LOG_ENTRY Used Dataset: Aerodynamics: Mx (Roll Moment) Coef. vs. Aero Slip; { Spline Interpolation } Spline: 0.3 at 90 deg.
EXIT_PARSFILE Aerodynamics\Aero_Mx\AirCMx_3f02edea-099a-450e-bb38-0cab04c7d554.par

ENTER_PARSFILE Aerodynamics\Aero_My\AirCMy_d0c39dc5-f1b1-477a-8422-5ef53720bcf1.par
#FullDataName Aerodynamics: My (Pitch Moment) Coef. vs. Aero Slip`Spline: 0.15 at 0 deg.`Spline Interpolation
MY_AERO_SHAPING_TABLE SPLINE_FLAT
-180, -0.17
-160, -0.25
-90, 0
-20, 0.17
0, 0.15
20, 0.17
90, 0
160, -0.25
180, -0.17
ENDTABLE
LOG_ENTRY Used Dataset: Aerodynamics: My (Pitch Moment) Coef. vs. Aero Slip; { Spline Interpolation } Spline: 0.15 at 0 deg.
EXIT_PARSFILE Aerodynamics\Aero_My\AirCMy_d0c39dc5-f1b1-477a-8422-5ef53720bcf1.par

ENTER_PARSFILE Aerodynamics\Aero_Mz\AirCMz_8c859ffc-2eb2-44f3-8fa4-850e39efba8a.par
#FullDataName Aerodynamics: Mz (Yaw Moment) Coef. vs. Aero Slip`Spline: 0.2 at 35 deg.`Spline Interpolation
MZ_AERO_SHAPING_TABLE SPLINE_FLAT
-180, 0
-135, 0.2
-75, 0
-35, -0.2
0, 0
35, 0.2
75, 0
135, -0.2
180, 0
ENDTABLE
LOG_ENTRY Used Dataset: Aerodynamics: Mz (Yaw Moment) Coef. vs. Aero Slip; { Spline Interpolation } Spline: 0.2 at 35 deg.
EXIT_PARSFILE Aerodynamics\Aero_Mz\AirCMz_8c859ffc-2eb2-44f3-8fa4-850e39efba8a.par

X_REF_AERO -1165
Y_REF_AERO 0
H_REF_AERO 0
L_REF_AERO 2330
AREA_AERO 1.6
D_AIR 1.206
LOG_ENTRY Used Dataset: Aerodynamics: Basic; { B-Class } B-Class, Sports Car Aero
EXIT_PARSFILE Aerodynamics\Aero_Main\Aero_2ad0e557-6e21-46a6-8ab1-003608366afe.par

ENTER_PARSFILE Powertrain\Rwd\RWD_773b5373-7fdd-4a7a-8296-37bf0e693904.par
#FullDataName Powertrain: Rear-Wheel Drive`125 kW, 6-spd., 4.1 Ratio`125 kW Powertrains
INSTALL_POWERTRAIN 2
OPT_PT 2
R_REAR_DRIVE_SC 1
OPT_ENGINE_PITCH_REACTION(2) 0
INSTALL_ENGINE
INSTALL_TORQUE_TRANSFER_DEVICE
INSTALL_TRANSMISSION
R_MDRIVE 1
OPT_HEV 0
DRIVELINE_FREQ 9
DRIVELINE_ZETA 0.9
OPT_ENGINE_INTERNAL 1
OPT_PWR_CPL_INTERNAL 1
OPT_TRANS_INTERNAL 1
IDIFF 2
OPT_DIFF_INTERNAL 1
ENTER_PARSFILE Powertrain\Engine\Engine_6d2a4e9b-2c00-46b6-9250-b54c51f9c1ea.par
#FullDataName Powertrain: Engine`125 kW Engine`43 kW - 125 kW Engines
OPT_THROTTLE_DELAY 0
MENGINE_CARPET 2D_LINEAR
0, 0, 0.1, 0.15, 0.2, 0.35, 0.5, 0.7, 0.85, 0.95, 1
0, 0, 0, 0, 0, 0, 0, 0, 0, 0, 0
400, 0, 0, 0, 0, 0, 0, 0, 0, 0, 0
517, 20.63, 63.42, 84.48, 86.19, 87.17, 87.65, 87.82, 87.86, 87.88, 87.86
633, 24.75, 77.39, 116.38, 124.29, 125.56, 126.07, 126.25, 126.27, 126.27, 126.27
750, 0, 72.82, 123.35, 134.46, 137.46, 138.54, 138.94, 138.98, 138.97, 138.96
1107, -8.25, 58.85, 144.66, 165.55, 173.84, 176.68, 177.74, 177.84, 177.81, 177.74
1463, -12.38, 39.26, 139.43, 173.25, 184.29, 189.29, 191.74, 192.31, 192.68, 196.35
1820, -14.03, 21.45, 123.75, 176.33, 194.74, 201.9, 205.74, 206.78, 207.55, 212.85
2177, -16.81, 8.25, 98.04, 169.73, 198, 214.5, 216.98, 219.45, 221.93, 227.4
2533, -21.1, -5.34, 67.75, 151.73, 199.65, 222.5, 228.53, 232.7, 235.13, 239.25
2890, -25.11, -12.63, 47.01, 127.92, 194.27, 224.92, 237.69, 240.9, 245.85, 249.98
3247, -28.65, -18.38, 31.39, 102.07, 186.21, 222.75, 239.25, 245.85, 250.8, 255.75
3603, -32.14, -23.42, 19.57, 80.44, 167.53, 216.15, 240.08, 247.5, 253.28, 258.23
3960, -35.64, -28.09, 9.84, 63.68, 145.29, 207.19, 237.6, 246.68, 252.45, 255.75
4317, -39.34, -32.81, 0.23, 47.88, 125.2, 197.75, 233.48, 241.73, 247.5, 252.4
4673, -43.19, -37.51, -8.31, 34.33, 104.22, 183.59, 226.88, 235.13, 243.38, 247.5
5030, -47.28, -42.14, -15.9, 22.49, 85.54, 165.8, 218.63, 226.88, 235.13, 239.25
5387, -51.39, -46.87, -22.94, 12.04, 69.6, 147.15, 205.7, 213.68, 224.7, 227.07
5743, -55.99, -51.8, -29.76, 2.35, 55.16, 127.73, 184.51, 197.1, 203.01, 205.34
6100, -61.01, -57.01, -36.57, -6.8, 41.98, 108.88, 161.55, 173.27, 178.77, 180.88
6500, -66.83, -66.83, -66.83, -66.83, -66.83, -66.83, -66.83, -66.83, -66.83, -66.83
6700, -67.65, -67.65, -67.65, -67.65, -67.65, -67.65, -67.65, -67.65, -67.65, -67.65
ENDTABLE
AV_ENG_IDLE 750
IENG 0.16
AV_ENG_LOW_CLUTCH 1000
LOG_ENTRY Used Dataset: Powertrain: Engine; { 43 kW - 125 kW Engines } 125 kW Engine
EXIT_PARSFILE Powertrain\Engine\Engine_6d2a4e9b-2c00-46b6-9250-b54c51f9c1ea.par

ENTER_PARSFILE Powertrain\TConv\TC_cdefe6ab-4e1f-4d9d-8ac3-0de1a8932748.par
#FullDataName Powertrain: Torque Converter`Torque Converter: 125 kW Engine`Torque Converters: 75 kW to 150 kW
ITC_INPUT_SHAFT 0.015
ITC_OUTPUT_SHAFT 0.015
INV_CAP_TC_TABLE SPLINE_FLAT
0, 0.006425
0.1, 0.006425
0.2, 0.006425
0.3, 0.006425
0.4, 0.006424
0.5, 0.006419
0.6, 0.006386
0.7, 0.006243
0.8, 0.005735
0.9, 0.004185
0.95, 0.002578
0.99, 0.000614
1.01, -0.000614
1.05, -0.002578
1.1, -0.004185
1.2, -0.005735
1.3, -0.006243
1.4, -0.006386
1.5, -0.006419
1.6, -0.006424
1.7, -0.006425
1.8, -0.006425
1.9, -0.006425
2, -0.006425
ENDTABLE
RM_TC_TABLE LINEAR_FLAT
0, 1.864
0.881, 1
1, 1
ENDTABLE
LOG_ENTRY Used Dataset: Powertrain: Torque Converter; { Torque Converters: 75 kW to 150 kW } Torque Converter: 125 kW Engine
EXIT_PARSFILE Powertrain\TConv\TC_cdefe6ab-4e1f-4d9d-8ac3-0de1a8932748.par

ENTER_PARSFILE Powertrain\TransExt\Trans18_55b3d8ee-e987-4803-8615-8a5b5c910733.par
#FullDataName Powertrain: Transmission (18 Gears or CVT)`6-Speed`6-Speed Transmissions
NGEARS 6
OPT_SHIFT_INTERNAL 1
OPT_TR_GEAR_INTERNAL 1
R_GEAR_TR_REVERSE -3.168
IGEAR 1
R_GEAR_TR 3.538
IGEAR 2
R_GEAR_TR 2.06
IGEAR 3
R_GEAR_TR 1.404
IGEAR 4
R_GEAR_TR 1.00
IGEAR 5
R_GEAR_TR 0.713
IGEAR 6
R_GEAR_TR 0.582
ITR_REVERSE 0.034
ITR_NEUTRAL 0.034
IGEAR 1
ITR 0.037
IGEAR 2
ITR 0.034
IGEAR 3
ITR 0.042
IGEAR 4
ITR 0.04
IGEAR 5
ITR 0.04
IGEAR 6
ITR 0.04
R_EFF_TR_F_REVERSE 0.9
IGEAR 1
R_EFF_TR_F 0.92
IGEAR 2
R_EFF_TR_F 0.92
IGEAR 3
R_EFF_TR_F 0.95
IGEAR 4
R_EFF_TR_F 0.95
IGEAR 5
R_EFF_TR_F 0.98
IGEAR 6
R_EFF_TR_F 0.99
R_EFF_TR_R_REVERSE 0.9
IGEAR 1
R_EFF_TR_R 0.92
IGEAR 2
R_EFF_TR_R 0.92
IGEAR 3
R_EFF_TR_R 0.95
IGEAR 4
R_EFF_TR_R 0.95
IGEAR 5
R_EFF_TR_R 0.98
IGEAR 6
R_EFF_TR_R 0.99
T_SHIFT 0.25
igear 1
ENTER_PARSFILE Powertrain\Shift\Shift_28d508f4-a9e5-4d5f-93e0-da2839bd20ad.par
#FullDataName Powertrain: Shift Schedule`6-speed, 1-2 Shift`6-speed
UPSHIFT_TRANS_TABLE
0, 874
0.2, 874
0.8, 1653
1, 1653
ENDTABLE
DOWNSHIFT_TRANS_TABLE
0, 699
0.4, 699
0.8, 1240
1, 1240
ENDTABLE
LOG_ENTRY Used Dataset: Powertrain: Shift Schedule; { 6-speed } 6-speed, 1-2 Shift
EXIT_PARSFILE Powertrain\Shift\Shift_28d508f4-a9e5-4d5f-93e0-da2839bd20ad.par

igear 2
ENTER_PARSFILE Powertrain\Shift\Shift_458185ed-acb4-414f-bccd-d9bffa8cb1d0.par
#FullDataName Powertrain: Shift Schedule`6-speed, 2-3 Shift`6-speed
UPSHIFT_TRANS_TABLE
0, 1282
0.2, 1282
0.8, 2840
1, 2840
ENDTABLE
DOWNSHIFT_TRANS_TABLE
0, 1026
0.4, 1026
0.8, 2130
1, 2130
ENDTABLE
LOG_ENTRY Used Dataset: Powertrain: Shift Schedule; { 6-speed } 6-speed, 2-3 Shift
EXIT_PARSFILE Powertrain\Shift\Shift_458185ed-acb4-414f-bccd-d9bffa8cb1d0.par

igear 3
ENTER_PARSFILE Powertrain\Shift\Shift_227434b7-0668-495c-a01a-0881f536f932.par
#FullDataName Powertrain: Shift Schedule`6-speed, 3-4 Shift`6-speed
UPSHIFT_TRANS_TABLE
0, 1800
0.2, 1800
0.8, 4167
1, 4167
ENDTABLE
DOWNSHIFT_TRANS_TABLE
0, 1440
0.4, 1440
0.8, 3125
1, 3125
ENDTABLE
LOG_ENTRY Used Dataset: Powertrain: Shift Schedule; { 6-speed } 6-speed, 3-4 Shift
EXIT_PARSFILE Powertrain\Shift\Shift_227434b7-0668-495c-a01a-0881f536f932.par

igear 4
ENTER_PARSFILE Powertrain\Shift\Shift_4c7e0778-d050-4bc4-ae32-5ddb69fa99e5.par
#FullDataName Powertrain: Shift Schedule`6-speed, 4-5 Shift`6-speed
UPSHIFT_TRANS_TABLE
0, 2525
0.2, 2525
0.8, 5850
1, 5850
ENDTABLE
DOWNSHIFT_TRANS_TABLE
0, 2020
0.4, 2020
0.8, 4388
1, 4388
ENDTABLE
LOG_ENTRY Used Dataset: Powertrain: Shift Schedule; { 6-speed } 6-speed, 4-5 Shift
EXIT_PARSFILE Powertrain\Shift\Shift_4c7e0778-d050-4bc4-ae32-5ddb69fa99e5.par

igear 5
ENTER_PARSFILE Powertrain\Shift\Shift_1ca55221-d7d9-4a14-a7cc-e661498a08ca.par
#FullDataName Powertrain: Shift Schedule`6-speed, 5-6 Shift`6-speed
UPSHIFT_TRANS_TABLE
0, 3093
0.2, 3093
0.8, 8205
1, 8205
ENDTABLE
DOWNSHIFT_TRANS_TABLE
0, 2474
0.4, 2474
0.8, 6154
1, 6154
ENDTABLE
LOG_ENTRY Used Dataset: Powertrain: Shift Schedule; { 6-speed } 6-speed, 5-6 Shift
EXIT_PARSFILE Powertrain\Shift\Shift_1ca55221-d7d9-4a14-a7cc-e661498a08ca.par

igear 6
LOG_ENTRY Used Dataset: Powertrain: Transmission (18 Gears or CVT); { 6-Speed Transmissions } 6-Speed
EXIT_PARSFILE Powertrain\TransExt\Trans18_55b3d8ee-e987-4803-8615-8a5b5c910733.par

IDIFF 2
ENTER_PARSFILE Powertrain\Reardiff\DiffR_c642a21e-e719-4ec4-89bb-964708a0eac0.par
#FullDataName Powertrain: Rear Differential`Viscous: Gear Ratio 4.1:1`Limited Slip and Viscous Coupling
LOCKED_RD_OPT 0
OPT_LOCKED_DIFF 0
M_DIFF_VISC_TABLE SPLINE
-1200, 402.88
-1080, 382.21
-960, 360.35
-840, 337.07
-720, 312.07
-600, 284.88
-540, 270.26
-480, 254.8
-420, 238.35
-360, 220.67
-300, 201.44
-240, 180.17
-180, 156.03
-120, 127.4
-60, 90.09
0, 0
60, -90.09
120, -127.4
180, -156.03
240, -180.17
300, -201.44
360, -220.67
420, -238.35
480, -254.8
540, -270.26
600, -284.88
720, -312.07
840, -337.07
960, -360.35
1080, -382.21
1200, -402.88
ENDTABLE
M_DIFF_RD_TABLE SPLINE
-1200, 402.88
-1080, 382.21
-960, 360.35
-840, 337.07
-720, 312.07
-600, 284.88
-540, 270.26
-480, 254.8
-420, 238.35
-360, 220.67
-300, 201.44
-240, 180.17
-180, 156.03
-120, 127.4
-60, 90.09
0, 0
60, -90.09
120, -127.4
180, -156.03
240, -180.17
300, -201.44
360, -220.67
420, -238.35
480, -254.8
540, -270.26
600, -284.88
720, -312.07
840, -337.07
960, -360.35
1080, -382.21
1200, -402.88
ENDTABLE
R_GEAR_RD 4.1
R_EFF_F_RD 0.99
R_EFF_R_RD 0.99
LOCKED_RD_DAMP 0.8
LOCKED_RD_K 80
IDS_R 0.013
IHS_LR 0.009
IHS_RR 0.009
R_GEAR_DIFF 4.1
R_EFF_F_DIFF 0.99
R_EFF_R_DIFF 0.99
LOCKED_DIFF_DAMP 0.8
LOCKED_DIFF_K 80
IDS 0.013
IHS_L 0.009
IHS_R 0.009
LOG_ENTRY Used Dataset: Powertrain: Rear Differential; { Limited Slip and Viscous Coupling } Viscous: Gear Ratio 4.1:1
EXIT_PARSFILE Powertrain\Reardiff\DiffR_c642a21e-e719-4ec4-89bb-964708a0eac0.par

LOG_ENTRY Used Dataset: Powertrain: Rear-Wheel Drive; { 125 kW Powertrains } 125 kW, 6-spd., 4.1 Ratio
EXIT_PARSFILE Powertrain\Rwd\RWD_773b5373-7fdd-4a7a-8296-37bf0e693904.par

ENTER_PARSFILE Brakes\4W_System\Brk4W_e0a33082-d8fd-4b80-8c76-a8b2036812f5.par
#FullDataName Brakes: Four-Wheel System`Sports Car: M/C Press, ABS`B-Class
OPT_BK_PEDAL 0
TL_L1 0
TL_L2 0
iaxle 1
iside 1
TLAG_BK 0
PBK_DL_COEFFICIENT 1
PBK_DL_COMBINE MULTIPLY
PBK_DL_FZ_CONSTANT 1
TC_L1 0.06
TC_BK 0.06
OPT_BK_DYN 1
MY_BRAKE_COEFFICIENT 200
MY_FRICTION 0.5
INSTALL_ABS_CONTROLLER
OPT_ABS_CTRL 2
ABS_SLIP_OFF 0.15
ABS_SLIP_ON 0.09
ABS_VMIN 2
iside 2
TLAG_BK 0
PBK_DL_COEFFICIENT 1
PBK_DL_COMBINE MULTIPLY
PBK_DL_FZ_CONSTANT 1
TC_L1 0.06
TC_BK 0.06
OPT_BK_DYN 1
MY_BRAKE_COEFFICIENT 200
MY_FRICTION 0.5
iaxle 2
iside 1
TLAG_BK 0
PBK_DL_COEFFICIENT 1
PBK_DL_COMBINE MULTIPLY
PBK_DL_FZ_CONSTANT 1
TC_L2 0.06
TC_BK 0.06
OPT_BK_DYN 1
MY_BRAKE_COEFFICIENT 100
MY_FRICTION 0.5
OPT_ABS_CTRL 2
ABS_SLIP_OFF 0.2
ABS_SLIP_ON 0.1
ABS_VMIN 2
iside 2
TLAG_BK 0
PBK_DL_COEFFICIENT 1
PBK_DL_COMBINE MULTIPLY
PBK_DL_FZ_CONSTANT 1
TC_L2 0.06
TC_BK 0.06
OPT_BK_DYN 1
MY_BRAKE_COEFFICIENT 100
MY_FRICTION 0.5
LOG_ENTRY Used Dataset: Brakes: Four-Wheel System; { B-Class } Sports Car: M/C Press, ABS
EXIT_PARSFILE Brakes\4W_System\Brk4W_e0a33082-d8fd-4b80-8c76-a8b2036812f5.par

ENTER_PARSFILE Animator\Vehicles\AniVeh_4986d2bf-e6a5-4076-b5cc-94a288fa5a6d.par
#FullDataName Animator: Vehicles and Sensor Targets`B-Class, Sports Car`B-Class
OPT_TRAILER_REF_FRAME 0
OBJ_X_LENGTH 2330
OBJ_Y_LENGTH 1718
OBJ_Z_LENGTH 1080
DZ_OBJECT 0
WRITE_ADD_REFERENCE_FRAME_OBJECT
ADD_REFERENCE_FRAME Sprung mass
SET_EULER_ANGLES YAW_PITCH_ROLL
SET_X_NAME Xo
WRT_Xo
ANI_Xo
SET_Y_NAME Yo
WRT_Yo
ANI_Yo
SET_Z_NAME Zo
WRT_Zo
ANI_Zo
SET_YAW_NAME Yaw
WRT_Yaw
ANI_Yaw
SET_PITCH_NAME Pitch
WRT_Pitch
ANI_Pitch
SET_ROLL_NAME Roll_E
WRT_Roll_E
ANI_Roll_E
SET_SCALE_X 1.06
SET_SCALE_Y 1.06
SET_SCALE_Z 1.06
SET_OFFSET_X 0
SET_OFFSET_Y 0.74
SET_OFFSET_Z 0.2926
SET_SCALE_X 1.06
SET_SCALE_Y 1.06
SET_SCALE_Z 1.06
SET_ANGLE_X 180
SET_OFFSET_X 0
SET_OFFSET_Y -0.74
SET_OFFSET_Z 0.2926
SET_SCALE_X 1.06
SET_SCALE_Y 1.06
SET_SCALE_Z 1.06
SET_OFFSET_X -2.33
SET_OFFSET_Y 0.7425
SET_OFFSET_Z 0.2926
SET_SCALE_X 1.06
SET_SCALE_Y 1.06
SET_SCALE_Z 1.06
SET_ANGLE_X 180
SET_OFFSET_X -2.33
SET_OFFSET_Y -0.7425
SET_OFFSET_Z 0.2926
DZ_OBJECT 0
WRITE_ADD_REFERENCE_FRAME_OBJECT
ADD_REFERENCE_FRAME Sprung mass
SET_EULER_ANGLES YAW_PITCH_ROLL
SET_X_NAME Xo
WRT_Xo
ANI_Xo
SET_Y_NAME Yo
WRT_Yo
ANI_Yo
SET_Z_NAME Zo
WRT_Zo
ANI_Zo
SET_YAW_NAME Yaw
WRT_Yaw
ANI_Yaw
SET_PITCH_NAME Pitch
WRT_Pitch
ANI_Pitch
SET_ROLL_NAME Roll_E
WRT_Roll_E
ANI_Roll_E
ENTER_PARSFILE Animator\STL_Groups\ShpGrp_27699196-17ad-4010-9718-476c334d297e.par
#FullDataName Animator: Shape Assembly`B-Class Convertible`Passenger Cars
ENTER_PARSFILE Animator\STL\Shape_71d4339f-b88d-4071-9f51-de824a48d309.par
#FullDataName Animator: Shape File Link`Sports Car: Body`Cars: B-Class
add_obj Animator\3D_Shape_Files\Cars\B_Class_Sports_Car\Conv_body.obj
SET_COLOR 0 0 0.8
SET_SCALE_X .975
SET_SCALE_Y .95
SET_SCALE_Z 1
SET_OFFSET_X -.01
SET_OFFSET_Y 0
SET_OFFSET_Z 0.288
set_lighting on
set_fogging on
USE_RUN_COLOR
SET_SPECULAR 1 1 1
vsv_enable_shadows_recursive
LOG_ENTRY Used Dataset: Animator: Shape File Link; { Cars: B-Class } Sports Car: Body
EXIT_PARSFILE Animator\STL\Shape_71d4339f-b88d-4071-9f51-de824a48d309.par

ENTER_PARSFILE Animator\STL\Shape_3db782ca-fe16-4e01-a76f-516d74f6d484.par
#FullDataName Animator: Shape File Link`Sports Car: Details`Cars: B-Class
add_obj Animator\3D_Shape_Files\Cars\B_Class_Sports_Car\Conv_details.obj
SET_SCALE_X .975
SET_SCALE_Y .95
SET_SCALE_Z 1
SET_OFFSET_X -0.01
SET_OFFSET_Y 0
SET_OFFSET_Z 0.288
set_lighting on
set_fogging on
set_transparency 1
SET_SPECULAR 1 1 1
vsv_enable_shadows_recursive
LOG_ENTRY Used Dataset: Animator: Shape File Link; { Cars: B-Class } Sports Car: Details
EXIT_PARSFILE Animator\STL\Shape_3db782ca-fe16-4e01-a76f-516d74f6d484.par

ENTER_PARSFILE Animator\STL\Shape_6548304c-1e27-4846-a45e-476ec0dec554.par
#FullDataName Animator: Shape File Link`Sports Car: Windows`Cars: B-Class
add_obj Animator\3D_Shape_Files\Cars\B_Class_Sports_Car\Conv_Window.obj
SET_SCALE_X 0.975
SET_SCALE_Y 0.95
SET_SCALE_Z 1
SET_OFFSET_X -0.01
SET_OFFSET_Y 0
SET_OFFSET_Z 0.288
set_lighting on
set_fogging on
set_transparency 1
SET_SPECULAR 1 1 1
vsv_enable_shadows_recursive
LOG_ENTRY Used Dataset: Animator: Shape File Link; { Cars: B-Class } Sports Car: Windows
EXIT_PARSFILE Animator\STL\Shape_6548304c-1e27-4846-a45e-476ec0dec554.par

ENTER_PARSFILE Animator\STL\Shape_c366a33b-399d-4cc1-9011-b8f4c4b50c98.par
#FullDataName Animator: Shape File Link`Sports Car: Driver (Asian Male)`Cars: B-Class
add_obj Animator\3D_Shape_Files\Cars\B_Class_Sports_Car\Drivers\Asian_Male\Asian_Male.obj
SET_COLOR 1 1 1
SET_SCALE_X 0.975
SET_SCALE_Y 0.95
SET_SCALE_Z 1
SET_OFFSET_X -0.01
SET_OFFSET_Y 0
SET_OFFSET_Z 0.288
set_lighting on
set_fogging on
SET_SPECULAR 0.75 0.75 0.75
vsv_enable_shadows_recursive
LOG_ENTRY Used Dataset: Animator: Shape File Link; { Cars: B-Class } Sports Car: Driver (Asian Male)
EXIT_PARSFILE Animator\STL\Shape_c366a33b-399d-4cc1-9011-b8f4c4b50c98.par

x_ref_length 2330
y_ref_length 1718
z_ref_length 1080
LOG_ENTRY Used Dataset: Animator: Shape Assembly; { Passenger Cars } B-Class Convertible
EXIT_PARSFILE Animator\STL_Groups\ShpGrp_27699196-17ad-4010-9718-476c334d297e.par

WRITE_REFERENCE_FRAME_SIZE
X_LENGTH 2330
Y_LENGTH 1718
Z_LENGTH 1080
WRITE_ADD_REFERENCE_FRAME_BRAKES
ADD_REFERENCE_FRAME Brake Lights
SET_EULER_ANGLES YAW_PITCH_ROLL
SET_X_NAME Xo
WRT_Xo
ANI_Xo
SET_Y_NAME Yo
WRT_Yo
ANI_Yo
SET_Z_NAME Zo
WRT_Zo
ANI_Zo
SET_YAW_NAME Yaw
WRT_Yaw
ANI_Yaw
SET_PITCH_NAME Pitch
WRT_Pitch
ANI_Pitch
SET_ROLL_NAME Roll_E
WRT_Roll_E
ANI_Roll_E
SET_FRAME_VISIBLE_NAME Bk_Stat
WRT_Bk_Stat
ANI_Bk_Stat
ENTER_PARSFILE Animator\STL\Shape_43df7193-745e-4884-baeb-fd6acfa21469.par
#FullDataName Animator: Shape File Link`Sports Car: Brake Lights`Cars: B-Class
add_obj Animator\3D_Shape_Files\Cars\B_Class_Sports_Car\Conv_brakes_on.obj
SET_COLOR 1 1 1
SET_SCALE_X 0.975
SET_SCALE_Y 0.95
SET_SCALE_Z 1
SET_OFFSET_X -0.01
SET_OFFSET_Y 0
SET_OFFSET_Z 0.288
X_REF_LENGTH 2330
Y_REF_LENGTH 1718
Z_REF_LENGTH 1080
set_lighting on
set_fogging on
SET_SPECULAR 1 1 1
LOG_ENTRY Used Dataset: Animator: Shape File Link; { Cars: B-Class } Sports Car: Brake Lights
EXIT_PARSFILE Animator\STL\Shape_43df7193-745e-4884-baeb-fd6acfa21469.par

set_lighting on
set_fogging on
WRITE_REFERENCE_FRAME_SIZE
X_LENGTH 2330
Y_LENGTH 1718
Z_LENGTH 1080
WRITE_ADD_REFERENCE_FRAME_REVERSE_LIGHTS
ADD_REFERENCE_FRAME Reverse Lights
SET_EULER_ANGLES YAW_PITCH_ROLL
SET_X_NAME Xo
WRT_Xo
ANI_Xo
SET_Y_NAME Yo
WRT_Yo
ANI_Yo
SET_Z_NAME Zo
WRT_Zo
ANI_Zo
SET_YAW_NAME Yaw
WRT_Yaw
ANI_Yaw
SET_PITCH_NAME Pitch
WRT_Pitch
ANI_Pitch
SET_ROLL_NAME Roll_E
WRT_Roll_E
ANI_Roll_E
SET_FRAME_VISIBLE_NAME 0>GearStat
ANI_GearStat
WRT_GearStat
ENTER_PARSFILE Animator\STL\Shape_7a01d206-07ae-4ded-97b3-1cd2ff536cbf.par
#FullDataName Animator: Shape File Link`Sports Car: Reverse Lights`Cars: B-Class
add_obj Animator\3D_Shape_Files\Cars\B_Class_Sports_Car\Conv_reverse_on.obj
SET_COLOR 1 1 1
SET_SCALE_X 0.975
SET_SCALE_Y 0.95
SET_SCALE_Z 1
SET_OFFSET_X -0.01
SET_OFFSET_Y 0
SET_OFFSET_Z 0.288
X_REF_LENGTH 2330
Y_REF_LENGTH 1718
Z_REF_LENGTH 1080
set_lighting on
set_fogging on
SET_SPECULAR 1 1 1
LOG_ENTRY Used Dataset: Animator: Shape File Link; { Cars: B-Class } Sports Car: Reverse Lights
EXIT_PARSFILE Animator\STL\Shape_7a01d206-07ae-4ded-97b3-1cd2ff536cbf.par

set_lighting on
set_fogging on
WRITE_REFERENCE_FRAME_SIZE
X_LENGTH 2330
Y_LENGTH 1718
Z_LENGTH 1080
LOG_ENTRY Used Dataset: Animator: Vehicles and Sensor Targets; { B-Class } B-Class, Sports Car
EXIT_PARSFILE Animator\Vehicles\AniVeh_4986d2bf-e6a5-4076-b5cc-94a288fa5a6d.par

IOBJECT_RESTORE
LOCK_BK_R_FREQ 160
LOG_ENTRY Used Dataset: Vehicle: Assembly; { B-Class } B-Class, Sports Car (VSA)
EXIT_PARSFILE Vehicles\Assembly\Vehicle_f6cd03e4-224b-4450-b9bc-b41125043a64.par

ENTER_PARSFILE Procedures\Proc_1e98f09e-1e72-4ff4-8799-e7fc45db54a6.par
#FullDataName Procedures`Turn 1 (Handling Course)`Driver Controls
OPT_INIT_PATH 1
OPT_STOP 0
SSTART 0
TSTART 0
TSTART_WRITE = 0;
TSTOP 9
SSTOP = SSTART + 1 ;
OPT_DIRECTION 1
INSTALL_SPEED_CONTROLLER
OPT_SC 3
SET_ISPEED_FOR_ID 0
SPEED_ID_SC = SPEED_TARGET_ID
SPEED_TARGET_COMBINE ADD
SPEED_TARGET_S_CONSTANT 0
set_description SPEED_TARGET_ID Procedure: Turn 1 (Handling Course)
SPEED_TARGET_CONSTANT 80
OPT_SC_ENGINE_BRAKING 0
ENTER_PARSFILE Control\Driver\StrDM_f11c27c8-7d18-47ac-9922-9799f383e281.par
#FullDataName Control: Steering by the Closed-loop Driver Model`0.25s Single Preview`Constant Position: No Offset
SET_ILTARG_FOR_ID 0
set_description LTARG_ID 0.25s Single Preview
INSTALL_DM_PATH_FOLLOWER
OPT_DM 3
INSTALL_DM_IMPORTS
LTARG_CONSTANT 0
SET_PATH_WIDTH 0.1
SET_PATH_DASH_INTERVAL 1.0
SET_PATH_VERTEX_INTERVAL 1
SET_PATH_DZ 0.03
SET_PATH_COLOR 0.4 0.4 1
LTARG_ID_DM LTARG_ID
CREATE_PATH_OBJ on
OPT_STR_BY_TRQ 0
AV_SW_MAX_DM 1200
A_SW_MAX_DM 720
VLOW_DM 10
TPREV_CONSTANT 0.25
LOG_ENTRY Used Dataset: Control: Steering by the Closed-loop Driver Model; { Constant Position: No Offset } 0.25s Single Preview
EXIT_PARSFILE Control\Driver\StrDM_f11c27c8-7d18-47ac-9922-9799f383e281.par

ENTER_PARSFILE Control\Gear_at\GearCL_3f60e7d2-b8c4-4d68-a9c4-d897bb3e2a86.par
#FullDataName Control: Shifting (Closed Loop)`AT (All Available Gears)`Closed-Loop Shifting
MODE_TRANS_CONSTANT NGEARS
LOG_ENTRY Used Dataset: Control: Shifting (Closed Loop); { Closed-Loop Shifting } AT (All Available Gears)
EXIT_PARSFILE Control\Gear_at\GearCL_3f60e7d2-b8c4-4d68-a9c4-d897bb3e2a86.par

ENTER_PARSFILE Roads\3D_Road\Road_2e2d68ea-3745-4439-97f8-47f23dcb3105.par
#FullDataName Road: 3D Surface (All Properties)`Handling Course`Self-Contained Scenes
SET_IROAD_FOR_ID 0
CURRENT_ROAD_ID = ROAD_ID
set_description road_id Handling Course
ENTER_PARSFILE Roads\Center_XY\PathXY_c0142889-4f85-45a5-830f-de071137ef97.par
#FullDataName Path: X-Y Coordinates`Handling Course Left Edge`Handling Course
SET_IPATH_FOR_ID 0
DEFINE_XY_TABLES 1
ITAB_XY = NTAB_XY
XY_TABLE_ID = ITAB_XY
SET_DESCRIPTION PATH_ID Handling Course Left Edge
SET_DESCRIPTION XY_TABLE_ID Handling Course Left Edge
IPATHSEG = 1
PATH_ID_DM = PATH_ID
SEGMENT_TYPE = 1
XY_SEGMENT_ID = XY_TABLE_ID
OPT_PATH_LOOP 1
SPATH_START 0
SEGMENT_XY_TABLE
0.0000, 0.0000, 0.0000
8.8500, -60.0126, 60.6616
9.5251, -64.6151, 65.3134
10.2247, -69.2276, 69.9786
10.8244, -73.8541, 74.6438
11.1633, -78.5060, 79.3081
11.2008, -83.1705, 83.9727
10.9947, -87.8308, 88.6376
10.5634, -92.4759, 93.3027
9.9327, -97.0981, 97.9677
9.0664, -101.6815, 102.6322
7.8502, -106.1843, 107.2964
6.2622, -110.5694, 111.9602
4.3272, -114.8135, 116.6246
2.1533, -118.9409, 121.2895
-0.1357, -123.0061, 125.9548
-2.4700, -127.0456, 130.6203
-4.9405, -131.0027, 135.2853
-7.5312, -134.8823, 139.9503
-10.2788, -138.6523, 144.6153
-13.2380, -142.2581, 149.2800
-16.4765, -145.6131, 153.9430
-20.0327, -148.6301, 158.6066
-23.8704, -151.2789, 163.2696
-27.9751, -153.4907, 167.9323
-32.2918, -155.2545, 172.5954
-36.7354, -156.6729, 177.2599
-41.2587, -157.8126, 181.9246
-45.8451, -158.6631, 186.5892
-50.4764, -159.2199, 191.2538
-55.1316, -159.5220, 195.9188
-59.7947, -159.6590, 200.5839
-64.4589, -159.5821, 205.2488
-69.1108, -159.2402, 209.9132
-73.7291, -158.5896, 214.5771
-78.2603, -157.4902, 219.2398
-82.6532, -155.9252, 223.9031
-86.8770, -153.9483, 228.5667
-90.9152, -151.6153, 233.2304
-94.7488, -148.9592, 237.8942
-98.3748, -146.0254, 242.5584
-101.8245, -142.8854, 247.2232
-105.0519, -139.5181, 251.8874
-108.0724, -135.9635, 256.5520
-110.8885, -132.2449, 261.2166
-113.4454, -128.3440, 265.8808
-115.7570, -124.2923, 270.5455
-117.8240, -120.1110, 275.2098
-119.5542, -115.7801, 279.8736
-120.9181, -111.3201, 284.5374
-121.9105, -106.7634, 289.2010
-122.4939, -102.1364, 293.8646
-122.7365, -97.4780, 298.5293
-122.8252, -92.8136, 303.1946
-122.7443, -88.1496, 307.8593
-122.4903, -83.4912, 312.5246
-122.1560, -78.8378, 317.1900
-121.7430, -74.1907, 321.8554
-121.2591, -69.5505, 326.5207
-120.7285, -64.9153, 331.1862
-120.1758, -60.2828, 335.8516
-119.5790, -55.6557, 340.5170
-118.9375, -51.0346, 345.1824
-118.3057, -46.4122, 349.8478
-117.7277, -41.7828, 354.5131
-117.2655, -37.1404, 359.1785
-116.9502, -32.4859, 363.8437
-116.8319, -27.8224, 368.5087
-116.9280, -23.1584, 373.1736
-117.2359, -18.5035, 377.8387
-117.6994, -13.8615, 382.5038
-118.2956, -9.2344, 387.1692
-118.9667, -4.6175, 391.8346
-119.6911, -0.0087, 396.5000
-120.4310, 4.5976, 401.1653
-121.1799, 9.2026, 405.8308
-121.9566, 13.8029, 410.4962
-122.7200, 18.4054, 415.1616
-123.4280, 23.0165, 419.8267
-123.9573, 27.6512, 424.4916
-124.1080, 32.3107, 429.1535
-123.6944, 36.9546, 433.8158
-122.7190, 41.5134, 438.4777
-121.1915, 45.9179, 443.1396
-119.1422, 50.1057, 447.8019
-116.6605, 54.0531, 452.4646
-113.7891, 57.7276, 457.1280
-110.6883, 61.2131, 461.7931
-107.5343, 64.6509, 466.4586
-104.3497, 68.0603, 471.1239
-101.1089, 71.4164, 475.7894
-97.8512, 74.7561, 480.4548
-94.5760, 78.0787, 485.1203
-91.2847, 81.3853, 489.7857
-87.9857, 84.6843, 494.4512
-84.6788, 87.9753, 499.1166
-81.4092, 91.3032, 503.7819
-78.1414, 94.6331, 508.4474
-74.8716, 97.9609, 513.1128
-71.6753, 101.3586, 517.7776
-68.8142, 105.0377, 522.4383
-66.5882, 109.1292, 527.0961
-65.2942, 113.5971, 531.7476
-65.1287, 118.2471, 536.4006
-65.9494, 122.8305, 541.0569
-67.6555, 127.1634, 545.7136
-70.0925, 131.1352, 550.3734
-73.0843, 134.7092, 555.0344
-76.5013, 137.8814, 559.6968
-80.2480, 140.6578, 564.3601
-84.2403, 143.0688, 569.0240
-88.3650, 145.2484, 573.6891
-92.5757, 147.2562, 578.3540
-96.8699, 149.0788, 583.0190
-101.2392, 150.7136, 587.6841
-105.6756, 152.1561, 592.3492
-110.1592, 153.4454, 597.0144
-114.6630, 154.6628, 601.6799
-119.1520, 155.9333, 606.3452
-123.5756, 157.4124, 611.0095
-127.8551, 159.2641, 615.6725
-131.8881, 161.6015, 620.3339
-135.5102, 164.5327, 624.9934
-138.6499, 167.9775, 629.6544
-141.2382, 171.8531, 634.3148
-143.2094, 176.0763, 638.9754
-144.5965, 180.5277, 643.6379
-145.6042, 185.0823, 648.3026
-146.4593, 189.6686, 652.9680
-147.2567, 194.2653, 657.6333
-148.0193, 198.8680, 662.2988
-148.7308, 203.4788, 666.9641
-149.4369, 208.0905, 671.6296
-150.1423, 212.7023, 676.2950
-150.8568, 217.3128, 680.9605
-151.5747, 221.9226, 685.6259
-152.2332, 226.5414, 690.2914
-152.8343, 231.1679, 694.9568
-153.3803, 235.8012, 699.6222
-153.8455, 240.4433, 704.2875
-154.2038, 245.0948, 708.9528
-154.4178, 249.7551, 713.6180
-154.3453, 254.4185, 718.2820
-153.9024, 259.0616, 722.9461
-153.0213, 263.6404, 727.6089
-151.5368, 268.0585, 732.2698
-149.3871, 272.1941, 736.9307
-146.7280, 276.0244, 741.5936
-143.6199, 279.4995, 746.2558
-140.1398, 282.6040, 750.9194
-136.4563, 285.4662, 755.5842
-132.5932, 288.0799, 760.2484
-128.5381, 290.3849, 764.9128
-124.3292, 292.3959, 769.5775
-120.0181, 294.1787, 774.2427
-115.6516, 295.8214, 778.9080
-111.2373, 297.3306, 783.5731
-106.7523, 298.6135, 788.2380
-102.2105, 299.6782, 792.9029
-97.6197, 300.5055, 797.5677
-92.9917, 301.0903, 802.2325
-88.3357, 301.3724, 806.8970
-83.6712, 301.3504, 811.5616
-79.0178, 301.0298, 816.2260
-74.3977, 300.3873, 820.8905
-69.8185, 299.4981, 825.5553
-65.2943, 298.3615, 830.2201
-60.8554, 296.9280, 834.8847
-56.5002, 295.2563, 839.5497
-52.2353, 293.3658, 844.2148
-48.0532, 291.2987, 848.8799
-43.9423, 289.0931, 853.5451
-39.8918, 286.7783, 858.2104
-35.8857, 284.3872, 862.8758
-31.8961, 281.9688, 867.5412
-27.9019, 279.5579, 872.2066
-23.8142, 277.3105, 876.8714
-19.5914, 275.3294, 881.5358
-15.2356, 273.6617, 886.1999
-10.7676, 272.3226, 890.8643
-6.2127, 271.3180, 895.5286
-1.6072, 270.5777, 900.1933
3.0359, 270.1312, 904.8578
7.6968, 269.9294, 909.5230
12.3614, 269.8401, 914.1885
17.0262, 269.7686, 918.8538
96.3369, 269.5587, 998.1648
101.0020, 269.5040, 1002.8302
105.6654, 269.3750, 1007.4954
110.3216, 269.0880, 1012.1605
114.9621, 268.6081, 1016.8257
119.5705, 267.8890, 1021.4899
124.0939, 266.7539, 1026.1535
128.4987, 265.2213, 1030.8173
132.7914, 263.3957, 1035.4821
137.0125, 261.4092, 1040.1473
141.1851, 259.3233, 1044.8122
145.2361, 257.0109, 1049.4767
149.1408, 254.4588, 1054.1415
152.9434, 251.7559, 1058.8068
156.6711, 248.9513, 1063.4718
160.2571, 245.9678, 1068.1366
163.6875, 242.8067, 1072.8014
166.9615, 239.4837, 1077.4663
170.1290, 236.0585, 1082.1316
173.1371, 232.4933, 1086.7963
175.9362, 228.7621, 1091.4607
178.4984, 224.8640, 1096.1255
180.8741, 220.8492, 1100.7905
183.1121, 216.7558, 1105.4558
185.2048, 212.5865, 1110.1208
187.1244, 208.3347, 1114.7858
188.8540, 204.0024, 1119.4506
190.3127, 199.5718, 1124.1152
191.4564, 195.0501, 1128.7793
192.2242, 190.4495, 1133.4435
192.9000, 185.8227, 1138.1194
193.5000, 181.1990, 1142.7819
194.0300, 176.5746, 1147.4365
194.4050, 171.9308, 1152.0955
194.6500, 167.2712, 1156.7615
194.8500, 162.6074, 1161.4296
195.0500, 157.9425, 1166.0988
195.2000, 153.2773, 1170.7664
204.1252, -107.7962, 1431.9924
204.3272, -112.4573, 1436.6579
204.4966, -117.1197, 1441.3233
204.6690, -121.7819, 1445.9887
204.8180, -126.4448, 1450.6540
204.8004, -131.1098, 1455.3190
204.4705, -135.7616, 1459.9825
203.6377, -140.3488, 1464.6447
202.1617, -144.7686, 1469.3045
200.0112, -148.9037, 1473.9653
197.2703, -152.6722, 1478.6252
193.9285, -155.9184, 1483.2841
190.0990, -158.5767, 1487.9458
185.9590, -160.7206, 1492.6080
181.6275, -162.4512, 1497.2724
177.1717, -163.4000, 1501.8281
170.0000, -164.0000, 1509.0248
165.0000, -164.4180, 1514.0423
155.0000, -165.2550, 1524.0773
130.0000, -167.3470, 1549.1646
115.0000, -168.6020, 1564.2170
105.0000, -169.4390, 1574.2520
93.5169, -170.4000, 1585.7753
88.8629, -170.5101, 1590.4306
84.2037, -170.3394, 1595.0929
79.6027, -169.5891, 1599.7547
75.1379, -168.2474, 1604.4167
70.8696, -166.3715, 1609.0790
66.8209, -164.0571, 1613.7426
62.9966, -161.3871, 1618.4067
59.3646, -158.4608, 1623.0709
55.9442, -155.2892, 1627.7354
52.7165, -151.9214, 1632.4002
49.7030, -148.3612, 1637.0646
46.9996, -144.5614, 1641.7279
44.6514, -140.5318, 1646.3918
42.6479, -136.3204, 1651.0555
41.0172, -131.9512, 1655.7191
39.7988, -127.4498, 1660.3824
38.9868, -122.8573, 1665.0462
38.5415, -118.2146, 1669.7102
38.4232, -113.5518, 1674.3745
38.6583, -108.8937, 1679.0385
39.2751, -104.2705, 1683.7027
40.2767, -99.7158, 1688.3662
41.6825, -95.2691, 1693.0298
43.4906, -90.9703, 1697.6934
45.6266, -86.8232, 1702.3583
47.8857, -82.7414, 1707.0235
50.3325, -78.7707, 1711.6876
53.2272, -75.1184, 1716.3479
56.6779, -71.9874, 1721.0073
60.5086, -69.3274, 1725.6710
64.4763, -66.8734, 1730.3363
68.5010, -64.5139, 1735.0016
72.5439, -62.1856, 1739.6670
76.5772, -59.8407, 1744.3325
80.5976, -57.4736, 1748.9979
84.6315, -55.1298, 1753.6633
88.6843, -52.8190, 1758.3286
92.7485, -50.5279, 1762.9941
96.8032, -48.2203, 1767.6595
100.8488, -45.8967, 1772.3249
104.8749, -43.5397, 1776.9902
108.8511, -41.0996, 1781.6554
112.6661, -38.4182, 1786.3184
116.0428, -35.2096, 1790.9765
118.7677, -31.4321, 1795.6342
120.7060, -27.1996, 1800.2894
121.7561, -22.6622, 1804.9468
121.9223, -18.0092, 1809.6027
121.1527, -13.4160, 1814.2600
119.7662, -8.9626, 1818.9242
118.2651, -4.5454, 1823.5895
116.8500, -0.0998, 1828.2549
115.5033, 4.3670, 1832.9203
114.3089, 8.8761, 1837.5849
113.4978, 13.4670, 1842.2469
113.3099, 18.1239, 1846.9076
113.8738, 22.7488, 1851.5667
115.1052, 27.2443, 1856.2278
116.8045, 31.5882, 1860.8923
118.6310, 35.8812, 1865.5577
141.6169, 81.2010, 1916.3734
143.7408, 85.3549, 1921.0388
145.8479, 89.5174, 1925.7042
147.9335, 93.6906, 1930.3695
150.0192, 97.8638, 1935.0349
152.0869, 102.0460, 1939.7003
154.1348, 106.2380, 1944.3658
156.1155, 110.4619, 1949.0311
157.9649, 114.7447, 1953.6961
159.6353, 119.1005, 1958.3612
161.0865, 123.5335, 1963.0257
162.2445, 128.0518, 1967.6900
163.0622, 132.6436, 1972.3541
163.4756, 137.2888, 1977.0176
163.5144, 141.9528, 1981.6818
163.1972, 146.6059, 1986.3457
162.4630, 151.2108, 1991.0088
161.2630, 155.7168, 1995.6718
159.6483, 160.0918, 2000.3353
157.6398, 164.3003, 2004.9985
155.2658, 168.3150, 2009.6626
152.5890, 172.1348, 2014.3269
149.6623, 175.7669, 2018.9914
146.5255, 179.2194, 2023.6561
143.2144, 182.5052, 2028.3209
139.7154, 185.5899, 2032.9855
135.9974, 188.4049, 2037.6489
132.0240, 190.8453, 2042.3119
127.8112, 192.8436, 2046.9746
123.4188, 194.4092, 2051.6377
118.8932, 195.5321, 2056.3005
114.2718, 196.1480, 2060.9628
109.6100, 196.1829, 2065.6247
104.9604, 195.8082, 2070.2894
100.3264, 195.2677, 2074.9548
95.7048, 194.6306, 2079.6201
91.0998, 193.8500, 2084.2908
86.5182, 193.0032, 2088.9500
81.9792, 191.9272, 2093.6148
77.4945, 190.6437, 2098.2795
73.0920, 189.1022, 2102.9441
68.8006, 187.2746, 2107.6085
64.6393, 185.1674, 2112.2729
60.6052, 182.8254, 2116.9375
56.7171, 180.2482, 2121.6022
52.9868, 177.4477, 2126.2667
49.4351, 174.4236, 2130.9315
46.0004, 171.2662, 2135.5969
42.6051, 168.0665, 2140.2623
39.2349, 164.8405, 2144.9277
35.9966, 161.4833, 2149.5921
13.2987, 138.0831, 2182.1922
10.2817, 134.5247, 2186.8575
7.3894, 130.8644, 2191.5226
4.6234, 127.1078, 2196.1876
2.0424, 123.2219, 2200.8526
-0.3974, 119.2455, 2205.5178
-2.7124, 115.1952, 2210.1830
-4.8621, 111.0551, 2214.8479
-6.8041, 106.8139, 2219.5126
-8.5075, 102.4711, 2224.1775
-9.9409, 98.0320, 2228.8423
-11.0961, 93.5130, 2233.5066
-11.8871, 88.9172, 2238.1700
-12.1395, 84.2621, 2242.8320
-11.7983, 79.6122, 2247.4944
-11.1000, 75.0077, 2252.1515
-10.4000, 70.4223, 2256.7900
-9.7000, 65.8345, 2261.4309
0.0000, 0.0000, 2327.9762
ENDTABLE
LOG_ENTRY Used Dataset: Path: X-Y Coordinates; { Handling Course } Handling Course Left Edge
EXIT_PARSFILE Roads\Center_XY\PathXY_c0142889-4f85-45a5-830f-de071137ef97.par

ROAD_PATH_ID = PATH_ID
set_description road_path_id PATH_ID for: Handling Course Left Edge
ENTER_PARSFILE Roads\Center_Z\RdRefZ_253759f0-3b4a-4168-991e-98a6b5ae562a.par
#FullDataName Road: Reference Line Elevation`Handling Course`Handling Course
ROAD_ZS_TABLE SPLINE
0, 0
5.2081, 0
10.416, 0
15.624, 0
26.04, 0
31.248, 0
36.456, 0
36.664, 0
41.872, 0
47.081, -0.016
73.121, -0.24
78.329, -0.26
104.37, -0.32
177.07, -2.3
213.53, -2.54
261, 0.8
267, 0.875
303, 0.95
325, 0.9
427.06, 0.3
468.72, 0.25
530, 0.22
580, 0.25
598, 0.27
614.55, 0.3
688, 2.75
713.71, 3
750.17, 5.25
755.38, 5.3125
760.58, 5.355
765.79, 5.385
771, 5.375
776.21, 5.3
781.42, 5.2
786.62, 5
797.04, 4.1
815, 2.75
830.37, 1.75
840.79, 0.875
864, -0.0125
870, -0.02
876, 0.025
894, 0.1
940.7, 0.375
970.78, 0.7
1022.9, 1.15
1074.9, 1.5
1127, 1.8
1458.3, 0
2083.2, 0
2187.4, 0
2296.8, 0
2302, 0
2307.2, 0
2312.4, 0
2317.6, 0
2322.8, 0
2328, 0
ENDTABLE
LOG_ENTRY Used Dataset: Road: Reference Line Elevation; { Handling Course } Handling Course
EXIT_PARSFILE Roads\Center_Z\RdRefZ_253759f0-3b4a-4168-991e-98a6b5ae562a.par

ENTER_PARSFILE Roads\dZ_Map\RdMapZ_446947b3-3c6d-4793-9ba1-61222ba31855.par
#FullDataName Road: Off-Center Elevation Map, S-L Grid`Handling Course Camber`Handling Course
SET_IROAD_DZ_FOR_ID 0
ROAD_N_DZ = ROAD_N_DZ + 1 ! increment count for the road
IDZ_ROAD = ROAD_N_DZ ! set index for the new ID
RD_DZ_ID = ROAD_DZ_ID ! Specify the user ID
set_description RD_DZ_ID ROAD_DZ_ID for: Handling Course Camber
set_description ROAD_DZ_ID Handling Course Camber
ROAD_DZ_CARPET 2D_LINEAR
0, -17.32, -9.32, -7.32, 0, 2, 10
0, 0, 0, 0, 0, 0, 0
125, 0, 0, 0, 0, 0, 0
150, 0, -0.025, -0.025, 0.025, 0.025, 0
200, 0, -0.025, -0.025, 0.025, 0.025, 0
225, 0, 0, 0, 0, 0, 0
500, 0, 0, 0, 0, 0, 0
546, 0, 0, 0, -0.04, -0.04, 0
592, 0, 0, 0, 0, 0, 0
637, 0, -0.04, -0.04, 0, 0, 0
666, 0, 0, 0, 0, 0, 0
928, 0, 0, 0, 0, 0, 0
1006, 0, -0.06, -0.06, 0, 0, 0
1109, 0, -0.06, -0.06, 0, 0, 0
1183, 0, 0, 0, 0, 0, 0
2328, 0, 0, 0, 0, 0, 0
ENDTABLE
LOG_ENTRY Used Dataset: Road: Off-Center Elevation Map, S-L Grid; { Handling Course } Handling Course Camber
EXIT_PARSFILE Roads\dZ_Map\RdMapZ_446947b3-3c6d-4793-9ba1-61222ba31855.par

ENTER_PARSFILE Roads\Friction\RdMu_14d0d322-e529-4060-b63a-06992b038998.par
#FullDataName Road: Friction Map, S-L Grid`Handling Course Variable Mu`Road Handling Course
MU_ROAD_CARPET 2D_STEP
0, -10, -7.32, -3.66, -3.6599, 0, 0.1, 1
0, 0.75, 1, 1, 1, 1, 0.75, 0.75
191.184, 0.75, 1.1, 1.1, 1, 1, 0.75, 0.75
231, 0.75, 1.1, 1.1, 1, 1, 0.75, 0.75
231.1, 0.75, 1, 1, 1, 1, 0.75, 0.75
393.697, 0.75, 1.1, 1.1, 1, 1, 0.75, 0.75
425.177, 0.75, 1.1, 1.1, 1, 1, 0.75, 0.75
425.178, 0.75, 1, 1, 1, 1, 0.75, 0.75
491.136, 0.75, 1, 1, 1.1, 1.1, 0.75, 0.75
543.344, 0.75, 1, 1, 1.1, 1.1, 0.75, 0.75
543.345, 0.75, 1, 1, 1, 1, 0.75, 0.75
589.333, 0.75, 1.1, 1.1, 1, 1, 0.75, 0.75
612.444, 0.75, 1.1, 1.1, 1, 1, 0.75, 0.75
612.445, 0.75, 1, 1, 1, 1, 0.75, 0.75
687.845, 0.75, 1.1, 1.1, 1, 1, 0.75, 0.75
726.808, 0.75, 1.1, 1.1, 1, 1, 0.75, 0.75
726.809, 0.75, 1, 1, 1, 1, 0.75, 0.75
1406.42, 0.75, 1.1, 1.1, 1, 1, 0.75, 0.75
1450.67, 0.75, 1.1, 1.1, 1, 1, 0.75, 0.75
1450.671, 0.75, 1, 1, 1, 1, 0.75, 0.75
1574.12, 0.75, 1.1, 1.1, 1, 1, 0.75, 0.75
1660.01, 0.75, 1.1, 1.1, 1, 1, 0.75, 0.75
1660.011, 0.75, 1, 1, 1, 1, 0.75, 0.75
1707.98, 0.75, 1.1, 1.1, 1.1, 1.1, 0.75, 0.75
1789.19, 0.75, 1.1, 1.1, 1.1, 1.1, 0.75, 0.75
1789.2, 0.75, 1, 1, 1, 1, 0.75, 0.75
1964.44, 0.75, 1, 1, 1.1, 1.1, 0.75, 0.75
1999.52, 0.75, 1, 1, 1.1, 1.1, 0.75, 0.75
1999.521, 0.75, 1, 1, 1, 1, 0.75, 0.75
2276, 0.75, 1, 1, 1, 1, 0.75, 0.75
ENDTABLE
LOG_ENTRY Used Dataset: Road: Friction Map, S-L Grid; { Road Handling Course } Handling Course Variable Mu
EXIT_PARSFILE Roads\Friction\RdMu_14d0d322-e529-4060-b63a-06992b038998.par

ENTER_PARSFILE Roads\Shapes\RdShape_5a0d0496-c52b-465a-9469-50c21390f2b1.par
#FullDataName Road: Animator Surface Shapes`No Machine-Generated Shapes`
NLANES 1
MIRROR 0
COLOR(1) 1 1 1
MATERIAL(1) No Texture
SPECULAR(1) 0
SCALE(1) 0
LTILES(1) 0
LIN(1) 0
LINUNITS(1) m
LOUT(1) 0
LOUTUNITS(1) m
LDIV(1) 0
LIPRINT(1) 0
S_START(1) 0
S_STOP(1) 0
SINT(1) 1
IPRINT(1) 0
DZ(1) 0
AUTODETAIL(1) Random
MTL_FILE Animator\Road_Materials\road.mtl
LOG_ENTRY Used Dataset: Road: Animator Surface Shapes; No Machine-Generated Shapes
EXIT_PARSFILE Roads\Shapes\RdShape_5a0d0496-c52b-465a-9469-50c21390f2b1.par

ENTER_PARSFILE Roads\dZ_Map\RdMapZ_87b25c4f-0087-433e-8ae8-d189ce4b11f7.par
#FullDataName Road: Off-Center Elevation Map, S-L Grid`Handling Course Curbing`Handling Course
SET_IROAD_DZ_FOR_ID 0
ROAD_N_DZ = ROAD_N_DZ + 1 ! increment count for the road
IDZ_ROAD = ROAD_N_DZ ! set index for the new ID
RD_DZ_ID = ROAD_DZ_ID ! Specify the user ID
set_description RD_DZ_ID ROAD_DZ_ID for: Handling Course Curbing
set_description ROAD_DZ_ID Handling Course Curbing
ROAD_DZ_CARPET 2D_LINEAR
0, -10, -8.42, -8.32, -7.42, -7.32, 0, 0.1, 1, 1.1, 2
0, 0, 0, 0, 0, 0, 0, 0, 0, 0, 0
207.667, 0, 0, 0, 0, 0, 0, 0, 0, 0, 0
209.667, 0, 0, 0.1, 0.1, 0, 0, 0, 0, 0, 0
237.19, 0, 0, 0.1, 0.1, 0, 0, 0, 0, 0, 0
239.19, 0, 0, 0, 0, 0, 0, 0, 0, 0, 0
264.912, 0, 0, 0, 0, 0, 0, 0, 0, 0, 0
265.012, 0, 0, 0.05, 0.05, 0, 0, 0, 0, 0, 0
265.112, 0, 0, 0, 0, 0, 0, 0, 0, 0, 0
266.012, 0, 0, 0.05, 0.05, 0, 0, 0, 0, 0, 0
266.112, 0, 0, 0, 0, 0, 0, 0, 0, 0, 0
267.012, 0, 0, 0.05, 0.05, 0, 0, 0, 0, 0, 0
267.112, 0, 0, 0, 0, 0, 0, 0, 0, 0, 0
268.012, 0, 0, 0.05, 0.05, 0, 0, 0, 0, 0, 0
268.112, 0, 0, 0, 0, 0, 0, 0, 0, 0, 0
269.012, 0, 0, 0.05, 0.05, 0, 0, 0, 0, 0, 0
269.112, 0, 0, 0, 0, 0, 0, 0, 0, 0, 0
270.012, 0, 0, 0.05, 0.05, 0, 0, 0, 0, 0, 0
270.112, 0, 0, 0, 0, 0, 0, 0, 0, 0, 0
271.012, 0, 0, 0.05, 0.05, 0, 0, 0, 0, 0, 0
271.112, 0, 0, 0, 0, 0, 0, 0, 0, 0, 0
272.012, 0, 0, 0.05, 0.05, 0, 0, 0, 0, 0, 0
272.112, 0, 0, 0, 0, 0, 0, 0, 0, 0, 0
273.012, 0, 0, 0.05, 0.05, 0, 0, 0, 0, 0, 0
273.112, 0, 0, 0, 0, 0, 0, 0, 0, 0, 0
274.012, 0, 0, 0.05, 0.05, 0, 0, 0, 0, 0, 0
274.112, 0, 0, 0, 0, 0, 0, 0, 0, 0, 0
275.012, 0, 0, 0.05, 0.05, 0, 0, 0, 0, 0, 0
275.112, 0, 0, 0, 0, 0, 0, 0, 0, 0, 0
276.012, 0, 0, 0.05, 0.05, 0, 0, 0, 0, 0, 0
276.112, 0, 0, 0, 0, 0, 0, 0, 0, 0, 0
277.012, 0, 0, 0.05, 0.05, 0, 0, 0, 0, 0, 0
277.112, 0, 0, 0, 0, 0, 0, 0, 0, 0, 0
278.012, 0, 0, 0.05, 0.05, 0, 0, 0, 0, 0, 0
278.112, 0, 0, 0, 0, 0, 0, 0, 0, 0, 0
279.012, 0, 0, 0.05, 0.05, 0, 0, 0, 0, 0, 0
279.112, 0, 0, 0, 0, 0, 0, 0, 0, 0, 0
280.012, 0, 0, 0.05, 0.05, 0, 0, 0, 0, 0, 0
280.112, 0, 0, 0, 0, 0, 0, 0, 0, 0, 0
281.012, 0, 0, 0.05, 0.05, 0, 0, 0, 0, 0, 0
281.112, 0, 0, 0, 0, 0, 0, 0, 0, 0, 0
282.012, 0, 0, 0.05, 0.05, 0, 0, 0, 0, 0, 0
282.112, 0, 0, 0, 0, 0, 0, 0, 0, 0, 0
283.012, 0, 0, 0.05, 0.05, 0, 0, 0, 0, 0, 0
283.112, 0, 0, 0, 0, 0, 0, 0, 0, 0, 0
284.012, 0, 0, 0.05, 0.05, 0, 0, 0, 0, 0, 0
284.112, 0, 0, 0, 0, 0, 0, 0, 0, 0, 0
285.012, 0, 0, 0.05, 0.05, 0, 0, 0, 0, 0, 0
285.112, 0, 0, 0, 0, 0, 0, 0, 0, 0, 0
286.012, 0, 0, 0.05, 0.05, 0, 0, 0, 0, 0, 0
286.112, 0, 0, 0, 0, 0, 0, 0, 0, 0, 0
287.012, 0, 0, 0.05, 0.05, 0, 0, 0, 0, 0, 0
287.112, 0, 0, 0, 0, 0, 0, 0, 0, 0, 0
354.609, 0, 0, 0, 0, 0, 0, 0, 0, 0, 0
354.709, 0, 0, 0, 0, 0, 0, 0.05, 0.05, 0, 0
355.609, 0, 0, 0, 0, 0, 0, 0, 0, 0, 0
355.709, 0, 0, 0, 0, 0, 0, 0.05, 0.05, 0, 0
356.609, 0, 0, 0, 0, 0, 0, 0, 0, 0, 0
356.709, 0, 0, 0, 0, 0, 0, 0.05, 0.05, 0, 0
357.609, 0, 0, 0, 0, 0, 0, 0, 0, 0, 0
357.709, 0, 0, 0, 0, 0, 0, 0.05, 0.05, 0, 0
358.609, 0, 0, 0, 0, 0, 0, 0, 0, 0, 0
358.709, 0, 0, 0, 0, 0, 0, 0.05, 0.05, 0, 0
359.609, 0, 0, 0, 0, 0, 0, 0, 0, 0, 0
359.709, 0, 0, 0, 0, 0, 0, 0.05, 0.05, 0, 0
360.609, 0, 0, 0, 0, 0, 0, 0, 0, 0, 0
360.709, 0, 0, 0, 0, 0, 0, 0.05, 0.05, 0, 0
361.609, 0, 0, 0, 0, 0, 0, 0, 0, 0, 0
361.709, 0, 0, 0, 0, 0, 0, 0.05, 0.05, 0, 0
362.609, 0, 0, 0, 0, 0, 0, 0, 0, 0, 0
362.709, 0, 0, 0, 0, 0, 0, 0.05, 0.05, 0, 0
363.609, 0, 0, 0, 0, 0, 0, 0, 0, 0, 0
363.709, 0, 0, 0, 0, 0, 0, 0.05, 0.05, 0, 0
364.609, 0, 0, 0, 0, 0, 0, 0, 0, 0, 0
364.709, 0, 0, 0, 0, 0, 0, 0.05, 0.05, 0, 0
365.609, 0, 0, 0, 0, 0, 0, 0, 0, 0, 0
365.709, 0, 0, 0, 0, 0, 0, 0.05, 0.05, 0, 0
366.609, 0, 0, 0, 0, 0, 0, 0, 0, 0, 0
366.709, 0, 0, 0, 0, 0, 0, 0.05, 0.05, 0, 0
367.609, 0, 0, 0, 0, 0, 0, 0, 0, 0, 0
367.709, 0, 0, 0, 0, 0, 0, 0.05, 0.05, 0, 0
368.609, 0, 0, 0, 0, 0, 0, 0, 0, 0, 0
368.709, 0, 0, 0, 0, 0, 0, 0.05, 0.05, 0, 0
369.609, 0, 0, 0, 0, 0, 0, 0, 0, 0, 0
369.709, 0, 0, 0, 0, 0, 0, 0.05, 0.05, 0, 0
370.609, 0, 0, 0, 0, 0, 0, 0, 0, 0, 0
370.709, 0, 0, 0, 0, 0, 0, 0.05, 0.05, 0, 0
371.609, 0, 0, 0, 0, 0, 0, 0, 0, 0, 0
371.709, 0, 0, 0, 0, 0, 0, 0.05, 0.05, 0, 0
372.609, 0, 0, 0, 0, 0, 0, 0, 0, 0, 0
372.709, 0, 0, 0, 0, 0, 0, 0.05, 0.05, 0, 0
373.609, 0, 0, 0, 0, 0, 0, 0, 0, 0, 0
373.709, 0, 0, 0, 0, 0, 0, 0.05, 0.05, 0, 0
374.609, 0, 0, 0, 0, 0, 0, 0, 0, 0, 0
374.709, 0, 0, 0, 0, 0, 0, 0.05, 0.05, 0, 0
375.609, 0, 0, 0, 0, 0, 0, 0, 0, 0, 0
375.709, 0, 0, 0, 0, 0, 0, 0.05, 0.05, 0, 0
376.609, 0, 0, 0, 0, 0, 0, 0, 0, 0, 0
376.709, 0, 0, 0, 0, 0, 0, 0.05, 0.05, 0, 0
377.609, 0, 0, 0, 0, 0, 0, 0, 0, 0, 0
377.709, 0, 0, 0, 0, 0, 0, 0.05, 0.05, 0, 0
378.609, 0, 0, 0, 0, 0, 0, 0, 0, 0, 0
378.709, 0, 0, 0, 0, 0, 0, 0.05, 0.05, 0, 0
379.609, 0, 0, 0, 0, 0, 0, 0, 0, 0, 0
379.709, 0, 0, 0, 0, 0, 0, 0.05, 0.05, 0, 0
380.609, 0, 0, 0, 0, 0, 0, 0, 0, 0, 0
380.709, 0, 0, 0, 0, 0, 0, 0.05, 0.05, 0, 0
381.609, 0, 0, 0, 0, 0, 0, 0, 0, 0, 0
381.709, 0, 0, 0, 0, 0, 0, 0.05, 0.05, 0, 0
382.609, 0, 0, 0, 0, 0, 0, 0, 0, 0, 0
382.709, 0, 0, 0, 0, 0, 0, 0.05, 0.05, 0, 0
383.609, 0, 0, 0, 0, 0, 0, 0, 0, 0, 0
383.709, 0, 0, 0, 0, 0, 0, 0.05, 0.05, 0, 0
384.609, 0, 0, 0, 0, 0, 0, 0, 0, 0, 0
384.709, 0, 0, 0, 0, 0, 0, 0.05, 0.05, 0, 0
419.698, 0, 0, 0, 0, 0, 0, 0, 0, 0, 0
421.698, 0, 0, 0.1, 0.1, 0, 0, 0, 0, 0, 0
444.383, 0, 0, 0.1, 0.1, 0, 0, 0, 0, 0, 0
446.383, 0, 0, 0, 0, 0, 0, 0, 0, 0, 0
524.68, 0, 0, 0, 0, 0, 0, 0, 0, 0, 0
526.68, 0, 0, 0, 0, 0, 0, 0.1, 0.1, 0, 0
555.57, 0, 0, 0, 0, 0, 0, 0.1, 0.1, 0, 0
557.57, 0, 0, 0, 0, 0, 0, 0, 0, 0, 0
613.083, 0, 0, 0, 0, 0, 0, 0, 0, 0, 0
615.083, 0, 0, 0.1, 0.1, 0, 0, 0, 0, 0, 0
641.371, 0, 0, 0.1, 0.1, 0, 0, 0, 0, 0, 0
643.371, 0, 0, 0, 0, 0, 0, 0, 0, 0, 0
656.205, 0, 0, 0, 0, 0, 0, 0, 0, 0, 0
656.305, 0, 0, 0, 0, 0, 0, 0.05, 0.05, 0, 0
657.205, 0, 0, 0, 0, 0, 0, 0, 0, 0, 0
657.305, 0, 0, 0, 0, 0, 0, 0.05, 0.05, 0, 0
658.205, 0, 0, 0, 0, 0, 0, 0, 0, 0, 0
658.305, 0, 0, 0, 0, 0, 0, 0.05, 0.05, 0, 0
659.205, 0, 0, 0, 0, 0, 0, 0, 0, 0, 0
659.305, 0, 0, 0, 0, 0, 0, 0.05, 0.05, 0, 0
660.205, 0, 0, 0, 0, 0, 0, 0, 0, 0, 0
660.305, 0, 0, 0, 0, 0, 0, 0.05, 0.05, 0, 0
661.205, 0, 0, 0, 0, 0, 0, 0, 0, 0, 0
661.305, 0, 0, 0, 0, 0, 0, 0.05, 0.05, 0, 0
662.205, 0, 0, 0, 0, 0, 0, 0, 0, 0, 0
662.305, 0, 0, 0, 0, 0, 0, 0.05, 0.05, 0, 0
663.205, 0, 0, 0, 0, 0, 0, 0, 0, 0, 0
663.305, 0, 0, 0, 0, 0, 0, 0.05, 0.05, 0, 0
664.205, 0, 0, 0, 0, 0, 0, 0, 0, 0, 0
664.305, 0, 0, 0, 0, 0, 0, 0.05, 0.05, 0, 0
665.205, 0, 0, 0, 0, 0, 0, 0, 0, 0, 0
665.305, 0, 0, 0, 0, 0, 0, 0.05, 0.05, 0, 0
666.205, 0, 0, 0, 0, 0, 0, 0, 0, 0, 0
666.305, 0, 0, 0, 0, 0, 0, 0.05, 0.05, 0, 0
667.205, 0, 0, 0, 0, 0, 0, 0, 0, 0, 0
667.305, 0, 0, 0, 0, 0, 0, 0.05, 0.05, 0, 0
668.205, 0, 0, 0, 0, 0, 0, 0, 0, 0, 0
668.305, 0, 0, 0, 0, 0, 0, 0.05, 0.05, 0, 0
669.205, 0, 0, 0, 0, 0, 0, 0, 0, 0, 0
669.305, 0, 0, 0, 0, 0, 0, 0.05, 0.05, 0, 0
670.205, 0, 0, 0, 0, 0, 0, 0, 0, 0, 0
670.305, 0, 0, 0, 0, 0, 0, 0.05, 0.05, 0, 0
671.205, 0, 0, 0, 0, 0, 0, 0, 0, 0, 0
671.305, 0, 0, 0, 0, 0, 0, 0.05, 0.05, 0, 0
672.205, 0, 0, 0, 0, 0, 0, 0, 0, 0, 0
672.305, 0, 0, 0, 0, 0, 0, 0.05, 0.05, 0, 0
673.205, 0, 0, 0, 0, 0, 0, 0, 0, 0, 0
673.305, 0, 0, 0, 0, 0, 0, 0.05, 0.05, 0, 0
674.205, 0, 0, 0, 0, 0, 0, 0, 0, 0, 0
674.305, 0, 0, 0, 0, 0, 0, 0.05, 0.05, 0, 0
675.205, 0, 0, 0, 0, 0, 0, 0, 0, 0, 0
675.305, 0, 0, 0, 0, 0, 0, 0.05, 0.05, 0, 0
676.205, 0, 0, 0, 0, 0, 0, 0, 0, 0, 0
676.305, 0, 0, 0, 0, 0, 0, 0.05, 0.05, 0, 0
677.205, 0, 0, 0, 0, 0, 0, 0, 0, 0, 0
677.305, 0, 0, 0, 0, 0, 0, 0.05, 0.05, 0, 0
678.205, 0, 0, 0, 0, 0, 0, 0, 0, 0, 0
678.305, 0, 0, 0, 0, 0, 0, 0.05, 0.05, 0, 0
679.205, 0, 0, 0, 0, 0, 0, 0, 0, 0, 0
679.305, 0, 0, 0, 0, 0, 0, 0.05, 0.05, 0, 0
680.205, 0, 0, 0, 0, 0, 0, 0, 0, 0, 0
680.305, 0, 0, 0, 0, 0, 0, 0.05, 0.05, 0, 0
681.205, 0, 0, 0, 0, 0, 0, 0, 0, 0, 0
681.305, 0, 0, 0, 0, 0, 0, 0.05, 0.05, 0, 0
682.205, 0, 0, 0, 0, 0, 0, 0, 0, 0, 0
682.305, 0, 0, 0, 0, 0, 0, 0.05, 0.05, 0, 0
683.205, 0, 0, 0, 0, 0, 0, 0, 0, 0, 0
683.305, 0, 0, 0, 0, 0, 0, 0.05, 0.05, 0, 0
684.205, 0, 0, 0, 0, 0, 0, 0, 0, 0, 0
684.305, 0, 0, 0, 0, 0, 0, 0.05, 0.05, 0, 0
685.205, 0, 0, 0, 0, 0, 0, 0, 0, 0, 0
685.305, 0, 0, 0, 0, 0, 0, 0.05, 0.05, 0, 0
686.205, 0, 0, 0, 0, 0, 0, 0, 0, 0, 0
686.305, 0, 0, 0, 0, 0, 0, 0.05, 0.05, 0, 0
687.205, 0, 0, 0, 0, 0, 0, 0, 0, 0, 0
687.305, 0, 0, 0, 0, 0, 0, 0.05, 0.05, 0, 0
688.205, 0, 0, 0, 0, 0, 0, 0, 0, 0, 0
688.305, 0, 0, 0, 0, 0, 0, 0.05, 0.05, 0, 0
689.205, 0, 0, 0, 0, 0, 0, 0, 0, 0, 0
689.305, 0, 0, 0, 0, 0, 0, 0.05, 0.05, 0, 0
690.205, 0, 0, 0, 0, 0, 0, 0, 0, 0, 0
690.305, 0, 0, 0, 0, 0, 0, 0.05, 0.05, 0, 0
691.205, 0, 0, 0, 0, 0, 0, 0, 0, 0, 0
691.305, 0, 0, 0, 0, 0, 0, 0.05, 0.05, 0, 0
692.205, 0, 0, 0, 0, 0, 0, 0, 0, 0, 0
692.305, 0, 0, 0, 0, 0, 0, 0.05, 0.05, 0, 0
693.205, 0, 0, 0, 0, 0, 0, 0, 0, 0, 0
693.305, 0, 0, 0, 0, 0, 0, 0.05, 0.05, 0, 0
694.205, 0, 0, 0, 0, 0, 0, 0, 0, 0, 0
694.305, 0, 0, 0, 0, 0, 0, 0.05, 0.05, 0, 0
695.205, 0, 0, 0, 0, 0, 0, 0, 0, 0, 0
695.305, 0, 0, 0, 0, 0, 0, 0.05, 0.05, 0, 0
696.205, 0, 0, 0, 0, 0, 0, 0, 0, 0, 0
696.305, 0, 0, 0, 0, 0, 0, 0.05, 0.05, 0, 0
725.909, 0, 0, 0, 0, 0, 0, 0, 0, 0, 0
727.909, 0, 0, 0.1, 0.1, 0, 0, 0, 0, 0, 0
759.818, 0, 0, 0.1, 0.1, 0, 0, 0, 0, 0, 0
761.818, 0, 0, 0, 0, 0, 0, 0, 0, 0, 0
801.935, 0, 0, 0, 0, 0, 0, 0, 0, 0, 0
802.035, 0, 0, 0.05, 0.05, 0, 0, 0, 0, 0, 0
802.935, 0, 0, 0, 0, 0, 0, 0, 0, 0, 0
803.035, 0, 0, 0.05, 0.05, 0, 0, 0, 0, 0, 0
803.935, 0, 0, 0, 0, 0, 0, 0, 0, 0, 0
804.035, 0, 0, 0.05, 0.05, 0, 0, 0, 0, 0, 0
804.935, 0, 0, 0, 0, 0, 0, 0, 0, 0, 0
805.035, 0, 0, 0.05, 0.05, 0, 0, 0, 0, 0, 0
805.935, 0, 0, 0, 0, 0, 0, 0, 0, 0, 0
806.035, 0, 0, 0.05, 0.05, 0, 0, 0, 0, 0, 0
806.935, 0, 0, 0, 0, 0, 0, 0, 0, 0, 0
807.035, 0, 0, 0.05, 0.05, 0, 0, 0, 0, 0, 0
807.935, 0, 0, 0, 0, 0, 0, 0, 0, 0, 0
808.035, 0, 0, 0.05, 0.05, 0, 0, 0, 0, 0, 0
808.935, 0, 0, 0, 0, 0, 0, 0, 0, 0, 0
809.035, 0, 0, 0.05, 0.05, 0, 0, 0, 0, 0, 0
809.935, 0, 0, 0, 0, 0, 0, 0, 0, 0, 0
810.035, 0, 0, 0.05, 0.05, 0, 0, 0, 0, 0, 0
810.935, 0, 0, 0, 0, 0, 0, 0, 0, 0, 0
811.035, 0, 0, 0.05, 0.05, 0, 0, 0, 0, 0, 0
811.935, 0, 0, 0, 0, 0, 0, 0, 0, 0, 0
812.035, 0, 0, 0.05, 0.05, 0, 0, 0, 0, 0, 0
812.935, 0, 0, 0, 0, 0, 0, 0, 0, 0, 0
813.035, 0, 0, 0.05, 0.05, 0, 0, 0, 0, 0, 0
813.935, 0, 0, 0, 0, 0, 0, 0, 0, 0, 0
814.035, 0, 0, 0.05, 0.05, 0, 0, 0, 0, 0, 0
814.935, 0, 0, 0, 0, 0, 0, 0, 0, 0, 0
815.035, 0, 0, 0.05, 0.05, 0, 0, 0, 0, 0, 0
815.935, 0, 0, 0, 0, 0, 0, 0, 0, 0, 0
816.035, 0, 0, 0.05, 0.05, 0, 0, 0, 0, 0, 0
816.935, 0, 0, 0, 0, 0, 0, 0, 0, 0, 0
817.035, 0, 0, 0.05, 0.05, 0, 0, 0, 0, 0, 0
817.935, 0, 0, 0, 0, 0, 0, 0, 0, 0, 0
818.035, 0, 0, 0, 0, 0, 0, 0, 0, 0, 0
881.9, 0, 0, 0, 0, 0, 0, 0, 0, 0, 0
882, 0, 0, 0, 0, 0, 0, 0.05, 0.05, 0, 0
882.9, 0, 0, 0, 0, 0, 0, 0, 0, 0, 0
883, 0, 0, 0, 0, 0, 0, 0.05, 0.05, 0, 0
883.9, 0, 0, 0, 0, 0, 0, 0, 0, 0, 0
884, 0, 0, 0, 0, 0, 0, 0.05, 0.05, 0, 0
884.9, 0, 0, 0, 0, 0, 0, 0, 0, 0, 0
885, 0, 0, 0, 0, 0, 0, 0.05, 0.05, 0, 0
885.9, 0, 0, 0, 0, 0, 0, 0, 0, 0, 0
886, 0, 0, 0, 0, 0, 0, 0.05, 0.05, 0, 0
886.9, 0, 0, 0, 0, 0, 0, 0, 0, 0, 0
887, 0, 0, 0, 0, 0, 0, 0.05, 0.05, 0, 0
887.9, 0, 0, 0, 0, 0, 0, 0, 0, 0, 0
888, 0, 0, 0, 0, 0, 0, 0.05, 0.05, 0, 0
888.9, 0, 0, 0, 0, 0, 0, 0, 0, 0, 0
889, 0, 0, 0, 0, 0, 0, 0.05, 0.05, 0, 0
889.9, 0, 0, 0, 0, 0, 0, 0, 0, 0, 0
890, 0, 0, 0, 0, 0, 0, 0.05, 0.05, 0, 0
890.9, 0, 0, 0, 0, 0, 0, 0, 0, 0, 0
891, 0, 0, 0, 0, 0, 0, 0.05, 0.05, 0, 0
891.9, 0, 0, 0, 0, 0, 0, 0, 0, 0, 0
892, 0, 0, 0, 0, 0, 0, 0.05, 0.05, 0, 0
892.9, 0, 0, 0, 0, 0, 0, 0, 0, 0, 0
893, 0, 0, 0, 0, 0, 0, 0.05, 0.05, 0, 0
893.9, 0, 0, 0, 0, 0, 0, 0, 0, 0, 0
894, 0, 0, 0, 0, 0, 0, 0.05, 0.05, 0, 0
894.9, 0, 0, 0, 0, 0, 0, 0, 0, 0, 0
895, 0, 0, 0, 0, 0, 0, 0.05, 0.05, 0, 0
895.9, 0, 0, 0, 0, 0, 0, 0, 0, 0, 0
896, 0, 0, 0, 0, 0, 0, 0.05, 0.05, 0, 0
896.9, 0, 0, 0, 0, 0, 0, 0, 0, 0, 0
897, 0, 0, 0, 0, 0, 0, 0.05, 0.05, 0, 0
897.9, 0, 0, 0, 0, 0, 0, 0, 0, 0, 0
898, 0, 0, 0, 0, 0, 0, 0.05, 0.05, 0, 0
898.9, 0, 0, 0, 0, 0, 0, 0, 0, 0, 0
899, 0, 0, 0, 0, 0, 0, 0.05, 0.05, 0, 0
899.9, 0, 0, 0, 0, 0, 0, 0, 0, 0, 0
900, 0, 0, 0, 0, 0, 0, 0.05, 0.05, 0, 0
900.1, 0, 0, 0, 0, 0, 0, 0, 0, 0, 0
1056.52, 0, 0, 0, 0, 0, 0, 0, 0, 0, 0
1056.62, 0, 0, 0.05, 0.05, 0, 0, 0, 0, 0, 0
1057.52, 0, 0, 0, 0, 0, 0, 0, 0, 0, 0
1057.62, 0, 0, 0.05, 0.05, 0, 0, 0, 0, 0, 0
1058.52, 0, 0, 0, 0, 0, 0, 0, 0, 0, 0
1058.62, 0, 0, 0.05, 0.05, 0, 0, 0, 0, 0, 0
1059.52, 0, 0, 0, 0, 0, 0, 0, 0, 0, 0
1059.62, 0, 0, 0.05, 0.05, 0, 0, 0, 0, 0, 0
1060.52, 0, 0, 0, 0, 0, 0, 0, 0, 0, 0
1060.62, 0, 0, 0.05, 0.05, 0, 0, 0, 0, 0, 0
1061.52, 0, 0, 0, 0, 0, 0, 0, 0, 0, 0
1061.62, 0, 0, 0.05, 0.05, 0, 0, 0, 0, 0, 0
1062.52, 0, 0, 0, 0, 0, 0, 0, 0, 0, 0
1062.62, 0, 0, 0.05, 0.05, 0, 0, 0, 0, 0, 0
1063.52, 0, 0, 0, 0, 0, 0, 0, 0, 0, 0
1063.62, 0, 0, 0.05, 0.05, 0, 0, 0, 0, 0, 0
1064.52, 0, 0, 0, 0, 0, 0, 0, 0, 0, 0
1064.62, 0, 0, 0.05, 0.05, 0, 0, 0, 0, 0, 0
1065.52, 0, 0, 0, 0, 0, 0, 0, 0, 0, 0
1065.62, 0, 0, 0.05, 0.05, 0, 0, 0, 0, 0, 0
1066.52, 0, 0, 0, 0, 0, 0, 0, 0, 0, 0
1066.62, 0, 0, 0.05, 0.05, 0, 0, 0, 0, 0, 0
1067.52, 0, 0, 0, 0, 0, 0, 0, 0, 0, 0
1067.62, 0, 0, 0.05, 0.05, 0, 0, 0, 0, 0, 0
1068.52, 0, 0, 0, 0, 0, 0, 0, 0, 0, 0
1068.62, 0, 0, 0.05, 0.05, 0, 0, 0, 0, 0, 0
1069.52, 0, 0, 0, 0, 0, 0, 0, 0, 0, 0
1069.62, 0, 0, 0.05, 0.05, 0, 0, 0, 0, 0, 0
1070.52, 0, 0, 0, 0, 0, 0, 0, 0, 0, 0
1070.62, 0, 0, 0.05, 0.05, 0, 0, 0, 0, 0, 0
1071.52, 0, 0, 0, 0, 0, 0, 0, 0, 0, 0
1071.62, 0, 0, 0.05, 0.05, 0, 0, 0, 0, 0, 0
1072.52, 0, 0, 0, 0, 0, 0, 0, 0, 0, 0
1072.62, 0, 0, 0.05, 0.05, 0, 0, 0, 0, 0, 0
1073.52, 0, 0, 0, 0, 0, 0, 0, 0, 0, 0
1073.62, 0, 0, 0.05, 0.05, 0, 0, 0, 0, 0, 0
1074.52, 0, 0, 0, 0, 0, 0, 0, 0, 0, 0
1074.62, 0, 0, 0.05, 0.05, 0, 0, 0, 0, 0, 0
1075.52, 0, 0, 0, 0, 0, 0, 0, 0, 0, 0
1075.62, 0, 0, 0.05, 0.05, 0, 0, 0, 0, 0, 0
1076.52, 0, 0, 0, 0, 0, 0, 0, 0, 0, 0
1076.62, 0, 0, 0.05, 0.05, 0, 0, 0, 0, 0, 0
1077.52, 0, 0, 0, 0, 0, 0, 0, 0, 0, 0
1077.62, 0, 0, 0.05, 0.05, 0, 0, 0, 0, 0, 0
1078.52, 0, 0, 0, 0, 0, 0, 0, 0, 0, 0
1078.62, 0, 0, 0.05, 0.05, 0, 0, 0, 0, 0, 0
1079.52, 0, 0, 0, 0, 0, 0, 0, 0, 0, 0
1079.62, 0, 0, 0.05, 0.05, 0, 0, 0, 0, 0, 0
1080.52, 0, 0, 0, 0, 0, 0, 0, 0, 0, 0
1080.62, 0, 0, 0.05, 0.05, 0, 0, 0, 0, 0, 0
1081.52, 0, 0, 0, 0, 0, 0, 0, 0, 0, 0
1081.62, 0, 0, 0.05, 0.05, 0, 0, 0, 0, 0, 0
1082.52, 0, 0, 0, 0, 0, 0, 0, 0, 0, 0
1082.62, 0, 0, 0.05, 0.05, 0, 0, 0, 0, 0, 0
1083.52, 0, 0, 0, 0, 0, 0, 0, 0, 0, 0
1083.62, 0, 0, 0.05, 0.05, 0, 0, 0, 0, 0, 0
1084.52, 0, 0, 0, 0, 0, 0, 0, 0, 0, 0
1084.62, 0, 0, 0.05, 0.05, 0, 0, 0, 0, 0, 0
1085.52, 0, 0, 0, 0, 0, 0, 0, 0, 0, 0
1085.62, 0, 0, 0.05, 0.05, 0, 0, 0, 0, 0, 0
1086.52, 0, 0, 0, 0, 0, 0, 0, 0, 0, 0
1086.62, 0, 0, 0.05, 0.05, 0, 0, 0, 0, 0, 0
1087.52, 0, 0, 0, 0, 0, 0, 0, 0, 0, 0
1087.62, 0, 0, 0.05, 0.05, 0, 0, 0, 0, 0, 0
1088.52, 0, 0, 0, 0, 0, 0, 0, 0, 0, 0
1088.62, 0, 0, 0.05, 0.05, 0, 0, 0, 0, 0, 0
1089.52, 0, 0, 0, 0, 0, 0, 0, 0, 0, 0
1089.62, 0, 0, 0.05, 0.05, 0, 0, 0, 0, 0, 0
1090.52, 0, 0, 0, 0, 0, 0, 0, 0, 0, 0
1090.62, 0, 0, 0.05, 0.05, 0, 0, 0, 0, 0, 0
1091.52, 0, 0, 0, 0, 0, 0, 0, 0, 0, 0
1091.62, 0, 0, 0.05, 0.05, 0, 0, 0, 0, 0, 0
1092.52, 0, 0, 0, 0, 0, 0, 0, 0, 0, 0
1092.62, 0, 0, 0.05, 0.05, 0, 0, 0, 0, 0, 0
1093.52, 0, 0, 0, 0, 0, 0, 0, 0, 0, 0
1119.8, 0, 0, 0, 0, 0, 0, 0, 0, 0, 0
1119.9, 0, 0, 0, 0, 0, 0, 0.05, 0.05, 0, 0
1120.8, 0, 0, 0, 0, 0, 0, 0, 0, 0, 0
1120.9, 0, 0, 0, 0, 0, 0, 0.05, 0.05, 0, 0
1121.8, 0, 0, 0, 0, 0, 0, 0, 0, 0, 0
1121.9, 0, 0, 0, 0, 0, 0, 0.05, 0.05, 0, 0
1122.8, 0, 0, 0, 0, 0, 0, 0, 0, 0, 0
1122.9, 0, 0, 0, 0, 0, 0, 0.05, 0.05, 0, 0
1123.8, 0, 0, 0, 0, 0, 0, 0, 0, 0, 0
1123.9, 0, 0, 0, 0, 0, 0, 0.05, 0.05, 0, 0
1124.8, 0, 0, 0, 0, 0, 0, 0, 0, 0, 0
1124.9, 0, 0, 0, 0, 0, 0, 0.05, 0.05, 0, 0
1125.8, 0, 0, 0, 0, 0, 0, 0, 0, 0, 0
1125.9, 0, 0, 0, 0, 0, 0, 0.05, 0.05, 0, 0
1126.8, 0, 0, 0, 0, 0, 0, 0, 0, 0, 0
1126.9, 0, 0, 0, 0, 0, 0, 0.05, 0.05, 0, 0
1127.8, 0, 0, 0, 0, 0, 0, 0, 0, 0, 0
1127.9, 0, 0, 0, 0, 0, 0, 0.05, 0.05, 0, 0
1128.8, 0, 0, 0, 0, 0, 0, 0, 0, 0, 0
1128.9, 0, 0, 0, 0, 0, 0, 0.05, 0.05, 0, 0
1129.8, 0, 0, 0, 0, 0, 0, 0, 0, 0, 0
1129.9, 0, 0, 0, 0, 0, 0, 0.05, 0.05, 0, 0
1130.8, 0, 0, 0, 0, 0, 0, 0, 0, 0, 0
1130.9, 0, 0, 0, 0, 0, 0, 0.05, 0.05, 0, 0
1131.8, 0, 0, 0, 0, 0, 0, 0, 0, 0, 0
1131.9, 0, 0, 0, 0, 0, 0, 0.05, 0.05, 0, 0
1132.8, 0, 0, 0, 0, 0, 0, 0, 0, 0, 0
1132.9, 0, 0, 0, 0, 0, 0, 0.05, 0.05, 0, 0
1133.8, 0, 0, 0, 0, 0, 0, 0, 0, 0, 0
1133.9, 0, 0, 0, 0, 0, 0, 0.05, 0.05, 0, 0
1134.8, 0, 0, 0, 0, 0, 0, 0, 0, 0, 0
1134.9, 0, 0, 0, 0, 0, 0, 0.05, 0.05, 0, 0
1135.8, 0, 0, 0, 0, 0, 0, 0, 0, 0, 0
1135.9, 0, 0, 0, 0, 0, 0, 0.05, 0.05, 0, 0
1136.8, 0, 0, 0, 0, 0, 0, 0, 0, 0, 0
1136.9, 0, 0, 0, 0, 0, 0, 0.05, 0.05, 0, 0
1137.8, 0, 0, 0, 0, 0, 0, 0, 0, 0, 0
1137.9, 0, 0, 0, 0, 0, 0, 0.05, 0.05, 0, 0
1138.8, 0, 0, 0, 0, 0, 0, 0, 0, 0, 0
1138.9, 0, 0, 0, 0, 0, 0, 0.05, 0.05, 0, 0
1139.8, 0, 0, 0, 0, 0, 0, 0, 0, 0, 0
1139.9, 0, 0, 0, 0, 0, 0, 0.05, 0.05, 0, 0
1140.8, 0, 0, 0, 0, 0, 0, 0, 0, 0, 0
1140.9, 0, 0, 0, 0, 0, 0, 0.05, 0.05, 0, 0
1141.8, 0, 0, 0, 0, 0, 0, 0, 0, 0, 0
1141.9, 0, 0, 0, 0, 0, 0, 0.05, 0.05, 0, 0
1142.8, 0, 0, 0, 0, 0, 0, 0, 0, 0, 0
1142.9, 0, 0, 0, 0, 0, 0, 0.05, 0.05, 0, 0
1143.8, 0, 0, 0, 0, 0, 0, 0, 0, 0, 0
1143.9, 0, 0, 0, 0, 0, 0, 0.05, 0.05, 0, 0
1144.8, 0, 0, 0, 0, 0, 0, 0, 0, 0, 0
1144.9, 0, 0, 0, 0, 0, 0, 0.05, 0.05, 0, 0
1145.8, 0, 0, 0, 0, 0, 0, 0, 0, 0, 0
1145.9, 0, 0, 0, 0, 0, 0, 0.05, 0.05, 0, 0
1146.8, 0, 0, 0, 0, 0, 0, 0, 0, 0, 0
1146.9, 0, 0, 0, 0, 0, 0, 0.05, 0.05, 0, 0
1147.8, 0, 0, 0, 0, 0, 0, 0, 0, 0, 0
1147.9, 0, 0, 0, 0, 0, 0, 0.05, 0.05, 0, 0
1148.8, 0, 0, 0, 0, 0, 0, 0, 0, 0, 0
1148.9, 0, 0, 0, 0, 0, 0, 0.05, 0.05, 0, 0
1149.8, 0, 0, 0, 0, 0, 0, 0, 0, 0, 0
1149.9, 0, 0, 0, 0, 0, 0, 0.05, 0.05, 0, 0
1150.8, 0, 0, 0, 0, 0, 0, 0, 0, 0, 0
1150.9, 0, 0, 0, 0, 0, 0, 0.05, 0.05, 0, 0
1151.8, 0, 0, 0, 0, 0, 0, 0, 0, 0, 0
1151.9, 0, 0, 0, 0, 0, 0, 0.05, 0.05, 0, 0
1152.8, 0, 0, 0, 0, 0, 0, 0, 0, 0, 0
1152.9, 0, 0, 0, 0, 0, 0, 0.05, 0.05, 0, 0
1153.8, 0, 0, 0, 0, 0, 0, 0, 0, 0, 0
1153.9, 0, 0, 0, 0, 0, 0, 0.05, 0.05, 0, 0
1154.8, 0, 0, 0, 0, 0, 0, 0, 0, 0, 0
1154.9, 0, 0, 0, 0, 0, 0, 0.05, 0.05, 0, 0
1155.8, 0, 0, 0, 0, 0, 0, 0, 0, 0, 0
1155.9, 0, 0, 0, 0, 0, 0, 0.05, 0.05, 0, 0
1156.8, 0, 0, 0, 0, 0, 0, 0, 0, 0, 0
1446.43, 0, 0, 0, 0, 0, 0, 0, 0, 0, 0
1448.43, 0, 0, 0.1, 0.1, 0, 0, 0, 0, 0, 0
1502.06, 0, 0, 0.1, 0.1, 0, 0, 0, 0, 0, 0
1504.06, 0, 0, 0, 0, 0, 0, 0, 0, 0, 0
1598.21, 0, 0, 0, 0, 0, 0, 0, 0, 0, 0
1598.31, 0, 0, 0.05, 0.05, 0, 0, 0, 0, 0, 0
1599.21, 0, 0, 0, 0, 0, 0, 0, 0, 0, 0
1599.31, 0, 0, 0.05, 0.05, 0, 0, 0, 0, 0, 0
1600.21, 0, 0, 0, 0, 0, 0, 0, 0, 0, 0
1600.31, 0, 0, 0.05, 0.05, 0, 0, 0, 0, 0, 0
1601.21, 0, 0, 0, 0, 0, 0, 0, 0, 0, 0
1601.31, 0, 0, 0.05, 0.05, 0, 0, 0, 0, 0, 0
1602.21, 0, 0, 0, 0, 0, 0, 0, 0, 0, 0
1602.31, 0, 0, 0.05, 0.05, 0, 0, 0, 0, 0, 0
1603.21, 0, 0, 0, 0, 0, 0, 0, 0, 0, 0
1603.31, 0, 0, 0.05, 0.05, 0, 0, 0, 0, 0, 0
1604.21, 0, 0, 0, 0, 0, 0, 0, 0, 0, 0
1604.31, 0, 0, 0.05, 0.05, 0, 0, 0, 0, 0, 0
1605.21, 0, 0, 0, 0, 0, 0, 0, 0, 0, 0
1605.31, 0, 0, 0.05, 0.05, 0, 0, 0, 0, 0, 0
1606.21, 0, 0, 0, 0, 0, 0, 0, 0, 0, 0
1606.31, 0, 0, 0.05, 0.05, 0, 0, 0, 0, 0, 0
1607.21, 0, 0, 0, 0, 0, 0, 0, 0, 0, 0
1607.31, 0, 0, 0.05, 0.05, 0, 0, 0, 0, 0, 0
1607.41, 0, 0, 0, 0, 0, 0, 0, 0, 0, 0
1791.87, 0, 0, 0, 0, 0, 0, 0, 0, 0, 0
1793.87, 0, 0, 0, 0, 0, 0, 0.1, 0.1, 0, 0
1807.69, 0, 0, 0, 0, 0, 0, 0.1, 0.1, 0, 0
1809.69, 0, 0, 0, 0, 0, 0, 0, 0, 0, 0
1822.22, 0, 0, 0, 0, 0, 0, 0, 0, 0, 0
1823.22, 0, 0, 0.1, 0.1, 0, 0, 0, 0, 0, 0
1842, 0, 0, 0.1, 0.1, 0, 0, 0, 0, 0, 0
1844, 0, 0, 0, 0, 0, 0, 0, 0, 0, 0
2033.72, 0, 0, 0, 0, 0, 0, 0, 0, 0, 0
2035.72, 0, 0, 0, 0, 0, 0, 0.1, 0.1, 0, 0
2057.54, 0, 0, 0, 0, 0, 0, 0.1, 0.1, 0, 0
2059.54, 0, 0, 0, 0, 0, 0, 0, 0, 0, 0
2213.56, 0, 0, 0, 0, 0, 0, 0, 0, 0, 0
2213.66, 0, 0, 0, 0, 0, 0, 0.05, 0.05, 0, 0
2214.56, 0, 0, 0, 0, 0, 0, 0, 0, 0, 0
2214.66, 0, 0, 0, 0, 0, 0, 0.05, 0.05, 0, 0
2215.56, 0, 0, 0, 0, 0, 0, 0, 0, 0, 0
2215.66, 0, 0, 0, 0, 0, 0, 0.05, 0.05, 0, 0
2216.56, 0, 0, 0, 0, 0, 0, 0, 0, 0, 0
2216.66, 0, 0, 0, 0, 0, 0, 0.05, 0.05, 0, 0
2217.56, 0, 0, 0, 0, 0, 0, 0, 0, 0, 0
2217.66, 0, 0, 0, 0, 0, 0, 0.05, 0.05, 0, 0
2218.56, 0, 0, 0, 0, 0, 0, 0, 0, 0, 0
2218.66, 0, 0, 0, 0, 0, 0, 0.05, 0.05, 0, 0
2219.56, 0, 0, 0, 0, 0, 0, 0, 0, 0, 0
2219.66, 0, 0, 0, 0, 0, 0, 0.05, 0.05, 0, 0
2220.56, 0, 0, 0, 0, 0, 0, 0, 0, 0, 0
2220.66, 0, 0, 0, 0, 0, 0, 0.05, 0.05, 0, 0
2221.56, 0, 0, 0, 0, 0, 0, 0, 0, 0, 0
2221.66, 0, 0, 0, 0, 0, 0, 0.05, 0.05, 0, 0
2222.56, 0, 0, 0, 0, 0, 0, 0, 0, 0, 0
2222.66, 0, 0, 0, 0, 0, 0, 0.05, 0.05, 0, 0
2223.56, 0, 0, 0, 0, 0, 0, 0, 0, 0, 0
2223.66, 0, 0, 0, 0, 0, 0, 0.05, 0.05, 0, 0
2224.56, 0, 0, 0, 0, 0, 0, 0, 0, 0, 0
2224.66, 0, 0, 0, 0, 0, 0, 0.05, 0.05, 0, 0
2225.56, 0, 0, 0, 0, 0, 0, 0, 0, 0, 0
2256.25, 0, 0, 0, 0, 0, 0, 0, 0, 0, 0
2256.35, 0, 0, 0.05, 0.05, 0, 0, 0, 0, 0, 0
2257.25, 0, 0, 0, 0, 0, 0, 0, 0, 0, 0
2257.35, 0, 0, 0.05, 0.05, 0, 0, 0, 0, 0, 0
2258.25, 0, 0, 0, 0, 0, 0, 0, 0, 0, 0
2258.35, 0, 0, 0.05, 0.05, 0, 0, 0, 0, 0, 0
2259.25, 0, 0, 0, 0, 0, 0, 0, 0, 0, 0
2259.35, 0, 0, 0.05, 0.05, 0, 0, 0, 0, 0, 0
2260.25, 0, 0, 0, 0, 0, 0, 0, 0, 0, 0
2260.35, 0, 0, 0.05, 0.05, 0, 0, 0, 0, 0, 0
2261.25, 0, 0, 0, 0, 0, 0, 0, 0, 0, 0
2261.35, 0, 0, 0.05, 0.05, 0, 0, 0, 0, 0, 0
2262.25, 0, 0, 0, 0, 0, 0, 0, 0, 0, 0
2262.35, 0, 0, 0.05, 0.05, 0, 0, 0, 0, 0, 0
2263.25, 0, 0, 0, 0, 0, 0, 0, 0, 0, 0
2263.35, 0, 0, 0.05, 0.05, 0, 0, 0, 0, 0, 0
2264.25, 0, 0, 0, 0, 0, 0, 0, 0, 0, 0
2264.35, 0, 0, 0.05, 0.05, 0, 0, 0, 0, 0, 0
2265.25, 0, 0, 0, 0, 0, 0, 0, 0, 0, 0
2265.35, 0, 0, 0.05, 0.05, 0, 0, 0, 0, 0, 0
2266.25, 0, 0, 0, 0, 0, 0, 0, 0, 0, 0
2266.35, 0, 0, 0.05, 0.05, 0, 0, 0, 0, 0, 0
2267.25, 0, 0, 0, 0, 0, 0, 0, 0, 0, 0
2267.35, 0, 0, 0.05, 0.05, 0, 0, 0, 0, 0, 0
2268.25, 0, 0, 0, 0, 0, 0, 0, 0, 0, 0
2268.35, 0, 0, 0.05, 0.05, 0, 0, 0, 0, 0, 0
2269.25, 0, 0, 0, 0, 0, 0, 0, 0, 0, 0
2269.35, 0, 0, 0.05, 0.05, 0, 0, 0, 0, 0, 0
2270.25, 0, 0, 0, 0, 0, 0, 0, 0, 0, 0
2270.35, 0, 0, 0.05, 0.05, 0, 0, 0, 0, 0, 0
2271.25, 0, 0, 0, 0, 0, 0, 0, 0, 0, 0
2271.35, 0, 0, 0.05, 0.05, 0, 0, 0, 0, 0, 0
2272.25, 0, 0, 0, 0, 0, 0, 0, 0, 0, 0
2272.35, 0, 0, 0.05, 0.05, 0, 0, 0, 0, 0, 0
2273.25, 0, 0, 0, 0, 0, 0, 0, 0, 0, 0
2273.35, 0, 0, 0.05, 0.05, 0, 0, 0, 0, 0, 0
2274.25, 0, 0, 0, 0, 0, 0, 0, 0, 0, 0
2274.35, 0, 0, 0.05, 0.05, 0, 0, 0, 0, 0, 0
2275.25, 0, 0, 0, 0, 0, 0, 0, 0, 0, 0
2275.35, 0, 0, 0.05, 0.05, 0, 0, 0, 0, 0, 0
2276.25, 0, 0, 0, 0, 0, 0, 0, 0, 0, 0
2276.35, 0, 0, 0.05, 0.05, 0, 0, 0, 0, 0, 0
2277.25, 0, 0, 0, 0, 0, 0, 0, 0, 0, 0
2277.35, 0, 0, 0.05, 0.05, 0, 0, 0, 0, 0, 0
2278.25, 0, 0, 0, 0, 0, 0, 0, 0, 0, 0
2278.35, 0, 0, 0.05, 0.05, 0, 0, 0, 0, 0, 0
2279.25, 0, 0, 0, 0, 0, 0, 0, 0, 0, 0
2279.35, 0, 0, 0.05, 0.05, 0, 0, 0, 0, 0, 0
2280.25, 0, 0, 0, 0, 0, 0, 0, 0, 0, 0
2280.35, 0, 0, 0.05, 0.05, 0, 0, 0, 0, 0, 0
2281.25, 0, 0, 0, 0, 0, 0, 0, 0, 0, 0
2281.35, 0, 0, 0.05, 0.05, 0, 0, 0, 0, 0, 0
2282.25, 0, 0, 0, 0, 0, 0, 0, 0, 0, 0
2282.35, 0, 0, 0.05, 0.05, 0, 0, 0, 0, 0, 0
2283.25, 0, 0, 0, 0, 0, 0, 0, 0, 0, 0
2283.35, 0, 0, 0.05, 0.05, 0, 0, 0, 0, 0, 0
2284.25, 0, 0, 0, 0, 0, 0, 0, 0, 0, 0
2284.35, 0, 0, 0.05, 0.05, 0, 0, 0, 0, 0, 0
2285.25, 0, 0, 0, 0, 0, 0, 0, 0, 0, 0
2285.35, 0, 0, 0.05, 0.05, 0, 0, 0, 0, 0, 0
2286.25, 0, 0, 0, 0, 0, 0, 0, 0, 0, 0
2286.35, 0, 0, 0.05, 0.05, 0, 0, 0, 0, 0, 0
2287.25, 0, 0, 0, 0, 0, 0, 0, 0, 0, 0
2287.35, 0, 0, 0.05, 0.05, 0, 0, 0, 0, 0, 0
2288.25, 0, 0, 0, 0, 0, 0, 0, 0, 0, 0
2288.35, 0, 0, 0.05, 0.05, 0, 0, 0, 0, 0, 0
2289.25, 0, 0, 0, 0, 0, 0, 0, 0, 0, 0
2289.35, 0, 0, 0.05, 0.05, 0, 0, 0, 0, 0, 0
2290.25, 0, 0, 0, 0, 0, 0, 0, 0, 0, 0
2290.35, 0, 0, 0.05, 0.05, 0, 0, 0, 0, 0, 0
2291.25, 0, 0, 0, 0, 0, 0, 0, 0, 0, 0
2291.35, 0, 0, 0.05, 0.05, 0, 0, 0, 0, 0, 0
2292.25, 0, 0, 0, 0, 0, 0, 0, 0, 0, 0
2292.35, 0, 0, 0.05, 0.05, 0, 0, 0, 0, 0, 0
2293.25, 0, 0, 0, 0, 0, 0, 0, 0, 0, 0
2293.35, 0, 0, 0.05, 0.05, 0, 0, 0, 0, 0, 0
2294.25, 0, 0, 0, 0, 0, 0, 0, 0, 0, 0
2294.35, 0, 0, 0.05, 0.05, 0, 0, 0, 0, 0, 0
2295.25, 0, 0, 0, 0, 0, 0, 0, 0, 0, 0
2295.35, 0, 0, 0.05, 0.05, 0, 0, 0, 0, 0, 0
2296.25, 0, 0, 0, 0, 0, 0, 0, 0, 0, 0
2296.35, 0, 0, 0.05, 0.05, 0, 0, 0, 0, 0, 0
2297.25, 0, 0, 0, 0, 0, 0, 0, 0, 0, 0
2297.35, 0, 0, 0.05, 0.05, 0, 0, 0, 0, 0, 0
2298.25, 0, 0, 0, 0, 0, 0, 0, 0, 0, 0
2298.35, 0, 0, 0.05, 0.05, 0, 0, 0, 0, 0, 0
2299.25, 0, 0, 0, 0, 0, 0, 0, 0, 0, 0
2299.35, 0, 0, 0.05, 0.05, 0, 0, 0, 0, 0, 0
2300.25, 0, 0, 0, 0, 0, 0, 0, 0, 0, 0
2300.35, 0, 0, 0.05, 0.05, 0, 0, 0, 0, 0, 0
2301.25, 0, 0, 0, 0, 0, 0, 0, 0, 0, 0
2301.35, 0, 0, 0.05, 0.05, 0, 0, 0, 0, 0, 0
2302.25, 0, 0, 0, 0, 0, 0, 0, 0, 0, 0
2302.35, 0, 0, 0.05, 0.05, 0, 0, 0, 0, 0, 0
2303.25, 0, 0, 0, 0, 0, 0, 0, 0, 0, 0
2303.35, 0, 0, 0.05, 0.05, 0, 0, 0, 0, 0, 0
2304.25, 0, 0, 0, 0, 0, 0, 0, 0, 0, 0
2304.35, 0, 0, 0.05, 0.05, 0, 0, 0, 0, 0, 0
2305.25, 0, 0, 0, 0, 0, 0, 0, 0, 0, 0
2400, 0, 0, 0, 0, 0, 0, 0, 0, 0, 0
ENDTABLE
LOG_ENTRY Used Dataset: Road: Off-Center Elevation Map, S-L Grid; { Handling Course } Handling Course Curbing
EXIT_PARSFILE Roads\dZ_Map\RdMapZ_87b25c4f-0087-433e-8ae8-d189ce4b11f7.par

RR_SURF_CONSTANT 1
L_CAMERA_FRONT 0.5
L_CAMERA_REAR 0.5
ENTER_PARSFILE Roads\Boundaries\RdBnd_f658c7c3-6007-4ca2-ad16-6682a99f16e4.par
#FullDataName Road: Boundaries`Handling Course Edges`Road Boundary Stop Conditions
IROAD = GET_IROAD(road_id)
ROAD_SMAX_NEW_ID = 0
ROAD_SMIN_NEW_ID = 0
ISIDE = 1
ROAD_L_BOUNDARY_CONSTANT 0.5
ROAD_NEW_ID_CONSTANT = -1
ISIDE = 2
ROAD_L_BOUNDARY_CONSTANT -8.5
ROAD_NEW_ID_CONSTANT = -1
LOG_ENTRY Used Dataset: Road: Boundaries; { Road Boundary Stop Conditions } Handling Course Edges
EXIT_PARSFILE Roads\Boundaries\RdBnd_f658c7c3-6007-4ca2-ad16-6682a99f16e4.par

add_reference_frame road_stuff_6_Partly_Cloudy_Sky_with_Light_Grass
reference_frame_ghosts off
ENTER_PARSFILE Animator\Groups\Group_4ccae742-4649-427a-8871-7b3629a730a2.par
#FullDataName Animator: Group`Partly Cloudy Sky with Light Grass`Environment Spheres
ENTER_PARSFILE Animator\Frames\Frame_8761c9b6-c784-4d2d-b8bc-72683578e773.par
#FullDataName Animator: Reference Frame`Skybox (Vehicle X-Y-Z)`Tracking: Vehicle
ADD_REFERENCE_FRAME Frame_8761c9b6-c784-4d2d-b8bc-72683578e773
SET_EULER_ANGLES yaw_pitch_roll
SET_X_NAME Xo
SET_Y_NAME Yo
SET_Z_NAME Zo
WRT_Xo
ANI_Xo
WRT_Yo
ANI_Yo
WRT_Zo
ANI_Zo
LOG_ENTRY Used Dataset: Animator: Reference Frame; { Tracking: Vehicle } Skybox (Vehicle X-Y-Z)
EXIT_PARSFILE Animator\Frames\Frame_8761c9b6-c784-4d2d-b8bc-72683578e773.par

ENTER_PARSFILE Animator\STL\Shape_6d5f4980-0cdc-4aa2-841c-f127e1b02f97.par
#FullDataName Animator: Shape File Link`Partly Cloudy Sky`Environment: Sky Boxes
add_obj Animator\3D_Shape_Files\Environment\Sky_Boxes\Partly_Cloudy_Sky\Sky_Partly_Cloudy.obj
SET_COLOR 1 1 1
SET_SCALE_X 15
SET_SCALE_Y 15
SET_SCALE_Z 5
SET_ANGLE_Z 180
set_lighting off
set_fogging off
SUN_POSITION 250 -250 600
cam_global_ambient .6 .6 .6 1
cam_global_diffuse .9 .9 .9 1
cam_global_specular .7 .7 .7 1
ENV_MAP_XPOS Animator\3D_Shape_Files\Environment\Sky_Boxes\Partly_Cloudy_Sky\cubeXPos.tga
ENV_MAP_XNEG Animator\3D_Shape_Files\Environment\Sky_Boxes\Partly_Cloudy_Sky\cubeXNeg.tga
ENV_MAP_YPOS Animator\3D_Shape_Files\Environment\Sky_Boxes\Partly_Cloudy_Sky\cubeYPos.tga
ENV_MAP_YNEG Animator\3D_Shape_Files\Environment\Sky_Boxes\Partly_Cloudy_Sky\cubeYNeg.tga
ENV_MAP_ZPOS Animator\3D_Shape_Files\Environment\Sky_Boxes\Partly_Cloudy_Sky\cubeZPos.tga
ENV_MAP_ZNEG Animator\3D_Shape_Files\Environment\Sky_Boxes\Partly_Cloudy_Sky\cubeZNeg.tga
LOG_ENTRY Used Dataset: Animator: Shape File Link; { Environment: Sky Boxes } Partly Cloudy Sky
EXIT_PARSFILE Animator\STL\Shape_6d5f4980-0cdc-4aa2-841c-f127e1b02f97.par

ENTER_PARSFILE Animator\STL\Shape_8747e07e-81f8-4899-bd41-ca6921d43beb.par
#FullDataName Animator: Shape File Link`Light Grass`Environment: Land Bowls
add_obj Animator\3D_Shape_Files\Environment\Land_Bowls\Light_Grass\Land_Bowl_Light_Grass.obj
SET_COLOR 1 1 1
SET_SCALE_X 15
SET_SCALE_Y 15
SET_SCALE_Z 1
set_lighting off
set_fogging on
LOG_ENTRY Used Dataset: Animator: Shape File Link; { Environment: Land Bowls } Light Grass
EXIT_PARSFILE Animator\STL\Shape_8747e07e-81f8-4899-bd41-ca6921d43beb.par

LOG_ENTRY Used Dataset: Animator: Group; { Environment Spheres } Partly Cloudy Sky with Light Grass
EXIT_PARSFILE Animator\Groups\Group_4ccae742-4649-427a-8871-7b3629a730a2.par

add_reference_frame road_stuff_7_Handling_Course:_Road
reference_frame_ghosts off
ENTER_PARSFILE Animator\STL\Shape_aac5faa1-9cce-45a1-81d2-669b47d6af20.par
#FullDataName Animator: Shape File Link`Handling Course: Road`Self-Contained Scenes
add_obj Animator\3D_Shape_Files\Self_Contained_Scenes\Handling_Course_OSG\Road.OSG
SET_COLOR 1 1 1
SET_SCALE_X 1
SET_SCALE_Y 1
SET_SCALE_Z 1
set_lighting on
set_fogging on
LOG_ENTRY Used Dataset: Animator: Shape File Link; { Self-Contained Scenes } Handling Course: Road
EXIT_PARSFILE Animator\STL\Shape_aac5faa1-9cce-45a1-81d2-669b47d6af20.par

add_reference_frame road_stuff_8_Handling_Course_Cones
reference_frame_ghosts off
ENTER_PARSFILE Roads\AniGroup\AniRep_13e13ec7-cea3-4a96-a6ad-d28c56008d88.par
#FullDataName Road: Animator Repeated Object`Handling Course Cones`Cones
0, 2.95
0, -7.32
1319.12, 0.5
1319.12, 1
1319.12, 1.5
1319.12, 2
1349.6, 0.5
1349.6, 1
1349.6, 1.5
1380.08, 0.5
1380.08, 1
1410.56, 0.5
ENDTABLE
LOG_ENTRY Used Dataset: Road: Animator Repeated Object; { Cones } Handling Course Cones
EXIT_PARSFILE Roads\AniGroup\AniRep_13e13ec7-cea3-4a96-a6ad-d28c56008d88.par

add_reference_frame road_stuff_9_Handling_Course_Extra_Shapes
reference_frame_ghosts off
ENTER_PARSFILE Animator\Groups\Group_1e7fec86-9ab4-4fab-8725-bc6e048790ae.par
#FullDataName Animator: Group`Handling Course Extra Shapes`Roads and Environment
ENTER_PARSFILE Animator\STL\Shape_9f31fba3-29c8-4ad0-b4dc-048ff6466e5a.par
#FullDataName Animator: Shape File Link`Handling Course: Details`Self-Contained Scenes
add_obj Animator\3D_Shape_Files\Self_Contained_Scenes\Handling_Course_OSG\Details_Shadows.OSG
set_lighting on
set_fogging on
vsv_enable_shadows_recursive
translucent_fix on
LOG_ENTRY Used Dataset: Animator: Shape File Link; { Self-Contained Scenes } Handling Course: Details
EXIT_PARSFILE Animator\STL\Shape_9f31fba3-29c8-4ad0-b4dc-048ff6466e5a.par

ENTER_PARSFILE Animator\STL\Shape_e3cb9f93-d7c2-4c4f-8776-fb3f74e96c38.par
#FullDataName Animator: Shape File Link`Handling Course: Trees`Self-Contained Scenes
add_obj Animator\3D_Shape_Files\Self_Contained_Scenes\Handling_Course_OSG\TreeLine.OSG
set_lighting off
set_fogging on
translucent_fix on
LOG_ENTRY Used Dataset: Animator: Shape File Link; { Self-Contained Scenes } Handling Course: Trees
EXIT_PARSFILE Animator\STL\Shape_e3cb9f93-d7c2-4c4f-8776-fb3f74e96c38.par

LOG_ENTRY Used Dataset: Animator: Group; { Roads and Environment } Handling Course Extra Shapes
EXIT_PARSFILE Animator\Groups\Group_1e7fec86-9ab4-4fab-8725-bc6e048790ae.par

ENTER_PARSFILE Roads\3D_Road\Road_2e2d68ea-3745-4439-97f8-47f23dcb3105.ani
add_reference_frame The Road
reference_frame_ghosts off
add_obj Roads\3D_Road\Road_2e2d68ea-3745-4439-97f8-47f23dcb3105_1.obj
set_color 1 1 1
show_front on
show_back off
compute_normals on
set_specular 0 0 0
set_auto_detail_type Random
EXIT_PARSFILE Roads\3D_Road\Road_2e2d68ea-3745-4439-97f8-47f23dcb3105.ani

add_reference_frame road_stuff_1_3_Traffic_Cone
reference_frame_ghosts off
set_offset_var_yaw 98.3850806063
set_offset_var_x 2.91846549815
set_offset_var_y 0.430185002202
set_offset_var_z 0
ENTER_PARSFILE Animator\STL\Shape_779f3bdc-916c-4cf1-af00-e21db3ccca79.par
#FullDataName Animator: Shape File Link`Traffic Cone`Environment: Props (2 of 2)
add_obj Animator\3D_Shape_Files\Environment\Props\Traffic_Cone\Traffic_Cone_Small.obj
SET_COLOR 1 1 1
set_lighting on
set_fogging on
SET_SPECULAR 0.75 0.75 0.75
vsv_enable_shadows_recursive
LOG_ENTRY Used Dataset: Animator: Shape File Link; { Environment: Props (2 of 2) } Traffic Cone
EXIT_PARSFILE Animator\STL\Shape_779f3bdc-916c-4cf1-af00-e21db3ccca79.par

add_reference_frame road_stuff_2_3_Traffic_Cone
reference_frame_ghosts off
set_offset_var_yaw -81.6149193937
set_offset_var_x -7.24175167676
set_offset_var_y -1.06744210716
set_offset_var_z 0
ENTER_PARSFILE Animator\STL\Shape_779f3bdc-916c-4cf1-af00-e21db3ccca79.par
#FullDataName Animator: Shape File Link`Traffic Cone`Environment: Props (2 of 2)
add_obj Animator\3D_Shape_Files\Environment\Props\Traffic_Cone\Traffic_Cone_Small.obj
SET_COLOR 1 1 1
set_lighting on
set_fogging on
SET_SPECULAR 0.75 0.75 0.75
vsv_enable_shadows_recursive
LOG_ENTRY Used Dataset: Animator: Shape File Link; { Environment: Props (2 of 2) } Traffic Cone
EXIT_PARSFILE Animator\STL\Shape_779f3bdc-916c-4cf1-af00-e21db3ccca79.par

add_reference_frame road_stuff_3_3_Traffic_Cone
reference_frame_ghosts off
set_offset_var_yaw 91.9570577461
set_offset_var_x 200.76162455
set_offset_var_y 5.02713199721
set_offset_var_z 1.13527955248
ENTER_PARSFILE Animator\STL\Shape_779f3bdc-916c-4cf1-af00-e21db3ccca79.par
#FullDataName Animator: Shape File Link`Traffic Cone`Environment: Props (2 of 2)
add_obj Animator\3D_Shape_Files\Environment\Props\Traffic_Cone\Traffic_Cone_Small.obj
SET_COLOR 1 1 1
set_lighting on
set_fogging on
SET_SPECULAR 0.75 0.75 0.75
vsv_enable_shadows_recursive
LOG_ENTRY Used Dataset: Animator: Shape File Link; { Environment: Props (2 of 2) } Traffic Cone
EXIT_PARSFILE Animator\STL\Shape_779f3bdc-916c-4cf1-af00-e21db3ccca79.par

add_reference_frame road_stuff_4_3_Traffic_Cone
reference_frame_ghosts off
set_offset_var_yaw 91.9570577461
set_offset_var_x 201.261332901
set_offset_var_y 5.04420722712
set_offset_var_z 1.13527955248
ENTER_PARSFILE Animator\STL\Shape_779f3bdc-916c-4cf1-af00-e21db3ccca79.par
#FullDataName Animator: Shape File Link`Traffic Cone`Environment: Props (2 of 2)
add_obj Animator\3D_Shape_Files\Environment\Props\Traffic_Cone\Traffic_Cone_Small.obj
SET_COLOR 1 1 1
set_lighting on
set_fogging on
SET_SPECULAR 0.75 0.75 0.75
vsv_enable_shadows_recursive
LOG_ENTRY Used Dataset: Animator: Shape File Link; { Environment: Props (2 of 2) } Traffic Cone
EXIT_PARSFILE Animator\STL\Shape_779f3bdc-916c-4cf1-af00-e21db3ccca79.par

add_reference_frame road_stuff_5_3_Traffic_Cone
reference_frame_ghosts off
set_offset_var_yaw 91.9570577461
set_offset_var_x 201.761041253
set_offset_var_y 5.06128245703
set_offset_var_z 1.13527955248
ENTER_PARSFILE Animator\STL\Shape_779f3bdc-916c-4cf1-af00-e21db3ccca79.par
#FullDataName Animator: Shape File Link`Traffic Cone`Environment: Props (2 of 2)
add_obj Animator\3D_Shape_Files\Environment\Props\Traffic_Cone\Traffic_Cone_Small.obj
SET_COLOR 1 1 1
set_lighting on
set_fogging on
SET_SPECULAR 0.75 0.75 0.75
vsv_enable_shadows_recursive
LOG_ENTRY Used Dataset: Animator: Shape File Link; { Environment: Props (2 of 2) } Traffic Cone
EXIT_PARSFILE Animator\STL\Shape_779f3bdc-916c-4cf1-af00-e21db3ccca79.par

add_reference_frame road_stuff_6_3_Traffic_Cone
reference_frame_ghosts off
set_offset_var_yaw 91.9570577461
set_offset_var_x 202.260749604
set_offset_var_y 5.07835768693
set_offset_var_z 1.13527955248
ENTER_PARSFILE Animator\STL\Shape_779f3bdc-916c-4cf1-af00-e21db3ccca79.par
#FullDataName Animator: Shape File Link`Traffic Cone`Environment: Props (2 of 2)
add_obj Animator\3D_Shape_Files\Environment\Props\Traffic_Cone\Traffic_Cone_Small.obj
SET_COLOR 1 1 1
set_lighting on
set_fogging on
SET_SPECULAR 0.75 0.75 0.75
vsv_enable_shadows_recursive
LOG_ENTRY Used Dataset: Animator: Shape File Link; { Environment: Props (2 of 2) } Traffic Cone
EXIT_PARSFILE Animator\STL\Shape_779f3bdc-916c-4cf1-af00-e21db3ccca79.par

add_reference_frame road_stuff_7_3_Traffic_Cone
reference_frame_ghosts off
set_offset_var_yaw 91.9589992621
set_offset_var_x 201.803020256
set_offset_var_y -25.4350554531
set_offset_var_z 0.879054061351
ENTER_PARSFILE Animator\STL\Shape_779f3bdc-916c-4cf1-af00-e21db3ccca79.par
#FullDataName Animator: Shape File Link`Traffic Cone`Environment: Props (2 of 2)
add_obj Animator\3D_Shape_Files\Environment\Props\Traffic_Cone\Traffic_Cone_Small.obj
SET_COLOR 1 1 1
set_lighting on
set_fogging on
SET_SPECULAR 0.75 0.75 0.75
vsv_enable_shadows_recursive
LOG_ENTRY Used Dataset: Animator: Shape File Link; { Environment: Props (2 of 2) } Traffic Cone
EXIT_PARSFILE Animator\STL\Shape_779f3bdc-916c-4cf1-af00-e21db3ccca79.par

add_reference_frame road_stuff_8_3_Traffic_Cone
reference_frame_ghosts off
set_offset_var_yaw 91.9589992621
set_offset_var_x 202.302728028
set_offset_var_y -25.4179632902
set_offset_var_z 0.879054061351
ENTER_PARSFILE Animator\STL\Shape_779f3bdc-916c-4cf1-af00-e21db3ccca79.par
#FullDataName Animator: Shape File Link`Traffic Cone`Environment: Props (2 of 2)
add_obj Animator\3D_Shape_Files\Environment\Props\Traffic_Cone\Traffic_Cone_Small.obj
SET_COLOR 1 1 1
set_lighting on
set_fogging on
SET_SPECULAR 0.75 0.75 0.75
vsv_enable_shadows_recursive
LOG_ENTRY Used Dataset: Animator: Shape File Link; { Environment: Props (2 of 2) } Traffic Cone
EXIT_PARSFILE Animator\STL\Shape_779f3bdc-916c-4cf1-af00-e21db3ccca79.par

add_reference_frame road_stuff_9_3_Traffic_Cone
reference_frame_ghosts off
set_offset_var_yaw 91.9589992621
set_offset_var_x 202.802435801
set_offset_var_y -25.4008711272
set_offset_var_z 0.879054061351
ENTER_PARSFILE Animator\STL\Shape_779f3bdc-916c-4cf1-af00-e21db3ccca79.par
#FullDataName Animator: Shape File Link`Traffic Cone`Environment: Props (2 of 2)
add_obj Animator\3D_Shape_Files\Environment\Props\Traffic_Cone\Traffic_Cone_Small.obj
SET_COLOR 1 1 1
set_lighting on
set_fogging on
SET_SPECULAR 0.75 0.75 0.75
vsv_enable_shadows_recursive
LOG_ENTRY Used Dataset: Animator: Shape File Link; { Environment: Props (2 of 2) } Traffic Cone
EXIT_PARSFILE Animator\STL\Shape_779f3bdc-916c-4cf1-af00-e21db3ccca79.par

add_reference_frame road_stuff_10_3_Traffic_Cone
reference_frame_ghosts off
set_offset_var_yaw 91.9615242342
set_offset_var_x 202.845603123
set_offset_var_y -55.8971971273
set_offset_var_z 0.61633742437
ENTER_PARSFILE Animator\STL\Shape_779f3bdc-916c-4cf1-af00-e21db3ccca79.par
#FullDataName Animator: Shape File Link`Traffic Cone`Environment: Props (2 of 2)
add_obj Animator\3D_Shape_Files\Environment\Props\Traffic_Cone\Traffic_Cone_Small.obj
SET_COLOR 1 1 1
set_lighting on
set_fogging on
SET_SPECULAR 0.75 0.75 0.75
vsv_enable_shadows_recursive
LOG_ENTRY Used Dataset: Animator: Shape File Link; { Environment: Props (2 of 2) } Traffic Cone
EXIT_PARSFILE Animator\STL\Shape_779f3bdc-916c-4cf1-af00-e21db3ccca79.par

add_reference_frame road_stuff_11_3_Traffic_Cone
reference_frame_ghosts off
set_offset_var_yaw 91.9615242342
set_offset_var_x 203.345310142
set_offset_var_y -55.8800829427
set_offset_var_z 0.61633742437
ENTER_PARSFILE Animator\STL\Shape_779f3bdc-916c-4cf1-af00-e21db3ccca79.par
#FullDataName Animator: Shape File Link`Traffic Cone`Environment: Props (2 of 2)
add_obj Animator\3D_Shape_Files\Environment\Props\Traffic_Cone\Traffic_Cone_Small.obj
SET_COLOR 1 1 1
set_lighting on
set_fogging on
SET_SPECULAR 0.75 0.75 0.75
vsv_enable_shadows_recursive
LOG_ENTRY Used Dataset: Animator: Shape File Link; { Environment: Props (2 of 2) } Traffic Cone
EXIT_PARSFILE Animator\STL\Shape_779f3bdc-916c-4cf1-af00-e21db3ccca79.par

add_reference_frame road_stuff_12_3_Traffic_Cone
reference_frame_ghosts off
set_offset_var_yaw 91.9646326624
set_offset_var_x 203.889683354
set_offset_var_y -86.359282387
set_offset_var_z 0.359702127138
ENTER_PARSFILE Animator\STL\Shape_779f3bdc-916c-4cf1-af00-e21db3ccca79.par
#FullDataName Animator: Shape File Link`Traffic Cone`Environment: Props (2 of 2)
add_obj Animator\3D_Shape_Files\Environment\Props\Traffic_Cone\Traffic_Cone_Small.obj
SET_COLOR 1 1 1
set_lighting on
set_fogging on
SET_SPECULAR 0.75 0.75 0.75
vsv_enable_shadows_recursive
LOG_ENTRY Used Dataset: Animator: Shape File Link; { Environment: Props (2 of 2) } Traffic Cone
EXIT_PARSFILE Animator\STL\Shape_779f3bdc-916c-4cf1-af00-e21db3ccca79.par

LOG_ENTRY Used Dataset: Road: 3D Surface (All Properties); { Self-Contained Scenes } Handling Course
EXIT_PARSFILE Roads\3D_Road\Road_2e2d68ea-3745-4439-97f8-47f23dcb3105.par

ENTER_PARSFILE Roads\Center_XY\PathXY_895b22da-8b12-49c0-ae59-767b4f6d9ba7.par
#FullDataName Path: X-Y Coordinates`Handling Course Race Line`Handling Course
SET_IPATH_FOR_ID 0
DEFINE_XY_TABLES 1
ITAB_XY = NTAB_XY
XY_TABLE_ID = ITAB_XY
SET_DESCRIPTION PATH_ID Handling Course Race Line
SET_DESCRIPTION XY_TABLE_ID Handling Course Race Line
IPATHSEG = 1
PATH_ID_DM = PATH_ID
SEGMENT_TYPE = 1
XY_SEGMENT_ID = XY_TABLE_ID
OPT_PATH_LOOP 1
SPATH_START 0
SEGMENT_XY_TABLE
-4.6460, -0.6620, 0.0000
4.7175, -54.9519, 55.0915
5.3415, -59.9128, 60.0914
5.9048, -64.8809, 65.0914
6.3677, -69.8593, 70.0913
6.6705, -74.8498, 75.0909
6.7885, -79.8481, 80.0906
6.6869, -84.8466, 85.0902
6.3377, -89.8338, 90.0896
5.7165, -94.7944, 95.0889
4.8012, -99.7091, 100.0881
3.5597, -104.5514, 105.0870
1.9776, -109.2934, 110.0860
0.0723, -113.9151, 115.0850
-2.1242, -118.4059, 120.0842
-4.5948, -122.7520, 125.0835
-7.3252, -126.9398, 130.0827
-10.2729, -130.9777, 135.0821
-13.4571, -134.8317, 140.0813
-16.8673, -138.4872, 145.0805
-20.5162, -141.9040, 150.0794
-24.4026, -145.0480, 155.0783
-28.5077, -147.9005, 160.0772
-32.8255, -150.4186, 165.0756
-37.3534, -152.5351, 170.0738
-42.0674, -154.1954, 175.0716
-46.9283, -155.3564, 180.0692
-51.8858, -155.9883, 185.0668
-56.8822, -156.1156, 190.0649
-61.8698, -155.7861, 195.0633
-66.8138, -155.0498, 200.0619
-71.6739, -153.8823, 205.0602
-76.4149, -152.2989, 210.0586
-81.0008, -150.3104, 215.0571
-85.4029, -147.9426, 220.0556
-89.5871, -145.2082, 225.0540
-93.5207, -142.1242, 230.0525
-97.2275, -138.7698, 235.0517
-100.6595, -135.1360, 240.0500
-103.8221, -131.2641, 245.0494
-106.6877, -127.1684, 250.0480
-109.2385, -122.8696, 255.0467
-111.4232, -118.3738, 260.0452
-113.2674, -113.7272, 265.0444
-114.8589, -108.9881, 270.0436
-116.1282, -104.1530, 275.0425
-117.0665, -99.2427, 280.0416
-117.7360, -94.2883, 285.0411
-118.1812, -89.3085, 290.0407
-118.4143, -84.3143, 295.0404
-118.4674, -79.3148, 300.0401
-118.3739, -74.3158, 305.0400
-118.1731, -69.3199, 310.0399
-117.8959, -64.3276, 315.0399
-117.5571, -59.3392, 320.0398
-117.2155, -54.3509, 325.0398
-116.8900, -49.3615, 330.0398
-116.5838, -44.3709, 335.0398
-116.3858, -39.3749, 340.0397
-116.2572, -34.3766, 345.0397
-116.1953, -29.3771, 350.0396
-116.1830, -24.3771, 355.0396
-116.2230, -19.3774, 360.0394
-116.4225, -14.3816, 365.0392
-116.7573, -9.3930, 370.0390
-117.1886, -4.4117, 375.0390
-117.6818, 0.5639, 380.0390
-118.1732, 5.5397, 385.0390
-118.5769, 10.5232, 390.0388
-118.8075, 15.5175, 395.0384
-118.8697, 20.5169, 400.0382
-118.7439, 25.5149, 405.0378
-118.3790, 30.5010, 410.0372
-117.6819, 35.4508, 415.0359
-116.5529, 40.3197, 420.0339
-114.9210, 45.0429, 425.0311
-112.8316, 49.5841, 430.0299
-110.3734, 53.9364, 435.0285
-107.5947, 58.0919, 440.0274
-104.5316, 62.0427, 445.0265
-101.2489, 65.8134, 450.0260
-97.8080, 69.4409, 455.0258
-94.2824, 72.9863, 460.0258
-90.7477, 76.5226, 465.0257
-87.2330, 80.0788, 470.0257
-83.7340, 83.6505, 475.0257
-80.2508, 87.2376, 480.0257
-76.7856, 90.8421, 485.0257
-73.4290, 94.5467, 490.0248
-70.3576, 98.4906, 495.0236
-67.6844, 102.7128, 500.0209
-65.5431, 107.2269, 505.0171
-64.1272, 112.0143, 510.0095
-63.8057, 116.9913, 514.9969
-64.6221, 121.9161, 519.9889
-66.3564, 126.5981, 524.9818
-68.8613, 130.9195, 529.9767
-72.0047, 134.8027, 534.9727
-75.5821, 138.2926, 539.9704
-79.5072, 141.3865, 544.9683
-83.7108, 144.0906, 549.9665
-88.0965, 146.4900, 554.9656
-92.6126, 148.6349, 559.9652
-97.2134, 150.5919, 564.9649
-101.8661, 152.4224, 569.9648
-106.5304, 154.2235, 574.9647
-111.1478, 156.1409, 579.9644
-115.6848, 158.2410, 584.9639
-120.0817, 160.6195, 589.9629
-124.2778, 163.3356, 594.9613
-128.2358, 166.3877, 599.9595
-131.8947, 169.7923, 604.9573
-135.1530, 173.5807, 609.9542
-137.9828, 177.7008, 614.9525
-140.4207, 182.0644, 619.9509
-142.5084, 186.6061, 624.9495
-144.2431, 191.2942, 629.9482
-145.6597, 196.0885, 634.9474
-146.8532, 200.9438, 639.9473
-147.9008, 205.8327, 644.9471
-148.8346, 210.7446, 649.9470
-149.6628, 215.6754, 654.9469
-150.3928, 220.6217, 659.9468
-150.9972, 225.5849, 664.9466
-151.4460, 230.5644, 669.9463
-151.6576, 235.5591, 674.9455
-151.5624, 240.5574, 679.9447
-151.1743, 245.5416, 684.9440
-150.5056, 250.4960, 689.9433
-149.5253, 255.3980, 694.9424
-148.2202, 260.2235, 699.9413
-146.4952, 264.9144, 704.9393
-144.2801, 269.3929, 709.9356
-141.4186, 273.4858, 714.9296
-137.9766, 277.1071, 719.9257
-134.0767, 280.2309, 724.9225
-129.8576, 282.9094, 729.9200
-125.4293, 285.2287, 734.9189
-120.8596, 287.2568, 739.9184
-116.1870, 289.0355, 744.9181
-111.4658, 290.6800, 749.9175
-106.6856, 292.1445, 754.9170
-101.8419, 293.3840, 759.9168
-96.9329, 294.3271, 764.9156
-91.9674, 294.9013, 769.9142
-86.9714, 295.0448, 774.9122
-81.9749, 294.8703, 779.9118
-76.9959, 294.4178, 784.9113
-72.0468, 293.7116, 789.9105
-67.1415, 292.7463, 794.9099
-62.2979, 291.5082, 799.9093
-57.5270, 290.0139, 804.9087
-52.8315, 288.2967, 809.9083
-48.2062, 286.3983, 814.9081
-43.6319, 284.3796, 819.9080
-39.0712, 282.3303, 824.9080
-34.4988, 280.3070, 829.9080
-29.9058, 278.3312, 834.9080
-25.2510, 276.5064, 839.9077
-20.5561, 274.7866, 844.9077
-15.8220, 273.1783, 849.9075
-11.0636, 271.6434, 854.9073
-6.2459, 270.3079, 859.9067
-1.3643, 269.2285, 864.9062
3.5601, 268.3642, 869.9059
8.5147, 267.6942, 874.9056
13.4891, 267.1905, 879.9054
18.4764, 266.8361, 884.9053
23.4713, 266.6133, 889.9052
28.4698, 266.4974, 894.9050
33.4697, 266.4671, 899.9050
38.4695, 266.5067, 904.9050
43.4684, 266.6104, 909.9049
48.4661, 266.7604, 914.9049
53.4629, 266.9407, 919.9049
58.4591, 267.1347, 924.9049
63.4552, 267.3322, 929.9049
68.4516, 267.5225, 934.9049
73.4487, 267.6911, 939.9049
78.4466, 267.8372, 944.9049
83.4453, 267.9479, 949.9048
88.4451, 267.9905, 954.9048
93.4445, 267.9239, 959.9047
98.4396, 267.7093, 964.9044
103.4221, 267.2963, 969.9039
108.3777, 266.6365, 974.9033
113.2797, 265.6568, 979.9022
118.1031, 264.3433, 984.9013
122.8251, 262.7025, 989.9002
127.4188, 260.7310, 994.8991
131.8691, 258.4535, 999.8983
136.1973, 255.9510, 1004.8979
140.4095, 253.2577, 1009.8976
144.5332, 250.4306, 1014.8973
148.5454, 247.4473, 1019.8971
152.4481, 244.3225, 1024.8966
156.2137, 241.0334, 1029.8964
159.8518, 237.6040, 1034.8961
163.3419, 234.0242, 1039.8956
166.6870, 230.3084, 1044.8953
169.8855, 226.4657, 1049.8950
172.9138, 222.4877, 1054.8945
175.7459, 218.3677, 1059.8940
178.3732, 214.1143, 1064.8934
180.7943, 209.7401, 1069.8930
183.0182, 205.2623, 1074.8926
185.0329, 200.6867, 1079.8921
186.8392, 196.0248, 1084.8917
188.4280, 191.2845, 1089.8912
189.7948, 186.4753, 1094.8909
190.9445, 181.6098, 1099.8904
191.8642, 176.6956, 1104.8899
192.5577, 171.7443, 1109.8895
193.0529, 166.7692, 1114.8892
193.3765, 161.7799, 1119.8890
193.5749, 156.7839, 1124.8889
193.6965, 151.7854, 1129.8889
193.8016, 146.7865, 1134.8889
202.6786, -108.0420, 1389.8720
202.8117, -113.0401, 1394.8718
202.7999, -118.0398, 1399.8716
202.5296, -123.0315, 1404.8706
201.8897, -127.9888, 1409.8690
200.8039, -132.8674, 1414.8670
199.1890, -137.5966, 1419.8643
197.0371, -142.1065, 1424.8613
194.3747, -146.3348, 1429.8580
191.1620, -150.1600, 1434.8533
187.3811, -153.4233, 1439.8478
183.1621, -156.0993, 1444.8438
178.6205, -158.1820, 1449.8402
173.8686, -159.7306, 1454.8381
168.9927, -160.8294, 1459.8363
164.0535, -161.6051, 1464.8360
159.1010, -162.2925, 1469.8360
154.1399, -162.9145, 1474.8359
149.1747, -163.5031, 1479.8359
144.2078, -164.0769, 1484.8358
139.2395, -164.6390, 1489.8358
134.2699, -165.1897, 1494.8358
129.2987, -165.7254, 1499.8358
124.3249, -166.2358, 1504.8357
119.3486, -166.7219, 1509.8357
114.3706, -167.1903, 1514.8357
109.3907, -167.6381, 1519.8357
104.4089, -168.0643, 1524.8357
99.4250, -168.4642, 1529.8356
94.4313, -168.6830, 1534.8341
89.4399, -168.4275, 1539.8320
84.4994, -167.6743, 1544.8296
79.6655, -166.4051, 1549.8274
74.9972, -164.6215, 1554.8248
70.5548, -162.3326, 1559.8222
66.4003, -159.5557, 1564.8193
62.5845, -156.3286, 1569.8168
59.1064, -152.7387, 1574.8152
55.9352, -148.8747, 1579.8139
53.1014, -144.7574, 1584.8122
50.6737, -140.3882, 1589.8105
48.6136, -135.8338, 1594.8092
46.9398, -131.1238, 1599.8078
45.6638, -126.2909, 1604.8063
44.8073, -121.3664, 1609.8047
44.3848, -116.3859, 1614.8031
44.4189, -111.3880, 1619.8011
44.9318, -106.4162, 1624.7993
45.9067, -101.5141, 1629.7974
47.3569, -96.7310, 1634.7955
49.2759, -92.1163, 1639.7933
51.6419, -87.7139, 1644.7912
54.4138, -83.5549, 1649.7893
57.5700, -79.6796, 1654.7872
61.1217, -76.1643, 1659.7844
65.0379, -73.0595, 1664.7821
69.2474, -70.3647, 1669.7802
73.6167, -67.9341, 1674.7801
77.9959, -65.5211, 1679.7801
82.3533, -63.0690, 1684.7801
86.6977, -60.5938, 1689.7801
91.0291, -58.0961, 1694.7801
95.3469, -55.5749, 1699.7801
99.6558, -53.0384, 1704.7801
103.9484, -50.4748, 1709.7799
108.0726, -47.6516, 1714.7779
111.8575, -44.3887, 1719.7751
115.2221, -40.6943, 1724.7720
118.0938, -36.6059, 1729.7682
120.3621, -32.1554, 1734.7634
121.8871, -27.3987, 1739.7586
122.7298, -22.4738, 1744.7550
122.9405, -17.4816, 1749.7517
122.5303, -12.5014, 1754.7487
121.6339, -7.5835, 1759.7477
120.5843, -2.6949, 1764.7477
119.7117, 2.2275, 1769.7468
119.2202, 7.2018, 1774.7454
119.1693, 12.1999, 1779.7437
119.5236, 17.1862, 1784.7426
120.2065, 22.1385, 1789.7417
121.2027, 27.0373, 1794.7408
122.4191, 31.8868, 1799.7405
123.7986, 36.6925, 1804.7403
125.3367, 41.4498, 1809.7401
127.0128, 46.1603, 1814.7399
128.8247, 50.8202, 1819.7397
130.7791, 55.4222, 1824.7395
132.8639, 59.9667, 1829.7394
135.0781, 64.4495, 1834.7392
137.4185, 68.8677, 1839.7390
139.8735, 73.2234, 1844.7389
142.3862, 77.5461, 1849.7388
144.9130, 81.8607, 1854.7389
147.4342, 86.1784, 1859.7388
149.9527, 90.4978, 1864.7388
152.4682, 94.8190, 1869.7388
154.9794, 99.1426, 1874.7388
157.4129, 103.5102, 1879.7386
159.6646, 107.9738, 1884.7380
161.6540, 112.5602, 1889.7372
163.3614, 117.2587, 1894.7364
164.7564, 122.0592, 1899.7354
165.8316, 126.9412, 1904.7344
166.5541, 131.8875, 1909.7332
166.8875, 136.8751, 1914.7320
166.8010, 141.8726, 1919.7302
166.2802, 146.8439, 1924.7287
165.3299, 151.7511, 1929.7271
163.9412, 156.5524, 1934.7252
162.0864, 161.1934, 1939.7231
159.7940, 165.6347, 1944.7211
157.1048, 169.8482, 1949.7196
154.0817, 173.8288, 1954.7181
150.7388, 177.5454, 1959.7169
147.1418, 181.0172, 1964.7161
143.3674, 184.2957, 1969.7155
139.4172, 187.3593, 1974.7145
135.2797, 190.1651, 1979.7137
130.9321, 192.6312, 1984.7120
126.3727, 194.6786, 1989.7100
121.6472, 196.3078, 1994.7084
116.7935, 197.5009, 1999.7066
111.8496, 198.2353, 2004.7048
106.8599, 198.5305, 2009.7032
101.8633, 198.3930, 2014.7017
96.8913, 197.8747, 2019.7006
91.9618, 197.0422, 2024.6999
87.0878, 195.9295, 2029.6993
82.2645, 194.6132, 2034.6990
77.5023, 193.0910, 2039.6986
72.8147, 191.3524, 2044.6982
68.2055, 189.4157, 2049.6978
63.6889, 187.2719, 2054.6973
59.2699, 184.9333, 2059.6970
54.9569, 182.4047, 2064.6966
50.7555, 179.6946, 2069.6962
46.6622, 176.8238, 2074.6959
42.6708, 173.8127, 2079.6957
38.7698, 170.6853, 2084.6955
34.9597, 167.4479, 2089.6953
31.2485, 164.0975, 2094.6951
27.6333, 160.6437, 2099.6949
24.1137, 157.0925, 2104.6948
20.7044, 153.4355, 2109.6945
17.4212, 149.6647, 2114.6943
14.2732, 145.7804, 2119.6941
11.2460, 141.8013, 2124.6938
8.3555, 137.7218, 2129.6935
5.6110, 133.5427, 2134.6933
3.0208, 129.2662, 2139.6930
0.5857, 124.8996, 2144.6927
-1.6944, 120.4500, 2149.6925
-3.8327, 115.9305, 2154.6923
-5.8423, 111.3524, 2159.6921
-7.7010, 106.7109, 2164.6919
-9.4393, 102.0230, 2169.6917
-10.9471, 97.2568, 2174.6907
-12.2464, 92.4291, 2179.6902
-13.3119, 87.5443, 2184.6898
-14.1553, 82.6164, 2189.6894
-14.7416, 77.6515, 2194.6888
-15.0471, 72.6616, 2199.6880
-15.0675, 67.6623, 2204.6874
-14.8300, 62.6684, 2209.6869
-14.3691, 57.6900, 2214.6866
-13.7313, 52.7311, 2219.6864
-12.9803, 47.7879, 2224.6863
-12.1517, 42.8570, 2229.6863
-4.6460, -0.6620, 2273.8478
ENDTABLE
LOG_ENTRY Used Dataset: Path: X-Y Coordinates; { Handling Course } Handling Course Race Line
EXIT_PARSFILE Roads\Center_XY\PathXY_895b22da-8b12-49c0-ae59-767b4f6d9ba7.par

ENTER_PARSFILE Plot\Setup\Plot_c7306601-bee0-4edc-92fb-2c670cb34a1b.par
#FullDataName Plot: Setup`Longitudinal Forces`Tire Forces and Moments
ADD_ENTITY Plot
ENTER_PARSFILE Plot\Format\PlotFmt_33e2becb-9fc8-474d-a6bb-685bf100d862.par
#FullDataName Plot: Format`Default Plot Settings`
LEGENDPERCENT 60
TITLEFONTSIZE 10
TITLELOCATION -1
AXES Axes
FRAME Frame
GRID CourseGrid
LEGENDDATA_1 RigidBodyName
TITLEFONTSTYLE Regular
TITLEFONTNAME Arial
LEGENDFONTNAME Arial
LEGENDFONTSIZE 10
LEGENDFONTSTYLE Regular
LABELFONTNAME Arial
LABELFONTSIZE 10
LABELFONTSTYLE Regular
TICLABELFONTNAME Arial
TICLABELFONTSIZE 10
TICLABELFONTSTYLE Regular
SYMBOLS 10,1,2,3,4,5,6,7,8,9,10,4,1,2,3,4,5,6,7,8
LINESTYL 1,1,1,1,1,1,2,1,1,1,2,1,1,1,2,1,1,1,2,1
COLORS 8,2,3,11,4,0,6,14,8,7,10,8,12,13,14,6,1,2,0,4
LOG_ENTRY Used Dataset: Plot: Format; Default Plot Settings
EXIT_PARSFILE Plot\Format\PlotFmt_33e2becb-9fc8-474d-a6bb-685bf100d862.par

PLOTCHANNELS Fx_L1, Time
WRT_FX_L1
PLOTCHANNELS Fx_R1, Time
WRT_FX_R1
PLOTCHANNELS Fx_L2, Time
WRT_FX_L2
PLOTCHANNELS Fx_R2, Time
WRT_FX_R2
YMaxmin Auto
XMaxmin Auto
PTITLE Longitudinal Forces
END_ENTITY Plot
LOG_ENTRY Used Dataset: Plot: Setup; { Tire Forces and Moments } Longitudinal Forces
EXIT_PARSFILE Plot\Setup\Plot_c7306601-bee0-4edc-92fb-2c670cb34a1b.par

ENTER_PARSFILE Plot\Setup\Plot_0773e087-151d-42db-a308-f02b7b6ee48d.par
#FullDataName Plot: Setup`Lateral Forces`Tire Forces and Moments
ADD_ENTITY Plot
ENTER_PARSFILE Plot\Format\PlotFmt_33e2becb-9fc8-474d-a6bb-685bf100d862.par
#FullDataName Plot: Format`Default Plot Settings`
LEGENDPERCENT 60
TITLEFONTSIZE 10
TITLELOCATION -1
AXES Axes
FRAME Frame
GRID CourseGrid
LEGENDDATA_1 RigidBodyName
TITLEFONTSTYLE Regular
TITLEFONTNAME Arial
LEGENDFONTNAME Arial
LEGENDFONTSIZE 10
LEGENDFONTSTYLE Regular
LABELFONTNAME Arial
LABELFONTSIZE 10
LABELFONTSTYLE Regular
TICLABELFONTNAME Arial
TICLABELFONTSIZE 10
TICLABELFONTSTYLE Regular
SYMBOLS 10,1,2,3,4,5,6,7,8,9,10,4,1,2,3,4,5,6,7,8
LINESTYL 1,1,1,1,1,1,2,1,1,1,2,1,1,1,2,1,1,1,2,1
COLORS 8,2,3,11,4,0,6,14,8,7,10,8,12,13,14,6,1,2,0,4
LOG_ENTRY Used Dataset: Plot: Format; Default Plot Settings
EXIT_PARSFILE Plot\Format\PlotFmt_33e2becb-9fc8-474d-a6bb-685bf100d862.par

PLOTCHANNELS Fy_L1, Time
WRT_FY_L1
PLOTCHANNELS Fy_R1, Time
WRT_FY_R1
PLOTCHANNELS Fy_L2, Time
WRT_FY_L2
PLOTCHANNELS Fy_R2, Time
WRT_FY_R2
YMaxmin Auto
XMaxmin Auto
PTITLE Lateral Forces
END_ENTITY Plot
LOG_ENTRY Used Dataset: Plot: Setup; { Tire Forces and Moments } Lateral Forces
EXIT_PARSFILE Plot\Setup\Plot_0773e087-151d-42db-a308-f02b7b6ee48d.par

ENTER_PARSFILE Plot\Setup\Plot_a146934a-339c-4983-9664-0f9749a0dfd6.par
#FullDataName Plot: Setup`Vertical Forces`Tire Forces and Moments
ADD_ENTITY Plot
ENTER_PARSFILE Plot\Format\PlotFmt_33e2becb-9fc8-474d-a6bb-685bf100d862.par
#FullDataName Plot: Format`Default Plot Settings`
LEGENDPERCENT 60
TITLEFONTSIZE 10
TITLELOCATION -1
AXES Axes
FRAME Frame
GRID CourseGrid
LEGENDDATA_1 RigidBodyName
TITLEFONTSTYLE Regular
TITLEFONTNAME Arial
LEGENDFONTNAME Arial
LEGENDFONTSIZE 10
LEGENDFONTSTYLE Regular
LABELFONTNAME Arial
LABELFONTSIZE 10
LABELFONTSTYLE Regular
TICLABELFONTNAME Arial
TICLABELFONTSIZE 10
TICLABELFONTSTYLE Regular
SYMBOLS 10,1,2,3,4,5,6,7,8,9,10,4,1,2,3,4,5,6,7,8
LINESTYL 1,1,1,1,1,1,2,1,1,1,2,1,1,1,2,1,1,1,2,1
COLORS 8,2,3,11,4,0,6,14,8,7,10,8,12,13,14,6,1,2,0,4
LOG_ENTRY Used Dataset: Plot: Format; Default Plot Settings
EXIT_PARSFILE Plot\Format\PlotFmt_33e2becb-9fc8-474d-a6bb-685bf100d862.par

PLOTCHANNELS Fz_L1, Time
WRT_FZ_L1
PLOTCHANNELS Fz_R1, Time
WRT_FZ_R1
PLOTCHANNELS Fz_L2, Time
WRT_FZ_L2
PLOTCHANNELS Fz_R2, Time
WRT_FZ_R2
YMaxmin Auto
XMaxmin Auto
PTITLE Vertical Forces
END_ENTITY Plot
LOG_ENTRY Used Dataset: Plot: Setup; { Tire Forces and Moments } Vertical Forces
EXIT_PARSFILE Plot\Setup\Plot_a146934a-339c-4983-9664-0f9749a0dfd6.par

ENTER_PARSFILE Plot\Setup\Plot_2865bd77-14b2-4e51-9c7f-3484aa98e979.par
#FullDataName Plot: Setup`Roll Angle of Sprung Masses vs. Time`Vehicle Motion
ADD_ENTITY Plot
ENTER_PARSFILE Plot\Format\PlotFmt_9c0da54c-ef5e-4a28-a4f7-2b9b79dcd98d.par
#FullDataName Plot: Format`Lines without Symbols`
LEGENDPERCENT 60
TITLEFONTSIZE 10
TITLELOCATION -1
AXES Axes
FRAME Frame
GRID CourseGrid
LEGENDDATA_1 RigidBodyName
JUNK AutoLocation
TITLEFONTSTYLE Regular
TITLEFONTNAME Arial
LEGENDFONTNAME Arial
LEGENDFONTSIZE 10
LEGENDFONTSTYLE Regular
LABELFONTNAME Arial
LABELFONTSIZE 10
LABELFONTSTYLE Regular
TICLABELFONTNAME Arial
TICLABELFONTSIZE 10
TICLABELFONTSTYLE Regular
SYMBOLS 0,0,0,0,0,0,0,0,0,0,0,0,0,0,0,0,0,0,0,0
LINESTYL 1,1,1,1,1,1,2,1,1,1,2,1,1,1,2,1,1,1,2,1
COLORS 8,2,3,7,4,0,6,14,8,9,10,11,12,13,14,6,1,2,0,4
LOG_ENTRY Used Dataset: Plot: Format; Lines without Symbols
EXIT_PARSFILE Plot\Format\PlotFmt_9c0da54c-ef5e-4a28-a4f7-2b9b79dcd98d.par

PLOTCHANNELS Roll, Time
WRT_ROLL
PLOTCHANNELS Roll_2, Time
WRT_ROLL_2
YMaxmin Auto
XMaxmin Auto
PTITLE Roll Angle of Sprung Masses vs. Time
END_ENTITY Plot
LOG_ENTRY Used Dataset: Plot: Setup; { Vehicle Motion } Roll Angle of Sprung Masses vs. Time
EXIT_PARSFILE Plot\Setup\Plot_2865bd77-14b2-4e51-9c7f-3484aa98e979.par

ENTER_PARSFILE Plot\Setup\Plot_8b22f20a-1297-43cf-9e59-a0b1d530d136.par
#FullDataName Plot: Setup`Lateral Accel. of CG's vs. Time`Vehicle Motion
ADD_ENTITY Plot
ENTER_PARSFILE Plot\Format\PlotFmt_9c0da54c-ef5e-4a28-a4f7-2b9b79dcd98d.par
#FullDataName Plot: Format`Lines without Symbols`
LEGENDPERCENT 60
TITLEFONTSIZE 10
TITLELOCATION -1
AXES Axes
FRAME Frame
GRID CourseGrid
LEGENDDATA_1 RigidBodyName
JUNK AutoLocation
TITLEFONTSTYLE Regular
TITLEFONTNAME Arial
LEGENDFONTNAME Arial
LEGENDFONTSIZE 10
LEGENDFONTSTYLE Regular
LABELFONTNAME Arial
LABELFONTSIZE 10
LABELFONTSTYLE Regular
TICLABELFONTNAME Arial
TICLABELFONTSIZE 10
TICLABELFONTSTYLE Regular
SYMBOLS 0,0,0,0,0,0,0,0,0,0,0,0,0,0,0,0,0,0,0,0
LINESTYL 1,1,1,1,1,1,2,1,1,1,2,1,1,1,2,1,1,1,2,1
COLORS 8,2,3,7,4,0,6,14,8,9,10,11,12,13,14,6,1,2,0,4
LOG_ENTRY Used Dataset: Plot: Format; Lines without Symbols
EXIT_PARSFILE Plot\Format\PlotFmt_9c0da54c-ef5e-4a28-a4f7-2b9b79dcd98d.par

PLOTCHANNELS Ay, Time
WRT_AY
PLOTCHANNELS Ay_2, Time
WRT_AY_2
YMaxmin Auto
XMaxmin Auto
PTITLE Lateral Accel. of CG's vs. Time
END_ENTITY Plot
LOG_ENTRY Used Dataset: Plot: Setup; { Vehicle Motion } Lateral Accel. of CG's vs. Time
EXIT_PARSFILE Plot\Setup\Plot_8b22f20a-1297-43cf-9e59-a0b1d530d136.par

ENTER_PARSFILE Plot\Setup\Plot_a243fc1c-fc6b-4404-89ac-bc8209a293be.par
#FullDataName Plot: Setup`Longitudinal Speed (Vxz_Fwd) vs. Time`Vehicle Motion
ADD_ENTITY Plot
ENTER_PARSFILE Plot\Format\PlotFmt_33e2becb-9fc8-474d-a6bb-685bf100d862.par
#FullDataName Plot: Format`Default Plot Settings`
LEGENDPERCENT 60
TITLEFONTSIZE 10
TITLELOCATION -1
AXES Axes
FRAME Frame
GRID CourseGrid
LEGENDDATA_1 RigidBodyName
TITLEFONTSTYLE Regular
TITLEFONTNAME Arial
LEGENDFONTNAME Arial
LEGENDFONTSIZE 10
LEGENDFONTSTYLE Regular
LABELFONTNAME Arial
LABELFONTSIZE 10
LABELFONTSTYLE Regular
TICLABELFONTNAME Arial
TICLABELFONTSIZE 10
TICLABELFONTSTYLE Regular
SYMBOLS 10,1,2,3,4,5,6,7,8,9,10,4,1,2,3,4,5,6,7,8
LINESTYL 1,1,1,1,1,1,2,1,1,1,2,1,1,1,2,1,1,1,2,1
COLORS 8,2,3,11,4,0,6,14,8,7,10,8,12,13,14,6,1,2,0,4
LOG_ENTRY Used Dataset: Plot: Format; Default Plot Settings
EXIT_PARSFILE Plot\Format\PlotFmt_33e2becb-9fc8-474d-a6bb-685bf100d862.par

PLOTCHANNELS Vx, Time
WRT_VX
PLOTCHANNELS Vxz_Fwd, Time
WRT_VXZ_FWD
PLOTCHANNELS VxTarget, Time
WRT_VXTARGET
PLOTCHANNELS Vx_2, Time
WRT_VX_2
YMaxmin Auto
XMaxmin Auto
PTITLE Longitudinal Speed (Vxz_Fwd) vs. Time
END_ENTITY Plot
LOG_ENTRY Used Dataset: Plot: Setup; { Vehicle Motion } Longitudinal Speed (Vxz_Fwd) vs. Time
EXIT_PARSFILE Plot\Setup\Plot_a243fc1c-fc6b-4404-89ac-bc8209a293be.par

ENTER_PARSFILE Plot\Setup\Plot_310b0189-b08d-49fc-a484-ee359eb89744.par
#FullDataName Plot: Setup`Yaw Rate of Sprung Masses vs. Time`Vehicle Motion
ADD_ENTITY Plot
ENTER_PARSFILE Plot\Format\PlotFmt_9c0da54c-ef5e-4a28-a4f7-2b9b79dcd98d.par
#FullDataName Plot: Format`Lines without Symbols`
LEGENDPERCENT 60
TITLEFONTSIZE 10
TITLELOCATION -1
AXES Axes
FRAME Frame
GRID CourseGrid
LEGENDDATA_1 RigidBodyName
JUNK AutoLocation
TITLEFONTSTYLE Regular
TITLEFONTNAME Arial
LEGENDFONTNAME Arial
LEGENDFONTSIZE 10
LEGENDFONTSTYLE Regular
LABELFONTNAME Arial
LABELFONTSIZE 10
LABELFONTSTYLE Regular
TICLABELFONTNAME Arial
TICLABELFONTSIZE 10
TICLABELFONTSTYLE Regular
SYMBOLS 0,0,0,0,0,0,0,0,0,0,0,0,0,0,0,0,0,0,0,0
LINESTYL 1,1,1,1,1,1,2,1,1,1,2,1,1,1,2,1,1,1,2,1
COLORS 8,2,3,7,4,0,6,14,8,9,10,11,12,13,14,6,1,2,0,4
LOG_ENTRY Used Dataset: Plot: Format; Lines without Symbols
EXIT_PARSFILE Plot\Format\PlotFmt_9c0da54c-ef5e-4a28-a4f7-2b9b79dcd98d.par

PLOTCHANNELS AVz, Time
WRT_AVZ
PLOTCHANNELS AVz_2, Time
WRT_AVZ_2
YMaxmin Auto
XMaxmin Auto
PTITLE Yaw Rate of Sprung Masses vs. Time
END_ENTITY Plot
LOG_ENTRY Used Dataset: Plot: Setup; { Vehicle Motion } Yaw Rate of Sprung Masses vs. Time
EXIT_PARSFILE Plot\Setup\Plot_310b0189-b08d-49fc-a484-ee359eb89744.par

ENTER_PARSFILE Plot\Setup\Plot_802af38f-4afd-493f-8330-eaaba33c3852.par
#FullDataName Plot: Setup`Ackermann Steer`User-Defined Variables
ADD_ENTITY Plot
ENTER_PARSFILE Plot\Format\PlotFmt_33e2becb-9fc8-474d-a6bb-685bf100d862.par
#FullDataName Plot: Format`Default Plot Settings`
LEGENDPERCENT 60
TITLEFONTSIZE 10
TITLELOCATION -1
AXES Axes
FRAME Frame
GRID CourseGrid
LEGENDDATA_1 RigidBodyName
TITLEFONTSTYLE Regular
TITLEFONTNAME Arial
LEGENDFONTNAME Arial
LEGENDFONTSIZE 10
LEGENDFONTSTYLE Regular
LABELFONTNAME Arial
LABELFONTSIZE 10
LABELFONTSTYLE Regular
TICLABELFONTNAME Arial
TICLABELFONTSIZE 10
TICLABELFONTSTYLE Regular
SYMBOLS 10,1,2,3,4,5,6,7,8,9,10,4,1,2,3,4,5,6,7,8
LINESTYL 1,1,1,1,1,1,2,1,1,1,2,1,1,1,2,1,1,1,2,1
COLORS 8,2,3,11,4,0,6,14,8,7,10,8,12,13,14,6,1,2,0,4
LOG_ENTRY Used Dataset: Plot: Format; Default Plot Settings
EXIT_PARSFILE Plot\Format\PlotFmt_33e2becb-9fc8-474d-a6bb-685bf100d862.par

define_output AckSteer = LX_AXLE * Rho_Road; deg; Ackermann steer
PLOTCHANNELS AckSteer, Time
WRT_ACKSTEER
YMaxmin Auto
XMaxmin Auto
PTITLE Ackermann Steer
END_ENTITY Plot
LOG_ENTRY Used Dataset: Plot: Setup; { User-Defined Variables } Ackermann Steer
EXIT_PARSFILE Plot\Setup\Plot_802af38f-4afd-493f-8330-eaaba33c3852.par

ENTER_PARSFILE Plot\Setup\Plot_b86d8c49-db4e-400a-a282-322334d38a2e.par
#FullDataName Plot: Setup`Vehicle Sideslip Angle`Vehicle Motion
ADD_ENTITY Plot
ENTER_PARSFILE Plot\Format\PlotFmt_9c0da54c-ef5e-4a28-a4f7-2b9b79dcd98d.par
#FullDataName Plot: Format`Lines without Symbols`
LEGENDPERCENT 60
TITLEFONTSIZE 10
TITLELOCATION -1
AXES Axes
FRAME Frame
GRID CourseGrid
LEGENDDATA_1 RigidBodyName
JUNK AutoLocation
TITLEFONTSTYLE Regular
TITLEFONTNAME Arial
LEGENDFONTNAME Arial
LEGENDFONTSIZE 10
LEGENDFONTSTYLE Regular
LABELFONTNAME Arial
LABELFONTSIZE 10
LABELFONTSTYLE Regular
TICLABELFONTNAME Arial
TICLABELFONTSIZE 10
TICLABELFONTSTYLE Regular
SYMBOLS 0,0,0,0,0,0,0,0,0,0,0,0,0,0,0,0,0,0,0,0
LINESTYL 1,1,1,1,1,1,2,1,1,1,2,1,1,1,2,1,1,1,2,1
COLORS 8,2,3,7,4,0,6,14,8,9,10,11,12,13,14,6,1,2,0,4
LOG_ENTRY Used Dataset: Plot: Format; Lines without Symbols
EXIT_PARSFILE Plot\Format\PlotFmt_9c0da54c-ef5e-4a28-a4f7-2b9b79dcd98d.par

PLOTCHANNELS Beta, Time
WRT_BETA
PLOTCHANNELS Beta_2, Time
WRT_BETA_2
YMaxmin Auto
XMaxmin Auto
PTITLE Vehicle Sideslip Angle
END_ENTITY Plot
LOG_ENTRY Used Dataset: Plot: Setup; { Vehicle Motion } Vehicle Sideslip Angle
EXIT_PARSFILE Plot\Setup\Plot_b86d8c49-db4e-400a-a282-322334d38a2e.par

ENTER_PARSFILE Plot\Setup\Plot_3c5f8bac-e2f6-4ebc-ab48-a1828a269fd4.par
#FullDataName Plot: Setup`Slip Angles: Instant`Tire Kinematics
ADD_ENTITY Plot
ENTER_PARSFILE Plot\Format\PlotFmt_33e2becb-9fc8-474d-a6bb-685bf100d862.par
#FullDataName Plot: Format`Default Plot Settings`
LEGENDPERCENT 60
TITLEFONTSIZE 10
TITLELOCATION -1
AXES Axes
FRAME Frame
GRID CourseGrid
LEGENDDATA_1 RigidBodyName
TITLEFONTSTYLE Regular
TITLEFONTNAME Arial
LEGENDFONTNAME Arial
LEGENDFONTSIZE 10
LEGENDFONTSTYLE Regular
LABELFONTNAME Arial
LABELFONTSIZE 10
LABELFONTSTYLE Regular
TICLABELFONTNAME Arial
TICLABELFONTSIZE 10
TICLABELFONTSTYLE Regular
SYMBOLS 10,1,2,3,4,5,6,7,8,9,10,4,1,2,3,4,5,6,7,8
LINESTYL 1,1,1,1,1,1,2,1,1,1,2,1,1,1,2,1,1,1,2,1
COLORS 8,2,3,11,4,0,6,14,8,7,10,8,12,13,14,6,1,2,0,4
LOG_ENTRY Used Dataset: Plot: Format; Default Plot Settings
EXIT_PARSFILE Plot\Format\PlotFmt_33e2becb-9fc8-474d-a6bb-685bf100d862.par

PLOTCHANNELS Alpha_L1, Time
WRT_ALPHA_L1
PLOTCHANNELS Alpha_R1, Time
WRT_ALPHA_R1
PLOTCHANNELS Alpha_L2, Time
WRT_ALPHA_L2
PLOTCHANNELS Alpha_R2, Time
WRT_ALPHA_R2
YMaxmin Auto
XMaxmin Auto
PTITLE Slip Angles: Instant
END_ENTITY Plot
LOG_ENTRY Used Dataset: Plot: Setup; { Tire Kinematics } Slip Angles: Instant
EXIT_PARSFILE Plot\Setup\Plot_3c5f8bac-e2f6-4ebc-ab48-a1828a269fd4.par

ENTER_PARSFILE Plot\Setup\Plot_6480bda8-8a2c-47e4-af8c-16140f47b086.par
#FullDataName Plot: Setup`Road Wheel Steer Angles`Steering
ADD_ENTITY Plot
ENTER_PARSFILE Plot\Format\PlotFmt_33e2becb-9fc8-474d-a6bb-685bf100d862.par
#FullDataName Plot: Format`Default Plot Settings`
LEGENDPERCENT 60
TITLEFONTSIZE 10
TITLELOCATION -1
AXES Axes
FRAME Frame
GRID CourseGrid
LEGENDDATA_1 RigidBodyName
TITLEFONTSTYLE Regular
TITLEFONTNAME Arial
LEGENDFONTNAME Arial
LEGENDFONTSIZE 10
LEGENDFONTSTYLE Regular
LABELFONTNAME Arial
LABELFONTSIZE 10
LABELFONTSTYLE Regular
TICLABELFONTNAME Arial
TICLABELFONTSIZE 10
TICLABELFONTSTYLE Regular
SYMBOLS 10,1,2,3,4,5,6,7,8,9,10,4,1,2,3,4,5,6,7,8
LINESTYL 1,1,1,1,1,1,2,1,1,1,2,1,1,1,2,1,1,1,2,1
COLORS 8,2,3,11,4,0,6,14,8,7,10,8,12,13,14,6,1,2,0,4
LOG_ENTRY Used Dataset: Plot: Format; Default Plot Settings
EXIT_PARSFILE Plot\Format\PlotFmt_33e2becb-9fc8-474d-a6bb-685bf100d862.par

PLOTCHANNELS Steer_L1, Time
WRT_STEER_L1
PLOTCHANNELS Steer_R1, Time
WRT_STEER_R1
PLOTCHANNELS Steer_L2, Time
WRT_STEER_L2
PLOTCHANNELS Steer_R2, Time
WRT_STEER_R2
YMaxmin Auto
XMaxmin Auto
PTITLE Road Wheel Steer Angles
END_ENTITY Plot
LOG_ENTRY Used Dataset: Plot: Setup; { Steering } Road Wheel Steer Angles
EXIT_PARSFILE Plot\Setup\Plot_6480bda8-8a2c-47e4-af8c-16140f47b086.par

ENTER_PARSFILE Plot\Setup\Plot_cba7c0f9-86f6-433d-9855-e7dfef2964fc.par
#FullDataName Plot: Setup`Total Rack Force - Axle 1`Steering
ADD_ENTITY Plot
ENTER_PARSFILE Plot\Format\PlotFmt_33e2becb-9fc8-474d-a6bb-685bf100d862.par
#FullDataName Plot: Format`Default Plot Settings`
LEGENDPERCENT 60
TITLEFONTSIZE 10
TITLELOCATION -1
AXES Axes
FRAME Frame
GRID CourseGrid
LEGENDDATA_1 RigidBodyName
TITLEFONTSTYLE Regular
TITLEFONTNAME Arial
LEGENDFONTNAME Arial
LEGENDFONTSIZE 10
LEGENDFONTSTYLE Regular
LABELFONTNAME Arial
LABELFONTSIZE 10
LABELFONTSTYLE Regular
TICLABELFONTNAME Arial
TICLABELFONTSIZE 10
TICLABELFONTSTYLE Regular
SYMBOLS 10,1,2,3,4,5,6,7,8,9,10,4,1,2,3,4,5,6,7,8
LINESTYL 1,1,1,1,1,1,2,1,1,1,2,1,1,1,2,1,1,1,2,1
COLORS 8,2,3,11,4,0,6,14,8,7,10,8,12,13,14,6,1,2,0,4
LOG_ENTRY Used Dataset: Plot: Format; Default Plot Settings
EXIT_PARSFILE Plot\Format\PlotFmt_33e2becb-9fc8-474d-a6bb-685bf100d862.par

define_output FRackTot = F_TRdL1+F_TRdR1; N; Total rack force
PLOTCHANNELS FRackTot, Time
WRT_FRACKTOT
YMaxmin Auto
XMaxmin Auto
PTITLE Total Rack Force - Axle 1
END_ENTITY Plot
LOG_ENTRY Used Dataset: Plot: Setup; { Steering } Total Rack Force - Axle 1
EXIT_PARSFILE Plot\Setup\Plot_cba7c0f9-86f6-433d-9855-e7dfef2964fc.par

ENTER_PARSFILE Plot\Setup\Plot_986ce074-9acb-4be0-8bd7-ac8e03eb16ab.par
#FullDataName Plot: Setup`Steer Torque`Steering
ADD_ENTITY Plot
ENTER_PARSFILE Plot\Format\PlotFmt_9c0da54c-ef5e-4a28-a4f7-2b9b79dcd98d.par
#FullDataName Plot: Format`Lines without Symbols`
LEGENDPERCENT 60
TITLEFONTSIZE 10
TITLELOCATION -1
AXES Axes
FRAME Frame
GRID CourseGrid
LEGENDDATA_1 RigidBodyName
JUNK AutoLocation
TITLEFONTSTYLE Regular
TITLEFONTNAME Arial
LEGENDFONTNAME Arial
LEGENDFONTSIZE 10
LEGENDFONTSTYLE Regular
LABELFONTNAME Arial
LABELFONTSIZE 10
LABELFONTSTYLE Regular
TICLABELFONTNAME Arial
TICLABELFONTSIZE 10
TICLABELFONTSTYLE Regular
SYMBOLS 0,0,0,0,0,0,0,0,0,0,0,0,0,0,0,0,0,0,0,0
LINESTYL 1,1,1,1,1,1,2,1,1,1,2,1,1,1,2,1,1,1,2,1
COLORS 8,2,3,7,4,0,6,14,8,9,10,11,12,13,14,6,1,2,0,4
LOG_ENTRY Used Dataset: Plot: Format; Lines without Symbols
EXIT_PARSFILE Plot\Format\PlotFmt_9c0da54c-ef5e-4a28-a4f7-2b9b79dcd98d.par

PLOTCHANNELS M_SW, Time
WRT_M_SW
YMaxmin Auto
XMaxmin Auto
PTITLE Steer Torque
END_ENTITY Plot
LOG_ENTRY Used Dataset: Plot: Setup; { Steering } Steer Torque
EXIT_PARSFILE Plot\Setup\Plot_986ce074-9acb-4be0-8bd7-ac8e03eb16ab.par

ENTER_PARSFILE Plot\Setup\Plot_076736e1-2cdd-49d5-8a36-d55940b011f0.par
#FullDataName Plot: Setup`Steering: Handwheel Angle`Steering
ADD_ENTITY Plot
ENTER_PARSFILE Plot\Format\PlotFmt_9c0da54c-ef5e-4a28-a4f7-2b9b79dcd98d.par
#FullDataName Plot: Format`Lines without Symbols`
LEGENDPERCENT 60
TITLEFONTSIZE 10
TITLELOCATION -1
AXES Axes
FRAME Frame
GRID CourseGrid
LEGENDDATA_1 RigidBodyName
JUNK AutoLocation
TITLEFONTSTYLE Regular
TITLEFONTNAME Arial
LEGENDFONTNAME Arial
LEGENDFONTSIZE 10
LEGENDFONTSTYLE Regular
LABELFONTNAME Arial
LABELFONTSIZE 10
LABELFONTSTYLE Regular
TICLABELFONTNAME Arial
TICLABELFONTSIZE 10
TICLABELFONTSTYLE Regular
SYMBOLS 0,0,0,0,0,0,0,0,0,0,0,0,0,0,0,0,0,0,0,0
LINESTYL 1,1,1,1,1,1,2,1,1,1,2,1,1,1,2,1,1,1,2,1
COLORS 8,2,3,7,4,0,6,14,8,9,10,11,12,13,14,6,1,2,0,4
LOG_ENTRY Used Dataset: Plot: Format; Lines without Symbols
EXIT_PARSFILE Plot\Format\PlotFmt_9c0da54c-ef5e-4a28-a4f7-2b9b79dcd98d.par

PLOTCHANNELS Steer_SW, Time
WRT_STEER_SW
YMaxmin Auto
XMaxmin Auto
PTITLE Steering: Handwheel Angle
END_ENTITY Plot
LOG_ENTRY Used Dataset: Plot: Setup; { Steering } Steering: Handwheel Angle
EXIT_PARSFILE Plot\Setup\Plot_076736e1-2cdd-49d5-8a36-d55940b011f0.par

ENTER_PARSFILE Plot\Setup\Plot_dafae624-d48a-4548-93eb-fa73d080e21a.par
#FullDataName Plot: Setup`Brake Control: M/C Pressure`Braking
ADD_ENTITY Plot
ENTER_PARSFILE Plot\Format\PlotFmt_9c0da54c-ef5e-4a28-a4f7-2b9b79dcd98d.par
#FullDataName Plot: Format`Lines without Symbols`
LEGENDPERCENT 60
TITLEFONTSIZE 10
TITLELOCATION -1
AXES Axes
FRAME Frame
GRID CourseGrid
LEGENDDATA_1 RigidBodyName
JUNK AutoLocation
TITLEFONTSTYLE Regular
TITLEFONTNAME Arial
LEGENDFONTNAME Arial
LEGENDFONTSIZE 10
LEGENDFONTSTYLE Regular
LABELFONTNAME Arial
LABELFONTSIZE 10
LABELFONTSTYLE Regular
TICLABELFONTNAME Arial
TICLABELFONTSIZE 10
TICLABELFONTSTYLE Regular
SYMBOLS 0,0,0,0,0,0,0,0,0,0,0,0,0,0,0,0,0,0,0,0
LINESTYL 1,1,1,1,1,1,2,1,1,1,2,1,1,1,2,1,1,1,2,1
COLORS 8,2,3,7,4,0,6,14,8,9,10,11,12,13,14,6,1,2,0,4
LOG_ENTRY Used Dataset: Plot: Format; Lines without Symbols
EXIT_PARSFILE Plot\Format\PlotFmt_9c0da54c-ef5e-4a28-a4f7-2b9b79dcd98d.par

PLOTCHANNELS Pbk_Con, Time
WRT_PBK_CON
YMaxmin Auto
XMaxmin Auto
PTITLE Brake Control: M/C Pressure
END_ENTITY Plot
LOG_ENTRY Used Dataset: Plot: Setup; { Braking } Brake Control: M/C Pressure
EXIT_PARSFILE Plot\Setup\Plot_dafae624-d48a-4548-93eb-fa73d080e21a.par

ENTER_PARSFILE Plot\Setup\Plot_7251a722-18c9-43db-a324-bd380d275618.par
#FullDataName Plot: Setup`Throttle: Control Input`Controls: Driver
ADD_ENTITY Plot
ENTER_PARSFILE Plot\Format\PlotFmt_33e2becb-9fc8-474d-a6bb-685bf100d862.par
#FullDataName Plot: Format`Default Plot Settings`
LEGENDPERCENT 60
TITLEFONTSIZE 10
TITLELOCATION -1
AXES Axes
FRAME Frame
GRID CourseGrid
LEGENDDATA_1 RigidBodyName
TITLEFONTSTYLE Regular
TITLEFONTNAME Arial
LEGENDFONTNAME Arial
LEGENDFONTSIZE 10
LEGENDFONTSTYLE Regular
LABELFONTNAME Arial
LABELFONTSIZE 10
LABELFONTSTYLE Regular
TICLABELFONTNAME Arial
TICLABELFONTSIZE 10
TICLABELFONTSTYLE Regular
SYMBOLS 10,1,2,3,4,5,6,7,8,9,10,4,1,2,3,4,5,6,7,8
LINESTYL 1,1,1,1,1,1,2,1,1,1,2,1,1,1,2,1,1,1,2,1
COLORS 8,2,3,11,4,0,6,14,8,7,10,8,12,13,14,6,1,2,0,4
LOG_ENTRY Used Dataset: Plot: Format; Default Plot Settings
EXIT_PARSFILE Plot\Format\PlotFmt_33e2becb-9fc8-474d-a6bb-685bf100d862.par

PLOTCHANNELS Throttle, Time
WRT_THROTTLE
PLOTCHANNELS Thr_Eng, Time
WRT_THR_ENG
PLOTCHANNELS Thr_HEV, Time
WRT_THR_HEV
YAXISLABEL Throttle -
YMaxmin Auto
XMaxmin Auto
PTITLE Throttle: Control Input
END_ENTITY Plot
LOG_ENTRY Used Dataset: Plot: Setup; { Controls: Driver } Throttle: Control Input
EXIT_PARSFILE Plot\Setup\Plot_7251a722-18c9-43db-a324-bd380d275618.par

ENTER_PARSFILE Plot\Setup\Plot_84cf249c-520a-44d4-965b-f2a898a45ad5.par
#FullDataName Plot: Setup`Trans. Control: Gear Selected`Controls: Driver
ADD_ENTITY Plot
ENTER_PARSFILE Plot\Format\PlotFmt_9c0da54c-ef5e-4a28-a4f7-2b9b79dcd98d.par
#FullDataName Plot: Format`Lines without Symbols`
LEGENDPERCENT 60
TITLEFONTSIZE 10
TITLELOCATION -1
AXES Axes
FRAME Frame
GRID CourseGrid
LEGENDDATA_1 RigidBodyName
JUNK AutoLocation
TITLEFONTSTYLE Regular
TITLEFONTNAME Arial
LEGENDFONTNAME Arial
LEGENDFONTSIZE 10
LEGENDFONTSTYLE Regular
LABELFONTNAME Arial
LABELFONTSIZE 10
LABELFONTSTYLE Regular
TICLABELFONTNAME Arial
TICLABELFONTSIZE 10
TICLABELFONTSTYLE Regular
SYMBOLS 0,0,0,0,0,0,0,0,0,0,0,0,0,0,0,0,0,0,0,0
LINESTYL 1,1,1,1,1,1,2,1,1,1,2,1,1,1,2,1,1,1,2,1
COLORS 8,2,3,7,4,0,6,14,8,9,10,11,12,13,14,6,1,2,0,4
LOG_ENTRY Used Dataset: Plot: Format; Lines without Symbols
EXIT_PARSFILE Plot\Format\PlotFmt_9c0da54c-ef5e-4a28-a4f7-2b9b79dcd98d.par

PLOTCHANNELS GearStat, Time
WRT_GEARSTAT
PLOTCHANNELS Gear_Del, Time
WRT_GEAR_DEL
YMaxmin Auto
XMaxmin Auto
PTITLE Trans. Control: Gear Selected
END_ENTITY Plot
LOG_ENTRY Used Dataset: Plot: Setup; { Controls: Driver } Trans. Control: Gear Selected
EXIT_PARSFILE Plot\Setup\Plot_84cf249c-520a-44d4-965b-f2a898a45ad5.par

LOG_ENTRY Used Dataset: Procedures; { Driver Controls } Turn 1 (Handling Course)
EXIT_PARSFILE Procedures\Proc_1e98f09e-1e72-4ff4-8799-e7fc45db54a6.par

ENTER_PARSFILE Generic\Group\GenGrp_c11e4bbe-5e3a-4498-91a5-6c42d1db378a.par
#FullDataName Generic Data Group`2 Axle - Fx, Fy, Fz`Tire Force Arrows
ENTER_PARSFILE Animator\Arrows\Arrows_4e3feb5a-68cd-4d99-b6af-c725ceea66fe.par
#FullDataName Animator: Wheel Arrows and Other Indicators`2A - Fx Tire Force Arrows`Tire Force Arrows (2 Axles)
ADD_REFERENCE_FRAME wheel L1 indicator: 2A - Fx Tire Force Arrows
ENTER_PARSFILE Animator\STL\Shape_121d1f5b-e0e1-4397-b1a3-9459bdc4d022.par
#FullDataName Animator: Shape File Link`3D Pyramid: Tail Org (X-Axis)`Geometric Shapes: Arrows
add_obj Animator\3D_Shape_Files\Geometric_Shapes\Arrows\3D_Arrow_Pyramid\arrow_3D.OSG
SET_COLOR 1 1 0
SET_SCALE_X 0.15
SET_SCALE_Y 0.25
SET_SCALE_Z 0.15
SET_ANGLE_Z -90
SET_ANGLE_Y 0
SET_ANGLE_X 0
SET_OFFSET_X 0.5
SET_OFFSET_Y 0
SET_OFFSET_Z 0.02
X_REF_LENGTH 2000
set_lighting on
set_fogging on
USE_RUN_COLOR
LOG_ENTRY Used Dataset: Animator: Shape File Link; { Geometric Shapes: Arrows } 3D Pyramid: Tail Org (X-Axis)
EXIT_PARSFILE Animator\STL\Shape_121d1f5b-e0e1-4397-b1a3-9459bdc4d022.par

SET_EULER_ANGLES yaw_pitch_roll
SET_X_NAME Xctc_L1
WRT_Xctc_L1
ANI_Xctc_L1
SET_Y_NAME Yctc_L1
WRT_Yctc_L1
ANI_Yctc_L1
SET_Z_NAME Zgnd_L1
WRT_Zgnd_L1
ANI_Zgnd_L1
SET_PITCH_NAME PitchGL1
WRT_PitchGL1
ANI_PitchGL1
SET_ROLL_NAME RollGL1
WRT_RollGL1
ANI_RollGL1
SET_YAW_NAME Yaw_L1
WRT_Yaw_L1
ANI_Yaw_L1
SET_FRAME_SCALE_X_NAME Fx_L1
WRT_Fx_L1
ANI_Fx_L1
X_REF_LENGTH 2000
X_LENGTH 1
Y_LENGTH 1
Z_LENGTH 1
SET_OFFSET_VAR_Z 0
ADD_REFERENCE_FRAME wheel L2 indicator: 2A - Fx Tire Force Arrows
ENTER_PARSFILE Animator\STL\Shape_121d1f5b-e0e1-4397-b1a3-9459bdc4d022.par
#FullDataName Animator: Shape File Link`3D Pyramid: Tail Org (X-Axis)`Geometric Shapes: Arrows
add_obj Animator\3D_Shape_Files\Geometric_Shapes\Arrows\3D_Arrow_Pyramid\arrow_3D.OSG
SET_COLOR 1 1 0
SET_SCALE_X 0.15
SET_SCALE_Y 0.25
SET_SCALE_Z 0.15
SET_ANGLE_Z -90
SET_ANGLE_Y 0
SET_ANGLE_X 0
SET_OFFSET_X 0.5
SET_OFFSET_Y 0
SET_OFFSET_Z 0.02
X_REF_LENGTH 2000
set_lighting on
set_fogging on
USE_RUN_COLOR
LOG_ENTRY Used Dataset: Animator: Shape File Link; { Geometric Shapes: Arrows } 3D Pyramid: Tail Org (X-Axis)
EXIT_PARSFILE Animator\STL\Shape_121d1f5b-e0e1-4397-b1a3-9459bdc4d022.par

SET_EULER_ANGLES yaw_pitch_roll
SET_X_NAME Xctc_L2
WRT_Xctc_L2
ANI_Xctc_L2
SET_Y_NAME Yctc_L2
WRT_Yctc_L2
ANI_Yctc_L2
SET_Z_NAME Zgnd_L2
WRT_Zgnd_L2
ANI_Zgnd_L2
SET_PITCH_NAME PitchGL2
WRT_PitchGL2
ANI_PitchGL2
SET_ROLL_NAME RollGL2
WRT_RollGL2
ANI_RollGL2
SET_YAW_NAME Yaw_L2
WRT_Yaw_L2
ANI_Yaw_L2
SET_FRAME_SCALE_X_NAME Fx_L2
WRT_Fx_L2
ANI_Fx_L2
X_REF_LENGTH 2000
X_LENGTH 1
Y_LENGTH 1
Z_LENGTH 1
SET_OFFSET_VAR_Z 0
ADD_REFERENCE_FRAME wheel R1 indicator: 2A - Fx Tire Force Arrows
ENTER_PARSFILE Animator\STL\Shape_121d1f5b-e0e1-4397-b1a3-9459bdc4d022.par
#FullDataName Animator: Shape File Link`3D Pyramid: Tail Org (X-Axis)`Geometric Shapes: Arrows
add_obj Animator\3D_Shape_Files\Geometric_Shapes\Arrows\3D_Arrow_Pyramid\arrow_3D.OSG
SET_COLOR 1 1 0
SET_SCALE_X 0.15
SET_SCALE_Y 0.25
SET_SCALE_Z 0.15
SET_ANGLE_Z -90
SET_ANGLE_Y 0
SET_ANGLE_X 0
SET_OFFSET_X 0.5
SET_OFFSET_Y 0
SET_OFFSET_Z 0.02
X_REF_LENGTH 2000
set_lighting on
set_fogging on
USE_RUN_COLOR
LOG_ENTRY Used Dataset: Animator: Shape File Link; { Geometric Shapes: Arrows } 3D Pyramid: Tail Org (X-Axis)
EXIT_PARSFILE Animator\STL\Shape_121d1f5b-e0e1-4397-b1a3-9459bdc4d022.par

SET_EULER_ANGLES yaw_pitch_roll
SET_X_NAME Xctc_R1
WRT_Xctc_R1
ANI_Xctc_R1
SET_Y_NAME Yctc_R1
WRT_Yctc_R1
ANI_Yctc_R1
SET_Z_NAME Zgnd_R1
WRT_Zgnd_R1
ANI_Zgnd_R1
SET_PITCH_NAME PitchGR1
WRT_PitchGR1
ANI_PitchGR1
SET_ROLL_NAME RollGR1
WRT_RollGR1
ANI_RollGR1
SET_YAW_NAME Yaw_R1
WRT_Yaw_R1
ANI_Yaw_R1
SET_FRAME_SCALE_X_NAME Fx_R1
WRT_Fx_R1
ANI_Fx_R1
X_REF_LENGTH 2000
X_LENGTH 1
Y_LENGTH 1
Z_LENGTH 1
SET_OFFSET_VAR_Z 0
ADD_REFERENCE_FRAME wheel R2 indicator: 2A - Fx Tire Force Arrows
ENTER_PARSFILE Animator\STL\Shape_121d1f5b-e0e1-4397-b1a3-9459bdc4d022.par
#FullDataName Animator: Shape File Link`3D Pyramid: Tail Org (X-Axis)`Geometric Shapes: Arrows
add_obj Animator\3D_Shape_Files\Geometric_Shapes\Arrows\3D_Arrow_Pyramid\arrow_3D.OSG
SET_COLOR 1 1 0
SET_SCALE_X 0.15
SET_SCALE_Y 0.25
SET_SCALE_Z 0.15
SET_ANGLE_Z -90
SET_ANGLE_Y 0
SET_ANGLE_X 0
SET_OFFSET_X 0.5
SET_OFFSET_Y 0
SET_OFFSET_Z 0.02
X_REF_LENGTH 2000
set_lighting on
set_fogging on
USE_RUN_COLOR
LOG_ENTRY Used Dataset: Animator: Shape File Link; { Geometric Shapes: Arrows } 3D Pyramid: Tail Org (X-Axis)
EXIT_PARSFILE Animator\STL\Shape_121d1f5b-e0e1-4397-b1a3-9459bdc4d022.par

SET_EULER_ANGLES yaw_pitch_roll
SET_X_NAME Xctc_R2
WRT_Xctc_R2
ANI_Xctc_R2
SET_Y_NAME Yctc_R2
WRT_Yctc_R2
ANI_Yctc_R2
SET_Z_NAME Zgnd_R2
WRT_Zgnd_R2
ANI_Zgnd_R2
SET_PITCH_NAME PitchGR2
WRT_PitchGR2
ANI_PitchGR2
SET_ROLL_NAME RollGR2
WRT_RollGR2
ANI_RollGR2
SET_YAW_NAME Yaw_R2
WRT_Yaw_R2
ANI_Yaw_R2
SET_FRAME_SCALE_X_NAME Fx_R2
WRT_Fx_R2
ANI_Fx_R2
X_REF_LENGTH 2000
X_LENGTH 1
Y_LENGTH 1
Z_LENGTH 1
SET_OFFSET_VAR_Z 0
LOG_ENTRY Used Dataset: Animator: Wheel Arrows and Other Indicators; { Tire Force Arrows (2 Axles) } 2A - Fx Tire Force Arrows
EXIT_PARSFILE Animator\Arrows\Arrows_4e3feb5a-68cd-4d99-b6af-c725ceea66fe.par

ENTER_PARSFILE Animator\Arrows\Arrows_94aef88b-f22e-4c93-b17a-72a15e42b3fb.par
#FullDataName Animator: Wheel Arrows and Other Indicators`2A - Fy Tire Force Arrows`Tire Force Arrows (2 Axles)
ADD_REFERENCE_FRAME wheel L1 indicator: 2A - Fy Tire Force Arrows
ENTER_PARSFILE Animator\STL\Shape_adff5bc7-5cc6-40c6-8119-03dd91486a9c.par
#FullDataName Animator: Shape File Link`3D Pyramid: Tail Org (Y-Axis)`Geometric Shapes: Arrows
add_obj Animator\3D_Shape_Files\Geometric_Shapes\Arrows\3D_Arrow_Pyramid\arrow_3D.OSG
SET_COLOR 1 1 0
SET_SCALE_X 0.15
SET_SCALE_Y 0.25
SET_SCALE_Z 0.15
SET_ANGLE_Z 0
SET_ANGLE_Y 0
SET_ANGLE_X 0
SET_OFFSET_X 0
SET_OFFSET_Y 0.5
SET_OFFSET_Z 0.02
Y_REF_LENGTH 2000
set_lighting on
set_fogging on
USE_RUN_COLOR
LOG_ENTRY Used Dataset: Animator: Shape File Link; { Geometric Shapes: Arrows } 3D Pyramid: Tail Org (Y-Axis)
EXIT_PARSFILE Animator\STL\Shape_adff5bc7-5cc6-40c6-8119-03dd91486a9c.par

SET_EULER_ANGLES yaw_pitch_roll
SET_X_NAME Xctc_L1
WRT_Xctc_L1
ANI_Xctc_L1
SET_Y_NAME Yctc_L1
WRT_Yctc_L1
ANI_Yctc_L1
SET_Z_NAME Zgnd_L1
WRT_Zgnd_L1
ANI_Zgnd_L1
SET_PITCH_NAME PitchGL1
WRT_PitchGL1
ANI_PitchGL1
SET_ROLL_NAME RollGL1
WRT_RollGL1
ANI_RollGL1
SET_YAW_NAME Yaw_L1
WRT_Yaw_L1
ANI_Yaw_L1
SET_FRAME_SCALE_Y_NAME Fy_L1
WRT_Fy_L1
ANI_Fy_L1
Y_REF_LENGTH 2000
X_LENGTH 1
Y_LENGTH 1
Z_LENGTH 1
SET_OFFSET_VAR_Z 0
ADD_REFERENCE_FRAME wheel L2 indicator: 2A - Fy Tire Force Arrows
ENTER_PARSFILE Animator\STL\Shape_adff5bc7-5cc6-40c6-8119-03dd91486a9c.par
#FullDataName Animator: Shape File Link`3D Pyramid: Tail Org (Y-Axis)`Geometric Shapes: Arrows
add_obj Animator\3D_Shape_Files\Geometric_Shapes\Arrows\3D_Arrow_Pyramid\arrow_3D.OSG
SET_COLOR 1 1 0
SET_SCALE_X 0.15
SET_SCALE_Y 0.25
SET_SCALE_Z 0.15
SET_ANGLE_Z 0
SET_ANGLE_Y 0
SET_ANGLE_X 0
SET_OFFSET_X 0
SET_OFFSET_Y 0.5
SET_OFFSET_Z 0.02
Y_REF_LENGTH 2000
set_lighting on
set_fogging on
USE_RUN_COLOR
LOG_ENTRY Used Dataset: Animator: Shape File Link; { Geometric Shapes: Arrows } 3D Pyramid: Tail Org (Y-Axis)
EXIT_PARSFILE Animator\STL\Shape_adff5bc7-5cc6-40c6-8119-03dd91486a9c.par

SET_EULER_ANGLES yaw_pitch_roll
SET_X_NAME Xctc_L2
WRT_Xctc_L2
ANI_Xctc_L2
SET_Y_NAME Yctc_L2
WRT_Yctc_L2
ANI_Yctc_L2
SET_Z_NAME Zgnd_L2
WRT_Zgnd_L2
ANI_Zgnd_L2
SET_PITCH_NAME PitchGL2
WRT_PitchGL2
ANI_PitchGL2
SET_ROLL_NAME RollGL2
WRT_RollGL2
ANI_RollGL2
SET_YAW_NAME Yaw_L2
WRT_Yaw_L2
ANI_Yaw_L2
SET_FRAME_SCALE_Y_NAME Fy_L2
WRT_Fy_L2
ANI_Fy_L2
Y_REF_LENGTH 2000
X_LENGTH 1
Y_LENGTH 1
Z_LENGTH 1
SET_OFFSET_VAR_Z 0
ADD_REFERENCE_FRAME wheel R1 indicator: 2A - Fy Tire Force Arrows
ENTER_PARSFILE Animator\STL\Shape_adff5bc7-5cc6-40c6-8119-03dd91486a9c.par
#FullDataName Animator: Shape File Link`3D Pyramid: Tail Org (Y-Axis)`Geometric Shapes: Arrows
add_obj Animator\3D_Shape_Files\Geometric_Shapes\Arrows\3D_Arrow_Pyramid\arrow_3D.OSG
SET_COLOR 1 1 0
SET_SCALE_X 0.15
SET_SCALE_Y 0.25
SET_SCALE_Z 0.15
SET_ANGLE_Z 0
SET_ANGLE_Y 0
SET_ANGLE_X 0
SET_OFFSET_X 0
SET_OFFSET_Y 0.5
SET_OFFSET_Z 0.02
Y_REF_LENGTH 2000
set_lighting on
set_fogging on
USE_RUN_COLOR
LOG_ENTRY Used Dataset: Animator: Shape File Link; { Geometric Shapes: Arrows } 3D Pyramid: Tail Org (Y-Axis)
EXIT_PARSFILE Animator\STL\Shape_adff5bc7-5cc6-40c6-8119-03dd91486a9c.par

SET_EULER_ANGLES yaw_pitch_roll
SET_X_NAME Xctc_R1
WRT_Xctc_R1
ANI_Xctc_R1
SET_Y_NAME Yctc_R1
WRT_Yctc_R1
ANI_Yctc_R1
SET_Z_NAME Zgnd_R1
WRT_Zgnd_R1
ANI_Zgnd_R1
SET_PITCH_NAME PitchGR1
WRT_PitchGR1
ANI_PitchGR1
SET_ROLL_NAME RollGR1
WRT_RollGR1
ANI_RollGR1
SET_YAW_NAME Yaw_R1
WRT_Yaw_R1
ANI_Yaw_R1
SET_FRAME_SCALE_Y_NAME Fy_R1
WRT_Fy_R1
ANI_Fy_R1
Y_REF_LENGTH 2000
X_LENGTH 1
Y_LENGTH 1
Z_LENGTH 1
SET_OFFSET_VAR_Z 0
ADD_REFERENCE_FRAME wheel R2 indicator: 2A - Fy Tire Force Arrows
ENTER_PARSFILE Animator\STL\Shape_adff5bc7-5cc6-40c6-8119-03dd91486a9c.par
#FullDataName Animator: Shape File Link`3D Pyramid: Tail Org (Y-Axis)`Geometric Shapes: Arrows
add_obj Animator\3D_Shape_Files\Geometric_Shapes\Arrows\3D_Arrow_Pyramid\arrow_3D.OSG
SET_COLOR 1 1 0
SET_SCALE_X 0.15
SET_SCALE_Y 0.25
SET_SCALE_Z 0.15
SET_ANGLE_Z 0
SET_ANGLE_Y 0
SET_ANGLE_X 0
SET_OFFSET_X 0
SET_OFFSET_Y 0.5
SET_OFFSET_Z 0.02
Y_REF_LENGTH 2000
set_lighting on
set_fogging on
USE_RUN_COLOR
LOG_ENTRY Used Dataset: Animator: Shape File Link; { Geometric Shapes: Arrows } 3D Pyramid: Tail Org (Y-Axis)
EXIT_PARSFILE Animator\STL\Shape_adff5bc7-5cc6-40c6-8119-03dd91486a9c.par

SET_EULER_ANGLES yaw_pitch_roll
SET_X_NAME Xctc_R2
WRT_Xctc_R2
ANI_Xctc_R2
SET_Y_NAME Yctc_R2
WRT_Yctc_R2
ANI_Yctc_R2
SET_Z_NAME Zgnd_R2
WRT_Zgnd_R2
ANI_Zgnd_R2
SET_PITCH_NAME PitchGR2
WRT_PitchGR2
ANI_PitchGR2
SET_ROLL_NAME RollGR2
WRT_RollGR2
ANI_RollGR2
SET_YAW_NAME Yaw_R2
WRT_Yaw_R2
ANI_Yaw_R2
SET_FRAME_SCALE_Y_NAME Fy_R2
WRT_Fy_R2
ANI_Fy_R2
Y_REF_LENGTH 2000
X_LENGTH 1
Y_LENGTH 1
Z_LENGTH 1
SET_OFFSET_VAR_Z 0
LOG_ENTRY Used Dataset: Animator: Wheel Arrows and Other Indicators; { Tire Force Arrows (2 Axles) } 2A - Fy Tire Force Arrows
EXIT_PARSFILE Animator\Arrows\Arrows_94aef88b-f22e-4c93-b17a-72a15e42b3fb.par

ENTER_PARSFILE Animator\Arrows\Arrows_f2c29d4b-df79-4c67-b153-729d3f552770.par
#FullDataName Animator: Wheel Arrows and Other Indicators`2A - Fz Tire Force Arrows`Tire Force Arrows (2 Axles)
ADD_REFERENCE_FRAME wheel L1 indicator: 2A - Fz Tire Force Arrows
ENTER_PARSFILE Animator\STL\Shape_252e3627-824b-46c7-8ec4-f437c8cdcf34.par
#FullDataName Animator: Shape File Link`3D Pyramid: Tail Org (Z-Axis)`Geometric Shapes: Arrows
add_obj Animator\3D_Shape_Files\Geometric_Shapes\Arrows\3D_Arrow_Pyramid\arrow_3D.OSG
SET_COLOR 1 1 0
SET_SCALE_X 0.15
SET_SCALE_Y 0.25
SET_SCALE_Z 0.15
SET_ANGLE_Z 0
SET_ANGLE_Y 0
SET_ANGLE_X 90
SET_OFFSET_X 0
SET_OFFSET_Y 0.5
SET_OFFSET_Z 0.5
Z_REF_LENGTH 2000
set_lighting on
set_fogging on
USE_RUN_COLOR
LOG_ENTRY Used Dataset: Animator: Shape File Link; { Geometric Shapes: Arrows } 3D Pyramid: Tail Org (Z-Axis)
EXIT_PARSFILE Animator\STL\Shape_252e3627-824b-46c7-8ec4-f437c8cdcf34.par

SET_EULER_ANGLES yaw_pitch_roll
SET_X_NAME Xctc_L1
WRT_Xctc_L1
ANI_Xctc_L1
SET_Y_NAME Yctc_L1
WRT_Yctc_L1
ANI_Yctc_L1
SET_Z_NAME Zgnd_L1
WRT_Zgnd_L1
ANI_Zgnd_L1
SET_PITCH_NAME PitchGL1
WRT_PitchGL1
ANI_PitchGL1
SET_ROLL_NAME RollGL1
WRT_RollGL1
ANI_RollGL1
SET_YAW_NAME Yaw_L1
WRT_Yaw_L1
ANI_Yaw_L1
SET_FRAME_SCALE_Z_NAME Fz_L1
WRT_Fz_L1
ANI_Fz_L1
Z_REF_LENGTH 2000
X_LENGTH 1
Y_LENGTH 1
Z_LENGTH 1
SET_OFFSET_VAR_Z 0
ADD_REFERENCE_FRAME wheel L2 indicator: 2A - Fz Tire Force Arrows
ENTER_PARSFILE Animator\STL\Shape_252e3627-824b-46c7-8ec4-f437c8cdcf34.par
#FullDataName Animator: Shape File Link`3D Pyramid: Tail Org (Z-Axis)`Geometric Shapes: Arrows
add_obj Animator\3D_Shape_Files\Geometric_Shapes\Arrows\3D_Arrow_Pyramid\arrow_3D.OSG
SET_COLOR 1 1 0
SET_SCALE_X 0.15
SET_SCALE_Y 0.25
SET_SCALE_Z 0.15
SET_ANGLE_Z 0
SET_ANGLE_Y 0
SET_ANGLE_X 90
SET_OFFSET_X 0
SET_OFFSET_Y 0.5
SET_OFFSET_Z 0.5
Z_REF_LENGTH 2000
set_lighting on
set_fogging on
USE_RUN_COLOR
LOG_ENTRY Used Dataset: Animator: Shape File Link; { Geometric Shapes: Arrows } 3D Pyramid: Tail Org (Z-Axis)
EXIT_PARSFILE Animator\STL\Shape_252e3627-824b-46c7-8ec4-f437c8cdcf34.par

SET_EULER_ANGLES yaw_pitch_roll
SET_X_NAME Xctc_L2
WRT_Xctc_L2
ANI_Xctc_L2
SET_Y_NAME Yctc_L2
WRT_Yctc_L2
ANI_Yctc_L2
SET_Z_NAME Zgnd_L2
WRT_Zgnd_L2
ANI_Zgnd_L2
SET_PITCH_NAME PitchGL2
WRT_PitchGL2
ANI_PitchGL2
SET_ROLL_NAME RollGL2
WRT_RollGL2
ANI_RollGL2
SET_YAW_NAME Yaw_L2
WRT_Yaw_L2
ANI_Yaw_L2
SET_FRAME_SCALE_Z_NAME Fz_L2
WRT_Fz_L2
ANI_Fz_L2
Z_REF_LENGTH 2000
X_LENGTH 1
Y_LENGTH 1
Z_LENGTH 1
SET_OFFSET_VAR_Z 0
ADD_REFERENCE_FRAME wheel R1 indicator: 2A - Fz Tire Force Arrows
ENTER_PARSFILE Animator\STL\Shape_252e3627-824b-46c7-8ec4-f437c8cdcf34.par
#FullDataName Animator: Shape File Link`3D Pyramid: Tail Org (Z-Axis)`Geometric Shapes: Arrows
add_obj Animator\3D_Shape_Files\Geometric_Shapes\Arrows\3D_Arrow_Pyramid\arrow_3D.OSG
SET_COLOR 1 1 0
SET_SCALE_X 0.15
SET_SCALE_Y 0.25
SET_SCALE_Z 0.15
SET_ANGLE_Z 0
SET_ANGLE_Y 0
SET_ANGLE_X 90
SET_OFFSET_X 0
SET_OFFSET_Y 0.5
SET_OFFSET_Z 0.5
Z_REF_LENGTH 2000
set_lighting on
set_fogging on
USE_RUN_COLOR
LOG_ENTRY Used Dataset: Animator: Shape File Link; { Geometric Shapes: Arrows } 3D Pyramid: Tail Org (Z-Axis)
EXIT_PARSFILE Animator\STL\Shape_252e3627-824b-46c7-8ec4-f437c8cdcf34.par

SET_EULER_ANGLES yaw_pitch_roll
SET_X_NAME Xctc_R1
WRT_Xctc_R1
ANI_Xctc_R1
SET_Y_NAME Yctc_R1
WRT_Yctc_R1
ANI_Yctc_R1
SET_Z_NAME Zgnd_R1
WRT_Zgnd_R1
ANI_Zgnd_R1
SET_PITCH_NAME PitchGR1
WRT_PitchGR1
ANI_PitchGR1
SET_ROLL_NAME RollGR1
WRT_RollGR1
ANI_RollGR1
SET_YAW_NAME Yaw_R1
WRT_Yaw_R1
ANI_Yaw_R1
SET_OFFSET_VAR_YAW 180
SET_SCALE_VAR_ROLL -1
SET_SCALE_VAR_PITCH -1
SET_FRAME_SCALE_Z_NAME Fz_R1
WRT_Fz_R1
ANI_Fz_R1
Z_REF_LENGTH 2000
X_LENGTH 1
Y_LENGTH 1
Z_LENGTH 1
SET_OFFSET_VAR_Z 0
ADD_REFERENCE_FRAME wheel R2 indicator: 2A - Fz Tire Force Arrows
ENTER_PARSFILE Animator\STL\Shape_252e3627-824b-46c7-8ec4-f437c8cdcf34.par
#FullDataName Animator: Shape File Link`3D Pyramid: Tail Org (Z-Axis)`Geometric Shapes: Arrows
add_obj Animator\3D_Shape_Files\Geometric_Shapes\Arrows\3D_Arrow_Pyramid\arrow_3D.OSG
SET_COLOR 1 1 0
SET_SCALE_X 0.15
SET_SCALE_Y 0.25
SET_SCALE_Z 0.15
SET_ANGLE_Z 0
SET_ANGLE_Y 0
SET_ANGLE_X 90
SET_OFFSET_X 0
SET_OFFSET_Y 0.5
SET_OFFSET_Z 0.5
Z_REF_LENGTH 2000
set_lighting on
set_fogging on
USE_RUN_COLOR
LOG_ENTRY Used Dataset: Animator: Shape File Link; { Geometric Shapes: Arrows } 3D Pyramid: Tail Org (Z-Axis)
EXIT_PARSFILE Animator\STL\Shape_252e3627-824b-46c7-8ec4-f437c8cdcf34.par

SET_EULER_ANGLES yaw_pitch_roll
SET_X_NAME Xctc_R2
WRT_Xctc_R2
ANI_Xctc_R2
SET_Y_NAME Yctc_R2
WRT_Yctc_R2
ANI_Yctc_R2
SET_Z_NAME Zgnd_R2
WRT_Zgnd_R2
ANI_Zgnd_R2
SET_PITCH_NAME PitchGR2
WRT_PitchGR2
ANI_PitchGR2
SET_ROLL_NAME RollGR2
WRT_RollGR2
ANI_RollGR2
SET_YAW_NAME Yaw_R2
WRT_Yaw_R2
ANI_Yaw_R2
SET_OFFSET_VAR_YAW 180
SET_SCALE_VAR_ROLL -1
SET_SCALE_VAR_PITCH -1
SET_FRAME_SCALE_Z_NAME Fz_R2
WRT_Fz_R2
ANI_Fz_R2
Z_REF_LENGTH 2000
X_LENGTH 1
Y_LENGTH 1
Z_LENGTH 1
SET_OFFSET_VAR_Z 0
LOG_ENTRY Used Dataset: Animator: Wheel Arrows and Other Indicators; { Tire Force Arrows (2 Axles) } 2A - Fz Tire Force Arrows
EXIT_PARSFILE Animator\Arrows\Arrows_f2c29d4b-df79-4c67-b153-729d3f552770.par

LOG_ENTRY Used Dataset: Generic Data Group; { Tire Force Arrows } 2 Axle - Fx, Fy, Fz
EXIT_PARSFILE Generic\Group\GenGrp_c11e4bbe-5e3a-4498-91a5-6c42d1db378a.par

ENTER_PARSFILE Sensors_Traffic\Traffic\TMotion_685c5b22-b555-4300-90e6-7f354600c8d8.par
#FullDataName Multiple Moving Objects`1 Driver Preview Point`Points of Interest
DEFINE_MOVING_OBJECTS 1
DZ_OBJECT 0
IOBJECT_INCREMENT
IOBJECT 1
SET_DESCRIPTION OBJECT_NAME 1 Driver Preview Point
OPT_SPEED_OBJ 0
 INSTALL_DM_OUTPUTS ! Need outputs from the driver model
EQ_INIT ROAD_ID_OBJ(1) = CURRENT_ROAD_ID ! now
EQ_OUT X_Obj_1 = x_dm_1 ! Calculate every time step
EQ_OUT Y_Obj_1 = y_dm_1
PATH_ID_OBJ 0
ROAD_ID_OBJ 0
OPT_RECYCLE_OBJ 0
H_OBJ = 0 ! Default for blank field
WRITE_ADD_REFERENCE_FRAME_OBJECT
ADD_REFERENCE_FRAME object_1b
SET_EULER_ANGLES YAW_PITCH_ROLL
SET_X_NAME X_Obj_1
WRT_X_Obj_1
ANI_X_Obj_1
SET_Y_NAME Y_Obj_1
WRT_Y_Obj_1
ANI_Y_Obj_1
SET_Z_NAME Z_Obj_1
WRT_Z_Obj_1
ANI_Z_Obj_1
SET_YAW_NAME YawO_1
WRT_YawO_1
ANI_YawO_1
SET_PITCH_NAME PitchO1
WRT_PitchO1
ANI_PitchO1
SET_ROLL_NAME RollO_1
WRT_RollO_1
ANI_RollO_1
SET_FRAME_VISIBLE_NAME VisO_1
WRT_VisO_1
ANI_VisO_1
SET_OFFSET_VAR_Z 0
ENTER_PARSFILE Animator\STL\Shape_6fc601fe-00b4-4e31-89e1-5038b205e467.par
#FullDataName Animator: Shape File Link`Sphere: 0.1m Radius`Geometric Shapes
add_obj Animator\3D_Shape_Files\Geometric_Shapes\Spheres\sphere_1m_radius.obj
SET_COLOR 0 0.8 0
SET_SCALE_X 0.1
SET_SCALE_Y 0.1
SET_SCALE_Z 0.1
set_lighting on
set_fogging on
USE_RUN_COLOR
SET_SPECULAR 1 1 1
LOG_ENTRY Used Dataset: Animator: Shape File Link; { Geometric Shapes } Sphere: 0.1m Radius
EXIT_PARSFILE Animator\STL\Shape_6fc601fe-00b4-4e31-89e1-5038b205e467.par

MATERIAL_TYPE_OBJ 0
REFLECT_OBJ 0
OPT_SHAPE_OBJ 0
LOG_ENTRY Used Dataset: Multiple Moving Objects; { Points of Interest } 1 Driver Preview Point
EXIT_PARSFILE Sensors_Traffic\Traffic\TMotion_685c5b22-b555-4300-90e6-7f354600c8d8.par

WRITE_SENSOR_DETECT
Title VSA: Turn 1 (Handling Course) <Suspension and Ride Tests>
CATEGORY Suspension and Ride Tests
DATASET_TITLE VSA: Turn 1 (Handling Course)
NUM_CACHED_RUNS 1
LOG_ENTRY Used Dataset: CarSim Run Control; { Suspension and Ride Tests } VSA: Turn 1 (Handling Course)
EXIT_PARSFILE Runs\Run_f46790b5-08a1-4a02-8770-57a8769927df.par



END
