# Blender 3.5.1
# www.blender.org
mtllib tractor_front_details.mtl
o tractor_details
v 0.331900 -0.131200 0.599200
v 0.331900 0.000000 0.599200
v 0.354800 0.000000 0.849700
v 0.354800 -0.131100 0.849800
v 0.346600 -0.214400 0.849800
v 0.322500 -0.214700 0.600100
v 0.335800 -0.236900 0.849800
v 0.311800 -0.238000 0.601200
v 0.319200 -0.253000 0.849800
v 0.297900 -0.252800 0.602600
v 0.296200 -0.262400 0.849900
v 0.275400 -0.262500 0.604900
v 0.267900 -0.262400 0.605600
v 0.261800 -0.262400 0.609300
v 0.255100 -0.262400 0.618500
v 0.253400 -0.262500 0.624800
v 0.269900 -0.262500 0.848500
v 0.270000 -0.262500 0.849900
v 0.331900 0.131200 0.599200
v 0.354800 0.131100 0.849800
v 0.346600 0.214400 0.849800
v 0.322500 0.214700 0.600100
v 0.335800 0.236900 0.849800
v 0.311800 0.238000 0.601200
v 0.319200 0.253000 0.849800
v 0.297900 0.252800 0.602600
v 0.296200 0.262400 0.849900
v 0.275400 0.262500 0.604900
v 0.269900 0.262500 0.848500
v 0.270000 0.262500 0.849900
v 0.267900 0.262400 0.605600
v 0.261800 0.262500 0.609300
v 0.255100 0.262500 0.618500
v 0.253400 0.262500 0.624800
v 0.361000 -0.136100 0.851300
v 0.372800 -0.136100 0.972700
v 0.365100 -0.219300 0.973400
v 0.352700 -0.219400 0.851400
v 0.354400 -0.241500 0.974300
v 0.341900 -0.242000 0.851400
v 0.336500 -0.258200 0.975900
v 0.325200 -0.258100 0.851400
v 0.313500 -0.267300 0.977800
v 0.302200 -0.267400 0.851400
v 0.361000 0.136100 0.851300
v 0.352700 0.219400 0.851400
v 0.365100 0.219300 0.973400
v 0.372800 0.136100 0.972700
v 0.341900 0.242000 0.851400
v 0.354400 0.241500 0.974300
v 0.325200 0.258100 0.851400
v 0.336500 0.258200 0.975900
v 0.302200 0.267400 0.851400
v 0.313500 0.267300 0.977800
v -0.822100 0.256100 0.197100
v -0.822100 0.256100 0.841100
v -0.128000 0.256100 0.841100
v -0.128000 0.256100 0.197100
v -0.822100 -0.256100 0.197100
v -0.128000 -0.256100 0.197100
v -0.128000 -0.256100 0.841100
v -0.822100 -0.256100 0.841100
v -0.822100 0.222100 0.163200
v -0.128000 0.222100 0.163200
v -0.128000 -0.222100 0.163200
v -0.822100 -0.222100 0.163200
v -0.094100 0.222100 0.197100
v -0.094100 0.222100 0.841100
v -0.094100 -0.222100 0.841100
v -0.094100 -0.222100 0.197100
v -0.856100 0.222100 0.841100
v -0.856100 0.222100 0.197100
v -0.856100 -0.222100 0.197100
v -0.856100 -0.222100 0.841100
v -0.839400 0.232300 0.170300
v -0.848900 0.232300 0.179900
v -0.848900 0.239400 0.187000
v -0.839400 0.249000 0.187000
v -0.832200 0.249000 0.179900
v -0.832200 0.239400 0.170300
v -0.110800 0.249000 0.187000
v -0.101200 0.239400 0.187000
v -0.101200 0.232300 0.179900
v -0.110800 0.232300 0.170300
v -0.117900 0.239400 0.170300
v -0.117900 0.249000 0.179900
v -0.832200 -0.239400 0.170300
v -0.832200 -0.249000 0.179900
v -0.839400 -0.249000 0.187000
v -0.848900 -0.239400 0.187000
v -0.848900 -0.232300 0.179900
v -0.839400 -0.232300 0.170300
v -0.101200 -0.239400 0.187000
v -0.110800 -0.249000 0.187000
v -0.117900 -0.249000 0.179900
v -0.117900 -0.239400 0.170300
v -0.110800 -0.232300 0.170300
v -0.101200 -0.232300 0.179900
v -0.848900 0.239400 0.841100
v -0.839400 0.249000 0.841100
v -0.110800 0.249000 0.841100
v -0.101200 0.239400 0.841100
v -0.101200 -0.239400 0.841100
v -0.110800 -0.249000 0.841100
v -0.839400 -0.249000 0.841100
v -0.848900 -0.239400 0.841100
v -0.124100 0.227800 0.333200
v -0.124100 0.227800 0.572000
v 0.189200 0.227800 0.572000
v 0.189200 0.227800 0.333200
v -0.124100 -0.227800 0.333200
v 0.189200 -0.227800 0.333200
v 0.189200 -0.227800 0.572000
v -0.124100 -0.227800 0.572000
v -0.124100 0.188300 0.293700
v 0.189200 0.188300 0.293700
v 0.189200 -0.188300 0.293700
v -0.124100 -0.188300 0.293700
v 0.228700 0.188300 0.333200
v 0.228700 0.188300 0.572000
v 0.228700 -0.188300 0.572000
v 0.228700 -0.188300 0.333200
v 0.222800 0.202700 0.572000
v 0.203600 0.221900 0.572000
v 0.203600 -0.221900 0.572000
v 0.222800 -0.202700 0.572000
v -0.124100 0.221900 0.318800
v -0.124100 0.202700 0.299700
v -0.124100 -0.202700 0.299700
v -0.124100 -0.221900 0.318800
v 0.203600 0.221900 0.324800
v 0.222800 0.202700 0.324800
v 0.222800 0.196700 0.318800
v 0.203600 0.196700 0.299700
v 0.197600 0.202700 0.299700
v 0.197600 0.221900 0.318800
v 0.222800 -0.202700 0.324800
v 0.203600 -0.221900 0.324800
v 0.197600 -0.221900 0.318800
v 0.197600 -0.202700 0.299700
v 0.203600 -0.196700 0.299700
v 0.222800 -0.196700 0.318800
v -0.308600 0.237300 0.725300
v -0.286400 0.238000 0.716100
v -0.286400 0.287700 0.721900
v -0.308600 0.285900 0.731100
v -0.277100 0.239600 0.693900
v -0.277100 0.292200 0.699900
v -0.286400 0.241200 0.671700
v -0.286400 0.296700 0.677800
v -0.308600 0.241900 0.662500
v -0.308600 0.298500 0.668700
v -0.330800 0.241200 0.671700
v -0.330800 0.296700 0.677800
v -0.340100 0.239600 0.693900
v -0.340100 0.292200 0.699900
v -0.330800 0.238000 0.716100
v -0.330800 0.287700 0.721900
v -0.286400 0.316600 0.735500
v -0.308600 0.310000 0.742900
v -0.277100 0.332700 0.717600
v -0.286400 0.348700 0.699600
v -0.308600 0.355400 0.692200
v -0.330800 0.348700 0.699600
v -0.340100 0.332700 0.717600
v -0.330800 0.316600 0.735500
v -0.286400 0.326200 0.758700
v -0.308600 0.316900 0.758700
v -0.277100 0.348900 0.758600
v -0.286400 0.371500 0.758600
v -0.308600 0.380900 0.758600
v -0.330800 0.371500 0.758600
v -0.340100 0.348900 0.758600
v -0.330800 0.326200 0.758700
v -0.286400 0.326600 0.947400
v -0.308600 0.317400 0.947400
v -0.277100 0.348900 0.947400
v -0.286400 0.371100 0.947400
v -0.308600 0.380300 0.947400
v -0.330800 0.371100 0.947400
v -0.340100 0.348900 0.947400
v -0.330800 0.326600 0.947400
v -0.286400 0.326600 1.334500
v -0.308600 0.317400 1.334500
v -0.277100 0.348900 1.334500
v -0.286400 0.371100 1.334500
v -0.308600 0.380300 1.334500
v -0.330800 0.371100 1.334500
v -0.340100 0.348900 1.334500
v -0.330800 0.326600 1.334500
v -0.286300 0.326600 1.819500
v -0.308600 0.317400 1.820600
v -0.277100 0.348900 1.819000
v -0.286300 0.371100 1.819400
v -0.308600 0.380300 1.820500
v -0.330900 0.371100 1.821700
v -0.340100 0.348900 1.822100
v -0.330900 0.326600 1.821700
v -0.283200 0.326700 1.844400
v -0.305100 0.317500 1.848400
v -0.274000 0.348900 1.842700
v -0.283200 0.371200 1.844300
v -0.305100 0.380400 1.848200
v -0.327100 0.371200 1.852200
v -0.336200 0.349000 1.853900
v -0.327100 0.326700 1.852300
v -0.277400 0.326700 1.862300
v -0.297800 0.317500 1.872500
v -0.269000 0.349000 1.858000
v -0.277400 0.371200 1.862200
v -0.297800 0.380500 1.872400
v -0.318100 0.371300 1.882600
v -0.326600 0.349000 1.886900
v -0.318100 0.326800 1.882700
v -0.271100 0.326700 1.870100
v -0.282700 0.317500 1.889400
v -0.266200 0.349000 1.862100
v -0.271000 0.371200 1.870100
v -0.282500 0.380500 1.889400
v -0.294200 0.371200 1.908700
v -0.299000 0.349000 1.916700
v -0.294300 0.326800 1.908700
v -0.255000 0.326700 1.879600
v -0.265700 0.317500 1.899100
v -0.250600 0.348900 1.871500
v -0.255000 0.371200 1.879600
v -0.265600 0.380400 1.899100
v -0.276300 0.371200 1.918600
v -0.280800 0.349000 1.926700
v -0.276300 0.326700 1.918600
v -0.244000 0.326700 1.885300
v -0.253800 0.317500 1.905300
v -0.240000 0.349000 1.877000
v -0.244100 0.371200 1.885200
v -0.253800 0.380400 1.905200
v -0.263600 0.371200 1.925200
v -0.267600 0.349000 1.933600
v -0.263500 0.326700 1.925300
v -0.235200 0.326700 1.889400
v -0.244400 0.317500 1.909700
v -0.231400 0.349000 1.881000
v -0.235300 0.371200 1.889300
v -0.244600 0.380500 1.909600
v -0.253800 0.371200 1.929800
v -0.257500 0.349000 1.938200
v -0.253700 0.326800 1.929900
v -0.106700 0.000000 0.308500
v -0.106700 0.160900 0.308500
v -0.106700 0.159500 0.278900
v -0.106700 0.000000 0.258600
v -0.083000 0.064600 0.117500
v -0.083000 0.169400 0.240800
v 0.072600 0.169400 0.240800
v 0.072600 0.064600 0.117500
v -0.083000 0.184600 0.282100
v -0.083000 0.184600 0.308500
v 0.072600 0.184600 0.308500
v 0.072600 0.184600 0.282100
v -0.106700 0.143100 0.243500
v 0.096300 0.159500 0.278900
v 0.096300 0.000000 0.258600
v 0.096300 0.143100 0.243500
v -0.083000 0.025900 0.099600
v 0.072600 0.025900 0.099600
v -0.102500 0.154400 0.242300
v -0.093200 0.164700 0.241300
v -0.093200 0.062000 0.120900
v -0.102500 0.056200 0.128500
v -0.102500 0.023000 0.113100
v -0.093200 0.025000 0.103800
v -0.093200 0.000000 0.103800
v -0.102500 0.000000 0.113100
v -0.102500 0.171100 0.308500
v -0.093200 0.180400 0.308500
v -0.093200 0.180100 0.281500
v -0.102500 0.170400 0.280300
v 0.092100 0.056200 0.128500
v 0.082800 0.062000 0.120900
v 0.082800 0.164700 0.241300
v 0.092100 0.154400 0.242300
v 0.092100 0.170400 0.280300
v 0.082800 0.180100 0.281500
v 0.082800 0.180400 0.308500
v 0.092100 0.171100 0.308500
v 0.092100 0.023000 0.113100
v 0.082800 0.025000 0.103800
v -0.106700 0.050000 0.136800
v -0.106700 0.020700 0.123300
v -0.106700 0.000000 0.123300
v 0.096300 0.050000 0.136800
v 0.096300 0.160900 0.308500
v -0.083000 0.000000 0.099600
v 0.096300 0.020700 0.123300
v 0.096300 0.000000 0.123300
v 0.096300 0.000000 0.308500
v 0.072600 0.000000 0.099600
v 0.082800 0.000000 0.103800
v 0.092100 0.000000 0.113100
v -0.106700 -0.159500 0.278900
v -0.106700 -0.160900 0.308500
v -0.083000 -0.064600 0.117500
v 0.072600 -0.064600 0.117500
v 0.072600 -0.169400 0.240800
v -0.083000 -0.169400 0.240800
v -0.083000 -0.184600 0.282100
v 0.072600 -0.184600 0.282100
v 0.072600 -0.184600 0.308500
v -0.083000 -0.184600 0.308500
v -0.106700 -0.143100 0.243500
v 0.096300 -0.159500 0.278900
v 0.096300 -0.143100 0.243500
v -0.083000 -0.025900 0.099600
v 0.072600 -0.025900 0.099600
v -0.102500 -0.154400 0.242300
v -0.102500 -0.056200 0.128500
v -0.093200 -0.062000 0.120900
v -0.093200 -0.164700 0.241300
v -0.102500 -0.023000 0.113100
v -0.093200 -0.025000 0.103800
v -0.102500 -0.171100 0.308500
v -0.102500 -0.170400 0.280300
v -0.093200 -0.180100 0.281500
v -0.093200 -0.180400 0.308500
v 0.092100 -0.056200 0.128500
v 0.092100 -0.154400 0.242300
v 0.082800 -0.164700 0.241300
v 0.082800 -0.062000 0.120900
v 0.092100 -0.170400 0.280300
v 0.092100 -0.171100 0.308500
v 0.082800 -0.180400 0.308500
v 0.082800 -0.180100 0.281500
v 0.082800 -0.025000 0.103800
v 0.092100 -0.023000 0.113100
v -0.106700 -0.050000 0.136800
v -0.106700 -0.020700 0.123300
v 0.096300 -0.050000 0.136800
v 0.096300 -0.160900 0.308500
v 0.096300 -0.020700 0.123300
v -1.130700 -0.218600 1.046200
v -1.012800 -0.218600 1.221800
v -1.012500 -0.136000 1.233900
v -1.130800 -0.136100 1.046200
v -1.119800 -0.241200 1.045500
v -1.106600 -0.252600 1.044700
v -1.005700 -0.253100 1.190000
v -1.010100 -0.240700 1.207400
v 0.148400 -0.258600 0.580500
v 0.155000 -0.258600 0.587900
v 0.156600 -0.258600 0.610800
v 0.184900 -0.258600 0.993400
v 0.180300 -0.258600 0.998900
v 0.069000 -0.258600 0.999200
v 0.062400 -0.258600 0.992600
v 0.032500 -0.258600 0.588700
v 0.037200 -0.258600 0.582500
v 0.367700 -0.135800 1.002600
v 0.360100 -0.218700 1.003300
v 0.371800 -0.223600 0.997200
v 0.379500 -0.138000 0.996500
v 0.349100 -0.241000 1.004300
v 0.360800 -0.246600 0.998100
v 0.331000 -0.257600 1.005900
v 0.342700 -0.263700 0.999700
v 0.307900 -0.266500 1.008000
v 0.319500 -0.272900 1.001600
v 0.293200 -0.266500 1.009400
v 0.303900 -0.272900 1.003000
v 0.279600 -0.266500 1.004600
v 0.288300 -0.272900 0.997900
v 0.265500 -0.266500 0.991600
v 0.272700 -0.272900 0.984200
v 0.259000 -0.266500 0.977700
v 0.265300 -0.272900 0.969100
v 0.249800 -0.266500 0.852600
v 0.256000 -0.272900 0.849700
v 0.232800 -0.266500 0.610400
v 0.239000 -0.272900 0.619900
v 0.237200 -0.266500 0.593700
v 0.243900 -0.272900 0.601900
v 0.249100 -0.266500 0.576200
v 0.257200 -0.272900 0.583600
v 0.261800 -0.266500 0.568000
v 0.271700 -0.272900 0.574800
v 0.272900 -0.266500 0.566800
v 0.283700 -0.272900 0.573500
v 0.295300 -0.256700 0.564300
v 0.306100 -0.262700 0.571200
v 0.308900 -0.241900 0.562900
v 0.319600 -0.247400 0.569900
v 0.319400 -0.218800 0.561700
v 0.330200 -0.223600 0.568800
v 0.328800 -0.135800 0.560700
v 0.339500 -0.138000 0.567900
v 0.328800 0.000000 0.560700
v 0.339500 0.000000 0.567900
v 0.369400 -0.223400 0.972900
v 0.377000 -0.138000 0.972200
v 0.358600 -0.246300 0.973800
v 0.340800 -0.263400 0.975300
v 0.317700 -0.272800 0.977300
v 0.306300 -0.272900 0.978300
v 0.298900 -0.272900 0.975900
v 0.290200 -0.272900 0.968100
v 0.287100 -0.272900 0.961900
v 0.278200 -0.272900 0.847400
v 0.261600 -0.272900 0.623100
v 0.263600 -0.272900 0.615800
v 0.270800 -0.272900 0.605800
v 0.277600 -0.272900 0.601700
v 0.285500 -0.273000 0.600900
v 0.308000 -0.263000 0.598700
v 0.321900 -0.247700 0.597300
v 0.332600 -0.223800 0.596200
v 0.342000 -0.138000 0.595300
v 0.342000 0.000000 0.595300
v 0.365100 -0.219300 0.973400
v 0.372800 -0.136100 0.972700
v 0.354400 -0.241500 0.974300
v 0.336500 -0.258200 0.975900
v 0.313500 -0.267300 0.977800
v 0.302100 -0.267400 0.978800
v 0.294600 -0.267400 0.976400
v 0.285900 -0.267400 0.968700
v 0.282800 -0.267400 0.962400
v 0.273900 -0.267400 0.847900
v 0.274200 -0.267400 0.851500
v 0.257300 -0.267400 0.623700
v 0.259300 -0.267400 0.616400
v 0.266600 -0.267400 0.606400
v 0.273300 -0.267400 0.602300
v 0.281300 -0.267500 0.601500
v 0.303700 -0.257800 0.599200
v 0.317600 -0.242900 0.597900
v 0.328300 -0.219600 0.596800
v 0.337700 -0.136100 0.595900
v 0.337700 0.000000 0.595900
v 0.302200 -0.267400 0.851400
v 0.361000 -0.136100 0.851300
v 0.352700 -0.219400 0.851400
v 0.346600 -0.214400 0.849800
v 0.354800 -0.131100 0.849800
v 0.341900 -0.242000 0.851400
v 0.335800 -0.236900 0.849800
v 0.325200 -0.258100 0.851400
v 0.319200 -0.253000 0.849800
v 0.296200 -0.262400 0.849900
v 0.270000 -0.262500 0.849900
v 0.269900 -0.262500 0.848500
v 0.253400 -0.262500 0.624800
v 0.255100 -0.262400 0.618500
v 0.261800 -0.262400 0.609300
v 0.267900 -0.262400 0.605600
v 0.275400 -0.262500 0.604900
v 0.297900 -0.252800 0.602600
v 0.311800 -0.238000 0.601200
v 0.322500 -0.214700 0.600100
v 0.331900 -0.131200 0.599200
v 0.331900 0.000000 0.599200
v -1.127600 -0.135800 1.035900
v -1.127600 -0.218400 1.035900
v -1.131300 -0.218500 1.039700
v -1.131300 -0.136000 1.039700
v -1.116600 -0.241300 1.035000
v -1.120300 -0.241200 1.038700
v -1.098300 -0.257100 1.033500
v -1.102900 -0.256500 1.037500
v -0.992600 -0.257600 1.185800
v -0.998100 -0.256900 1.188600
v -0.998600 -0.241000 1.208800
v -1.003700 -0.240800 1.210800
v -1.001800 -0.218700 1.223100
v -1.006900 -0.218700 1.225000
v -1.001800 -0.135800 1.235300
v -1.006800 -0.135900 1.237100
v -1.001800 0.000000 1.235300
v -1.006800 0.000000 1.237100
v -1.131600 -0.136100 1.042800
v -1.131600 -0.218600 1.042800
v -1.120700 -0.241200 1.042100
v -1.105200 -0.254700 1.041200
v -1.002200 -0.255200 1.189600
v -1.007100 -0.240700 1.209700
v -1.010000 -0.218600 1.224000
v -1.009700 -0.136000 1.236100
v -1.009700 0.000000 1.236100
v -1.012500 0.000000 1.233900
v -1.130800 0.000000 1.046200
v 0.379500 0.000000 0.996500
v 0.367700 0.000000 1.002600
v 0.377000 0.000000 0.972200
v 0.372800 0.000000 0.972700
v 0.361000 0.000000 0.851300
v 0.354800 0.000000 0.849700
v -1.131300 0.000000 1.039700
v -1.127600 0.000000 1.035900
v -1.131600 0.000000 1.042800
v -1.130700 0.218600 1.046200
v -1.012500 0.136000 1.233900
v -1.012800 0.218600 1.221800
v -1.130800 0.136100 1.046200
v -1.119800 0.241200 1.045500
v -1.005700 0.253100 1.190000
v -1.106600 0.252600 1.044700
v -1.010100 0.240700 1.207400
v 0.148400 0.258600 0.580500
v 0.156600 0.258600 0.610800
v 0.155000 0.258600 0.587900
v 0.184900 0.258600 0.993400
v 0.069000 0.258600 0.999200
v 0.180300 0.258600 0.998900
v 0.062400 0.258600 0.992600
v 0.037200 0.258600 0.582500
v 0.032500 0.258600 0.588700
v 0.367700 0.135800 1.002600
v 0.371800 0.223600 0.997200
v 0.360100 0.218700 1.003300
v 0.379500 0.138000 0.996500
v 0.360800 0.246600 0.998100
v 0.349100 0.241000 1.004300
v 0.342700 0.263700 0.999700
v 0.331000 0.257600 1.005900
v 0.319500 0.272900 1.001600
v 0.307900 0.266500 1.008000
v 0.303900 0.272900 1.003000
v 0.293200 0.266500 1.009400
v 0.288300 0.272900 0.997900
v 0.279600 0.266500 1.004600
v 0.272700 0.272900 0.984200
v 0.265500 0.266500 0.991600
v 0.265300 0.272900 0.969100
v 0.259000 0.266500 0.977700
v 0.256000 0.272900 0.849700
v 0.249800 0.266500 0.852600
v 0.239000 0.272900 0.619900
v 0.232800 0.266500 0.610400
v 0.243900 0.272900 0.601900
v 0.237200 0.266500 0.593700
v 0.257200 0.272900 0.583600
v 0.249100 0.266500 0.576200
v 0.271700 0.272900 0.574800
v 0.261800 0.266500 0.568000
v 0.283700 0.272900 0.573500
v 0.272900 0.266500 0.566800
v 0.306100 0.262700 0.571200
v 0.295300 0.256700 0.564300
v 0.319600 0.247400 0.569900
v 0.308900 0.241900 0.562900
v 0.330200 0.223600 0.568800
v 0.319400 0.218800 0.561700
v 0.339500 0.138000 0.567900
v 0.328800 0.135800 0.560700
v 0.369400 0.223400 0.972900
v 0.377000 0.138000 0.972200
v 0.358600 0.246300 0.973800
v 0.340800 0.263400 0.975300
v 0.317700 0.272800 0.977300
v 0.306300 0.272900 0.978300
v 0.298900 0.272900 0.975900
v 0.290200 0.272900 0.968100
v 0.287100 0.272900 0.961900
v 0.278200 0.272900 0.847400
v 0.261600 0.272900 0.623100
v 0.263600 0.272900 0.615800
v 0.270800 0.272900 0.605800
v 0.277600 0.272900 0.601700
v 0.285500 0.273000 0.600900
v 0.308000 0.263000 0.598700
v 0.321900 0.247700 0.597300
v 0.332600 0.223800 0.596200
v 0.342000 0.138000 0.595300
v 0.365100 0.219300 0.973400
v 0.372800 0.136100 0.972700
v 0.354400 0.241500 0.974300
v 0.336500 0.258200 0.975900
v 0.313500 0.267300 0.977800
v 0.302100 0.267400 0.978800
v 0.294600 0.267400 0.976400
v 0.285900 0.267400 0.968700
v 0.282800 0.267400 0.962400
v 0.273900 0.267400 0.847900
v 0.274200 0.267400 0.851500
v 0.257300 0.267400 0.623700
v 0.259300 0.267400 0.616400
v 0.266600 0.267400 0.606400
v 0.273300 0.267400 0.602300
v 0.281300 0.267500 0.601500
v 0.303700 0.257800 0.599200
v 0.317600 0.242900 0.597900
v 0.328300 0.219600 0.596800
v 0.337700 0.136100 0.595900
v 0.302200 0.267400 0.851400
v 0.361000 0.136100 0.851300
v 0.346600 0.214400 0.849800
v 0.352700 0.219400 0.851400
v 0.354800 0.131100 0.849800
v 0.335800 0.236900 0.849800
v 0.341900 0.242000 0.851400
v 0.319200 0.253000 0.849800
v 0.325200 0.258100 0.851400
v 0.296200 0.262400 0.849900
v 0.270000 0.262500 0.849900
v 0.269900 0.262500 0.848500
v 0.253400 0.262500 0.624800
v 0.255100 0.262500 0.618500
v 0.261800 0.262500 0.609300
v 0.267900 0.262400 0.605600
v 0.275400 0.262500 0.604900
v 0.297900 0.252800 0.602600
v 0.311800 0.238000 0.601200
v 0.322500 0.214700 0.600100
v 0.331900 0.131200 0.599200
v -1.127600 0.135800 1.035900
v -1.131300 0.218500 1.039700
v -1.127600 0.218400 1.035900
v -1.131300 0.136000 1.039700
v -1.120300 0.241200 1.038700
v -1.116600 0.241300 1.035000
v -1.102900 0.256500 1.037500
v -1.098300 0.257100 1.033500
v -0.998100 0.256900 1.188600
v -0.992600 0.257600 1.185800
v -1.003700 0.240800 1.210800
v -0.998600 0.241000 1.208800
v -1.006900 0.218700 1.225000
v -1.001800 0.218700 1.223100
v -1.006800 0.135900 1.237100
v -1.001800 0.135800 1.235300
v -1.131600 0.136100 1.042800
v -1.131600 0.218600 1.042800
v -1.120700 0.241200 1.042100
v -1.105200 0.254700 1.041200
v -1.002200 0.255200 1.189600
v -1.007100 0.240700 1.209700
v -1.010000 0.218600 1.224000
v -1.009700 0.136000 1.236100
v -1.180000 0.043100 1.265200
v -1.201800 0.060800 1.222900
v -1.214100 0.060800 1.239000
v -1.262500 0.000000 1.201800
v -1.248300 0.042900 1.212700
v -1.236000 0.042900 1.196600
v -1.236000 -0.043300 1.196600
v -1.248300 -0.043300 1.212700
v -1.180000 -0.043100 1.265200
v -1.214100 -0.061100 1.239000
v -1.201800 -0.061100 1.222900
v -1.165800 0.000000 1.276100
v -1.135000 0.000000 1.192100
v -1.144000 0.026000 1.185000
v -1.165900 0.036800 1.168100
v -1.187700 0.026000 1.151000
v -1.196700 0.000000 1.143900
v -1.187800 -0.026000 1.151100
v -1.165900 -0.036800 1.168100
v -1.144000 -0.026000 1.185000
v -1.281700 0.162500 1.188200
v -1.258700 0.174500 1.205900
v -1.258800 -0.174500 1.205800
v -1.281800 -0.162500 1.188100
v -1.261700 0.174500 1.209800
v -1.284700 0.162500 1.192100
v -1.284800 -0.162500 1.192000
v -1.261800 -0.174500 1.209700
v -1.077000 0.075500 1.354200
v -1.064900 0.000000 1.363500
v -1.058800 0.000000 1.355500
v -1.070900 0.075500 1.346200
v -1.110000 0.137300 1.328800
v -1.103900 0.137300 1.320800
v -1.159000 0.178900 1.291200
v -1.152800 0.178900 1.283100
v -1.218800 0.194200 1.245100
v -1.212700 0.194200 1.237100
v -1.278700 0.178900 1.199000
v -1.272600 0.178900 1.191000
v -1.327600 0.137300 1.161400
v -1.321500 0.137300 1.153400
v -1.360600 0.075500 1.136000
v -1.354500 0.075500 1.128000
v -1.372800 0.000000 1.126700
v -1.366600 0.000000 1.118700
v -1.360600 -0.075500 1.136000
v -1.354500 -0.075500 1.128000
v -1.327600 -0.137300 1.161400
v -1.321500 -0.137300 1.153400
v -1.278700 -0.178900 1.199000
v -1.272600 -0.178900 1.191000
v -1.218800 -0.194200 1.245100
v -1.212700 -0.194200 1.237100
v -1.159000 -0.178900 1.291200
v -1.152800 -0.178900 1.283100
v -1.110000 -0.137300 1.328800
v -1.103900 -0.137300 1.320800
v -1.077000 -0.075500 1.354200
v -1.070900 -0.075500 1.346200
v -1.121400 -0.123000 1.320100
v -1.091800 -0.067700 1.342800
v -1.085600 -0.067700 1.334800
v -1.115200 -0.123000 1.312100
v -1.165200 -0.160300 1.286400
v -1.159000 -0.160300 1.278400
v -1.218800 -0.174000 1.245100
v -1.212700 -0.174000 1.237100
v -1.272500 -0.160300 1.203800
v -1.266300 -0.160300 1.195800
v -1.316300 -0.123000 1.170100
v -1.310200 -0.123000 1.162100
v -1.345900 -0.067700 1.147400
v -1.339700 -0.067700 1.139400
v -1.356700 0.000000 1.139000
v -1.350600 0.000000 1.131000
v -1.345900 0.067700 1.147400
v -1.339700 0.067700 1.139400
v -1.316300 0.123000 1.170100
v -1.310200 0.123000 1.162100
v -1.272500 0.160300 1.203800
v -1.266300 0.160300 1.195800
v -1.218800 0.174000 1.245100
v -1.212700 0.174000 1.237100
v -1.165200 0.160300 1.286400
v -1.159000 0.160300 1.278400
v -1.121400 0.123000 1.320100
v -1.115200 0.123000 1.312100
v -1.091800 0.067700 1.342800
v -1.085600 0.067700 1.334800
v -1.080900 0.000000 1.351200
v -1.074800 0.000000 1.343200
v -1.154000 -0.164300 1.275800
v -1.102900 -0.134500 1.315200
v -1.151300 -0.174200 1.277900
v -1.209600 -0.179100 1.233100
v -1.209600 -0.189000 1.233100
v -1.264800 -0.165000 1.190600
v -1.267900 -0.174200 1.188200
v -1.310000 -0.126600 1.155900
v -1.315500 -0.133600 1.151600
v -1.340400 -0.069700 1.132500
v -1.347600 -0.073600 1.126900
v -1.351600 0.000000 1.123900
v -1.359400 0.000000 1.117800
v -1.340400 0.069700 1.132500
v -1.347600 0.073600 1.126900
v -1.310000 0.126600 1.155900
v -1.315500 0.133600 1.151600
v -1.264800 0.165000 1.190600
v -1.267900 0.174200 1.188200
v -1.209600 0.179100 1.233100
v -1.209600 0.189000 1.233100
v -1.154400 0.165000 1.275600
v -1.151300 0.174200 1.277900
v -1.109200 0.126600 1.310300
v -1.103700 0.133600 1.314600
v -1.078800 0.069700 1.333700
v -1.071600 0.073600 1.339300
v -1.067600 0.000000 1.342300
v -1.059800 0.000000 1.348300
v -1.071600 -0.073600 1.339300
v -1.109200 -0.126600 1.310300
v -1.078800 -0.069700 1.333700
v -1.121600 -0.126600 1.326300
v -1.166400 -0.163500 1.291800
v -1.115400 -0.134900 1.331100
v -1.091100 -0.069700 1.349700
v -1.083900 -0.073600 1.355300
v -1.079900 0.000000 1.358300
v -1.072100 0.000000 1.364300
v -1.083900 0.073600 1.355300
v -1.163600 -0.174200 1.293900
v -1.221900 -0.179100 1.249100
v -1.221900 -0.189000 1.249100
v -1.277100 -0.165000 1.206600
v -1.280200 -0.174200 1.204200
v -1.322300 -0.126600 1.171900
v -1.327800 -0.133600 1.167600
v -1.352700 -0.069700 1.148500
v -1.360000 -0.073600 1.142900
v -1.363900 0.000000 1.139900
v -1.371700 0.000000 1.133800
v -1.352700 0.069700 1.148500
v -1.360000 0.073600 1.142900
v -1.322300 0.126600 1.171900
v -1.327800 0.133600 1.167600
v -1.277100 0.165000 1.206600
v -1.280200 0.174200 1.204200
v -1.221900 0.179100 1.249100
v -1.221900 0.189000 1.249100
v -1.166700 0.165000 1.291600
v -1.163600 0.174200 1.293900
v -1.121600 0.126600 1.326300
v -1.116000 0.133600 1.330600
v -1.091100 0.069700 1.349700
v -1.062200 0.000000 1.094100
v -1.071200 0.026000 1.087000
v -1.093100 0.036800 1.070100
v -1.114900 0.026000 1.053000
v -1.123900 0.000000 1.045900
v -1.115000 -0.026000 1.053200
v -1.093100 -0.036800 1.070100
v -1.071200 -0.026000 1.087000
vn 0.9942 -0.0550 -0.0924
vn 0.9958 -0.0000 -0.0910
vn 0.9947 -0.0487 -0.0909
vn 0.9595 -0.2670 -0.0902
vn 0.9586 -0.2696 -0.0916
vn 0.8132 -0.5769 -0.0766
vn 0.8243 -0.5612 -0.0752
vn 0.5543 -0.8308 -0.0502
vn 0.5719 -0.8188 -0.0491
vn 0.2046 -0.9787 -0.0180
vn 0.1975 -0.9802 -0.0162
vn -0.0067 -1.0000 0.0010
vn -0.0000 -1.0000 -0.0000
vn 0.0004 -1.0000 0.0002
vn 0.0010 -1.0000 0.0001
vn 0.0022 -1.0000 -0.0002
vn 0.0023 -1.0000 -0.0002
vn 0.9942 0.0548 -0.0928
vn 0.9947 0.0487 -0.0909
vn 0.9595 0.2670 -0.0902
vn 0.9585 0.2699 -0.0914
vn 0.8132 0.5769 -0.0766
vn 0.8243 0.5612 -0.0752
vn 0.5543 0.8308 -0.0502
vn 0.5725 0.8184 -0.0491
vn 0.2046 0.9787 -0.0179
vn 0.1975 0.9802 -0.0162
vn 0.0022 1.0000 -0.0002
vn 0.0023 1.0000 -0.0002
vn -0.0064 1.0000 0.0010
vn 0.0003 1.0000 0.0002
vn 0.0006 1.0000 0.0003
vn 0.0011 1.0000 0.0002
vn 0.9905 -0.0959 -0.0987
vn 0.9912 -0.0914 -0.0957
vn 0.9582 -0.2696 -0.0956
vn 0.9576 -0.2713 -0.0965
vn 0.8009 -0.5935 -0.0796
vn 0.8037 -0.5900 -0.0774
vn 0.5320 -0.8452 -0.0507
vn 0.5355 -0.8432 -0.0483
vn 0.3664 -0.9298 -0.0338
vn 0.3755 -0.9262 -0.0330
vn 0.9905 0.0959 -0.0987
vn 0.9574 0.2723 -0.0964
vn 0.9582 0.2696 -0.0956
vn 0.9912 0.0914 -0.0957
vn 0.8037 0.5900 -0.0774
vn 0.8011 0.5932 -0.0796
vn 0.5355 0.8432 -0.0483
vn 0.5320 0.8452 -0.0507
vn 0.3755 0.9262 -0.0330
vn 0.3664 0.9298 -0.0338
vn -0.1520 0.9766 -0.1519
vn -0.1951 0.9808 -0.0000
vn 0.1945 0.9809 -0.0000
vn 0.1519 0.9766 -0.1519
vn -0.1506 -0.9769 -0.1516
vn 0.1514 -0.9768 -0.1514
vn 0.1949 -0.9808 -0.0000
vn -0.1951 -0.9808 -0.0000
vn -0.1519 0.1518 -0.9767
vn 0.1519 0.1519 -0.9767
vn 0.1515 -0.1505 -0.9769
vn -0.1520 -0.1519 -0.9766
vn 0.9766 0.1520 -0.1519
vn 0.9808 0.1952 -0.0000
vn 0.9811 -0.1935 -0.0000
vn 0.9766 -0.1519 -0.1519
vn -0.9808 0.1951 -0.0000
vn -0.9767 0.1519 -0.1519
vn -0.9765 -0.1521 -0.1526
vn -0.9806 -0.1959 -0.0000
vn -0.5363 0.2697 -0.7998
vn -0.8000 0.2693 -0.5362
vn -0.8006 0.5352 -0.2694
vn -0.5362 0.8000 -0.2693
vn -0.2693 0.8000 -0.5362
vn -0.2693 0.5362 -0.8000
vn 0.5359 0.8003 -0.2691
vn 0.7999 0.5362 -0.2693
vn 0.8000 0.2693 -0.5361
vn 0.5356 0.2692 -0.8004
vn 0.2689 0.5355 -0.8006
vn 0.2691 0.8003 -0.5358
vn -0.2691 -0.5362 -0.8001
vn -0.2691 -0.8001 -0.5362
vn -0.5365 -0.7996 -0.2699
vn -0.8000 -0.5361 -0.2693
vn -0.8004 -0.2697 -0.5354
vn -0.5362 -0.2693 -0.8000
vn 0.8001 -0.5361 -0.2692
vn 0.5358 -0.8003 -0.2691
vn 0.2691 -0.8003 -0.5359
vn 0.2694 -0.5363 -0.7999
vn 0.5356 -0.2692 -0.8004
vn 0.8004 -0.2692 -0.5356
vn -0.8315 0.5555 -0.0000
vn -0.5564 0.8309 -0.0000
vn 0.5555 0.8315 -0.0000
vn 0.8318 0.5551 -0.0000
vn 0.8316 -0.5554 -0.0000
vn 0.5555 -0.8315 -0.0000
vn -0.5557 -0.8314 -0.0000
vn -0.8315 -0.5555 -0.0000
vn -0.0000 0.9808 -0.1950
vn -0.0000 1.0000 -0.0000
vn 0.1950 0.9808 -0.0000
vn 0.1520 0.9766 -0.1520
vn -0.0000 -0.9808 -0.1950
vn 0.1520 -0.9766 -0.1520
vn 0.1932 -0.9812 -0.0000
vn -0.0000 0.1952 -0.9808
vn 0.1521 0.1521 -0.9766
vn 0.1528 -0.1528 -0.9764
vn -0.0000 -0.1952 -0.9808
vn 0.9766 0.1519 -0.1519
vn 0.9808 0.1949 -0.0000
vn 0.9808 -0.1949 -0.0000
vn 0.9766 -0.1520 -0.1520
vn -0.0000 -0.0000 1.0000
vn -1.0000 -0.0000 -0.0000
vn 0.5361 0.8000 -0.2693
vn 0.8003 0.5359 -0.2691
vn 0.8001 0.2687 -0.5363
vn 0.5361 0.2693 -0.8000
vn 0.2692 0.5359 -0.8003
vn 0.2692 0.7999 -0.5364
vn 0.8000 -0.5361 -0.2693
vn 0.5358 -0.8004 -0.2690
vn 0.2687 -0.8001 -0.5363
vn 0.2693 -0.5361 -0.8000
vn 0.5359 -0.2692 -0.8003
vn 0.7999 -0.2692 -0.5364
vn 0.8316 0.5553 -0.0000
vn -0.0000 0.5554 -0.8316
vn -0.0000 0.8318 -0.5551
vn -0.0000 -0.8318 -0.5551
vn -0.0000 -0.5554 -0.8316
vn 0.8315 -0.5555 -0.0000
vn 0.5553 -0.8316 -0.0000
vn 0.0007 -0.1176 0.9931
vn 0.7125 -0.0815 0.6969
vn 0.7303 -0.1859 0.6574
vn 0.0028 -0.2845 0.9587
vn 1.0000 0.0005 -0.0097
vn 0.9994 0.0096 -0.0332
vn 0.7027 0.0778 -0.7072
vn 0.6929 0.1803 -0.6981
vn -0.0001 0.1090 -0.9940
vn -0.0007 0.2470 -0.9690
vn -0.7027 0.0787 -0.7071
vn -0.6930 0.1816 -0.6977
vn -1.0000 0.0006 -0.0099
vn -0.9993 0.0102 -0.0357
vn -0.7124 -0.0826 0.6969
vn -0.7303 -0.1897 0.6563
vn 0.7699 -0.4663 0.4356
vn -0.0001 -0.7288 0.6847
vn 0.9960 0.0698 -0.0560
vn 0.6797 0.5283 -0.5088
vn -0.0004 0.7124 -0.7018
vn -0.6800 0.5266 -0.5102
vn -0.9959 0.0694 -0.0577
vn -0.7702 -0.4606 0.4412
vn 0.7315 -0.6680 0.1370
vn -0.0030 -0.9769 0.2137
vn 0.9988 0.0459 -0.0169
vn 0.6855 0.7156 -0.1343
vn 0.0004 0.9848 -0.1737
vn -0.6850 0.7161 -0.1339
vn -0.9989 0.0449 -0.0166
vn -0.7314 -0.6686 0.1341
vn 0.7073 -0.7069 0.0009
vn -0.0001 -1.0000 0.0012
vn 1.0000 0.0001 0.0002
vn 0.7069 0.7073 0.0005
vn 0.0002 1.0000 0.0013
vn -0.7074 0.7069 0.0009
vn -1.0000 0.0002 0.0002
vn -0.7073 -0.7069 0.0005
vn 0.7070 -0.7072 -0.0000
vn 1.0000 0.0008 -0.0000
vn 0.7068 0.7074 -0.0000
vn -0.7069 0.7073 -0.0000
vn -0.7070 -0.7072 -0.0000
vn 0.6970 -0.7157 -0.0436
vn -0.0151 -0.9999 0.0027
vn 0.9979 -0.0002 -0.0645
vn 0.6974 0.7153 -0.0453
vn -0.0152 0.9999 -0.0008
vn -0.7128 0.7001 0.0425
vn -0.9982 -0.0005 0.0607
vn -0.7125 -0.7002 0.0453
vn 0.6776 -0.7199 -0.1503
vn -0.0201 -0.9998 0.0059
vn 0.9748 0.0010 -0.2231
vn 0.6768 0.7203 -0.1518
vn -0.0198 0.9998 0.0015
vn -0.7004 0.6992 0.1435
vn -0.9794 0.0001 0.2018
vn -0.7006 -0.6981 0.1476
vn 0.5988 -0.7337 -0.3212
vn -0.0438 -0.9986 0.0286
vn 0.8945 -0.0063 -0.4471
vn 0.5967 0.7321 -0.3285
vn -0.0433 0.9987 0.0275
vn -0.6324 0.6864 0.3592
vn -0.8718 0.0004 0.4899
vn -0.6343 -0.6847 0.3590
vn 0.4448 -0.7303 -0.5184
vn -0.0281 -0.9992 0.0269
vn 0.6920 -0.0092 -0.7219
vn 0.4507 0.7288 -0.5155
vn -0.0276 0.9992 0.0295
vn -0.4482 0.6899 0.5685
vn -0.6133 0.0016 0.7899
vn -0.4504 -0.6887 0.5682
vn 0.3405 -0.7115 -0.6147
vn -0.0024 -1.0000 0.0047
vn 0.4882 -0.0013 -0.8727
vn 0.3426 0.7108 -0.6143
vn -0.0012 1.0000 0.0055
vn -0.3354 0.7060 0.6237
vn -0.4714 0.0008 0.8819
vn -0.3353 -0.7056 0.6243
vn 0.3122 -0.7101 -0.6311
vn -0.0011 -1.0000 0.0056
vn 0.4419 -0.0005 -0.8971
vn 0.3099 0.7089 -0.6336
vn -0.0035 1.0000 0.0034
vn -0.3132 0.7058 0.6355
vn -0.4412 0.0003 0.8974
vn -0.3127 -0.7050 0.6365
vn 0.3001 -0.7087 -0.6385
vn 0.0012 -1.0000 0.0034
vn 0.4234 -0.0007 -0.9060
vn 0.2971 0.7079 -0.6408
vn -0.0030 1.0000 0.0007
vn -0.3012 0.7061 0.6409
vn -0.4224 0.0005 0.9064
vn -0.2980 -0.7057 0.6428
vn -0.0000 -0.9973 -0.0739
vn -0.0001 -0.9973 -0.0737
vn -0.0000 -0.9973 -0.0738
vn -0.0001 -0.9973 -0.0738
vn -0.0000 -0.9973 -0.0734
vn 0.9100 0.0031 0.4146
vn 0.9100 0.0029 0.4147
vn 0.9101 0.0029 0.4144
vn 0.9100 0.0028 0.4145
vn 0.9100 0.0030 0.4146
vn 0.9101 0.0030 0.4144
vn -0.9802 0.1980 -0.0063
vn -0.9761 0.2094 -0.0574
vn -0.1938 0.5931 -0.7814
vn -0.1930 0.8502 -0.4898
vn 0.1960 0.8508 -0.4876
vn 0.1941 0.5935 -0.7811
vn -0.1931 0.9667 -0.1678
vn 0.1974 0.9803 -0.0032
vn 0.1958 0.9661 -0.1683
vn -0.9764 0.1761 -0.1248
vn 0.9749 0.2135 -0.0625
vn 1.0000 -0.0000 -0.0000
vn 0.9761 0.1782 -0.1245
vn -0.1939 0.2108 -0.9581
vn 0.1939 0.2108 -0.9581
vn -0.8210 0.4804 -0.3086
vn -0.5472 0.7176 -0.4308
vn -0.5509 0.5036 -0.6655
vn -0.8253 0.3394 -0.4513
vn -0.8252 0.1219 -0.5515
vn -0.5516 0.1792 -0.8146
vn -0.5554 -0.0000 -0.8316
vn -0.8321 -0.0000 -0.5547
vn -0.8322 0.5544 -0.0102
vn -0.5570 0.8305 -0.0044
vn -0.5501 0.8207 -0.1545
vn -0.8237 0.5540 -0.1211
vn 0.8248 0.3412 -0.4509
vn 0.5514 0.5044 -0.6644
vn 0.5505 0.7189 -0.4244
vn 0.8209 0.4831 -0.3047
vn 0.8215 0.5560 -0.1268
vn 0.5514 0.8194 -0.1568
vn 0.5581 0.8297 -0.0118
vn 0.8313 0.5556 -0.0179
vn 0.8249 0.1215 -0.5521
vn 0.5516 0.1792 -0.8146
vn -0.9765 0.1295 -0.1725
vn -0.9767 0.0458 -0.2098
vn -0.9810 -0.0000 -0.1941
vn 0.9764 0.1301 -0.1727
vn 0.9798 0.1997 -0.0094
vn -0.1952 -0.0000 -0.9808
vn 0.9765 0.0462 -0.2103
vn 0.9810 -0.0000 -0.1941
vn 0.1947 -0.0000 -0.9809
vn 0.5554 -0.0000 -0.8316
vn 0.8316 -0.0000 -0.5554
vn -0.9760 -0.2099 -0.0575
vn -0.9802 -0.1980 -0.0063
vn -0.1937 -0.5932 -0.7814
vn 0.1940 -0.5935 -0.7811
vn 0.1960 -0.8508 -0.4876
vn -0.1935 -0.8501 -0.4899
vn -0.1933 -0.9667 -0.1679
vn 0.1959 -0.9661 -0.1683
vn 0.1974 -0.9803 -0.0033
vn -0.9763 -0.1765 -0.1251
vn 0.9750 -0.2132 -0.0624
vn 0.9761 -0.1782 -0.1245
vn -0.1939 -0.2108 -0.9581
vn 0.1941 -0.2108 -0.9581
vn -0.8210 -0.4803 -0.3085
vn -0.8253 -0.3394 -0.4513
vn -0.5513 -0.5034 -0.6653
vn -0.5476 -0.7175 -0.4305
vn -0.8250 -0.1216 -0.5519
vn -0.5516 -0.1792 -0.8146
vn -0.8322 -0.5544 -0.0102
vn -0.8230 -0.5549 -0.1210
vn -0.5503 -0.8206 -0.1543
vn -0.5570 -0.8305 -0.0044
vn 0.8248 -0.3412 -0.4508
vn 0.8209 -0.4831 -0.3047
vn 0.5505 -0.7189 -0.4244
vn 0.5512 -0.5045 -0.6645
vn 0.8215 -0.5560 -0.1268
vn 0.8313 -0.5556 -0.0179
vn 0.5580 -0.8297 -0.0119
vn 0.5503 -0.8199 -0.1580
vn 0.5512 -0.1793 -0.8149
vn 0.8250 -0.1215 -0.5520
vn -0.9765 -0.1295 -0.1725
vn -0.9767 -0.0458 -0.2098
vn 0.9764 -0.1301 -0.1727
vn 0.9798 -0.1997 -0.0094
vn 0.9765 -0.0463 -0.2106
vn -0.8967 -0.2130 0.3881
vn -0.6941 -0.2886 0.6595
vn -0.7359 -0.0442 0.6757
vn -0.9223 -0.0003 0.3866
vn -0.7458 -0.5742 0.3378
vn -0.5653 -0.7703 0.2950
vn -0.4789 -0.7862 0.3906
vn -0.5770 -0.6230 0.5281
vn 0.4575 -0.0156 0.8891
vn 0.4294 -0.0925 0.8984
vn 0.4268 -0.1004 0.8987
vn 0.4565 -0.0181 0.8896
vn 0.3681 -0.2253 0.9021
vn 0.3762 -0.2104 0.9024
vn 0.2772 -0.3748 0.8847
vn 0.3081 -0.3271 0.8934
vn 0.1146 -0.5907 0.7987
vn 0.2072 -0.4753 0.8551
vn -0.1257 -0.7937 0.5952
vn 0.0005 -0.7035 0.7107
vn -0.2842 -0.8488 0.4458
vn -0.2452 -0.8440 0.4770
vn -0.4238 -0.8460 0.3234
vn -0.4276 -0.8487 0.3111
vn -0.5670 -0.8027 0.1851
vn -0.6229 -0.7734 0.1177
vn -0.7060 -0.7063 0.0520
vn -0.7047 -0.7076 0.0521
vn -0.6305 -0.7687 -0.1073
vn -0.7168 -0.6972 -0.0071
vn -0.4844 -0.8387 -0.2491
vn -0.5235 -0.8238 -0.2175
vn -0.3501 -0.8647 -0.3602
vn -0.3449 -0.8607 -0.3744
vn -0.2114 -0.8459 -0.4896
vn -0.1369 -0.8101 -0.5701
vn 0.0080 -0.7231 -0.6907
vn 0.1079 -0.6297 -0.7693
vn 0.2435 -0.5130 -0.8231
vn 0.2776 -0.4604 -0.8432
vn 0.3954 -0.3245 -0.8593
vn 0.3963 -0.3115 -0.8637
vn 0.4969 -0.1510 -0.8546
vn 0.4870 -0.1656 -0.8575
vn 0.5491 -0.0329 -0.8351
vn 0.5475 -0.0385 -0.8359
vn 0.5542 -0.0000 -0.8324
vn 0.9940 -0.0446 -0.0994
vn 0.9598 -0.2641 -0.0951
vn 0.9601 -0.2623 -0.0973
vn 0.9940 -0.0445 -0.0995
vn 0.8036 -0.5900 -0.0776
vn 0.8067 -0.5853 -0.0817
vn 0.5341 -0.8440 -0.0489
vn 0.5399 -0.8400 -0.0542
vn 0.1861 -0.9824 -0.0163
vn 0.1938 -0.9808 -0.0204
vn 0.0027 -1.0000 -0.0015
vn -0.0005 -1.0000 -0.0013
vn -0.0058 -1.0000 0.0013
vn 0.2135 -0.9768 -0.0187
vn 0.1979 -0.9801 -0.0143
vn 0.5911 -0.8049 -0.0518
vn 0.5806 -0.8128 -0.0468
vn 0.8373 -0.5416 -0.0751
vn 0.8330 -0.5488 -0.0705
vn 0.9618 -0.2597 -0.0862
vn 0.9611 -0.2628 -0.0850
vn 0.9946 -0.0547 -0.0883
vn 0.9946 -0.0549 -0.0883
vn 0.9961 -0.0000 -0.0886
vn -0.1175 0.0015 -0.9931
vn -0.1117 0.0087 -0.9937
vn -0.1148 0.0060 -0.9934
vn -0.1199 0.0012 -0.9928
vn -0.1043 0.0139 -0.9944
vn -0.1054 0.0135 -0.9943
vn -0.0983 0.0187 -0.9950
vn -0.0978 0.0192 -0.9950
vn -0.0919 0.0227 -0.9955
vn -0.0896 0.0246 -0.9957
vn 0.0319 0.1189 -0.9924
vn 0.1892 0.2374 -0.9528
vn 0.4010 0.3906 -0.8286
vn 0.4904 0.4521 -0.7451
vn 0.6406 0.5495 -0.5364
vn 0.6711 0.5675 -0.4770
vn 0.7600 0.6120 -0.2188
vn 0.7634 0.6136 -0.2017
vn 0.7850 0.6166 -0.0595
vn 0.7803 0.6226 -0.0589
vn 0.7741 0.6303 -0.0591
vn 0.7908 0.6052 0.0919
vn 0.7907 0.6063 0.0846
vn 0.7442 0.5349 0.4001
vn 0.7672 0.5084 0.3911
vn 0.5773 0.3688 0.7285
vn 0.6316 0.2684 0.7274
vn 0.2261 0.0692 0.9716
vn 0.3048 -0.0966 0.9475
vn 0.1075 -0.0255 0.9939
vn 0.1475 -0.1829 0.9720
vn 0.1147 -0.0199 0.9932
vn 0.1954 -0.1306 0.9720
vn 0.1221 -0.0148 0.9924
vn 0.2338 -0.0925 0.9679
vn 0.1283 -0.0094 0.9917
vn 0.2665 -0.0515 0.9625
vn 0.1360 -0.0025 0.9907
vn 0.3060 -0.0155 0.9519
vn 0.1369 -0.0000 0.9906
vn 0.3229 -0.0000 0.9464
vn 0.0071 -1.0000 -0.0002
vn 0.0070 -1.0000 -0.0002
vn 0.0003 -1.0000 -0.0002
vn 0.0009 -1.0000 -0.0001
vn 0.2249 -0.0228 -0.9741
vn 0.2245 -0.0227 -0.9742
vn 0.1770 -0.0858 -0.9805
vn 0.1762 -0.0850 -0.9807
vn 0.1343 -0.1406 -0.9809
vn 0.1334 -0.1389 -0.9813
vn 0.0815 -0.2050 -0.9754
vn 0.0812 -0.2027 -0.9759
vn -0.0017 -0.3003 -0.9538
vn -0.0014 -0.2982 -0.9545
vn 0.7759 0.6282 -0.0584
vn 0.7758 0.6282 -0.0594
vn 0.7884 0.6123 0.0590
vn 0.7853 0.5288 0.3220
vn 0.7082 0.3119 0.6334
vn 0.4312 -0.1191 0.8944
vn 0.1328 -0.4399 0.8882
vn 0.2783 -0.2883 0.9162
vn 0.3675 -0.1815 0.9121
vn 0.4425 -0.0814 0.8931
vn 0.4884 -0.0137 0.8725
vn 0.4974 -0.0000 0.8675
vn -0.7209 0.0001 -0.6930
vn -0.7070 -0.1655 -0.6876
vn -0.8980 -0.1946 -0.3947
vn -0.9064 0.0001 -0.4225
vn -0.6174 -0.5051 -0.6031
vn -0.7555 -0.5402 -0.3706
vn -0.2852 -0.9404 -0.1854
vn -0.4390 -0.8806 -0.1785
vn 0.0389 -0.9568 0.2883
vn -0.0464 -0.9199 0.3894
vn 0.2515 -0.6726 0.6960
vn 0.0180 -0.6667 0.7451
vn 0.3234 -0.3368 0.8843
vn 0.0049 -0.3374 0.9414
vn 0.3398 -0.0682 0.9380
vn 0.0079 -0.0715 0.9974
vn 0.3387 -0.0000 0.9409
vn 0.0067 -0.0000 1.0000
vn -0.9981 -0.0001 0.0624
vn -0.9727 -0.2197 0.0745
vn -0.8020 -0.5951 0.0512
vn -0.5293 -0.8384 0.1299
vn -0.3325 -0.8559 0.3961
vn -0.3570 -0.6738 0.6469
vn -0.4422 -0.3320 0.8332
vn -0.4756 -0.0631 0.8774
vn -0.4806 -0.0000 0.8770
vn -0.7440 -0.0000 0.6682
vn -0.9227 -0.0000 0.3855
vn 0.4600 -0.0000 0.8879
vn 0.9950 -0.0000 -0.0998
vn -0.1207 -0.0000 -0.9927
vn -0.1206 -0.0000 -0.9927
vn 0.9953 -0.0000 -0.0964
vn 0.2415 -0.0004 -0.9704
vn 0.2414 -0.0004 -0.9704
vn -0.9072 -0.0000 -0.4207
vn -0.7201 -0.0000 -0.6939
vn -0.9981 -0.0000 0.0621
vn -0.8967 0.2130 0.3880
vn -0.7359 0.0442 0.6756
vn -0.6941 0.2886 0.6595
vn -0.9223 0.0003 0.3866
vn -0.7453 0.5744 0.3385
vn -0.4789 0.7862 0.3906
vn -0.5653 0.7703 0.2950
vn -0.5770 0.6230 0.5281
vn 0.4567 0.0155 0.8895
vn 0.4272 0.1001 0.8986
vn 0.4294 0.0925 0.8984
vn 0.4565 0.0181 0.8896
vn 0.3762 0.2104 0.9024
vn 0.3677 0.2254 0.9022
vn 0.3081 0.3271 0.8933
vn 0.2772 0.3748 0.8847
vn 0.2072 0.4751 0.8552
vn 0.1146 0.5907 0.7987
vn 0.0004 0.7036 0.7106
vn -0.1257 0.7937 0.5952
vn -0.2452 0.8440 0.4770
vn -0.2846 0.8486 0.4460
vn -0.4279 0.8486 0.3110
vn -0.4241 0.8460 0.3232
vn -0.6230 0.7733 0.1180
vn -0.5668 0.8029 0.1850
vn -0.7047 0.7076 0.0521
vn -0.7058 0.7065 0.0521
vn -0.7168 0.6972 -0.0071
vn -0.6305 0.7687 -0.1073
vn -0.5235 0.8238 -0.2175
vn -0.4844 0.8387 -0.2491
vn -0.3455 0.8604 -0.3746
vn -0.3502 0.8646 -0.3604
vn -0.1369 0.8101 -0.5701
vn -0.2116 0.8465 -0.4886
vn 0.1080 0.6298 -0.7692
vn 0.0080 0.7231 -0.6907
vn 0.2777 0.4602 -0.8433
vn 0.2436 0.5130 -0.8231
vn 0.3963 0.3115 -0.8637
vn 0.3953 0.3245 -0.8593
vn 0.4869 0.1657 -0.8576
vn 0.4969 0.1510 -0.8546
vn 0.5475 0.0385 -0.8359
vn 0.5491 0.0329 -0.8351
vn 0.9940 0.0446 -0.0994
vn 0.9601 0.2623 -0.0973
vn 0.9596 0.2646 -0.0956
vn 0.9940 0.0445 -0.0995
vn 0.8067 0.5853 -0.0817
vn 0.8036 0.5900 -0.0776
vn 0.5399 0.8400 -0.0542
vn 0.5342 0.8440 -0.0491
vn 0.1940 0.9808 -0.0207
vn 0.1861 0.9824 -0.0163
vn 0.0027 1.0000 -0.0015
vn -0.0050 1.0000 0.0011
vn -0.0005 1.0000 -0.0013
vn 0.1977 0.9802 -0.0143
vn 0.2134 0.9768 -0.0193
vn 0.5806 0.8128 -0.0468
vn 0.5910 0.8050 -0.0517
vn 0.8330 0.5487 -0.0707
vn 0.8373 0.5417 -0.0746
vn 0.9611 0.2628 -0.0850
vn 0.9618 0.2597 -0.0862
vn 0.9946 0.0549 -0.0883
vn 0.9946 0.0547 -0.0883
vn -0.1175 -0.0015 -0.9931
vn -0.1148 -0.0060 -0.9934
vn -0.1119 -0.0088 -0.9937
vn -0.1199 -0.0012 -0.9928
vn -0.1043 -0.0123 -0.9945
vn -0.1043 -0.0139 -0.9944
vn -0.0978 -0.0192 -0.9950
vn -0.0983 -0.0187 -0.9950
vn -0.0896 -0.0246 -0.9957
vn -0.0919 -0.0227 -0.9955
vn 0.1892 -0.2374 -0.9528
vn 0.0319 -0.1189 -0.9924
vn 0.4904 -0.4521 -0.7451
vn 0.4010 -0.3906 -0.8286
vn 0.6711 -0.5675 -0.4770
vn 0.6406 -0.5495 -0.5364
vn 0.7637 -0.6133 -0.2018
vn 0.7600 -0.6120 -0.2188
vn 0.7803 -0.6226 -0.0589
vn 0.7850 -0.6166 -0.0595
vn 0.7741 -0.6303 -0.0591
vn 0.7908 -0.6062 0.0846
vn 0.7908 -0.6051 0.0919
vn 0.7671 -0.5084 0.3913
vn 0.7442 -0.5349 0.4001
vn 0.6304 -0.2691 0.7281
vn 0.5773 -0.3688 0.7285
vn 0.3048 0.0966 0.9475
vn 0.2262 -0.0692 0.9716
vn 0.1475 0.1829 0.9720
vn 0.1075 0.0255 0.9939
vn 0.1954 0.1306 0.9720
vn 0.1147 0.0199 0.9932
vn 0.2328 0.0922 0.9682
vn 0.1221 0.0148 0.9924
vn 0.2666 0.0518 0.9624
vn 0.1283 0.0094 0.9917
vn 0.3059 0.0155 0.9519
vn 0.1359 0.0025 0.9907
vn 0.0070 1.0000 -0.0002
vn 0.0071 1.0000 -0.0002
vn 0.0003 1.0000 -0.0002
vn 0.0009 1.0000 -0.0001
vn 0.2249 0.0228 -0.9741
vn 0.2245 0.0227 -0.9742
vn 0.1770 0.0858 -0.9805
vn 0.1762 0.0850 -0.9807
vn 0.1343 0.1406 -0.9809
vn 0.1334 0.1389 -0.9813
vn 0.0815 0.2050 -0.9754
vn 0.0812 0.2027 -0.9759
vn -0.0017 0.3003 -0.9538
vn -0.0014 0.2982 -0.9545
vn 0.7759 -0.6282 -0.0584
vn 0.7758 -0.6282 -0.0594
vn 0.7884 -0.6124 0.0588
vn 0.7853 -0.5288 0.3220
vn 0.7081 -0.3124 0.6333
vn 0.4312 0.1191 0.8944
vn 0.1328 0.4399 0.8882
vn 0.2783 0.2883 0.9162
vn 0.3672 0.1818 0.9122
vn 0.4425 0.0814 0.8931
vn 0.4884 0.0137 0.8725
vn -0.7209 -0.0001 -0.6930
vn -0.8980 0.1946 -0.3947
vn -0.7070 0.1655 -0.6876
vn -0.9067 -0.0001 -0.4218
vn -0.7555 0.5402 -0.3706
vn -0.6174 0.5050 -0.6031
vn -0.4391 0.8805 -0.1784
vn -0.2851 0.9403 -0.1856
vn -0.0464 0.9199 0.3894
vn 0.0389 0.9568 0.2883
vn 0.0180 0.6667 0.7451
vn 0.2514 0.6726 0.6960
vn 0.0049 0.3374 0.9414
vn 0.3234 0.3368 0.8843
vn 0.0082 0.0714 0.9974
vn 0.3391 0.0689 0.9382
vn -0.9981 0.0001 0.0624
vn -0.9728 0.2194 0.0743
vn -0.8020 0.5951 0.0512
vn -0.5293 0.8384 0.1299
vn -0.3325 0.8559 0.3961
vn -0.3566 0.6738 0.6472
vn -0.4422 0.3320 0.8332
vn -0.4755 0.0631 0.8774
vn 0.2415 0.0004 -0.9704
vn 0.2414 0.0004 -0.9704
vn 0.7210 0.6533 0.2309
vn 0.2972 0.9522 -0.0702
vn 0.3015 0.9249 0.2315
vn -0.6833 0.0013 -0.7302
vn -0.7319 0.3844 -0.5626
vn -0.5104 0.5607 -0.6520
vn -0.5099 -0.5591 -0.6537
vn -0.7327 -0.3819 -0.5633
vn 0.7225 -0.6512 0.2320
vn 0.3058 -0.9225 0.2354
vn 0.3016 -0.9509 -0.0693
vn -0.6098 -0.0003 0.7926
vn -0.6094 -0.0005 0.7928
vn -0.6094 0.0003 0.7928
vn -0.6096 -0.0000 0.7927
vn -0.6093 -0.0002 0.7930
vn -0.6094 0.0005 0.7928
vn 0.9389 -0.0000 0.3443
vn 0.8850 -0.0000 0.4656
vn 0.6546 0.7024 0.2794
vn 0.1020 0.9837 -0.1478
vn -0.4755 0.7044 -0.5271
vn -0.7344 0.0001 -0.6787
vn -0.4748 -0.7032 -0.5292
vn 0.1031 -0.9833 -0.1497
vn 0.6554 -0.7019 0.2790
vn 0.5512 0.1532 -0.8202
vn 0.5509 0.1529 -0.8204
vn 0.5512 -0.1533 -0.8202
vn 0.5510 -0.1533 -0.8203
vn 0.7122 0.4389 0.5478
vn 0.7122 0.4388 0.5479
vn 0.7123 0.4388 0.5478
vn 0.7130 0.4388 0.5469
vn -0.7491 -0.3267 -0.5763
vn -0.7492 -0.3272 -0.5759
vn -0.5952 -0.0429 0.8025
vn -0.5948 -0.0429 0.8027
vn -0.7491 0.3289 -0.5750
vn -0.7492 0.3289 -0.5749
vn -0.7488 0.3291 -0.5754
vn -0.7487 0.3289 -0.5755
vn 0.7117 -0.4403 0.5474
vn 0.7115 -0.4407 0.5473
vn 0.7116 -0.4406 0.5473
vn 0.7115 -0.4406 0.5474
vn -0.5949 0.0430 0.8027
vn -0.5947 0.0430 0.8028
vn -0.5949 0.0428 0.8026
vn 0.4531 0.3587 0.8161
vn 0.5096 -0.0000 0.8604
vn 0.9626 -0.0000 0.2709
vn 0.9052 0.3586 0.2283
vn 0.2947 0.6568 0.6941
vn 0.7468 0.6566 0.1061
vn 0.0580 0.8565 0.5128
vn 0.5099 0.8570 -0.0749
vn -0.2262 0.9286 0.2943
vn 0.2260 0.9288 -0.2939
vn -0.5099 0.8570 0.0750
vn -0.0576 0.8564 -0.5130
vn -0.7469 0.6565 -0.1059
vn -0.2940 0.6566 -0.6946
vn -0.9051 0.3586 -0.2283
vn -0.4523 0.3586 -0.8166
vn -0.9622 -0.0000 -0.2722
vn -0.5104 -0.0004 -0.8600
vn -0.9051 -0.3586 -0.2283
vn -0.4524 -0.3585 -0.8166
vn -0.7468 -0.6565 -0.1061
vn -0.2939 -0.6565 -0.6947
vn -0.5102 -0.8568 0.0748
vn -0.0577 -0.8564 -0.5130
vn -0.2261 -0.9286 0.2942
vn 0.2260 -0.9287 -0.2940
vn 0.0579 -0.8564 0.5130
vn 0.5074 -0.8584 -0.0756
vn 0.3489 -0.6748 0.6503
vn 0.7217 -0.6713 0.1688
vn 0.4557 -0.3563 0.8157
vn 0.9052 -0.3584 0.2283
vn -0.7594 0.6465 -0.0733
vn -0.9154 0.3534 -0.1930
vn -0.4208 0.3531 -0.8356
vn -0.2658 0.6478 -0.7140
vn -0.4890 0.8709 0.0501
vn -0.0500 0.8555 -0.5154
vn -0.2475 0.9139 0.3217
vn 0.2475 0.9140 -0.3215
vn 0.0325 0.8432 0.5367
vn 0.5271 0.8431 -0.1063
vn 0.2662 0.6468 0.7147
vn 0.7592 0.6467 0.0732
vn 0.4212 0.3529 0.8355
vn 0.9156 0.3527 0.1931
vn 0.4767 -0.0000 0.8791
vn 0.9719 -0.0001 0.2353
vn 0.4214 -0.3530 0.8354
vn 0.9156 -0.3529 0.1929
vn 0.2660 -0.6467 0.7149
vn 0.7592 -0.6467 0.0738
vn 0.0326 -0.8432 0.5367
vn 0.5270 -0.8432 -0.1063
vn -0.2475 -0.9140 0.3216
vn 0.2475 -0.9140 -0.3215
vn -0.5270 -0.8433 0.1058
vn -0.0327 -0.8432 -0.5366
vn -0.7594 -0.6465 -0.0734
vn -0.2667 -0.6470 -0.7144
vn -0.9156 -0.3530 -0.1927
vn -0.4209 -0.3530 -0.8356
vn -0.9719 -0.0000 -0.2354
vn -0.4776 -0.0001 -0.8786
vn 0.4543 0.3306 -0.8273
vn 0.8100 -0.3436 -0.4752
vn 0.6787 -0.3847 -0.6256
vn 0.5743 0.3355 -0.7468
vn 0.5540 -0.4175 -0.7202
vn 0.6771 0.3100 -0.6674
vn 0.4266 -0.3845 -0.8186
vn 0.7631 0.2386 -0.6007
vn 0.3208 -0.2946 -0.9002
vn 0.8209 0.1305 -0.5559
vn 0.2496 -0.1611 -0.9549
vn 0.8402 -0.0000 -0.5423
vn 0.2230 -0.0000 -0.9748
vn 0.8207 -0.1303 -0.5563
vn 0.2500 0.1613 -0.9547
vn 0.7632 -0.2388 -0.6004
vn 0.3208 0.2945 -0.9002
vn 0.6771 -0.3100 -0.6674
vn 0.4267 0.3845 -0.8186
vn 0.5744 -0.3355 -0.7467
vn 0.5541 0.4177 -0.7201
vn 0.4711 -0.3105 -0.8256
vn 0.6814 0.3844 -0.6228
vn 0.3851 -0.2384 -0.8916
vn 0.7884 0.2938 -0.5404
vn 0.3287 -0.1297 -0.9355
vn 0.8594 0.1614 -0.4852
vn 0.3079 -0.0000 -0.9514
vn 0.8854 0.0001 -0.4649
vn 0.8595 -0.1612 -0.4851
vn 0.3858 0.2387 -0.8912
vn 0.3288 0.1297 -0.9355
vn -0.7630 0.2388 0.6007
vn -0.6863 0.3657 0.6287
vn -0.2562 -0.3575 0.8981
vn -0.8204 0.1303 0.5568
vn -0.2498 -0.1567 0.9555
vn -0.8403 -0.0000 0.5421
vn -0.2233 -0.0000 0.9747
vn -0.2486 0.1612 0.9551
vn -0.4267 -0.3849 0.8184
vn -0.5745 0.3356 0.7465
vn -0.5544 -0.4165 0.7205
vn -0.4712 0.3104 0.8256
vn -0.6818 -0.3854 0.6217
vn -0.3849 0.2384 0.8916
vn -0.7877 -0.2945 0.5412
vn -0.3282 0.1299 0.9357
vn -0.8592 -0.1612 0.4856
vn -0.3081 -0.0000 0.9514
vn -0.8846 -0.0000 0.4663
vn -0.3283 -0.1303 0.9355
vn -0.8592 0.1612 0.4857
vn -0.3847 -0.2386 0.8917
vn -0.7880 0.2943 0.5408
vn -0.4709 -0.3111 0.8255
vn -0.6818 0.3851 0.6219
vn -0.5744 -0.3355 0.7467
vn -0.5542 0.4174 0.7202
vn -0.6771 -0.3100 0.6674
vn -0.4268 0.3848 0.8184
vn -0.7633 -0.2390 0.6002
vn -0.3206 0.2948 0.9002
vn -0.8201 -0.1299 0.5573
vn 0.8027 -0.0000 0.5963
vn 0.5531 0.7247 0.4109
vn -0.0039 1.0000 -0.0029
vn -0.5580 0.7189 -0.4145
vn -0.8028 0.0010 -0.5962
vn -0.5578 -0.7193 -0.4141
vn -0.0034 -1.0000 -0.0025
vn 0.5529 -0.7250 0.4106
vt 1.808100 0.313700
vt 1.817800 0.508800
vt -0.628600 0.508800
vt -0.645300 0.321400
vt -0.660300 0.203200
vt 1.779700 0.187500
vt -0.662400 0.170400
vt 1.764900 0.146400
vt -0.662000 0.140100
vt 1.748400 0.113900
vt -0.661600 0.105900
vt 1.725500 0.076900
vt 1.717500 0.064900
vt 1.681600 0.055800
vt 1.591800 0.045900
vt 1.530600 0.043400
vt -0.648200 0.067500
vt -0.662100 0.067700
vt 1.808100 0.703900
vt -0.645300 0.696200
vt -0.660300 0.814400
vt 1.779700 0.830200
vt -0.662500 0.847200
vt 1.764800 0.871200
vt -0.662100 0.877500
vt 1.748400 0.903700
vt -0.661600 0.911700
vt 1.725500 0.940700
vt -0.648200 0.950100
vt -0.662200 0.949900
vt 1.717400 0.952700
vt 1.681600 0.961800
vt 1.591700 0.971700
vt 1.530500 0.974200
vt 0.999800 0.018200
vt 1.000000 0.994100
vt 0.373700 0.994200
vt 0.372800 0.018500
vt 0.204200 0.993900
vt 0.200600 0.018600
vt 0.077100 0.993500
vt 0.078300 0.018800
vt 0.007700 0.994000
vt 0.007300 0.016700
vt 0.000200 0.007900
vt 0.634500 0.008100
vt 0.633600 0.998400
vt -0.000000 0.998300
vt 0.806700 0.008300
vt 0.803200 0.998200
vt 0.929000 0.008500
vt 0.930200 0.997700
vt 1.000000 0.008700
vt 0.999600 0.998200
vt 0.300000 0.256400
vt 0.300000 0.393000
vt 0.152800 0.393000
vt 0.152800 0.256400
vt 0.300100 0.140900
vt 0.152900 0.141000
vt 0.152900 0.004300
vt 0.300000 0.004300
vt 0.299900 0.245700
vt 0.152600 0.245800
vt 0.152600 0.151400
vt 0.299800 0.151300
vt 0.142200 0.245500
vt 0.005600 0.245400
vt 0.005600 0.151300
vt 0.142100 0.151200
vt 0.446700 0.245400
vt 0.310200 0.245500
vt 0.310100 0.151300
vt 0.446700 0.151300
vt 0.303800 0.247800
vt 0.306500 0.247700
vt 0.307900 0.249300
vt 0.307500 0.252000
vt 0.303900 0.254100
vt 0.304800 0.252300
vt 0.302200 0.252500
vt 0.302800 0.249600
vt 0.302100 0.249600
vt 0.145200 0.252000
vt 0.148900 0.254100
vt 0.144600 0.249200
vt 0.145900 0.247700
vt 0.148600 0.247800
vt 0.149600 0.249700
vt 0.150500 0.249800
vt 0.150600 0.252600
vt 0.302700 0.147200
vt 0.302100 0.147400
vt 0.302200 0.144600
vt 0.307100 0.144800
vt 0.303900 0.143200
vt 0.307700 0.147500
vt 0.306400 0.149100
vt 0.303800 0.149100
vt 0.146400 0.144000
vt 0.144400 0.147400
vt 0.149100 0.143400
vt 0.150700 0.144700
vt 0.150600 0.147400
vt 0.148600 0.148400
vt 0.148600 0.149200
vt 0.145800 0.149100
vt 0.446500 0.249200
vt 0.446400 0.252100
vt 0.303900 0.393000
vt 0.005900 0.252100
vt 0.148900 0.392900
vt 0.005700 0.249300
vt 0.146100 0.004700
vt 0.005600 0.147300
vt 0.149000 0.004400
vt 0.446400 0.144700
vt 0.303900 0.004400
vt 0.446600 0.147400
vt 0.541000 0.759300
vt 0.549700 0.760800
vt 0.580900 0.720800
vt 0.500700 0.728700
vt 0.634400 0.761000
vt 0.447800 0.688400
vt 0.633300 0.761600
vt 0.602200 0.801400
vt 0.482500 0.836300
vt 0.486000 0.844500
vt 0.539500 0.883800
vt 0.389300 0.765400
vt 0.509800 0.924700
vt 0.456200 0.885400
vt 0.442200 0.805700
vt 0.542600 0.771100
vt 0.595600 0.811400
vt 0.547200 0.875000
vt 0.494200 0.834700
vt 0.605400 0.818900
vt 0.436000 0.690000
vt 0.645700 0.849500
vt 0.387700 0.753700
vt 0.597200 0.913100
vt 0.557000 0.882400
vt 0.438900 0.688400
vt 0.640300 0.767700
vt 0.647700 0.846900
vt 0.635900 0.764000
vt 0.387600 0.762600
vt 0.512700 0.926700
vt 0.386800 0.756900
vt 0.517700 0.930000
vt 0.595200 0.915700
vt 0.542600 0.762200
vt 0.547700 0.763500
vt 0.543400 0.767900
vt 0.544300 0.768300
vt 0.491400 0.836400
vt 0.492100 0.837300
vt 0.485700 0.837200
vt 0.488300 0.841800
vt 0.603400 0.804800
vt 0.607400 0.808700
vt 0.605800 0.815100
vt 0.606000 0.810800
vt 0.603900 0.815400
vt 0.599700 0.811200
vt 0.599300 0.812000
vt 0.598900 0.809700
vt 0.601900 0.805000
vt 0.548100 0.886500
vt 0.553600 0.883800
vt 0.543100 0.883900
vt 0.542700 0.882500
vt 0.546400 0.878500
vt 0.548300 0.879100
vt 0.548700 0.878400
vt 0.549500 0.885000
vt 0.553300 0.881900
vt 0.736500 0.314600
vt 0.745700 0.268800
vt 0.735200 0.319400
vt 0.744600 0.273800
vt 0.725200 0.316200
vt 0.732800 0.275300
vt 0.726500 0.311000
vt 0.747300 0.279000
vt 0.735300 0.280600
vt 0.749000 0.287000
vt 0.752400 0.279200
vt 0.737200 0.286000
vt 0.747900 0.295200
vt 0.756700 0.276400
vt 0.737000 0.291500
vt 0.744600 0.301800
vt 0.757800 0.271300
vt 0.734700 0.296600
vt 0.740900 0.306500
vt 0.755000 0.267000
vt 0.731400 0.301300
vt 0.738200 0.310400
vt 0.750000 0.266000
vt 0.728400 0.306000
vt 0.719400 0.314600
vt 0.723300 0.276100
vt 0.720300 0.309400
vt 0.725100 0.281500
vt 0.725800 0.286400
vt 0.725500 0.290100
vt 0.724400 0.293800
vt 0.722800 0.298500
vt 0.721300 0.304000
vt 0.715100 0.314100
vt 0.715500 0.275800
vt 0.715700 0.309300
vt 0.714900 0.280600
vt 0.713400 0.285000
vt 0.712200 0.289700
vt 0.712300 0.294600
vt 0.713600 0.299300
vt 0.715100 0.304300
vt 0.675000 0.314500
vt 0.674300 0.274400
vt 0.674700 0.309500
vt 0.674400 0.279500
vt 0.674000 0.284600
vt 0.673500 0.289800
vt 0.673200 0.294800
vt 0.673500 0.299900
vt 0.674100 0.304800
vt 0.592200 0.314700
vt 0.591500 0.274500
vt 0.591900 0.309800
vt 0.591800 0.279600
vt 0.592000 0.284700
vt 0.592000 0.289800
vt 0.591900 0.294900
vt 0.591700 0.299900
vt 0.591700 0.304900
vt 0.488500 0.314900
vt 0.488100 0.274900
vt 0.488300 0.309900
vt 0.488300 0.279900
vt 0.488700 0.284800
vt 0.489100 0.289800
vt 0.489200 0.295000
vt 0.489000 0.300100
vt 0.488500 0.305000
vt 0.482000 0.314900
vt 0.482700 0.275200
vt 0.481800 0.309700
vt 0.482600 0.280200
vt 0.483000 0.285200
vt 0.483500 0.290200
vt 0.483600 0.295100
vt 0.483200 0.300000
vt 0.482300 0.304800
vt 0.476400 0.314600
vt 0.479100 0.275100
vt 0.475900 0.309200
vt 0.478600 0.280200
vt 0.478400 0.285400
vt 0.478200 0.290600
vt 0.477700 0.295400
vt 0.477000 0.299700
vt 0.476200 0.304200
vt 0.472500 0.314300
vt 0.477600 0.274800
vt 0.470500 0.309100
vt 0.477100 0.280000
vt 0.475800 0.285100
vt 0.473600 0.289900
vt 0.471100 0.294400
vt 0.469400 0.299000
vt 0.469200 0.304000
vt 0.467000 0.314500
vt 0.473900 0.274000
vt 0.465900 0.309200
vt 0.473000 0.279100
vt 0.471700 0.284100
vt 0.469800 0.288800
vt 0.467500 0.293400
vt 0.465800 0.298400
vt 0.465200 0.303800
vt 0.463500 0.314300
vt 0.471400 0.273400
vt 0.462800 0.308900
vt 0.470500 0.278500
vt 0.469100 0.283300
vt 0.467100 0.288000
vt 0.464900 0.292700
vt 0.463100 0.297800
vt 0.462400 0.303300
vt 0.461100 0.314200
vt 0.469400 0.273000
vt 0.976900 0.409500
vt 0.460500 0.308700
vt 0.976200 0.414600
vt 0.468500 0.278000
vt 0.981000 0.406400
vt 0.467200 0.282700
vt 0.986100 0.407100
vt 0.465100 0.287200
vt 0.989100 0.411200
vt 0.462800 0.291800
vt 0.988500 0.416300
vt 0.460900 0.297100
vt 0.984400 0.419300
vt 0.460100 0.302900
vt 0.979300 0.418700
vt 0.937100 0.057400
vt 0.944100 0.090900
vt 0.938000 0.091800
vt 0.926700 0.059600
vt 0.893700 0.081300
vt 0.898800 0.115100
vt 0.866200 0.120100
vt 0.861100 0.086300
vt 0.900200 0.124300
vt 0.901100 0.129800
vt 0.868400 0.134800
vt 0.867600 0.129300
vt 0.930000 0.090000
vt 0.822700 0.110200
vt 0.823000 0.076100
vt 0.829700 0.105800
vt 0.892400 0.072500
vt 0.859700 0.077400
vt 0.930100 0.092500
vt 0.930000 0.095400
vt 0.901100 0.114400
vt 0.900400 0.079300
vt 0.896000 0.081000
vt 0.902100 0.077200
vt 0.897500 0.071000
vt 0.894900 0.072200
vt 0.893800 0.066800
vt 0.896500 0.066300
vt 0.944500 0.093400
vt 0.944900 0.096100
vt 0.903500 0.129300
vt 0.939200 0.096900
vt 0.902500 0.123600
vt 0.938600 0.094200
vt 0.852000 0.084900
vt 0.854400 0.086300
vt 0.858800 0.086700
vt 0.831400 0.111000
vt 0.863800 0.120100
vt 0.830400 0.108300
vt 0.822800 0.112700
vt 0.823200 0.115500
vt 0.865300 0.129300
vt 0.817400 0.116500
vt 0.866000 0.135000
vt 0.816900 0.113700
vt 0.854500 0.077600
vt 0.857300 0.077800
vt 0.903700 0.075500
vt 0.899700 0.070000
vt 0.898800 0.065800
vt 0.849900 0.083700
vt 0.816500 0.111300
vt 0.891600 0.067200
vt 0.852100 0.077300
vt 0.851600 0.073000
vt 0.812500 0.077200
vt 0.858900 0.072100
vt 0.856700 0.072400
vt 0.853900 0.072700
vt 0.923600 0.025700
vt 0.929600 0.023900
vt 0.889400 0.053100
vt 0.856800 0.057900
vt 0.851800 0.024000
vt 0.884500 0.019200
vt 0.883200 0.010100
vt 0.850500 0.014800
vt 0.849700 0.009300
vt 0.882400 0.004500
vt 0.917100 0.030700
vt 0.815300 0.042900
vt 0.823100 0.045600
vt 0.890700 0.061900
vt 0.858100 0.066700
vt 0.916200 0.028400
vt 0.897200 0.053900
vt 0.894700 0.052800
vt 0.891700 0.052800
vt 0.914900 0.025700
vt 0.886900 0.019300
vt 0.895600 0.061500
vt 0.892900 0.061500
vt 0.928900 0.021600
vt 0.923200 0.023300
vt 0.922600 0.020500
vt 0.885500 0.010100
vt 0.928100 0.018900
vt 0.884800 0.004300
vt 0.849300 0.061300
vt 0.823200 0.043000
vt 0.823600 0.040200
vt 0.849600 0.024700
vt 0.851400 0.059400
vt 0.854500 0.058200
vt 0.814900 0.040400
vt 0.808900 0.040700
vt 0.808800 0.037800
vt 0.847300 0.009800
vt 0.814700 0.037600
vt 0.848300 0.015400
vt 0.855800 0.067000
vt 0.853300 0.067900
vt 0.899300 0.054800
vt 0.897900 0.061500
vt 0.847600 0.062900
vt 0.809100 0.043200
vt 0.851100 0.068700
vt 0.865600 0.864200
vt 0.841400 0.902000
vt 0.825500 0.894400
vt 0.850900 0.854800
vt 0.869200 0.868000
vt 0.871300 0.871000
vt 0.851500 0.902800
vt 0.846900 0.902900
vt 0.863000 0.659700
vt 0.861400 0.660900
vt 0.856500 0.660900
vt 0.775100 0.661200
vt 0.774000 0.660200
vt 0.775600 0.636600
vt 0.777100 0.635300
vt 0.863000 0.635000
vt 0.864300 0.636100
vt 0.958600 0.806900
vt 0.940300 0.806900
vt 0.940200 0.803900
vt 0.958300 0.804000
vt 0.934300 0.806800
vt 0.935100 0.803800
vt 0.928300 0.806300
vt 0.930000 0.803800
vt 0.922400 0.805600
vt 0.924900 0.803700
vt 0.918900 0.805200
vt 0.921500 0.803700
vt 0.916000 0.803600
vt 0.918200 0.802100
vt 0.913100 0.800400
vt 0.915200 0.798800
vt 0.911900 0.797300
vt 0.913800 0.795500
vt 0.911700 0.770600
vt 0.588600 0.369600
vt 0.913600 0.770100
vt 0.590400 0.371000
vt 0.630900 0.340800
vt 0.630600 0.343400
vt 0.633700 0.339000
vt 0.633900 0.341600
vt 0.637700 0.337600
vt 0.638300 0.340300
vt 0.641000 0.337300
vt 0.641800 0.340200
vt 0.643500 0.338200
vt 0.643900 0.341200
vt 0.648700 0.340400
vt 0.648400 0.343300
vt 0.653100 0.342400
vt 0.652000 0.345100
vt 0.658300 0.345100
vt 0.656700 0.347400
vt 0.674500 0.352700
vt 0.673100 0.355000
vt 0.700800 0.364600
vt 0.570700 0.349600
vt 0.699700 0.367100
vt 0.569500 0.347200
vt 0.940200 0.798800
vt 0.958300 0.798800
vt 0.935100 0.798700
vt 0.930100 0.798600
vt 0.925000 0.798600
vt 0.922600 0.798500
vt 0.920900 0.797800
vt 0.919100 0.795800
vt 0.918400 0.794100
vt 0.918300 0.769800
vt 0.593300 0.374900
vt 0.632700 0.347600
vt 0.634700 0.346800
vt 0.637700 0.346000
vt 0.639700 0.346000
vt 0.641300 0.346400
vt 0.645900 0.348400
vt 0.649500 0.350300
vt 0.654200 0.352700
vt 0.670700 0.360400
vt 0.697200 0.372500
vt 0.566900 0.341900
vt 0.940900 0.797700
vt 0.958700 0.797900
vt 0.935400 0.797400
vt 0.930000 0.797200
vt 0.924500 0.797200
vt 0.922200 0.797100
vt 0.921100 0.796500
vt 0.919900 0.794700
vt 0.919600 0.793600
vt 0.919800 0.769800
vt 0.971300 0.163700
vt 0.594000 0.376200
vt 0.919700 0.770300
vt 0.970800 0.163100
vt 0.633200 0.349000
vt 0.634600 0.348300
vt 0.637100 0.347400
vt 0.638800 0.347200
vt 0.640500 0.347400
vt 0.645300 0.349500
vt 0.649200 0.351600
vt 0.654200 0.354000
vt 0.670500 0.361300
vt 0.696700 0.373300
vt 0.566300 0.341100
vt 0.925500 0.770400
vt 0.968500 0.157600
vt 0.938700 0.162200
vt 0.958700 0.772000
vt 0.954300 0.153600
vt 0.954200 0.155300
vt 0.938600 0.163900
vt 0.959700 0.770700
vt 0.959600 0.152900
vt 0.959400 0.154600
vt 0.964400 0.154200
vt 0.964100 0.155900
vt 0.968000 0.159300
vt 0.970100 0.164400
vt 0.970300 0.164600
vt 0.594700 0.377400
vt 0.633700 0.350300
vt 0.634600 0.349700
vt 0.636400 0.348700
vt 0.637700 0.348400
vt 0.639200 0.348500
vt 0.644200 0.350700
vt 0.648400 0.353100
vt 0.653900 0.355700
vt 0.670700 0.363000
vt 0.696100 0.374500
vt 0.565700 0.339900
vt 0.852500 0.852700
vt 0.867300 0.862800
vt 0.866400 0.863400
vt 0.851800 0.853700
vt 0.871200 0.867000
vt 0.870200 0.867100
vt 0.874200 0.871500
vt 0.873100 0.871100
vt 0.853200 0.905100
vt 0.852400 0.904200
vt 0.846700 0.905100
vt 0.846400 0.904100
vt 0.840700 0.904300
vt 0.840900 0.903300
vt 0.824400 0.896700
vt 0.824900 0.895700
vt 0.800000 0.881100
vt 0.855700 0.977100
vt 0.800600 0.880200
vt 0.855900 0.976000
vt 0.851400 0.854200
vt 0.866000 0.863700
vt 0.869700 0.867500
vt 0.872200 0.871000
vt 0.851900 0.903500
vt 0.846600 0.903500
vt 0.841100 0.902700
vt 0.825100 0.895100
vt 0.800900 0.879600
vt 0.856100 0.975300
vt 0.801200 0.878900
vt 0.856300 0.974600
vt 0.826700 0.839200
vt 0.863600 0.928000
vt 0.987500 0.804100
vt 0.683400 0.670700
vt 0.987500 0.806900
vt 0.683500 0.673500
vt 0.987600 0.798800
vt 0.683200 0.665500
vt 0.987600 0.797900
vt 0.683200 0.664600
vt 0.987600 0.772000
vt 0.683100 0.638700
vt 0.987600 0.770700
vt 0.683100 0.637400
vt 0.827600 0.838100
vt 0.863700 0.926600
vt 0.828200 0.837200
vt 0.863900 0.925500
vt 0.827200 0.838600
vt 0.863700 0.927300
vt 0.818000 0.920800
vt 0.827800 0.970100
vt 0.810900 0.965100
vt 0.835200 0.923500
vt 0.812800 0.921200
vt 0.802800 0.959000
vt 0.809200 0.922100
vt 0.806200 0.962100
vt 0.976500 0.916400
vt 0.970000 0.914700
vt 0.974900 0.915000
vt 0.888900 0.908700
vt 0.887600 0.933200
vt 0.887700 0.909600
vt 0.889000 0.934700
vt 0.976000 0.940000
vt 0.974700 0.941000
vt 0.712400 0.673500
vt 0.730500 0.669200
vt 0.730500 0.672200
vt 0.712500 0.670600
vt 0.735600 0.669000
vt 0.736500 0.671900
vt 0.740700 0.668800
vt 0.742400 0.671300
vt 0.745800 0.668700
vt 0.748200 0.670700
vt 0.749100 0.668800
vt 0.751600 0.670400
vt 0.752400 0.667400
vt 0.754700 0.669000
vt 0.755600 0.664200
vt 0.757600 0.665900
vt 0.757200 0.661000
vt 0.759100 0.662900
vt 0.758800 0.635700
vt 0.462000 0.343600
vt 0.760600 0.636300
vt 0.460100 0.345000
vt 0.501100 0.372700
vt 0.501400 0.375400
vt 0.504400 0.374600
vt 0.504300 0.377200
vt 0.508900 0.375900
vt 0.508300 0.378600
vt 0.512400 0.375900
vt 0.511700 0.378800
vt 0.514500 0.374900
vt 0.514200 0.377800
vt 0.518900 0.372600
vt 0.519400 0.375500
vt 0.522500 0.370700
vt 0.523700 0.373400
vt 0.527100 0.368300
vt 0.528800 0.370500
vt 0.543300 0.360100
vt 0.544800 0.362400
vt 0.730300 0.664000
vt 0.712400 0.665500
vt 0.735500 0.663800
vt 0.740600 0.663700
vt 0.745700 0.663600
vt 0.748100 0.663600
vt 0.749900 0.663000
vt 0.751800 0.661100
vt 0.752500 0.659400
vt 0.754400 0.635100
vt 0.465000 0.339800
vt 0.503300 0.368600
vt 0.505200 0.369500
vt 0.508200 0.370200
vt 0.510200 0.370200
vt 0.511800 0.369700
vt 0.516300 0.367600
vt 0.519800 0.365600
vt 0.524500 0.363100
vt 0.540700 0.354900
vt 0.729700 0.663000
vt 0.712000 0.664600
vt 0.735200 0.662600
vt 0.740700 0.662300
vt 0.746200 0.662200
vt 0.748600 0.662200
vt 0.749700 0.661600
vt 0.751000 0.660000
vt 0.751400 0.658900
vt 0.753100 0.635000
vt 0.776200 0.266000
vt 0.465700 0.338500
vt 0.753100 0.635600
vt 0.776900 0.266300
vt 0.503800 0.367200
vt 0.505200 0.368000
vt 0.507700 0.368800
vt 0.509300 0.369000
vt 0.511000 0.368700
vt 0.515700 0.366500
vt 0.519600 0.364300
vt 0.524500 0.361800
vt 0.540500 0.353900
vt 0.747300 0.635200
vt 0.782800 0.266700
vt 0.035600 0.993500
vt 0.712000 0.638700
vt 0.019200 0.989500
vt 0.018700 0.987900
vt 0.036000 0.995100
vt 0.711000 0.637400
vt 0.013900 0.989700
vt 0.013400 0.988000
vt 0.009300 0.991500
vt 0.787600 0.268900
vt 0.008900 0.989900
vt 0.005600 0.995200
vt 0.781500 0.267700
vt 0.775900 0.267400
vt 0.775600 0.267200
vt 0.466400 0.337300
vt 0.504400 0.366000
vt 0.505200 0.366600
vt 0.507000 0.367500
vt 0.508200 0.367800
vt 0.509700 0.367700
vt 0.514500 0.365300
vt 0.518700 0.362800
vt 0.524100 0.360100
vt 0.540600 0.352200
vt 0.835400 0.921000
vt 0.817900 0.919600
vt 0.817700 0.918600
vt 0.835300 0.922100
vt 0.812600 0.919900
vt 0.811900 0.919100
vt 0.807800 0.921000
vt 0.806700 0.920600
vt 0.801200 0.959500
vt 0.800000 0.959600
vt 0.805600 0.963500
vt 0.804700 0.964100
vt 0.810500 0.966300
vt 0.810000 0.967200
vt 0.827500 0.971400
vt 0.827200 0.972500
vt 0.835200 0.922800
vt 0.818000 0.920200
vt 0.812800 0.920600
vt 0.808500 0.921500
vt 0.802100 0.959300
vt 0.806000 0.962800
vt 0.810700 0.965700
vt 0.827700 0.970800
vt 0.915400 0.752500
vt 0.969400 0.737700
vt 0.977500 0.731800
vt 0.966100 0.021500
vt 0.978700 0.735700
vt 0.911700 0.743400
vt 0.968300 0.025200
vt 0.996500 0.728900
vt 0.924600 0.730500
vt 0.987600 0.733000
vt 0.915500 0.734300
vt 0.962800 0.007800
vt 0.973500 0.033600
vt 0.985900 0.729100
vt 0.963100 0.012000
vt 0.935200 0.730300
vt 0.336900 0.766300
vt 0.933700 0.734300
vt 0.339700 0.769600
vt 0.328900 0.743800
vt 0.933700 0.752600
vt 0.952300 0.738200
vt 0.942800 0.736700
vt 0.937500 0.743400
vt 0.331200 0.753400
vt 0.943800 0.732700
vt 0.332300 0.757600
vt 0.924500 0.756300
vt 0.960800 0.738500
vt 0.960300 0.719300
vt 0.967500 0.718700
vt 0.974700 0.717300
vt 0.981400 0.715500
vt 0.987300 0.713500
vt 0.933400 0.714700
vt 0.939200 0.716600
vt 0.946000 0.718100
vt 0.953200 0.719000
vt 0.989500 0.005300
vt 0.991500 0.011700
vt 0.357100 0.746400
vt 0.360200 0.752300
vt 0.992100 0.012600
vt 0.989400 0.004300
vt 0.995500 0.018200
vt 0.360900 0.753100
vt 0.355200 0.738900
vt 0.356800 0.745400
vt 0.613300 0.964700
vt 0.628900 0.960100
vt 0.387900 0.954700
vt 0.629600 0.962800
vt 0.387000 0.957400
vt 0.614000 0.966600
vt 0.598500 0.968800
vt 0.599300 0.970700
vt 0.583800 0.972300
vt 0.584500 0.974200
vt 0.568400 0.975200
vt 0.569200 0.977100
vt 0.553100 0.977300
vt 0.553700 0.979300
vt 0.538100 0.978700
vt 0.538700 0.980700
vt 0.523200 0.979300
vt 0.523600 0.981400
vt 0.507700 0.978800
vt 0.508100 0.980900
vt 0.492200 0.978300
vt 0.492500 0.980500
vt 0.477300 0.976900
vt 0.477500 0.979000
vt 0.462500 0.974900
vt 0.462600 0.977000
vt 0.447200 0.972100
vt 0.447200 0.974300
vt 0.432000 0.969000
vt 0.431900 0.971100
vt 0.417400 0.965100
vt 0.417200 0.967100
vt 0.403000 0.960400
vt 0.402500 0.962300
vt 0.419400 0.960400
vt 0.405500 0.955800
vt 0.406500 0.953900
vt 0.402000 0.967500
vt 0.420300 0.958400
vt 0.416400 0.972000
vt 0.433600 0.964100
vt 0.434300 0.962000
vt 0.431000 0.976000
vt 0.448500 0.967100
vt 0.449100 0.965000
vt 0.446400 0.979200
vt 0.463400 0.969800
vt 0.464000 0.967700
vt 0.461900 0.982000
vt 0.478000 0.971800
vt 0.478600 0.969600
vt 0.477000 0.984000
vt 0.492700 0.973100
vt 0.493200 0.970900
vt 0.492300 0.985400
vt 0.508000 0.973700
vt 0.508300 0.971500
vt 0.508000 0.986000
vt 0.523200 0.974200
vt 0.523500 0.972000
vt 0.523800 0.986300
vt 0.538000 0.973500
vt 0.538100 0.971300
vt 0.539100 0.985700
vt 0.552600 0.972100
vt 0.552700 0.969900
vt 0.554400 0.984300
vt 0.567700 0.970000
vt 0.567600 0.967900
vt 0.570000 0.982000
vt 0.582700 0.967300
vt 0.582500 0.965100
vt 0.585500 0.979000
vt 0.597000 0.964000
vt 0.596600 0.961900
vt 0.600200 0.975500
vt 0.611100 0.960100
vt 0.610500 0.958000
vt 0.614400 0.971600
vt 0.625100 0.954800
vt 0.392100 0.949800
vt 0.624300 0.952800
vt 0.393000 0.947900
vt 0.629000 0.968900
vt 0.387300 0.963900
vt 0.430800 0.974500
vt 0.416800 0.968300
vt 0.431400 0.972500
vt 0.446300 0.977600
vt 0.446700 0.975700
vt 0.461700 0.980400
vt 0.462100 0.978400
vt 0.476800 0.982500
vt 0.477100 0.980500
vt 0.491900 0.983900
vt 0.492100 0.981900
vt 0.507600 0.984500
vt 0.507800 0.982400
vt 0.523300 0.984800
vt 0.523400 0.982800
vt 0.538600 0.984200
vt 0.538500 0.982200
vt 0.553700 0.982800
vt 0.553600 0.980800
vt 0.569300 0.980600
vt 0.569100 0.978600
vt 0.584800 0.977700
vt 0.584500 0.975700
vt 0.599500 0.974200
vt 0.599300 0.972100
vt 0.614000 0.970200
vt 0.613900 0.968000
vt 0.629100 0.967400
vt 0.387000 0.962200
vt 0.629500 0.964800
vt 0.386800 0.959500
vt 0.402300 0.963800
vt 0.416400 0.970500
vt 0.402000 0.965900
vt 0.419000 0.961800
vt 0.433100 0.965400
vt 0.418200 0.964100
vt 0.404900 0.957200
vt 0.403800 0.959200
vt 0.626400 0.956100
vt 0.391000 0.951000
vt 0.628000 0.958200
vt 0.389200 0.953000
vt 0.612900 0.963400
vt 0.432600 0.967700
vt 0.448200 0.968600
vt 0.447800 0.970700
vt 0.463400 0.971400
vt 0.463000 0.973400
vt 0.478100 0.973300
vt 0.477800 0.975400
vt 0.492800 0.974700
vt 0.492600 0.976800
vt 0.508100 0.975200
vt 0.508000 0.977300
vt 0.523500 0.975700
vt 0.523500 0.977800
vt 0.538300 0.975000
vt 0.538400 0.977100
vt 0.553000 0.973700
vt 0.553200 0.975800
vt 0.568200 0.971500
vt 0.568500 0.973600
vt 0.583200 0.968700
vt 0.583700 0.970800
vt 0.597700 0.965400
vt 0.598300 0.967400
vt 0.612000 0.961500
vt 0.959600 0.693300
vt 0.964700 0.692800
vt 0.970200 0.691600
vt 0.975800 0.689900
vt 0.981600 0.688400
vt 0.938000 0.689800
vt 0.943500 0.691200
vt 0.949100 0.692500
vt 0.954500 0.693200
s 1
usemtl TractorGrill
f 1/1/1 2/2/2 3/3/2
f 3/3/2 4/4/3 1/1/1
f 5/5/4 6/6/5 1/1/1
f 1/1/1 4/4/3 5/5/4
f 7/7/6 8/8/7 6/6/5
f 6/6/5 5/5/4 7/7/6
f 9/9/8 10/10/9 8/8/7
f 8/8/7 7/7/6 9/9/8
f 11/11/10 12/12/11 10/10/9
f 10/10/9 9/9/8 11/11/10
f 13/13/12 12/12/11 11/11/10
f 14/14/13 13/13/12 11/11/10
f 15/15/14 14/14/13 11/11/10
f 16/16/15 15/15/14 11/11/10
f 17/17/16 16/16/15 11/11/10
f 17/17/16 11/11/10 18/18/17
f 19/19/18 20/20/19 3/3/2
f 3/3/2 2/2/2 19/19/18
f 21/21/20 20/20/19 19/19/18
f 19/19/18 22/22/21 21/21/20
f 23/23/22 21/21/20 22/22/21
f 22/22/21 24/24/23 23/23/22
f 25/25/24 23/23/22 24/24/23
f 24/24/23 26/26/25 25/25/24
f 27/27/26 25/25/24 26/26/25
f 26/26/25 28/28/27 27/27/26
f 29/29/28 30/30/29 27/27/26
f 27/27/26 28/28/27 31/31/30
f 27/27/26 31/31/30 32/32/31
f 27/27/26 32/32/31 33/33/32
f 27/27/26 33/33/32 34/34/33
f 29/29/28 27/27/26 34/34/33
usemtl light
f 35/35/34 36/36/35 37/37/36
f 37/37/36 38/38/37 35/35/34
f 38/38/37 37/37/36 39/39/38
f 39/39/38 40/40/39 38/38/37
f 40/40/39 39/39/38 41/41/40
f 41/41/40 42/42/41 40/40/39
f 42/42/41 41/41/40 43/43/42
f 43/43/42 44/44/43 42/42/41
f 45/45/44 46/46/45 47/47/46
f 47/47/46 48/48/47 45/45/44
f 46/46/45 49/49/48 50/50/49
f 50/50/49 47/47/46 46/46/45
f 49/49/48 51/51/50 52/52/51
f 52/52/51 50/50/49 49/49/48
f 51/51/50 53/53/52 54/54/53
f 54/54/53 52/52/51 51/51/50
usemtl engine
f 55/55/54 56/56/55 57/57/56
f 57/57/56 58/58/57 55/55/54
f 59/59/58 60/60/59 61/61/60
f 61/61/60 62/62/61 59/59/58
f 63/63/62 64/64/63 65/65/64
f 65/65/64 66/66/65 63/63/62
f 67/67/66 68/68/67 69/69/68
f 69/69/68 70/70/69 67/67/66
f 71/71/70 72/72/71 73/73/72
f 73/73/72 74/74/73 71/71/70
f 75/75/74 76/76/75 77/77/76
f 77/77/76 78/78/77 79/80/78
f 75/75/74 77/77/76 79/80/78
f 80/82/79 75/75/74 79/80/78
f 81/84/80 82/86/81 83/87/82
f 83/87/82 84/88/83 85/89/84
f 81/84/80 83/87/82 85/89/84
f 86/91/85 81/85/80 85/90/84
f 87/93/86 88/94/87 89/96/88
f 89/95/88 90/97/89 91/98/90
f 87/92/86 89/95/88 91/98/90
f 92/99/91 87/92/86 91/98/90
f 93/100/92 94/102/93 95/103/94
f 95/103/94 96/104/95 97/105/96
f 93/100/92 95/103/94 97/105/96
f 98/107/97 93/101/92 97/106/96
f 78/78/77 77/77/76 99/108/98
f 99/108/98 100/109/99 78/78/77
f 101/111/100 102/113/101 82/86/81
f 82/86/81 81/84/80 101/111/100
f 86/91/85 85/90/84 80/83/79
f 80/83/79 79/81/78 86/91/85
f 88/94/87 87/93/86 96/104/95
f 96/104/95 95/103/94 88/94/87
f 94/102/93 93/100/92 103/114/102
f 103/114/102 104/116/103 94/102/93
f 105/117/104 106/119/105 90/97/89
f 90/97/89 89/95/88 105/117/104
f 84/88/83 83/87/82 98/107/97
f 98/107/97 97/106/96 84/88/83
f 92/99/91 91/98/90 76/76/75
f 76/76/75 75/75/74 92/99/91
f 75/75/74 80/82/79 63/63/62
f 81/85/80 86/91/85 58/58/57
f 66/66/65 87/92/86 92/99/91
f 93/101/92 98/107/97 70/70/69
f 76/76/75 72/72/71 77/77/76
f 79/81/78 78/79/77 55/55/54
f 82/86/81 67/67/66 83/87/82
f 85/89/84 84/88/83 64/64/63
f 88/94/87 59/59/58 89/96/88
f 91/98/90 90/97/89 73/73/72
f 94/102/93 60/60/59 95/103/94
f 65/65/64 97/105/96 96/104/95
f 55/55/54 78/79/77 100/110/99
f 100/110/99 56/56/55 55/55/54
f 57/57/56 101/112/100 81/85/80
f 81/85/80 58/58/57 57/57/56
f 58/58/57 86/91/85 79/81/78
f 79/81/78 55/55/54 58/58/57
f 59/59/58 88/94/87 95/103/94
f 95/103/94 60/60/59 59/59/58
f 60/60/59 94/102/93 104/116/103
f 104/116/103 61/61/60 60/60/59
f 62/62/61 105/118/104 89/96/88
f 89/96/88 59/59/58 62/62/61
f 64/64/63 84/88/83 97/106/96
f 97/106/96 65/65/64 64/64/63
f 66/66/65 92/99/91 75/75/74
f 75/75/74 63/63/62 66/66/65
f 77/77/76 72/72/71 71/71/70
f 71/71/70 99/108/98 77/77/76
f 102/113/101 68/68/67 67/67/66
f 67/67/66 82/86/81 102/113/101
f 85/90/84 64/64/63 63/63/62
f 63/63/62 80/83/79 85/90/84
f 87/93/86 66/66/65 65/65/64
f 65/65/64 96/104/95 87/93/86
f 93/101/92 70/70/69 69/69/68
f 69/69/68 103/115/102 93/101/92
f 106/119/105 74/74/73 73/73/72
f 73/73/72 90/97/89 106/119/105
f 83/87/82 67/67/66 70/70/69
f 70/70/69 98/107/97 83/87/82
f 91/98/90 73/73/72 72/72/71
f 72/72/71 76/76/75 91/98/90
f 107/121/106 108/122/107 109/126/108
f 109/126/108 110/127/109 107/121/106
f 111/129/110 112/130/111 113/132/112
f 113/132/112 114/133/13 111/129/110
f 115/135/113 116/136/114 117/137/115
f 117/137/115 118/138/116 115/135/113
f 119/139/117 120/141/118 121/143/119
f 121/143/119 122/144/120 119/139/117
f 123/146/121 124/148/121 109/124/121
f 109/125/121 108/123/121 114/134/121
f 114/134/121 113/131/121 125/149/121
f 125/149/121 126/151/121 121/142/121
f 114/134/121 125/149/121 121/142/121
f 109/125/121 114/134/121 121/142/121
f 123/145/121 109/125/121 121/142/121
f 120/140/121 123/145/121 121/142/121
f 108/123/122 107/120/122 127/154/122
f 127/154/122 128/156/122 115/135/122
f 108/123/122 127/154/122 115/135/122
f 115/135/122 118/138/122 129/158/122
f 129/158/122 130/160/122 111/128/122
f 115/135/122 129/158/122 111/128/122
f 108/123/122 115/135/122 111/128/122
f 108/123/122 111/128/122 114/134/122
f 131/162/123 132/163/124 133/165/125
f 133/165/125 134/167/126 135/169/127
f 131/162/123 133/165/125 135/169/127
f 136/170/128 131/162/123 135/169/127
f 137/171/129 138/173/130 139/174/131
f 139/174/131 140/175/132 141/176/133
f 137/171/129 139/174/131 141/176/133
f 142/178/134 137/171/129 141/176/133
f 124/148/100 123/146/135 132/163/124
f 132/163/124 131/162/123 124/148/100
f 136/170/128 135/169/127 128/157/136
f 128/157/136 127/155/137 136/170/128
f 130/161/138 129/159/139 140/175/132
f 140/175/132 139/174/131 130/161/138
f 138/173/130 137/171/129 126/152/140
f 126/152/140 125/150/141 138/173/130
f 134/168/126 133/166/125 142/179/134
f 142/179/134 141/177/133 134/168/126
f 131/162/123 136/170/128 110/127/109
f 137/172/129 142/179/134 122/144/120
f 132/164/124 119/139/117 133/166/125
f 135/169/127 134/167/126 116/136/114
f 138/173/130 112/130/111 139/174/131
f 117/137/115 141/176/133 140/175/132
f 109/126/108 124/148/100 131/162/123
f 131/162/123 110/127/109 109/126/108
f 110/127/109 136/170/128 127/155/137
f 127/155/137 107/121/106 110/127/109
f 111/129/110 130/161/138 139/174/131
f 139/174/131 112/130/111 111/129/110
f 112/130/111 138/173/130 125/150/141
f 125/150/141 113/132/112 112/130/111
f 116/136/114 134/168/126 141/177/133
f 141/177/133 117/137/115 116/136/114
f 123/147/135 120/141/118 119/139/117
f 119/139/117 132/164/124 123/147/135
f 135/169/127 116/136/114 115/135/113
f 115/135/113 128/157/136 135/169/127
f 129/159/139 118/138/116 117/137/115
f 117/137/115 140/175/132 129/159/139
f 137/172/129 122/144/120 121/143/119
f 121/143/119 126/153/140 137/172/129
f 133/166/125 119/139/117 122/144/120
f 122/144/120 142/179/134 133/166/125
f 143/180/142 144/182/143 145/184/144
f 145/184/144 146/186/145 143/180/142
f 144/183/143 147/187/146 148/188/147
f 148/188/147 145/185/144 144/183/143
f 147/187/146 149/189/148 150/191/149
f 150/191/149 148/188/147 147/187/146
f 149/189/148 151/192/150 152/194/151
f 152/194/151 150/191/149 149/189/148
f 151/192/150 153/195/152 154/197/153
f 154/197/153 152/194/151 151/192/150
f 153/195/152 155/198/154 156/200/155
f 156/200/155 154/197/153 153/195/152
f 155/198/154 157/201/156 158/203/157
f 158/203/157 156/200/155 155/198/154
f 157/201/156 143/180/142 146/186/145
f 146/186/145 158/203/157 157/201/156
f 146/186/145 145/184/144 159/204/158
f 159/204/158 160/206/159 146/186/145
f 145/185/144 148/188/147 161/207/160
f 161/207/160 159/205/158 145/185/144
f 148/188/147 150/191/149 162/208/161
f 162/208/161 161/207/160 148/188/147
f 150/191/149 152/194/151 163/209/162
f 163/209/162 162/208/161 150/191/149
f 152/194/151 154/197/153 164/210/163
f 164/210/163 163/209/162 152/194/151
f 154/197/153 156/200/155 165/211/164
f 165/211/164 164/210/163 154/197/153
f 156/200/155 158/203/157 166/212/165
f 166/212/165 165/211/164 156/200/155
f 158/203/157 146/186/145 160/206/159
f 160/206/159 166/212/165 158/203/157
f 160/206/159 159/204/158 167/213/166
f 167/213/166 168/215/167 160/206/159
f 159/205/158 161/207/160 169/216/168
f 169/216/168 167/214/166 159/205/158
f 161/207/160 162/208/161 170/217/169
f 170/217/169 169/216/168 161/207/160
f 162/208/161 163/209/162 171/218/170
f 171/218/170 170/217/169 162/208/161
f 163/209/162 164/210/163 172/219/171
f 172/219/171 171/218/170 163/209/162
f 164/210/163 165/211/164 173/220/172
f 173/220/172 172/219/171 164/210/163
f 165/211/164 166/212/165 174/221/173
f 174/221/173 173/220/172 165/211/164
f 166/212/165 160/206/159 168/215/167
f 168/215/167 174/221/173 166/212/165
f 168/215/167 167/213/166 175/222/174
f 175/222/174 176/224/175 168/215/167
f 167/214/166 169/216/168 177/225/176
f 177/225/176 175/223/174 167/214/166
f 169/216/168 170/217/169 178/226/177
f 178/226/177 177/225/176 169/216/168
f 170/217/169 171/218/170 179/227/178
f 179/227/178 178/226/177 170/217/169
f 171/218/170 172/219/171 180/228/179
f 180/228/179 179/227/178 171/218/170
f 172/219/171 173/220/172 181/229/180
f 181/229/180 180/228/179 172/219/171
f 173/220/172 174/221/173 182/230/181
f 182/230/181 181/229/180 173/220/172
f 174/221/173 168/215/167 176/224/175
f 176/224/175 182/230/181 174/221/173
f 176/224/175 175/222/174 183/231/182
f 183/231/182 184/233/13 176/224/175
f 175/223/174 177/225/176 185/234/183
f 185/234/183 183/232/182 175/223/174
f 177/225/176 178/226/177 186/235/184
f 186/235/184 185/234/183 177/225/176
f 178/226/177 179/227/178 187/236/107
f 187/236/107 186/235/184 178/226/177
f 179/227/178 180/228/179 188/237/185
f 188/237/185 187/236/107 179/227/178
f 180/228/179 181/229/180 189/238/122
f 189/238/122 188/237/185 180/228/179
f 181/229/180 182/230/181 190/239/186
f 190/239/186 189/238/122 181/229/180
f 182/230/181 176/224/175 184/233/13
f 184/233/13 190/239/186 182/230/181
f 184/233/13 183/231/182 191/240/187
f 191/240/187 192/242/188 184/233/13
f 183/232/182 185/234/183 193/243/189
f 193/243/189 191/241/187 183/232/182
f 185/234/183 186/235/184 194/244/190
f 194/244/190 193/243/189 185/234/183
f 186/235/184 187/236/107 195/245/191
f 195/245/191 194/244/190 186/235/184
f 187/236/107 188/237/185 196/246/192
f 196/246/192 195/245/191 187/236/107
f 188/237/185 189/238/122 197/247/193
f 197/247/193 196/246/192 188/237/185
f 189/238/122 190/239/186 198/248/194
f 198/248/194 197/247/193 189/238/122
f 190/239/186 184/233/13 192/242/188
f 192/242/188 198/248/194 190/239/186
f 192/242/188 191/240/187 199/249/195
f 199/249/195 200/251/196 192/242/188
f 191/241/187 193/243/189 201/252/197
f 201/252/197 199/250/195 191/241/187
f 193/243/189 194/244/190 202/253/198
f 202/253/198 201/252/197 193/243/189
f 194/244/190 195/245/191 203/254/199
f 203/254/199 202/253/198 194/244/190
f 195/245/191 196/246/192 204/255/200
f 204/255/200 203/254/199 195/245/191
f 196/246/192 197/247/193 205/256/201
f 205/256/201 204/255/200 196/246/192
f 197/247/193 198/248/194 206/257/202
f 206/257/202 205/256/201 197/247/193
f 198/248/194 192/242/188 200/251/196
f 200/251/196 206/257/202 198/248/194
f 200/251/196 199/249/195 207/258/203
f 207/258/203 208/260/204 200/251/196
f 199/250/195 201/252/197 209/261/205
f 209/261/205 207/259/203 199/250/195
f 201/252/197 202/253/198 210/262/206
f 210/262/206 209/261/205 201/252/197
f 202/253/198 203/254/199 211/263/207
f 211/263/207 210/262/206 202/253/198
f 203/254/199 204/255/200 212/264/208
f 212/264/208 211/263/207 203/254/199
f 204/255/200 205/256/201 213/265/209
f 213/265/209 212/264/208 204/255/200
f 205/256/201 206/257/202 214/266/210
f 214/266/210 213/265/209 205/256/201
f 206/257/202 200/251/196 208/260/204
f 208/260/204 214/266/210 206/257/202
f 208/260/204 207/258/203 215/267/211
f 215/267/211 216/269/212 208/260/204
f 207/259/203 209/261/205 217/270/213
f 217/270/213 215/268/211 207/259/203
f 209/261/205 210/262/206 218/271/214
f 218/271/214 217/270/213 209/261/205
f 210/262/206 211/263/207 219/272/215
f 219/272/215 218/271/214 210/262/206
f 211/263/207 212/264/208 220/273/216
f 220/273/216 219/272/215 211/263/207
f 212/264/208 213/265/209 221/274/217
f 221/274/217 220/273/216 212/264/208
f 213/265/209 214/266/210 222/275/218
f 222/275/218 221/274/217 213/265/209
f 214/266/210 208/260/204 216/269/212
f 216/269/212 222/275/218 214/266/210
f 216/269/212 215/267/211 223/276/219
f 223/276/219 224/278/220 216/269/212
f 215/268/211 217/270/213 225/279/221
f 225/279/221 223/277/219 215/268/211
f 217/270/213 218/271/214 226/280/222
f 226/280/222 225/279/221 217/270/213
f 218/271/214 219/272/215 227/281/223
f 227/281/223 226/280/222 218/271/214
f 219/272/215 220/273/216 228/282/224
f 228/282/224 227/281/223 219/272/215
f 220/273/216 221/274/217 229/283/225
f 229/283/225 228/282/224 220/273/216
f 221/274/217 222/275/218 230/284/226
f 230/284/226 229/283/225 221/274/217
f 222/275/218 216/269/212 224/278/220
f 224/278/220 230/284/226 222/275/218
f 224/278/220 223/276/219 231/285/227
f 231/285/227 232/287/228 224/278/220
f 223/277/219 225/279/221 233/288/229
f 233/288/229 231/286/227 223/277/219
f 225/279/221 226/280/222 234/289/230
f 234/289/230 233/288/229 225/279/221
f 226/280/222 227/281/223 235/290/231
f 235/290/231 234/289/230 226/280/222
f 227/281/223 228/282/224 236/291/232
f 236/291/232 235/290/231 227/281/223
f 228/282/224 229/283/225 237/292/233
f 237/292/233 236/291/232 228/282/224
f 229/283/225 230/284/226 238/293/234
f 238/293/234 237/292/233 229/283/225
f 230/284/226 224/278/220 232/287/228
f 232/287/228 238/293/234 230/284/226
f 232/287/228 231/285/227 239/294/235
f 239/294/235 240/297/236 232/287/228
f 231/286/227 233/288/229 241/299/237
f 241/299/237 239/295/235 231/286/227
f 233/288/229 234/289/230 242/301/238
f 242/301/238 241/299/237 233/288/229
f 234/289/230 235/290/231 243/303/239
f 243/303/239 242/301/238 234/289/230
f 235/290/231 236/291/232 244/305/240
f 244/305/240 243/303/239 235/290/231
f 236/291/232 237/292/233 245/307/241
f 245/307/241 244/305/240 236/291/232
f 237/292/233 238/293/234 246/309/242
f 246/309/242 245/307/241 237/292/233
f 238/293/234 232/287/228 240/297/236
f 240/297/236 246/309/242 238/293/234
f 153/196/243 157/202/244 155/199/245
f 153/196/243 143/181/245 157/202/244
f 153/196/243 144/183/245 143/181/245
f 151/193/243 144/183/245 153/196/243
f 149/190/246 144/183/245 151/193/243
f 149/190/246 147/187/247 144/183/245
f 244/306/248 245/308/249 246/310/250
f 244/306/248 246/310/250 240/298/251
f 244/306/248 240/298/251 239/296/252
f 243/304/252 244/306/248 239/296/252
f 242/302/253 243/304/252 239/296/252
f 242/302/253 239/296/252 241/300/252
f 247/311/122 248/312/254 249/313/255
f 249/313/255 250/314/122 247/311/122
f 251/315/256 252/316/257 253/317/258
f 253/317/258 254/318/259 251/315/256
f 255/319/260 256/320/55 257/321/261
f 257/321/261 258/322/262 255/319/260
f 259/323/263 250/314/122 249/313/255
f 260/324/264 261/325/265 262/326/266
f 263/327/267 251/315/256 254/318/259
f 254/318/259 264/328/268 263/327/267
f 252/316/257 255/319/260 258/322/262
f 258/322/262 253/317/258 252/316/257
f 265/329/269 266/330/270 267/332/271
f 267/332/271 268/334/272 265/329/269
f 269/335/273 270/336/274 271/337/275
f 271/337/275 272/338/276 269/335/273
f 273/339/277 274/340/278 275/342/279
f 275/342/279 276/344/280 273/339/277
f 277/345/281 278/346/282 279/348/283
f 279/348/283 280/350/284 277/345/281
f 281/351/285 282/352/286 283/354/287
f 283/354/287 284/356/288 281/351/285
f 270/336/274 269/335/273 268/334/272
f 268/334/272 267/332/271 270/336/274
f 276/344/280 275/342/279 266/330/270
f 266/330/270 265/329/269 276/344/280
f 278/346/282 277/345/281 285/357/289
f 285/357/289 286/358/290 278/346/282
f 280/350/284 279/348/283 282/352/286
f 282/352/286 281/351/285 280/350/284
f 259/323/263 265/329/269 268/334/272
f 268/334/272 287/359/291 259/323/263
f 288/360/292 269/335/273 272/338/276
f 272/338/276 289/361/293 288/360/292
f 248/312/254 273/339/277 276/344/280
f 276/344/280 249/313/255 248/312/254
f 290/362/294 277/345/281 280/350/284
f 280/350/284 262/326/266 290/362/294
f 260/324/264 281/351/285 284/356/288
f 284/356/288 291/363/295 260/324/264
f 263/327/267 270/336/274 267/333/271
f 267/333/271 251/315/256 263/327/267
f 249/313/255 276/344/280 265/329/269
f 265/329/269 259/323/263 249/313/255
f 254/318/259 278/347/282 286/358/290
f 286/358/290 264/328/268 254/318/259
f 262/326/266 280/350/284 281/351/285
f 281/351/285 260/324/264 262/326/266
f 266/331/270 252/316/257 251/315/256
f 251/315/256 267/333/271 266/331/270
f 270/336/274 263/327/267 292/364/296
f 292/364/296 271/337/275 270/336/274
f 274/341/278 256/320/55 255/319/260
f 255/319/260 275/343/279 274/341/278
f 278/347/282 254/318/259 253/317/258
f 253/317/258 279/349/283 278/347/282
f 282/353/286 258/322/262 257/321/261
f 257/321/261 283/355/287 282/353/286
f 269/335/273 288/360/292 287/359/291
f 287/359/291 268/334/272 269/335/273
f 275/343/279 255/319/260 252/316/257
f 252/316/257 266/331/270 275/343/279
f 277/345/281 290/362/294 293/365/297
f 293/365/297 285/357/289 277/345/281
f 279/349/283 253/317/258 258/322/262
f 258/322/262 282/353/286 279/349/283
f 287/359/291 288/360/292 289/361/293
f 259/323/263 287/359/291 289/361/293
f 250/314/122 259/323/263 289/361/293
f 290/362/294 262/326/266 261/325/265
f 293/365/297 290/362/294 261/325/265
f 294/366/298 293/365/297 261/325/265
f 261/325/265 260/324/264 291/363/295
f 291/363/295 295/367/265 261/325/265
f 263/327/267 264/328/268 296/368/299
f 296/368/299 292/364/296 263/327/267
f 297/369/300 286/358/290 285/357/289
f 285/357/289 298/370/301 297/369/300
f 298/370/301 285/357/289 293/365/297
f 293/365/297 294/366/298 298/370/301
f 296/368/299 264/328/268 286/358/290
f 286/358/290 297/369/300 296/368/299
f 247/311/122 250/314/122 299/371/302
f 299/371/302 300/372/303 247/311/122
f 301/373/304 302/374/305 303/375/306
f 303/375/306 304/376/307 301/373/304
f 305/377/308 306/378/309 307/379/310
f 307/379/310 308/380/61 305/377/308
f 309/381/311 299/371/302 250/314/122
f 310/382/312 311/383/313 261/325/265
f 312/384/314 313/385/315 302/374/305
f 302/374/305 301/373/304 312/384/314
f 304/376/307 303/375/306 306/378/309
f 306/378/309 305/377/308 304/376/307
f 314/386/316 315/387/317 316/388/318
f 316/388/318 317/390/319 314/386/316
f 318/392/320 272/338/276 271/337/275
f 271/337/275 319/393/321 318/392/320
f 320/394/322 321/395/323 322/396/324
f 322/396/324 323/398/325 320/394/322
f 324/400/326 325/401/327 326/402/328
f 326/402/328 327/404/329 324/400/326
f 328/406/330 329/407/331 330/408/332
f 330/408/332 331/410/333 328/406/330
f 319/393/321 316/388/318 315/387/317
f 315/387/317 318/392/320 319/393/321
f 321/395/323 314/386/316 317/390/319
f 317/390/319 322/396/324 321/395/323
f 327/404/329 332/412/334 333/413/335
f 333/413/335 324/400/326 327/404/329
f 325/401/327 328/406/330 331/410/333
f 331/410/333 326/402/328 325/401/327
f 309/381/311 334/414/336 315/387/317
f 315/387/317 314/386/316 309/381/311
f 335/415/337 289/361/293 272/338/276
f 272/338/276 318/392/320 335/415/337
f 300/372/303 299/371/302 321/395/323
f 321/395/323 320/394/322 300/372/303
f 336/416/338 311/383/313 325/401/327
f 325/401/327 324/400/326 336/416/338
f 310/382/312 337/417/339 329/407/331
f 329/407/331 328/406/330 310/382/312
f 312/384/314 301/373/304 316/389/318
f 316/389/318 319/393/321 312/384/314
f 299/371/302 309/381/311 314/386/316
f 314/386/316 321/395/323 299/371/302
f 302/374/305 313/385/315 332/412/334
f 332/412/334 327/405/329 302/374/305
f 311/383/313 310/382/312 328/406/330
f 328/406/330 325/401/327 311/383/313
f 317/391/319 316/389/318 301/373/304
f 301/373/304 304/376/307 317/391/319
f 319/393/321 271/337/275 292/364/296
f 292/364/296 312/384/314 319/393/321
f 323/399/325 322/397/324 305/377/308
f 305/377/308 308/380/61 323/399/325
f 327/405/329 326/403/328 303/375/306
f 303/375/306 302/374/305 327/405/329
f 331/411/333 330/409/332 307/379/310
f 307/379/310 306/378/309 331/411/333
f 318/392/320 315/387/317 334/414/336
f 334/414/336 335/415/337 318/392/320
f 322/397/324 317/391/319 304/376/307
f 304/376/307 305/377/308 322/397/324
f 324/400/326 333/413/335 338/418/340
f 338/418/340 336/416/338 324/400/326
f 326/403/328 331/411/333 306/378/309
f 306/378/309 303/375/306 326/403/328
f 289/361/293 335/415/337 334/414/336
f 289/361/293 334/414/336 309/381/311
f 250/314/122 289/361/293 309/381/311
f 261/325/265 311/383/313 336/416/338
f 261/325/265 336/416/338 338/418/340
f 294/366/298 261/325/265 338/418/340
f 261/325/265 295/367/265 337/417/339
f 337/417/339 310/382/312 261/325/265
f 312/384/314 292/364/296 296/368/299
f 296/368/299 313/385/315 312/384/314
f 297/369/300 298/370/301 333/413/335
f 333/413/335 332/412/334 297/369/300
f 298/370/301 294/366/298 338/418/340
f 338/418/340 333/413/335 298/370/301
f 296/368/299 297/369/300 332/412/334
f 332/412/334 313/385/315 296/368/299
usemtl plastic
f 339/419/341 340/420/342 341/421/343
f 341/421/343 342/422/344 339/419/341
f 343/423/345 344/424/346 345/425/347
f 345/425/347 346/426/348 343/423/345
f 339/419/341 343/423/345 346/426/348
f 346/426/348 340/420/342 339/419/341
s 0
f 347/427/13 348/428/13 349/429/13
f 350/430/13 351/431/13 352/432/13
f 350/430/13 352/432/13 353/433/13
f 353/433/13 354/434/13 355/435/13
f 350/430/13 353/433/13 355/435/13
f 349/429/13 350/430/13 355/435/13
f 347/427/13 349/429/13 355/435/13
s 1
f 356/436/349 357/437/350 358/438/351
f 358/438/351 359/439/352 356/436/349
f 357/437/350 360/440/353 361/441/354
f 361/441/354 358/438/351 357/437/350
f 360/440/353 362/442/355 363/443/356
f 363/443/356 361/441/354 360/440/353
f 362/442/355 364/444/357 365/445/358
f 365/445/358 363/443/356 362/442/355
f 364/444/357 366/446/359 367/447/360
f 367/447/360 365/445/358 364/444/357
f 366/446/359 368/448/361 369/449/362
f 369/449/362 367/447/360 366/446/359
f 368/448/361 370/450/363 371/451/364
f 371/451/364 369/449/362 368/448/361
f 370/450/363 372/452/365 373/453/366
f 373/453/366 371/451/364 370/450/363
f 372/452/365 374/454/367 375/456/368
f 375/456/368 373/453/366 372/452/365
f 374/455/367 376/458/369 377/459/370
f 377/459/370 375/457/368 374/455/367
f 376/458/369 378/460/371 379/461/372
f 379/461/372 377/459/370 376/458/369
f 378/460/371 380/462/373 381/463/374
f 381/463/374 379/461/372 378/460/371
f 380/462/373 382/464/375 383/465/376
f 383/465/376 381/463/374 380/462/373
f 382/464/375 384/466/377 385/467/378
f 385/467/378 383/465/376 382/464/375
f 384/466/377 386/468/379 387/469/380
f 387/469/380 385/467/378 384/466/377
f 386/468/379 388/470/381 389/471/382
f 389/471/382 387/469/380 386/468/379
f 388/470/381 390/472/383 391/473/384
f 391/473/384 389/471/382 388/470/381
f 390/472/383 392/474/385 393/475/386
f 393/475/386 391/473/384 390/472/383
f 392/474/385 394/476/387 395/478/387
f 395/478/387 393/475/386 392/474/385
f 359/439/388 358/438/389 396/480/390
f 396/480/390 397/481/391 359/439/388
f 358/438/389 361/441/392 398/482/393
f 398/482/393 396/480/390 358/438/389
f 361/441/392 363/443/394 399/483/395
f 399/483/395 398/482/393 361/441/392
f 363/443/394 365/445/396 400/484/397
f 400/484/397 399/483/395 363/443/394
f 365/445/396 367/447/13 401/485/398
f 401/485/398 400/484/397 365/445/396
f 367/447/13 369/449/13 402/486/13
f 402/486/13 401/485/398 367/447/13
f 369/449/13 371/451/13 403/487/13
f 403/487/13 402/486/13 369/449/13
f 371/451/13 373/453/13 404/488/13
f 404/488/13 403/487/13 371/451/13
f 373/453/13 375/456/13 405/489/13
f 405/489/13 404/488/13 373/453/13
f 375/457/13 377/459/13 406/491/13
f 406/491/13 405/490/13 375/457/13
f 377/459/13 379/461/13 407/492/13
f 407/492/13 406/491/13 377/459/13
f 379/461/13 381/463/13 408/493/13
f 408/493/13 407/492/13 379/461/13
f 381/463/13 383/465/399 409/494/400
f 409/494/400 408/493/13 381/463/13
f 383/465/399 385/467/401 410/495/402
f 410/495/402 409/494/400 383/465/399
f 385/467/401 387/469/403 411/496/404
f 411/496/404 410/495/402 385/467/401
f 387/469/403 389/471/405 412/497/406
f 412/497/406 411/496/404 387/469/403
f 389/471/405 391/473/407 413/498/408
f 413/498/408 412/497/406 389/471/405
f 391/473/407 393/475/409 414/499/410
f 414/499/410 413/498/408 391/473/407
f 395/478/411 415/500/411 414/499/410
f 414/499/410 393/475/409 395/478/411
f 397/481/412 396/480/413 416/502/414
f 416/502/414 417/503/415 397/481/412
f 396/480/413 398/482/416 418/504/417
f 418/504/417 416/502/414 396/480/413
f 398/482/416 399/483/418 419/505/419
f 419/505/419 418/504/417 398/482/416
f 399/483/418 400/484/420 420/506/421
f 420/506/421 419/505/419 399/483/418
f 400/484/420 401/485/422 421/507/423
f 421/507/423 420/506/421 400/484/420
f 401/485/422 402/486/424 422/508/425
f 422/508/425 421/507/423 401/485/422
f 402/486/424 403/487/426 423/509/427
f 423/509/427 422/508/425 402/486/424
f 403/487/426 404/488/428 424/510/429
f 424/510/429 423/509/427 403/487/426
f 404/488/428 405/489/430 425/511/431
f 404/488/428 425/511/431 426/514/432
f 404/488/428 426/514/432 424/510/429
f 405/490/430 406/491/433 427/516/434
f 427/516/434 425/513/431 405/490/430
f 406/491/433 407/492/435 428/517/436
f 428/517/436 427/516/434 406/491/433
f 407/492/435 408/493/437 429/518/438
f 429/518/438 428/517/436 407/492/435
f 408/493/437 409/494/439 430/519/440
f 430/519/440 429/518/438 408/493/437
f 409/494/439 410/495/441 431/520/442
f 431/520/442 430/519/440 409/494/439
f 410/495/441 411/496/443 432/521/444
f 432/521/444 431/520/442 410/495/441
f 411/496/443 412/497/445 433/522/446
f 433/522/446 432/521/444 411/496/443
f 412/497/445 413/498/447 434/523/448
f 434/523/448 433/522/446 412/497/445
f 413/498/447 414/499/449 435/524/450
f 435/524/450 434/523/448 413/498/447
f 415/500/451 436/525/452 435/524/450
f 435/524/450 414/499/449 415/500/451
s 0
f 437/527/453 420/506/453 421/507/454
f 437/527/13 421/507/13 422/508/13
f 437/527/13 422/508/13 423/509/13
f 437/527/455 423/509/455 424/510/455
f 437/527/456 424/510/456 426/514/456
f 438/529/457 439/531/457 440/532/457
f 440/532/458 441/533/458 438/529/458
f 439/531/459 442/535/459 443/536/459
f 443/536/460 440/532/460 439/531/460
f 442/535/461 444/537/461 445/538/461
f 445/538/462 443/536/462 442/535/462
f 444/537/463 437/528/463 446/539/463
f 446/539/464 445/538/464 444/537/464
f 437/528/465 426/515/465 447/540/465
f 447/540/466 446/539/466 437/528/466
s 1
f 426/515/432 425/512/431 448/541/467
f 448/541/467 447/540/468 426/515/432
f 425/513/431 427/516/434 449/543/469
f 449/543/469 448/542/467 425/513/431
f 427/516/434 428/517/436 450/544/470
f 450/544/470 449/543/469 427/516/434
f 428/517/436 429/518/438 451/545/471
f 451/545/471 450/544/470 428/517/436
f 429/518/438 430/519/440 452/546/472
f 452/546/472 451/545/471 429/518/438
f 430/519/440 431/520/442 453/547/473
f 453/547/473 452/546/472 430/519/440
f 431/520/442 432/521/444 454/548/474
f 454/548/474 453/547/473 431/520/442
f 432/521/444 433/522/446 455/549/475
f 455/549/475 454/548/474 432/521/444
f 433/522/446 434/523/448 456/550/476
f 456/550/476 455/549/475 433/522/446
f 434/523/448 435/524/450 457/551/477
f 457/551/477 456/550/476 434/523/448
f 436/525/452 458/552/478 457/551/477
f 457/551/477 435/524/450 436/525/452
f 459/554/479 460/555/480 461/556/481
f 461/556/481 462/557/482 459/554/479
f 460/555/480 463/558/483 464/559/484
f 464/559/484 461/556/481 460/555/480
f 463/558/483 465/560/485 466/561/486
f 466/561/486 464/559/484 463/558/483
f 465/560/485 467/562/487 468/563/488
f 468/563/488 466/561/486 465/560/485
f 467/562/487 469/564/489 470/565/490
f 470/565/490 468/563/488 467/562/487
f 469/564/489 471/566/491 472/567/492
f 472/567/492 470/565/490 469/564/489
f 471/566/491 473/568/493 474/569/494
f 474/569/494 472/567/492 471/566/491
f 475/570/495 476/572/496 474/569/494
f 474/569/494 473/568/493 475/570/495
f 477/574/497 462/557/482 461/556/481
f 461/556/481 478/575/498 477/574/497
f 478/575/498 461/556/481 464/559/484
f 464/559/484 479/576/499 478/575/498
f 479/576/499 464/559/484 466/561/486
f 466/561/486 480/577/500 479/576/499
f 480/577/500 466/561/486 468/563/488
f 468/563/488 481/578/501 480/577/500
f 481/578/501 468/563/488 470/565/490
f 470/565/490 482/579/502 481/578/501
f 482/579/502 470/565/490 472/567/492
f 472/567/492 483/580/503 482/579/502
f 483/580/503 472/567/492 474/569/494
f 474/569/494 484/581/504 483/580/503
f 474/569/494 476/572/496 485/582/505
f 485/582/505 484/581/504 474/569/494
f 342/422/344 477/574/497 478/575/498
f 478/575/498 339/419/341 342/422/344
f 339/419/341 478/575/498 479/576/499
f 479/576/499 343/423/345 339/419/341
f 343/423/345 479/576/499 480/577/500
f 480/577/500 344/424/346 343/423/345
f 344/424/346 480/577/500 481/578/501
f 481/578/501 345/425/347 344/424/346
f 345/425/347 481/578/501 482/579/502
f 482/579/502 346/426/348 345/425/347
f 346/426/348 482/579/502 483/580/503
f 483/580/503 340/420/342 346/426/348
f 340/420/342 483/580/503 484/581/504
f 484/581/504 341/421/343 340/420/342
f 484/581/504 485/582/505 486/584/506
f 486/584/506 341/421/343 484/581/504
f 342/422/344 341/421/343 486/584/506
f 486/584/506 487/586/507 342/422/344
f 356/436/349 359/439/352 488/588/508
f 488/588/508 489/590/508 356/436/349
f 359/439/388 397/481/391 490/592/509
f 490/592/509 488/588/509 359/439/388
f 490/592/510 397/481/412 417/503/415
f 417/503/415 491/594/511 490/592/510
s 0
f 417/503/512 438/530/512 492/596/512
f 492/596/512 491/594/512 417/503/512
f 492/596/513 438/530/513 441/534/513
f 441/534/514 493/598/514 492/596/514
s 1
f 459/554/479 462/557/482 494/600/515
f 494/600/515 495/602/516 459/554/479
f 462/557/482 477/574/497 496/604/517
f 496/604/517 494/600/515 462/557/482
f 477/574/497 342/422/344 487/586/507
f 487/586/507 496/604/517 477/574/497
f 497/606/518 498/607/519 499/608/520
f 498/607/519 497/606/518 500/609/521
f 501/610/522 502/611/523 503/612/524
f 502/611/523 501/610/522 504/613/525
f 497/606/518 504/613/525 501/610/522
f 504/613/525 497/606/518 499/608/520
s 0
f 505/614/107 506/615/107 507/616/107
f 508/617/107 509/618/107 510/619/107
f 508/617/107 511/620/107 509/618/107
f 511/620/107 512/621/107 513/622/107
f 508/617/107 512/621/107 511/620/107
f 506/615/107 512/621/107 508/617/107
f 505/614/107 512/621/107 506/615/107
s 1
f 514/623/526 515/624/527 516/625/528
f 515/624/527 514/623/526 517/626/529
f 516/625/528 518/627/530 519/628/531
f 518/627/530 516/625/528 515/624/527
f 519/628/531 520/629/532 521/630/533
f 520/629/532 519/628/531 518/627/530
f 521/630/533 522/631/534 523/632/535
f 522/631/534 521/630/533 520/629/532
f 523/632/535 524/633/536 525/634/537
f 524/633/536 523/632/535 522/631/534
f 525/634/537 526/635/538 527/636/539
f 526/635/538 525/634/537 524/633/536
f 527/636/539 528/637/540 529/638/541
f 528/637/540 527/636/539 526/635/538
f 529/638/541 530/639/542 531/640/543
f 530/639/542 529/638/541 528/637/540
f 531/640/543 532/641/544 533/643/545
f 532/641/544 531/640/543 530/639/542
f 533/644/545 534/645/546 535/646/547
f 534/645/546 533/644/545 532/642/544
f 535/646/547 536/647/548 537/648/549
f 536/647/548 535/646/547 534/645/546
f 537/648/549 538/649/550 539/650/551
f 538/649/550 537/648/549 536/647/548
f 539/650/551 540/651/552 541/652/553
f 540/651/552 539/650/551 538/649/550
f 541/652/553 542/653/554 543/654/555
f 542/653/554 541/652/553 540/651/552
f 543/654/555 544/655/556 545/656/557
f 544/655/556 543/654/555 542/653/554
f 545/656/557 546/657/558 547/658/559
f 546/657/558 545/656/557 544/655/556
f 547/658/559 548/659/560 549/660/561
f 548/659/560 547/658/559 546/657/558
f 549/660/561 550/661/562 551/662/563
f 550/661/562 549/660/561 548/659/560
f 551/662/563 395/479/387 394/477/387
f 395/479/387 551/662/563 550/661/562
f 517/626/564 552/663/565 515/624/566
f 552/663/565 517/626/564 553/664/567
f 515/624/566 554/665/568 518/627/569
f 554/665/568 515/624/566 552/663/565
f 518/627/569 555/666/570 520/629/571
f 555/666/570 518/627/569 554/665/568
f 520/629/571 556/667/572 522/631/573
f 556/667/572 520/629/571 555/666/570
f 522/631/573 557/668/574 524/633/107
f 557/668/574 522/631/573 556/667/572
f 524/633/107 558/669/107 526/635/107
f 558/669/107 524/633/107 557/668/574
f 526/635/107 559/670/107 528/637/107
f 559/670/107 526/635/107 558/669/107
f 528/637/107 560/671/107 530/639/107
f 560/671/107 528/637/107 559/670/107
f 530/639/107 561/672/107 532/641/107
f 561/672/107 530/639/107 560/671/107
f 532/642/107 562/674/107 534/645/107
f 562/674/107 532/642/107 561/673/107
f 534/645/107 563/675/107 536/647/107
f 563/675/107 534/645/107 562/674/107
f 536/647/107 564/676/107 538/649/107
f 564/676/107 536/647/107 563/675/107
f 538/649/107 565/677/575 540/651/576
f 565/677/575 538/649/107 564/676/107
f 540/651/576 566/678/577 542/653/578
f 566/678/577 540/651/576 565/677/575
f 542/653/578 567/679/579 544/655/580
f 567/679/579 542/653/578 566/678/577
f 544/655/580 568/680/581 546/657/582
f 568/680/581 544/655/580 567/679/579
f 546/657/582 569/681/583 548/659/584
f 569/681/583 546/657/582 568/680/581
f 548/659/584 570/682/585 550/661/586
f 570/682/585 548/659/584 569/681/583
f 395/479/411 570/682/585 415/501/411
f 570/682/585 395/479/411 550/661/586
f 553/664/587 571/683/588 552/663/589
f 571/683/588 553/664/587 572/684/590
f 552/663/589 573/685/591 554/665/592
f 573/685/591 552/663/589 571/683/588
f 554/665/592 574/686/593 555/666/594
f 574/686/593 554/665/592 573/685/591
f 555/666/594 575/687/595 556/667/596
f 575/687/595 555/666/594 574/686/593
f 556/667/596 576/688/597 557/668/598
f 576/688/597 556/667/596 575/687/595
f 557/668/598 577/689/599 558/669/600
f 577/689/599 557/668/598 576/688/597
f 558/669/600 578/690/601 559/670/602
f 578/690/601 558/669/600 577/689/599
f 559/670/602 579/691/603 560/671/604
f 579/691/603 559/670/602 578/690/601
f 560/671/604 580/692/605 561/672/606
f 560/671/604 581/695/607 580/692/605
f 560/671/604 579/691/603 581/695/607
f 561/673/606 582/697/608 562/674/609
f 582/697/608 561/673/606 580/694/605
f 562/674/609 583/698/610 563/675/611
f 583/698/610 562/674/609 582/697/608
f 563/675/611 584/699/612 564/676/613
f 584/699/612 563/675/611 583/698/610
f 564/676/613 585/700/614 565/677/615
f 585/700/614 564/676/613 584/699/612
f 565/677/615 586/701/616 566/678/617
f 586/701/616 565/677/615 585/700/614
f 566/678/617 587/702/618 567/679/619
f 587/702/618 566/678/617 586/701/616
f 567/679/619 588/703/620 568/680/621
f 588/703/620 567/679/619 587/702/618
f 568/680/621 589/704/622 569/681/623
f 589/704/622 568/680/621 588/703/620
f 569/681/623 590/705/624 570/682/625
f 590/705/624 569/681/623 589/704/622
f 415/501/451 590/705/624 436/526/452
f 590/705/624 415/501/451 570/682/625
s 0
f 591/706/626 576/688/627 575/687/627
f 591/706/107 577/689/107 576/688/107
f 591/706/107 578/690/107 577/689/107
f 591/706/628 579/691/628 578/690/628
f 591/706/629 581/695/629 579/691/629
f 592/708/630 593/710/630 594/711/630
f 593/710/631 592/708/631 595/712/631
f 594/711/632 596/714/632 597/715/632
f 596/714/633 594/711/633 593/710/633
f 597/715/634 598/716/634 599/718/634
f 598/716/635 597/715/635 596/714/635
f 599/717/636 600/720/636 591/707/636
f 600/719/637 599/718/637 598/716/637
f 591/707/638 601/721/638 581/696/638
f 601/721/639 591/707/639 600/720/639
s 1
f 581/696/607 602/722/640 580/693/605
f 602/722/640 581/696/607 601/721/641
f 580/694/605 603/724/642 582/697/608
f 603/724/642 580/694/605 602/723/640
f 582/697/608 604/725/643 583/698/610
f 604/725/643 582/697/608 603/724/642
f 583/698/610 605/726/644 584/699/612
f 605/726/644 583/698/610 604/725/643
f 584/699/612 606/727/645 585/700/614
f 606/727/645 584/699/612 605/726/644
f 585/700/614 607/728/646 586/701/616
f 607/728/646 585/700/614 606/727/645
f 586/701/616 608/729/647 587/702/618
f 608/729/647 586/701/616 607/728/646
f 587/702/618 609/730/648 588/703/620
f 609/730/648 587/702/618 608/729/647
f 588/703/620 610/731/649 589/704/622
f 610/731/649 588/703/620 609/730/648
f 589/704/622 611/732/650 590/705/624
f 611/732/650 589/704/622 610/731/649
f 436/526/452 611/732/650 458/553/478
f 611/732/650 436/526/452 590/705/624
f 612/733/651 613/734/652 614/735/653
f 613/734/652 612/733/651 615/736/654
f 614/735/653 616/737/655 617/738/656
f 616/737/655 614/735/653 613/734/652
f 617/738/656 618/739/657 619/740/658
f 618/739/657 617/738/656 616/737/655
f 619/740/658 620/741/659 621/742/660
f 620/741/659 619/740/658 618/739/657
f 621/742/660 622/743/661 623/744/662
f 622/743/661 621/742/660 620/741/659
f 623/744/662 624/745/663 625/746/664
f 624/745/663 623/744/662 622/743/661
f 625/746/664 626/747/665 627/748/666
f 626/747/665 625/746/664 624/745/663
f 475/571/495 626/747/665 476/573/496
f 626/747/665 475/571/495 627/748/666
f 628/749/667 613/734/652 615/736/654
f 613/734/652 628/749/667 629/750/668
f 629/750/668 616/737/655 613/734/652
f 616/737/655 629/750/668 630/751/669
f 630/751/669 618/739/657 616/737/655
f 618/739/657 630/751/669 631/752/670
f 631/752/670 620/741/659 618/739/657
f 620/741/659 631/752/670 632/753/671
f 632/753/671 622/743/661 620/741/659
f 622/743/661 632/753/671 633/754/672
f 633/754/672 624/745/663 622/743/661
f 624/745/663 633/754/672 634/755/673
f 634/755/673 626/747/665 624/745/663
f 626/747/665 634/755/673 635/756/674
f 626/747/665 485/583/505 476/573/496
f 485/583/505 626/747/665 635/756/674
f 500/609/521 629/750/668 628/749/667
f 629/750/668 500/609/521 497/606/518
f 497/606/518 630/751/669 629/750/668
f 630/751/669 497/606/518 501/610/522
f 501/610/522 631/752/670 630/751/669
f 631/752/670 501/610/522 503/612/524
f 503/612/524 632/753/671 631/752/670
f 632/753/671 503/612/524 502/611/523
f 502/611/523 633/754/672 632/753/671
f 633/754/672 502/611/523 504/613/525
f 504/613/525 634/755/673 633/754/672
f 634/755/673 504/613/525 499/608/520
f 499/608/520 635/756/674 634/755/673
f 635/756/674 499/608/520 498/607/519
f 635/756/674 486/585/506 485/583/505
f 486/585/506 635/756/674 498/607/519
f 500/609/521 486/585/506 498/607/519
f 486/585/506 500/609/521 487/587/507
f 514/623/526 488/589/508 517/626/529
f 488/589/508 514/623/526 489/591/508
f 517/626/564 490/593/509 553/664/567
f 490/593/509 517/626/564 488/589/509
f 490/593/510 572/684/590 553/664/587
f 572/684/590 490/593/510 491/595/511
s 0
f 572/684/512 492/597/512 592/709/512
f 492/597/512 572/684/512 491/595/512
f 492/597/675 595/713/675 592/709/675
f 595/713/676 492/597/676 493/599/676
s 1
f 612/733/651 494/601/515 615/736/654
f 494/601/515 612/733/651 495/603/516
f 615/736/654 496/605/517 628/749/667
f 496/605/517 615/736/654 494/601/515
f 628/749/667 487/587/507 500/609/521
f 487/587/507 628/749/667 496/605/517
usemtl dark_low_specular
f 636/758/677 637/759/678 638/761/679
f 639/764/680 640/766/681 641/770/682
f 639/765/680 642/772/683 643/774/684
f 644/778/685 645/779/686 646/782/687
s 0
f 636/757/688 638/762/689 640/767/689
f 636/757/690 640/767/690 639/765/690
f 636/757/691 639/765/691 643/774/692
f 643/774/693 645/780/693 644/777/693
f 643/774/690 644/777/690 647/784/690
f 636/757/692 643/774/692 647/784/692
s 1
f 636/758/677 647/785/694 648/786/695
f 648/786/695 649/787/696 636/758/677
f 637/759/678 636/758/677 649/787/696
f 649/787/696 650/788/697 637/759/678
f 641/770/682 637/759/678 650/788/697
f 650/788/697 651/789/698 641/770/682
f 639/764/680 641/770/682 651/789/698
f 651/789/698 652/790/699 639/764/680
f 653/792/700 642/772/683 639/765/680
f 639/765/680 652/791/699 653/792/700
f 654/793/701 646/782/687 642/772/683
f 642/772/683 653/792/700 654/793/701
f 655/794/702 644/778/685 646/782/687
f 646/782/687 654/793/701 655/794/702
f 648/786/695 647/785/694 644/778/685
f 644/778/685 655/794/702 648/786/695
s 0
f 656/795/703 657/796/703 637/760/703
f 637/760/704 641/771/704 656/795/704
f 658/797/705 659/798/705 642/773/705
f 642/773/706 646/783/706 658/797/706
f 657/796/707 660/799/707 638/763/707
f 638/763/708 637/760/709 657/796/710
f 661/800/711 656/795/711 641/771/711
f 641/771/712 640/768/712 661/800/712
f 660/799/713 661/801/713 640/769/713
f 640/769/714 638/763/714 660/799/714
f 659/798/715 662/802/716 643/775/717
f 643/775/718 642/773/718 659/798/718
f 663/804/719 658/797/720 646/783/721
f 646/783/722 645/781/722 663/804/722
f 662/803/723 663/804/724 645/781/723
f 645/781/725 643/776/725 662/803/725
s 1
f 664/805/726 665/806/727 666/808/728
f 666/808/728 667/810/729 664/805/726
f 668/811/730 664/805/726 667/810/729
f 667/810/729 669/812/731 668/811/730
f 670/813/732 668/811/730 669/812/731
f 669/812/731 671/814/733 670/813/732
f 672/815/734 670/813/732 671/814/733
f 671/814/733 673/816/735 672/815/734
f 674/817/736 672/815/734 673/816/735
f 673/816/735 675/818/737 674/817/736
f 676/819/738 674/817/736 675/818/737
f 675/818/737 677/820/739 676/819/738
f 678/821/740 676/819/738 677/820/739
f 677/820/739 679/822/741 678/821/740
f 680/823/742 678/821/740 679/822/741
f 679/822/741 681/824/743 680/823/742
f 682/825/744 680/823/742 681/824/743
f 681/824/743 683/826/745 682/825/744
f 684/827/746 682/825/744 683/826/745
f 683/826/745 685/828/747 684/827/746
f 686/829/748 684/827/746 685/828/747
f 685/828/747 687/830/749 686/829/748
f 688/831/750 686/829/748 687/830/749
f 687/830/749 689/832/751 688/831/750
f 690/833/752 688/831/750 689/832/751
f 689/832/751 691/834/753 690/833/752
f 692/835/754 690/833/752 691/834/753
f 691/834/753 693/836/755 692/835/754
f 694/837/756 692/835/754 693/836/755
f 693/836/755 695/838/757 694/837/756
f 665/807/727 694/837/756 695/838/757
f 695/838/757 666/809/728 665/807/727
f 696/839/758 697/840/759 698/841/760
f 698/841/760 699/843/761 696/839/758
f 700/845/762 696/839/758 699/843/761
f 699/843/761 701/846/763 700/845/762
f 702/848/764 700/845/762 701/846/763
f 701/846/763 703/849/765 702/848/764
f 704/851/766 702/848/764 703/849/765
f 703/849/765 705/852/767 704/851/766
f 706/854/768 704/851/766 705/852/767
f 705/852/767 707/855/769 706/854/768
f 708/857/770 706/854/768 707/855/769
f 707/855/769 709/858/771 708/857/770
f 710/860/772 708/857/770 709/858/771
f 709/858/771 711/861/773 710/860/772
f 712/863/774 710/860/772 711/861/773
f 711/861/773 713/864/775 712/863/774
f 714/866/776 712/863/774 713/864/775
f 713/864/775 715/867/777 714/866/776
f 716/869/778 714/866/776 715/867/777
f 715/867/777 717/870/779 716/869/778
f 718/872/780 716/869/778 717/870/779
f 717/870/779 719/873/781 718/872/780
f 720/875/782 718/872/780 719/873/781
f 719/873/781 721/876/783 720/875/782
f 722/878/784 720/875/782 721/876/783
f 721/876/783 723/879/785 722/878/784
f 724/881/786 722/878/784 723/879/785
f 723/879/785 725/882/787 724/881/786
f 726/884/788 724/881/786 725/882/787
f 725/882/787 727/886/789 726/884/788
f 697/840/759 726/885/788 727/887/789
f 727/887/789 698/841/760 697/840/759
f 728/890/790 729/891/791 730/892/792
f 731/893/793 728/890/790 730/892/792
f 731/893/793 730/892/792 732/894/794
f 733/895/795 731/893/793 732/894/794
f 733/895/795 732/894/794 734/896/796
f 735/897/797 733/895/795 734/896/796
f 735/897/797 734/896/796 736/898/798
f 737/899/799 735/897/797 736/898/798
f 737/899/799 736/898/798 738/900/800
f 739/901/801 737/899/799 738/900/800
f 739/901/801 738/900/800 740/902/802
f 741/903/803 739/901/801 740/902/802
f 741/903/803 740/902/802 742/904/804
f 743/905/805 741/903/803 742/904/804
f 743/905/805 742/904/804 744/906/806
f 745/907/807 743/905/805 744/906/806
f 745/907/807 744/906/806 746/908/808
f 747/909/809 745/907/807 746/908/808
f 747/909/809 746/908/808 748/910/810
f 749/911/811 747/909/809 748/910/810
f 749/911/811 748/910/810 750/912/812
f 751/913/813 749/911/811 750/912/812
f 751/913/813 750/912/812 752/914/814
f 753/915/815 751/913/813 752/914/814
f 753/915/815 752/914/814 754/916/816
f 755/917/817 753/915/815 754/916/816
f 755/917/817 754/916/816 756/919/818
f 755/918/817 756/920/818 757/921/819
f 729/891/791 728/890/790 758/922/820
f 729/891/791 758/922/820 759/923/821
f 757/921/819 729/891/791 759/923/821
f 755/918/817 757/921/819 759/923/821
f 760/924/822 761/925/823 762/926/824
f 763/927/825 760/924/822 762/926/824
f 763/927/825 762/926/824 764/928/826
f 765/930/827 763/927/825 764/928/826
f 765/930/827 764/928/826 766/932/828
f 765/929/827 766/931/828 767/933/829
f 768/934/830 762/926/824 761/925/823
f 768/934/830 761/925/823 769/935/831
f 770/936/832 768/934/830 769/935/831
f 770/936/832 769/935/831 771/937/833
f 772/938/834 770/936/832 771/937/833
f 772/938/834 771/937/833 773/939/835
f 774/940/836 772/938/834 773/939/835
f 774/940/836 773/939/835 775/941/837
f 776/942/838 774/940/836 775/941/837
f 776/942/838 775/941/837 777/943/839
f 778/944/840 776/942/838 777/943/839
f 778/944/840 777/943/839 779/945/841
f 780/946/842 778/944/840 779/945/841
f 780/946/842 779/945/841 781/947/843
f 782/948/844 780/946/842 781/947/843
f 782/948/844 781/947/843 783/949/845
f 784/950/846 782/948/844 783/949/845
f 784/950/846 783/949/845 785/951/847
f 786/952/848 784/950/846 785/951/847
f 786/952/848 785/951/847 787/953/849
f 788/954/850 786/952/848 787/953/849
f 788/954/850 787/953/849 789/955/851
f 790/956/852 788/954/850 789/955/851
f 790/956/852 789/955/851 791/957/853
f 767/933/829 790/956/852 791/957/853
f 765/929/827 767/933/829 791/957/853
f 664/805/726 767/933/829 766/931/828
f 766/931/828 665/806/727 664/805/726
f 668/811/730 790/956/852 767/933/829
f 767/933/829 664/805/726 668/811/730
f 670/813/732 788/954/850 790/956/852
f 790/956/852 668/811/730 670/813/732
f 672/815/734 786/952/848 788/954/850
f 788/954/850 670/813/732 672/815/734
f 674/817/736 784/950/846 786/952/848
f 786/952/848 672/815/734 674/817/736
f 676/819/738 782/948/844 784/950/846
f 784/950/846 674/817/736 676/819/738
f 678/821/740 780/946/842 782/948/844
f 782/948/844 676/819/738 678/821/740
f 680/823/742 778/944/840 780/946/842
f 780/946/842 678/821/740 680/823/742
f 682/825/744 776/942/838 778/944/840
f 778/944/840 680/823/742 682/825/744
f 684/827/746 774/940/836 776/942/838
f 776/942/838 682/825/744 684/827/746
f 686/829/748 772/938/834 774/940/836
f 774/940/836 684/827/746 686/829/748
f 688/831/750 770/936/832 772/938/834
f 772/938/834 686/829/748 688/831/750
f 690/833/752 768/934/830 770/936/832
f 770/936/832 688/831/750 690/833/752
f 692/835/754 762/926/824 768/934/830
f 768/934/830 690/833/752 692/835/754
f 694/837/756 764/928/826 762/926/824
f 762/926/824 692/835/754 694/837/756
f 665/807/727 766/932/828 764/928/826
f 764/928/826 694/837/756 665/807/727
f 696/839/758 760/924/822 763/927/825
f 763/927/825 697/840/759 696/839/758
f 700/845/762 761/925/823 760/924/822
f 760/924/822 696/839/758 700/845/762
f 769/935/831 761/925/823 700/845/762
f 700/845/762 702/848/764 769/935/831
f 704/851/766 771/937/833 769/935/831
f 769/935/831 702/848/764 704/851/766
f 706/854/768 773/939/835 771/937/833
f 771/937/833 704/851/766 706/854/768
f 708/857/770 775/941/837 773/939/835
f 773/939/835 706/854/768 708/857/770
f 710/860/772 777/943/839 775/941/837
f 775/941/837 708/857/770 710/860/772
f 712/863/774 779/945/841 777/943/839
f 777/943/839 710/860/772 712/863/774
f 714/866/776 781/947/843 779/945/841
f 779/945/841 712/863/774 714/866/776
f 716/869/778 783/949/845 781/947/843
f 781/947/843 714/866/776 716/869/778
f 718/872/780 785/951/847 783/949/845
f 783/949/845 716/869/778 718/872/780
f 720/875/782 787/953/849 785/951/847
f 785/951/847 718/872/780 720/875/782
f 722/878/784 789/955/851 787/953/849
f 787/953/849 720/875/782 722/878/784
f 724/881/786 791/957/853 789/955/851
f 789/955/851 722/878/784 724/881/786
f 726/884/788 765/929/827 791/957/853
f 791/957/853 724/881/786 726/884/788
f 697/840/759 763/927/825 765/930/827
f 765/930/827 726/885/788 697/840/759
f 666/808/728 756/919/818 754/916/816
f 754/916/816 667/810/729 666/808/728
f 667/810/729 754/916/816 752/914/814
f 752/914/814 669/812/731 667/810/729
f 669/812/731 752/914/814 750/912/812
f 750/912/812 671/814/733 669/812/731
f 671/814/733 750/912/812 748/910/810
f 748/910/810 673/816/735 671/814/733
f 673/816/735 748/910/810 746/908/808
f 746/908/808 675/818/737 673/816/735
f 675/818/737 746/908/808 744/906/806
f 744/906/806 677/820/739 675/818/737
f 677/820/739 744/906/806 742/904/804
f 742/904/804 679/822/741 677/820/739
f 679/822/741 742/904/804 740/902/802
f 740/902/802 681/824/743 679/822/741
f 681/824/743 740/902/802 738/900/800
f 738/900/800 683/826/745 681/824/743
f 683/826/745 738/900/800 736/898/798
f 736/898/798 685/828/747 683/826/745
f 685/828/747 736/898/798 734/896/796
f 734/896/796 687/830/749 685/828/747
f 687/830/749 734/896/796 732/894/794
f 732/894/794 689/832/751 687/830/749
f 689/832/751 732/894/794 730/892/792
f 730/892/792 691/834/753 689/832/751
f 691/834/753 730/892/792 729/891/791
f 729/891/791 693/836/755 691/834/753
f 693/836/755 729/891/791 757/921/819
f 757/921/819 695/838/757 693/836/755
f 695/838/757 757/921/819 756/920/818
f 756/920/818 666/809/728 695/838/757
f 698/842/760 759/923/821 758/922/820
f 758/922/820 699/844/761 698/842/760
f 699/844/761 758/922/820 728/890/790
f 728/890/790 701/847/763 699/844/761
f 701/847/763 728/890/790 731/893/793
f 731/893/793 703/850/765 701/847/763
f 703/850/765 731/893/793 733/895/795
f 733/895/795 705/853/767 703/850/765
f 705/853/767 733/895/795 735/897/797
f 735/897/797 707/856/769 705/853/767
f 707/856/769 735/897/797 737/899/799
f 737/899/799 709/859/771 707/856/769
f 709/859/771 737/899/799 739/901/801
f 739/901/801 711/862/773 709/859/771
f 711/862/773 739/901/801 741/903/803
f 741/903/803 713/865/775 711/862/773
f 713/865/775 741/903/803 743/905/805
f 743/905/805 715/868/777 713/865/775
f 715/868/777 743/905/805 745/907/807
f 745/907/807 717/871/779 715/868/777
f 717/871/779 745/907/807 747/909/809
f 747/909/809 719/874/781 717/871/779
f 719/874/781 747/909/809 749/911/811
f 749/911/811 721/877/783 719/874/781
f 721/877/783 749/911/811 751/913/813
f 751/913/813 723/880/785 721/877/783
f 723/880/785 751/913/813 753/915/815
f 753/915/815 725/883/787 723/880/785
f 725/883/787 753/915/815 755/917/817
f 755/917/817 727/888/789 725/883/787
f 727/889/789 755/918/817 759/923/821
f 759/923/821 698/842/760 727/889/789
f 792/958/854 793/959/855 649/787/696
f 649/787/696 648/786/695 792/958/854
f 793/959/855 794/960/856 650/788/697
f 650/788/697 649/787/696 793/959/855
f 794/960/856 795/961/857 651/789/698
f 651/789/698 650/788/697 794/960/856
f 795/961/857 796/962/858 652/790/699
f 652/790/699 651/789/698 795/961/857
f 796/963/858 797/964/859 653/792/700
f 653/792/700 652/791/699 796/963/858
f 797/964/859 798/965/860 654/793/701
f 654/793/701 653/792/700 797/964/859
f 798/965/860 799/966/861 655/794/702
f 655/794/702 654/793/701 798/965/860
f 799/966/861 792/958/854 648/786/695
f 648/786/695 655/794/702 799/966/861
