PARSFILE

! EXPANDED_PARSFILE for Math models and animator

! This is an expansion of the Parsfile: "Runs\Run_4fe2be12-8bd5-45bf-b7a2-b15ad09c505f.par"
! It contains the contents of that file plus the contents of any files linked
! with the "PARSFILE" keyword.

! File created by CarSim 2024.1

PRODUCT_NAME CarSim
MODEL_LAYOUT v_i

tstep 0.0005
iprint 50

ENTER_PARSFILE Runs\Run_4fe2be12-8bd5-45bf-b7a2-b15ad09c505f.par
#FullDataName CarSim Run Control`VSA: On-Center Steer Test, D-Class`Suspension and Ride Tests
*VEHICLE_CODE v_i
OPT_ALL_WRITE 0
IOBJECT 0
IUNIT 0
IVEHICLE 0
OPT_INT_METHOD 0
OPT_VS_FILETYPE 2
ENTER_PARSFILE Animator\Cameras\Camera_36b2ee7b-54ec-4c39-9781-51b289ab39c0.par
#FullDataName Animator: Camera Setup`180 Azm, 5 El, 49 m`Road Reference
SET_CAMERA_REFERENCE_FRAME Frame_0d19114f-a5d3-40a0-b63b-e67f85442aa7
ENTER_PARSFILE Animator\Frames\Frame_0d19114f-a5d3-40a0-b63b-e67f85442aa7.par
#FullDataName Animator: Reference Frame`Camera Rear Point w/ Yaw`Tracking: Road
ADD_REFERENCE_FRAME Frame_0d19114f-a5d3-40a0-b63b-e67f85442aa7
SET_EULER_ANGLES yaw_pitch_roll
SET_X_NAME X_camR
SET_Y_NAME Y_camR
SET_Z_NAME Z_camR
SET_YAW_NAME Yaw_CamR
INSTALL_CAMERA_OUTPUTS 1
WRT_X_camR
ANI_X_camR
WRT_Y_camR
ANI_Y_camR
WRT_Z_camR
ANI_Z_camR
WRT_Yaw_CamR
ANI_Yaw_CamR
LOG_ENTRY Used Dataset: Animator: Reference Frame; { Tracking: Road } Camera Rear Point w/ Yaw
EXIT_PARSFILE Animator\Frames\Frame_0d19114f-a5d3-40a0-b63b-e67f85442aa7.par

SET_LOOKPOINT_REFERENCE_FRAME Frame_0d19114f-a5d3-40a0-b63b-e67f85442aa7
SET_LOOKPOINT_X 5
SET_LOOKPOINT_Y 0
SET_LOOKPOINT_Z 1
SET_AZIMUTH 180
SET_ELEVATION 5
SET_DISTANCE 49
SET_CAMERAMAN_NAME External camera
FOG_SCALE 0
SET_FIELD_OF_VIEW 30
LOG_ENTRY Used Dataset: Animator: Camera Setup; { Road Reference } 180 Azm, 5 El, 49 m
EXIT_PARSFILE Animator\Cameras\Camera_36b2ee7b-54ec-4c39-9781-51b289ab39c0.par

RT_WINDOW_CLOSE off
LIVE_SERVER_MAX_CONNECTIONS 0
ENTER_PARSFILE Vehicles\Assembly\Vehicle_dc9c8da7-2133-48f9-aa32-d9ff48bf164a.par
#FullDataName Vehicle: Assembly`D-Class, Sedan (VSA)`D-Class
IUNIT_INCREMENT
IUNIT 1
IVEHICLE = IVEHICLE + 1
NAXLES 2
IOBJECT_SAVE
INSTALL_SPEED_CONTROLLER
ENTER_PARSFILE Steering\System3\StrSys3_faae5a7b-e522-4d65-aa88-39965e5a2b18.par
#FullDataName Steering: Virtual Steering Axis`D-Class, Sedan (VSA)`D-Class
INSTALL_STEERING
I_COL 0.02
I_GEAR_IN 0.0005
D_COL 0.002
HYS_COL 0.2
BETA_COL 0.1
A_STR_STOP_L -45
A_STR_STOP_R 45
K_STR_STOP_L 0
K_STR_STOP_R 0
IAXLE 1
OPT_POWER 1
OPT_STEER_EXT 0
SET_UNITS_TABLE_ROW RACK_TRAVEL_TABLE rev
RACK_TRAVEL_COEFFICIENT 56.25
D_RACK 25.4
HYS_RACK 300
BETA_RACK 0.1
M_TBAR_COEFFICIENT 1.8
ENTER_PARSFILE Steering\Str_FBoost\FBoost_0179f836-8d46-4262-ba17-8cccf2e143b4.par
#FullDataName Steering: Power Assist Force`D-Class Sedan, Not Spd Sens`D-Class
F_BOOST_R_COMBINE ADD
F_BOOST_R_TABLE SPLINE
-8.85, -7841.4
-8.7, -7640.4
-8.55, -7439.3
-8.4, -7238.2
-8.25, -7037.2
-8.1, -6836.1
-7.95, -6635
-7.8, -6434
-7.65, -6232.9
-7.5, -6031.9
-7.35, -5830.8
-7.2, -5629.7
-7.05, -5428.7
-6.9, -5227.6
-6.75, -5026.5
-6.6, -4825.5
-6.45, -4624.4
-6.3, -4423.4
-5.7, -3759.9
-5.55, -3629.2
-5.4, -3498.5
-5.25, -3367.8
-5.1, -3237.1
-4.95, -3106.4
-4.8, -2975.7
-4.65, -2845
-4.5, -2714.3
-4.35, -2583.6
-4.2, -2453
-4.05, -2322.3
-3.9, -2191.6
-3.75, -2060.9
-3.6, -1930.2
-3.45, -1799.5
-3.3, -1668.8
-3.15, -1538.1
-3, -1407.4
-2.85, -1276.7
-2.7, -1146.1
-2.55, -1015.4
-2.4, -884.67
-2.25, -753.98
-2.1, -623.29
-1.95, -492.6
-1.8, -361.91
-1.2, -80.425
-1.05, -70.372
-0.9, -60.319
-0.75, -50.265
-0.6, -40.212
-0.45, -30.159
-0.3, -20.106
-0.15, -10.053
0, 0
0.15, 10.053
0.3, 20.106
0.45, 30.159
0.6, 40.212
0.75, 50.265
0.9, 60.319
1.05, 70.372
1.2, 80.425
1.8, 361.91
1.95, 492.6
2.1, 623.29
2.25, 753.98
2.4, 884.67
2.55, 1015.4
2.7, 1146.1
2.85, 1276.7
3, 1407.4
3.15, 1538.1
3.3, 1668.8
3.45, 1799.5
3.6, 1930.2
3.75, 2060.9
3.9, 2191.6
4.05, 2322.3
4.2, 2453
4.35, 2583.6
4.5, 2714.3
4.65, 2845
4.8, 2975.7
4.95, 3106.4
5.1, 3237.1
5.25, 3367.8
5.4, 3498.5
5.55, 3629.2
5.7, 3759.9
6.3, 4423.4
6.45, 4624.4
6.6, 4825.5
6.75, 5026.5
6.9, 5227.6
7.05, 5428.7
7.2, 5629.7
7.35, 5830.8
7.5, 6031.9
7.65, 6232.9
7.8, 6434
7.95, 6635
8.1, 6836.1
8.25, 7037.2
8.4, 7238.2
8.55, 7439.3
8.7, 7640.4
8.85, 7841.4
9, 8042.5
ENDTABLE
F_BOOST_R_V_CONSTANT 0
TC_BOOST 0.025
F_BOOST_MAX 10000
LOG_ENTRY Used Dataset: Steering: Power Assist Force; { D-Class } D-Class Sedan, Not Spd Sens
EXIT_PARSFILE Steering\Str_FBoost\FBoost_0179f836-8d46-4262-ba17-8cccf2e143b4.par

ENTER_PARSFILE Steering\Compliance\StrCmp_04155b90-303f-4e9a-b97c-a2f522ed3d2a.par
#FullDataName Steering System: Compliance`0.001 deg/N-m`Linear
STEER_COMP_COEFFICIENT 0.001
LOG_ENTRY Used Dataset: Steering System: Compliance; { Linear } 0.001 deg/N-m
EXIT_PARSFILE Steering\Compliance\StrCmp_04155b90-303f-4e9a-b97c-a2f522ed3d2a.par

ENTER_PARSFILE Steering\Str_Park_Trq2\TqPark2_42734593-bd90-441b-b2a9-f11b6106c168.par
#FullDataName Steering: Parking Torque for 2 Wheels`D-Class Sedan`D-Class
iside 2
A_MZ_BETA 5
MZ_PARKING_STEER_TABLE LINEAR_FLAT
0, 160
0.1, 144.4
0.2, 129.6
0.3, 115.6
0.4, 102.4
0.5, 90
0.6, 78.4
0.7, 67.6
0.8, 57.6
0.9, 48.4
1, 40
1.1, 32.4
1.2, 25.6
1.3, 19.6
1.4, 14.4
1.5, 10
1.6, 6.4
1.7, 3.6
1.8, 1.6
1.9, 0.4
2, 0
ENDTABLE
iside 1
A_MZ_BETA 5
MZ_PARKING_STEER_TABLE LINEAR_FLAT
0, 160
0.1, 144.4
0.2, 129.6
0.3, 115.6
0.4, 102.4
0.5, 90
0.6, 78.4
0.7, 67.6
0.8, 57.6
0.9, 48.4
1, 40
1.1, 32.4
1.2, 25.6
1.3, 19.6
1.4, 14.4
1.5, 10
1.6, 6.4
1.7, 3.6
1.8, 1.6
1.9, 0.4
2, 0
ENDTABLE
LOG_ENTRY Used Dataset: Steering: Parking Torque for 2 Wheels; { D-Class } D-Class Sedan
EXIT_PARSFILE Steering\Str_Park_Trq2\TqPark2_42734593-bd90-441b-b2a9-f11b6106c168.par

IAXLE 2
OPT_STEER_EXT 1
LOG_ENTRY Used Dataset: Steering: Virtual Steering Axis; { D-Class } D-Class, Sedan (VSA)
EXIT_PARSFILE Steering\System3\StrSys3_faae5a7b-e522-4d65-aa88-39965e5a2b18.par

iaxle 1
ENTER_PARSFILE Suspensions\Kin_Vir\KinVir_f5ef250f-55ae-4b6c-8bae-3a67649a15d1.par
#FullDataName Suspension: Virtual Steering Axis System Kinematics`D-Class, Sedan (VSA) - Front`D-Class
OPT_JNC_DESIGN 1
L_TRACK 1550
Y_CL_SUSP 0
ISIDE 1
M_US_STR 44.95
IW 0.17
IW_XXZZ 0.08
JNC_DESIGN 0
ENTER_PARSFILE Suspensions\Dive_Vir\DiveVir_6fd63da2-bf66-40ef-b785-4ae7c49a746c.par
#FullDataName Suspension: Dive Angle (Virtual Steering Axis)`D-Class, Sedan - Front Left`D-Class
DIVE_VIR_CARPET 2D_SPLINE
0, -90, -80, -70, -60, -50, -40, -30, -20, -10, 0, 10, 20, 30, 40, 50, 60, 70, 80, 90
-70, 7.6221, 6.6892, 5.799, 4.9394, 4.102, 3.2807, 2.4713, 1.6713, 0.87934, 0.095632, -0.67802, -1.438, -2.1785, -2.891, -3.5636, -4.1807, -4.7218, -5.1594, -5.4615
-60, 7.7452, 6.7991, 5.8957, 5.0229, 4.1721, 3.337, 2.5135, 1.6989, 0.89179, 0.09226, -0.69802, -1.4751, -2.2332, -2.9637, -3.6546, -4.29, -4.8492, -5.3043, -5.6229
-50, 7.8627, 6.9036, 5.9872, 5.1013, 4.2371, 3.3885, 2.5512, 1.7223, 0.90054, 0.085934, -0.71992, -1.5131, -2.2876, -3.0347, -3.7426, -4.3949, -4.9707, -5.4417, -5.7752
-40, 7.9694, 6.9979, 6.0693, 5.171, 4.2943, 3.433, 2.5827, 1.7405, 0.90505, 0.076355, -0.74402, -1.552, -2.3418, -3.1044, -3.8278, -4.4956, -5.0865, -5.5719, -5.9184
-30, 8.0647, 7.0817, 6.1416, 5.2318, 4.3434, 3.4703, 2.6078, 1.7532, 0.905, 0.063238, -0.77058, -1.5924, -2.3961, -3.1729, -3.9105, -4.5923, -5.1966, -5.6947, -6.0526
-20, 8.1484, 7.1546, 6.2038, 5.2833, 4.3841, 3.4999, 2.6262, 1.7601, 0.90011, 0.046312, -0.79985, -1.6342, -2.4507, -3.2404, -3.9907, -4.6849, -5.3012, -5.8101, -6.1776
-10, 8.22, 7.2163, 6.2556, 5.3251, 4.4159, 3.5215, 2.6375, 1.7608, 0.89009, 0.025314, -0.83207, -1.6778, -2.5058, -3.3069, -4.0685, -4.7736, -5.4, -5.9181, -6.2932
0, 8.2792, 7.2663, 6.2965, 5.3569, 4.4385, 3.5348, 2.6414, 1.7552, 0.87468, 0, -0.86744, -1.7233, -2.5614, -3.3725, -4.1439, -4.8582, -5.493, -6.0183, -6.3991
10, 8.3255, 7.3043, 6.3261, 5.3782, 4.4515, 3.5395, 2.6376, 1.7428, 0.85359, -0.029871, -0.90617, -1.7709, -2.6178, -3.4374, -4.2169, -4.9387, -5.5801, -6.1106, -6.4949
20, 8.3585, 7.3296, 6.344, 5.3888, 4.4546, 3.5352, 2.6257, 1.7234, 0.82658, -0.064506, -0.94842, -1.8207, -2.6749, -3.5015, -4.2874, -5.0149, -5.6609, -6.1946, -6.5803
30, 8.3775, 7.342, 6.3498, 5.388, 4.4474, 3.5214, 2.6055, 1.6966, 0.7934, -0.1041, -0.99433, -1.8727, -2.7327, -3.5647, -4.3552, -5.0866, -5.7351, -6.2699, -6.6546
40, 8.3822, 7.3408, 6.343, 5.3755, 4.4294, 3.4979, 2.5766, 1.6623, 0.75382, -0.14882, -1.044, -1.927, -2.7912, -3.6268, -4.4203, -5.1534, -5.8024, -6.3358, -6.7171
50, 8.3718, 7.3256, 6.323, 5.3509, 4.4002, 3.4643, 2.5386, 1.6202, 0.70765, -0.1988, -1.0975, -1.9836, -2.8504, -3.6878, -4.4821, -5.2149, -5.862, -6.3916, -6.767
60, 8.3458, 7.2957, 6.2893, 5.3136, 4.3595, 3.4203, 2.4914, 1.57, 0.65473, -0.25412, -1.1548, -2.0424, -2.9099, -3.7472, -4.5403, -5.2705, -5.9139, -6.4398, -6.8106
70, 8.3036, 7.2506, 6.2415, 5.2633, 4.3067, 3.3654, 2.4346, 1.5115, 0.59495, -0.3148, -1.2155, -2.1028, -2.9696, -3.8057, -4.5972, -5.3253, -5.9657, -6.488, -6.8542
ENDTABLE
LOG_ENTRY Used Dataset: Suspension: Dive Angle (Virtual Steering Axis); { D-Class } D-Class, Sedan - Front Left
EXIT_PARSFILE Suspensions\Dive_Vir\DiveVir_6fd63da2-bf66-40ef-b785-4ae7c49a746c.par

ENTER_PARSFILE Suspensions\Longitudinal_Vir\LongVir_7ffbbc4c-f11e-44c9-9fc2-75d5b9fbe31d.par
#FullDataName Suspension: Longitudinal Movement (Virtual Steering Axis)`D-Class, Sedan - Front Left`D-Class
X_VIR_CARPET 2D_SPLINE
0, -90, -80, -70, -60, -50, -40, -30, -20, -10, 0, 10, 20, 30, 40, 50, 60, 70, 80, 90
-70, 40.292, 35.784, 31.307, 26.817, 22.278, 17.661, 12.942, 8.0997, 3.1161, -2.0217, -7.3222, -12.786, -18.407, -24.163, -30.02, -35.921, -41.786, -47.512, -52.945
-60, 40.696, 36.196, 31.726, 27.242, 22.708, 18.095, 13.379, 8.5385, 3.5554, -1.5844, -6.8927, -12.367, -18.001, -23.773, -29.649, -35.572, -41.462, -47.215, -52.678
-50, 41.076, 36.582, 32.117, 27.636, 23.104, 18.493, 13.776, 8.9336, 3.9469, -1.198, -6.5136, -11.998, -17.643, -23.43, -29.324, -35.268, -41.181, -46.96, -52.449
-40, 41.407, 36.919, 32.458, 27.98, 23.45, 18.84, 14.123, 9.2783, 4.2884, -0.86144, -6.184, -11.677, -17.334, -23.135, -29.045, -35.007, -40.942, -46.744, -52.258
-30, 41.691, 37.208, 32.751, 28.276, 23.748, 19.137, 14.42, 9.5737, 4.5805, -0.57392, -5.9029, -11.405, -17.072, -22.885, -28.81, -34.791, -40.745, -46.568, -52.104
-20, 41.929, 37.45, 32.996, 28.523, 23.997, 19.387, 14.669, 9.8205, 4.8241, -0.33479, -5.67, -11.179, -16.857, -22.682, -28.621, -34.617, -40.589, -46.431, -51.987
-10, 42.121, 37.646, 33.194, 28.724, 24.198, 19.588, 14.869, 10.019, 5.0196, -0.1436, -5.4846, -11.002, -16.688, -22.524, -28.476, -34.486, -40.475, -46.333, -51.906
0, 42.268, 37.796, 33.347, 28.877, 24.352, 19.742, 15.022, 10.17, 5.1675, 0, -5.3466, -10.871, -16.565, -22.412, -28.375, -34.399, -40.401, -46.275, -51.862
10, 42.371, 37.901, 33.454, 28.985, 24.46, 19.85, 15.128, 10.274, 5.2678, 0.096137, -5.2558, -10.786, -16.489, -22.345, -28.319, -34.354, -40.369, -46.255, -51.854
20, 42.431, 37.962, 33.515, 29.047, 24.522, 19.91, 15.187, 10.33, 5.3209, 0.145, -5.2121, -10.749, -16.459, -22.323, -28.306, -34.351, -40.377, -46.273, -51.882
30, 42.446, 37.978, 33.532, 29.063, 24.537, 19.924, 15.199, 10.339, 5.3267, 0.14661, -5.2155, -10.758, -16.475, -22.347, -28.338, -34.392, -40.426, -46.33, -51.945
40, 42.418, 37.95, 33.503, 29.034, 24.506, 19.891, 15.164, 10.301, 5.2852, 0.10095, -5.266, -10.814, -16.537, -22.416, -28.414, -34.474, -40.515, -46.425, -52.044
50, 42.347, 37.878, 33.43, 28.959, 24.429, 19.812, 15.082, 10.216, 5.1964, 0.0080194, -5.3637, -10.917, -16.645, -22.53, -28.533, -34.599, -40.645, -46.557, -52.176
60, 42.233, 37.762, 33.312, 28.839, 24.307, 19.687, 14.953, 10.084, 5.0605, -0.13211, -5.5083, -11.066, -16.8, -22.688, -28.696, -34.766, -40.811, -46.716, -52.325
70, 42.077, 37.604, 33.15, 28.674, 24.139, 19.515, 14.778, 9.9053, 4.8777, -0.31915, -5.6948, -11.252, -16.983, -22.87, -28.874, -34.939, -40.978, -46.874, -52.474
ENDTABLE
LOG_ENTRY Used Dataset: Suspension: Longitudinal Movement (Virtual Steering Axis); { D-Class } D-Class, Sedan - Front Left
EXIT_PARSFILE Suspensions\Longitudinal_Vir\LongVir_7ffbbc4c-f11e-44c9-9fc2-75d5b9fbe31d.par

ENTER_PARSFILE Suspensions\Camber_Vir\CamVir_3cffd77c-fd87-461b-95bd-f998549219e5.par
#FullDataName Suspension: Camber Angle (Virtual Steering Axis)`D-Class, Sedan - Front Left`D-Class
CAMBER_VIR_CARPET 2D_SPLINE
0, -90, -80, -70, -60, -50, -40, -30, -20, -10, 0, 10, 20, 30, 40, 50, 60, 70, 80, 90
-70, -1.8884, -1.7412, -1.5433, -1.2968, -1.0016, -0.6559, -0.25663, 0.20046, 0.72069, 1.3105, 1.9773, 2.7294, 3.5762, 4.5272, 5.5928, 6.7828, 8.1062, 9.5728, 11.185
-60, -2.0879, -1.9482, -1.7567, -1.5157, -1.2251, -0.88327, -0.48705, -0.032179, 0.48675, 1.0765, 1.7457, 2.5017, 3.354, 4.3127, 5.388, 6.5902, 7.9285, 9.4131, 11.046
-50, -2.2817, -2.1487, -1.9629, -1.7265, -1.4397, -1.1006, -0.70628, -0.25233, 0.26672, 0.85767, 1.5294, 2.2895, 3.1474, 4.1136, 5.1985, 6.4126, 7.7655, 9.2675, 10.921
-40, -2.4642, -2.3373, -2.1565, -1.9243, -1.6406, -1.3039, -0.91109, -0.45771, 0.061767, 0.65419, 1.3287, 2.0929, 2.9566, 3.9303, 5.0247, 6.2505, 7.6175, 9.1364, 10.809
-30, -2.6353, -2.5139, -2.3375, -2.1088, -1.8279, -1.4931, -1.1013, -0.64813, -0.12788, 0.46631, 1.1439, 1.9124, 2.782, 3.7631, 4.8669, 6.1042, 7.485, 9.0201, 10.712
-20, -2.795, -2.6783, -2.5058, -2.28, -2.0013, -1.6679, -1.2767, -0.8233, -0.30192, 0.29437, 0.97522, 1.7483, 2.6239, 3.6126, 4.7257, 5.9743, 7.3685, 8.9193, 10.629
-10, -2.9431, -2.8305, -2.661, -2.4376, -2.1605, -1.828, -1.437, -0.98288, -0.45997, 0.13877, 0.82323, 1.6012, 2.4828, 3.4791, 4.6016, 5.8612, 7.2685, 8.8343, 10.561
0, -3.0795, -2.97, -2.803, -2.5814, -2.3053, -1.9731, -1.5817, -1.1264, -0.60157, 0, 0.68839, 1.4714, 2.3593, 3.3634, 4.4951, 5.7656, 7.1856, 8.766, 10.509
10, -3.2038, -3.0967, -2.9314, -2.7108, -2.4351, -2.1027, -1.7103, -1.2535, -0.72618, -0.12134, 0.57131, 1.3597, 2.2542, 3.2661, 4.407, 5.6882, 7.1206, 8.7148, 10.473
20, -3.3156, -3.2101, -3.0457, -2.8254, -2.5495, -2.2162, -1.8224, -1.3634, -0.83317, -0.22464, 0.47267, 1.2667, 2.168, 3.1878, 4.338, 5.6298, 7.0741, 8.6816, 10.454
30, -3.4144, -3.3097, -3.1455, -2.9247, -2.6478, -2.3131, -1.9171, -1.4554, -0.92181, -0.30912, 0.39328, 1.1933, 2.1016, 3.1296, 4.2889, 5.5911, 7.047, 8.6672, 10.453
40, -3.4998, -3.3948, -3.2299, -3.008, -2.7294, -2.3925, -1.9938, -1.5288, -0.99125, -0.3739, 0.33401, 1.1404, 2.056, 3.0922, 4.2608, 5.5731, 7.0402, 8.6723, 10.47
50, -3.571, -3.4649, -3.2984, -3.0745, -2.7935, -2.4536, -2.0516, -1.5826, -1.0405, -0.418, 0.29592, 1.1091, 2.0323, 3.0769, 4.2547, 5.577, 7.0548, 8.698, 10.507
60, -3.6272, -3.5189, -3.3499, -3.1231, -2.8389, -2.4954, -2.0893, -1.6157, -1.0685, -0.44027, 0.28016, 1.1005, 2.0315, 3.0847, 4.2717, 5.6037, 7.0904, 8.7389, 10.553
70, -3.6675, -3.556, -3.3835, -3.153, -2.8646, -2.5167, -2.1057, -1.6268, -1.0739, -0.43938, 0.28546, 1.1104, 2.0462, 3.1044, 4.2966, 5.6339, 7.126, 8.7799, 10.599
ENDTABLE
LOG_ENTRY Used Dataset: Suspension: Camber Angle (Virtual Steering Axis); { D-Class } D-Class, Sedan - Front Left
EXIT_PARSFILE Suspensions\Camber_Vir\CamVir_3cffd77c-fd87-461b-95bd-f998549219e5.par

ENTER_PARSFILE Suspensions\Lateral_Vir\LatVir_51243820-a236-4efb-8b73-8da1ab981db7.par
#FullDataName Suspension: Lateral Movement (Virtual Steering Axis)`D-Class, Sedan - Front Left`D-Class
LAT_VIR_CARPET 2D_SPLINE
0, -90, -80, -70, -60, -50, -40, -30, -20, -10, 0, 10, 20, 30, 40, 50, 60, 70, 80, 90
-70, 12.19, 9.9384, 8.04, 6.4497, 5.1428, 4.1095, 3.3515, 2.8802, 2.7162, 2.8892, 3.4385, 4.4124, 5.8695, 7.8784, 10.517, 13.873, 18.04, 23.157, 29.283
-60, 11.337, 9.0712, 7.1578, 5.5518, 4.2286, 3.1783, 2.4023, 1.9121, 1.7282, 1.8838, 2.4314, 3.4055, 4.8652, 6.8795, 9.5276, 12.897, 17.083, 22.225, 28.384
-50, 10.58, 8.3053, 6.3841, 4.7712, 3.4419, 2.3863, 1.6058, 1.1121, 0.92567, 1.0792, 1.6271, 2.6035, 4.0679, 6.09, 8.7497, 12.135, 16.343, 21.513, 27.707
-40, 10.008, 7.7256, 5.798, 4.1795, 2.8455, 1.786, 1.0026, 0.50692, 0.31979, 0.4733, 1.0234, 2.0041, 3.4754, 5.5076, 8.1811, 11.585, 15.818, 21.018, 27.248
-30, 9.6189, 7.3303, 5.3975, 3.7748, 2.4374, 1.3755, 0.59071, 0.094712, -0.091432, 0.063936, 0.61825, 1.6053, 3.0857, 5.1303, 7.8202, 11.245, 15.505, 20.738, 27.008
-20, 9.4111, 7.1174, 5.1807, 3.5551, 2.2158, 1.153, 0.36835, -0.1263, -0.30971, -0.15053, 0.40998, 1.4056, 2.8974, 4.9567, 7.6654, 11.114, 15.403, 20.672, 26.984
-10, 9.3828, 7.0854, 5.1461, 3.5189, 2.1792, 1.117, 0.33405, -0.15757, -0.33647, -0.17148, 0.39728, 1.4036, 2.909, 4.9856, 7.7156, 11.19, 15.512, 20.818, 27.175
0, 9.5327, 7.2329, 5.2923, 3.665, 2.3263, 1.2662, 0.48661, -0.00025932, -0.17282, 0, 0.57912, 1.5984, 3.1198, 5.216, 7.97, 11.474, 15.83, 21.177, 27.58
10, 9.8595, 7.5586, 5.6182, 3.9923, 2.656, 1.5996, 0.82507, 0.34472, 0.18037, 0.36338, 0.95475, 1.9893, 3.5292, 5.6476, 8.4281, 11.963, 16.358, 21.748, 28.2
20, 10.362, 8.0618, 6.123, 4.4998, 3.1676, 2.1165, 1.3487, 0.87672, 0.72254, 0.91781, 1.5238, 2.576, 4.1368, 6.2801, 9.0899, 12.659, 17.095, 22.531, 29.035
30, 11.04, 8.7414, 6.8057, 5.187, 3.8604, 2.8163, 2.0571, 1.5954, 1.4534, 1.6631, 2.286, 3.3584, 4.9429, 7.1138, 9.9558, 13.562, 18.042, 23.527, 30.085
40, 11.892, 9.5971, 7.6661, 6.0533, 4.7341, 3.6989, 2.9501, 2.5006, 2.3729, 2.5993, 3.2418, 4.3369, 5.9477, 8.1491, 11.026, 14.673, 19.2, 24.736, 31.352
50, 12.919, 10.628, 8.7037, 7.0987, 5.7886, 4.7641, 4.0278, 3.5926, 3.4815, 3.7269, 4.3917, 5.5122, 7.1523, 9.3872, 12.303, 15.993, 20.569, 26.161, 32.835
60, 14.119, 11.835, 9.9185, 8.3231, 7.0241, 6.0123, 5.2905, 4.8719, 4.7797, 5.0467, 5.7365, 6.8853, 8.5577, 10.829, 13.786, 17.523, 22.141, 27.741, 34.425
70, 15.492, 13.217, 11.311, 9.7267, 8.4408, 7.4439, 6.7389, 6.3393, 6.2686, 6.5598, 7.2568, 8.4131, 10.093, 12.373, 15.339, 19.085, 23.712, 29.321, 36.014
ENDTABLE
LOG_ENTRY Used Dataset: Suspension: Lateral Movement (Virtual Steering Axis); { D-Class } D-Class, Sedan - Front Left
EXIT_PARSFILE Suspensions\Lateral_Vir\LatVir_51243820-a236-4efb-8b73-8da1ab981db7.par

ENTER_PARSFILE Suspensions\Steer_Vir\StrVir_7b72da80-6ffd-4fde-8693-f1f50702314a.par
#FullDataName Suspension: Steer Angle (Virtual Steering Axis)`D-Class, Sedan - Front Left`D-Class
STEER_VIR_CARPET 2D_SPLINE
0, -90, -80, -70, -60, -50, -40, -30, -20, -10, 0, 10, 20, 30, 40, 50, 60, 70, 80, 90
-70, -31.656, -27.924, -24.322, -20.792, -17.29, -13.78, -10.232, -6.615, -2.9039, 0.9282, 4.908, 9.0623, 13.419, 18.009, 22.861, 28.011, 33.492, 39.352, 45.634
-60, -31.848, -28.116, -24.513, -20.983, -17.481, -13.971, -10.423, -6.8061, -3.0949, 0.73749, 4.7192, 8.8757, 13.235, 17.827, 22.683, 27.835, 33.32, 39.183, 45.47
-50, -32.03, -28.297, -24.693, -21.162, -17.659, -14.148, -10.598, -6.9801, -3.2674, 0.56668, 4.5503, 8.7089, 13.071, 17.665, 22.524, 27.679, 33.168, 39.035, 45.325
-40, -32.191, -28.458, -24.853, -21.321, -17.817, -14.305, -10.754, -7.1347, -3.4204, 0.41534, 4.4008, 8.5615, 12.926, 17.523, 22.384, 27.542, 33.035, 38.905, 45.2
-30, -32.333, -28.599, -24.994, -21.461, -17.956, -14.443, -10.891, -7.27, -3.5542, 0.28318, 4.2705, 8.4333, 12.8, 17.399, 22.263, 27.425, 32.921, 38.795, 45.094
-20, -32.456, -28.721, -25.116, -21.582, -18.076, -14.562, -11.008, -7.3863, -3.669, 0.16996, 4.1592, 8.3241, 12.693, 17.295, 22.162, 27.327, 32.826, 38.704, 45.007
-10, -32.56, -28.825, -25.218, -21.684, -18.177, -14.662, -11.107, -7.4838, -3.7651, 0.075584, 4.0667, 8.2337, 12.605, 17.21, 22.08, 27.248, 32.751, 38.633, 44.94
0, -32.645, -28.909, -25.302, -21.767, -18.26, -14.743, -11.187, -7.5625, -3.8423, 0, 3.993, 8.1621, 12.536, 17.143, 22.016, 27.187, 32.694, 38.58, 44.892
10, -32.711, -28.975, -25.367, -21.831, -18.323, -14.806, -11.248, -7.6224, -3.9007, -0.056697, 3.9382, 8.1095, 12.485, 17.096, 21.971, 27.146, 32.657, 38.547, 44.863
20, -32.758, -29.021, -25.413, -21.877, -18.367, -14.849, -11.291, -7.6633, -3.9401, -0.094382, 3.9024, 8.0759, 12.454, 17.067, 21.946, 27.125, 32.639, 38.534, 44.854
30, -32.786, -29.049, -25.44, -21.903, -18.393, -14.873, -11.314, -7.685, -3.9602, -0.11279, 3.886, 8.0618, 12.443, 17.059, 21.941, 27.123, 32.641, 38.54, 44.866
40, -32.794, -29.057, -25.448, -21.91, -18.398, -14.878, -11.317, -7.6871, -3.9607, -0.11153, 3.8894, 8.0675, 12.451, 17.07, 21.955, 27.141, 32.664, 38.568, 44.898
50, -32.783, -29.045, -25.435, -21.896, -18.384, -14.863, -11.301, -7.6692, -3.9412, -0.090095, 3.913, 8.0936, 12.48, 17.102, 21.991, 27.18, 32.707, 38.616, 44.952
60, -32.751, -29.013, -25.402, -21.863, -18.35, -14.827, -11.264, -7.6305, -3.9008, -0.047795, 3.9576, 8.1408, 12.53, 17.155, 22.048, 27.241, 32.772, 38.681, 45.017
70, -32.699, -28.959, -25.348, -21.808, -18.294, -14.77, -11.205, -7.5703, -3.8388, 0.01625, 4.0217, 8.2049, 12.594, 17.22, 22.112, 27.306, 32.836, 38.745, 45.081
ENDTABLE
LOG_ENTRY Used Dataset: Suspension: Steer Angle (Virtual Steering Axis); { D-Class } D-Class, Sedan - Front Left
EXIT_PARSFILE Suspensions\Steer_Vir\StrVir_7b72da80-6ffd-4fde-8693-f1f50702314a.par

CAMBER_VIR_OFFSET(1,1) 0
STEER_VIR_OFFSET(1,1) 0*-1
ISIDE 2
M_US_STR 44.95
IW 0.17
IW_XXZZ 0.08
JNC_DESIGN 0
ENTER_PARSFILE Suspensions\Dive_Vir\DiveVir_c480cd4c-104a-4eff-bb5e-db8e8298a47b.par
#FullDataName Suspension: Dive Angle (Virtual Steering Axis)`D-Class, Sedan - Front Right`D-Class
DIVE_VIR_CARPET 2D_SPLINE
0, -90, -80, -70, -60, -50, -40, -30, -20, -10, 0, 10, 20, 30, 40, 50, 60, 70, 80, 90
-70, -5.4615, -5.1594, -4.7218, -4.1807, -3.5636, -2.891, -2.1785, -1.438, -0.67802, 0.095632, 0.87934, 1.6713, 2.4713, 3.2807, 4.102, 4.9394, 5.799, 6.6892, 7.6221
-60, -5.6229, -5.3043, -4.8492, -4.29, -3.6546, -2.9637, -2.2332, -1.4751, -0.69802, 0.09226, 0.89179, 1.6989, 2.5135, 3.337, 4.1721, 5.0229, 5.8957, 6.7991, 7.7452
-50, -5.7752, -5.4417, -4.9707, -4.3949, -3.7426, -3.0347, -2.2876, -1.5131, -0.71992, 0.085934, 0.90054, 1.7223, 2.5512, 3.3885, 4.2371, 5.1013, 5.9872, 6.9036, 7.8627
-40, -5.9184, -5.5719, -5.0865, -4.4956, -3.8278, -3.1044, -2.3418, -1.552, -0.74402, 0.076355, 0.90505, 1.7405, 2.5827, 3.433, 4.2943, 5.171, 6.0693, 6.9979, 7.9694
-30, -6.0526, -5.6947, -5.1966, -4.5923, -3.9105, -3.1729, -2.3961, -1.5924, -0.77058, 0.063238, 0.905, 1.7532, 2.6078, 3.4703, 4.3434, 5.2318, 6.1416, 7.0817, 8.0647
-20, -6.1776, -5.8101, -5.3012, -4.6849, -3.9907, -3.2404, -2.4507, -1.6342, -0.79985, 0.046312, 0.90011, 1.7601, 2.6262, 3.4999, 4.3841, 5.2833, 6.2038, 7.1546, 8.1484
-10, -6.2932, -5.9181, -5.4, -4.7736, -4.0685, -3.3069, -2.5058, -1.6778, -0.83207, 0.025314, 0.89009, 1.7608, 2.6375, 3.5215, 4.4159, 5.3251, 6.2556, 7.2163, 8.22
0, -6.3991, -6.0183, -5.493, -4.8582, -4.1439, -3.3725, -2.5614, -1.7233, -0.86744, 0, 0.87468, 1.7552, 2.6414, 3.5348, 4.4385, 5.3569, 6.2965, 7.2663, 8.2792
10, -6.4949, -6.1106, -5.5801, -4.9387, -4.2169, -3.4374, -2.6178, -1.7709, -0.90617, -0.029871, 0.85359, 1.7428, 2.6376, 3.5395, 4.4515, 5.3782, 6.3261, 7.3043, 8.3255
20, -6.5803, -6.1946, -5.6609, -5.0149, -4.2874, -3.5015, -2.6749, -1.8207, -0.94842, -0.064506, 0.82658, 1.7234, 2.6257, 3.5352, 4.4546, 5.3888, 6.344, 7.3296, 8.3585
30, -6.6546, -6.2699, -5.7351, -5.0866, -4.3552, -3.5647, -2.7327, -1.8727, -0.99433, -0.1041, 0.7934, 1.6966, 2.6055, 3.5214, 4.4474, 5.388, 6.3498, 7.342, 8.3775
40, -6.7171, -6.3358, -5.8024, -5.1534, -4.4203, -3.6268, -2.7912, -1.927, -1.044, -0.14882, 0.75382, 1.6623, 2.5766, 3.4979, 4.4294, 5.3755, 6.343, 7.3408, 8.3822
50, -6.767, -6.3916, -5.862, -5.2149, -4.4821, -3.6878, -2.8504, -1.9836, -1.0975, -0.1988, 0.70765, 1.6202, 2.5386, 3.4643, 4.4002, 5.3509, 6.323, 7.3256, 8.3718
60, -6.8106, -6.4398, -5.9139, -5.2705, -4.5403, -3.7472, -2.9099, -2.0424, -1.1548, -0.25412, 0.65473, 1.57, 2.4914, 3.4203, 4.3595, 5.3136, 6.2893, 7.2957, 8.3458
70, -6.8542, -6.488, -5.9657, -5.3253, -4.5972, -3.8057, -2.9696, -2.1028, -1.2155, -0.3148, 0.59495, 1.5115, 2.4346, 3.3654, 4.3067, 5.2633, 6.2415, 7.2506, 8.3036
ENDTABLE
LOG_ENTRY Used Dataset: Suspension: Dive Angle (Virtual Steering Axis); { D-Class } D-Class, Sedan - Front Right
EXIT_PARSFILE Suspensions\Dive_Vir\DiveVir_c480cd4c-104a-4eff-bb5e-db8e8298a47b.par

ENTER_PARSFILE Suspensions\Longitudinal_Vir\LongVir_d39e83cd-23e8-418c-8fce-37b0bb693e7a.par
#FullDataName Suspension: Longitudinal Movement (Virtual Steering Axis)`D-Class, Sedan - Front Right`D-Class
X_VIR_CARPET 2D_SPLINE
0, -90, -80, -70, -60, -50, -40, -30, -20, -10, 0, 10, 20, 30, 40, 50, 60, 70, 80, 90
-70, -52.945, -47.512, -41.786, -35.921, -30.02, -24.163, -18.407, -12.786, -7.3222, -2.0217, 3.1161, 8.0997, 12.942, 17.661, 22.278, 26.817, 31.307, 35.784, 40.292
-60, -52.678, -47.215, -41.462, -35.572, -29.649, -23.773, -18.001, -12.367, -6.8927, -1.5844, 3.5554, 8.5385, 13.379, 18.095, 22.708, 27.242, 31.726, 36.196, 40.696
-50, -52.449, -46.96, -41.181, -35.268, -29.324, -23.43, -17.643, -11.998, -6.5136, -1.198, 3.9469, 8.9336, 13.776, 18.493, 23.104, 27.636, 32.117, 36.582, 41.076
-40, -52.258, -46.744, -40.942, -35.007, -29.045, -23.135, -17.334, -11.677, -6.184, -0.86144, 4.2884, 9.2783, 14.123, 18.84, 23.45, 27.98, 32.458, 36.919, 41.407
-30, -52.104, -46.568, -40.745, -34.791, -28.81, -22.885, -17.072, -11.405, -5.9029, -0.57392, 4.5805, 9.5737, 14.42, 19.137, 23.748, 28.276, 32.751, 37.208, 41.691
-20, -51.987, -46.431, -40.589, -34.617, -28.621, -22.682, -16.857, -11.179, -5.67, -0.33479, 4.8241, 9.8205, 14.669, 19.387, 23.997, 28.523, 32.996, 37.45, 41.929
-10, -51.906, -46.333, -40.475, -34.486, -28.476, -22.524, -16.688, -11.002, -5.4846, -0.1436, 5.0196, 10.019, 14.869, 19.588, 24.198, 28.724, 33.194, 37.646, 42.121
0, -51.862, -46.275, -40.401, -34.399, -28.375, -22.412, -16.565, -10.871, -5.3466, 0, 5.1675, 10.17, 15.022, 19.742, 24.352, 28.877, 33.347, 37.796, 42.268
10, -51.854, -46.255, -40.369, -34.354, -28.319, -22.345, -16.489, -10.786, -5.2558, 0.096137, 5.2678, 10.274, 15.128, 19.85, 24.46, 28.985, 33.454, 37.901, 42.371
20, -51.882, -46.273, -40.377, -34.351, -28.306, -22.323, -16.459, -10.749, -5.2121, 0.145, 5.3209, 10.33, 15.187, 19.91, 24.522, 29.047, 33.515, 37.962, 42.431
30, -51.945, -46.33, -40.426, -34.392, -28.338, -22.347, -16.475, -10.758, -5.2155, 0.14661, 5.3267, 10.339, 15.199, 19.924, 24.537, 29.063, 33.532, 37.978, 42.446
40, -52.044, -46.425, -40.515, -34.474, -28.414, -22.416, -16.537, -10.814, -5.266, 0.10095, 5.2852, 10.301, 15.164, 19.891, 24.506, 29.034, 33.503, 37.95, 42.418
50, -52.176, -46.557, -40.645, -34.599, -28.533, -22.53, -16.645, -10.917, -5.3637, 0.0080194, 5.1964, 10.216, 15.082, 19.812, 24.429, 28.959, 33.43, 37.878, 42.347
60, -52.325, -46.716, -40.811, -34.766, -28.696, -22.688, -16.8, -11.066, -5.5083, -0.13211, 5.0605, 10.084, 14.953, 19.687, 24.307, 28.839, 33.312, 37.762, 42.233
70, -52.474, -46.874, -40.978, -34.939, -28.874, -22.87, -16.983, -11.252, -5.6948, -0.31915, 4.8777, 9.9053, 14.778, 19.515, 24.139, 28.674, 33.15, 37.604, 42.077
ENDTABLE
LOG_ENTRY Used Dataset: Suspension: Longitudinal Movement (Virtual Steering Axis); { D-Class } D-Class, Sedan - Front Right
EXIT_PARSFILE Suspensions\Longitudinal_Vir\LongVir_d39e83cd-23e8-418c-8fce-37b0bb693e7a.par

ENTER_PARSFILE Suspensions\Camber_Vir\CamVir_2c2dd065-c2ba-4d00-bd9e-792ed1e29bc8.par
#FullDataName Suspension: Camber Angle (Virtual Steering Axis)`D-Class, Sedan - Front Right`D-Class
CAMBER_VIR_CARPET 2D_SPLINE
0, -90, -80, -70, -60, -50, -40, -30, -20, -10, 0, 10, 20, 30, 40, 50, 60, 70, 80, 90
-70, 11.185, 9.5728, 8.1062, 6.7828, 5.5928, 4.5272, 3.5762, 2.7294, 1.9773, 1.3105, 0.72069, 0.20046, -0.25663, -0.6559, -1.0016, -1.2968, -1.5433, -1.7412, -1.8884
-60, 11.046, 9.4131, 7.9285, 6.5902, 5.388, 4.3127, 3.354, 2.5017, 1.7457, 1.0765, 0.48675, -0.032179, -0.48705, -0.88327, -1.2251, -1.5157, -1.7567, -1.9482, -2.0879
-50, 10.921, 9.2675, 7.7655, 6.4126, 5.1985, 4.1136, 3.1474, 2.2895, 1.5294, 0.85767, 0.26672, -0.25233, -0.70628, -1.1006, -1.4397, -1.7265, -1.9629, -2.1487, -2.2817
-40, 10.809, 9.1364, 7.6175, 6.2505, 5.0247, 3.9303, 2.9566, 2.0929, 1.3287, 0.65419, 0.061767, -0.45771, -0.91109, -1.3039, -1.6406, -1.9243, -2.1565, -2.3373, -2.4642
-30, 10.712, 9.0201, 7.485, 6.1042, 4.8669, 3.7631, 2.782, 1.9124, 1.1439, 0.46631, -0.12788, -0.64813, -1.1013, -1.4931, -1.8279, -2.1088, -2.3375, -2.5139, -2.6353
-20, 10.629, 8.9193, 7.3685, 5.9743, 4.7257, 3.6126, 2.6239, 1.7483, 0.97522, 0.29437, -0.30192, -0.8233, -1.2767, -1.6679, -2.0013, -2.28, -2.5058, -2.6783, -2.795
-10, 10.561, 8.8343, 7.2685, 5.8612, 4.6016, 3.4791, 2.4828, 1.6012, 0.82323, 0.13877, -0.45997, -0.98288, -1.437, -1.828, -2.1605, -2.4376, -2.661, -2.8305, -2.9431
0, 10.509, 8.766, 7.1856, 5.7656, 4.4951, 3.3634, 2.3593, 1.4714, 0.68839, 0, -0.60157, -1.1264, -1.5817, -1.9731, -2.3053, -2.5814, -2.803, -2.97, -3.0795
10, 10.473, 8.7148, 7.1206, 5.6882, 4.407, 3.2661, 2.2542, 1.3597, 0.57131, -0.12134, -0.72618, -1.2535, -1.7103, -2.1027, -2.4351, -2.7108, -2.9314, -3.0967, -3.2038
20, 10.454, 8.6816, 7.0741, 5.6298, 4.338, 3.1878, 2.168, 1.2667, 0.47267, -0.22464, -0.83317, -1.3634, -1.8224, -2.2162, -2.5495, -2.8254, -3.0457, -3.2101, -3.3156
30, 10.453, 8.6672, 7.047, 5.5911, 4.2889, 3.1296, 2.1016, 1.1933, 0.39328, -0.30912, -0.92181, -1.4554, -1.9171, -2.3131, -2.6478, -2.9247, -3.1455, -3.3097, -3.4144
40, 10.47, 8.6723, 7.0402, 5.5731, 4.2608, 3.0922, 2.056, 1.1404, 0.33401, -0.3739, -0.99125, -1.5288, -1.9938, -2.3925, -2.7294, -3.008, -3.2299, -3.3948, -3.4998
50, 10.507, 8.698, 7.0548, 5.577, 4.2547, 3.0769, 2.0323, 1.1091, 0.29592, -0.418, -1.0405, -1.5826, -2.0516, -2.4536, -2.7935, -3.0745, -3.2984, -3.4649, -3.571
60, 10.553, 8.7389, 7.0904, 5.6037, 4.2717, 3.0847, 2.0315, 1.1005, 0.28016, -0.44027, -1.0685, -1.6157, -2.0893, -2.4954, -2.8389, -3.1231, -3.3499, -3.5189, -3.6272
70, 10.599, 8.7799, 7.126, 5.6339, 4.2966, 3.1044, 2.0462, 1.1104, 0.28546, -0.43938, -1.0739, -1.6268, -2.1057, -2.5167, -2.8646, -3.153, -3.3835, -3.556, -3.6675
ENDTABLE
LOG_ENTRY Used Dataset: Suspension: Camber Angle (Virtual Steering Axis); { D-Class } D-Class, Sedan - Front Right
EXIT_PARSFILE Suspensions\Camber_Vir\CamVir_2c2dd065-c2ba-4d00-bd9e-792ed1e29bc8.par

ENTER_PARSFILE Suspensions\Lateral_Vir\LatVir_583dd22d-dab5-4946-8c60-a8b6ea08fb50.par
#FullDataName Suspension: Lateral Movement (Virtual Steering Axis)`D-Class, Sedan - Front Right`D-Class
LAT_VIR_CARPET 2D_SPLINE
0, -90, -80, -70, -60, -50, -40, -30, -20, -10, 0, 10, 20, 30, 40, 50, 60, 70, 80, 90
-70, 29.283, 23.157, 18.04, 13.873, 10.517, 7.8784, 5.8695, 4.4124, 3.4385, 2.8892, 2.7162, 2.8802, 3.3515, 4.1095, 5.1428, 6.4497, 8.04, 9.9384, 12.19
-60, 28.384, 22.225, 17.083, 12.897, 9.5276, 6.8795, 4.8652, 3.4055, 2.4314, 1.8838, 1.7282, 1.9121, 2.4023, 3.1783, 4.2286, 5.5518, 7.1578, 9.0712, 11.337
-50, 27.707, 21.513, 16.343, 12.135, 8.7497, 6.09, 4.0679, 2.6035, 1.6271, 1.0792, 0.92567, 1.1121, 1.6058, 2.3863, 3.4419, 4.7712, 6.3841, 8.3053, 10.58
-40, 27.248, 21.018, 15.818, 11.585, 8.1811, 5.5076, 3.4754, 2.0041, 1.0234, 0.4733, 0.31979, 0.50692, 1.0026, 1.786, 2.8455, 4.1795, 5.798, 7.7256, 10.008
-30, 27.008, 20.738, 15.505, 11.245, 7.8202, 5.1303, 3.0857, 1.6053, 0.61825, 0.063936, -0.091432, 0.094712, 0.59071, 1.3755, 2.4374, 3.7748, 5.3975, 7.3303, 9.6189
-20, 26.984, 20.672, 15.403, 11.114, 7.6654, 4.9567, 2.8974, 1.4056, 0.40998, -0.15053, -0.30971, -0.1263, 0.36835, 1.153, 2.2158, 3.5551, 5.1807, 7.1174, 9.4111
-10, 27.175, 20.818, 15.512, 11.19, 7.7156, 4.9856, 2.909, 1.4036, 0.39728, -0.17148, -0.33647, -0.15757, 0.33405, 1.117, 2.1792, 3.5189, 5.1461, 7.0854, 9.3828
0, 27.58, 21.177, 15.83, 11.474, 7.97, 5.216, 3.1198, 1.5984, 0.57912, 0, -0.17282, -0.00025932, 0.48661, 1.2662, 2.3263, 3.665, 5.2923, 7.2329, 9.5327
10, 28.2, 21.748, 16.358, 11.963, 8.4281, 5.6476, 3.5292, 1.9893, 0.95475, 0.36338, 0.18037, 0.34472, 0.82507, 1.5996, 2.656, 3.9923, 5.6182, 7.5586, 9.8595
20, 29.035, 22.531, 17.095, 12.659, 9.0899, 6.2801, 4.1368, 2.576, 1.5238, 0.91781, 0.72254, 0.87672, 1.3487, 2.1165, 3.1676, 4.4998, 6.123, 8.0618, 10.362
30, 30.085, 23.527, 18.042, 13.562, 9.9558, 7.1138, 4.9429, 3.3584, 2.286, 1.6631, 1.4534, 1.5954, 2.0571, 2.8163, 3.8604, 5.187, 6.8057, 8.7414, 11.04
40, 31.352, 24.736, 19.2, 14.673, 11.026, 8.1491, 5.9477, 4.3369, 3.2418, 2.5993, 2.3729, 2.5006, 2.9501, 3.6989, 4.7341, 6.0533, 7.6661, 9.5971, 11.892
50, 32.835, 26.161, 20.569, 15.993, 12.303, 9.3872, 7.1523, 5.5122, 4.3917, 3.7269, 3.4815, 3.5926, 4.0278, 4.7641, 5.7886, 7.0987, 8.7037, 10.628, 12.919
60, 34.425, 27.741, 22.141, 17.523, 13.786, 10.829, 8.5577, 6.8853, 5.7365, 5.0467, 4.7797, 4.8719, 5.2905, 6.0123, 7.0241, 8.3231, 9.9185, 11.835, 14.119
70, 36.014, 29.321, 23.712, 19.085, 15.339, 12.373, 10.093, 8.4131, 7.2568, 6.5598, 6.2686, 6.3393, 6.7389, 7.4439, 8.4408, 9.7267, 11.311, 13.217, 15.492
ENDTABLE
LOG_ENTRY Used Dataset: Suspension: Lateral Movement (Virtual Steering Axis); { D-Class } D-Class, Sedan - Front Right
EXIT_PARSFILE Suspensions\Lateral_Vir\LatVir_583dd22d-dab5-4946-8c60-a8b6ea08fb50.par

ENTER_PARSFILE Suspensions\Steer_Vir\StrVir_754c0ac8-bd8e-4ec8-9e41-f84aedae3577.par
#FullDataName Suspension: Steer Angle (Virtual Steering Axis)`D-Class, Sedan - Front Right`D-Class
STEER_VIR_CARPET 2D_SPLINE
0, -90, -80, -70, -60, -50, -40, -30, -20, -10, 0, 10, 20, 30, 40, 50, 60, 70, 80, 90
-70, -45.634, -39.352, -33.492, -28.011, -22.861, -18.009, -13.419, -9.0623, -4.908, -0.9282, 2.9039, 6.615, 10.232, 13.78, 17.29, 20.792, 24.322, 27.924, 31.656
-60, -45.47, -39.183, -33.32, -27.835, -22.683, -17.827, -13.235, -8.8757, -4.7192, -0.73749, 3.0949, 6.8061, 10.423, 13.971, 17.481, 20.983, 24.513, 28.116, 31.848
-50, -45.325, -39.035, -33.168, -27.679, -22.524, -17.665, -13.071, -8.7089, -4.5503, -0.56668, 3.2674, 6.9801, 10.598, 14.148, 17.659, 21.162, 24.693, 28.297, 32.03
-40, -45.2, -38.905, -33.035, -27.542, -22.384, -17.523, -12.926, -8.5615, -4.4008, -0.41534, 3.4204, 7.1347, 10.754, 14.305, 17.817, 21.321, 24.853, 28.458, 32.191
-30, -45.094, -38.795, -32.921, -27.425, -22.263, -17.399, -12.8, -8.4333, -4.2705, -0.28318, 3.5542, 7.27, 10.891, 14.443, 17.956, 21.461, 24.994, 28.599, 32.333
-20, -45.007, -38.704, -32.826, -27.327, -22.162, -17.295, -12.693, -8.3241, -4.1592, -0.16996, 3.669, 7.3863, 11.008, 14.562, 18.076, 21.582, 25.116, 28.721, 32.456
-10, -44.94, -38.633, -32.751, -27.248, -22.08, -17.21, -12.605, -8.2337, -4.0667, -0.075584, 3.7651, 7.4838, 11.107, 14.662, 18.177, 21.684, 25.218, 28.825, 32.56
0, -44.892, -38.58, -32.694, -27.187, -22.016, -17.143, -12.536, -8.1621, -3.993, 0, 3.8423, 7.5625, 11.187, 14.743, 18.26, 21.767, 25.302, 28.909, 32.645
10, -44.863, -38.547, -32.657, -27.146, -21.971, -17.096, -12.485, -8.1095, -3.9382, 0.056697, 3.9007, 7.6224, 11.248, 14.806, 18.323, 21.831, 25.367, 28.975, 32.711
20, -44.854, -38.534, -32.639, -27.125, -21.946, -17.067, -12.454, -8.0759, -3.9024, 0.094382, 3.9401, 7.6633, 11.291, 14.849, 18.367, 21.877, 25.413, 29.021, 32.758
30, -44.866, -38.54, -32.641, -27.123, -21.941, -17.059, -12.443, -8.0618, -3.886, 0.11279, 3.9602, 7.685, 11.314, 14.873, 18.393, 21.903, 25.44, 29.049, 32.786
40, -44.898, -38.568, -32.664, -27.141, -21.955, -17.07, -12.451, -8.0675, -3.8894, 0.11153, 3.9607, 7.6871, 11.317, 14.878, 18.398, 21.91, 25.448, 29.057, 32.794
50, -44.952, -38.616, -32.707, -27.18, -21.991, -17.102, -12.48, -8.0936, -3.913, 0.090095, 3.9412, 7.6692, 11.301, 14.863, 18.384, 21.896, 25.435, 29.045, 32.783
60, -45.017, -38.681, -32.772, -27.241, -22.048, -17.155, -12.53, -8.1408, -3.9576, 0.047795, 3.9008, 7.6305, 11.264, 14.827, 18.35, 21.863, 25.402, 29.013, 32.751
70, -45.081, -38.745, -32.836, -27.306, -22.112, -17.22, -12.594, -8.2049, -4.0217, -0.01625, 3.8388, 7.5703, 11.205, 14.77, 18.294, 21.808, 25.348, 28.959, 32.699
ENDTABLE
LOG_ENTRY Used Dataset: Suspension: Steer Angle (Virtual Steering Axis); { D-Class } D-Class, Sedan - Front Right
EXIT_PARSFILE Suspensions\Steer_Vir\StrVir_754c0ac8-bd8e-4ec8-9e41-f84aedae3577.par

CAMBER_VIR_OFFSET(1,2) 0
STEER_VIR_OFFSET(1,2) 0
LOG_ENTRY Used Dataset: Suspension: Virtual Steering Axis System Kinematics; { D-Class } D-Class, Sedan (VSA) - Front
EXIT_PARSFILE Suspensions\Kin_Vir\KinVir_f5ef250f-55ae-4b6c-8bae-3a67649a15d1.par

ENTER_PARSFILE Suspensions\Compliance_Vir\CmpVir_eff1ff86-5c8b-4883-9392-3b3f94bfe715.par
#FullDataName Suspension: Virtual Steering Axis Compliance, Springs, and Dampers`D-Class, Sedan (VSA) - Front`D-Class
DAUX 0
iside 1
OPT_EXT_SP 0
FS_COMP_COEFFICIENT 153
FS_EXT_COEFFICIENT 153
FS_COMP_OFFSET 20
FS_EXT_OFFSET -20
SPRING_COMP_BETA 2
SPRING_EXT_BETA 2
ENTER_PARSFILE Generic\tables\GenTab_34a0b4eb-67a8-4bd6-80d6-5420a5a4e9d4.par
#FullDataName Generic Table`Front Left Spring Compression`D-Class, Sedan (VSA)
CMP_SPR_SEAT_VIR_CARPET 2D_SPLINE
0, -90, -80, -70, -60, -50, -40, -30, -20, -10, 0, 10, 20, 30, 40, 50, 60, 70, 80, 90
-70, -48.773, -48.587, -48.357, -48.086, -47.771, -47.412, -47.006, -46.548, -46.033, -45.457, -44.812, -44.092, -43.288, -42.393, -41.399, -40.299, -39.088, -37.762, -36.322
-60, -42.264, -42.084, -41.859, -41.592, -41.281, -40.924, -40.52, -40.063, -39.549, -38.972, -38.325, -37.601, -36.792, -35.891, -34.888, -33.778, -32.554, -31.213, -29.755
-50, -35.755, -35.58, -35.36, -35.097, -34.789, -34.435, -34.032, -33.576, -33.062, -32.484, -31.834, -31.107, -30.294, -29.386, -28.375, -27.255, -26.019, -24.663, -23.189
-40, -29.246, -29.076, -28.861, -28.601, -28.296, -27.944, -27.542, -27.086, -26.572, -25.993, -25.341, -24.61, -23.792, -22.878, -21.86, -20.73, -19.482, -18.113, -16.622
-30, -22.737, -22.572, -22.36, -22.103, -21.801, -21.45, -21.05, -20.594, -20.079, -19.499, -18.845, -18.111, -17.288, -16.368, -15.342, -14.203, -12.944, -11.561, -10.056
-20, -16.23, -16.068, -15.86, -15.605, -15.304, -14.955, -14.555, -14.1, -13.584, -13.002, -12.346, -11.608, -10.781, -9.8545, -8.8213, -7.6731, -6.4036, -5.0093, -3.4905
-10, -9.7226, -9.5647, -9.3586, -9.1061, -8.8067, -8.4587, -8.059, -7.6033, -7.0865, -6.5024, -5.8435, -5.1023, -4.2702, -3.3383, -2.298, -1.1414, 0.13798, 1.5437, 3.0752
0, -3.2165, -3.0613, -2.8573, -2.6062, -2.3079, -1.9603, -1.5605, -1.1042, -0.58611, 0, 0.66167, 1.4066, 2.2433, 3.1809, 4.228, 5.3927, 6.6814, 8.0976, 9.6406
10, 3.2884, 3.4416, 3.6442, 3.8943, 4.1921, 4.5396, 4.9399, 5.3973, 5.917, 6.5053, 7.17, 7.9186, 8.76, 9.7031, 10.757, 11.929, 13.227, 14.652, 16.206
20, 9.7921, 9.944, 10.146, 10.395, 10.693, 11.041, 11.442, 11.901, 12.423, 13.014, 13.681, 14.434, 15.28, 16.229, 17.289, 18.468, 19.774, 21.208, 22.771
30, 16.294, 16.446, 16.647, 16.897, 17.196, 17.544, 17.947, 18.408, 18.931, 19.525, 20.196, 20.953, 21.803, 22.757, 23.824, 25.01, 26.323, 27.765, 29.335
40, 22.795, 22.947, 23.149, 23.399, 23.699, 24.049, 24.454, 24.916, 25.443, 26.04, 26.714, 27.475, 28.33, 29.29, 30.362, 31.554, 32.874, 34.323, 35.899
50, 29.295, 29.447, 29.65, 29.902, 30.204, 30.556, 30.963, 31.428, 31.957, 32.557, 33.236, 34.001, 34.861, 35.825, 36.903, 38.101, 39.426, 40.881, 42.463
60, 35.793, 35.947, 36.152, 36.406, 36.71, 37.064, 37.474, 37.942, 38.475, 39.079, 39.761, 40.53, 41.395, 42.365, 43.447, 44.651, 45.981, 47.44, 49.025
70, 42.289, 42.446, 42.653, 42.91, 43.217, 43.575, 43.987, 44.459, 44.996, 45.603, 46.29, 47.063, 47.932, 48.906, 49.993, 51.201, 52.535, 53.999, 55.588
ENDTABLE
LOG_ENTRY Used Dataset: Generic Table; { D-Class, Sedan (VSA) } Front Left Spring Compression
EXIT_PARSFILE Generic\tables\GenTab_34a0b4eb-67a8-4bd6-80d6-5420a5a4e9d4.par

L_SPG_ADJ 0
FS_OFFSET 0
CMP_OFFSET 0
ENTER_PARSFILE Suspensions\Shocks\Shock_06339072-ca43-46c4-af82-ec3bf59d6ffc.par
#FullDataName Suspension: Shock Absorber`Big Car`Passenger Car
FD_TABLE SPLINE
-1410, -5008
-720, -3436
-390, -2324
-210, -1792
-90, -1008
-20, -228
0, 0
20, 228
90, 596
200, 784
390, 1100
760, 1796
1160, 2560
ENDTABLE
LOG_ENTRY Used Dataset: Suspension: Shock Absorber; { Passenger Car } Big Car
EXIT_PARSFILE Suspensions\Shocks\Shock_06339072-ca43-46c4-af82-ec3bf59d6ffc.par

ENTER_PARSFILE Generic\tables\GenTab_a7078ffc-1eba-4fcd-a4a9-cb90b0273bed.par
#FullDataName Generic Table`Front Left Damper Compression`D-Class, Sedan (VSA)
CMP_DAMP_VIR_CARPET 2D_SPLINE
0, -90, -80, -70, -60, -50, -40, -30, -20, -10, 0, 10, 20, 30, 40, 50, 60, 70, 80, 90
-70, -48.773, -48.587, -48.357, -48.086, -47.771, -47.412, -47.006, -46.548, -46.033, -45.457, -44.812, -44.092, -43.288, -42.393, -41.399, -40.299, -39.088, -37.762, -36.322
-60, -42.264, -42.084, -41.859, -41.592, -41.281, -40.924, -40.52, -40.063, -39.549, -38.972, -38.325, -37.601, -36.792, -35.891, -34.888, -33.778, -32.554, -31.213, -29.755
-50, -35.755, -35.58, -35.36, -35.097, -34.789, -34.435, -34.032, -33.576, -33.062, -32.484, -31.834, -31.107, -30.294, -29.386, -28.375, -27.255, -26.019, -24.663, -23.189
-40, -29.246, -29.076, -28.861, -28.601, -28.296, -27.944, -27.542, -27.086, -26.572, -25.993, -25.341, -24.61, -23.792, -22.878, -21.86, -20.73, -19.482, -18.113, -16.622
-30, -22.737, -22.572, -22.36, -22.103, -21.801, -21.45, -21.05, -20.594, -20.079, -19.499, -18.845, -18.111, -17.288, -16.368, -15.342, -14.203, -12.944, -11.561, -10.056
-20, -16.23, -16.068, -15.86, -15.605, -15.304, -14.955, -14.555, -14.1, -13.584, -13.002, -12.346, -11.608, -10.781, -9.8545, -8.8213, -7.6731, -6.4036, -5.0093, -3.4905
-10, -9.7226, -9.5647, -9.3586, -9.1061, -8.8067, -8.4587, -8.059, -7.6033, -7.0865, -6.5024, -5.8435, -5.1023, -4.2702, -3.3383, -2.298, -1.1414, 0.13798, 1.5437, 3.0752
0, -3.2165, -3.0613, -2.8573, -2.6062, -2.3079, -1.9603, -1.5605, -1.1042, -0.58611, 0, 0.66167, 1.4066, 2.2433, 3.1809, 4.228, 5.3927, 6.6814, 8.0976, 9.6406
10, 3.2884, 3.4416, 3.6442, 3.8943, 4.1921, 4.5396, 4.9399, 5.3973, 5.917, 6.5053, 7.17, 7.9186, 8.76, 9.7031, 10.757, 11.929, 13.227, 14.652, 16.206
20, 9.7921, 9.944, 10.146, 10.395, 10.693, 11.041, 11.442, 11.901, 12.423, 13.014, 13.681, 14.434, 15.28, 16.229, 17.289, 18.468, 19.774, 21.208, 22.771
30, 16.294, 16.446, 16.647, 16.897, 17.196, 17.544, 17.947, 18.408, 18.931, 19.525, 20.196, 20.953, 21.803, 22.757, 23.824, 25.01, 26.323, 27.765, 29.335
40, 22.795, 22.947, 23.149, 23.399, 23.699, 24.049, 24.454, 24.916, 25.443, 26.04, 26.714, 27.475, 28.33, 29.29, 30.362, 31.554, 32.874, 34.323, 35.899
50, 29.295, 29.447, 29.65, 29.902, 30.204, 30.556, 30.963, 31.428, 31.957, 32.557, 33.236, 34.001, 34.861, 35.825, 36.903, 38.101, 39.426, 40.881, 42.463
60, 35.793, 35.947, 36.152, 36.406, 36.71, 37.064, 37.474, 37.942, 38.475, 39.079, 39.761, 40.53, 41.395, 42.365, 43.447, 44.651, 45.981, 47.44, 49.025
70, 42.289, 42.446, 42.653, 42.91, 43.217, 43.575, 43.987, 44.459, 44.996, 45.603, 46.29, 47.063, 47.932, 48.906, 49.993, 51.201, 52.535, 53.999, 55.588
ENDTABLE
LOG_ENTRY Used Dataset: Generic Table; { D-Class, Sedan (VSA) } Front Left Damper Compression
EXIT_PARSFILE Generic\tables\GenTab_a7078ffc-1eba-4fcd-a4a9-cb90b0273bed.par

ENTER_PARSFILE Suspensions\Jounce_Rebound\JncReb_96afcc39-5188-4e82-aa5a-164ead34c04f.par
#FullDataName Suspension: Jounce and Rebound Stops`+60 mm / -40 mm`Jounce Range: 50 mm to 99 mm
F_JNC_STOP_TABLE LINEAR
58, 0
59, 0
60, 10000
ENDTABLE
F_REB_STOP_TABLE LINEAR
-40, -10000
-39, 0
-38, 0
ENDTABLE
LOG_ENTRY Used Dataset: Suspension: Jounce and Rebound Stops; { Jounce Range: 50 mm to 99 mm } +60 mm / -40 mm
EXIT_PARSFILE Suspensions\Jounce_Rebound\JncReb_96afcc39-5188-4e82-aa5a-164ead34c04f.par

ENTER_PARSFILE Generic\tables\GenTab_e85c33f5-43f1-47b9-a584-ed5aef8c530b.par
#FullDataName Generic Table`Front Left J-Stop Compression`D-Class, Sedan (VSA)
CMP_JSTOP_VIR_CARPET 2D_SPLINE
0, -90, -80, -70, -60, -50, -40, -30, -20, -10, 0, 10, 20, 30, 40, 50, 60, 70, 80, 90
-70, -48.773, -48.587, -48.357, -48.086, -47.771, -47.412, -47.006, -46.548, -46.033, -45.457, -44.812, -44.092, -43.288, -42.393, -41.399, -40.299, -39.088, -37.762, -36.322
-60, -42.264, -42.084, -41.859, -41.592, -41.281, -40.924, -40.52, -40.063, -39.549, -38.972, -38.325, -37.601, -36.792, -35.891, -34.888, -33.778, -32.554, -31.213, -29.755
-50, -35.755, -35.58, -35.36, -35.097, -34.789, -34.435, -34.032, -33.576, -33.062, -32.484, -31.834, -31.107, -30.294, -29.386, -28.375, -27.255, -26.019, -24.663, -23.189
-40, -29.246, -29.076, -28.861, -28.601, -28.296, -27.944, -27.542, -27.086, -26.572, -25.993, -25.341, -24.61, -23.792, -22.878, -21.86, -20.73, -19.482, -18.113, -16.622
-30, -22.737, -22.572, -22.36, -22.103, -21.801, -21.45, -21.05, -20.594, -20.079, -19.499, -18.845, -18.111, -17.288, -16.368, -15.342, -14.203, -12.944, -11.561, -10.056
-20, -16.23, -16.068, -15.86, -15.605, -15.304, -14.955, -14.555, -14.1, -13.584, -13.002, -12.346, -11.608, -10.781, -9.8545, -8.8213, -7.6731, -6.4036, -5.0093, -3.4905
-10, -9.7226, -9.5647, -9.3586, -9.1061, -8.8067, -8.4587, -8.059, -7.6033, -7.0865, -6.5024, -5.8435, -5.1023, -4.2702, -3.3383, -2.298, -1.1414, 0.13798, 1.5437, 3.0752
0, -3.2165, -3.0613, -2.8573, -2.6062, -2.3079, -1.9603, -1.5605, -1.1042, -0.58611, 0, 0.66167, 1.4066, 2.2433, 3.1809, 4.228, 5.3927, 6.6814, 8.0976, 9.6406
10, 3.2884, 3.4416, 3.6442, 3.8943, 4.1921, 4.5396, 4.9399, 5.3973, 5.917, 6.5053, 7.17, 7.9186, 8.76, 9.7031, 10.757, 11.929, 13.227, 14.652, 16.206
20, 9.7921, 9.944, 10.146, 10.395, 10.693, 11.041, 11.442, 11.901, 12.423, 13.014, 13.681, 14.434, 15.28, 16.229, 17.289, 18.468, 19.774, 21.208, 22.771
30, 16.294, 16.446, 16.647, 16.897, 17.196, 17.544, 17.947, 18.408, 18.931, 19.525, 20.196, 20.953, 21.803, 22.757, 23.824, 25.01, 26.323, 27.765, 29.335
40, 22.795, 22.947, 23.149, 23.399, 23.699, 24.049, 24.454, 24.916, 25.443, 26.04, 26.714, 27.475, 28.33, 29.29, 30.362, 31.554, 32.874, 34.323, 35.899
50, 29.295, 29.447, 29.65, 29.902, 30.204, 30.556, 30.963, 31.428, 31.957, 32.557, 33.236, 34.001, 34.861, 35.825, 36.903, 38.101, 39.426, 40.881, 42.463
60, 35.793, 35.947, 36.152, 36.406, 36.71, 37.064, 37.474, 37.942, 38.475, 39.079, 39.761, 40.53, 41.395, 42.365, 43.447, 44.651, 45.981, 47.44, 49.025
70, 42.289, 42.446, 42.653, 42.91, 43.217, 43.575, 43.987, 44.459, 44.996, 45.603, 46.29, 47.063, 47.932, 48.906, 49.993, 51.201, 52.535, 53.999, 55.588
ENDTABLE
LOG_ENTRY Used Dataset: Generic Table; { D-Class, Sedan (VSA) } Front Left J-Stop Compression
EXIT_PARSFILE Generic\tables\GenTab_e85c33f5-43f1-47b9-a584-ed5aef8c530b.par

ENTER_PARSFILE Generic\tables\GenTab_b6360c31-3547-4be8-9154-61ecfcb6dc30.par
#FullDataName Generic Table`Front Left R-Stop Compression`D-Class, Sedan (VSA)
CMP_RSTOP_VIR_CARPET 2D_SPLINE
0, -90, -80, -70, -60, -50, -40, -30, -20, -10, 0, 10, 20, 30, 40, 50, 60, 70, 80, 90
-70, -48.773, -48.587, -48.357, -48.086, -47.771, -47.412, -47.006, -46.548, -46.033, -45.457, -44.812, -44.092, -43.288, -42.393, -41.399, -40.299, -39.088, -37.762, -36.322
-60, -42.264, -42.084, -41.859, -41.592, -41.281, -40.924, -40.52, -40.063, -39.549, -38.972, -38.325, -37.601, -36.792, -35.891, -34.888, -33.778, -32.554, -31.213, -29.755
-50, -35.755, -35.58, -35.36, -35.097, -34.789, -34.435, -34.032, -33.576, -33.062, -32.484, -31.834, -31.107, -30.294, -29.386, -28.375, -27.255, -26.019, -24.663, -23.189
-40, -29.246, -29.076, -28.861, -28.601, -28.296, -27.944, -27.542, -27.086, -26.572, -25.993, -25.341, -24.61, -23.792, -22.878, -21.86, -20.73, -19.482, -18.113, -16.622
-30, -22.737, -22.572, -22.36, -22.103, -21.801, -21.45, -21.05, -20.594, -20.079, -19.499, -18.845, -18.111, -17.288, -16.368, -15.342, -14.203, -12.944, -11.561, -10.056
-20, -16.23, -16.068, -15.86, -15.605, -15.304, -14.955, -14.555, -14.1, -13.584, -13.002, -12.346, -11.608, -10.781, -9.8545, -8.8213, -7.6731, -6.4036, -5.0093, -3.4905
-10, -9.7226, -9.5647, -9.3586, -9.1061, -8.8067, -8.4587, -8.059, -7.6033, -7.0865, -6.5024, -5.8435, -5.1023, -4.2702, -3.3383, -2.298, -1.1414, 0.13798, 1.5437, 3.0752
0, -3.2165, -3.0613, -2.8573, -2.6062, -2.3079, -1.9603, -1.5605, -1.1042, -0.58611, 0, 0.66167, 1.4066, 2.2433, 3.1809, 4.228, 5.3927, 6.6814, 8.0976, 9.6406
10, 3.2884, 3.4416, 3.6442, 3.8943, 4.1921, 4.5396, 4.9399, 5.3973, 5.917, 6.5053, 7.17, 7.9186, 8.76, 9.7031, 10.757, 11.929, 13.227, 14.652, 16.206
20, 9.7921, 9.944, 10.146, 10.395, 10.693, 11.041, 11.442, 11.901, 12.423, 13.014, 13.681, 14.434, 15.28, 16.229, 17.289, 18.468, 19.774, 21.208, 22.771
30, 16.294, 16.446, 16.647, 16.897, 17.196, 17.544, 17.947, 18.408, 18.931, 19.525, 20.196, 20.953, 21.803, 22.757, 23.824, 25.01, 26.323, 27.765, 29.335
40, 22.795, 22.947, 23.149, 23.399, 23.699, 24.049, 24.454, 24.916, 25.443, 26.04, 26.714, 27.475, 28.33, 29.29, 30.362, 31.554, 32.874, 34.323, 35.899
50, 29.295, 29.447, 29.65, 29.902, 30.204, 30.556, 30.963, 31.428, 31.957, 32.557, 33.236, 34.001, 34.861, 35.825, 36.903, 38.101, 39.426, 40.881, 42.463
60, 35.793, 35.947, 36.152, 36.406, 36.71, 37.064, 37.474, 37.942, 38.475, 39.079, 39.761, 40.53, 41.395, 42.365, 43.447, 44.651, 45.981, 47.44, 49.025
70, 42.289, 42.446, 42.653, 42.91, 43.217, 43.575, 43.987, 44.459, 44.996, 45.603, 46.29, 47.063, 47.932, 48.906, 49.993, 51.201, 52.535, 53.999, 55.588
ENDTABLE
LOG_ENTRY Used Dataset: Generic Table; { D-Class, Sedan (VSA) } Front Left R-Stop Compression
EXIT_PARSFILE Generic\tables\GenTab_b6360c31-3547-4be8-9154-61ecfcb6dc30.par

CT_FX_COEFFICIENT 0
CS_FY_COEFFICIENT -0.27e-6
CS_MZ_COEFFICIENT 0.38e-4
CC_FX_COEFFICIENT 0
CI_FY_COEFFICIENT 0
CI_MZ_COEFFICIENT 0
C_LONG_COEFFICIENT 5.0e-5
C_LAT_COEFFICIENT 4.1e-5
CD_MY_COEFFICIENT 0
iside 2
OPT_EXT_SP 0
FS_COMP_COEFFICIENT 153
FS_EXT_COEFFICIENT 153
FS_COMP_OFFSET 20
FS_EXT_OFFSET -20
SPRING_COMP_BETA 2
SPRING_EXT_BETA 2
ENTER_PARSFILE Generic\tables\GenTab_1b14c118-b2b9-4026-8fe4-146d61f5dd89.par
#FullDataName Generic Table`Front Right Spring Compression`D-Class, Sedan (VSA)
CMP_SPR_SEAT_VIR_CARPET 2D_SPLINE
0, -90, -80, -70, -60, -50, -40, -30, -20, -10, 0, 10, 20, 30, 40, 50, 60, 70, 80, 90
-70, -36.322, -37.762, -39.088, -40.299, -41.399, -42.393, -43.288, -44.092, -44.812, -45.457, -46.033, -46.548, -47.006, -47.412, -47.771, -48.086, -48.357, -48.587, -48.773
-60, -29.755, -31.213, -32.554, -33.778, -34.888, -35.891, -36.792, -37.601, -38.325, -38.972, -39.549, -40.063, -40.52, -40.924, -41.281, -41.592, -41.859, -42.084, -42.264
-50, -23.189, -24.663, -26.019, -27.255, -28.375, -29.386, -30.294, -31.107, -31.834, -32.484, -33.062, -33.576, -34.032, -34.435, -34.789, -35.097, -35.36, -35.58, -35.755
-40, -16.622, -18.113, -19.482, -20.73, -21.86, -22.878, -23.792, -24.61, -25.341, -25.993, -26.572, -27.086, -27.542, -27.944, -28.296, -28.601, -28.861, -29.076, -29.246
-30, -10.056, -11.561, -12.944, -14.203, -15.342, -16.368, -17.288, -18.111, -18.845, -19.499, -20.079, -20.594, -21.05, -21.45, -21.801, -22.103, -22.36, -22.572, -22.737
-20, -3.4905, -5.0093, -6.4036, -7.6731, -8.8213, -9.8545, -10.781, -11.608, -12.346, -13.002, -13.584, -14.1, -14.555, -14.955, -15.304, -15.605, -15.86, -16.068, -16.23
-10, 3.0752, 1.5437, 0.13798, -1.1414, -2.298, -3.3383, -4.2702, -5.1023, -5.8435, -6.5024, -7.0865, -7.6033, -8.059, -8.4587, -8.8067, -9.1061, -9.3586, -9.5647, -9.7226
0, 9.6406, 8.0976, 6.6814, 5.3927, 4.228, 3.1809, 2.2433, 1.4066, 0.66167, 0, -0.58611, -1.1042, -1.5605, -1.9603, -2.3079, -2.6062, -2.8573, -3.0613, -3.2165
10, 16.206, 14.652, 13.227, 11.929, 10.757, 9.7031, 8.76, 7.9186, 7.17, 6.5053, 5.917, 5.3973, 4.9399, 4.5396, 4.1921, 3.8943, 3.6442, 3.4416, 3.2884
20, 22.771, 21.208, 19.774, 18.468, 17.289, 16.229, 15.28, 14.434, 13.681, 13.014, 12.423, 11.901, 11.442, 11.041, 10.693, 10.395, 10.146, 9.944, 9.7921
30, 29.335, 27.765, 26.323, 25.01, 23.824, 22.757, 21.803, 20.953, 20.196, 19.525, 18.931, 18.408, 17.947, 17.544, 17.196, 16.897, 16.647, 16.446, 16.294
40, 35.899, 34.323, 32.874, 31.554, 30.362, 29.29, 28.33, 27.475, 26.714, 26.04, 25.443, 24.916, 24.454, 24.049, 23.699, 23.399, 23.149, 22.947, 22.795
50, 42.463, 40.881, 39.426, 38.101, 36.903, 35.825, 34.861, 34.001, 33.236, 32.557, 31.957, 31.428, 30.963, 30.556, 30.204, 29.902, 29.65, 29.447, 29.295
60, 49.025, 47.44, 45.981, 44.651, 43.447, 42.365, 41.395, 40.53, 39.761, 39.079, 38.475, 37.942, 37.474, 37.064, 36.71, 36.406, 36.152, 35.947, 35.793
70, 55.588, 53.999, 52.535, 51.201, 49.993, 48.906, 47.932, 47.063, 46.29, 45.603, 44.996, 44.459, 43.987, 43.575, 43.217, 42.91, 42.653, 42.446, 42.289
ENDTABLE
LOG_ENTRY Used Dataset: Generic Table; { D-Class, Sedan (VSA) } Front Right Spring Compression
EXIT_PARSFILE Generic\tables\GenTab_1b14c118-b2b9-4026-8fe4-146d61f5dd89.par

L_SPG_ADJ 0
FS_OFFSET 0
CMP_OFFSET 0
ENTER_PARSFILE Suspensions\Shocks\Shock_06339072-ca43-46c4-af82-ec3bf59d6ffc.par
#FullDataName Suspension: Shock Absorber`Big Car`Passenger Car
FD_TABLE SPLINE
-1410, -5008
-720, -3436
-390, -2324
-210, -1792
-90, -1008
-20, -228
0, 0
20, 228
90, 596
200, 784
390, 1100
760, 1796
1160, 2560
ENDTABLE
LOG_ENTRY Used Dataset: Suspension: Shock Absorber; { Passenger Car } Big Car
EXIT_PARSFILE Suspensions\Shocks\Shock_06339072-ca43-46c4-af82-ec3bf59d6ffc.par

ENTER_PARSFILE Generic\tables\GenTab_0b6111c2-ce68-4694-ad72-5197a1e39d28.par
#FullDataName Generic Table`Front Right Damper Compression`D-Class, Sedan (VSA)
CMP_DAMP_VIR_CARPET 2D_SPLINE
0, -90, -80, -70, -60, -50, -40, -30, -20, -10, 0, 10, 20, 30, 40, 50, 60, 70, 80, 90
-70, -36.322, -37.762, -39.088, -40.299, -41.399, -42.393, -43.288, -44.092, -44.812, -45.457, -46.033, -46.548, -47.006, -47.412, -47.771, -48.086, -48.357, -48.587, -48.773
-60, -29.755, -31.213, -32.554, -33.778, -34.888, -35.891, -36.792, -37.601, -38.325, -38.972, -39.549, -40.063, -40.52, -40.924, -41.281, -41.592, -41.859, -42.084, -42.264
-50, -23.189, -24.663, -26.019, -27.255, -28.375, -29.386, -30.294, -31.107, -31.834, -32.484, -33.062, -33.576, -34.032, -34.435, -34.789, -35.097, -35.36, -35.58, -35.755
-40, -16.622, -18.113, -19.482, -20.73, -21.86, -22.878, -23.792, -24.61, -25.341, -25.993, -26.572, -27.086, -27.542, -27.944, -28.296, -28.601, -28.861, -29.076, -29.246
-30, -10.056, -11.561, -12.944, -14.203, -15.342, -16.368, -17.288, -18.111, -18.845, -19.499, -20.079, -20.594, -21.05, -21.45, -21.801, -22.103, -22.36, -22.572, -22.737
-20, -3.4905, -5.0093, -6.4036, -7.6731, -8.8213, -9.8545, -10.781, -11.608, -12.346, -13.002, -13.584, -14.1, -14.555, -14.955, -15.304, -15.605, -15.86, -16.068, -16.23
-10, 3.0752, 1.5437, 0.13798, -1.1414, -2.298, -3.3383, -4.2702, -5.1023, -5.8435, -6.5024, -7.0865, -7.6033, -8.059, -8.4587, -8.8067, -9.1061, -9.3586, -9.5647, -9.7226
0, 9.6406, 8.0976, 6.6814, 5.3927, 4.228, 3.1809, 2.2433, 1.4066, 0.66167, 0, -0.58611, -1.1042, -1.5605, -1.9603, -2.3079, -2.6062, -2.8573, -3.0613, -3.2165
10, 16.206, 14.652, 13.227, 11.929, 10.757, 9.7031, 8.76, 7.9186, 7.17, 6.5053, 5.917, 5.3973, 4.9399, 4.5396, 4.1921, 3.8943, 3.6442, 3.4416, 3.2884
20, 22.771, 21.208, 19.774, 18.468, 17.289, 16.229, 15.28, 14.434, 13.681, 13.014, 12.423, 11.901, 11.442, 11.041, 10.693, 10.395, 10.146, 9.944, 9.7921
30, 29.335, 27.765, 26.323, 25.01, 23.824, 22.757, 21.803, 20.953, 20.196, 19.525, 18.931, 18.408, 17.947, 17.544, 17.196, 16.897, 16.647, 16.446, 16.294
40, 35.899, 34.323, 32.874, 31.554, 30.362, 29.29, 28.33, 27.475, 26.714, 26.04, 25.443, 24.916, 24.454, 24.049, 23.699, 23.399, 23.149, 22.947, 22.795
50, 42.463, 40.881, 39.426, 38.101, 36.903, 35.825, 34.861, 34.001, 33.236, 32.557, 31.957, 31.428, 30.963, 30.556, 30.204, 29.902, 29.65, 29.447, 29.295
60, 49.025, 47.44, 45.981, 44.651, 43.447, 42.365, 41.395, 40.53, 39.761, 39.079, 38.475, 37.942, 37.474, 37.064, 36.71, 36.406, 36.152, 35.947, 35.793
70, 55.588, 53.999, 52.535, 51.201, 49.993, 48.906, 47.932, 47.063, 46.29, 45.603, 44.996, 44.459, 43.987, 43.575, 43.217, 42.91, 42.653, 42.446, 42.289
ENDTABLE
LOG_ENTRY Used Dataset: Generic Table; { D-Class, Sedan (VSA) } Front Right Damper Compression
EXIT_PARSFILE Generic\tables\GenTab_0b6111c2-ce68-4694-ad72-5197a1e39d28.par

ENTER_PARSFILE Suspensions\Jounce_Rebound\JncReb_96afcc39-5188-4e82-aa5a-164ead34c04f.par
#FullDataName Suspension: Jounce and Rebound Stops`+60 mm / -40 mm`Jounce Range: 50 mm to 99 mm
F_JNC_STOP_TABLE LINEAR
58, 0
59, 0
60, 10000
ENDTABLE
F_REB_STOP_TABLE LINEAR
-40, -10000
-39, 0
-38, 0
ENDTABLE
LOG_ENTRY Used Dataset: Suspension: Jounce and Rebound Stops; { Jounce Range: 50 mm to 99 mm } +60 mm / -40 mm
EXIT_PARSFILE Suspensions\Jounce_Rebound\JncReb_96afcc39-5188-4e82-aa5a-164ead34c04f.par

ENTER_PARSFILE Generic\tables\GenTab_f9918f5e-2a63-4b9a-8077-f0bf70f61414.par
#FullDataName Generic Table`Front Right J-Stop Compression`D-Class, Sedan (VSA)
CMP_JSTOP_VIR_CARPET 2D_SPLINE
0, -90, -80, -70, -60, -50, -40, -30, -20, -10, 0, 10, 20, 30, 40, 50, 60, 70, 80, 90
-70, -36.322, -37.762, -39.088, -40.299, -41.399, -42.393, -43.288, -44.092, -44.812, -45.457, -46.033, -46.548, -47.006, -47.412, -47.771, -48.086, -48.357, -48.587, -48.773
-60, -29.755, -31.213, -32.554, -33.778, -34.888, -35.891, -36.792, -37.601, -38.325, -38.972, -39.549, -40.063, -40.52, -40.924, -41.281, -41.592, -41.859, -42.084, -42.264
-50, -23.189, -24.663, -26.019, -27.255, -28.375, -29.386, -30.294, -31.107, -31.834, -32.484, -33.062, -33.576, -34.032, -34.435, -34.789, -35.097, -35.36, -35.58, -35.755
-40, -16.622, -18.113, -19.482, -20.73, -21.86, -22.878, -23.792, -24.61, -25.341, -25.993, -26.572, -27.086, -27.542, -27.944, -28.296, -28.601, -28.861, -29.076, -29.246
-30, -10.056, -11.561, -12.944, -14.203, -15.342, -16.368, -17.288, -18.111, -18.845, -19.499, -20.079, -20.594, -21.05, -21.45, -21.801, -22.103, -22.36, -22.572, -22.737
-20, -3.4905, -5.0093, -6.4036, -7.6731, -8.8213, -9.8545, -10.781, -11.608, -12.346, -13.002, -13.584, -14.1, -14.555, -14.955, -15.304, -15.605, -15.86, -16.068, -16.23
-10, 3.0752, 1.5437, 0.13798, -1.1414, -2.298, -3.3383, -4.2702, -5.1023, -5.8435, -6.5024, -7.0865, -7.6033, -8.059, -8.4587, -8.8067, -9.1061, -9.3586, -9.5647, -9.7226
0, 9.6406, 8.0976, 6.6814, 5.3927, 4.228, 3.1809, 2.2433, 1.4066, 0.66167, 0, -0.58611, -1.1042, -1.5605, -1.9603, -2.3079, -2.6062, -2.8573, -3.0613, -3.2165
10, 16.206, 14.652, 13.227, 11.929, 10.757, 9.7031, 8.76, 7.9186, 7.17, 6.5053, 5.917, 5.3973, 4.9399, 4.5396, 4.1921, 3.8943, 3.6442, 3.4416, 3.2884
20, 22.771, 21.208, 19.774, 18.468, 17.289, 16.229, 15.28, 14.434, 13.681, 13.014, 12.423, 11.901, 11.442, 11.041, 10.693, 10.395, 10.146, 9.944, 9.7921
30, 29.335, 27.765, 26.323, 25.01, 23.824, 22.757, 21.803, 20.953, 20.196, 19.525, 18.931, 18.408, 17.947, 17.544, 17.196, 16.897, 16.647, 16.446, 16.294
40, 35.899, 34.323, 32.874, 31.554, 30.362, 29.29, 28.33, 27.475, 26.714, 26.04, 25.443, 24.916, 24.454, 24.049, 23.699, 23.399, 23.149, 22.947, 22.795
50, 42.463, 40.881, 39.426, 38.101, 36.903, 35.825, 34.861, 34.001, 33.236, 32.557, 31.957, 31.428, 30.963, 30.556, 30.204, 29.902, 29.65, 29.447, 29.295
60, 49.025, 47.44, 45.981, 44.651, 43.447, 42.365, 41.395, 40.53, 39.761, 39.079, 38.475, 37.942, 37.474, 37.064, 36.71, 36.406, 36.152, 35.947, 35.793
70, 55.588, 53.999, 52.535, 51.201, 49.993, 48.906, 47.932, 47.063, 46.29, 45.603, 44.996, 44.459, 43.987, 43.575, 43.217, 42.91, 42.653, 42.446, 42.289
ENDTABLE
LOG_ENTRY Used Dataset: Generic Table; { D-Class, Sedan (VSA) } Front Right J-Stop Compression
EXIT_PARSFILE Generic\tables\GenTab_f9918f5e-2a63-4b9a-8077-f0bf70f61414.par

ENTER_PARSFILE Generic\tables\GenTab_8069d770-9e51-4287-952d-214687d10049.par
#FullDataName Generic Table`Front Right R-Stop Compression`D-Class, Sedan (VSA)
CMP_RSTOP_VIR_CARPET 2D_SPLINE
0, -90, -80, -70, -60, -50, -40, -30, -20, -10, 0, 10, 20, 30, 40, 50, 60, 70, 80, 90
-70, -36.322, -37.762, -39.088, -40.299, -41.399, -42.393, -43.288, -44.092, -44.812, -45.457, -46.033, -46.548, -47.006, -47.412, -47.771, -48.086, -48.357, -48.587, -48.773
-60, -29.755, -31.213, -32.554, -33.778, -34.888, -35.891, -36.792, -37.601, -38.325, -38.972, -39.549, -40.063, -40.52, -40.924, -41.281, -41.592, -41.859, -42.084, -42.264
-50, -23.189, -24.663, -26.019, -27.255, -28.375, -29.386, -30.294, -31.107, -31.834, -32.484, -33.062, -33.576, -34.032, -34.435, -34.789, -35.097, -35.36, -35.58, -35.755
-40, -16.622, -18.113, -19.482, -20.73, -21.86, -22.878, -23.792, -24.61, -25.341, -25.993, -26.572, -27.086, -27.542, -27.944, -28.296, -28.601, -28.861, -29.076, -29.246
-30, -10.056, -11.561, -12.944, -14.203, -15.342, -16.368, -17.288, -18.111, -18.845, -19.499, -20.079, -20.594, -21.05, -21.45, -21.801, -22.103, -22.36, -22.572, -22.737
-20, -3.4905, -5.0093, -6.4036, -7.6731, -8.8213, -9.8545, -10.781, -11.608, -12.346, -13.002, -13.584, -14.1, -14.555, -14.955, -15.304, -15.605, -15.86, -16.068, -16.23
-10, 3.0752, 1.5437, 0.13798, -1.1414, -2.298, -3.3383, -4.2702, -5.1023, -5.8435, -6.5024, -7.0865, -7.6033, -8.059, -8.4587, -8.8067, -9.1061, -9.3586, -9.5647, -9.7226
0, 9.6406, 8.0976, 6.6814, 5.3927, 4.228, 3.1809, 2.2433, 1.4066, 0.66167, 0, -0.58611, -1.1042, -1.5605, -1.9603, -2.3079, -2.6062, -2.8573, -3.0613, -3.2165
10, 16.206, 14.652, 13.227, 11.929, 10.757, 9.7031, 8.76, 7.9186, 7.17, 6.5053, 5.917, 5.3973, 4.9399, 4.5396, 4.1921, 3.8943, 3.6442, 3.4416, 3.2884
20, 22.771, 21.208, 19.774, 18.468, 17.289, 16.229, 15.28, 14.434, 13.681, 13.014, 12.423, 11.901, 11.442, 11.041, 10.693, 10.395, 10.146, 9.944, 9.7921
30, 29.335, 27.765, 26.323, 25.01, 23.824, 22.757, 21.803, 20.953, 20.196, 19.525, 18.931, 18.408, 17.947, 17.544, 17.196, 16.897, 16.647, 16.446, 16.294
40, 35.899, 34.323, 32.874, 31.554, 30.362, 29.29, 28.33, 27.475, 26.714, 26.04, 25.443, 24.916, 24.454, 24.049, 23.699, 23.399, 23.149, 22.947, 22.795
50, 42.463, 40.881, 39.426, 38.101, 36.903, 35.825, 34.861, 34.001, 33.236, 32.557, 31.957, 31.428, 30.963, 30.556, 30.204, 29.902, 29.65, 29.447, 29.295
60, 49.025, 47.44, 45.981, 44.651, 43.447, 42.365, 41.395, 40.53, 39.761, 39.079, 38.475, 37.942, 37.474, 37.064, 36.71, 36.406, 36.152, 35.947, 35.793
70, 55.588, 53.999, 52.535, 51.201, 49.993, 48.906, 47.932, 47.063, 46.29, 45.603, 44.996, 44.459, 43.987, 43.575, 43.217, 42.91, 42.653, 42.446, 42.289
ENDTABLE
LOG_ENTRY Used Dataset: Generic Table; { D-Class, Sedan (VSA) } Front Right R-Stop Compression
EXIT_PARSFILE Generic\tables\GenTab_8069d770-9e51-4287-952d-214687d10049.par

CT_FX_COEFFICIENT 0
CS_FY_COEFFICIENT -0.27e-6
CS_MZ_COEFFICIENT 0.38e-4
CC_FX_COEFFICIENT 0
CI_FY_COEFFICIENT 0
CI_MZ_COEFFICIENT 0
C_LONG_COEFFICIENT 5.0e-5
C_LAT_COEFFICIENT 4.1e-5
CD_MY_COEFFICIENT 0
ENTER_PARSFILE Suspensions\Aux_Roll\AuxMx_35e6aeae-9235-4927-93cb-6251c58441d1.par
#FullDataName Suspension: Auxiliary Roll Moment`Linear: 384 N-m/deg`Linear
MX_AUX_COMBINE ADD
MX_AUX_COEFFICIENT 384
MX_AUX_FSTATIC_CONSTANT 0
LOG_ENTRY Used Dataset: Suspension: Auxiliary Roll Moment; { Linear } Linear: 384 N-m/deg
EXIT_PARSFILE Suspensions\Aux_Roll\AuxMx_35e6aeae-9235-4927-93cb-6251c58441d1.par

LOG_ENTRY Used Dataset: Suspension: Virtual Steering Axis Compliance, Springs, and Dampers; { D-Class } D-Class, Sedan (VSA) - Front
EXIT_PARSFILE Suspensions\Compliance_Vir\CmpVir_eff1ff86-5c8b-4883-9392-3b3f94bfe715.par

OPT_ALL_FOUR_TIRES_ALIKE 1
itire 1 ! just in case
iside 1
WRITE_ADD_REFERENCE_FRAME_WHEEL
ADD_REFERENCE_FRAME L1 Wheel
SET_EULER_ANGLES YAW_ROLL_PITCH
SET_X_NAME X_L1
WRT_X_L1
ANI_X_L1
SET_Y_NAME Y_L1
WRT_Y_L1
ANI_Y_L1
SET_Z_NAME Z_L1
WRT_Z_L1
ANI_Z_L1
SET_YAW_NAME Yaw_L1
WRT_Yaw_L1
ANI_Yaw_L1
SET_PITCH_NAME Rot_L1
WRT_Rot_L1
ANI_Rot_L1
SET_ROLL_NAME Roll_L1
WRT_Roll_L1
ANI_Roll_L1
SET_SCALE_VAR_PITCH 360
X_REF_LENGTH 1
Y_REF_LENGTH 1
Z_REF_LENGTH 1
X_LENGTH 1
Y_LENGTH 1
Z_LENGTH 1
ENTER_PARSFILE Tires\Tire\Tire_a4933b6c-5f40-41ae-b564-99a89f2f99c7.par
#FullDataName Tire`215/55 R17`Touring Tires
FZ_REF 6500
X_LENGTH 334
Z_LENGTH 334
Y_LENGTH 215
OPT_TIRE_LAG_KAPPA 2
OPT_TIRE_LAG_ALPHA 1
OPT_TIRE_MODEL 1
ENTER_PARSFILE Animator\STL_Groups\ShpGrp_d5b55623-3c6f-43ea-b7a0-880a3303d1d2.par
#FullDataName Animator: Shape Assembly`195/45 R16`Tires
ENTER_PARSFILE Animator\STL\Shape_9e9cf3ff-6a77-4076-a9f0-1b70114e603e.par
#FullDataName Animator: Shape File Link`195/45 R16: Tire`Common Vehicle Assets: Tires
add_obj Animator\3D_Shape_Files\Common_Vehicle_Assets\Tires\195_45R16\tire.obj
SET_COLOR 1 1 1
set_lighting on
set_fogging on
SET_SPECULAR 0.3 0.3 0.3
vsv_enable_shadows_recursive
LOG_ENTRY Used Dataset: Animator: Shape File Link; { Common Vehicle Assets: Tires } 195/45 R16: Tire
EXIT_PARSFILE Animator\STL\Shape_9e9cf3ff-6a77-4076-a9f0-1b70114e603e.par

ENTER_PARSFILE Animator\STL\Shape_e8969a6e-9ef6-43c7-9f40-228c21b5b4a1.par
#FullDataName Animator: Shape File Link`195/45 R16: Wheel`Common Vehicle Assets: Tires
add_obj Animator\3D_Shape_Files\Common_Vehicle_Assets\Tires\195_45R16\wheel.obj
SET_COLOR .62 .62 .62
set_lighting on
set_fogging on
SET_SPECULAR 0.5 0.5 0.5
vsv_enable_shadows_recursive
LOG_ENTRY Used Dataset: Animator: Shape File Link; { Common Vehicle Assets: Tires } 195/45 R16: Wheel
EXIT_PARSFILE Animator\STL\Shape_e8969a6e-9ef6-43c7-9f40-228c21b5b4a1.par

ENTER_PARSFILE Animator\STL\Shape_21a8656e-547d-4831-954d-38d95a9dff2b.par
#FullDataName Animator: Shape File Link`195/45 R16: Stripe`Common Vehicle Assets: Tires
add_obj Animator\3D_Shape_Files\Common_Vehicle_Assets\Tires\195_45R16\stripe.obj
SET_COLOR 1 1 1
SET_OFFSET_X 0
SET_OFFSET_Y 0.01
SET_OFFSET_Z 0.01
set_lighting on
set_fogging on
SET_SPECULAR 0 0 0
LOG_ENTRY Used Dataset: Animator: Shape File Link; { Common Vehicle Assets: Tires } 195/45 R16: Stripe
EXIT_PARSFILE Animator\STL\Shape_21a8656e-547d-4831-954d-38d95a9dff2b.par

x_ref_length 291
y_ref_length 195
z_ref_length 291
LOG_ENTRY Used Dataset: Animator: Shape Assembly; { Tires } 195/45 R16
EXIT_PARSFILE Animator\STL_Groups\ShpGrp_d5b55623-3c6f-43ea-b7a0-880a3303d1d2.par

WRITE_WHEEL_OFFSET
SET_OFFSET_Y 0
RRE 325
R0 334
FZ_TIRE_COEFFICIENT 268
FZ_MAX 100000
M_TIRE 22
IT 1.5
IT_XXZZ 0.8
ENTER_PARSFILE Generic\tables\GenTab_6200ca2d-9af8-4768-9d04-87ea0bd47068.par
#FullDataName Generic Table`Lx Variable, Scaled to Tire`Tire Relaxation Length
SET_UNITS L_RELAX_X_TABLE m
L_RELAX_X_GAIN = RRE/5
FZ_SCALE_L_RELAX_X = FZ_REF
L_RELAX_X_COMBINE MULTIPLY
L_RELAX_X_TABLE SPLINE_FLAT
-0.1, 0.13526
-0.095, 0.13793
-0.09, 0.1431
-0.085, 0.14862
-0.08, 0.1552
-0.075, 0.16251
-0.07, 0.17087
-0.065, 0.18085
-0.06, 0.1926
-0.055, 0.20631
-0.05, 0.22324
-0.045, 0.24389
-0.04, 0.26989
-0.035, 0.30301
-0.03, 0.34575
-0.025, 0.40397
-0.02, 0.48251
-0.015, 0.59275
-0.01, 0.7393
-0.005, 0.90707
0, 1
0.005, 0.90707
0.01, 0.7393
0.015, 0.59275
0.02, 0.48251
0.025, 0.40397
0.03, 0.34575
0.035, 0.30301
0.04, 0.26989
0.045, 0.24389
0.05, 0.22324
0.055, 0.20631
0.06, 0.1926
0.065, 0.18085
0.07, 0.17087
0.075, 0.16251
0.08, 0.1552
0.085, 0.14862
0.09, 0.1431
0.095, 0.13793
0.1, 0.13526
ENDTABLE
L_RELAX_X_FZ_TABLE LINEAR
0, 0.2
1, 1
ENDTABLE
LOG_ENTRY Used Dataset: Generic Table; { Tire Relaxation Length } Lx Variable, Scaled to Tire
EXIT_PARSFILE Generic\tables\GenTab_6200ca2d-9af8-4768-9d04-87ea0bd47068.par

ENTER_PARSFILE Generic\tables\GenTab_edb0dc74-f107-43df-b9cc-c9fa4d21267d.par
#FullDataName Generic Table`Ly Variable, Scaled to Tire`Tire Relaxation Length
SET_UNITS L_RELAX_Y_TABLE m
L_RELAX_Y_GAIN = RRE*2
FZ_SCALE_L_RELAX_Y = FZ_REF
L_RELAX_Y_COMBINE MULTIPLY
L_RELAX_Y_TABLE SPLINE_FLAT
-10, 0.039175
-9.5, 0.042142
-9, 0.047886
-8.5, 0.054018
-8, 0.061335
-7.5, 0.069451
-7, 0.078749
-6.5, 0.089829
-6, 0.10289
-5.5, 0.11812
-5, 0.13693
-4.5, 0.15988
-4, 0.18877
-3.5, 0.22557
-3, 0.27305
-2.5, 0.33775
-2, 0.42501
-1.5, 0.5475
-1, 0.71033
-0.5, 0.89674
0, 1
0.5, 0.89674
1, 0.71033
1.5, 0.5475
2, 0.42501
2.5, 0.33775
3, 0.27305
3.5, 0.22557
4, 0.18877
4.5, 0.15988
5, 0.13693
5.5, 0.11812
6, 0.10289
6.5, 0.089829
7, 0.078749
7.5, 0.069451
8, 0.061335
8.5, 0.054018
9, 0.047886
9.5, 0.042142
10, 0.039175
ENDTABLE
L_RELAX_Y_FZ_TABLE SPLINE
0, 0.1
1, 1
2, 1.5805
ENDTABLE
LOG_ENTRY Used Dataset: Generic Table; { Tire Relaxation Length } Ly Variable, Scaled to Tire
EXIT_PARSFILE Generic\tables\GenTab_edb0dc74-f107-43df-b9cc-c9fa4d21267d.par

VLOW_KAPPA 2
VLOW_ALPHA 2
RR_C 0.0038
RR_V 0.000026
L_CONTACT_X_CONSTANT 90
L_CONTACT_Y_CONSTANT 215
RR_FX 1
OPT_TIRE_COMB 0
ENTER_PARSFILE Tires\Mz\TireMz_3a71ed18-e842-4d21-9297-9e431964ca79.par
#FullDataName Tire: Aligning Moment`215/55 R17 (SAE)`Touring Tires
MZ_TIRE_CARPET 2D_FROM_ZERO
0, 1593.58, 3187.16, 4780.74, 6374.32, 7967.9, 9561.48, 11155.06, 12748.65
0.5, 7.452673542, 14.64959626, 21.54915219, 28.13312762, 34.39085259, 40.31966384, 45.90179517, 51.15086512
1, 15.07509942, 29.65361007, 43.65497795, 57.03124096, 69.75540841, 81.79688942, 93.13987976, 103.7828717
1.5, 21.32663766, 42.23959603, 62.62702384, 82.4007136, 101.458924, 119.73241, 137.1329889, 153.6016139
2, 23.73004713, 47.66537269, 71.73982093, 95.84980211, 119.855025, 143.5945442, 166.8858444, 189.5425159
2.5, 21.99372876, 44.90685727, 68.84963178, 93.8087936, 119.7297538, 146.4726113, 173.8654352, 201.6658753
3, 18.14074155, 37.59953072, 58.62214546, 81.36260258, 105.9217146, 132.3535328, 160.6255867, 190.6578153
3.5, 14.06887262, 29.50822021, 46.63490127, 65.71737839, 86.98378571, 110.6688723, 136.9480163, 165.9816456
4, 10.58879803, 22.42678885, 35.84515029, 51.13312027, 68.60532091, 88.57797644, 111.3885331, 137.3644113
4.5, 7.836285874, 16.75003754, 27.05137706, 39.02310043, 52.98429643, 69.2748367, 88.29561436, 110.4824822
5, 5.710646062, 12.34118771, 20.14977005, 29.40150275, 40.39566248, 53.46178464, 68.99360804, 87.46296931
5.5, 4.07982336, 8.927362915, 14.78169293, 21.86498968, 30.44124912, 40.81873231, 53.37193915, 68.54232854
6, 2.811946049, 6.269915035, 10.58617046, 15.94927125, 22.58605235, 30.78104994, 40.8620161, 53.23546322
6.5, 1.809380108, 4.181237372, 7.276479254, 11.26423176, 16.35526284, 22.77307317, 30.83240551, 40.88490488
7, 1.017756163, 2.511195538, 4.625718621, 7.513991597, 11.3507223, 16.3372078, 22.73749225, 30.883169
7.5, 0.369513987, 1.15582271, 2.480092299, 4.474975134, 7.292975012, 11.10446589, 16.15025363, 22.71583675
8, -0.162075367, 0.043765673, 0.721583733, 1.980181037, 3.957411103, 6.806902585, 10.73176979, 15.98696291
8.5, -0.602193938, -0.881818771, -0.745387126, -0.095373299, 1.181978846, 3.231046404, 6.225841262, 10.39411024
9, -0.97481139, -1.664305144, -1.979096729, -1.842828165, -1.14775825, 0.225857262, 2.442153575, 5.686489692
9.5, -1.292306991, -2.32902221, -3.035038589, -3.332473734, -3.135072744, -2.329438581, -0.776874005, 1.691308235
10, -1.56648864, -2.900098932, -3.939285249, -4.615010055, -4.839588026, -4.52159855, -3.535071449, -1.726082378
10.5, -1.803440111, -3.400787263, -4.727495909, -5.722504698, -6.318220394, -6.422237318, -5.925739841, -4.688293086
11, -2.014297278, -3.842957305, -5.423365433, -6.702189151, -7.614620174, -8.083094353, -8.009487844, -7.265664817
11.5, -2.204684941, -4.232685161, -6.039089273, -7.567096051, -8.759775421, -9.548335669, -9.84446809, -9.537350008
12, -2.374769821, -4.581170508, -6.58629456, -8.335044607, -9.778075858, -10.85501245, -11.47540471, -11.55036416
12.5, -2.524628574, -4.899385963, -7.081811426, -9.028944772, -10.69321243, -12.02212719, -12.93407193, -13.34418312
13, -2.659614692, -5.18206113, -7.525873371, -9.654731928, -11.51715671, -13.07371476, -14.24552626, -14.95701408
13.5, -2.785051214, -5.44533402, -7.93486284, -10.22368634, -12.26713697, -14.02759627, -15.4341518, -16.41431684
14, -2.900886747, -5.683772275, -8.308786566, -10.741359, -12.95456424, -14.89553819, -16.51227411, -17.73501202
14.5, -3.0070464, -5.90266629, -8.65296303, -11.22424815, -13.58501207, -15.69481182, -17.50344211, -18.94938784
15, -3.108856781, -6.107300207, -8.972736703, -11.66670627, -14.16401758, -16.43109525, -18.41943062, -20.05778026
15.5, -3.200874527, -6.297540242, -9.267919486, -12.0795864, -14.70822789, -17.11564214, -19.2601596, -21.08398821
16, -3.288368067, -6.478698001, -9.543773415, -12.46265559, -15.20613473, -17.74823957, -20.04291125, -22.03386974
16.5, -3.371285052, -6.645156434, -9.800138218, -12.82121134, -15.68004052, -18.34004477, -20.77325299, -22.91911194
17, -3.444155182, -6.80224243, -10.04775839, -13.16062475, -16.11834359, -18.89649458, -21.4508578, -23.7513539
17.5, -3.51767811, -6.949795577, -10.27549077, -13.48061809, -16.53206877, -19.41724065, -22.09294179, -24.52428255
18, -3.586460617, -7.093173326, -10.49410313, -13.78092829, -16.92659322, -19.90772689, -22.69913017, -25.25541387
18.5, -3.650354932, -7.226767057, -10.7035133, -14.06692276, -17.29591764, -20.37338313, -23.26906222, -25.93840645
19, -3.714753523, -7.350468858, -10.89791843, -14.33842558, -17.65119399, -20.81386673, -23.80827793, -26.59083669
19.5, -3.774223363, -7.475134313, -11.0883277, -14.59514517, -17.9864457, -21.23469831, -24.31639205, -27.20627504
20, -3.82864507, -7.589694958, -11.26899314, -14.84257465, -18.30713281, -21.63551111, -24.80482183, -27.79642297
20.5, -3.883444674, -7.699531799, -11.4398002, -15.08052062, -18.61302126, -22.01613348, -25.27332363, -28.35487978
21, -3.938581507, -7.810140861, -11.60058143, -15.30881042, -18.90384817, -22.38200175, -25.71561638, -28.88729382
21.5, -3.98858859, -7.910320562, -11.76242427, -15.5215519, -19.18518042, -22.73295339, -26.14329644, -29.39940291
22, -4.033339755, -8.011113636, -11.91403297, -15.73571238, -19.45686391, -23.0687127, -26.55011218, -29.88481795
22.5, -4.083905407, -8.106879608, -12.06087168, -15.93401885, -19.71286029, -23.3890387, -26.94178715, -30.35535808
23, -4.129172965, -8.197542219, -12.20287534, -16.12778154, -19.96467699, -23.70553312, -27.3240656, -30.80467474
23.5, -4.169045156, -8.288726867, -12.3399873, -16.31687009, -20.20626286, -24.00622562, -27.68466753, -31.24470109
24, -4.214743531, -8.374633295, -12.47205046, -16.50118665, -20.44338012, -24.29677306, -28.04149426, -31.66296255
24.5, -4.25497, -8.460964357, -12.60476871, -16.6748672, -20.67005308, -24.57708584, -28.38227937, -32.06531652
25, -4.295425512, -8.541981986, -12.72655819, -16.84352825, -20.89195742, -24.84695846, -28.70674458, -32.45772358
26, -4.295425512, -8.541981986, -12.72655819, -16.84352825, -20.89195742, -24.84695846, -28.70674458, -32.45772358
ENDTABLE
LOG_ENTRY Used Dataset: Tire: Aligning Moment; { Touring Tires } 215/55 R17 (SAE)
EXIT_PARSFILE Tires\Mz\TireMz_3a71ed18-e842-4d21-9297-9e431964ca79.par

ENTER_PARSFILE Tires\Fy\TireFy_a3dbd701-dd04-4bbe-ae9d-4f8143ca326f.par
#FullDataName Tire: Lateral Force`215/55 R17`Touring Tires
FY_TIRE_CARPET 2D_FROM_ZERO
0, 1593.58, 3187.16, 4780.74, 6374.32, 7967.9, 9561.48, 11155.06, 12748.65
0.5, 248.08, 483.5, 704.46, 910.03, 1099.7, 1273.15, 1430.26, 1571
1, 486, 947.74, 1381.71, 1786.09, 2159.81, 2502.21, 2812.97, 3091.98
1.5, 704.93, 1375.9, 2007.9, 2598.26, 3145.3, 3647.98, 4105.65, 4518.01
2, 898.46, 1755.66, 2565.35, 3324.08, 4029.58, 4680.29, 5275.2, 5813.66
2.5, 1063.18, 2080.29, 3044.12, 3950.55, 4796.73, 5580.62, 6300.7, 6955.9
3, 1198.64, 2348.57, 3441.97, 4474.17, 5441.86, 6342.46, 7173.99, 7934.9
3.5, 1306.65, 2563.69, 3762.95, 4899.4, 5969.31, 6969.71, 7898.17, 8752.65
4, 1390.46, 2731.63, 4015.21, 5235.95, 6389.87, 7473.66, 8484.53, 9420.05
4.5, 1453.91, 2859.62, 4208.83, 5496.25, 6717.72, 7869.74, 8949.25, 9953.51
5, 1500.82, 2954.92, 4354.16, 5693.25, 6967.99, 8174.77, 9310.36, 10371.82
5.5, 1534.64, 3024.19, 4460.73, 5839.08, 7155.04, 8404.98, 9585.61, 10693.86
6, 1558.28, 3073.11, 4536.82, 5944.36, 7291.62, 8574.99, 9791.17, 10937.07
6.5, 1574.12, 3106.35, 4589.27, 6017.99, 7388.5, 8697.27, 9941.07, 11116.8
7, 1584.05, 3127.63, 4623.58, 6067.16, 7454.5, 8782.18, 10047.02, 11246
7.5, 1589.54, 3139.87, 4644.08, 6097.61, 7496.7, 8838.05, 10118.59, 11335.38
8, 1591.7, 3145.32, 4654.17, 6113.82, 7520.67, 8871.54, 10163.46, 11393.59
8.5, 1591.4, 3145.71, 4656.43, 6119.28, 7530.79, 8887.88, 10187.72, 11427.56
9, 1589.29, 3142.36, 4652.87, 6116.68, 7530.43, 8891.17, 10196.16, 11442.78
9.5, 1585.88, 3136.27, 4645.01, 6108.08, 7522.22, 8884.59, 10192.55, 11443.6
10, 1581.52, 3128.2, 4634.02, 6095.06, 7508.17, 8870.59, 10179.81, 11433.4
10.5, 1576.5, 3118.73, 4620.79, 6078.84, 7489.83, 8851.11, 10160.22, 11414.86
11, 1571.04, 3108.3, 4605.98, 6060.34, 7468.41, 8827.6, 10135.56, 11390.06
11.5, 1565.3, 3097.24, 4590.13, 6040.29, 7444.82, 8801.22, 10107.2, 11360.64
12, 1559.4, 3085.8, 4573.6, 6019.2, 7419.76, 8772.84, 10076.22, 11327.85
12.5, 1553.42, 3074.17, 4556.71, 5997.51, 7393.78, 8743.14, 10043.45, 11292.71
13, 1547.43, 3062.48, 4539.67, 5975.51, 7367.28, 8712.65, 10009.53, 11255.98
13.5, 1541.49, 3050.85, 4522.65, 5953.45, 7340.58, 8681.76, 9974.95, 11218.26
14, 1535.63, 3039.34, 4505.77, 5931.51, 7313.93, 8650.78, 9940.1, 11180.02
14.5, 1529.87, 3028.02, 4489.12, 5909.81, 7287.49, 8619.95, 9905.26, 11141.62
15, 1524.24, 3016.93, 4472.78, 5888.46, 7261.4, 8589.44, 9870.67, 11103.34
15.5, 1518.75, 3006.09, 4456.78, 5867.52, 7235.76, 8559.37, 9836.49, 11065.39
16, 1513.4, 2995.53, 4441.16, 5847.04, 7210.63, 8529.85, 9802.84, 11027.93
16.5, 1508.2, 2985.25, 4425.95, 5827.05, 7186.08, 8500.94, 9769.82, 10991.07
17, 1503.15, 2975.26, 4411.14, 5807.59, 7162.12, 8472.69, 9737.49, 10954.92
17.5, 1498.25, 2965.56, 4396.76, 5788.65, 7138.78, 8445.12, 9705.9, 10919.52
18, 1493.51, 2956.15, 4382.78, 5770.24, 7116.07, 8418.26, 9675.07, 10884.92
18.5, 1488.91, 2947.02, 4369.23, 5752.35, 7093.98, 8392.12, 9645.02, 10851.14
19, 1484.45, 2938.18, 4356.07, 5734.99, 7072.52, 8366.68, 9615.76, 10818.21
19.5, 1480.14, 2929.6, 4343.32, 5718.14, 7051.68, 8341.96, 9587.28, 10786.11
20, 1475.96, 2921.3, 4330.95, 5701.79, 7031.44, 8317.92, 9559.57, 10754.86
20.5, 1471.91, 2913.25, 4318.96, 5685.93, 7011.79, 8294.58, 9532.63, 10724.44
21, 1467.98, 2905.45, 4307.34, 5670.55, 6992.71, 8271.89, 9506.43, 10694.84
21.5, 1464.18, 2897.89, 4296.06, 5655.62, 6974.19, 8249.86, 9480.97, 10666.04
22, 1460.5, 2890.56, 4285.13, 5641.13, 6956.21, 8228.45, 9456.21, 10638.03
22.5, 1456.93, 2883.45, 4274.52, 5627.07, 6938.75, 8207.66, 9432.15, 10610.78
23, 1453.47, 2876.55, 4264.23, 5613.43, 6921.8, 8187.45, 9408.76, 10584.27
23.5, 1450.11, 2869.87, 4254.25, 5600.18, 6905.33, 8167.82, 9386.01, 10558.48
24, 1446.86, 2863.37, 4244.55, 5587.31, 6889.33, 8148.73, 9363.89, 10533.38
24.5, 1443.69, 2857.07, 4235.13, 5574.81, 6873.79, 8130.18, 9342.38, 10508.96
25, 1440.63, 2850.95, 4225.98, 5562.66, 6858.67, 8112.14, 9321.44, 10485.19
26, 1440.63, 2850.95, 4225.98, 5562.66, 6858.67, 8112.14, 9321.44, 10485.19
ENDTABLE
MU_REF_Y 1.0
LOG_ENTRY Used Dataset: Tire: Lateral Force; { Touring Tires } 215/55 R17
EXIT_PARSFILE Tires\Fy\TireFy_a3dbd701-dd04-4bbe-ae9d-4f8143ca326f.par

ENTER_PARSFILE Tires\Fx\TireFx_912f5e84-bc6f-4cb3-a08e-430ac38b921c.par
#FullDataName Tire: Longitudinal Force`215/55 R17`Touring Tires
FX_TIRE_CARPET 2D_FROM_ZERO
0, 1593.58, 3187.16, 4780.74, 6374.32, 7967.9, 9561.48, 11155.06, 12748.65
0.02, 866.05, 1702.47, 2504.68, 3270.08, 3996.91, 4683.85, 5329.94, 5934.48
0.04, 1297.02, 2555.8, 3770.2, 4936.54, 6052.18, 7115.02, 8123.39, 9075.89
0.06, 1471.85, 2904.23, 4290.68, 5627.28, 6911.13, 8139.89, 9311.59, 10424.58
0.08, 1545.6, 3051.97, 4512.64, 5923.67, 7282.08, 8585.47, 9831.8, 11019.3
0.1, 1577.33, 3115.96, 4609.52, 6054.07, 7446.63, 8784.79, 10066.48, 11289.9
0.12, 1589.5, 3140.9, 4647.9, 6106.6, 7514.05, 8867.84, 10165.9, 11406.43
0.14, 1591.76, 3145.99, 4656.47, 6119.35, 7531.7, 8891.14, 10195.61, 11443.29
0.16, 1588.74, 3140.47, 4649.06, 6110.7, 7522.49, 8882.06, 10187.38, 11436.63
0.18, 1582.86, 3129.18, 4632.91, 6090.28, 7498.42, 8854.99, 10157.96, 11405.55
0.2, 1575.45, 3114.8, 4612.04, 6063.46, 7466.22, 8817.98, 10116.76, 11360.75
0.22, 1567.3, 3098.87, 4588.79, 6033.36, 7429.78, 8775.74, 10069.25, 11308.54
0.24, 1558.85, 3082.33, 4564.54, 6001.84, 7391.45, 8731.07, 10018.74, 11252.71
0.26, 1550.39, 3065.72, 4540.14, 5970.03, 7352.65, 8685.71, 9967.27, 11195.59
0.28, 1542.08, 3049.37, 4516.08, 5938.61, 7314.24, 8640.71, 9916.07, 11138.62
0.3, 1534.02, 3033.49, 4492.67, 5907.99, 7276.75, 8596.7, 9865.92, 11082.7
0.32, 1526.25, 3018.18, 4470.08, 5878.41, 7240.48, 8554.07, 9817.27, 11028.37
0.34, 1518.81, 3003.5, 4448.4, 5849.99, 7205.61, 8513.03, 9770.37, 10975.93
0.36, 1511.7, 2989.47, 4427.66, 5822.79, 7172.2, 8473.68, 9725.35, 10925.54
0.38, 1504.92, 2976.09, 4407.88, 5796.82, 7140.27, 8436.04, 9682.26, 10877.27
0.4, 1498.48, 2963.35, 4389.03, 5772.06, 7109.82, 8400.12, 9641.1, 10831.12
0.42, 1492.34, 2951.22, 4371.08, 5748.48, 7080.79, 8365.85, 9601.82, 10787.04
0.44, 1486.51, 2939.69, 4354, 5726.02, 7053.13, 8333.19, 9564.36, 10744.99
0.46, 1480.96, 2928.72, 4337.75, 5704.64, 7026.79, 8302.07, 9528.64, 10704.87
0.48, 1475.69, 2918.28, 4322.27, 5684.28, 7001.7, 8272.41, 9494.58, 10666.59
0.5, 1470.66, 2908.34, 4307.54, 5664.88, 6977.78, 8244.13, 9462.1, 10630.08
0.52, 1465.88, 2898.87, 4293.5, 5646.4, 6954.99, 8217.16, 9431.11, 10595.23
0.54, 1461.33, 2889.85, 4280.12, 5628.77, 6933.24, 8191.43, 9401.54, 10561.95
0.56, 1456.98, 2881.24, 4267.35, 5611.95, 6912.49, 8166.87, 9373.29, 10530.16
0.58, 1452.84, 2873.03, 4255.17, 5595.89, 6892.67, 8143.41, 9346.3, 10499.78
0.6, 1448.88, 2865.19, 4243.53, 5580.55, 6873.73, 8120.98, 9320.5, 10470.72
0.62, 1445.1, 2857.69, 4232.4, 5565.89, 6855.62, 8099.52, 9295.81, 10442.91
0.64, 1441.48, 2850.53, 4221.76, 5551.85, 6838.28, 8078.98, 9272.17, 10416.28
0.66, 1438.02, 2843.66, 4211.57, 5538.41, 6821.68, 8059.31, 9249.53, 10390.76
0.68, 1434.7, 2837.09, 4201.81, 5525.54, 6805.78, 8040.46, 9227.82, 10366.28
0.7, 1431.53, 2830.79, 4192.45, 5513.19, 6790.52, 8022.37, 9206.99, 10342.8
0.72, 1428.48, 2824.75, 4183.47, 5501.35, 6775.88, 8005.01, 9186.99, 10320.25
0.74, 1425.55, 2818.95, 4174.85, 5489.97, 6761.82, 7988.34, 9167.78, 10298.59
0.76, 1422.74, 2813.37, 4166.57, 5479.04, 6748.31, 7972.31, 9149.32, 10277.76
0.78, 1420.04, 2808.02, 4158.61, 5468.53, 6735.31, 7956.9, 9131.55, 10257.72
0.8, 1417.44, 2802.86, 4150.95, 5458.42, 6722.81, 7942.07, 9114.46, 10238.43
0.82, 1414.94, 2797.9, 4143.57, 5448.69, 6710.77, 7927.78, 9097.99, 10219.85
0.84, 1412.54, 2793.12, 4136.47, 5439.31, 6699.17, 7914.02, 9082.12, 10201.94
0.86, 1410.22, 2788.52, 4129.63, 5430.27, 6687.99, 7900.75, 9066.82, 10184.67
0.88, 1407.98, 2784.08, 4123.02, 5421.55, 6677.2, 7887.95, 9052.06, 10168.01
0.9, 1405.82, 2779.8, 4116.65, 5413.14, 6666.79, 7875.59, 9037.81, 10151.92
0.92, 1403.74, 2775.66, 4110.5, 5405.02, 6656.74, 7863.66, 9024.04, 10136.37
0.94, 1401.72, 2771.66, 4104.56, 5397.17, 6647.02, 7852.12, 9010.74, 10121.35
0.96, 1399.78, 2767.8, 4098.81, 5389.58, 6637.63, 7840.97, 8997.88, 10106.82
0.98, 1397.9, 2764.07, 4093.26, 5382.24, 6628.55, 7830.19, 8985.43, 10092.77
1, 1396.08, 2760.45, 4087.88, 5375.14, 6619.76, 7819.75, 8973.38, 10079.16
1.02, 1396.08, 2760.45, 4087.88, 5375.14, 6619.76, 7819.75, 8973.38, 10079.16
ENDTABLE
MU_REF_X 1.0
LOG_ENTRY Used Dataset: Tire: Longitudinal Force; { Touring Tires } 215/55 R17
EXIT_PARSFILE Tires\Fx\TireFx_912f5e84-bc6f-4cb3-a08e-430ac38b921c.par

ENTER_PARSFILE Tires\Camber_Thrust\CamStiff_2a6821cf-8efc-4493-aa14-ff8fe1c2cd9a.par
#FullDataName Tire: Camber Thrust Coefficient`215/55 R17`Touring Tires
KGAMMA_TABLE SPLINE
0, 0
637.43225, -6.0332
1274.8645, -12.0864
1912.29675, -18.1682
2549.729, -24.2854
3187.16125, -30.4433
3824.5935, -36.6469
4462.02575, -42.9005
5099.458, -49.2081
5736.89025, -55.5734
6374.3225, -62
7011.75475, -68.4912
7649.187, -75.05
8286.61925, -81.6797
8924.0515, -88.3829
9561.48375, -95.1626
10198.916, -102.0213
10836.34825, -108.9617
11473.7805, -115.9864
12111.21275, -123.0976
12748.645, -130.2979
ENDTABLE
LOG_ENTRY Used Dataset: Tire: Camber Thrust Coefficient; { Touring Tires } 215/55 R17
EXIT_PARSFILE Tires\Camber_Thrust\CamStiff_2a6821cf-8efc-4493-aa14-ff8fe1c2cd9a.par

LOG_ENTRY Used Dataset: Tire; { Touring Tires } 215/55 R17
EXIT_PARSFILE Tires\Tire\Tire_a4933b6c-5f40-41ae-b564-99a89f2f99c7.par

iside 2
WRITE_ADD_REFERENCE_FRAME_WHEEL
ADD_REFERENCE_FRAME R1 Wheel
SET_EULER_ANGLES YAW_ROLL_PITCH
SET_X_NAME X_R1
WRT_X_R1
ANI_X_R1
SET_Y_NAME Y_R1
WRT_Y_R1
ANI_Y_R1
SET_Z_NAME Z_R1
WRT_Z_R1
ANI_Z_R1
SET_YAW_NAME Yaw_R1
WRT_Yaw_R1
ANI_Yaw_R1
SET_PITCH_NAME Rot_R1
WRT_Rot_R1
ANI_Rot_R1
SET_ROLL_NAME Roll_R1
WRT_Roll_R1
ANI_Roll_R1
SET_SCALE_VAR_PITCH -360
SET_OFFSET_VAR_ROLL 180
SET_OFFSET_VAR_PITCH 180
X_REF_LENGTH 1
Y_REF_LENGTH 1
Z_REF_LENGTH 1
X_LENGTH 1
Y_LENGTH 1
Z_LENGTH 1
ENTER_PARSFILE Tires\Tire\Tire_a4933b6c-5f40-41ae-b564-99a89f2f99c7.par
#FullDataName Tire`215/55 R17`Touring Tires
FZ_REF 6500
X_LENGTH 334
Z_LENGTH 334
Y_LENGTH 215
OPT_TIRE_LAG_KAPPA 2
OPT_TIRE_LAG_ALPHA 1
OPT_TIRE_MODEL 1
ENTER_PARSFILE Animator\STL_Groups\ShpGrp_d5b55623-3c6f-43ea-b7a0-880a3303d1d2.par
#FullDataName Animator: Shape Assembly`195/45 R16`Tires
ENTER_PARSFILE Animator\STL\Shape_9e9cf3ff-6a77-4076-a9f0-1b70114e603e.par
#FullDataName Animator: Shape File Link`195/45 R16: Tire`Common Vehicle Assets: Tires
add_obj Animator\3D_Shape_Files\Common_Vehicle_Assets\Tires\195_45R16\tire.obj
SET_COLOR 1 1 1
set_lighting on
set_fogging on
SET_SPECULAR 0.3 0.3 0.3
vsv_enable_shadows_recursive
LOG_ENTRY Used Dataset: Animator: Shape File Link; { Common Vehicle Assets: Tires } 195/45 R16: Tire
EXIT_PARSFILE Animator\STL\Shape_9e9cf3ff-6a77-4076-a9f0-1b70114e603e.par

ENTER_PARSFILE Animator\STL\Shape_e8969a6e-9ef6-43c7-9f40-228c21b5b4a1.par
#FullDataName Animator: Shape File Link`195/45 R16: Wheel`Common Vehicle Assets: Tires
add_obj Animator\3D_Shape_Files\Common_Vehicle_Assets\Tires\195_45R16\wheel.obj
SET_COLOR .62 .62 .62
set_lighting on
set_fogging on
SET_SPECULAR 0.5 0.5 0.5
vsv_enable_shadows_recursive
LOG_ENTRY Used Dataset: Animator: Shape File Link; { Common Vehicle Assets: Tires } 195/45 R16: Wheel
EXIT_PARSFILE Animator\STL\Shape_e8969a6e-9ef6-43c7-9f40-228c21b5b4a1.par

ENTER_PARSFILE Animator\STL\Shape_21a8656e-547d-4831-954d-38d95a9dff2b.par
#FullDataName Animator: Shape File Link`195/45 R16: Stripe`Common Vehicle Assets: Tires
add_obj Animator\3D_Shape_Files\Common_Vehicle_Assets\Tires\195_45R16\stripe.obj
SET_COLOR 1 1 1
SET_OFFSET_X 0
SET_OFFSET_Y 0.01
SET_OFFSET_Z 0.01
set_lighting on
set_fogging on
SET_SPECULAR 0 0 0
LOG_ENTRY Used Dataset: Animator: Shape File Link; { Common Vehicle Assets: Tires } 195/45 R16: Stripe
EXIT_PARSFILE Animator\STL\Shape_21a8656e-547d-4831-954d-38d95a9dff2b.par

x_ref_length 291
y_ref_length 195
z_ref_length 291
LOG_ENTRY Used Dataset: Animator: Shape Assembly; { Tires } 195/45 R16
EXIT_PARSFILE Animator\STL_Groups\ShpGrp_d5b55623-3c6f-43ea-b7a0-880a3303d1d2.par

WRITE_WHEEL_OFFSET
SET_OFFSET_Y 0
RRE 325
R0 334
FZ_TIRE_COEFFICIENT 268
FZ_MAX 100000
M_TIRE 22
IT 1.5
IT_XXZZ 0.8
ENTER_PARSFILE Generic\tables\GenTab_6200ca2d-9af8-4768-9d04-87ea0bd47068.par
#FullDataName Generic Table`Lx Variable, Scaled to Tire`Tire Relaxation Length
SET_UNITS L_RELAX_X_TABLE m
L_RELAX_X_GAIN = RRE/5
FZ_SCALE_L_RELAX_X = FZ_REF
L_RELAX_X_COMBINE MULTIPLY
L_RELAX_X_TABLE SPLINE_FLAT
-0.1, 0.13526
-0.095, 0.13793
-0.09, 0.1431
-0.085, 0.14862
-0.08, 0.1552
-0.075, 0.16251
-0.07, 0.17087
-0.065, 0.18085
-0.06, 0.1926
-0.055, 0.20631
-0.05, 0.22324
-0.045, 0.24389
-0.04, 0.26989
-0.035, 0.30301
-0.03, 0.34575
-0.025, 0.40397
-0.02, 0.48251
-0.015, 0.59275
-0.01, 0.7393
-0.005, 0.90707
0, 1
0.005, 0.90707
0.01, 0.7393
0.015, 0.59275
0.02, 0.48251
0.025, 0.40397
0.03, 0.34575
0.035, 0.30301
0.04, 0.26989
0.045, 0.24389
0.05, 0.22324
0.055, 0.20631
0.06, 0.1926
0.065, 0.18085
0.07, 0.17087
0.075, 0.16251
0.08, 0.1552
0.085, 0.14862
0.09, 0.1431
0.095, 0.13793
0.1, 0.13526
ENDTABLE
L_RELAX_X_FZ_TABLE LINEAR
0, 0.2
1, 1
ENDTABLE
LOG_ENTRY Used Dataset: Generic Table; { Tire Relaxation Length } Lx Variable, Scaled to Tire
EXIT_PARSFILE Generic\tables\GenTab_6200ca2d-9af8-4768-9d04-87ea0bd47068.par

ENTER_PARSFILE Generic\tables\GenTab_edb0dc74-f107-43df-b9cc-c9fa4d21267d.par
#FullDataName Generic Table`Ly Variable, Scaled to Tire`Tire Relaxation Length
SET_UNITS L_RELAX_Y_TABLE m
L_RELAX_Y_GAIN = RRE*2
FZ_SCALE_L_RELAX_Y = FZ_REF
L_RELAX_Y_COMBINE MULTIPLY
L_RELAX_Y_TABLE SPLINE_FLAT
-10, 0.039175
-9.5, 0.042142
-9, 0.047886
-8.5, 0.054018
-8, 0.061335
-7.5, 0.069451
-7, 0.078749
-6.5, 0.089829
-6, 0.10289
-5.5, 0.11812
-5, 0.13693
-4.5, 0.15988
-4, 0.18877
-3.5, 0.22557
-3, 0.27305
-2.5, 0.33775
-2, 0.42501
-1.5, 0.5475
-1, 0.71033
-0.5, 0.89674
0, 1
0.5, 0.89674
1, 0.71033
1.5, 0.5475
2, 0.42501
2.5, 0.33775
3, 0.27305
3.5, 0.22557
4, 0.18877
4.5, 0.15988
5, 0.13693
5.5, 0.11812
6, 0.10289
6.5, 0.089829
7, 0.078749
7.5, 0.069451
8, 0.061335
8.5, 0.054018
9, 0.047886
9.5, 0.042142
10, 0.039175
ENDTABLE
L_RELAX_Y_FZ_TABLE SPLINE
0, 0.1
1, 1
2, 1.5805
ENDTABLE
LOG_ENTRY Used Dataset: Generic Table; { Tire Relaxation Length } Ly Variable, Scaled to Tire
EXIT_PARSFILE Generic\tables\GenTab_edb0dc74-f107-43df-b9cc-c9fa4d21267d.par

VLOW_KAPPA 2
VLOW_ALPHA 2
RR_C 0.0038
RR_V 0.000026
L_CONTACT_X_CONSTANT 90
L_CONTACT_Y_CONSTANT 215
RR_FX 1
OPT_TIRE_COMB 0
ENTER_PARSFILE Tires\Mz\TireMz_3a71ed18-e842-4d21-9297-9e431964ca79.par
#FullDataName Tire: Aligning Moment`215/55 R17 (SAE)`Touring Tires
MZ_TIRE_CARPET 2D_FROM_ZERO
0, 1593.58, 3187.16, 4780.74, 6374.32, 7967.9, 9561.48, 11155.06, 12748.65
0.5, 7.452673542, 14.64959626, 21.54915219, 28.13312762, 34.39085259, 40.31966384, 45.90179517, 51.15086512
1, 15.07509942, 29.65361007, 43.65497795, 57.03124096, 69.75540841, 81.79688942, 93.13987976, 103.7828717
1.5, 21.32663766, 42.23959603, 62.62702384, 82.4007136, 101.458924, 119.73241, 137.1329889, 153.6016139
2, 23.73004713, 47.66537269, 71.73982093, 95.84980211, 119.855025, 143.5945442, 166.8858444, 189.5425159
2.5, 21.99372876, 44.90685727, 68.84963178, 93.8087936, 119.7297538, 146.4726113, 173.8654352, 201.6658753
3, 18.14074155, 37.59953072, 58.62214546, 81.36260258, 105.9217146, 132.3535328, 160.6255867, 190.6578153
3.5, 14.06887262, 29.50822021, 46.63490127, 65.71737839, 86.98378571, 110.6688723, 136.9480163, 165.9816456
4, 10.58879803, 22.42678885, 35.84515029, 51.13312027, 68.60532091, 88.57797644, 111.3885331, 137.3644113
4.5, 7.836285874, 16.75003754, 27.05137706, 39.02310043, 52.98429643, 69.2748367, 88.29561436, 110.4824822
5, 5.710646062, 12.34118771, 20.14977005, 29.40150275, 40.39566248, 53.46178464, 68.99360804, 87.46296931
5.5, 4.07982336, 8.927362915, 14.78169293, 21.86498968, 30.44124912, 40.81873231, 53.37193915, 68.54232854
6, 2.811946049, 6.269915035, 10.58617046, 15.94927125, 22.58605235, 30.78104994, 40.8620161, 53.23546322
6.5, 1.809380108, 4.181237372, 7.276479254, 11.26423176, 16.35526284, 22.77307317, 30.83240551, 40.88490488
7, 1.017756163, 2.511195538, 4.625718621, 7.513991597, 11.3507223, 16.3372078, 22.73749225, 30.883169
7.5, 0.369513987, 1.15582271, 2.480092299, 4.474975134, 7.292975012, 11.10446589, 16.15025363, 22.71583675
8, -0.162075367, 0.043765673, 0.721583733, 1.980181037, 3.957411103, 6.806902585, 10.73176979, 15.98696291
8.5, -0.602193938, -0.881818771, -0.745387126, -0.095373299, 1.181978846, 3.231046404, 6.225841262, 10.39411024
9, -0.97481139, -1.664305144, -1.979096729, -1.842828165, -1.14775825, 0.225857262, 2.442153575, 5.686489692
9.5, -1.292306991, -2.32902221, -3.035038589, -3.332473734, -3.135072744, -2.329438581, -0.776874005, 1.691308235
10, -1.56648864, -2.900098932, -3.939285249, -4.615010055, -4.839588026, -4.52159855, -3.535071449, -1.726082378
10.5, -1.803440111, -3.400787263, -4.727495909, -5.722504698, -6.318220394, -6.422237318, -5.925739841, -4.688293086
11, -2.014297278, -3.842957305, -5.423365433, -6.702189151, -7.614620174, -8.083094353, -8.009487844, -7.265664817
11.5, -2.204684941, -4.232685161, -6.039089273, -7.567096051, -8.759775421, -9.548335669, -9.84446809, -9.537350008
12, -2.374769821, -4.581170508, -6.58629456, -8.335044607, -9.778075858, -10.85501245, -11.47540471, -11.55036416
12.5, -2.524628574, -4.899385963, -7.081811426, -9.028944772, -10.69321243, -12.02212719, -12.93407193, -13.34418312
13, -2.659614692, -5.18206113, -7.525873371, -9.654731928, -11.51715671, -13.07371476, -14.24552626, -14.95701408
13.5, -2.785051214, -5.44533402, -7.93486284, -10.22368634, -12.26713697, -14.02759627, -15.4341518, -16.41431684
14, -2.900886747, -5.683772275, -8.308786566, -10.741359, -12.95456424, -14.89553819, -16.51227411, -17.73501202
14.5, -3.0070464, -5.90266629, -8.65296303, -11.22424815, -13.58501207, -15.69481182, -17.50344211, -18.94938784
15, -3.108856781, -6.107300207, -8.972736703, -11.66670627, -14.16401758, -16.43109525, -18.41943062, -20.05778026
15.5, -3.200874527, -6.297540242, -9.267919486, -12.0795864, -14.70822789, -17.11564214, -19.2601596, -21.08398821
16, -3.288368067, -6.478698001, -9.543773415, -12.46265559, -15.20613473, -17.74823957, -20.04291125, -22.03386974
16.5, -3.371285052, -6.645156434, -9.800138218, -12.82121134, -15.68004052, -18.34004477, -20.77325299, -22.91911194
17, -3.444155182, -6.80224243, -10.04775839, -13.16062475, -16.11834359, -18.89649458, -21.4508578, -23.7513539
17.5, -3.51767811, -6.949795577, -10.27549077, -13.48061809, -16.53206877, -19.41724065, -22.09294179, -24.52428255
18, -3.586460617, -7.093173326, -10.49410313, -13.78092829, -16.92659322, -19.90772689, -22.69913017, -25.25541387
18.5, -3.650354932, -7.226767057, -10.7035133, -14.06692276, -17.29591764, -20.37338313, -23.26906222, -25.93840645
19, -3.714753523, -7.350468858, -10.89791843, -14.33842558, -17.65119399, -20.81386673, -23.80827793, -26.59083669
19.5, -3.774223363, -7.475134313, -11.0883277, -14.59514517, -17.9864457, -21.23469831, -24.31639205, -27.20627504
20, -3.82864507, -7.589694958, -11.26899314, -14.84257465, -18.30713281, -21.63551111, -24.80482183, -27.79642297
20.5, -3.883444674, -7.699531799, -11.4398002, -15.08052062, -18.61302126, -22.01613348, -25.27332363, -28.35487978
21, -3.938581507, -7.810140861, -11.60058143, -15.30881042, -18.90384817, -22.38200175, -25.71561638, -28.88729382
21.5, -3.98858859, -7.910320562, -11.76242427, -15.5215519, -19.18518042, -22.73295339, -26.14329644, -29.39940291
22, -4.033339755, -8.011113636, -11.91403297, -15.73571238, -19.45686391, -23.0687127, -26.55011218, -29.88481795
22.5, -4.083905407, -8.106879608, -12.06087168, -15.93401885, -19.71286029, -23.3890387, -26.94178715, -30.35535808
23, -4.129172965, -8.197542219, -12.20287534, -16.12778154, -19.96467699, -23.70553312, -27.3240656, -30.80467474
23.5, -4.169045156, -8.288726867, -12.3399873, -16.31687009, -20.20626286, -24.00622562, -27.68466753, -31.24470109
24, -4.214743531, -8.374633295, -12.47205046, -16.50118665, -20.44338012, -24.29677306, -28.04149426, -31.66296255
24.5, -4.25497, -8.460964357, -12.60476871, -16.6748672, -20.67005308, -24.57708584, -28.38227937, -32.06531652
25, -4.295425512, -8.541981986, -12.72655819, -16.84352825, -20.89195742, -24.84695846, -28.70674458, -32.45772358
26, -4.295425512, -8.541981986, -12.72655819, -16.84352825, -20.89195742, -24.84695846, -28.70674458, -32.45772358
ENDTABLE
LOG_ENTRY Used Dataset: Tire: Aligning Moment; { Touring Tires } 215/55 R17 (SAE)
EXIT_PARSFILE Tires\Mz\TireMz_3a71ed18-e842-4d21-9297-9e431964ca79.par

ENTER_PARSFILE Tires\Fy\TireFy_a3dbd701-dd04-4bbe-ae9d-4f8143ca326f.par
#FullDataName Tire: Lateral Force`215/55 R17`Touring Tires
FY_TIRE_CARPET 2D_FROM_ZERO
0, 1593.58, 3187.16, 4780.74, 6374.32, 7967.9, 9561.48, 11155.06, 12748.65
0.5, 248.08, 483.5, 704.46, 910.03, 1099.7, 1273.15, 1430.26, 1571
1, 486, 947.74, 1381.71, 1786.09, 2159.81, 2502.21, 2812.97, 3091.98
1.5, 704.93, 1375.9, 2007.9, 2598.26, 3145.3, 3647.98, 4105.65, 4518.01
2, 898.46, 1755.66, 2565.35, 3324.08, 4029.58, 4680.29, 5275.2, 5813.66
2.5, 1063.18, 2080.29, 3044.12, 3950.55, 4796.73, 5580.62, 6300.7, 6955.9
3, 1198.64, 2348.57, 3441.97, 4474.17, 5441.86, 6342.46, 7173.99, 7934.9
3.5, 1306.65, 2563.69, 3762.95, 4899.4, 5969.31, 6969.71, 7898.17, 8752.65
4, 1390.46, 2731.63, 4015.21, 5235.95, 6389.87, 7473.66, 8484.53, 9420.05
4.5, 1453.91, 2859.62, 4208.83, 5496.25, 6717.72, 7869.74, 8949.25, 9953.51
5, 1500.82, 2954.92, 4354.16, 5693.25, 6967.99, 8174.77, 9310.36, 10371.82
5.5, 1534.64, 3024.19, 4460.73, 5839.08, 7155.04, 8404.98, 9585.61, 10693.86
6, 1558.28, 3073.11, 4536.82, 5944.36, 7291.62, 8574.99, 9791.17, 10937.07
6.5, 1574.12, 3106.35, 4589.27, 6017.99, 7388.5, 8697.27, 9941.07, 11116.8
7, 1584.05, 3127.63, 4623.58, 6067.16, 7454.5, 8782.18, 10047.02, 11246
7.5, 1589.54, 3139.87, 4644.08, 6097.61, 7496.7, 8838.05, 10118.59, 11335.38
8, 1591.7, 3145.32, 4654.17, 6113.82, 7520.67, 8871.54, 10163.46, 11393.59
8.5, 1591.4, 3145.71, 4656.43, 6119.28, 7530.79, 8887.88, 10187.72, 11427.56
9, 1589.29, 3142.36, 4652.87, 6116.68, 7530.43, 8891.17, 10196.16, 11442.78
9.5, 1585.88, 3136.27, 4645.01, 6108.08, 7522.22, 8884.59, 10192.55, 11443.6
10, 1581.52, 3128.2, 4634.02, 6095.06, 7508.17, 8870.59, 10179.81, 11433.4
10.5, 1576.5, 3118.73, 4620.79, 6078.84, 7489.83, 8851.11, 10160.22, 11414.86
11, 1571.04, 3108.3, 4605.98, 6060.34, 7468.41, 8827.6, 10135.56, 11390.06
11.5, 1565.3, 3097.24, 4590.13, 6040.29, 7444.82, 8801.22, 10107.2, 11360.64
12, 1559.4, 3085.8, 4573.6, 6019.2, 7419.76, 8772.84, 10076.22, 11327.85
12.5, 1553.42, 3074.17, 4556.71, 5997.51, 7393.78, 8743.14, 10043.45, 11292.71
13, 1547.43, 3062.48, 4539.67, 5975.51, 7367.28, 8712.65, 10009.53, 11255.98
13.5, 1541.49, 3050.85, 4522.65, 5953.45, 7340.58, 8681.76, 9974.95, 11218.26
14, 1535.63, 3039.34, 4505.77, 5931.51, 7313.93, 8650.78, 9940.1, 11180.02
14.5, 1529.87, 3028.02, 4489.12, 5909.81, 7287.49, 8619.95, 9905.26, 11141.62
15, 1524.24, 3016.93, 4472.78, 5888.46, 7261.4, 8589.44, 9870.67, 11103.34
15.5, 1518.75, 3006.09, 4456.78, 5867.52, 7235.76, 8559.37, 9836.49, 11065.39
16, 1513.4, 2995.53, 4441.16, 5847.04, 7210.63, 8529.85, 9802.84, 11027.93
16.5, 1508.2, 2985.25, 4425.95, 5827.05, 7186.08, 8500.94, 9769.82, 10991.07
17, 1503.15, 2975.26, 4411.14, 5807.59, 7162.12, 8472.69, 9737.49, 10954.92
17.5, 1498.25, 2965.56, 4396.76, 5788.65, 7138.78, 8445.12, 9705.9, 10919.52
18, 1493.51, 2956.15, 4382.78, 5770.24, 7116.07, 8418.26, 9675.07, 10884.92
18.5, 1488.91, 2947.02, 4369.23, 5752.35, 7093.98, 8392.12, 9645.02, 10851.14
19, 1484.45, 2938.18, 4356.07, 5734.99, 7072.52, 8366.68, 9615.76, 10818.21
19.5, 1480.14, 2929.6, 4343.32, 5718.14, 7051.68, 8341.96, 9587.28, 10786.11
20, 1475.96, 2921.3, 4330.95, 5701.79, 7031.44, 8317.92, 9559.57, 10754.86
20.5, 1471.91, 2913.25, 4318.96, 5685.93, 7011.79, 8294.58, 9532.63, 10724.44
21, 1467.98, 2905.45, 4307.34, 5670.55, 6992.71, 8271.89, 9506.43, 10694.84
21.5, 1464.18, 2897.89, 4296.06, 5655.62, 6974.19, 8249.86, 9480.97, 10666.04
22, 1460.5, 2890.56, 4285.13, 5641.13, 6956.21, 8228.45, 9456.21, 10638.03
22.5, 1456.93, 2883.45, 4274.52, 5627.07, 6938.75, 8207.66, 9432.15, 10610.78
23, 1453.47, 2876.55, 4264.23, 5613.43, 6921.8, 8187.45, 9408.76, 10584.27
23.5, 1450.11, 2869.87, 4254.25, 5600.18, 6905.33, 8167.82, 9386.01, 10558.48
24, 1446.86, 2863.37, 4244.55, 5587.31, 6889.33, 8148.73, 9363.89, 10533.38
24.5, 1443.69, 2857.07, 4235.13, 5574.81, 6873.79, 8130.18, 9342.38, 10508.96
25, 1440.63, 2850.95, 4225.98, 5562.66, 6858.67, 8112.14, 9321.44, 10485.19
26, 1440.63, 2850.95, 4225.98, 5562.66, 6858.67, 8112.14, 9321.44, 10485.19
ENDTABLE
MU_REF_Y 1.0
LOG_ENTRY Used Dataset: Tire: Lateral Force; { Touring Tires } 215/55 R17
EXIT_PARSFILE Tires\Fy\TireFy_a3dbd701-dd04-4bbe-ae9d-4f8143ca326f.par

ENTER_PARSFILE Tires\Fx\TireFx_912f5e84-bc6f-4cb3-a08e-430ac38b921c.par
#FullDataName Tire: Longitudinal Force`215/55 R17`Touring Tires
FX_TIRE_CARPET 2D_FROM_ZERO
0, 1593.58, 3187.16, 4780.74, 6374.32, 7967.9, 9561.48, 11155.06, 12748.65
0.02, 866.05, 1702.47, 2504.68, 3270.08, 3996.91, 4683.85, 5329.94, 5934.48
0.04, 1297.02, 2555.8, 3770.2, 4936.54, 6052.18, 7115.02, 8123.39, 9075.89
0.06, 1471.85, 2904.23, 4290.68, 5627.28, 6911.13, 8139.89, 9311.59, 10424.58
0.08, 1545.6, 3051.97, 4512.64, 5923.67, 7282.08, 8585.47, 9831.8, 11019.3
0.1, 1577.33, 3115.96, 4609.52, 6054.07, 7446.63, 8784.79, 10066.48, 11289.9
0.12, 1589.5, 3140.9, 4647.9, 6106.6, 7514.05, 8867.84, 10165.9, 11406.43
0.14, 1591.76, 3145.99, 4656.47, 6119.35, 7531.7, 8891.14, 10195.61, 11443.29
0.16, 1588.74, 3140.47, 4649.06, 6110.7, 7522.49, 8882.06, 10187.38, 11436.63
0.18, 1582.86, 3129.18, 4632.91, 6090.28, 7498.42, 8854.99, 10157.96, 11405.55
0.2, 1575.45, 3114.8, 4612.04, 6063.46, 7466.22, 8817.98, 10116.76, 11360.75
0.22, 1567.3, 3098.87, 4588.79, 6033.36, 7429.78, 8775.74, 10069.25, 11308.54
0.24, 1558.85, 3082.33, 4564.54, 6001.84, 7391.45, 8731.07, 10018.74, 11252.71
0.26, 1550.39, 3065.72, 4540.14, 5970.03, 7352.65, 8685.71, 9967.27, 11195.59
0.28, 1542.08, 3049.37, 4516.08, 5938.61, 7314.24, 8640.71, 9916.07, 11138.62
0.3, 1534.02, 3033.49, 4492.67, 5907.99, 7276.75, 8596.7, 9865.92, 11082.7
0.32, 1526.25, 3018.18, 4470.08, 5878.41, 7240.48, 8554.07, 9817.27, 11028.37
0.34, 1518.81, 3003.5, 4448.4, 5849.99, 7205.61, 8513.03, 9770.37, 10975.93
0.36, 1511.7, 2989.47, 4427.66, 5822.79, 7172.2, 8473.68, 9725.35, 10925.54
0.38, 1504.92, 2976.09, 4407.88, 5796.82, 7140.27, 8436.04, 9682.26, 10877.27
0.4, 1498.48, 2963.35, 4389.03, 5772.06, 7109.82, 8400.12, 9641.1, 10831.12
0.42, 1492.34, 2951.22, 4371.08, 5748.48, 7080.79, 8365.85, 9601.82, 10787.04
0.44, 1486.51, 2939.69, 4354, 5726.02, 7053.13, 8333.19, 9564.36, 10744.99
0.46, 1480.96, 2928.72, 4337.75, 5704.64, 7026.79, 8302.07, 9528.64, 10704.87
0.48, 1475.69, 2918.28, 4322.27, 5684.28, 7001.7, 8272.41, 9494.58, 10666.59
0.5, 1470.66, 2908.34, 4307.54, 5664.88, 6977.78, 8244.13, 9462.1, 10630.08
0.52, 1465.88, 2898.87, 4293.5, 5646.4, 6954.99, 8217.16, 9431.11, 10595.23
0.54, 1461.33, 2889.85, 4280.12, 5628.77, 6933.24, 8191.43, 9401.54, 10561.95
0.56, 1456.98, 2881.24, 4267.35, 5611.95, 6912.49, 8166.87, 9373.29, 10530.16
0.58, 1452.84, 2873.03, 4255.17, 5595.89, 6892.67, 8143.41, 9346.3, 10499.78
0.6, 1448.88, 2865.19, 4243.53, 5580.55, 6873.73, 8120.98, 9320.5, 10470.72
0.62, 1445.1, 2857.69, 4232.4, 5565.89, 6855.62, 8099.52, 9295.81, 10442.91
0.64, 1441.48, 2850.53, 4221.76, 5551.85, 6838.28, 8078.98, 9272.17, 10416.28
0.66, 1438.02, 2843.66, 4211.57, 5538.41, 6821.68, 8059.31, 9249.53, 10390.76
0.68, 1434.7, 2837.09, 4201.81, 5525.54, 6805.78, 8040.46, 9227.82, 10366.28
0.7, 1431.53, 2830.79, 4192.45, 5513.19, 6790.52, 8022.37, 9206.99, 10342.8
0.72, 1428.48, 2824.75, 4183.47, 5501.35, 6775.88, 8005.01, 9186.99, 10320.25
0.74, 1425.55, 2818.95, 4174.85, 5489.97, 6761.82, 7988.34, 9167.78, 10298.59
0.76, 1422.74, 2813.37, 4166.57, 5479.04, 6748.31, 7972.31, 9149.32, 10277.76
0.78, 1420.04, 2808.02, 4158.61, 5468.53, 6735.31, 7956.9, 9131.55, 10257.72
0.8, 1417.44, 2802.86, 4150.95, 5458.42, 6722.81, 7942.07, 9114.46, 10238.43
0.82, 1414.94, 2797.9, 4143.57, 5448.69, 6710.77, 7927.78, 9097.99, 10219.85
0.84, 1412.54, 2793.12, 4136.47, 5439.31, 6699.17, 7914.02, 9082.12, 10201.94
0.86, 1410.22, 2788.52, 4129.63, 5430.27, 6687.99, 7900.75, 9066.82, 10184.67
0.88, 1407.98, 2784.08, 4123.02, 5421.55, 6677.2, 7887.95, 9052.06, 10168.01
0.9, 1405.82, 2779.8, 4116.65, 5413.14, 6666.79, 7875.59, 9037.81, 10151.92
0.92, 1403.74, 2775.66, 4110.5, 5405.02, 6656.74, 7863.66, 9024.04, 10136.37
0.94, 1401.72, 2771.66, 4104.56, 5397.17, 6647.02, 7852.12, 9010.74, 10121.35
0.96, 1399.78, 2767.8, 4098.81, 5389.58, 6637.63, 7840.97, 8997.88, 10106.82
0.98, 1397.9, 2764.07, 4093.26, 5382.24, 6628.55, 7830.19, 8985.43, 10092.77
1, 1396.08, 2760.45, 4087.88, 5375.14, 6619.76, 7819.75, 8973.38, 10079.16
1.02, 1396.08, 2760.45, 4087.88, 5375.14, 6619.76, 7819.75, 8973.38, 10079.16
ENDTABLE
MU_REF_X 1.0
LOG_ENTRY Used Dataset: Tire: Longitudinal Force; { Touring Tires } 215/55 R17
EXIT_PARSFILE Tires\Fx\TireFx_912f5e84-bc6f-4cb3-a08e-430ac38b921c.par

ENTER_PARSFILE Tires\Camber_Thrust\CamStiff_2a6821cf-8efc-4493-aa14-ff8fe1c2cd9a.par
#FullDataName Tire: Camber Thrust Coefficient`215/55 R17`Touring Tires
KGAMMA_TABLE SPLINE
0, 0
637.43225, -6.0332
1274.8645, -12.0864
1912.29675, -18.1682
2549.729, -24.2854
3187.16125, -30.4433
3824.5935, -36.6469
4462.02575, -42.9005
5099.458, -49.2081
5736.89025, -55.5734
6374.3225, -62
7011.75475, -68.4912
7649.187, -75.05
8286.61925, -81.6797
8924.0515, -88.3829
9561.48375, -95.1626
10198.916, -102.0213
10836.34825, -108.9617
11473.7805, -115.9864
12111.21275, -123.0976
12748.645, -130.2979
ENDTABLE
LOG_ENTRY Used Dataset: Tire: Camber Thrust Coefficient; { Touring Tires } 215/55 R17
EXIT_PARSFILE Tires\Camber_Thrust\CamStiff_2a6821cf-8efc-4493-aa14-ff8fe1c2cd9a.par

LOG_ENTRY Used Dataset: Tire; { Touring Tires } 215/55 R17
EXIT_PARSFILE Tires\Tire\Tire_a4933b6c-5f40-41ae-b564-99a89f2f99c7.par

iaxle 2
ENTER_PARSFILE Suspensions\Kin_Indy\KinInd_4c381c6c-f7fa-461a-8ebd-ad04f6225cdb.par
#FullDataName Suspension: Independent System Kinematics`D-Class, Sedan - Rear`D-Class
iside 1
OPT_JNC_DESIGN 1
OPT_IND_KIN 0
R_US_STR 0
L_TRACK 1550
Y_CL_SUSP 0
M_US 65.2
SUSP_DIVE_COEFFICIENT 0
ENTER_PARSFILE Suspensions\Longitudinal\SusX_dd301e65-3ebf-409d-85f2-eefd1a6795d9.par
#FullDataName Suspension: Longitudinal Movement`Rr. TLS: Longitudinal Movement`Tri-Link Strut
SUSP_X_COMBINE ADD
SUSP_X_TABLE SPLINE
-150, 34.0109
-135, 29.0492
-120, 24.4735
-105, 20.2638
-90, 16.4039
-75, 12.8801
-60, 9.68167
-45, 6.79994
-30, 4.22844
-15, 1.96266
0, 0
15, -1.66025
30, -3.01692
45, -4.06686
60, -4.8048
75, -5.22318
90, -5.31173
105, -5.05706
120, -4.44179
135, -3.4432
150, -2.03055
ENDTABLE
SUSP_X_JNC_OTHER_SIDE_CONSTANT 0
LOG_ENTRY Used Dataset: Suspension: Longitudinal Movement; { Tri-Link Strut } Rr. TLS: Longitudinal Movement
EXIT_PARSFILE Suspensions\Longitudinal\SusX_dd301e65-3ebf-409d-85f2-eefd1a6795d9.par

ENTER_PARSFILE Suspensions\Camber\Camber_d74dc4ba-9a45-49dd-9d91-b998a8358463.par
#FullDataName Suspension: Camber Angle`Rear Tri-Link Strut - Camber Change`Tri-Link Strut
CAMBER_COMBINE ADD
CAMBER_TABLE SPLINE
-150, 5.44524
-135, 4.65501
-120, 3.92781
-105, 3.25928
-90, 2.64586
-75, 2.08471
-60, 1.5736
-45, 1.11074
-30, 0.694784
-15, 0.32476
0, 0
15, -0.279867
30, -0.514945
45, -0.705085
60, -0.849884
75, -0.948682
90, -1.00053
105, -1.00416
120, -0.957857
135, -0.85927
150, -0.705008
ENDTABLE
SUSP_CAMBER_JNC_OTHER_SIDE_CONSTANT 0
LOG_ENTRY Used Dataset: Suspension: Camber Angle; { Tri-Link Strut } Rear Tri-Link Strut - Camber Change
EXIT_PARSFILE Suspensions\Camber\Camber_d74dc4ba-9a45-49dd-9d91-b998a8358463.par

ENTER_PARSFILE Suspensions\Lateral\LatJnc_2d1706c3-ddcf-4177-9d5d-3259b29b38a2.par
#FullDataName Suspension: Lateral Movement Due to Jounce`Rear Tri-Link Strut - Lateral Movement`Tri-Link Strut
SUSP_LAT_COMBINE ADD
SUSP_LAT_TABLE SPLINE
-150, 34.7232
-135, 28.9298
-120, 23.7162
-105, 19.0508
-90, 14.9073
-75, 11.2635
-60, 8.10101
-45, 5.40464
-30, 3.16193
-15, 1.36294
0, 0
15, -0.932437
30, -1.43789
45, -1.51794
60, -1.1722
75, -0.398333
90, 0.808049
105, 2.45344
120, 4.54658
135, 7.09849
150, 10.1225
ENDTABLE
SUSP_LAT_JNC_OTHER_SIDE_CONSTANT 0
SUSP_Y_AXLE_ROLL_COMBINE ADD ! in case this is for a solid axle
SUSP_LAT_AXLE_JOUNCE_TABLE SPLINE
-150, 34.7232
-135, 28.9298
-120, 23.7162
-105, 19.0508
-90, 14.9073
-75, 11.2635
-60, 8.10101
-45, 5.40464
-30, 3.16193
-15, 1.36294
0, 0
15, -0.932437
30, -1.43789
45, -1.51794
60, -1.1722
75, -0.398333
90, 0.808049
105, 2.45344
120, 4.54658
135, 7.09849
150, 10.1225
ENDTABLE
LOG_ENTRY Used Dataset: Suspension: Lateral Movement Due to Jounce; { Tri-Link Strut } Rear Tri-Link Strut - Lateral Movement
EXIT_PARSFILE Suspensions\Lateral\LatJnc_2d1706c3-ddcf-4177-9d5d-3259b29b38a2.par

ENTER_PARSFILE Suspensions\Toe\Toe_95f0644d-9d12-4e20-9ea8-22889a33d059.par
#FullDataName Suspension: Toe Angle`Rear Tri-Link Strut - Toe Change`Tri-Link Strut
TOE_COMBINE ADD
TOE_TABLE SPLINE
-150, -0.230886
-135, -0.137958
-120, -0.067203
-105, -0.0158
-90, 0.018818
-75, 0.03903
-60, 0.047078
-45, 0.045112
-30, 0.035225
-15, 0.019492
0, 0
15, -0.021118
30, -0.041648
45, -0.059255
60, -0.071439
75, -0.075487
90, -0.068408
105, -0.046854
120, -0.007025
135, 0.055466
150, 0.145778
ENDTABLE
SUSP_TOE_JNC_OTHER_SIDE_CONSTANT 0
LOG_ENTRY Used Dataset: Suspension: Toe Angle; { Tri-Link Strut } Rear Tri-Link Strut - Toe Change
EXIT_PARSFILE Suspensions\Toe\Toe_95f0644d-9d12-4e20-9ea8-22889a33d059.par

M_US_IND 32.6
M_US_STR 0
IW 0.17
IW_XXZZ 0.08
JNC_DESIGN 0
A_TOE 0
A_CAMBER 0
iside 2
SUSP_DIVE_COEFFICIENT 0
ENTER_PARSFILE Suspensions\Longitudinal\SusX_dd301e65-3ebf-409d-85f2-eefd1a6795d9.par
#FullDataName Suspension: Longitudinal Movement`Rr. TLS: Longitudinal Movement`Tri-Link Strut
SUSP_X_COMBINE ADD
SUSP_X_TABLE SPLINE
-150, 34.0109
-135, 29.0492
-120, 24.4735
-105, 20.2638
-90, 16.4039
-75, 12.8801
-60, 9.68167
-45, 6.79994
-30, 4.22844
-15, 1.96266
0, 0
15, -1.66025
30, -3.01692
45, -4.06686
60, -4.8048
75, -5.22318
90, -5.31173
105, -5.05706
120, -4.44179
135, -3.4432
150, -2.03055
ENDTABLE
SUSP_X_JNC_OTHER_SIDE_CONSTANT 0
LOG_ENTRY Used Dataset: Suspension: Longitudinal Movement; { Tri-Link Strut } Rr. TLS: Longitudinal Movement
EXIT_PARSFILE Suspensions\Longitudinal\SusX_dd301e65-3ebf-409d-85f2-eefd1a6795d9.par

ENTER_PARSFILE Suspensions\Camber\Camber_d74dc4ba-9a45-49dd-9d91-b998a8358463.par
#FullDataName Suspension: Camber Angle`Rear Tri-Link Strut - Camber Change`Tri-Link Strut
CAMBER_COMBINE ADD
CAMBER_TABLE SPLINE
-150, 5.44524
-135, 4.65501
-120, 3.92781
-105, 3.25928
-90, 2.64586
-75, 2.08471
-60, 1.5736
-45, 1.11074
-30, 0.694784
-15, 0.32476
0, 0
15, -0.279867
30, -0.514945
45, -0.705085
60, -0.849884
75, -0.948682
90, -1.00053
105, -1.00416
120, -0.957857
135, -0.85927
150, -0.705008
ENDTABLE
SUSP_CAMBER_JNC_OTHER_SIDE_CONSTANT 0
LOG_ENTRY Used Dataset: Suspension: Camber Angle; { Tri-Link Strut } Rear Tri-Link Strut - Camber Change
EXIT_PARSFILE Suspensions\Camber\Camber_d74dc4ba-9a45-49dd-9d91-b998a8358463.par

ENTER_PARSFILE Suspensions\Lateral\LatJnc_2d1706c3-ddcf-4177-9d5d-3259b29b38a2.par
#FullDataName Suspension: Lateral Movement Due to Jounce`Rear Tri-Link Strut - Lateral Movement`Tri-Link Strut
SUSP_LAT_COMBINE ADD
SUSP_LAT_TABLE SPLINE
-150, 34.7232
-135, 28.9298
-120, 23.7162
-105, 19.0508
-90, 14.9073
-75, 11.2635
-60, 8.10101
-45, 5.40464
-30, 3.16193
-15, 1.36294
0, 0
15, -0.932437
30, -1.43789
45, -1.51794
60, -1.1722
75, -0.398333
90, 0.808049
105, 2.45344
120, 4.54658
135, 7.09849
150, 10.1225
ENDTABLE
SUSP_LAT_JNC_OTHER_SIDE_CONSTANT 0
SUSP_Y_AXLE_ROLL_COMBINE ADD ! in case this is for a solid axle
SUSP_LAT_AXLE_JOUNCE_TABLE SPLINE
-150, 34.7232
-135, 28.9298
-120, 23.7162
-105, 19.0508
-90, 14.9073
-75, 11.2635
-60, 8.10101
-45, 5.40464
-30, 3.16193
-15, 1.36294
0, 0
15, -0.932437
30, -1.43789
45, -1.51794
60, -1.1722
75, -0.398333
90, 0.808049
105, 2.45344
120, 4.54658
135, 7.09849
150, 10.1225
ENDTABLE
LOG_ENTRY Used Dataset: Suspension: Lateral Movement Due to Jounce; { Tri-Link Strut } Rear Tri-Link Strut - Lateral Movement
EXIT_PARSFILE Suspensions\Lateral\LatJnc_2d1706c3-ddcf-4177-9d5d-3259b29b38a2.par

ENTER_PARSFILE Suspensions\Toe\Toe_95f0644d-9d12-4e20-9ea8-22889a33d059.par
#FullDataName Suspension: Toe Angle`Rear Tri-Link Strut - Toe Change`Tri-Link Strut
TOE_COMBINE ADD
TOE_TABLE SPLINE
-150, -0.230886
-135, -0.137958
-120, -0.067203
-105, -0.0158
-90, 0.018818
-75, 0.03903
-60, 0.047078
-45, 0.045112
-30, 0.035225
-15, 0.019492
0, 0
15, -0.021118
30, -0.041648
45, -0.059255
60, -0.071439
75, -0.075487
90, -0.068408
105, -0.046854
120, -0.007025
135, 0.055466
150, 0.145778
ENDTABLE
SUSP_TOE_JNC_OTHER_SIDE_CONSTANT 0
LOG_ENTRY Used Dataset: Suspension: Toe Angle; { Tri-Link Strut } Rear Tri-Link Strut - Toe Change
EXIT_PARSFILE Suspensions\Toe\Toe_95f0644d-9d12-4e20-9ea8-22889a33d059.par

M_US_IND 32.6
M_US_STR 0
IW 0.17
IW_XXZZ 0.08
JNC_DESIGN 0
A_TOE 0
A_CAMBER 0
LOG_ENTRY Used Dataset: Suspension: Independent System Kinematics; { D-Class } D-Class, Sedan - Rear
EXIT_PARSFILE Suspensions\Kin_Indy\KinInd_4c381c6c-f7fa-461a-8ebd-ad04f6225cdb.par

ENTER_PARSFILE Suspensions\Compliance\CmpInd_39df7721-d21a-4116-ba8e-45be4d71ba08.par
#FullDataName Suspension: Independent Compliance, Springs, and Dampers`D-Class, Sdn - Rear`D-Class
DAUX 0
iside 1
OPT_EXT_SP 0
FS_COMP_COEFFICIENT 82
FS_EXT_COEFFICIENT 82
FS_COMP_OFFSET 20
FS_EXT_OFFSET -20
SPRING_COMP_BETA 2
SPRING_EXT_BETA 2
CMP_SPR_SEAT_COEFFICIENT 0.797
L_SPG_ADJ 0
FS_OFFSET 0
CMP_OFFSET 0
ENTER_PARSFILE Suspensions\Shocks\Shock_06339072-ca43-46c4-af82-ec3bf59d6ffc.par
#FullDataName Suspension: Shock Absorber`Big Car`Passenger Car
FD_TABLE SPLINE
-1410, -5008
-720, -3436
-390, -2324
-210, -1792
-90, -1008
-20, -228
0, 0
20, 228
90, 596
200, 784
390, 1100
760, 1796
1160, 2560
ENDTABLE
LOG_ENTRY Used Dataset: Suspension: Shock Absorber; { Passenger Car } Big Car
EXIT_PARSFILE Suspensions\Shocks\Shock_06339072-ca43-46c4-af82-ec3bf59d6ffc.par

CMP_DAMP_COEFFICIENT 0.797
ENTER_PARSFILE Suspensions\Jounce_Rebound\JncReb_a149b76b-e734-43ee-b840-d0fd8769d993.par
#FullDataName Suspension: Jounce and Rebound Stops`+70 mm / -50 mm`Jounce Range: 50 mm to 99 mm
F_JNC_STOP_TABLE LINEAR
68, 0
69, 0
70, 10000
ENDTABLE
F_REB_STOP_TABLE LINEAR
-50, -10000
-49, 0
-48, 0
ENDTABLE
LOG_ENTRY Used Dataset: Suspension: Jounce and Rebound Stops; { Jounce Range: 50 mm to 99 mm } +70 mm / -50 mm
EXIT_PARSFILE Suspensions\Jounce_Rebound\JncReb_a149b76b-e734-43ee-b840-d0fd8769d993.par

CMP_JSTOP_COEFFICIENT 0.797
CMP_RSTOP_COEFFICIENT 0.797
CT_FX_COEFFICIENT 0
CS_FY_COEFFICIENT -0.10e-6
CS_MZ_COEFFICIENT 0.190e-4
CC_FX_COEFFICIENT 0
CI_FY_COEFFICIENT 2.9e-5
CI_MZ_COEFFICIENT 0
C_LONG_COEFFICIENT 7e-5
C_LAT_COEFFICIENT 3.8e-5
CD_MY_COEFFICIENT 0
iside 2
OPT_EXT_SP 0
FS_COMP_COEFFICIENT 82
FS_EXT_COEFFICIENT 82
FS_COMP_OFFSET 20
FS_EXT_OFFSET -20
SPRING_COMP_BETA 2
SPRING_EXT_BETA 2
CMP_SPR_SEAT_COEFFICIENT 0.797
L_SPG_ADJ 0
FS_OFFSET 0
CMP_OFFSET 0
ENTER_PARSFILE Suspensions\Shocks\Shock_06339072-ca43-46c4-af82-ec3bf59d6ffc.par
#FullDataName Suspension: Shock Absorber`Big Car`Passenger Car
FD_TABLE SPLINE
-1410, -5008
-720, -3436
-390, -2324
-210, -1792
-90, -1008
-20, -228
0, 0
20, 228
90, 596
200, 784
390, 1100
760, 1796
1160, 2560
ENDTABLE
LOG_ENTRY Used Dataset: Suspension: Shock Absorber; { Passenger Car } Big Car
EXIT_PARSFILE Suspensions\Shocks\Shock_06339072-ca43-46c4-af82-ec3bf59d6ffc.par

CMP_DAMP_COEFFICIENT 0.797
ENTER_PARSFILE Suspensions\Jounce_Rebound\JncReb_a149b76b-e734-43ee-b840-d0fd8769d993.par
#FullDataName Suspension: Jounce and Rebound Stops`+70 mm / -50 mm`Jounce Range: 50 mm to 99 mm
F_JNC_STOP_TABLE LINEAR
68, 0
69, 0
70, 10000
ENDTABLE
F_REB_STOP_TABLE LINEAR
-50, -10000
-49, 0
-48, 0
ENDTABLE
LOG_ENTRY Used Dataset: Suspension: Jounce and Rebound Stops; { Jounce Range: 50 mm to 99 mm } +70 mm / -50 mm
EXIT_PARSFILE Suspensions\Jounce_Rebound\JncReb_a149b76b-e734-43ee-b840-d0fd8769d993.par

CMP_JSTOP_COEFFICIENT 0.797
CMP_RSTOP_COEFFICIENT 0.797
CT_FX_COEFFICIENT 0
CS_FY_COEFFICIENT -0.10e-6
CS_MZ_COEFFICIENT 0.190e-4
CC_FX_COEFFICIENT 0
CI_FY_COEFFICIENT 2.9e-5
CI_MZ_COEFFICIENT 0
C_LONG_COEFFICIENT 7e-5
C_LAT_COEFFICIENT 3.8e-5
CD_MY_COEFFICIENT 0
ENTER_PARSFILE Suspensions\Aux_Roll\AuxMx_3211aad2-69b1-401a-b9be-b23bd990eafe.par
#FullDataName Suspension: Auxiliary Roll Moment`Linear: 344 N-m/deg`Linear
MX_AUX_COMBINE ADD
MX_AUX_COEFFICIENT 344
MX_AUX_FSTATIC_CONSTANT 0
LOG_ENTRY Used Dataset: Suspension: Auxiliary Roll Moment; { Linear } Linear: 344 N-m/deg
EXIT_PARSFILE Suspensions\Aux_Roll\AuxMx_3211aad2-69b1-401a-b9be-b23bd990eafe.par

LOG_ENTRY Used Dataset: Suspension: Independent Compliance, Springs, and Dampers; { D-Class } D-Class, Sdn - Rear
EXIT_PARSFILE Suspensions\Compliance\CmpInd_39df7721-d21a-4116-ba8e-45be4d71ba08.par

iside 1
WRITE_ADD_REFERENCE_FRAME_WHEEL
ADD_REFERENCE_FRAME L2 Wheel
SET_EULER_ANGLES YAW_ROLL_PITCH
SET_X_NAME X_L2
WRT_X_L2
ANI_X_L2
SET_Y_NAME Y_L2
WRT_Y_L2
ANI_Y_L2
SET_Z_NAME Z_L2
WRT_Z_L2
ANI_Z_L2
SET_YAW_NAME Yaw_L2
WRT_Yaw_L2
ANI_Yaw_L2
SET_PITCH_NAME Rot_L2
WRT_Rot_L2
ANI_Rot_L2
SET_ROLL_NAME Roll_L2
WRT_Roll_L2
ANI_Roll_L2
SET_SCALE_VAR_PITCH 360
X_REF_LENGTH 1
Y_REF_LENGTH 1
Z_REF_LENGTH 1
X_LENGTH 1
Y_LENGTH 1
Z_LENGTH 1
ENTER_PARSFILE Tires\Tire\Tire_a4933b6c-5f40-41ae-b564-99a89f2f99c7.par
#FullDataName Tire`215/55 R17`Touring Tires
FZ_REF 6500
X_LENGTH 334
Z_LENGTH 334
Y_LENGTH 215
OPT_TIRE_LAG_KAPPA 2
OPT_TIRE_LAG_ALPHA 1
OPT_TIRE_MODEL 1
ENTER_PARSFILE Animator\STL_Groups\ShpGrp_d5b55623-3c6f-43ea-b7a0-880a3303d1d2.par
#FullDataName Animator: Shape Assembly`195/45 R16`Tires
ENTER_PARSFILE Animator\STL\Shape_9e9cf3ff-6a77-4076-a9f0-1b70114e603e.par
#FullDataName Animator: Shape File Link`195/45 R16: Tire`Common Vehicle Assets: Tires
add_obj Animator\3D_Shape_Files\Common_Vehicle_Assets\Tires\195_45R16\tire.obj
SET_COLOR 1 1 1
set_lighting on
set_fogging on
SET_SPECULAR 0.3 0.3 0.3
vsv_enable_shadows_recursive
LOG_ENTRY Used Dataset: Animator: Shape File Link; { Common Vehicle Assets: Tires } 195/45 R16: Tire
EXIT_PARSFILE Animator\STL\Shape_9e9cf3ff-6a77-4076-a9f0-1b70114e603e.par

ENTER_PARSFILE Animator\STL\Shape_e8969a6e-9ef6-43c7-9f40-228c21b5b4a1.par
#FullDataName Animator: Shape File Link`195/45 R16: Wheel`Common Vehicle Assets: Tires
add_obj Animator\3D_Shape_Files\Common_Vehicle_Assets\Tires\195_45R16\wheel.obj
SET_COLOR .62 .62 .62
set_lighting on
set_fogging on
SET_SPECULAR 0.5 0.5 0.5
vsv_enable_shadows_recursive
LOG_ENTRY Used Dataset: Animator: Shape File Link; { Common Vehicle Assets: Tires } 195/45 R16: Wheel
EXIT_PARSFILE Animator\STL\Shape_e8969a6e-9ef6-43c7-9f40-228c21b5b4a1.par

ENTER_PARSFILE Animator\STL\Shape_21a8656e-547d-4831-954d-38d95a9dff2b.par
#FullDataName Animator: Shape File Link`195/45 R16: Stripe`Common Vehicle Assets: Tires
add_obj Animator\3D_Shape_Files\Common_Vehicle_Assets\Tires\195_45R16\stripe.obj
SET_COLOR 1 1 1
SET_OFFSET_X 0
SET_OFFSET_Y 0.01
SET_OFFSET_Z 0.01
set_lighting on
set_fogging on
SET_SPECULAR 0 0 0
LOG_ENTRY Used Dataset: Animator: Shape File Link; { Common Vehicle Assets: Tires } 195/45 R16: Stripe
EXIT_PARSFILE Animator\STL\Shape_21a8656e-547d-4831-954d-38d95a9dff2b.par

x_ref_length 291
y_ref_length 195
z_ref_length 291
LOG_ENTRY Used Dataset: Animator: Shape Assembly; { Tires } 195/45 R16
EXIT_PARSFILE Animator\STL_Groups\ShpGrp_d5b55623-3c6f-43ea-b7a0-880a3303d1d2.par

WRITE_WHEEL_OFFSET
SET_OFFSET_Y 0
RRE 325
R0 334
FZ_TIRE_COEFFICIENT 268
FZ_MAX 100000
M_TIRE 22
IT 1.5
IT_XXZZ 0.8
ENTER_PARSFILE Generic\tables\GenTab_6200ca2d-9af8-4768-9d04-87ea0bd47068.par
#FullDataName Generic Table`Lx Variable, Scaled to Tire`Tire Relaxation Length
SET_UNITS L_RELAX_X_TABLE m
L_RELAX_X_GAIN = RRE/5
FZ_SCALE_L_RELAX_X = FZ_REF
L_RELAX_X_COMBINE MULTIPLY
L_RELAX_X_TABLE SPLINE_FLAT
-0.1, 0.13526
-0.095, 0.13793
-0.09, 0.1431
-0.085, 0.14862
-0.08, 0.1552
-0.075, 0.16251
-0.07, 0.17087
-0.065, 0.18085
-0.06, 0.1926
-0.055, 0.20631
-0.05, 0.22324
-0.045, 0.24389
-0.04, 0.26989
-0.035, 0.30301
-0.03, 0.34575
-0.025, 0.40397
-0.02, 0.48251
-0.015, 0.59275
-0.01, 0.7393
-0.005, 0.90707
0, 1
0.005, 0.90707
0.01, 0.7393
0.015, 0.59275
0.02, 0.48251
0.025, 0.40397
0.03, 0.34575
0.035, 0.30301
0.04, 0.26989
0.045, 0.24389
0.05, 0.22324
0.055, 0.20631
0.06, 0.1926
0.065, 0.18085
0.07, 0.17087
0.075, 0.16251
0.08, 0.1552
0.085, 0.14862
0.09, 0.1431
0.095, 0.13793
0.1, 0.13526
ENDTABLE
L_RELAX_X_FZ_TABLE LINEAR
0, 0.2
1, 1
ENDTABLE
LOG_ENTRY Used Dataset: Generic Table; { Tire Relaxation Length } Lx Variable, Scaled to Tire
EXIT_PARSFILE Generic\tables\GenTab_6200ca2d-9af8-4768-9d04-87ea0bd47068.par

ENTER_PARSFILE Generic\tables\GenTab_edb0dc74-f107-43df-b9cc-c9fa4d21267d.par
#FullDataName Generic Table`Ly Variable, Scaled to Tire`Tire Relaxation Length
SET_UNITS L_RELAX_Y_TABLE m
L_RELAX_Y_GAIN = RRE*2
FZ_SCALE_L_RELAX_Y = FZ_REF
L_RELAX_Y_COMBINE MULTIPLY
L_RELAX_Y_TABLE SPLINE_FLAT
-10, 0.039175
-9.5, 0.042142
-9, 0.047886
-8.5, 0.054018
-8, 0.061335
-7.5, 0.069451
-7, 0.078749
-6.5, 0.089829
-6, 0.10289
-5.5, 0.11812
-5, 0.13693
-4.5, 0.15988
-4, 0.18877
-3.5, 0.22557
-3, 0.27305
-2.5, 0.33775
-2, 0.42501
-1.5, 0.5475
-1, 0.71033
-0.5, 0.89674
0, 1
0.5, 0.89674
1, 0.71033
1.5, 0.5475
2, 0.42501
2.5, 0.33775
3, 0.27305
3.5, 0.22557
4, 0.18877
4.5, 0.15988
5, 0.13693
5.5, 0.11812
6, 0.10289
6.5, 0.089829
7, 0.078749
7.5, 0.069451
8, 0.061335
8.5, 0.054018
9, 0.047886
9.5, 0.042142
10, 0.039175
ENDTABLE
L_RELAX_Y_FZ_TABLE SPLINE
0, 0.1
1, 1
2, 1.5805
ENDTABLE
LOG_ENTRY Used Dataset: Generic Table; { Tire Relaxation Length } Ly Variable, Scaled to Tire
EXIT_PARSFILE Generic\tables\GenTab_edb0dc74-f107-43df-b9cc-c9fa4d21267d.par

VLOW_KAPPA 2
VLOW_ALPHA 2
RR_C 0.0038
RR_V 0.000026
L_CONTACT_X_CONSTANT 90
L_CONTACT_Y_CONSTANT 215
RR_FX 1
OPT_TIRE_COMB 0
ENTER_PARSFILE Tires\Mz\TireMz_3a71ed18-e842-4d21-9297-9e431964ca79.par
#FullDataName Tire: Aligning Moment`215/55 R17 (SAE)`Touring Tires
MZ_TIRE_CARPET 2D_FROM_ZERO
0, 1593.58, 3187.16, 4780.74, 6374.32, 7967.9, 9561.48, 11155.06, 12748.65
0.5, 7.452673542, 14.64959626, 21.54915219, 28.13312762, 34.39085259, 40.31966384, 45.90179517, 51.15086512
1, 15.07509942, 29.65361007, 43.65497795, 57.03124096, 69.75540841, 81.79688942, 93.13987976, 103.7828717
1.5, 21.32663766, 42.23959603, 62.62702384, 82.4007136, 101.458924, 119.73241, 137.1329889, 153.6016139
2, 23.73004713, 47.66537269, 71.73982093, 95.84980211, 119.855025, 143.5945442, 166.8858444, 189.5425159
2.5, 21.99372876, 44.90685727, 68.84963178, 93.8087936, 119.7297538, 146.4726113, 173.8654352, 201.6658753
3, 18.14074155, 37.59953072, 58.62214546, 81.36260258, 105.9217146, 132.3535328, 160.6255867, 190.6578153
3.5, 14.06887262, 29.50822021, 46.63490127, 65.71737839, 86.98378571, 110.6688723, 136.9480163, 165.9816456
4, 10.58879803, 22.42678885, 35.84515029, 51.13312027, 68.60532091, 88.57797644, 111.3885331, 137.3644113
4.5, 7.836285874, 16.75003754, 27.05137706, 39.02310043, 52.98429643, 69.2748367, 88.29561436, 110.4824822
5, 5.710646062, 12.34118771, 20.14977005, 29.40150275, 40.39566248, 53.46178464, 68.99360804, 87.46296931
5.5, 4.07982336, 8.927362915, 14.78169293, 21.86498968, 30.44124912, 40.81873231, 53.37193915, 68.54232854
6, 2.811946049, 6.269915035, 10.58617046, 15.94927125, 22.58605235, 30.78104994, 40.8620161, 53.23546322
6.5, 1.809380108, 4.181237372, 7.276479254, 11.26423176, 16.35526284, 22.77307317, 30.83240551, 40.88490488
7, 1.017756163, 2.511195538, 4.625718621, 7.513991597, 11.3507223, 16.3372078, 22.73749225, 30.883169
7.5, 0.369513987, 1.15582271, 2.480092299, 4.474975134, 7.292975012, 11.10446589, 16.15025363, 22.71583675
8, -0.162075367, 0.043765673, 0.721583733, 1.980181037, 3.957411103, 6.806902585, 10.73176979, 15.98696291
8.5, -0.602193938, -0.881818771, -0.745387126, -0.095373299, 1.181978846, 3.231046404, 6.225841262, 10.39411024
9, -0.97481139, -1.664305144, -1.979096729, -1.842828165, -1.14775825, 0.225857262, 2.442153575, 5.686489692
9.5, -1.292306991, -2.32902221, -3.035038589, -3.332473734, -3.135072744, -2.329438581, -0.776874005, 1.691308235
10, -1.56648864, -2.900098932, -3.939285249, -4.615010055, -4.839588026, -4.52159855, -3.535071449, -1.726082378
10.5, -1.803440111, -3.400787263, -4.727495909, -5.722504698, -6.318220394, -6.422237318, -5.925739841, -4.688293086
11, -2.014297278, -3.842957305, -5.423365433, -6.702189151, -7.614620174, -8.083094353, -8.009487844, -7.265664817
11.5, -2.204684941, -4.232685161, -6.039089273, -7.567096051, -8.759775421, -9.548335669, -9.84446809, -9.537350008
12, -2.374769821, -4.581170508, -6.58629456, -8.335044607, -9.778075858, -10.85501245, -11.47540471, -11.55036416
12.5, -2.524628574, -4.899385963, -7.081811426, -9.028944772, -10.69321243, -12.02212719, -12.93407193, -13.34418312
13, -2.659614692, -5.18206113, -7.525873371, -9.654731928, -11.51715671, -13.07371476, -14.24552626, -14.95701408
13.5, -2.785051214, -5.44533402, -7.93486284, -10.22368634, -12.26713697, -14.02759627, -15.4341518, -16.41431684
14, -2.900886747, -5.683772275, -8.308786566, -10.741359, -12.95456424, -14.89553819, -16.51227411, -17.73501202
14.5, -3.0070464, -5.90266629, -8.65296303, -11.22424815, -13.58501207, -15.69481182, -17.50344211, -18.94938784
15, -3.108856781, -6.107300207, -8.972736703, -11.66670627, -14.16401758, -16.43109525, -18.41943062, -20.05778026
15.5, -3.200874527, -6.297540242, -9.267919486, -12.0795864, -14.70822789, -17.11564214, -19.2601596, -21.08398821
16, -3.288368067, -6.478698001, -9.543773415, -12.46265559, -15.20613473, -17.74823957, -20.04291125, -22.03386974
16.5, -3.371285052, -6.645156434, -9.800138218, -12.82121134, -15.68004052, -18.34004477, -20.77325299, -22.91911194
17, -3.444155182, -6.80224243, -10.04775839, -13.16062475, -16.11834359, -18.89649458, -21.4508578, -23.7513539
17.5, -3.51767811, -6.949795577, -10.27549077, -13.48061809, -16.53206877, -19.41724065, -22.09294179, -24.52428255
18, -3.586460617, -7.093173326, -10.49410313, -13.78092829, -16.92659322, -19.90772689, -22.69913017, -25.25541387
18.5, -3.650354932, -7.226767057, -10.7035133, -14.06692276, -17.29591764, -20.37338313, -23.26906222, -25.93840645
19, -3.714753523, -7.350468858, -10.89791843, -14.33842558, -17.65119399, -20.81386673, -23.80827793, -26.59083669
19.5, -3.774223363, -7.475134313, -11.0883277, -14.59514517, -17.9864457, -21.23469831, -24.31639205, -27.20627504
20, -3.82864507, -7.589694958, -11.26899314, -14.84257465, -18.30713281, -21.63551111, -24.80482183, -27.79642297
20.5, -3.883444674, -7.699531799, -11.4398002, -15.08052062, -18.61302126, -22.01613348, -25.27332363, -28.35487978
21, -3.938581507, -7.810140861, -11.60058143, -15.30881042, -18.90384817, -22.38200175, -25.71561638, -28.88729382
21.5, -3.98858859, -7.910320562, -11.76242427, -15.5215519, -19.18518042, -22.73295339, -26.14329644, -29.39940291
22, -4.033339755, -8.011113636, -11.91403297, -15.73571238, -19.45686391, -23.0687127, -26.55011218, -29.88481795
22.5, -4.083905407, -8.106879608, -12.06087168, -15.93401885, -19.71286029, -23.3890387, -26.94178715, -30.35535808
23, -4.129172965, -8.197542219, -12.20287534, -16.12778154, -19.96467699, -23.70553312, -27.3240656, -30.80467474
23.5, -4.169045156, -8.288726867, -12.3399873, -16.31687009, -20.20626286, -24.00622562, -27.68466753, -31.24470109
24, -4.214743531, -8.374633295, -12.47205046, -16.50118665, -20.44338012, -24.29677306, -28.04149426, -31.66296255
24.5, -4.25497, -8.460964357, -12.60476871, -16.6748672, -20.67005308, -24.57708584, -28.38227937, -32.06531652
25, -4.295425512, -8.541981986, -12.72655819, -16.84352825, -20.89195742, -24.84695846, -28.70674458, -32.45772358
26, -4.295425512, -8.541981986, -12.72655819, -16.84352825, -20.89195742, -24.84695846, -28.70674458, -32.45772358
ENDTABLE
LOG_ENTRY Used Dataset: Tire: Aligning Moment; { Touring Tires } 215/55 R17 (SAE)
EXIT_PARSFILE Tires\Mz\TireMz_3a71ed18-e842-4d21-9297-9e431964ca79.par

ENTER_PARSFILE Tires\Fy\TireFy_a3dbd701-dd04-4bbe-ae9d-4f8143ca326f.par
#FullDataName Tire: Lateral Force`215/55 R17`Touring Tires
FY_TIRE_CARPET 2D_FROM_ZERO
0, 1593.58, 3187.16, 4780.74, 6374.32, 7967.9, 9561.48, 11155.06, 12748.65
0.5, 248.08, 483.5, 704.46, 910.03, 1099.7, 1273.15, 1430.26, 1571
1, 486, 947.74, 1381.71, 1786.09, 2159.81, 2502.21, 2812.97, 3091.98
1.5, 704.93, 1375.9, 2007.9, 2598.26, 3145.3, 3647.98, 4105.65, 4518.01
2, 898.46, 1755.66, 2565.35, 3324.08, 4029.58, 4680.29, 5275.2, 5813.66
2.5, 1063.18, 2080.29, 3044.12, 3950.55, 4796.73, 5580.62, 6300.7, 6955.9
3, 1198.64, 2348.57, 3441.97, 4474.17, 5441.86, 6342.46, 7173.99, 7934.9
3.5, 1306.65, 2563.69, 3762.95, 4899.4, 5969.31, 6969.71, 7898.17, 8752.65
4, 1390.46, 2731.63, 4015.21, 5235.95, 6389.87, 7473.66, 8484.53, 9420.05
4.5, 1453.91, 2859.62, 4208.83, 5496.25, 6717.72, 7869.74, 8949.25, 9953.51
5, 1500.82, 2954.92, 4354.16, 5693.25, 6967.99, 8174.77, 9310.36, 10371.82
5.5, 1534.64, 3024.19, 4460.73, 5839.08, 7155.04, 8404.98, 9585.61, 10693.86
6, 1558.28, 3073.11, 4536.82, 5944.36, 7291.62, 8574.99, 9791.17, 10937.07
6.5, 1574.12, 3106.35, 4589.27, 6017.99, 7388.5, 8697.27, 9941.07, 11116.8
7, 1584.05, 3127.63, 4623.58, 6067.16, 7454.5, 8782.18, 10047.02, 11246
7.5, 1589.54, 3139.87, 4644.08, 6097.61, 7496.7, 8838.05, 10118.59, 11335.38
8, 1591.7, 3145.32, 4654.17, 6113.82, 7520.67, 8871.54, 10163.46, 11393.59
8.5, 1591.4, 3145.71, 4656.43, 6119.28, 7530.79, 8887.88, 10187.72, 11427.56
9, 1589.29, 3142.36, 4652.87, 6116.68, 7530.43, 8891.17, 10196.16, 11442.78
9.5, 1585.88, 3136.27, 4645.01, 6108.08, 7522.22, 8884.59, 10192.55, 11443.6
10, 1581.52, 3128.2, 4634.02, 6095.06, 7508.17, 8870.59, 10179.81, 11433.4
10.5, 1576.5, 3118.73, 4620.79, 6078.84, 7489.83, 8851.11, 10160.22, 11414.86
11, 1571.04, 3108.3, 4605.98, 6060.34, 7468.41, 8827.6, 10135.56, 11390.06
11.5, 1565.3, 3097.24, 4590.13, 6040.29, 7444.82, 8801.22, 10107.2, 11360.64
12, 1559.4, 3085.8, 4573.6, 6019.2, 7419.76, 8772.84, 10076.22, 11327.85
12.5, 1553.42, 3074.17, 4556.71, 5997.51, 7393.78, 8743.14, 10043.45, 11292.71
13, 1547.43, 3062.48, 4539.67, 5975.51, 7367.28, 8712.65, 10009.53, 11255.98
13.5, 1541.49, 3050.85, 4522.65, 5953.45, 7340.58, 8681.76, 9974.95, 11218.26
14, 1535.63, 3039.34, 4505.77, 5931.51, 7313.93, 8650.78, 9940.1, 11180.02
14.5, 1529.87, 3028.02, 4489.12, 5909.81, 7287.49, 8619.95, 9905.26, 11141.62
15, 1524.24, 3016.93, 4472.78, 5888.46, 7261.4, 8589.44, 9870.67, 11103.34
15.5, 1518.75, 3006.09, 4456.78, 5867.52, 7235.76, 8559.37, 9836.49, 11065.39
16, 1513.4, 2995.53, 4441.16, 5847.04, 7210.63, 8529.85, 9802.84, 11027.93
16.5, 1508.2, 2985.25, 4425.95, 5827.05, 7186.08, 8500.94, 9769.82, 10991.07
17, 1503.15, 2975.26, 4411.14, 5807.59, 7162.12, 8472.69, 9737.49, 10954.92
17.5, 1498.25, 2965.56, 4396.76, 5788.65, 7138.78, 8445.12, 9705.9, 10919.52
18, 1493.51, 2956.15, 4382.78, 5770.24, 7116.07, 8418.26, 9675.07, 10884.92
18.5, 1488.91, 2947.02, 4369.23, 5752.35, 7093.98, 8392.12, 9645.02, 10851.14
19, 1484.45, 2938.18, 4356.07, 5734.99, 7072.52, 8366.68, 9615.76, 10818.21
19.5, 1480.14, 2929.6, 4343.32, 5718.14, 7051.68, 8341.96, 9587.28, 10786.11
20, 1475.96, 2921.3, 4330.95, 5701.79, 7031.44, 8317.92, 9559.57, 10754.86
20.5, 1471.91, 2913.25, 4318.96, 5685.93, 7011.79, 8294.58, 9532.63, 10724.44
21, 1467.98, 2905.45, 4307.34, 5670.55, 6992.71, 8271.89, 9506.43, 10694.84
21.5, 1464.18, 2897.89, 4296.06, 5655.62, 6974.19, 8249.86, 9480.97, 10666.04
22, 1460.5, 2890.56, 4285.13, 5641.13, 6956.21, 8228.45, 9456.21, 10638.03
22.5, 1456.93, 2883.45, 4274.52, 5627.07, 6938.75, 8207.66, 9432.15, 10610.78
23, 1453.47, 2876.55, 4264.23, 5613.43, 6921.8, 8187.45, 9408.76, 10584.27
23.5, 1450.11, 2869.87, 4254.25, 5600.18, 6905.33, 8167.82, 9386.01, 10558.48
24, 1446.86, 2863.37, 4244.55, 5587.31, 6889.33, 8148.73, 9363.89, 10533.38
24.5, 1443.69, 2857.07, 4235.13, 5574.81, 6873.79, 8130.18, 9342.38, 10508.96
25, 1440.63, 2850.95, 4225.98, 5562.66, 6858.67, 8112.14, 9321.44, 10485.19
26, 1440.63, 2850.95, 4225.98, 5562.66, 6858.67, 8112.14, 9321.44, 10485.19
ENDTABLE
MU_REF_Y 1.0
LOG_ENTRY Used Dataset: Tire: Lateral Force; { Touring Tires } 215/55 R17
EXIT_PARSFILE Tires\Fy\TireFy_a3dbd701-dd04-4bbe-ae9d-4f8143ca326f.par

ENTER_PARSFILE Tires\Fx\TireFx_912f5e84-bc6f-4cb3-a08e-430ac38b921c.par
#FullDataName Tire: Longitudinal Force`215/55 R17`Touring Tires
FX_TIRE_CARPET 2D_FROM_ZERO
0, 1593.58, 3187.16, 4780.74, 6374.32, 7967.9, 9561.48, 11155.06, 12748.65
0.02, 866.05, 1702.47, 2504.68, 3270.08, 3996.91, 4683.85, 5329.94, 5934.48
0.04, 1297.02, 2555.8, 3770.2, 4936.54, 6052.18, 7115.02, 8123.39, 9075.89
0.06, 1471.85, 2904.23, 4290.68, 5627.28, 6911.13, 8139.89, 9311.59, 10424.58
0.08, 1545.6, 3051.97, 4512.64, 5923.67, 7282.08, 8585.47, 9831.8, 11019.3
0.1, 1577.33, 3115.96, 4609.52, 6054.07, 7446.63, 8784.79, 10066.48, 11289.9
0.12, 1589.5, 3140.9, 4647.9, 6106.6, 7514.05, 8867.84, 10165.9, 11406.43
0.14, 1591.76, 3145.99, 4656.47, 6119.35, 7531.7, 8891.14, 10195.61, 11443.29
0.16, 1588.74, 3140.47, 4649.06, 6110.7, 7522.49, 8882.06, 10187.38, 11436.63
0.18, 1582.86, 3129.18, 4632.91, 6090.28, 7498.42, 8854.99, 10157.96, 11405.55
0.2, 1575.45, 3114.8, 4612.04, 6063.46, 7466.22, 8817.98, 10116.76, 11360.75
0.22, 1567.3, 3098.87, 4588.79, 6033.36, 7429.78, 8775.74, 10069.25, 11308.54
0.24, 1558.85, 3082.33, 4564.54, 6001.84, 7391.45, 8731.07, 10018.74, 11252.71
0.26, 1550.39, 3065.72, 4540.14, 5970.03, 7352.65, 8685.71, 9967.27, 11195.59
0.28, 1542.08, 3049.37, 4516.08, 5938.61, 7314.24, 8640.71, 9916.07, 11138.62
0.3, 1534.02, 3033.49, 4492.67, 5907.99, 7276.75, 8596.7, 9865.92, 11082.7
0.32, 1526.25, 3018.18, 4470.08, 5878.41, 7240.48, 8554.07, 9817.27, 11028.37
0.34, 1518.81, 3003.5, 4448.4, 5849.99, 7205.61, 8513.03, 9770.37, 10975.93
0.36, 1511.7, 2989.47, 4427.66, 5822.79, 7172.2, 8473.68, 9725.35, 10925.54
0.38, 1504.92, 2976.09, 4407.88, 5796.82, 7140.27, 8436.04, 9682.26, 10877.27
0.4, 1498.48, 2963.35, 4389.03, 5772.06, 7109.82, 8400.12, 9641.1, 10831.12
0.42, 1492.34, 2951.22, 4371.08, 5748.48, 7080.79, 8365.85, 9601.82, 10787.04
0.44, 1486.51, 2939.69, 4354, 5726.02, 7053.13, 8333.19, 9564.36, 10744.99
0.46, 1480.96, 2928.72, 4337.75, 5704.64, 7026.79, 8302.07, 9528.64, 10704.87
0.48, 1475.69, 2918.28, 4322.27, 5684.28, 7001.7, 8272.41, 9494.58, 10666.59
0.5, 1470.66, 2908.34, 4307.54, 5664.88, 6977.78, 8244.13, 9462.1, 10630.08
0.52, 1465.88, 2898.87, 4293.5, 5646.4, 6954.99, 8217.16, 9431.11, 10595.23
0.54, 1461.33, 2889.85, 4280.12, 5628.77, 6933.24, 8191.43, 9401.54, 10561.95
0.56, 1456.98, 2881.24, 4267.35, 5611.95, 6912.49, 8166.87, 9373.29, 10530.16
0.58, 1452.84, 2873.03, 4255.17, 5595.89, 6892.67, 8143.41, 9346.3, 10499.78
0.6, 1448.88, 2865.19, 4243.53, 5580.55, 6873.73, 8120.98, 9320.5, 10470.72
0.62, 1445.1, 2857.69, 4232.4, 5565.89, 6855.62, 8099.52, 9295.81, 10442.91
0.64, 1441.48, 2850.53, 4221.76, 5551.85, 6838.28, 8078.98, 9272.17, 10416.28
0.66, 1438.02, 2843.66, 4211.57, 5538.41, 6821.68, 8059.31, 9249.53, 10390.76
0.68, 1434.7, 2837.09, 4201.81, 5525.54, 6805.78, 8040.46, 9227.82, 10366.28
0.7, 1431.53, 2830.79, 4192.45, 5513.19, 6790.52, 8022.37, 9206.99, 10342.8
0.72, 1428.48, 2824.75, 4183.47, 5501.35, 6775.88, 8005.01, 9186.99, 10320.25
0.74, 1425.55, 2818.95, 4174.85, 5489.97, 6761.82, 7988.34, 9167.78, 10298.59
0.76, 1422.74, 2813.37, 4166.57, 5479.04, 6748.31, 7972.31, 9149.32, 10277.76
0.78, 1420.04, 2808.02, 4158.61, 5468.53, 6735.31, 7956.9, 9131.55, 10257.72
0.8, 1417.44, 2802.86, 4150.95, 5458.42, 6722.81, 7942.07, 9114.46, 10238.43
0.82, 1414.94, 2797.9, 4143.57, 5448.69, 6710.77, 7927.78, 9097.99, 10219.85
0.84, 1412.54, 2793.12, 4136.47, 5439.31, 6699.17, 7914.02, 9082.12, 10201.94
0.86, 1410.22, 2788.52, 4129.63, 5430.27, 6687.99, 7900.75, 9066.82, 10184.67
0.88, 1407.98, 2784.08, 4123.02, 5421.55, 6677.2, 7887.95, 9052.06, 10168.01
0.9, 1405.82, 2779.8, 4116.65, 5413.14, 6666.79, 7875.59, 9037.81, 10151.92
0.92, 1403.74, 2775.66, 4110.5, 5405.02, 6656.74, 7863.66, 9024.04, 10136.37
0.94, 1401.72, 2771.66, 4104.56, 5397.17, 6647.02, 7852.12, 9010.74, 10121.35
0.96, 1399.78, 2767.8, 4098.81, 5389.58, 6637.63, 7840.97, 8997.88, 10106.82
0.98, 1397.9, 2764.07, 4093.26, 5382.24, 6628.55, 7830.19, 8985.43, 10092.77
1, 1396.08, 2760.45, 4087.88, 5375.14, 6619.76, 7819.75, 8973.38, 10079.16
1.02, 1396.08, 2760.45, 4087.88, 5375.14, 6619.76, 7819.75, 8973.38, 10079.16
ENDTABLE
MU_REF_X 1.0
LOG_ENTRY Used Dataset: Tire: Longitudinal Force; { Touring Tires } 215/55 R17
EXIT_PARSFILE Tires\Fx\TireFx_912f5e84-bc6f-4cb3-a08e-430ac38b921c.par

ENTER_PARSFILE Tires\Camber_Thrust\CamStiff_2a6821cf-8efc-4493-aa14-ff8fe1c2cd9a.par
#FullDataName Tire: Camber Thrust Coefficient`215/55 R17`Touring Tires
KGAMMA_TABLE SPLINE
0, 0
637.43225, -6.0332
1274.8645, -12.0864
1912.29675, -18.1682
2549.729, -24.2854
3187.16125, -30.4433
3824.5935, -36.6469
4462.02575, -42.9005
5099.458, -49.2081
5736.89025, -55.5734
6374.3225, -62
7011.75475, -68.4912
7649.187, -75.05
8286.61925, -81.6797
8924.0515, -88.3829
9561.48375, -95.1626
10198.916, -102.0213
10836.34825, -108.9617
11473.7805, -115.9864
12111.21275, -123.0976
12748.645, -130.2979
ENDTABLE
LOG_ENTRY Used Dataset: Tire: Camber Thrust Coefficient; { Touring Tires } 215/55 R17
EXIT_PARSFILE Tires\Camber_Thrust\CamStiff_2a6821cf-8efc-4493-aa14-ff8fe1c2cd9a.par

LOG_ENTRY Used Dataset: Tire; { Touring Tires } 215/55 R17
EXIT_PARSFILE Tires\Tire\Tire_a4933b6c-5f40-41ae-b564-99a89f2f99c7.par

iside 2
WRITE_ADD_REFERENCE_FRAME_WHEEL
ADD_REFERENCE_FRAME R2 Wheel
SET_EULER_ANGLES YAW_ROLL_PITCH
SET_X_NAME X_R2
WRT_X_R2
ANI_X_R2
SET_Y_NAME Y_R2
WRT_Y_R2
ANI_Y_R2
SET_Z_NAME Z_R2
WRT_Z_R2
ANI_Z_R2
SET_YAW_NAME Yaw_R2
WRT_Yaw_R2
ANI_Yaw_R2
SET_PITCH_NAME Rot_R2
WRT_Rot_R2
ANI_Rot_R2
SET_ROLL_NAME Roll_R2
WRT_Roll_R2
ANI_Roll_R2
SET_SCALE_VAR_PITCH -360
SET_OFFSET_VAR_ROLL 180
SET_OFFSET_VAR_PITCH 180
X_REF_LENGTH 1
Y_REF_LENGTH 1
Z_REF_LENGTH 1
X_LENGTH 1
Y_LENGTH 1
Z_LENGTH 1
ENTER_PARSFILE Tires\Tire\Tire_a4933b6c-5f40-41ae-b564-99a89f2f99c7.par
#FullDataName Tire`215/55 R17`Touring Tires
FZ_REF 6500
X_LENGTH 334
Z_LENGTH 334
Y_LENGTH 215
OPT_TIRE_LAG_KAPPA 2
OPT_TIRE_LAG_ALPHA 1
OPT_TIRE_MODEL 1
ENTER_PARSFILE Animator\STL_Groups\ShpGrp_d5b55623-3c6f-43ea-b7a0-880a3303d1d2.par
#FullDataName Animator: Shape Assembly`195/45 R16`Tires
ENTER_PARSFILE Animator\STL\Shape_9e9cf3ff-6a77-4076-a9f0-1b70114e603e.par
#FullDataName Animator: Shape File Link`195/45 R16: Tire`Common Vehicle Assets: Tires
add_obj Animator\3D_Shape_Files\Common_Vehicle_Assets\Tires\195_45R16\tire.obj
SET_COLOR 1 1 1
set_lighting on
set_fogging on
SET_SPECULAR 0.3 0.3 0.3
vsv_enable_shadows_recursive
LOG_ENTRY Used Dataset: Animator: Shape File Link; { Common Vehicle Assets: Tires } 195/45 R16: Tire
EXIT_PARSFILE Animator\STL\Shape_9e9cf3ff-6a77-4076-a9f0-1b70114e603e.par

ENTER_PARSFILE Animator\STL\Shape_e8969a6e-9ef6-43c7-9f40-228c21b5b4a1.par
#FullDataName Animator: Shape File Link`195/45 R16: Wheel`Common Vehicle Assets: Tires
add_obj Animator\3D_Shape_Files\Common_Vehicle_Assets\Tires\195_45R16\wheel.obj
SET_COLOR .62 .62 .62
set_lighting on
set_fogging on
SET_SPECULAR 0.5 0.5 0.5
vsv_enable_shadows_recursive
LOG_ENTRY Used Dataset: Animator: Shape File Link; { Common Vehicle Assets: Tires } 195/45 R16: Wheel
EXIT_PARSFILE Animator\STL\Shape_e8969a6e-9ef6-43c7-9f40-228c21b5b4a1.par

ENTER_PARSFILE Animator\STL\Shape_21a8656e-547d-4831-954d-38d95a9dff2b.par
#FullDataName Animator: Shape File Link`195/45 R16: Stripe`Common Vehicle Assets: Tires
add_obj Animator\3D_Shape_Files\Common_Vehicle_Assets\Tires\195_45R16\stripe.obj
SET_COLOR 1 1 1
SET_OFFSET_X 0
SET_OFFSET_Y 0.01
SET_OFFSET_Z 0.01
set_lighting on
set_fogging on
SET_SPECULAR 0 0 0
LOG_ENTRY Used Dataset: Animator: Shape File Link; { Common Vehicle Assets: Tires } 195/45 R16: Stripe
EXIT_PARSFILE Animator\STL\Shape_21a8656e-547d-4831-954d-38d95a9dff2b.par

x_ref_length 291
y_ref_length 195
z_ref_length 291
LOG_ENTRY Used Dataset: Animator: Shape Assembly; { Tires } 195/45 R16
EXIT_PARSFILE Animator\STL_Groups\ShpGrp_d5b55623-3c6f-43ea-b7a0-880a3303d1d2.par

WRITE_WHEEL_OFFSET
SET_OFFSET_Y 0
RRE 325
R0 334
FZ_TIRE_COEFFICIENT 268
FZ_MAX 100000
M_TIRE 22
IT 1.5
IT_XXZZ 0.8
ENTER_PARSFILE Generic\tables\GenTab_6200ca2d-9af8-4768-9d04-87ea0bd47068.par
#FullDataName Generic Table`Lx Variable, Scaled to Tire`Tire Relaxation Length
SET_UNITS L_RELAX_X_TABLE m
L_RELAX_X_GAIN = RRE/5
FZ_SCALE_L_RELAX_X = FZ_REF
L_RELAX_X_COMBINE MULTIPLY
L_RELAX_X_TABLE SPLINE_FLAT
-0.1, 0.13526
-0.095, 0.13793
-0.09, 0.1431
-0.085, 0.14862
-0.08, 0.1552
-0.075, 0.16251
-0.07, 0.17087
-0.065, 0.18085
-0.06, 0.1926
-0.055, 0.20631
-0.05, 0.22324
-0.045, 0.24389
-0.04, 0.26989
-0.035, 0.30301
-0.03, 0.34575
-0.025, 0.40397
-0.02, 0.48251
-0.015, 0.59275
-0.01, 0.7393
-0.005, 0.90707
0, 1
0.005, 0.90707
0.01, 0.7393
0.015, 0.59275
0.02, 0.48251
0.025, 0.40397
0.03, 0.34575
0.035, 0.30301
0.04, 0.26989
0.045, 0.24389
0.05, 0.22324
0.055, 0.20631
0.06, 0.1926
0.065, 0.18085
0.07, 0.17087
0.075, 0.16251
0.08, 0.1552
0.085, 0.14862
0.09, 0.1431
0.095, 0.13793
0.1, 0.13526
ENDTABLE
L_RELAX_X_FZ_TABLE LINEAR
0, 0.2
1, 1
ENDTABLE
LOG_ENTRY Used Dataset: Generic Table; { Tire Relaxation Length } Lx Variable, Scaled to Tire
EXIT_PARSFILE Generic\tables\GenTab_6200ca2d-9af8-4768-9d04-87ea0bd47068.par

ENTER_PARSFILE Generic\tables\GenTab_edb0dc74-f107-43df-b9cc-c9fa4d21267d.par
#FullDataName Generic Table`Ly Variable, Scaled to Tire`Tire Relaxation Length
SET_UNITS L_RELAX_Y_TABLE m
L_RELAX_Y_GAIN = RRE*2
FZ_SCALE_L_RELAX_Y = FZ_REF
L_RELAX_Y_COMBINE MULTIPLY
L_RELAX_Y_TABLE SPLINE_FLAT
-10, 0.039175
-9.5, 0.042142
-9, 0.047886
-8.5, 0.054018
-8, 0.061335
-7.5, 0.069451
-7, 0.078749
-6.5, 0.089829
-6, 0.10289
-5.5, 0.11812
-5, 0.13693
-4.5, 0.15988
-4, 0.18877
-3.5, 0.22557
-3, 0.27305
-2.5, 0.33775
-2, 0.42501
-1.5, 0.5475
-1, 0.71033
-0.5, 0.89674
0, 1
0.5, 0.89674
1, 0.71033
1.5, 0.5475
2, 0.42501
2.5, 0.33775
3, 0.27305
3.5, 0.22557
4, 0.18877
4.5, 0.15988
5, 0.13693
5.5, 0.11812
6, 0.10289
6.5, 0.089829
7, 0.078749
7.5, 0.069451
8, 0.061335
8.5, 0.054018
9, 0.047886
9.5, 0.042142
10, 0.039175
ENDTABLE
L_RELAX_Y_FZ_TABLE SPLINE
0, 0.1
1, 1
2, 1.5805
ENDTABLE
LOG_ENTRY Used Dataset: Generic Table; { Tire Relaxation Length } Ly Variable, Scaled to Tire
EXIT_PARSFILE Generic\tables\GenTab_edb0dc74-f107-43df-b9cc-c9fa4d21267d.par

VLOW_KAPPA 2
VLOW_ALPHA 2
RR_C 0.0038
RR_V 0.000026
L_CONTACT_X_CONSTANT 90
L_CONTACT_Y_CONSTANT 215
RR_FX 1
OPT_TIRE_COMB 0
ENTER_PARSFILE Tires\Mz\TireMz_3a71ed18-e842-4d21-9297-9e431964ca79.par
#FullDataName Tire: Aligning Moment`215/55 R17 (SAE)`Touring Tires
MZ_TIRE_CARPET 2D_FROM_ZERO
0, 1593.58, 3187.16, 4780.74, 6374.32, 7967.9, 9561.48, 11155.06, 12748.65
0.5, 7.452673542, 14.64959626, 21.54915219, 28.13312762, 34.39085259, 40.31966384, 45.90179517, 51.15086512
1, 15.07509942, 29.65361007, 43.65497795, 57.03124096, 69.75540841, 81.79688942, 93.13987976, 103.7828717
1.5, 21.32663766, 42.23959603, 62.62702384, 82.4007136, 101.458924, 119.73241, 137.1329889, 153.6016139
2, 23.73004713, 47.66537269, 71.73982093, 95.84980211, 119.855025, 143.5945442, 166.8858444, 189.5425159
2.5, 21.99372876, 44.90685727, 68.84963178, 93.8087936, 119.7297538, 146.4726113, 173.8654352, 201.6658753
3, 18.14074155, 37.59953072, 58.62214546, 81.36260258, 105.9217146, 132.3535328, 160.6255867, 190.6578153
3.5, 14.06887262, 29.50822021, 46.63490127, 65.71737839, 86.98378571, 110.6688723, 136.9480163, 165.9816456
4, 10.58879803, 22.42678885, 35.84515029, 51.13312027, 68.60532091, 88.57797644, 111.3885331, 137.3644113
4.5, 7.836285874, 16.75003754, 27.05137706, 39.02310043, 52.98429643, 69.2748367, 88.29561436, 110.4824822
5, 5.710646062, 12.34118771, 20.14977005, 29.40150275, 40.39566248, 53.46178464, 68.99360804, 87.46296931
5.5, 4.07982336, 8.927362915, 14.78169293, 21.86498968, 30.44124912, 40.81873231, 53.37193915, 68.54232854
6, 2.811946049, 6.269915035, 10.58617046, 15.94927125, 22.58605235, 30.78104994, 40.8620161, 53.23546322
6.5, 1.809380108, 4.181237372, 7.276479254, 11.26423176, 16.35526284, 22.77307317, 30.83240551, 40.88490488
7, 1.017756163, 2.511195538, 4.625718621, 7.513991597, 11.3507223, 16.3372078, 22.73749225, 30.883169
7.5, 0.369513987, 1.15582271, 2.480092299, 4.474975134, 7.292975012, 11.10446589, 16.15025363, 22.71583675
8, -0.162075367, 0.043765673, 0.721583733, 1.980181037, 3.957411103, 6.806902585, 10.73176979, 15.98696291
8.5, -0.602193938, -0.881818771, -0.745387126, -0.095373299, 1.181978846, 3.231046404, 6.225841262, 10.39411024
9, -0.97481139, -1.664305144, -1.979096729, -1.842828165, -1.14775825, 0.225857262, 2.442153575, 5.686489692
9.5, -1.292306991, -2.32902221, -3.035038589, -3.332473734, -3.135072744, -2.329438581, -0.776874005, 1.691308235
10, -1.56648864, -2.900098932, -3.939285249, -4.615010055, -4.839588026, -4.52159855, -3.535071449, -1.726082378
10.5, -1.803440111, -3.400787263, -4.727495909, -5.722504698, -6.318220394, -6.422237318, -5.925739841, -4.688293086
11, -2.014297278, -3.842957305, -5.423365433, -6.702189151, -7.614620174, -8.083094353, -8.009487844, -7.265664817
11.5, -2.204684941, -4.232685161, -6.039089273, -7.567096051, -8.759775421, -9.548335669, -9.84446809, -9.537350008
12, -2.374769821, -4.581170508, -6.58629456, -8.335044607, -9.778075858, -10.85501245, -11.47540471, -11.55036416
12.5, -2.524628574, -4.899385963, -7.081811426, -9.028944772, -10.69321243, -12.02212719, -12.93407193, -13.34418312
13, -2.659614692, -5.18206113, -7.525873371, -9.654731928, -11.51715671, -13.07371476, -14.24552626, -14.95701408
13.5, -2.785051214, -5.44533402, -7.93486284, -10.22368634, -12.26713697, -14.02759627, -15.4341518, -16.41431684
14, -2.900886747, -5.683772275, -8.308786566, -10.741359, -12.95456424, -14.89553819, -16.51227411, -17.73501202
14.5, -3.0070464, -5.90266629, -8.65296303, -11.22424815, -13.58501207, -15.69481182, -17.50344211, -18.94938784
15, -3.108856781, -6.107300207, -8.972736703, -11.66670627, -14.16401758, -16.43109525, -18.41943062, -20.05778026
15.5, -3.200874527, -6.297540242, -9.267919486, -12.0795864, -14.70822789, -17.11564214, -19.2601596, -21.08398821
16, -3.288368067, -6.478698001, -9.543773415, -12.46265559, -15.20613473, -17.74823957, -20.04291125, -22.03386974
16.5, -3.371285052, -6.645156434, -9.800138218, -12.82121134, -15.68004052, -18.34004477, -20.77325299, -22.91911194
17, -3.444155182, -6.80224243, -10.04775839, -13.16062475, -16.11834359, -18.89649458, -21.4508578, -23.7513539
17.5, -3.51767811, -6.949795577, -10.27549077, -13.48061809, -16.53206877, -19.41724065, -22.09294179, -24.52428255
18, -3.586460617, -7.093173326, -10.49410313, -13.78092829, -16.92659322, -19.90772689, -22.69913017, -25.25541387
18.5, -3.650354932, -7.226767057, -10.7035133, -14.06692276, -17.29591764, -20.37338313, -23.26906222, -25.93840645
19, -3.714753523, -7.350468858, -10.89791843, -14.33842558, -17.65119399, -20.81386673, -23.80827793, -26.59083669
19.5, -3.774223363, -7.475134313, -11.0883277, -14.59514517, -17.9864457, -21.23469831, -24.31639205, -27.20627504
20, -3.82864507, -7.589694958, -11.26899314, -14.84257465, -18.30713281, -21.63551111, -24.80482183, -27.79642297
20.5, -3.883444674, -7.699531799, -11.4398002, -15.08052062, -18.61302126, -22.01613348, -25.27332363, -28.35487978
21, -3.938581507, -7.810140861, -11.60058143, -15.30881042, -18.90384817, -22.38200175, -25.71561638, -28.88729382
21.5, -3.98858859, -7.910320562, -11.76242427, -15.5215519, -19.18518042, -22.73295339, -26.14329644, -29.39940291
22, -4.033339755, -8.011113636, -11.91403297, -15.73571238, -19.45686391, -23.0687127, -26.55011218, -29.88481795
22.5, -4.083905407, -8.106879608, -12.06087168, -15.93401885, -19.71286029, -23.3890387, -26.94178715, -30.35535808
23, -4.129172965, -8.197542219, -12.20287534, -16.12778154, -19.96467699, -23.70553312, -27.3240656, -30.80467474
23.5, -4.169045156, -8.288726867, -12.3399873, -16.31687009, -20.20626286, -24.00622562, -27.68466753, -31.24470109
24, -4.214743531, -8.374633295, -12.47205046, -16.50118665, -20.44338012, -24.29677306, -28.04149426, -31.66296255
24.5, -4.25497, -8.460964357, -12.60476871, -16.6748672, -20.67005308, -24.57708584, -28.38227937, -32.06531652
25, -4.295425512, -8.541981986, -12.72655819, -16.84352825, -20.89195742, -24.84695846, -28.70674458, -32.45772358
26, -4.295425512, -8.541981986, -12.72655819, -16.84352825, -20.89195742, -24.84695846, -28.70674458, -32.45772358
ENDTABLE
LOG_ENTRY Used Dataset: Tire: Aligning Moment; { Touring Tires } 215/55 R17 (SAE)
EXIT_PARSFILE Tires\Mz\TireMz_3a71ed18-e842-4d21-9297-9e431964ca79.par

ENTER_PARSFILE Tires\Fy\TireFy_a3dbd701-dd04-4bbe-ae9d-4f8143ca326f.par
#FullDataName Tire: Lateral Force`215/55 R17`Touring Tires
FY_TIRE_CARPET 2D_FROM_ZERO
0, 1593.58, 3187.16, 4780.74, 6374.32, 7967.9, 9561.48, 11155.06, 12748.65
0.5, 248.08, 483.5, 704.46, 910.03, 1099.7, 1273.15, 1430.26, 1571
1, 486, 947.74, 1381.71, 1786.09, 2159.81, 2502.21, 2812.97, 3091.98
1.5, 704.93, 1375.9, 2007.9, 2598.26, 3145.3, 3647.98, 4105.65, 4518.01
2, 898.46, 1755.66, 2565.35, 3324.08, 4029.58, 4680.29, 5275.2, 5813.66
2.5, 1063.18, 2080.29, 3044.12, 3950.55, 4796.73, 5580.62, 6300.7, 6955.9
3, 1198.64, 2348.57, 3441.97, 4474.17, 5441.86, 6342.46, 7173.99, 7934.9
3.5, 1306.65, 2563.69, 3762.95, 4899.4, 5969.31, 6969.71, 7898.17, 8752.65
4, 1390.46, 2731.63, 4015.21, 5235.95, 6389.87, 7473.66, 8484.53, 9420.05
4.5, 1453.91, 2859.62, 4208.83, 5496.25, 6717.72, 7869.74, 8949.25, 9953.51
5, 1500.82, 2954.92, 4354.16, 5693.25, 6967.99, 8174.77, 9310.36, 10371.82
5.5, 1534.64, 3024.19, 4460.73, 5839.08, 7155.04, 8404.98, 9585.61, 10693.86
6, 1558.28, 3073.11, 4536.82, 5944.36, 7291.62, 8574.99, 9791.17, 10937.07
6.5, 1574.12, 3106.35, 4589.27, 6017.99, 7388.5, 8697.27, 9941.07, 11116.8
7, 1584.05, 3127.63, 4623.58, 6067.16, 7454.5, 8782.18, 10047.02, 11246
7.5, 1589.54, 3139.87, 4644.08, 6097.61, 7496.7, 8838.05, 10118.59, 11335.38
8, 1591.7, 3145.32, 4654.17, 6113.82, 7520.67, 8871.54, 10163.46, 11393.59
8.5, 1591.4, 3145.71, 4656.43, 6119.28, 7530.79, 8887.88, 10187.72, 11427.56
9, 1589.29, 3142.36, 4652.87, 6116.68, 7530.43, 8891.17, 10196.16, 11442.78
9.5, 1585.88, 3136.27, 4645.01, 6108.08, 7522.22, 8884.59, 10192.55, 11443.6
10, 1581.52, 3128.2, 4634.02, 6095.06, 7508.17, 8870.59, 10179.81, 11433.4
10.5, 1576.5, 3118.73, 4620.79, 6078.84, 7489.83, 8851.11, 10160.22, 11414.86
11, 1571.04, 3108.3, 4605.98, 6060.34, 7468.41, 8827.6, 10135.56, 11390.06
11.5, 1565.3, 3097.24, 4590.13, 6040.29, 7444.82, 8801.22, 10107.2, 11360.64
12, 1559.4, 3085.8, 4573.6, 6019.2, 7419.76, 8772.84, 10076.22, 11327.85
12.5, 1553.42, 3074.17, 4556.71, 5997.51, 7393.78, 8743.14, 10043.45, 11292.71
13, 1547.43, 3062.48, 4539.67, 5975.51, 7367.28, 8712.65, 10009.53, 11255.98
13.5, 1541.49, 3050.85, 4522.65, 5953.45, 7340.58, 8681.76, 9974.95, 11218.26
14, 1535.63, 3039.34, 4505.77, 5931.51, 7313.93, 8650.78, 9940.1, 11180.02
14.5, 1529.87, 3028.02, 4489.12, 5909.81, 7287.49, 8619.95, 9905.26, 11141.62
15, 1524.24, 3016.93, 4472.78, 5888.46, 7261.4, 8589.44, 9870.67, 11103.34
15.5, 1518.75, 3006.09, 4456.78, 5867.52, 7235.76, 8559.37, 9836.49, 11065.39
16, 1513.4, 2995.53, 4441.16, 5847.04, 7210.63, 8529.85, 9802.84, 11027.93
16.5, 1508.2, 2985.25, 4425.95, 5827.05, 7186.08, 8500.94, 9769.82, 10991.07
17, 1503.15, 2975.26, 4411.14, 5807.59, 7162.12, 8472.69, 9737.49, 10954.92
17.5, 1498.25, 2965.56, 4396.76, 5788.65, 7138.78, 8445.12, 9705.9, 10919.52
18, 1493.51, 2956.15, 4382.78, 5770.24, 7116.07, 8418.26, 9675.07, 10884.92
18.5, 1488.91, 2947.02, 4369.23, 5752.35, 7093.98, 8392.12, 9645.02, 10851.14
19, 1484.45, 2938.18, 4356.07, 5734.99, 7072.52, 8366.68, 9615.76, 10818.21
19.5, 1480.14, 2929.6, 4343.32, 5718.14, 7051.68, 8341.96, 9587.28, 10786.11
20, 1475.96, 2921.3, 4330.95, 5701.79, 7031.44, 8317.92, 9559.57, 10754.86
20.5, 1471.91, 2913.25, 4318.96, 5685.93, 7011.79, 8294.58, 9532.63, 10724.44
21, 1467.98, 2905.45, 4307.34, 5670.55, 6992.71, 8271.89, 9506.43, 10694.84
21.5, 1464.18, 2897.89, 4296.06, 5655.62, 6974.19, 8249.86, 9480.97, 10666.04
22, 1460.5, 2890.56, 4285.13, 5641.13, 6956.21, 8228.45, 9456.21, 10638.03
22.5, 1456.93, 2883.45, 4274.52, 5627.07, 6938.75, 8207.66, 9432.15, 10610.78
23, 1453.47, 2876.55, 4264.23, 5613.43, 6921.8, 8187.45, 9408.76, 10584.27
23.5, 1450.11, 2869.87, 4254.25, 5600.18, 6905.33, 8167.82, 9386.01, 10558.48
24, 1446.86, 2863.37, 4244.55, 5587.31, 6889.33, 8148.73, 9363.89, 10533.38
24.5, 1443.69, 2857.07, 4235.13, 5574.81, 6873.79, 8130.18, 9342.38, 10508.96
25, 1440.63, 2850.95, 4225.98, 5562.66, 6858.67, 8112.14, 9321.44, 10485.19
26, 1440.63, 2850.95, 4225.98, 5562.66, 6858.67, 8112.14, 9321.44, 10485.19
ENDTABLE
MU_REF_Y 1.0
LOG_ENTRY Used Dataset: Tire: Lateral Force; { Touring Tires } 215/55 R17
EXIT_PARSFILE Tires\Fy\TireFy_a3dbd701-dd04-4bbe-ae9d-4f8143ca326f.par

ENTER_PARSFILE Tires\Fx\TireFx_912f5e84-bc6f-4cb3-a08e-430ac38b921c.par
#FullDataName Tire: Longitudinal Force`215/55 R17`Touring Tires
FX_TIRE_CARPET 2D_FROM_ZERO
0, 1593.58, 3187.16, 4780.74, 6374.32, 7967.9, 9561.48, 11155.06, 12748.65
0.02, 866.05, 1702.47, 2504.68, 3270.08, 3996.91, 4683.85, 5329.94, 5934.48
0.04, 1297.02, 2555.8, 3770.2, 4936.54, 6052.18, 7115.02, 8123.39, 9075.89
0.06, 1471.85, 2904.23, 4290.68, 5627.28, 6911.13, 8139.89, 9311.59, 10424.58
0.08, 1545.6, 3051.97, 4512.64, 5923.67, 7282.08, 8585.47, 9831.8, 11019.3
0.1, 1577.33, 3115.96, 4609.52, 6054.07, 7446.63, 8784.79, 10066.48, 11289.9
0.12, 1589.5, 3140.9, 4647.9, 6106.6, 7514.05, 8867.84, 10165.9, 11406.43
0.14, 1591.76, 3145.99, 4656.47, 6119.35, 7531.7, 8891.14, 10195.61, 11443.29
0.16, 1588.74, 3140.47, 4649.06, 6110.7, 7522.49, 8882.06, 10187.38, 11436.63
0.18, 1582.86, 3129.18, 4632.91, 6090.28, 7498.42, 8854.99, 10157.96, 11405.55
0.2, 1575.45, 3114.8, 4612.04, 6063.46, 7466.22, 8817.98, 10116.76, 11360.75
0.22, 1567.3, 3098.87, 4588.79, 6033.36, 7429.78, 8775.74, 10069.25, 11308.54
0.24, 1558.85, 3082.33, 4564.54, 6001.84, 7391.45, 8731.07, 10018.74, 11252.71
0.26, 1550.39, 3065.72, 4540.14, 5970.03, 7352.65, 8685.71, 9967.27, 11195.59
0.28, 1542.08, 3049.37, 4516.08, 5938.61, 7314.24, 8640.71, 9916.07, 11138.62
0.3, 1534.02, 3033.49, 4492.67, 5907.99, 7276.75, 8596.7, 9865.92, 11082.7
0.32, 1526.25, 3018.18, 4470.08, 5878.41, 7240.48, 8554.07, 9817.27, 11028.37
0.34, 1518.81, 3003.5, 4448.4, 5849.99, 7205.61, 8513.03, 9770.37, 10975.93
0.36, 1511.7, 2989.47, 4427.66, 5822.79, 7172.2, 8473.68, 9725.35, 10925.54
0.38, 1504.92, 2976.09, 4407.88, 5796.82, 7140.27, 8436.04, 9682.26, 10877.27
0.4, 1498.48, 2963.35, 4389.03, 5772.06, 7109.82, 8400.12, 9641.1, 10831.12
0.42, 1492.34, 2951.22, 4371.08, 5748.48, 7080.79, 8365.85, 9601.82, 10787.04
0.44, 1486.51, 2939.69, 4354, 5726.02, 7053.13, 8333.19, 9564.36, 10744.99
0.46, 1480.96, 2928.72, 4337.75, 5704.64, 7026.79, 8302.07, 9528.64, 10704.87
0.48, 1475.69, 2918.28, 4322.27, 5684.28, 7001.7, 8272.41, 9494.58, 10666.59
0.5, 1470.66, 2908.34, 4307.54, 5664.88, 6977.78, 8244.13, 9462.1, 10630.08
0.52, 1465.88, 2898.87, 4293.5, 5646.4, 6954.99, 8217.16, 9431.11, 10595.23
0.54, 1461.33, 2889.85, 4280.12, 5628.77, 6933.24, 8191.43, 9401.54, 10561.95
0.56, 1456.98, 2881.24, 4267.35, 5611.95, 6912.49, 8166.87, 9373.29, 10530.16
0.58, 1452.84, 2873.03, 4255.17, 5595.89, 6892.67, 8143.41, 9346.3, 10499.78
0.6, 1448.88, 2865.19, 4243.53, 5580.55, 6873.73, 8120.98, 9320.5, 10470.72
0.62, 1445.1, 2857.69, 4232.4, 5565.89, 6855.62, 8099.52, 9295.81, 10442.91
0.64, 1441.48, 2850.53, 4221.76, 5551.85, 6838.28, 8078.98, 9272.17, 10416.28
0.66, 1438.02, 2843.66, 4211.57, 5538.41, 6821.68, 8059.31, 9249.53, 10390.76
0.68, 1434.7, 2837.09, 4201.81, 5525.54, 6805.78, 8040.46, 9227.82, 10366.28
0.7, 1431.53, 2830.79, 4192.45, 5513.19, 6790.52, 8022.37, 9206.99, 10342.8
0.72, 1428.48, 2824.75, 4183.47, 5501.35, 6775.88, 8005.01, 9186.99, 10320.25
0.74, 1425.55, 2818.95, 4174.85, 5489.97, 6761.82, 7988.34, 9167.78, 10298.59
0.76, 1422.74, 2813.37, 4166.57, 5479.04, 6748.31, 7972.31, 9149.32, 10277.76
0.78, 1420.04, 2808.02, 4158.61, 5468.53, 6735.31, 7956.9, 9131.55, 10257.72
0.8, 1417.44, 2802.86, 4150.95, 5458.42, 6722.81, 7942.07, 9114.46, 10238.43
0.82, 1414.94, 2797.9, 4143.57, 5448.69, 6710.77, 7927.78, 9097.99, 10219.85
0.84, 1412.54, 2793.12, 4136.47, 5439.31, 6699.17, 7914.02, 9082.12, 10201.94
0.86, 1410.22, 2788.52, 4129.63, 5430.27, 6687.99, 7900.75, 9066.82, 10184.67
0.88, 1407.98, 2784.08, 4123.02, 5421.55, 6677.2, 7887.95, 9052.06, 10168.01
0.9, 1405.82, 2779.8, 4116.65, 5413.14, 6666.79, 7875.59, 9037.81, 10151.92
0.92, 1403.74, 2775.66, 4110.5, 5405.02, 6656.74, 7863.66, 9024.04, 10136.37
0.94, 1401.72, 2771.66, 4104.56, 5397.17, 6647.02, 7852.12, 9010.74, 10121.35
0.96, 1399.78, 2767.8, 4098.81, 5389.58, 6637.63, 7840.97, 8997.88, 10106.82
0.98, 1397.9, 2764.07, 4093.26, 5382.24, 6628.55, 7830.19, 8985.43, 10092.77
1, 1396.08, 2760.45, 4087.88, 5375.14, 6619.76, 7819.75, 8973.38, 10079.16
1.02, 1396.08, 2760.45, 4087.88, 5375.14, 6619.76, 7819.75, 8973.38, 10079.16
ENDTABLE
MU_REF_X 1.0
LOG_ENTRY Used Dataset: Tire: Longitudinal Force; { Touring Tires } 215/55 R17
EXIT_PARSFILE Tires\Fx\TireFx_912f5e84-bc6f-4cb3-a08e-430ac38b921c.par

ENTER_PARSFILE Tires\Camber_Thrust\CamStiff_2a6821cf-8efc-4493-aa14-ff8fe1c2cd9a.par
#FullDataName Tire: Camber Thrust Coefficient`215/55 R17`Touring Tires
KGAMMA_TABLE SPLINE
0, 0
637.43225, -6.0332
1274.8645, -12.0864
1912.29675, -18.1682
2549.729, -24.2854
3187.16125, -30.4433
3824.5935, -36.6469
4462.02575, -42.9005
5099.458, -49.2081
5736.89025, -55.5734
6374.3225, -62
7011.75475, -68.4912
7649.187, -75.05
8286.61925, -81.6797
8924.0515, -88.3829
9561.48375, -95.1626
10198.916, -102.0213
10836.34825, -108.9617
11473.7805, -115.9864
12111.21275, -123.0976
12748.645, -130.2979
ENDTABLE
LOG_ENTRY Used Dataset: Tire: Camber Thrust Coefficient; { Touring Tires } 215/55 R17
EXIT_PARSFILE Tires\Camber_Thrust\CamStiff_2a6821cf-8efc-4493-aa14-ff8fe1c2cd9a.par

LOG_ENTRY Used Dataset: Tire; { Touring Tires } 215/55 R17
EXIT_PARSFILE Tires\Tire\Tire_a4933b6c-5f40-41ae-b564-99a89f2f99c7.par

WRITE_ADD_REFERENCE_FRAME_BODY
ADD_REFERENCE_FRAME Sprung mass
SET_EULER_ANGLES YAW_PITCH_ROLL
SET_X_NAME Xo
WRT_Xo
ANI_Xo
SET_Y_NAME Yo
WRT_Yo
ANI_Yo
SET_Z_NAME Zo
WRT_Zo
ANI_Zo
SET_YAW_NAME Yaw
WRT_Yaw
ANI_Yaw
SET_PITCH_NAME Pitch
WRT_Pitch
ANI_Pitch
SET_ROLL_NAME Roll_E
WRT_Roll_E
ANI_Roll_E
ENTER_PARSFILE Vehicles\Sprung_Mass\SprMass_b2807616-8bbe-4431-8fdb-70b7f9ab9b73.par
#FullDataName Vehicle: Sprung Mass`D-Class, Sedan`D-Class
X_LENGTH 2866
Y_LENGTH 1500
iaxle 2
iside 1
LX_AXLE 2866
LX_CG_SU 1110
M_SU 1370
IXX_SU 671.3
IYY_SU 1972.8
IZZ_SU 2315.3
IXZ_SU 0
Y_CG_SU 0
H_CG_SU 520
IXY_SU 0
IYZ_SU 0
Z_LENGTH 1380
Y_LENGTH 2162
X_LENGTH 2866
H_WC 325
iside 2
H_WC 325
iaxle 1
iside 1
H_WC 340
iside 2
H_WC 340
iaxle 2
iside 1
LX_F_SM 800
HT_SM 1380
WID_SM 2162
LEN_SM 4800
LOG_ENTRY Used Dataset: Vehicle: Sprung Mass; { D-Class } D-Class, Sedan
EXIT_PARSFILE Vehicles\Sprung_Mass\SprMass_b2807616-8bbe-4431-8fdb-70b7f9ab9b73.par

ENTER_PARSFILE Aerodynamics\Aero_Main\Aero_a610d4fd-9cf5-4ffa-90af-33c3c3fe903c.par
#FullDataName Aerodynamics: Basic`D-Class, Sedan Aero`D-Class
ENTER_PARSFILE Aerodynamics\Aero_Fx\AirCFx_67b7c1a5-2eb8-4548-b585-873fbb86b674.par
#FullDataName Aerodynamics: Fx (Drag) Coef. vs. Aero Slip`Spline: 0.30 at 0 deg.`Spline Interpolation
FX_AERO_SHAPING_TABLE SPLINE_FLAT
-180, -0.3
-160, -0.45
-90, 0
-20, 0.325
0, 0.3
20, 0.325
90, 0
160, -0.45
180, -0.3
ENDTABLE
LOG_ENTRY Used Dataset: Aerodynamics: Fx (Drag) Coef. vs. Aero Slip; { Spline Interpolation } Spline: 0.30 at 0 deg.
EXIT_PARSFILE Aerodynamics\Aero_Fx\AirCFx_67b7c1a5-2eb8-4548-b585-873fbb86b674.par

ENTER_PARSFILE Aerodynamics\Aero_Fy\AirCFy_fdb1d5b6-475a-4d35-bfcc-b2b05bed2d67.par
#FullDataName Aerodynamics: Fy (Side Force) Coef. vs. Aero Slip`Spline: 2 at 90 deg.`Spline Interpolation
FY_AERO_SHAPING_TABLE SPLINE_FLAT
-180, 0
-90, -2
0, 0
90, 2
180, 0
ENDTABLE
LOG_ENTRY Used Dataset: Aerodynamics: Fy (Side Force) Coef. vs. Aero Slip; { Spline Interpolation } Spline: 2 at 90 deg.
EXIT_PARSFILE Aerodynamics\Aero_Fy\AirCFy_fdb1d5b6-475a-4d35-bfcc-b2b05bed2d67.par

ENTER_PARSFILE Aerodynamics\Aero_Fz\AirCFz_181dc205-db9c-4a33-a480-7f8380b96502.par
#FullDataName Aerodynamics: Fz (Lift) Coef. vs. Aero Slip`Spline: 0.18 at 0 deg.`Spline Interpolation
FZ_AERO_SHAPING_TABLE SPLINE_FLAT
-180, 0.4
-135, 0.45
-90, 0.35
-20, 0.185
0, 0.18
20, 0.185
90, 0.35
135, 0.45
180, 0.4
ENDTABLE
LOG_ENTRY Used Dataset: Aerodynamics: Fz (Lift) Coef. vs. Aero Slip; { Spline Interpolation } Spline: 0.18 at 0 deg.
EXIT_PARSFILE Aerodynamics\Aero_Fz\AirCFz_181dc205-db9c-4a33-a480-7f8380b96502.par

ENTER_PARSFILE Aerodynamics\Aero_Mx\AirCMx_3f02edea-099a-450e-bb38-0cab04c7d554.par
#FullDataName Aerodynamics: Mx (Roll Moment) Coef. vs. Aero Slip`Spline: 0.3 at 90 deg.`Spline Interpolation
MX_AERO_SHAPING_TABLE SPLINE
-180, 0
-90, -0.3
0, 0
90, 0.3
180, 0
ENDTABLE
LOG_ENTRY Used Dataset: Aerodynamics: Mx (Roll Moment) Coef. vs. Aero Slip; { Spline Interpolation } Spline: 0.3 at 90 deg.
EXIT_PARSFILE Aerodynamics\Aero_Mx\AirCMx_3f02edea-099a-450e-bb38-0cab04c7d554.par

ENTER_PARSFILE Aerodynamics\Aero_My\AirCMy_d0c39dc5-f1b1-477a-8422-5ef53720bcf1.par
#FullDataName Aerodynamics: My (Pitch Moment) Coef. vs. Aero Slip`Spline: 0.15 at 0 deg.`Spline Interpolation
MY_AERO_SHAPING_TABLE SPLINE_FLAT
-180, -0.17
-160, -0.25
-90, 0
-20, 0.17
0, 0.15
20, 0.17
90, 0
160, -0.25
180, -0.17
ENDTABLE
LOG_ENTRY Used Dataset: Aerodynamics: My (Pitch Moment) Coef. vs. Aero Slip; { Spline Interpolation } Spline: 0.15 at 0 deg.
EXIT_PARSFILE Aerodynamics\Aero_My\AirCMy_d0c39dc5-f1b1-477a-8422-5ef53720bcf1.par

ENTER_PARSFILE Aerodynamics\Aero_Mz\AirCMz_8c859ffc-2eb2-44f3-8fa4-850e39efba8a.par
#FullDataName Aerodynamics: Mz (Yaw Moment) Coef. vs. Aero Slip`Spline: 0.2 at 35 deg.`Spline Interpolation
MZ_AERO_SHAPING_TABLE SPLINE_FLAT
-180, 0
-135, 0.2
-75, 0
-35, -0.2
0, 0
35, 0.2
75, 0
135, -0.2
180, 0
ENDTABLE
LOG_ENTRY Used Dataset: Aerodynamics: Mz (Yaw Moment) Coef. vs. Aero Slip; { Spline Interpolation } Spline: 0.2 at 35 deg.
EXIT_PARSFILE Aerodynamics\Aero_Mz\AirCMz_8c859ffc-2eb2-44f3-8fa4-850e39efba8a.par

X_REF_AERO -1433
Y_REF_AERO 0
H_REF_AERO 0
L_REF_AERO 2866
AREA_AERO 2.4
D_AIR 1.206
LOG_ENTRY Used Dataset: Aerodynamics: Basic; { D-Class } D-Class, Sedan Aero
EXIT_PARSFILE Aerodynamics\Aero_Main\Aero_a610d4fd-9cf5-4ffa-90af-33c3c3fe903c.par

ENTER_PARSFILE Powertrain\Fwd\FWD_9353b8fc-d6b6-45f5-8da8-c431f74078bd.par
#FullDataName Powertrain: Front-Wheel Drive`150 kW, 6-spd., 4.1 Ratio`150 kW Powertrains
INSTALL_POWERTRAIN 1
OPT_PT 1
INSTALL_ENGINE
INSTALL_TORQUE_TRANSFER_DEVICE
INSTALL_TRANSMISSION
R_REAR_DRIVE_SC 0
OPT_ENGINE_PITCH_REACTION(1) 0
R_MDRIVE 1
OPT_HEV 0
DRIVELINE_FREQ 9
DRIVELINE_ZETA 0.9
OPT_ENGINE_INTERNAL 1
OPT_PWR_CPL_INTERNAL 1
OPT_TRANS_INTERNAL 1
IDIFF 1
OPT_DIFF_INTERNAL 1
ENTER_PARSFILE Powertrain\Engine\Engine_5fd8cccf-3f87-4967-bf2c-05672393be86.par
#FullDataName Powertrain: Engine`150 kW Engine`150 kW Engines
OPT_THROTTLE_DELAY 0
MENGINE_CARPET 2D_LINEAR
0, 0, 0.1, 0.15, 0.2, 0.35, 0.5, 0.7, 0.85, 0.95, 1
0, 0, 0, 0, 0, 0, 0, 0, 0, 0, 0
400, 0, 0, 0, 0, 0, 0, 0, 0, 0, 0
517, 24.75, 76.11, 101.37, 103.43, 104.6, 105.18, 105.38, 105.43, 105.46, 105.43
633, 29.7, 92.87, 139.66, 149.15, 150.67, 151.28, 151.5, 151.52, 151.52, 151.52
750, 0, 87.39, 148.02, 161.35, 164.95, 166.25, 166.73, 166.77, 166.77, 166.75
1107, -9.9, 70.62, 173.59, 198.66, 208.61, 212.02, 213.29, 213.4, 213.37, 213.29
1463, -14.85, 47.12, 167.31, 207.9, 221.15, 227.15, 230.09, 230.77, 231.22, 235.62
1820, -16.83, 25.74, 148.5, 211.6, 233.68, 242.29, 246.89, 248.14, 249.06, 255.42
2177, -20.17, 9.9, 117.65, 203.67, 237.6, 257.4, 260.37, 263.34, 266.31, 272.88
2533, -25.32, -6.41, 81.3, 182.08, 239.58, 267, 274.23, 279.24, 282.15, 287.1
2890, -30.14, -15.16, 56.41, 153.5, 233.12, 269.9, 285.22, 289.08, 295.02, 299.97
3247, -34.39, -22.06, 37.66, 122.49, 223.45, 267.3, 287.1, 295.02, 300.96, 306.9
3603, -38.57, -28.1, 23.48, 96.53, 201.04, 259.38, 288.09, 297, 303.93, 309.87
3960, -42.77, -33.71, 11.8, 76.42, 174.35, 248.62, 285.12, 296.01, 302.94, 306.9
4317, -47.21, -39.38, 0.28, 57.45, 150.24, 237.3, 280.17, 290.07, 297, 302.88
4673, -51.83, -45.01, -9.97, 41.19, 125.06, 220.31, 272.25, 282.15, 292.05, 297
5030, -56.74, -50.57, -19.08, 26.99, 102.65, 198.96, 262.35, 272.25, 282.15, 287.1
5387, -61.67, -56.24, -27.53, 14.45, 83.52, 176.58, 246.84, 256.41, 269.64, 272.49
5743, -67.19, -62.17, -35.72, 2.82, 66.2, 153.28, 221.41, 236.52, 243.61, 246.41
6100, -73.21, -68.41, -43.88, -8.16, 50.38, 130.66, 193.86, 207.92, 214.52, 217.05
6500, -80.19, -80.19, -80.19, -80.19, -80.19, -80.19, -80.19, -80.19, -80.19, -80.19
6700, -81.18, -81.18, -81.18, -81.18, -81.18, -81.18, -81.18, -81.18, -81.18, -81.18
ENDTABLE
AV_ENG_IDLE 750
IENG 0.2
AV_ENG_LOW_CLUTCH 500
ENTER_PARSFILE Powertrain\Fuel_Rate\FuelRate_a32b7233-c00b-43fa-b605-4c55b974550c.par
#FullDataName Powertrain: Fuel Consumption Rate`150 kW Gasoline Engine`
FUEL_RATE_CARPET 2D_LINEAR
0, 0, 0.04, 0.08, 0.12, 0.16, 0.2, 0.24, 0.28, 0.32, 0.36, 0.4, 0.44, 0.48, 0.52, 0.56, 0.6, 0.64, 0.68, 0.72, 0.76, 0.8, 0.84, 0.88, 0.92, 0.96, 1
600, 8e-05, 0.0002, 0.0003, 0.00032, 0.00034, 0.00037, 0.00039, 0.00041, 0.00043, 0.00046, 0.00048, 0.0005, 0.00052, 0.00055, 0.00057, 0.00059, 0.00061, 0.00064, 0.00066, 0.00068, 0.0007, 0.00073, 0.00075, 0.00077, 0.00079, 0.00082
800, 0.00013, 0.0002, 0.0004, 0.00059, 0.00071, 0.0008, 0.00083, 0.00085, 0.00086, 0.00087, 0.00088, 0.00089, 0.0009, 0.00091, 0.00092, 0.00093, 0.00094, 0.00096, 0.00097, 0.00098, 0.00099, 0.001, 0.00101, 0.00102, 0.00103, 0.00104
1000, 0.00016, 0.0002, 0.00039, 0.00062, 0.00079, 0.00091, 0.00099, 0.00104, 0.00107, 0.00108, 0.00109, 0.00111, 0.00112, 0.00113, 0.00114, 0.00115, 0.00117, 0.00118, 0.00119, 0.0012, 0.00121, 0.00123, 0.00124, 0.00125, 0.00126, 0.00127
1200, 0.00016, 0.00021, 0.00039, 0.00064, 0.00088, 0.00104, 0.00114, 0.00123, 0.00128, 0.00131, 0.00133, 0.00134, 0.00135, 0.00137, 0.00138, 0.0014, 0.00141, 0.00142, 0.00144, 0.00145, 0.00147, 0.00148, 0.00149, 0.00151, 0.00152, 0.00154
1400, 0.00017, 0.00023, 0.00039, 0.00066, 0.00091, 0.00113, 0.0013, 0.0014, 0.00148, 0.00153, 0.00156, 0.00158, 0.0016, 0.00161, 0.00163, 0.00165, 0.00167, 0.00168, 0.0017, 0.00172, 0.00174, 0.00175, 0.00177, 0.00179, 0.00181, 0.00182
1600, 0.0002, 0.00026, 0.0004, 0.00066, 0.00095, 0.00119, 0.00139, 0.00154, 0.00164, 0.00173, 0.00178, 0.00181, 0.00183, 0.00184, 0.00186, 0.00188, 0.0019, 0.00192, 0.00194, 0.00195, 0.00197, 0.00199, 0.00201, 0.00203, 0.00205, 0.00207
1800, 0.00021, 0.00028, 0.00039, 0.00067, 0.00095, 0.00124, 0.00147, 0.00166, 0.00178, 0.00189, 0.00195, 0.002, 0.00203, 0.00206, 0.00209, 0.00212, 0.00215, 0.00218, 0.00222, 0.00225, 0.00228, 0.00231, 0.00234, 0.00237, 0.0024, 0.00243
2000, 0.00023, 0.0003, 0.00038, 0.00065, 0.00096, 0.00129, 0.00156, 0.00178, 0.00195, 0.00207, 0.00215, 0.00221, 0.00227, 0.00231, 0.00234, 0.00238, 0.00241, 0.00245, 0.00249, 0.00252, 0.00256, 0.00259, 0.00263, 0.00267, 0.0027, 0.00274
2200, 0.00025, 0.00033, 0.00041, 0.00065, 0.00098, 0.0013, 0.00162, 0.00189, 0.00212, 0.00226, 0.00239, 0.00246, 0.00252, 0.00257, 0.00261, 0.00264, 0.00268, 0.00272, 0.00275, 0.00279, 0.00282, 0.00286, 0.0029, 0.00293, 0.00297, 0.003
2400, 0.00027, 0.00036, 0.00044, 0.00065, 0.00095, 0.00133, 0.00168, 0.00199, 0.00223, 0.0024, 0.00255, 0.00265, 0.00272, 0.00278, 0.00284, 0.0029, 0.00296, 0.00302, 0.00308, 0.00314, 0.00319, 0.00325, 0.00331, 0.00337, 0.00343, 0.00349
2800, 0.00033, 0.00039, 0.00046, 0.00065, 0.00097, 0.00134, 0.00174, 0.00207, 0.00239, 0.00265, 0.0028, 0.00296, 0.00307, 0.00313, 0.0032, 0.00326, 0.00331, 0.00336, 0.00342, 0.00347, 0.00352, 0.00357, 0.00363, 0.00368, 0.00373, 0.00379
3200, 0.00038, 0.00045, 0.00053, 0.00064, 0.00097, 0.00136, 0.00175, 0.00216, 0.00256, 0.00287, 0.0031, 0.00326, 0.00343, 0.00365, 0.00388, 0.0041, 0.00424, 0.00425, 0.00427, 0.00429, 0.0043, 0.00432, 0.00434, 0.00435, 0.00437, 0.00439
3600, 0.00043, 0.00052, 0.00061, 0.0007, 0.00095, 0.00137, 0.00179, 0.00221, 0.00272, 0.00315, 0.00347, 0.00384, 0.00423, 0.00463, 0.00487, 0.00495, 0.00502, 0.00509, 0.00513, 0.00514, 0.00516, 0.00517, 0.00519, 0.0052, 0.00521, 0.00523
4000, 0.00047, 0.00059, 0.00083, 0.00118, 0.00162, 0.0021, 0.00259, 0.00317, 0.00367, 0.00403, 0.00436, 0.00487, 0.00537, 0.00587, 0.00603, 0.00608, 0.00614, 0.0062, 0.00624, 0.00625, 0.00626, 0.00627, 0.00629, 0.0063, 0.00631, 0.00633
4400, 0.00051, 0.00064, 0.00085, 0.00122, 0.00165, 0.00218, 0.0027, 0.00333, 0.00392, 0.00443, 0.00477, 0.00514, 0.00568, 0.00621, 0.00675, 0.00703, 0.00709, 0.00715, 0.00721, 0.00726, 0.00731, 0.00732, 0.00733, 0.00735, 0.00736, 0.00738
4800, 0.00052, 0.00074, 0.00095, 0.00121, 0.00167, 0.00218, 0.00272, 0.00336, 0.00404, 0.00459, 0.00538, 0.0064, 0.00701, 0.00725, 0.0075, 0.00774, 0.00793, 0.00799, 0.00805, 0.00811, 0.00817, 0.00822, 0.00828, 0.00829, 0.0083, 0.00831
5200, 0.00059, 0.00078, 0.00098, 0.00117, 0.00164, 0.00216, 0.00272, 0.0034, 0.0041, 0.00505, 0.00633, 0.0069, 0.00747, 0.00779, 0.00807, 0.00835, 0.00863, 0.0088, 0.00886, 0.00891, 0.00897, 0.00903, 0.00909, 0.00914, 0.0092, 0.00926
5600, 0.00065, 0.00083, 0.001, 0.00119, 0.0016, 0.00212, 0.00273, 0.00356, 0.00462, 0.00551, 0.00638, 0.00704, 0.00762, 0.00803, 0.0083, 0.00857, 0.00885, 0.00912, 0.00925, 0.00931, 0.00937, 0.00943, 0.00949, 0.00955, 0.00961, 0.00967
5800, 0.00076, 0.0009, 0.00103, 0.00119, 0.00162, 0.00211, 0.00271, 0.00357, 0.0046, 0.00548, 0.00642, 0.00712, 0.00772, 0.00816, 0.00841, 0.00867, 0.00892, 0.00918, 0.0093, 0.00935, 0.0094, 0.00945, 0.00951, 0.00956, 0.00961, 0.00966
ENDTABLE
LOG_ENTRY Used Dataset: Powertrain: Fuel Consumption Rate; 150 kW Gasoline Engine
EXIT_PARSFILE Powertrain\Fuel_Rate\FuelRate_a32b7233-c00b-43fa-b605-4c55b974550c.par

LOG_ENTRY Used Dataset: Powertrain: Engine; { 150 kW Engines } 150 kW Engine
EXIT_PARSFILE Powertrain\Engine\Engine_5fd8cccf-3f87-4967-bf2c-05672393be86.par

ENTER_PARSFILE Powertrain\TConv\TC_6167f7ca-1ba7-4746-98f1-f7e38f6f5f0a.par
#FullDataName Powertrain: Torque Converter`Torque Converter: 150 kW Engine`Torque Converters: 150 kW to 250 kW
ITC_INPUT_SHAFT 0.015
ITC_OUTPUT_SHAFT 0.015
INV_CAP_TC_TABLE SPLINE_FLAT
0, 0.00704273
0.1, 0.00704273
0.2, 0.00704273
0.3, 0.00704269
0.4, 0.00704199
0.5, 0.00703585
0.6, 0.00700014
0.7, 0.00684379
0.8, 0.00628652
0.9, 0.00458708
0.95, 0.00282599
0.99, 0.000673411
1.01, -0.000673411
1.05, -0.00282599
1.1, -0.00458708
1.2, -0.00628652
1.3, -0.00684379
1.4, -0.00700014
1.5, -0.00703585
1.6, -0.00704199
1.7, -0.00704269
1.8, -0.00704273
1.9, -0.00704273
2, -0.00704273
ENDTABLE
RM_TC_TABLE LINEAR_FLAT
0, 1.864
0.881, 1
1, 1
ENDTABLE
LOG_ENTRY Used Dataset: Powertrain: Torque Converter; { Torque Converters: 150 kW to 250 kW } Torque Converter: 150 kW Engine
EXIT_PARSFILE Powertrain\TConv\TC_6167f7ca-1ba7-4746-98f1-f7e38f6f5f0a.par

ENTER_PARSFILE Powertrain\TransExt\Trans18_55b3d8ee-e987-4803-8615-8a5b5c910733.par
#FullDataName Powertrain: Transmission (18 Gears or CVT)`6-Speed`6-Speed Transmissions
NGEARS 6
OPT_SHIFT_INTERNAL 1
OPT_TR_GEAR_INTERNAL 1
R_GEAR_TR_REVERSE -3.168
IGEAR 1
R_GEAR_TR 3.538
IGEAR 2
R_GEAR_TR 2.06
IGEAR 3
R_GEAR_TR 1.404
IGEAR 4
R_GEAR_TR 1.00
IGEAR 5
R_GEAR_TR 0.713
IGEAR 6
R_GEAR_TR 0.582
ITR_REVERSE 0.034
ITR_NEUTRAL 0.034
IGEAR 1
ITR 0.037
IGEAR 2
ITR 0.034
IGEAR 3
ITR 0.042
IGEAR 4
ITR 0.04
IGEAR 5
ITR 0.04
IGEAR 6
ITR 0.04
R_EFF_TR_F_REVERSE 0.9
IGEAR 1
R_EFF_TR_F 0.92
IGEAR 2
R_EFF_TR_F 0.92
IGEAR 3
R_EFF_TR_F 0.95
IGEAR 4
R_EFF_TR_F 0.95
IGEAR 5
R_EFF_TR_F 0.98
IGEAR 6
R_EFF_TR_F 0.99
R_EFF_TR_R_REVERSE 0.9
IGEAR 1
R_EFF_TR_R 0.92
IGEAR 2
R_EFF_TR_R 0.92
IGEAR 3
R_EFF_TR_R 0.95
IGEAR 4
R_EFF_TR_R 0.95
IGEAR 5
R_EFF_TR_R 0.98
IGEAR 6
R_EFF_TR_R 0.99
T_SHIFT 0.25
igear 1
ENTER_PARSFILE Powertrain\Shift\Shift_28d508f4-a9e5-4d5f-93e0-da2839bd20ad.par
#FullDataName Powertrain: Shift Schedule`6-speed, 1-2 Shift`6-speed
UPSHIFT_TRANS_TABLE
0, 874
0.2, 874
0.8, 1653
1, 1653
ENDTABLE
DOWNSHIFT_TRANS_TABLE
0, 699
0.4, 699
0.8, 1240
1, 1240
ENDTABLE
LOG_ENTRY Used Dataset: Powertrain: Shift Schedule; { 6-speed } 6-speed, 1-2 Shift
EXIT_PARSFILE Powertrain\Shift\Shift_28d508f4-a9e5-4d5f-93e0-da2839bd20ad.par

igear 2
ENTER_PARSFILE Powertrain\Shift\Shift_458185ed-acb4-414f-bccd-d9bffa8cb1d0.par
#FullDataName Powertrain: Shift Schedule`6-speed, 2-3 Shift`6-speed
UPSHIFT_TRANS_TABLE
0, 1282
0.2, 1282
0.8, 2840
1, 2840
ENDTABLE
DOWNSHIFT_TRANS_TABLE
0, 1026
0.4, 1026
0.8, 2130
1, 2130
ENDTABLE
LOG_ENTRY Used Dataset: Powertrain: Shift Schedule; { 6-speed } 6-speed, 2-3 Shift
EXIT_PARSFILE Powertrain\Shift\Shift_458185ed-acb4-414f-bccd-d9bffa8cb1d0.par

igear 3
ENTER_PARSFILE Powertrain\Shift\Shift_227434b7-0668-495c-a01a-0881f536f932.par
#FullDataName Powertrain: Shift Schedule`6-speed, 3-4 Shift`6-speed
UPSHIFT_TRANS_TABLE
0, 1800
0.2, 1800
0.8, 4167
1, 4167
ENDTABLE
DOWNSHIFT_TRANS_TABLE
0, 1440
0.4, 1440
0.8, 3125
1, 3125
ENDTABLE
LOG_ENTRY Used Dataset: Powertrain: Shift Schedule; { 6-speed } 6-speed, 3-4 Shift
EXIT_PARSFILE Powertrain\Shift\Shift_227434b7-0668-495c-a01a-0881f536f932.par

igear 4
ENTER_PARSFILE Powertrain\Shift\Shift_4c7e0778-d050-4bc4-ae32-5ddb69fa99e5.par
#FullDataName Powertrain: Shift Schedule`6-speed, 4-5 Shift`6-speed
UPSHIFT_TRANS_TABLE
0, 2525
0.2, 2525
0.8, 5850
1, 5850
ENDTABLE
DOWNSHIFT_TRANS_TABLE
0, 2020
0.4, 2020
0.8, 4388
1, 4388
ENDTABLE
LOG_ENTRY Used Dataset: Powertrain: Shift Schedule; { 6-speed } 6-speed, 4-5 Shift
EXIT_PARSFILE Powertrain\Shift\Shift_4c7e0778-d050-4bc4-ae32-5ddb69fa99e5.par

igear 5
ENTER_PARSFILE Powertrain\Shift\Shift_1ca55221-d7d9-4a14-a7cc-e661498a08ca.par
#FullDataName Powertrain: Shift Schedule`6-speed, 5-6 Shift`6-speed
UPSHIFT_TRANS_TABLE
0, 3093
0.2, 3093
0.8, 8205
1, 8205
ENDTABLE
DOWNSHIFT_TRANS_TABLE
0, 2474
0.4, 2474
0.8, 6154
1, 6154
ENDTABLE
LOG_ENTRY Used Dataset: Powertrain: Shift Schedule; { 6-speed } 6-speed, 5-6 Shift
EXIT_PARSFILE Powertrain\Shift\Shift_1ca55221-d7d9-4a14-a7cc-e661498a08ca.par

igear 6
LOG_ENTRY Used Dataset: Powertrain: Transmission (18 Gears or CVT); { 6-Speed Transmissions } 6-Speed
EXIT_PARSFILE Powertrain\TransExt\Trans18_55b3d8ee-e987-4803-8615-8a5b5c910733.par

IDIFF 1
ENTER_PARSFILE Powertrain\Frontdiff\DiffF_0e6d0a7d-5a3d-4cf9-b4d6-7adbda9605b1.par
#FullDataName Powertrain: Front Differential`Open Differential: Gear Ratio 4.1:1`Open
LOCKED_FD_OPT 0
OPT_LOCKED_DIFF 0
M_DIFF_VISC_CONSTANT 0
M_DIFF_FD_CONSTANT 0
R_GEAR_FD 4.1
R_EFF_F_FD 0.99
R_EFF_R_FD 0.99
LOCKED_FD_DAMP 0.8
LOCKED_FD_K 80
IDS_F 0.013
IHS_LF 0.009
IHS_RF 0.009
R_GEAR_DIFF 4.1
R_EFF_F_DIFF 0.99
R_EFF_R_DIFF 0.99
LOCKED_DIFF_DAMP 0.8
LOCKED_DIFF_K 80
IDS 0.013
IHS_L 0.009
IHS_R 0.009
LOG_ENTRY Used Dataset: Powertrain: Front Differential; { Open } Open Differential: Gear Ratio 4.1:1
EXIT_PARSFILE Powertrain\Frontdiff\DiffF_0e6d0a7d-5a3d-4cf9-b4d6-7adbda9605b1.par

LOG_ENTRY Used Dataset: Powertrain: Front-Wheel Drive; { 150 kW Powertrains } 150 kW, 6-spd., 4.1 Ratio
EXIT_PARSFILE Powertrain\Fwd\FWD_9353b8fc-d6b6-45f5-8da8-c431f74078bd.par

ENTER_PARSFILE Brakes\4W_System\Brk4W_f138e0c2-eba6-485e-be4c-6ea1d747f4a1.par
#FullDataName Brakes: Four-Wheel System`Sedan: M/C Press, ABS`D-Class
OPT_BK_PEDAL 0
TL_L1 0
TL_L2 0
iaxle 1
iside 1
TLAG_BK 0
PBK_DL_COEFFICIENT 1
PBK_DL_COMBINE MULTIPLY
PBK_DL_FZ_CONSTANT 1
TC_L1 0.06
TC_BK 0.06
OPT_BK_DYN 1
MY_BRAKE_COEFFICIENT 250
MY_FRICTION 0.5
INSTALL_ABS_CONTROLLER
OPT_ABS_CTRL 2
ABS_SLIP_OFF 0.15
ABS_SLIP_ON 0.09
ABS_VMIN 2
iside 2
TLAG_BK 0
PBK_DL_COEFFICIENT 1
PBK_DL_COMBINE MULTIPLY
PBK_DL_FZ_CONSTANT 1
TC_L1 0.06
TC_BK 0.06
OPT_BK_DYN 1
MY_BRAKE_COEFFICIENT 250
MY_FRICTION 0.5
iaxle 2
iside 1
TLAG_BK 0
PBK_DL_COEFFICIENT 1
PBK_DL_COMBINE MULTIPLY
PBK_DL_FZ_CONSTANT 1
TC_L2 0.06
TC_BK 0.06
OPT_BK_DYN 1
MY_BRAKE_COEFFICIENT 100
MY_FRICTION 0.5
OPT_ABS_CTRL 2
ABS_SLIP_OFF 0.12
ABS_SLIP_ON 0.09
ABS_VMIN 2
iside 2
TLAG_BK 0
PBK_DL_COEFFICIENT 1
PBK_DL_COMBINE MULTIPLY
PBK_DL_FZ_CONSTANT 1
TC_L2 0.06
TC_BK 0.06
OPT_BK_DYN 1
MY_BRAKE_COEFFICIENT 100
MY_FRICTION 0.5
LOG_ENTRY Used Dataset: Brakes: Four-Wheel System; { D-Class } Sedan: M/C Press, ABS
EXIT_PARSFILE Brakes\4W_System\Brk4W_f138e0c2-eba6-485e-be4c-6ea1d747f4a1.par

ENTER_PARSFILE Animator\Vehicles\AniVeh_4ce91de0-b4f4-4075-a4a9-d4fc5b973de3.par
#FullDataName Animator: Vehicles and Sensor Targets`D-Class, Sedan`D-Class
ENTER_PARSFILE Generic\Lists\GenList_ec9e5cbd-d1b9-40ca-92e2-16fe3f1b7149.par
#FullDataName Generic Data Lists`Rear View Mirror (D -Class Example)`
ADD_ENTITY Transform Rear View Mirror
  TRANSLATE_X -0.9590
  TRANSLATE_Y 0.0
  TRANSLATE_Z 1.3
  ROTATE_PITCH 2.2222
  ROTATE_ROLL 0.0
  ROTATE_YAW 180
END_ENTITY Transform Rear View Mirror
LOG_ENTRY Used Dataset: Generic Data Lists; Rear View Mirror (D -Class Example)
EXIT_PARSFILE Generic\Lists\GenList_ec9e5cbd-d1b9-40ca-92e2-16fe3f1b7149.par

OPT_TRAILER_REF_FRAME 0
OBJ_X_LENGTH 2866
OBJ_Y_LENGTH 2162
OBJ_Z_LENGTH 1380
DZ_OBJECT 0
WRITE_ADD_REFERENCE_FRAME_OBJECT
ADD_REFERENCE_FRAME Sprung mass
SET_EULER_ANGLES YAW_PITCH_ROLL
SET_X_NAME Xo
WRT_Xo
ANI_Xo
SET_Y_NAME Yo
WRT_Yo
ANI_Yo
SET_Z_NAME Zo
WRT_Zo
ANI_Zo
SET_YAW_NAME Yaw
WRT_Yaw
ANI_Yaw
SET_PITCH_NAME Pitch
WRT_Pitch
ANI_Pitch
SET_ROLL_NAME Roll_E
WRT_Roll_E
ANI_Roll_E
SET_SCALE_X 1.15
SET_SCALE_Y 1.15
SET_SCALE_Z 1.15
SET_OFFSET_X 0
SET_OFFSET_Y 0.775
SET_OFFSET_Z 0.3173
SET_SCALE_X 1.15
SET_SCALE_Y 1.15
SET_SCALE_Z 1.15
SET_ANGLE_X 180
SET_OFFSET_X 0
SET_OFFSET_Y -0.775
SET_OFFSET_Z 0.3173
SET_SCALE_X 1.15
SET_SCALE_Y 1.15
SET_SCALE_Z 1.15
SET_OFFSET_X -2.866
SET_OFFSET_Y 0.775
SET_OFFSET_Z 0.3173
SET_SCALE_X 1.15
SET_SCALE_Y 1.15
SET_SCALE_Z 1.15
SET_ANGLE_X 180
SET_OFFSET_X -2.866
SET_OFFSET_Y -0.775
SET_OFFSET_Z 0.3173
DZ_OBJECT 0
WRITE_ADD_REFERENCE_FRAME_OBJECT
ADD_REFERENCE_FRAME Sprung mass
SET_EULER_ANGLES YAW_PITCH_ROLL
SET_X_NAME Xo
WRT_Xo
ANI_Xo
SET_Y_NAME Yo
WRT_Yo
ANI_Yo
SET_Z_NAME Zo
WRT_Zo
ANI_Zo
SET_YAW_NAME Yaw
WRT_Yaw
ANI_Yaw
SET_PITCH_NAME Pitch
WRT_Pitch
ANI_Pitch
SET_ROLL_NAME Roll_E
WRT_Roll_E
ANI_Roll_E
ENTER_PARSFILE Animator\STL_Groups\ShpGrp_987fa235-c5d1-41c6-bc38-1fde3b00ac07.par
#FullDataName Animator: Shape Assembly`D-Class Sedan`Passenger Cars
ENTER_PARSFILE Animator\STL\Shape_f1c66e3a-8948-4ada-9eb9-5eb47f06ab57.par
#FullDataName Animator: Shape File Link`Sedan`Cars: D-Class
add_obj Animator\3D_Shape_Files\Cars\D_Class_Sedan\D_Class_Sedan.OSG
SET_COLOR 0 0.4 1
set_lighting on
set_fogging on
USE_RUN_COLOR
SET_SPECULAR 1 1 1
vsv_enable_shadows_recursive
LOG_ENTRY Used Dataset: Animator: Shape File Link; { Cars: D-Class } Sedan
EXIT_PARSFILE Animator\STL\Shape_f1c66e3a-8948-4ada-9eb9-5eb47f06ab57.par

set_lighting on
ENTER_PARSFILE Animator\STL\Shape_8c9cc37f-d30a-47d0-a1f8-39967168b527.par
#FullDataName Animator: Shape File Link`Sedan: Driver (Caucasian Female)`Cars: D-Class
add_obj Animator\3D_Shape_Files\Cars\D_Class_Sedan\Drivers\Caucasian_Female\Caucasian_Female.OSG
SET_COLOR 1 1 1
set_lighting on
set_fogging on
SET_SPECULAR 1 1 1
vsv_enable_shadows_recursive
LOG_ENTRY Used Dataset: Animator: Shape File Link; { Cars: D-Class } Sedan: Driver (Caucasian Female)
EXIT_PARSFILE Animator\STL\Shape_8c9cc37f-d30a-47d0-a1f8-39967168b527.par

set_lighting on
x_ref_length 2866
y_ref_length 2162
z_ref_length 1380
LOG_ENTRY Used Dataset: Animator: Shape Assembly; { Passenger Cars } D-Class Sedan
EXIT_PARSFILE Animator\STL_Groups\ShpGrp_987fa235-c5d1-41c6-bc38-1fde3b00ac07.par

WRITE_REFERENCE_FRAME_SIZE
X_LENGTH 2866
Y_LENGTH 2162
Z_LENGTH 1380
WRITE_ADD_REFERENCE_FRAME_BRAKES
ADD_REFERENCE_FRAME Brake Lights
SET_EULER_ANGLES YAW_PITCH_ROLL
SET_X_NAME Xo
WRT_Xo
ANI_Xo
SET_Y_NAME Yo
WRT_Yo
ANI_Yo
SET_Z_NAME Zo
WRT_Zo
ANI_Zo
SET_YAW_NAME Yaw
WRT_Yaw
ANI_Yaw
SET_PITCH_NAME Pitch
WRT_Pitch
ANI_Pitch
SET_ROLL_NAME Roll_E
WRT_Roll_E
ANI_Roll_E
SET_FRAME_VISIBLE_NAME Bk_Stat
WRT_Bk_Stat
ANI_Bk_Stat
ENTER_PARSFILE Animator\STL\Shape_2a7c319a-553a-4d83-adce-bea9ed7383c7.par
#FullDataName Animator: Shape File Link`Sedan: Brake Lights`Cars: D-Class
add_obj Animator\3D_Shape_Files\Cars\D_Class_Sedan\D_Class_Sedan_Brakes_ON.OSG
SET_COLOR 1 1 1
X_REF_LENGTH 2866
Y_REF_LENGTH 2162
Z_REF_LENGTH 1380
set_lighting on
set_fogging on
SET_SPECULAR 1 1 1
LOG_ENTRY Used Dataset: Animator: Shape File Link; { Cars: D-Class } Sedan: Brake Lights
EXIT_PARSFILE Animator\STL\Shape_2a7c319a-553a-4d83-adce-bea9ed7383c7.par

set_lighting on
set_fogging on
WRITE_REFERENCE_FRAME_SIZE
X_LENGTH 2866
Y_LENGTH 2162
Z_LENGTH 1380
WRITE_ADD_REFERENCE_FRAME_REVERSE_LIGHTS
ADD_REFERENCE_FRAME Reverse Lights
SET_EULER_ANGLES YAW_PITCH_ROLL
SET_X_NAME Xo
WRT_Xo
ANI_Xo
SET_Y_NAME Yo
WRT_Yo
ANI_Yo
SET_Z_NAME Zo
WRT_Zo
ANI_Zo
SET_YAW_NAME Yaw
WRT_Yaw
ANI_Yaw
SET_PITCH_NAME Pitch
WRT_Pitch
ANI_Pitch
SET_ROLL_NAME Roll_E
WRT_Roll_E
ANI_Roll_E
SET_FRAME_VISIBLE_NAME 0>GearStat
ANI_GearStat
WRT_GearStat
ENTER_PARSFILE Animator\STL\Shape_7d24c432-e5b7-4bce-bab4-52ae0e5d4f38.par
#FullDataName Animator: Shape File Link`Sedan: Reverse Lights`Cars: D-Class
add_obj Animator\3D_Shape_Files\Cars\D_Class_Sedan\reverseLights.obj
SET_COLOR 1 1 1
X_REF_LENGTH 2866
Y_REF_LENGTH 2162
Z_REF_LENGTH 1380
set_lighting on
set_fogging on
SET_SPECULAR 1 1 1
LOG_ENTRY Used Dataset: Animator: Shape File Link; { Cars: D-Class } Sedan: Reverse Lights
EXIT_PARSFILE Animator\STL\Shape_7d24c432-e5b7-4bce-bab4-52ae0e5d4f38.par

set_lighting on
set_fogging on
WRITE_REFERENCE_FRAME_SIZE
X_LENGTH 2866
Y_LENGTH 2162
Z_LENGTH 1380
LOG_ENTRY Used Dataset: Animator: Vehicles and Sensor Targets; { D-Class } D-Class, Sedan
EXIT_PARSFILE Animator\Vehicles\AniVeh_4ce91de0-b4f4-4075-a4a9-d4fc5b973de3.par

IOBJECT_RESTORE
LOG_ENTRY Used Dataset: Vehicle: Assembly; { D-Class } D-Class, Sedan (VSA)
EXIT_PARSFILE Vehicles\Assembly\Vehicle_dc9c8da7-2133-48f9-aa32-d9ff48bf164a.par

ENTER_PARSFILE Procedures\Proc_07d9a19f-3ef9-44ff-9e52-f41142cc19c3.par
#FullDataName Procedures`On-Center Steer Test`Driver Controls
OPT_INIT_PATH 1
OPT_STOP 0
SSTART 0
TSTART 0
TSTART_WRITE = 0;
TSTOP 37.2
SSTOP = SSTART + 1 ;
OPT_DIRECTION 1
INSTALL_SPEED_CONTROLLER
OPT_SC 3
SET_ISPEED_FOR_ID 0
SPEED_ID_SC = SPEED_TARGET_ID
SPEED_TARGET_COMBINE ADD
SPEED_TARGET_S_CONSTANT 0
set_description SPEED_TARGET_ID Procedure: On-Center Steer Test
SPEED_TARGET_CONSTANT 100
OPT_SC_ENGINE_BRAKING 0
ENTER_PARSFILE Control\Driver\StrDM_a8694f5a-e834-4010-bab0-44ffb6bfa609.par
#FullDataName Control: Steering by the Closed-loop Driver Model`On-Center Steer Test`Vehicle Dynamics Tests
SET_ILTARG_FOR_ID 0
set_description LTARG_ID On-Center Steer Test
INSTALL_DM_PATH_FOLLOWER
OPT_DM 3
INSTALL_DM_IMPORTS
LTARG_TABLE SPLINE_FLAT
69.444, 0
70.444, 0.0010246
71.444, 0.0040926
72.444, 0.0091977
73.444, 0.01633
74.444, 0.025473
75.444, 0.036605
76.444, 0.049719
77.444, 0.064776
78.444, 0.081746
79.444, 0.10059
80.444, 0.12129
81.444, 0.14378
82.444, 0.168
83.444, 0.19394
84.444, 0.22154
85.444, 0.25073
86.444, 0.28145
87.444, 0.31361
88.444, 0.34721
89.444, 0.38214
90.444, 0.41834
91.444, 0.45573
92.444, 0.4942
93.444, 0.53373
94.444, 0.57422
95.444, 0.61559
96.444, 0.65774
97.444, 0.70054
98.444, 0.74401
99.444, 0.78799
100.44, 0.83205
101.44, 0.87689
102.44, 0.92199
103.44, 0.96724
104.44, 1.0126
105.44, 1.0574
106.44, 1.1026
107.44, 1.1475
108.44, 1.1922
109.44, 1.2365
110.44, 1.2799
111.44, 1.323
112.44, 1.3656
113.44, 1.4074
114.44, 1.4484
115.44, 1.4881
116.44, 1.5271
117.44, 1.5651
118.44, 1.6018
119.44, 1.6374
120.44, 1.6714
121.44, 1.7042
122.44, 1.7357
123.44, 1.7656
124.44, 1.794
125.44, 1.8205
126.44, 1.8455
127.44, 1.8689
128.44, 1.8904
129.44, 1.9101
130.44, 1.9277
131.44, 1.9438
132.44, 1.9577
133.44, 1.9698
134.44, 1.9799
135.44, 1.9878
136.44, 1.9939
137.44, 1.9978
138.44, 1.9998
139.44, 1.9994
140.44, 1.9951
141.44, 1.9867
142.44, 1.9743
143.44, 1.9577
144.44, 1.9372
145.44, 1.9129
146.44, 1.8845
147.44, 1.8522
148.44, 1.8161
149.44, 1.7763
150.44, 1.7332
151.44, 1.6863
152.44, 1.6358
153.44, 1.582
154.44, 1.5249
155.44, 1.4653
156.44, 1.4021
157.44, 1.336
158.44, 1.2672
159.44, 1.1958
160.44, 1.1227
161.44, 1.0465
162.44, 0.96822
163.44, 0.88793
164.44, 0.80581
165.44, 0.72287
166.44, 0.63763
167.44, 0.55108
168.44, 0.4634
169.44, 0.37476
170.44, 0.28535
171.44, 0.19536
172.44, 0.10587
173.44, 0.015259
174.44, -0.07538
175.44, -0.16586
176.44, -0.25601
177.44, -0.34474
178.44, -0.43366
179.44, -0.52168
180.44, -0.60863
181.44, -0.69434
182.44, -0.77779
183.44, -0.86048
184.44, -0.94141
185.44, -1.0204
186.44, -1.0973
187.44, -1.1712
188.44, -1.2435
189.44, -1.3132
190.44, -1.3801
191.44, -1.4443
192.44, -1.5049
193.44, -1.5631
194.44, -1.618
195.44, -1.6697
196.44, -1.7178
197.44, -1.762
198.44, -1.8031
199.44, -1.8405
200.44, -1.874
201.44, -1.9038
202.44, -1.9293
203.44, -1.9512
204.44, -1.9691
205.44, -1.9829
206.44, -1.9927
207.44, -1.9984
208.44, -2
209.44, -1.9975
210.44, -1.9908
211.44, -1.9802
212.44, -1.9656
213.44, -1.9468
214.44, -1.9241
215.44, -1.8973
216.44, -1.8667
217.44, -1.8326
218.44, -1.7945
219.44, -1.7526
220.44, -1.7072
221.44, -1.6582
222.44, -1.6063
223.44, -1.5507
224.44, -1.4919
225.44, -1.43
226.44, -1.3652
227.44, -1.2982
228.44, -1.2279
229.44, -1.1551
230.44, -1.08
231.44, -1.0026
232.44, -0.92393
233.44, -0.84261
234.44, -0.75956
235.44, -0.67494
236.44, -0.58893
237.44, -0.50259
238.44, -0.41436
239.44, -0.32527
240.44, -0.23552
241.44, -0.14528
242.44, -0.055644
243.44, 0.035004
244.44, 0.12558
245.44, 0.2159
246.44, 0.30577
247.44, 0.39414
248.44, 0.48259
249.44, 0.57004
250.44, 0.65632
251.44, 0.74125
252.44, 0.82384
253.44, 0.90558
254.44, 0.98545
255.44, 1.0633
256.44, 1.139
257.44, 1.2116
258.44, 1.2824
259.44, 1.3507
260.44, 1.4161
261.44, 1.4786
262.44, 1.5376
263.44, 1.594
264.44, 1.6471
265.44, 1.6968
266.44, 1.743
267.44, 1.7853
268.44, 1.8243
269.44, 1.8596
270.44, 1.891
271.44, 1.9185
272.44, 1.942
273.44, 1.9617
274.44, 1.9773
275.44, 1.9889
276.44, 1.9964
277.44, 1.9997
278.44, 1.9991
279.44, 1.9943
280.44, 1.9855
281.44, 1.9725
282.44, 1.9557
283.44, 1.9347
284.44, 1.9097
285.44, 1.8809
286.44, 1.8481
287.44, 1.812
288.44, 1.7717
289.44, 1.7278
290.44, 1.6804
291.44, 1.6296
292.44, 1.5759
293.44, 1.5185
294.44, 1.4579
295.44, 1.3944
296.44, 1.328
297.44, 1.2596
298.44, 1.1879
299.44, 1.1138
300.44, 1.0373
301.44, 0.95878
302.44, 0.87907
303.44, 0.79677
304.44, 0.71282
305.44, 0.62741
306.44, 0.54071
307.44, 0.45379
308.44, 0.36506
309.44, 0.27558
310.44, 0.18554
311.44, 0.09511
312.44, 0.0053854
313.44, -0.085245
314.44, -0.1757
315.44, -0.2658
316.44, -0.35535
317.44, -0.44329
318.44, -0.5312
319.44, -0.61803
320.44, -0.70359
321.44, -0.7877
322.44, -0.86938
323.44, -0.95011
324.44, -1.0289
325.44, -1.1055
326.44, -1.1799
327.44, -1.2512
328.44, -1.3206
329.44, -1.3873
330.44, -1.4511
331.44, -1.512
332.44, -1.5693
333.44, -1.6238
334.44, -1.6751
335.44, -1.7228
336.44, -1.7671
337.44, -1.8074
338.44, -1.8443
339.44, -1.8775
340.44, -1.9068
341.44, -1.9322
342.44, -1.9533
343.44, -1.9708
344.44, -1.9842
345.44, -1.9935
346.44, -1.9988
347.44, -1.9999
348.44, -1.997
349.44, -1.9899
350.44, -1.9788
351.44, -1.9636
352.44, -1.9445
353.44, -1.9214
354.44, -1.8942
355.44, -1.8631
356.44, -1.8283
357.44, -1.7901
358.44, -1.7478
359.44, -1.702
360.44, -1.6527
361.44, -1.5999
362.44, -1.5444
363.44, -1.4853
364.44, -1.4231
365.44, -1.3579
366.44, -1.29
367.44, -1.2201
368.44, -1.1471
369.44, -1.0717
370.44, -0.99403
371.44, -0.91437
372.44, -0.83364
373.44, -0.75041
374.44, -0.66564
375.44, -0.57949
376.44, -0.49216
377.44, -0.4047
378.44, -0.31553
379.44, -0.22571
380.44, -0.13543
381.44, -0.044876
382.44, 0.044876
383.44, 0.13543
384.44, 0.22571
385.44, 0.31553
386.44, 0.4047
387.44, 0.49216
388.44, 0.57949
389.44, 0.66564
390.44, 0.75041
391.44, 0.83364
392.44, 0.91437
393.44, 0.99403
394.44, 1.0717
395.44, 1.1471
396.44, 1.2201
397.44, 1.29
398.44, 1.3579
399.44, 1.4231
400.44, 1.4853
401.44, 1.5444
402.44, 1.5999
403.44, 1.6527
404.44, 1.702
405.44, 1.7478
406.44, 1.7901
407.44, 1.8283
408.44, 1.8631
409.44, 1.8942
410.44, 1.9213
411.44, 1.9445
412.44, 1.9636
413.44, 1.9788
414.44, 1.9899
415.44, 1.9969
416.44, 1.9999
417.44, 1.9988
418.44, 1.9935
419.44, 1.9842
420.44, 1.9708
421.44, 1.9533
422.44, 1.9322
423.44, 1.9068
424.44, 1.8775
425.44, 1.8443
426.44, 1.8074
427.44, 1.7671
428.44, 1.7229
429.44, 1.6751
430.44, 1.6238
431.44, 1.5693
432.44, 1.512
433.44, 1.4511
434.44, 1.3873
435.44, 1.3206
436.44, 1.2512
437.44, 1.1799
438.44, 1.1056
439.44, 1.0289
440.44, 0.95011
441.44, 0.86938
442.44, 0.7877
443.44, 0.70359
444.44, 0.61803
445.44, 0.5312
446.44, 0.44329
447.44, 0.35535
448.44, 0.2658
449.44, 0.1757
450.44, 0.085245
451.44, -0.0053854
452.44, -0.09511
453.44, -0.18554
454.44, -0.27558
455.44, -0.36506
456.44, -0.45379
457.44, -0.54071
458.44, -0.62741
459.44, -0.71282
460.44, -0.79677
461.44, -0.87907
462.44, -0.95878
463.44, -1.0373
464.44, -1.1138
465.44, -1.1879
466.44, -1.2596
467.44, -1.328
468.44, -1.3944
469.44, -1.4579
470.44, -1.5185
471.44, -1.5759
472.44, -1.6296
473.44, -1.6804
474.44, -1.7278
475.44, -1.7717
476.44, -1.812
477.44, -1.8481
478.44, -1.8809
479.44, -1.9097
480.44, -1.9347
481.44, -1.9557
482.44, -1.9725
483.44, -1.9855
484.44, -1.9943
485.44, -1.9991
486.44, -1.9997
487.44, -1.9964
488.44, -1.9889
489.44, -1.9773
490.44, -1.9617
491.44, -1.942
492.44, -1.9185
493.44, -1.891
494.44, -1.8596
495.44, -1.8243
496.44, -1.7853
497.44, -1.743
498.44, -1.6968
499.44, -1.6471
500.44, -1.594
501.44, -1.5376
502.44, -1.4786
503.44, -1.4161
504.44, -1.3507
505.44, -1.2824
506.44, -1.2116
507.44, -1.139
508.44, -1.0633
509.44, -0.98545
510.44, -0.90558
511.44, -0.82384
512.44, -0.74125
513.44, -0.65632
514.44, -0.57004
515.44, -0.48259
516.44, -0.39414
517.44, -0.30577
518.44, -0.2159
519.44, -0.12558
520.44, -0.035004
521.44, 0.055644
522.44, 0.14528
523.44, 0.23552
524.44, 0.32527
525.44, 0.41436
526.44, 0.50259
527.44, 0.58893
528.44, 0.67494
529.44, 0.75956
530.44, 0.84261
531.44, 0.92393
532.44, 1.0026
533.44, 1.08
534.44, 1.1551
535.44, 1.2279
536.44, 1.2982
537.44, 1.3652
538.44, 1.43
539.44, 1.4919
540.44, 1.5507
541.44, 1.6063
542.44, 1.6582
543.44, 1.7072
544.44, 1.7526
545.44, 1.7945
546.44, 1.8326
547.44, 1.8667
548.44, 1.8973
549.44, 1.9241
550.44, 1.9468
551.44, 1.9656
552.44, 1.9802
553.44, 1.9908
554.44, 1.9975
555.44, 2
556.44, 1.9984
557.44, 1.9927
558.44, 1.9829
559.44, 1.9691
560.44, 1.9512
561.44, 1.9293
562.44, 1.9038
563.44, 1.874
564.44, 1.8405
565.44, 1.8031
566.44, 1.762
567.44, 1.7178
568.44, 1.6697
569.44, 1.618
570.44, 1.5631
571.44, 1.5049
572.44, 1.4443
573.44, 1.3801
574.44, 1.3132
575.44, 1.2435
576.44, 1.1712
577.44, 1.0973
578.44, 1.0204
579.44, 0.94141
580.44, 0.86048
581.44, 0.77779
582.44, 0.69434
583.44, 0.60863
584.44, 0.52168
585.44, 0.43366
586.44, 0.34474
587.44, 0.25601
588.44, 0.16586
589.44, 0.07538
590.44, -0.015259
591.44, -0.10587
592.44, -0.19536
593.44, -0.28535
594.44, -0.37476
595.44, -0.4634
596.44, -0.55108
597.44, -0.63678
598.44, -0.72204
599.44, -0.80581
600.44, -0.88793
601.44, -0.96822
602.44, -1.0457
603.44, -1.122
604.44, -1.1958
605.44, -1.2672
606.44, -1.336
607.44, -1.4014
608.44, -1.4647
609.44, -1.5249
610.44, -1.582
611.44, -1.6358
612.44, -1.6858
613.44, -1.7328
614.44, -1.7763
615.44, -1.8161
616.44, -1.8522
617.44, -1.8842
618.44, -1.9126
619.44, -1.9372
620.44, -1.9577
621.44, -1.9743
622.44, -1.9866
623.44, -1.995
624.44, -1.9994
625.44, -1.9996
626.44, -1.9957
627.44, -1.9878
628.44, -1.9758
629.44, -1.9597
630.44, -1.9396
631.44, -1.9155
632.44, -1.8878
633.44, -1.8559
634.44, -1.8202
635.44, -1.7808
636.44, -1.7377
637.44, -1.6916
638.44, -1.6414
639.44, -1.588
640.44, -1.5313
641.44, -1.4714
642.44, -1.4091
643.44, -1.3434
644.44, -1.2748
645.44, -1.2037
646.44, -1.1301
647.44, -1.0549
648.44, -0.97685
649.44, -0.89677
650.44, -0.81484
651.44, -0.73124
652.44, -0.64699
653.44, -0.56056
654.44, -0.473
655.44, -0.38446
656.44, -0.29512
657.44, -0.20608
658.44, -0.11573
659.44, -0.025132
660.44, 0.065513
661.44, 0.15602
662.44, 0.24532
663.44, 0.33501
664.44, 0.42401
665.44, 0.51214
666.44, 0.59922
667.44, 0.68423
668.44, 0.76868
669.44, 0.85156
670.44, 0.93268
671.44, 1.0119
672.44, 1.0883
673.44, 1.1632
674.44, 1.2357
675.44, 1.3057
676.44, 1.373
677.44, 1.4369
678.44, 1.4984
679.44, 1.5569
680.44, 1.6122
681.44, 1.6642
682.44, 1.7123
683.44, 1.7573
684.44, 1.7988
685.44, 1.8366
686.44, 1.8706
687.44, 1.9004
688.44, 1.9267
689.44, 1.9491
690.44, 1.9674
691.44, 1.9816
692.44, 1.9918
693.44, 1.998
694.44, 2
695.44, 1.998
696.44, 1.9918
697.44, 1.9816
698.44, 1.9674
699.44, 1.9491
700.44, 1.9267
701.44, 1.9004
702.44, 1.8706
703.44, 1.8366
704.44, 1.7988
705.44, 1.7573
706.44, 1.7123
707.44, 1.6642
708.44, 1.6122
709.44, 1.5569
710.44, 1.4984
711.44, 1.4369
712.44, 1.373
713.44, 1.3057
714.44, 1.2357
715.44, 1.1632
716.44, 1.0883
717.44, 1.0119
718.44, 0.93268
719.44, 0.85156
720.44, 0.76868
721.44, 0.68423
722.44, 0.59922
723.44, 0.51214
724.44, 0.42401
725.44, 0.33501
726.44, 0.24532
727.44, 0.15602
728.44, 0.065513
729.44, -0.025132
730.44, -0.11573
731.44, -0.20608
732.44, -0.29512
733.44, -0.38446
734.44, -0.473
735.44, -0.56056
736.44, -0.64699
737.44, -0.73124
738.44, -0.81484
739.44, -0.89677
740.44, -0.97685
741.44, -1.0549
742.44, -1.1301
743.44, -1.2037
744.44, -1.2748
745.44, -1.3434
746.44, -1.4091
747.44, -1.4714
748.44, -1.5313
749.44, -1.588
750.44, -1.6414
751.44, -1.6916
752.44, -1.7377
753.44, -1.7808
754.44, -1.8202
755.44, -1.8559
756.44, -1.8878
757.44, -1.9155
758.44, -1.9396
759.44, -1.9597
760.44, -1.9758
761.44, -1.9878
762.44, -1.9957
763.44, -1.9996
764.44, -1.9994
765.44, -1.995
766.44, -1.9866
767.44, -1.9743
768.44, -1.9577
769.44, -1.9372
770.44, -1.9126
771.44, -1.8842
772.44, -1.8522
773.44, -1.8161
774.44, -1.7763
775.44, -1.7327
776.44, -1.6858
777.44, -1.6358
778.44, -1.5819
779.44, -1.5249
780.44, -1.4647
781.44, -1.4014
782.44, -1.336
783.44, -1.2672
784.44, -1.1958
785.44, -1.122
786.44, -1.0457
787.44, -0.96822
788.44, -0.88793
789.44, -0.80581
790.44, -0.72204
791.44, -0.63678
792.44, -0.55108
793.44, -0.4634
794.44, -0.37476
795.44, -0.28535
796.44, -0.19536
797.44, -0.10587
798.44, -0.015259
799.44, 0.07538
800.44, 0.16586
801.44, 0.25601
802.44, 0.34474
803.44, 0.43366
804.44, 0.52168
805.44, 0.60863
806.44, 0.69434
807.44, 0.77779
808.44, 0.86048
809.44, 0.94141
810.44, 1.0204
811.44, 1.0973
812.44, 1.1712
813.44, 1.2435
814.44, 1.3132
815.44, 1.3802
816.44, 1.4443
817.44, 1.5049
818.44, 1.5631
819.44, 1.618
820.44, 1.6697
821.44, 1.7178
822.44, 1.762
823.44, 1.8031
824.44, 1.8405
825.44, 1.874
826.44, 1.9038
827.44, 1.9293
828.44, 1.9512
829.44, 1.9691
830.44, 1.9829
831.44, 1.9927
832.44, 1.9984
833.44, 2
834.44, 1.9987
835.44, 1.9955
836.44, 1.9901
837.44, 1.9828
838.44, 1.9734
839.44, 1.962
840.44, 1.9487
841.44, 1.9334
842.44, 1.9163
843.44, 1.8972
844.44, 1.8763
845.44, 1.8536
846.44, 1.8291
847.44, 1.8032
848.44, 1.7754
849.44, 1.7459
850.44, 1.715
851.44, 1.6826
852.44, 1.6491
853.44, 1.614
854.44, 1.5776
855.44, 1.54
856.44, 1.5013
857.44, 1.462
858.44, 1.4213
859.44, 1.3798
860.44, 1.3374
861.44, 1.2944
862.44, 1.2513
863.44, 1.2072
864.44, 1.1626
865.44, 1.1178
866.44, 1.0726
867.44, 1.0278
868.44, 0.9825
869.44, 0.93721
870.44, 0.89205
871.44, 0.84711
872.44, 0.80293
873.44, 0.75871
874.44, 0.71498
875.44, 0.67184
876.44, 0.62938
877.44, 0.58808
878.44, 0.54721
879.44, 0.50727
880.44, 0.46835
881.44, 0.43052
882.44, 0.39421
883.44, 0.35878
884.44, 0.32467
885.44, 0.29194
886.44, 0.26068
887.44, 0.23121
888.44, 0.20302
889.44, 0.17647
890.44, 0.15161
891.44, 0.1285
892.44, 0.10737
893.44, 0.087862
894.44, 0.070224
895.44, 0.054501
896.44, 0.040719
897.44, 0.029013
898.44, 0.019174
899.44, 0.011348
900.44, 0.0055599
901.44, 0.0018126
902.44, 0.00012125
ENDTABLE
SET_PATH_WIDTH 0.1
SET_PATH_DASH_INTERVAL 0.5
SET_PATH_VERTEX_INTERVAL 1
SET_PATH_DZ 0.03
SET_PATH_COLOR 0.4 0.4 1
LTARG_ID_DM LTARG_ID
CREATE_PATH_OBJ on
OPT_STR_BY_TRQ 0
AV_SW_MAX_DM 1200
A_SW_MAX_DM 720
VLOW_DM 20
TPREV_CONSTANT .4
LOG_ENTRY Used Dataset: Control: Steering by the Closed-loop Driver Model; { Vehicle Dynamics Tests } On-Center Steer Test
EXIT_PARSFILE Control\Driver\StrDM_a8694f5a-e834-4010-bab0-44ffb6bfa609.par

ENTER_PARSFILE Control\Braking\PbkCon_bf4961f4-c4cf-4b18-a8f7-5f65e31ecd3f.par
#FullDataName Control: Braking MC Pressure (Open Loop)`Constant: 0 MPa`Constant
PBK_CON_CONSTANT 0
VLOW_STOP -1
LOG_ENTRY Used Dataset: Control: Braking MC Pressure (Open Loop); { Constant } Constant: 0 MPa
EXIT_PARSFILE Control\Braking\PbkCon_bf4961f4-c4cf-4b18-a8f7-5f65e31ecd3f.par

ENTER_PARSFILE Control\Gear_at\GearCL_3f60e7d2-b8c4-4d68-a9c4-d897bb3e2a86.par
#FullDataName Control: Shifting (Closed Loop)`AT (All Available Gears)`Closed-Loop Shifting
MODE_TRANS_CONSTANT NGEARS
LOG_ENTRY Used Dataset: Control: Shifting (Closed Loop); { Closed-Loop Shifting } AT (All Available Gears)
EXIT_PARSFILE Control\Gear_at\GearCL_3f60e7d2-b8c4-4d68-a9c4-d897bb3e2a86.par

LTARG_GAIN(1)   1
ENTER_PARSFILE Roads\3D_Road\Road_da4c0f36-c2f3-4d28-9ec7-163a8275a787.par
#FullDataName Road: 3D Surface (All Properties)`1200 m, One Lane, Mu = 0.85 (No Trees)`Straight
SET_IROAD_FOR_ID 0
CURRENT_ROAD_ID = ROAD_ID
set_description road_id 1200 m, One Lane, Mu = 0.85 (No Trees)
ENTER_PARSFILE Roads\BuilderSegment\RoadSeg_299f5dd8-31b0-44f2-9251-eaaf215df33c.par
#FullDataName Path: Segment Builder`Straight East`Straight
SET_IPATH_FOR_ID 0
OPT_PATH_START 0
OPT_PATH_LOOP 0
SPATH_START 0
PATH_ID_DM = PATH_ID
set_description path_id Straight East
NSEGMENTS 1
IPATHSEG 1
SEGMENT_TYPE 0
SEGMENT_LENGTH 100
Title Straight East <Straight>
LOG_ENTRY Used Dataset: Path: Segment Builder; { Straight } Straight East
EXIT_PARSFILE Roads\BuilderSegment\RoadSeg_299f5dd8-31b0-44f2-9251-eaaf215df33c.par

ROAD_PATH_ID = PATH_ID
set_description road_path_id PATH_ID for: Straight East
ENTER_PARSFILE Roads\Friction\RdMu_25e73395-9471-44b9-9c60-27bd9cc24921.par
#FullDataName Road: Friction Map, S-L Grid`Constant: 0.85`Constant
MU_ROAD_COMBINE ADD
MU_ROAD_CONSTANT 0.85
MU_ROAD_L_CONSTANT 0
LOG_ENTRY Used Dataset: Road: Friction Map, S-L Grid; { Constant } Constant: 0.85
EXIT_PARSFILE Roads\Friction\RdMu_25e73395-9471-44b9-9c60-27bd9cc24921.par

ENTER_PARSFILE Roads\Shapes\RdShape_8e6b6769-1ac6-4496-945d-5408acbbfa7e.par
#FullDataName Road: Animator Surface Shapes`1200 m Road, 100 m Grass (1 ln)`Roads
NLANES 5
OPTTHRESHOLD 1
MIRROR 0
COLOR(1) 1 1 1
MATERIAL(1) Road (One Lane)
SPECULAR(1) 1
SCALE(1) 10
LTILES(1) 1
LIN(1) -4
LINUNITS(1) m
LOUT(1) 4
LOUTUNITS(1) m
S_START(1) -100
S_STOP(1) 1200
SINT(1) 5
AUTODETAIL(1) Road
COLOR(2) 1 1 1
MATERIAL(2) Road Transition (Light)
SPECULAR(2) 1
SCALE(2) 10
LTILES(2) 1
LIN(2) 4
LINUNITS(2) m
LOUT(2) 7.1
LOUTUNITS(2) m
S_START(2) -100
S_STOP(2) 1200
SINT(2) 5
AUTODETAIL(2) Foliage
COLOR(3) 1 1 1
MATERIAL(3) Grass (Light)
SPECULAR(3) 1
SCALE(3) 10
LTILES(3) 9
LIN(3) -7.1
LINUNITS(3) m
LOUT(3) -100
LOUTUNITS(3) m
S_START(3) -100
S_STOP(3) 1200
SINT(3) 5
AUTODETAIL(3) Foliage
COLOR(4) 1 1 1
MATERIAL(4) Grass (Light)
SPECULAR(4) 1
SCALE(4) 10
LTILES(4) 9
LIN(4) 7.1
LINUNITS(4) m
LOUT(4) 100
LOUTUNITS(4) m
S_START(4) -100
S_STOP(4) 1200
SINT(4) 5
AUTODETAIL(4) Foliage
COLOR(5) 1 1 1
MATERIAL(5) Road Transition (Light)
SPECULAR(5) 1
SCALE(5) 10
LTILES(5) -0.969
LIN(5) -4
LINUNITS(5) m
LOUT(5) -7.1
LOUTUNITS(5) m
S_START(5) -100
S_STOP(5) 1200
SINT(5) 5
AUTODETAIL(5) Foliage
MTL_FILE Animator\Road_Materials\road.mtl
LOG_ENTRY Used Dataset: Road: Animator Surface Shapes; { Roads } 1200 m Road, 100 m Grass (1 ln)
EXIT_PARSFILE Roads\Shapes\RdShape_8e6b6769-1ac6-4496-945d-5408acbbfa7e.par

RR_SURF_CONSTANT 1
L_CAMERA_FRONT 0.5
L_CAMERA_REAR 0.5
add_reference_frame road_stuff_6_Partly_Cloudy_Sky_with_Light_Grass
reference_frame_ghosts off
ENTER_PARSFILE Animator\Groups\Group_4ccae742-4649-427a-8871-7b3629a730a2.par
#FullDataName Animator: Group`Partly Cloudy Sky with Light Grass`Environment Spheres
ENTER_PARSFILE Animator\Frames\Frame_8761c9b6-c784-4d2d-b8bc-72683578e773.par
#FullDataName Animator: Reference Frame`Skybox (Vehicle X-Y-Z)`Tracking: Vehicle
ADD_REFERENCE_FRAME Frame_8761c9b6-c784-4d2d-b8bc-72683578e773
SET_EULER_ANGLES yaw_pitch_roll
SET_X_NAME Xo
SET_Y_NAME Yo
SET_Z_NAME Zo
WRT_Xo
ANI_Xo
WRT_Yo
ANI_Yo
WRT_Zo
ANI_Zo
LOG_ENTRY Used Dataset: Animator: Reference Frame; { Tracking: Vehicle } Skybox (Vehicle X-Y-Z)
EXIT_PARSFILE Animator\Frames\Frame_8761c9b6-c784-4d2d-b8bc-72683578e773.par

ENTER_PARSFILE Animator\STL\Shape_6d5f4980-0cdc-4aa2-841c-f127e1b02f97.par
#FullDataName Animator: Shape File Link`Partly Cloudy Sky`Environment: Sky Boxes
add_obj Animator\3D_Shape_Files\Environment\Sky_Boxes\Partly_Cloudy_Sky\Sky_Partly_Cloudy.obj
SET_COLOR 1 1 1
SET_SCALE_X 15
SET_SCALE_Y 15
SET_SCALE_Z 5
SET_ANGLE_Z 180
set_lighting off
set_fogging off
SUN_POSITION 250 -250 600
cam_global_ambient .6 .6 .6 1
cam_global_diffuse .9 .9 .9 1
cam_global_specular .7 .7 .7 1
ENV_MAP_XPOS Animator\3D_Shape_Files\Environment\Sky_Boxes\Partly_Cloudy_Sky\cubeXPos.tga
ENV_MAP_XNEG Animator\3D_Shape_Files\Environment\Sky_Boxes\Partly_Cloudy_Sky\cubeXNeg.tga
ENV_MAP_YPOS Animator\3D_Shape_Files\Environment\Sky_Boxes\Partly_Cloudy_Sky\cubeYPos.tga
ENV_MAP_YNEG Animator\3D_Shape_Files\Environment\Sky_Boxes\Partly_Cloudy_Sky\cubeYNeg.tga
ENV_MAP_ZPOS Animator\3D_Shape_Files\Environment\Sky_Boxes\Partly_Cloudy_Sky\cubeZPos.tga
ENV_MAP_ZNEG Animator\3D_Shape_Files\Environment\Sky_Boxes\Partly_Cloudy_Sky\cubeZNeg.tga
LOG_ENTRY Used Dataset: Animator: Shape File Link; { Environment: Sky Boxes } Partly Cloudy Sky
EXIT_PARSFILE Animator\STL\Shape_6d5f4980-0cdc-4aa2-841c-f127e1b02f97.par

ENTER_PARSFILE Animator\STL\Shape_8747e07e-81f8-4899-bd41-ca6921d43beb.par
#FullDataName Animator: Shape File Link`Light Grass`Environment: Land Bowls
add_obj Animator\3D_Shape_Files\Environment\Land_Bowls\Light_Grass\Land_Bowl_Light_Grass.obj
SET_COLOR 1 1 1
SET_SCALE_X 15
SET_SCALE_Y 15
SET_SCALE_Z 1
set_lighting off
set_fogging on
LOG_ENTRY Used Dataset: Animator: Shape File Link; { Environment: Land Bowls } Light Grass
EXIT_PARSFILE Animator\STL\Shape_8747e07e-81f8-4899-bd41-ca6921d43beb.par

LOG_ENTRY Used Dataset: Animator: Group; { Environment Spheres } Partly Cloudy Sky with Light Grass
EXIT_PARSFILE Animator\Groups\Group_4ccae742-4649-427a-8871-7b3629a730a2.par

ENTER_PARSFILE Roads\3D_Road\Road_da4c0f36-c2f3-4d28-9ec7-163a8275a787.ani
add_reference_frame The Road
reference_frame_ghosts off
add_obj Roads\3D_Road\Road_da4c0f36-c2f3-4d28-9ec7-163a8275a787_1.obj
set_color 1 1 1
show_front on
show_back off
compute_normals on
set_specular 1 1 1
set_auto_detail_type Road
add_obj Roads\3D_Road\Road_da4c0f36-c2f3-4d28-9ec7-163a8275a787_2.obj
set_color 1 1 1
show_front on
show_back off
compute_normals on
set_specular 1 1 1
set_auto_detail_type Foliage
add_obj Roads\3D_Road\Road_da4c0f36-c2f3-4d28-9ec7-163a8275a787_3.obj
set_color 1 1 1
show_front on
show_back off
compute_normals on
set_specular 1 1 1
set_auto_detail_type Foliage
add_obj Roads\3D_Road\Road_da4c0f36-c2f3-4d28-9ec7-163a8275a787_4.obj
set_color 1 1 1
show_front on
show_back off
compute_normals on
set_specular 1 1 1
set_auto_detail_type Foliage
add_obj Roads\3D_Road\Road_da4c0f36-c2f3-4d28-9ec7-163a8275a787_5.obj
set_color 1 1 1
show_front on
show_back off
compute_normals on
set_specular 1 1 1
set_auto_detail_type Foliage
EXIT_PARSFILE Roads\3D_Road\Road_da4c0f36-c2f3-4d28-9ec7-163a8275a787.ani

LOG_ENTRY Used Dataset: Road: 3D Surface (All Properties); { Straight } 1200 m, One Lane, Mu = 0.85 (No Trees)
EXIT_PARSFILE Roads\3D_Road\Road_da4c0f36-c2f3-4d28-9ec7-163a8275a787.par

ENTER_PARSFILE Plot\Setup\Plot_076736e1-2cdd-49d5-8a36-d55940b011f0.par
#FullDataName Plot: Setup`Steering: Handwheel Angle`Steering
ADD_ENTITY Plot
ENTER_PARSFILE Plot\Format\PlotFmt_9c0da54c-ef5e-4a28-a4f7-2b9b79dcd98d.par
#FullDataName Plot: Format`Lines without Symbols`
LEGENDPERCENT 60
TITLEFONTSIZE 10
TITLELOCATION -1
AXES Axes
FRAME Frame
GRID CourseGrid
LEGENDDATA_1 RigidBodyName
JUNK AutoLocation
TITLEFONTSTYLE Regular
TITLEFONTNAME Arial
LEGENDFONTNAME Arial
LEGENDFONTSIZE 10
LEGENDFONTSTYLE Regular
LABELFONTNAME Arial
LABELFONTSIZE 10
LABELFONTSTYLE Regular
TICLABELFONTNAME Arial
TICLABELFONTSIZE 10
TICLABELFONTSTYLE Regular
SYMBOLS 0,0,0,0,0,0,0,0,0,0,0,0,0,0,0,0,0,0,0,0
LINESTYL 1,1,1,1,1,1,2,1,1,1,2,1,1,1,2,1,1,1,2,1
COLORS 8,2,3,7,4,0,6,14,8,9,10,11,12,13,14,6,1,2,0,4
LOG_ENTRY Used Dataset: Plot: Format; Lines without Symbols
EXIT_PARSFILE Plot\Format\PlotFmt_9c0da54c-ef5e-4a28-a4f7-2b9b79dcd98d.par

PLOTCHANNELS Steer_SW, Time
WRT_STEER_SW
YMaxmin Auto
XMaxmin Auto
PTITLE Steering: Handwheel Angle
END_ENTITY Plot
LOG_ENTRY Used Dataset: Plot: Setup; { Steering } Steering: Handwheel Angle
EXIT_PARSFILE Plot\Setup\Plot_076736e1-2cdd-49d5-8a36-d55940b011f0.par

ENTER_PARSFILE Plot\Setup\Plot_986ce074-9acb-4be0-8bd7-ac8e03eb16ab.par
#FullDataName Plot: Setup`Steer Torque`Steering
ADD_ENTITY Plot
ENTER_PARSFILE Plot\Format\PlotFmt_9c0da54c-ef5e-4a28-a4f7-2b9b79dcd98d.par
#FullDataName Plot: Format`Lines without Symbols`
LEGENDPERCENT 60
TITLEFONTSIZE 10
TITLELOCATION -1
AXES Axes
FRAME Frame
GRID CourseGrid
LEGENDDATA_1 RigidBodyName
JUNK AutoLocation
TITLEFONTSTYLE Regular
TITLEFONTNAME Arial
LEGENDFONTNAME Arial
LEGENDFONTSIZE 10
LEGENDFONTSTYLE Regular
LABELFONTNAME Arial
LABELFONTSIZE 10
LABELFONTSTYLE Regular
TICLABELFONTNAME Arial
TICLABELFONTSIZE 10
TICLABELFONTSTYLE Regular
SYMBOLS 0,0,0,0,0,0,0,0,0,0,0,0,0,0,0,0,0,0,0,0
LINESTYL 1,1,1,1,1,1,2,1,1,1,2,1,1,1,2,1,1,1,2,1
COLORS 8,2,3,7,4,0,6,14,8,9,10,11,12,13,14,6,1,2,0,4
LOG_ENTRY Used Dataset: Plot: Format; Lines without Symbols
EXIT_PARSFILE Plot\Format\PlotFmt_9c0da54c-ef5e-4a28-a4f7-2b9b79dcd98d.par

PLOTCHANNELS M_SW, Time
WRT_M_SW
YMaxmin Auto
XMaxmin Auto
PTITLE Steer Torque
END_ENTITY Plot
LOG_ENTRY Used Dataset: Plot: Setup; { Steering } Steer Torque
EXIT_PARSFILE Plot\Setup\Plot_986ce074-9acb-4be0-8bd7-ac8e03eb16ab.par

ENTER_PARSFILE Plot\Setup\Plot_0773e087-151d-42db-a308-f02b7b6ee48d.par
#FullDataName Plot: Setup`Lateral Forces`Tire Forces and Moments
ADD_ENTITY Plot
ENTER_PARSFILE Plot\Format\PlotFmt_33e2becb-9fc8-474d-a6bb-685bf100d862.par
#FullDataName Plot: Format`Default Plot Settings`
LEGENDPERCENT 60
TITLEFONTSIZE 10
TITLELOCATION -1
AXES Axes
FRAME Frame
GRID CourseGrid
LEGENDDATA_1 RigidBodyName
TITLEFONTSTYLE Regular
TITLEFONTNAME Arial
LEGENDFONTNAME Arial
LEGENDFONTSIZE 10
LEGENDFONTSTYLE Regular
LABELFONTNAME Arial
LABELFONTSIZE 10
LABELFONTSTYLE Regular
TICLABELFONTNAME Arial
TICLABELFONTSIZE 10
TICLABELFONTSTYLE Regular
SYMBOLS 10,1,2,3,4,5,6,7,8,9,10,4,1,2,3,4,5,6,7,8
LINESTYL 1,1,1,1,1,1,2,1,1,1,2,1,1,1,2,1,1,1,2,1
COLORS 8,2,3,11,4,0,6,14,8,7,10,8,12,13,14,6,1,2,0,4
LOG_ENTRY Used Dataset: Plot: Format; Default Plot Settings
EXIT_PARSFILE Plot\Format\PlotFmt_33e2becb-9fc8-474d-a6bb-685bf100d862.par

PLOTCHANNELS Fy_L1, Time
WRT_FY_L1
PLOTCHANNELS Fy_R1, Time
WRT_FY_R1
PLOTCHANNELS Fy_L2, Time
WRT_FY_L2
PLOTCHANNELS Fy_R2, Time
WRT_FY_R2
YMaxmin Auto
XMaxmin Auto
PTITLE Lateral Forces
END_ENTITY Plot
LOG_ENTRY Used Dataset: Plot: Setup; { Tire Forces and Moments } Lateral Forces
EXIT_PARSFILE Plot\Setup\Plot_0773e087-151d-42db-a308-f02b7b6ee48d.par

ENTER_PARSFILE Plot\Setup\Plot_a146934a-339c-4983-9664-0f9749a0dfd6.par
#FullDataName Plot: Setup`Vertical Forces`Tire Forces and Moments
ADD_ENTITY Plot
ENTER_PARSFILE Plot\Format\PlotFmt_33e2becb-9fc8-474d-a6bb-685bf100d862.par
#FullDataName Plot: Format`Default Plot Settings`
LEGENDPERCENT 60
TITLEFONTSIZE 10
TITLELOCATION -1
AXES Axes
FRAME Frame
GRID CourseGrid
LEGENDDATA_1 RigidBodyName
TITLEFONTSTYLE Regular
TITLEFONTNAME Arial
LEGENDFONTNAME Arial
LEGENDFONTSIZE 10
LEGENDFONTSTYLE Regular
LABELFONTNAME Arial
LABELFONTSIZE 10
LABELFONTSTYLE Regular
TICLABELFONTNAME Arial
TICLABELFONTSIZE 10
TICLABELFONTSTYLE Regular
SYMBOLS 10,1,2,3,4,5,6,7,8,9,10,4,1,2,3,4,5,6,7,8
LINESTYL 1,1,1,1,1,1,2,1,1,1,2,1,1,1,2,1,1,1,2,1
COLORS 8,2,3,11,4,0,6,14,8,7,10,8,12,13,14,6,1,2,0,4
LOG_ENTRY Used Dataset: Plot: Format; Default Plot Settings
EXIT_PARSFILE Plot\Format\PlotFmt_33e2becb-9fc8-474d-a6bb-685bf100d862.par

PLOTCHANNELS Fz_L1, Time
WRT_FZ_L1
PLOTCHANNELS Fz_R1, Time
WRT_FZ_R1
PLOTCHANNELS Fz_L2, Time
WRT_FZ_L2
PLOTCHANNELS Fz_R2, Time
WRT_FZ_R2
YMaxmin Auto
XMaxmin Auto
PTITLE Vertical Forces
END_ENTITY Plot
LOG_ENTRY Used Dataset: Plot: Setup; { Tire Forces and Moments } Vertical Forces
EXIT_PARSFILE Plot\Setup\Plot_a146934a-339c-4983-9664-0f9749a0dfd6.par

ENTER_PARSFILE Plot\Setup\Plot_a5884b30-2228-44f6-afe5-eb3fd414c1c3.par
#FullDataName Plot: Setup`Aligning Moments`Tire Forces and Moments
ADD_ENTITY Plot
ENTER_PARSFILE Plot\Format\PlotFmt_33e2becb-9fc8-474d-a6bb-685bf100d862.par
#FullDataName Plot: Format`Default Plot Settings`
LEGENDPERCENT 60
TITLEFONTSIZE 10
TITLELOCATION -1
AXES Axes
FRAME Frame
GRID CourseGrid
LEGENDDATA_1 RigidBodyName
TITLEFONTSTYLE Regular
TITLEFONTNAME Arial
LEGENDFONTNAME Arial
LEGENDFONTSIZE 10
LEGENDFONTSTYLE Regular
LABELFONTNAME Arial
LABELFONTSIZE 10
LABELFONTSTYLE Regular
TICLABELFONTNAME Arial
TICLABELFONTSIZE 10
TICLABELFONTSTYLE Regular
SYMBOLS 10,1,2,3,4,5,6,7,8,9,10,4,1,2,3,4,5,6,7,8
LINESTYL 1,1,1,1,1,1,2,1,1,1,2,1,1,1,2,1,1,1,2,1
COLORS 8,2,3,11,4,0,6,14,8,7,10,8,12,13,14,6,1,2,0,4
LOG_ENTRY Used Dataset: Plot: Format; Default Plot Settings
EXIT_PARSFILE Plot\Format\PlotFmt_33e2becb-9fc8-474d-a6bb-685bf100d862.par

PLOTCHANNELS Mz_L1, Time
WRT_MZ_L1
PLOTCHANNELS Mz_R1, Time
WRT_MZ_R1
PLOTCHANNELS Mz_L2, Time
WRT_MZ_L2
PLOTCHANNELS Mz_R2, Time
WRT_MZ_R2
YMaxmin Auto
XMaxmin Auto
PTITLE Aligning Moments
END_ENTITY Plot
LOG_ENTRY Used Dataset: Plot: Setup; { Tire Forces and Moments } Aligning Moments
EXIT_PARSFILE Plot\Setup\Plot_a5884b30-2228-44f6-afe5-eb3fd414c1c3.par

ENTER_PARSFILE Plot\Setup\Plot_ec025d1b-deea-4ce8-a1c0-4fc60a992239.par
#FullDataName Plot: Setup`Kingpin Torque`Steering
ADD_ENTITY Plot
ENTER_PARSFILE Plot\Format\PlotFmt_33e2becb-9fc8-474d-a6bb-685bf100d862.par
#FullDataName Plot: Format`Default Plot Settings`
LEGENDPERCENT 60
TITLEFONTSIZE 10
TITLELOCATION -1
AXES Axes
FRAME Frame
GRID CourseGrid
LEGENDDATA_1 RigidBodyName
TITLEFONTSTYLE Regular
TITLEFONTNAME Arial
LEGENDFONTNAME Arial
LEGENDFONTSIZE 10
LEGENDFONTSTYLE Regular
LABELFONTNAME Arial
LABELFONTSIZE 10
LABELFONTSTYLE Regular
TICLABELFONTNAME Arial
TICLABELFONTSIZE 10
TICLABELFONTSTYLE Regular
SYMBOLS 10,1,2,3,4,5,6,7,8,9,10,4,1,2,3,4,5,6,7,8
LINESTYL 1,1,1,1,1,1,2,1,1,1,2,1,1,1,2,1,1,1,2,1
COLORS 8,2,3,11,4,0,6,14,8,7,10,8,12,13,14,6,1,2,0,4
LOG_ENTRY Used Dataset: Plot: Format; Default Plot Settings
EXIT_PARSFILE Plot\Format\PlotFmt_33e2becb-9fc8-474d-a6bb-685bf100d862.par

PLOTCHANNELS Mz_KP_L1, Time
WRT_MZ_KP_L1
PLOTCHANNELS Mz_KP_R1, Time
WRT_MZ_KP_R1
PLOTCHANNELS Mz_KP_L2, Time
WRT_MZ_KP_L2
PLOTCHANNELS Mz_KP_R2, Time
WRT_MZ_KP_R2
YMaxmin Auto
XMaxmin Auto
PTITLE Kingpin Torque
END_ENTITY Plot
LOG_ENTRY Used Dataset: Plot: Setup; { Steering } Kingpin Torque
EXIT_PARSFILE Plot\Setup\Plot_ec025d1b-deea-4ce8-a1c0-4fc60a992239.par

ENTER_PARSFILE Plot\Setup\Plot_2865bd77-14b2-4e51-9c7f-3484aa98e979.par
#FullDataName Plot: Setup`Roll Angle of Sprung Masses vs. Time`Vehicle Motion
ADD_ENTITY Plot
ENTER_PARSFILE Plot\Format\PlotFmt_9c0da54c-ef5e-4a28-a4f7-2b9b79dcd98d.par
#FullDataName Plot: Format`Lines without Symbols`
LEGENDPERCENT 60
TITLEFONTSIZE 10
TITLELOCATION -1
AXES Axes
FRAME Frame
GRID CourseGrid
LEGENDDATA_1 RigidBodyName
JUNK AutoLocation
TITLEFONTSTYLE Regular
TITLEFONTNAME Arial
LEGENDFONTNAME Arial
LEGENDFONTSIZE 10
LEGENDFONTSTYLE Regular
LABELFONTNAME Arial
LABELFONTSIZE 10
LABELFONTSTYLE Regular
TICLABELFONTNAME Arial
TICLABELFONTSIZE 10
TICLABELFONTSTYLE Regular
SYMBOLS 0,0,0,0,0,0,0,0,0,0,0,0,0,0,0,0,0,0,0,0
LINESTYL 1,1,1,1,1,1,2,1,1,1,2,1,1,1,2,1,1,1,2,1
COLORS 8,2,3,7,4,0,6,14,8,9,10,11,12,13,14,6,1,2,0,4
LOG_ENTRY Used Dataset: Plot: Format; Lines without Symbols
EXIT_PARSFILE Plot\Format\PlotFmt_9c0da54c-ef5e-4a28-a4f7-2b9b79dcd98d.par

PLOTCHANNELS Roll, Time
WRT_ROLL
PLOTCHANNELS Roll_2, Time
WRT_ROLL_2
YMaxmin Auto
XMaxmin Auto
PTITLE Roll Angle of Sprung Masses vs. Time
END_ENTITY Plot
LOG_ENTRY Used Dataset: Plot: Setup; { Vehicle Motion } Roll Angle of Sprung Masses vs. Time
EXIT_PARSFILE Plot\Setup\Plot_2865bd77-14b2-4e51-9c7f-3484aa98e979.par

ENTER_PARSFILE Plot\Setup\Plot_8b22f20a-1297-43cf-9e59-a0b1d530d136.par
#FullDataName Plot: Setup`Lateral Accel. of CG's vs. Time`Vehicle Motion
ADD_ENTITY Plot
ENTER_PARSFILE Plot\Format\PlotFmt_9c0da54c-ef5e-4a28-a4f7-2b9b79dcd98d.par
#FullDataName Plot: Format`Lines without Symbols`
LEGENDPERCENT 60
TITLEFONTSIZE 10
TITLELOCATION -1
AXES Axes
FRAME Frame
GRID CourseGrid
LEGENDDATA_1 RigidBodyName
JUNK AutoLocation
TITLEFONTSTYLE Regular
TITLEFONTNAME Arial
LEGENDFONTNAME Arial
LEGENDFONTSIZE 10
LEGENDFONTSTYLE Regular
LABELFONTNAME Arial
LABELFONTSIZE 10
LABELFONTSTYLE Regular
TICLABELFONTNAME Arial
TICLABELFONTSIZE 10
TICLABELFONTSTYLE Regular
SYMBOLS 0,0,0,0,0,0,0,0,0,0,0,0,0,0,0,0,0,0,0,0
LINESTYL 1,1,1,1,1,1,2,1,1,1,2,1,1,1,2,1,1,1,2,1
COLORS 8,2,3,7,4,0,6,14,8,9,10,11,12,13,14,6,1,2,0,4
LOG_ENTRY Used Dataset: Plot: Format; Lines without Symbols
EXIT_PARSFILE Plot\Format\PlotFmt_9c0da54c-ef5e-4a28-a4f7-2b9b79dcd98d.par

PLOTCHANNELS Ay, Time
WRT_AY
PLOTCHANNELS Ay_2, Time
WRT_AY_2
YMaxmin Auto
XMaxmin Auto
PTITLE Lateral Accel. of CG's vs. Time
END_ENTITY Plot
LOG_ENTRY Used Dataset: Plot: Setup; { Vehicle Motion } Lateral Accel. of CG's vs. Time
EXIT_PARSFILE Plot\Setup\Plot_8b22f20a-1297-43cf-9e59-a0b1d530d136.par

ENTER_PARSFILE Plot\Setup\Plot_499aef88-af5b-4853-989b-fe5f324fa663.par
#FullDataName Plot: Setup`Steer Torque vs. Steer Angle`Steering
ADD_ENTITY Plot
ENTER_PARSFILE Plot\Format\PlotFmt_9c0da54c-ef5e-4a28-a4f7-2b9b79dcd98d.par
#FullDataName Plot: Format`Lines without Symbols`
LEGENDPERCENT 60
TITLEFONTSIZE 10
TITLELOCATION -1
AXES Axes
FRAME Frame
GRID CourseGrid
LEGENDDATA_1 RigidBodyName
JUNK AutoLocation
TITLEFONTSTYLE Regular
TITLEFONTNAME Arial
LEGENDFONTNAME Arial
LEGENDFONTSIZE 10
LEGENDFONTSTYLE Regular
LABELFONTNAME Arial
LABELFONTSIZE 10
LABELFONTSTYLE Regular
TICLABELFONTNAME Arial
TICLABELFONTSIZE 10
TICLABELFONTSTYLE Regular
SYMBOLS 0,0,0,0,0,0,0,0,0,0,0,0,0,0,0,0,0,0,0,0
LINESTYL 1,1,1,1,1,1,2,1,1,1,2,1,1,1,2,1,1,1,2,1
COLORS 8,2,3,7,4,0,6,14,8,9,10,11,12,13,14,6,1,2,0,4
LOG_ENTRY Used Dataset: Plot: Format; Lines without Symbols
EXIT_PARSFILE Plot\Format\PlotFmt_9c0da54c-ef5e-4a28-a4f7-2b9b79dcd98d.par

PLOTCHANNELS M_SW, Steer_SW
WRT_M_SW
WRT_STEER_SW
YMaxmin Auto
XMaxmin Auto
PTITLE Steer Torque vs. Steer Angle
END_ENTITY Plot
LOG_ENTRY Used Dataset: Plot: Setup; { Steering } Steer Torque vs. Steer Angle
EXIT_PARSFILE Plot\Setup\Plot_499aef88-af5b-4853-989b-fe5f324fa663.par

ENTER_PARSFILE Plot\Setup\Plot_cba7c0f9-86f6-433d-9855-e7dfef2964fc.par
#FullDataName Plot: Setup`Total Rack Force - Axle 1`Steering
ADD_ENTITY Plot
ENTER_PARSFILE Plot\Format\PlotFmt_33e2becb-9fc8-474d-a6bb-685bf100d862.par
#FullDataName Plot: Format`Default Plot Settings`
LEGENDPERCENT 60
TITLEFONTSIZE 10
TITLELOCATION -1
AXES Axes
FRAME Frame
GRID CourseGrid
LEGENDDATA_1 RigidBodyName
TITLEFONTSTYLE Regular
TITLEFONTNAME Arial
LEGENDFONTNAME Arial
LEGENDFONTSIZE 10
LEGENDFONTSTYLE Regular
LABELFONTNAME Arial
LABELFONTSIZE 10
LABELFONTSTYLE Regular
TICLABELFONTNAME Arial
TICLABELFONTSIZE 10
TICLABELFONTSTYLE Regular
SYMBOLS 10,1,2,3,4,5,6,7,8,9,10,4,1,2,3,4,5,6,7,8
LINESTYL 1,1,1,1,1,1,2,1,1,1,2,1,1,1,2,1,1,1,2,1
COLORS 8,2,3,11,4,0,6,14,8,7,10,8,12,13,14,6,1,2,0,4
LOG_ENTRY Used Dataset: Plot: Format; Default Plot Settings
EXIT_PARSFILE Plot\Format\PlotFmt_33e2becb-9fc8-474d-a6bb-685bf100d862.par

define_output FRackTot = F_TRdL1+F_TRdR1; N; Total rack force
PLOTCHANNELS FRackTot, Time
WRT_FRACKTOT
YMaxmin Auto
XMaxmin Auto
PTITLE Total Rack Force - Axle 1
END_ENTITY Plot
LOG_ENTRY Used Dataset: Plot: Setup; { Steering } Total Rack Force - Axle 1
EXIT_PARSFILE Plot\Setup\Plot_cba7c0f9-86f6-433d-9855-e7dfef2964fc.par

ENTER_PARSFILE Plot\Setup\Plot_310b0189-b08d-49fc-a484-ee359eb89744.par
#FullDataName Plot: Setup`Yaw Rate of Sprung Masses vs. Time`Vehicle Motion
ADD_ENTITY Plot
ENTER_PARSFILE Plot\Format\PlotFmt_9c0da54c-ef5e-4a28-a4f7-2b9b79dcd98d.par
#FullDataName Plot: Format`Lines without Symbols`
LEGENDPERCENT 60
TITLEFONTSIZE 10
TITLELOCATION -1
AXES Axes
FRAME Frame
GRID CourseGrid
LEGENDDATA_1 RigidBodyName
JUNK AutoLocation
TITLEFONTSTYLE Regular
TITLEFONTNAME Arial
LEGENDFONTNAME Arial
LEGENDFONTSIZE 10
LEGENDFONTSTYLE Regular
LABELFONTNAME Arial
LABELFONTSIZE 10
LABELFONTSTYLE Regular
TICLABELFONTNAME Arial
TICLABELFONTSIZE 10
TICLABELFONTSTYLE Regular
SYMBOLS 0,0,0,0,0,0,0,0,0,0,0,0,0,0,0,0,0,0,0,0
LINESTYL 1,1,1,1,1,1,2,1,1,1,2,1,1,1,2,1,1,1,2,1
COLORS 8,2,3,7,4,0,6,14,8,9,10,11,12,13,14,6,1,2,0,4
LOG_ENTRY Used Dataset: Plot: Format; Lines without Symbols
EXIT_PARSFILE Plot\Format\PlotFmt_9c0da54c-ef5e-4a28-a4f7-2b9b79dcd98d.par

PLOTCHANNELS AVz, Time
WRT_AVZ
PLOTCHANNELS AVz_2, Time
WRT_AVZ_2
YMaxmin Auto
XMaxmin Auto
PTITLE Yaw Rate of Sprung Masses vs. Time
END_ENTITY Plot
LOG_ENTRY Used Dataset: Plot: Setup; { Vehicle Motion } Yaw Rate of Sprung Masses vs. Time
EXIT_PARSFILE Plot\Setup\Plot_310b0189-b08d-49fc-a484-ee359eb89744.par

ENTER_PARSFILE Plot\Setup\Plot_57fbe53b-9356-4cb1-9fd0-29f3e70d3894.par
#FullDataName Plot: Setup`Road Wheel Steer Angle - Front`Steering
ADD_ENTITY Plot
ENTER_PARSFILE Plot\Format\PlotFmt_33e2becb-9fc8-474d-a6bb-685bf100d862.par
#FullDataName Plot: Format`Default Plot Settings`
LEGENDPERCENT 60
TITLEFONTSIZE 10
TITLELOCATION -1
AXES Axes
FRAME Frame
GRID CourseGrid
LEGENDDATA_1 RigidBodyName
TITLEFONTSTYLE Regular
TITLEFONTNAME Arial
LEGENDFONTNAME Arial
LEGENDFONTSIZE 10
LEGENDFONTSTYLE Regular
LABELFONTNAME Arial
LABELFONTSIZE 10
LABELFONTSTYLE Regular
TICLABELFONTNAME Arial
TICLABELFONTSIZE 10
TICLABELFONTSTYLE Regular
SYMBOLS 10,1,2,3,4,5,6,7,8,9,10,4,1,2,3,4,5,6,7,8
LINESTYL 1,1,1,1,1,1,2,1,1,1,2,1,1,1,2,1,1,1,2,1
COLORS 8,2,3,11,4,0,6,14,8,7,10,8,12,13,14,6,1,2,0,4
LOG_ENTRY Used Dataset: Plot: Format; Default Plot Settings
EXIT_PARSFILE Plot\Format\PlotFmt_33e2becb-9fc8-474d-a6bb-685bf100d862.par

PLOTCHANNELS Steer_L1, Time
WRT_STEER_L1
PLOTCHANNELS Steer_R1, Time
WRT_STEER_R1
YMaxmin Auto
XMaxmin Auto
PTITLE Road Wheel Steer Angle - Front
END_ENTITY Plot
LOG_ENTRY Used Dataset: Plot: Setup; { Steering } Road Wheel Steer Angle - Front
EXIT_PARSFILE Plot\Setup\Plot_57fbe53b-9356-4cb1-9fd0-29f3e70d3894.par

LOG_ENTRY Used Dataset: Procedures; { Driver Controls } On-Center Steer Test
EXIT_PARSFILE Procedures\Proc_07d9a19f-3ef9-44ff-9e52-f41142cc19c3.par

WRITE_SENSOR_DETECT
Title VSA: On-Center Steer Test, D-Class <Suspension and Ride Tests>
CATEGORY Suspension and Ride Tests
DATASET_TITLE VSA: On-Center Steer Test, D-Class
NUM_CACHED_RUNS 1
LOG_ENTRY Used Dataset: CarSim Run Control; { Suspension and Ride Tests } VSA: On-Center Steer Test, D-Class
EXIT_PARSFILE Runs\Run_4fe2be12-8bd5-45bf-b7a2-b15ad09c505f.par



END
