PARSFILE

! EXPANDED_PARSFILE for Math models and animator

! This is an expansion of the Parsfile: "Runs\Run_3639cf32-b3c2-4649-b242-2925f7744db6.par"
! It contains the contents of that file plus the contents of any files linked
! with the "PARSFILE" keyword.

! File created by CarSim 2024.1

PRODUCT_NAME CarSim
MODEL_LAYOUT v_i

tstep 0.0005
iprint 50

ENTER_PARSFILE Runs\Run_3639cf32-b3c2-4649-b242-2925f7744db6.par
#FullDataName CarSim Run Control`Virtual Steer Axis - Baseline`Steering System Model Options
*VEHICLE_CODE v_i
OPT_ALL_WRITE 0
IOBJECT 0
IUNIT 0
IVEHICLE 0
OPT_INT_METHOD 0
OPT_VS_FILETYPE 2
ENTER_PARSFILE Animator\Cameras\Camera_a9a29c8e-4050-45dd-a1b0-68322cea8073.par
#FullDataName Animator: Camera Setup`150 Azm, 10 El, 6.25 m`Vehicle Reference
SET_CAMERA_REFERENCE_FRAME Frame_4784094f-08e1-404b-b742-340ae23fcffa
ENTER_PARSFILE Animator\Frames\Frame_4784094f-08e1-404b-b742-340ae23fcffa.par
#FullDataName Animator: Reference Frame`Vehicle X-Y-Z-Yaw`Tracking: Vehicle
ADD_REFERENCE_FRAME Frame_4784094f-08e1-404b-b742-340ae23fcffa
SET_EULER_ANGLES yaw_pitch_roll
SET_X_NAME Xo
SET_Y_NAME Yo
SET_Z_NAME Zo
SET_YAW_NAME yaw
WRT_Xo
ANI_Xo
WRT_Yo
ANI_Yo
WRT_Zo
ANI_Zo
WRT_yaw
ANI_yaw
LOG_ENTRY Used Dataset: Animator: Reference Frame; { Tracking: Vehicle } Vehicle X-Y-Z-Yaw
EXIT_PARSFILE Animator\Frames\Frame_4784094f-08e1-404b-b742-340ae23fcffa.par

SET_LOOKPOINT_REFERENCE_FRAME Frame_4784094f-08e1-404b-b742-340ae23fcffa
SET_LOOKPOINT_X -1
SET_LOOKPOINT_Y 0.5
SET_LOOKPOINT_Z 1.35
SET_AZIMUTH 150
SET_ELEVATION 10
SET_DISTANCE 6.25
SET_CAMERAMAN_NAME External camera
FOG_SCALE 0
SET_FIELD_OF_VIEW 85
LOG_ENTRY Used Dataset: Animator: Camera Setup; { Vehicle Reference } 150 Azm, 10 El, 6.25 m
EXIT_PARSFILE Animator\Cameras\Camera_a9a29c8e-4050-45dd-a1b0-68322cea8073.par

ANI_T_STAMP
TIME_CHANNEL T_STAMP
RT_WINDOW_CLOSE on
LIVE_SERVER_MAX_CONNECTIONS 1
ENTER_PARSFILE Vehicles\Assembly\Vehicle_f6cd03e4-224b-4450-b9bc-b41125043a64.par
#FullDataName Vehicle: Assembly`B-Class, Sports Car (VSA)`B-Class
IUNIT_INCREMENT
IUNIT 1
IVEHICLE = IVEHICLE + 1
NAXLES 2
IOBJECT_SAVE
INSTALL_SPEED_CONTROLLER
ENTER_PARSFILE Steering\System3\StrSys3_471f59d3-210b-488c-8991-8fcae5ebd02f.par
#FullDataName Steering: Virtual Steering Axis`B-Class, Sports Car (VSA)`B-Class
INSTALL_STEERING
I_COL 0.02
I_GEAR_IN 0.0002
D_COL 0.0025
HYS_COL 0.2
BETA_COL 0.1
A_STR_STOP_L -30
A_STR_STOP_R 30
K_STR_STOP_L 1100
K_STR_STOP_R 1100
IAXLE 1
OPT_POWER 1
OPT_STEER_EXT 0
SET_UNITS_TABLE_ROW RACK_TRAVEL_TABLE rev
RACK_TRAVEL_COEFFICIENT 40
D_RACK 20.4
HYS_RACK 280
BETA_RACK 0.1
M_TBAR_COEFFICIENT 2.2
ENTER_PARSFILE Steering\Str_FBoost\FBoost_aa1bc3f4-ed3d-430b-b369-405e466e41a7.par
#FullDataName Steering: Power Assist Force`B-Class Sports Car, Not Spd Sens`B-Class
F_BOOST_R_COMBINE ADD
F_BOOST_R_TABLE SPLINE
-8.1, -2232.1
-7.965, -2176.4
-7.83, -2120.6
-7.695, -2064.8
-7.56, -2008.9
-7.425, -1953.1
-7.29, -1897.4
-7.155, -1841.6
-7.02, -1785.8
-6.885, -1729.9
-6.75, -1674.1
-6.615, -1618.4
-6.48, -1562.6
-6.345, -1506.8
-6.21, -1450.9
-6.075, -1395.2
-5.94, -1339.3
-5.805, -1283.5
-5.67, -1227.7
-5.13, -1043.6
-4.995, -1007.2
-4.86, -971.03
-4.725, -934.72
-4.59, -898.43
-4.455, -862.2
-4.32, -825.9
-4.185, -789.6
-4.05, -753.38
-3.915, -717.09
-3.78, -680.81
-3.645, -644.54
-3.51, -608.27
-3.375, -572
-3.24, -535.72
-3.105, -499.45
-2.97, -463.18
-2.835, -426.91
-2.7, -390.63
-2.565, -354.36
-2.43, -318.09
-2.295, -281.81
-2.16, -245.54
-2.025, -209.26
-1.89, -173
-1.755, -136.73
-1.62, -100.45
-1.08, -22.322
-0.945, -19.532
-0.81, -16.741
-0.675, -13.951
-0.54, -11.161
-0.405, -8.3707
-0.27, -5.5804
-0.135, -2.7902
0, 0
0.135, 2.7902
0.27, 5.5804
0.405, 8.3707
0.54, 11.161
0.675, 13.951
0.81, 16.741
0.945, 19.532
1.08, 22.322
1.62, 100.45
1.755, 136.73
1.89, 173
2.025, 209.26
2.16, 245.54
2.295, 281.81
2.43, 318.09
2.565, 354.36
2.7, 390.63
2.835, 426.91
2.97, 463.18
3.105, 499.45
3.24, 535.72
3.375, 572
3.51, 608.27
3.645, 644.54
3.78, 680.81
3.915, 717.09
4.05, 753.38
4.185, 789.6
4.32, 825.9
4.455, 862.2
4.59, 898.43
4.725, 934.72
4.86, 971.03
4.995, 1007.2
5.13, 1043.6
5.67, 1227.7
5.805, 1283.5
5.94, 1339.3
6.075, 1395.2
6.21, 1450.9
6.345, 1506.8
6.48, 1562.6
6.615, 1618.4
6.75, 1674.1
6.885, 1729.9
7.02, 1785.8
7.155, 1841.6
7.29, 1897.4
7.425, 1953.1
7.56, 2008.9
7.695, 2064.8
7.83, 2120.6
7.965, 2176.4
8.1, 2232.1
ENDTABLE
F_BOOST_R_V_CONSTANT 0
TC_BOOST 0.02
F_BOOST_MAX 3000
LOG_ENTRY Used Dataset: Steering: Power Assist Force; { B-Class } B-Class Sports Car, Not Spd Sens
EXIT_PARSFILE Steering\Str_FBoost\FBoost_aa1bc3f4-ed3d-430b-b369-405e466e41a7.par

ENTER_PARSFILE Steering\Compliance\StrCmp_f4b80ad1-ab8e-40f7-b49d-a44d1e763264.par
#FullDataName Steering System: Compliance`B-Class, Sports Car (VSA)`Linear
STEER_COMP_COEFFICIENT 1.2e-3
LOG_ENTRY Used Dataset: Steering System: Compliance; { Linear } B-Class, Sports Car (VSA)
EXIT_PARSFILE Steering\Compliance\StrCmp_f4b80ad1-ab8e-40f7-b49d-a44d1e763264.par

ENTER_PARSFILE Steering\Str_Park_Trq2\TqPark2_d9d90453-c5af-4b7c-b4fb-a11a8bd332d9.par
#FullDataName Steering: Parking Torque for 2 Wheels`B-Class Sports Car`B-Class
iside 2
A_MZ_BETA 5
MZ_PARKING_STEER_TABLE LINEAR_FLAT
0, 65
0.1, 58.662
0.2, 52.65
0.3, 46.962
0.4, 41.6
0.5, 36.562
0.6, 31.85
0.7, 27.462
0.8, 23.4
0.9, 19.662
1, 16.25
1.1, 13.162
1.2, 10.4
1.3, 7.9625
1.4, 5.85
1.5, 4.0625
1.6, 2.6
1.7, 1.4625
1.8, 0.65
1.9, 0.1625
2, 0
ENDTABLE
iside 1
A_MZ_BETA 5
MZ_PARKING_STEER_TABLE LINEAR_FLAT
0, 65
0.1, 58.662
0.2, 52.65
0.3, 46.962
0.4, 41.6
0.5, 36.562
0.6, 31.85
0.7, 27.462
0.8, 23.4
0.9, 19.662
1, 16.25
1.1, 13.162
1.2, 10.4
1.3, 7.9625
1.4, 5.85
1.5, 4.0625
1.6, 2.6
1.7, 1.4625
1.8, 0.65
1.9, 0.1625
2, 0
ENDTABLE
LOG_ENTRY Used Dataset: Steering: Parking Torque for 2 Wheels; { B-Class } B-Class Sports Car
EXIT_PARSFILE Steering\Str_Park_Trq2\TqPark2_d9d90453-c5af-4b7c-b4fb-a11a8bd332d9.par

IAXLE 2
OPT_STEER_EXT 1
LOG_ENTRY Used Dataset: Steering: Virtual Steering Axis; { B-Class } B-Class, Sports Car (VSA)
EXIT_PARSFILE Steering\System3\StrSys3_471f59d3-210b-488c-8991-8fcae5ebd02f.par

iaxle 1
ENTER_PARSFILE Suspensions\Kin_Vir\KinVir_4abb33cc-cfd0-439d-9a69-f227f12b5d37.par
#FullDataName Suspension: Virtual Steering Axis System Kinematics`B-Class, Sports Car (VSA) - Front`B-Class
OPT_JNC_DESIGN 1
L_TRACK 1440
Y_CL_SUSP 0
ISIDE 1
M_US_STR 27.3
IW 0.08
IW_XXZZ 0.04
JNC_DESIGN 0
ENTER_PARSFILE Suspensions\Dive_Vir\DiveVir_0557c5b1-9426-4eeb-99f7-cb52e5923b2d.par
#FullDataName Suspension: Dive Angle (Virtual Steering Axis)`B-Class, Sports Car - Front Left`B-Class
DIVE_VIR_CARPET 2D_SPLINE
0, -50, -40, -30, -20, -10, 0, 10, 20, 30, 40, 50
-70, 10.56535029, 8.802157124, 7.037576559, 5.272676975, 3.510787078, 1.757030314, 0.018193897, -1.69714894, -3.378244835, -5.011381861, -6.578467122
-56, 10.47025681, 8.656240365, 6.841702571, 5.027948184, 3.218477066, 1.418541862, -0.36497609, -2.123443216, -3.846078283, -5.519167326, -7.124620118
-42, 10.34738156, 8.485806995, 6.624496111, 4.765020536, 2.911069577, 1.068033782, -0.757110632, -2.555676169, -4.316867375, -6.026990349, -7.667991276
-28, 10.19590779, 8.290003314, 6.385084221, 4.483013371, 2.587683636, 0.704629174, -1.159080333, -2.994711304, -4.791468344, -6.535699379, -8.209419146
-14, 10.01492175, 8.067891171, 6.122521251, 4.180984516, 2.24738739, 0.327410313, -1.571787195, -3.441434781, -5.270752056, -7.046150215, -8.749743069
0, 9.803399544, 7.818435102, 5.835776156, 3.857917651, 1.889185467, -0.064594046, -1.996177408, -3.896768307, -5.755616982, -7.55921903, -9.289816208
14, 9.560193108, 7.54048859, 5.523718966, 3.51270891, 1.512005642, -0.472421999, -2.433254709, -4.361682531, -6.247002639, -8.07581581, -9.830518932
28, 9.284014787, 7.232778987, 5.185105988, 3.144152283, 1.114684362, -0.897192898, -2.884094753, -4.837211409, -6.745903919, -8.596898643, -10.372773
42, 8.973420023, 6.893890624, 4.818563268, 2.750923344, 0.695950669, -1.340123288, -3.349860958, -5.324467968, -7.253386791, -9.123489313, -10.91755703
56, 8.626787639, 6.522245595, 4.422567804, 2.331560814, 0.254408031, -1.802544884, -3.831822326, -5.824661999, -7.770605856, -9.656690703, -11.46592363
70, 8.242297112, 6.116081637, 3.995425943, 1.884445379, -0.211486502, -2.285925135, -4.331373787, -6.339120206, -8.298824306, -10.19770653, -12.01901892
ENDTABLE
LOG_ENTRY Used Dataset: Suspension: Dive Angle (Virtual Steering Axis); { B-Class } B-Class, Sports Car - Front Left
EXIT_PARSFILE Suspensions\Dive_Vir\DiveVir_0557c5b1-9426-4eeb-99f7-cb52e5923b2d.par

ENTER_PARSFILE Suspensions\Longitudinal_Vir\LongVir_f12d28f6-5df4-49b0-a519-86b6875d74bc.par
#FullDataName Suspension: Longitudinal Movement (Virtual Steering Axis)`B-Class, Sports Car - Front Left`B-Class
X_VIR_CARPET 2D_SPLINE
0, -50, -40, -30, -20, -10, 0, 10, 20, 30, 40, 50
-70, -19.83081089, -17.39413348, -14.92891577, -12.44079231, -9.935634766, -7.419727177, -4.900002072, -2.384363195, 0.117852873, 2.595181032, 5.032917762
-56, -17.80983793, -15.34729844, -12.86060866, -10.35510212, -7.836460494, -5.310857582, -2.785180593, -0.267349735, 2.23321236, 4.704862802, 7.132582411
-42, -15.8314837, -13.34679749, -10.84219521, -8.322749792, -5.793976033, -3.261950366, -0.733521073, 1.783373452, 4.279226627, 6.742223639, 9.157039985
-28, -13.89220045, -11.38906207, -8.87009001, -6.340134514, -3.804565324, -1.269373846, 1.258624478, 3.771471507, 6.259578951, 8.710966134, 11.11001398
-14, -11.98857594, -9.470663677, -6.940853385, -4.403807692, -1.864771806, 0.670336278, 3.19472824, 5.700424836, 8.177758444, 10.61458876, 12.99501324
0, -10.11728901, -7.588269813, -5.051147419, -2.510429064, 0.028745551, 2.56052101, 5.078130821, 7.573573517, 10.03710467, 12.45643072, 14.81537697
14, -8.275067339, -5.738601886, -3.19769394, -0.656724619, 1.879254406, 4.404440314, 6.912083623, 9.394159776, 11.8408502, 14.23971453, 16.57431746
28, -6.458645767, -3.918393529, -1.37723272, 1.160555325, 3.68999109, 6.20531527, 8.699791079, 11.16537028, 13.59216294, 15.9675884, 18.27496226
42, -4.664723504, -2.124347503, 0.413521913, 2.944679775, 5.464204481, 7.966372103, 10.44445478, 12.8903803, 15.29419023, 17.64317013, 19.92039803
56, -2.889918148, -0.353089028, 2.177928337, 4.698984807, 7.205204115, 9.69089056, 12.14932201, 14.57240223, 16.95010733, 19.26959547, 21.51371841
70, -1.13071373, 1.398887412, 3.919471866, 6.426928627, 8.916415882, 11.38226004, 13.8177421, 16.21474213, 18.5631738, 20.85007415, 23.05807964
ENDTABLE
LOG_ENTRY Used Dataset: Suspension: Longitudinal Movement (Virtual Steering Axis); { B-Class } B-Class, Sports Car - Front Left
EXIT_PARSFILE Suspensions\Longitudinal_Vir\LongVir_f12d28f6-5df4-49b0-a519-86b6875d74bc.par

ENTER_PARSFILE Suspensions\Camber_Vir\CamVir_ca550c8d-7ad0-47f6-b481-4522be37e176.par
#FullDataName Suspension: Camber Angle (Virtual Steering Axis)`B-Class, Sports Car - Front Left`B-Class
CAMBER_VIR_CARPET 2D_SPLINE
0, -50, -40, -30, -20, -10, 0, 10, 20, 30, 40, 50
-70, 0.923801139, 0.543484381, 0.354123517, 0.348897939, 0.52623425, 0.888474319, 1.441339848, 2.193920679, 3.159120373, 4.354636209, 5.804723249
-56, 0.356296213, -0.013243849, -0.188514428, -0.17606639, 0.022688477, 0.410230262, 0.992447623, 1.778672034, 2.782178648, 4.021246941, 5.521056616
-42, -0.194185691, -0.550681063, -0.71008563, -0.678620602, -0.457499986, -0.044086311, 0.567682344, 1.387374704, 2.428623054, 3.710263637, 5.258361748
-28, -0.727255323, -1.06846892, -1.210239932, -1.158409493, -0.913962853, -0.474088808, 0.167452709, 1.02046274, 2.098916184, 3.422180722, 5.017167906
-14, -1.242344442, -1.566069157, -1.688447437, -1.614898902, -1.346154047, -0.879214288, -0.207657829, 0.678543331, 1.793692336, 3.157663365, 4.798175097
0, -1.738702371, -2.04275938, -2.143993668, -2.047370315, -1.753343775, -1.258716981, -0.556883998, 0.362404527, 1.513765968, 2.917556785, 4.602264362
14, -2.215388877, -2.497625336, -2.575971297, -2.454912078, -2.134609236, -1.611658464, -0.879268287, 0.073026326, 1.260143574, 2.702899047, 4.430511673
28, -2.671263421, -2.929549618, -2.983268346, -2.836407123, -2.488821838, -1.936894331, -1.173646988, -0.188404628, 1.034039248, 2.514937679, 4.284205849
42, -3.104970618, -3.337196647, -3.364552694, -3.190516973, -2.814630681, -2.233057066, -1.438632368, -0.420476386, 0.83689436, 2.355150589, 4.164871024
56, -3.514921715, -3.718993668, -3.718252564, -3.515661698, -3.110441906, -2.498534714, -1.67259052, -0.621528551, 0.670401914, 2.225271951, 4.074294474
70, -3.899271711, -4.073107369, -4.042532584, -3.809995354, -3.374393428, -2.731444764, -1.873614247, -0.789623934, 0.536536416, 2.127323991, 4.014560886
ENDTABLE
LOG_ENTRY Used Dataset: Suspension: Camber Angle (Virtual Steering Axis); { B-Class } B-Class, Sports Car - Front Left
EXIT_PARSFILE Suspensions\Camber_Vir\CamVir_ca550c8d-7ad0-47f6-b481-4522be37e176.par

ENTER_PARSFILE Suspensions\Lateral_Vir\LatVir_af755da5-0309-4d0b-9081-62643923de1a.par
#FullDataName Suspension: Lateral Movement (Virtual Steering Axis)`B-Class, Sports Car - Front Left`B-Class
LAT_VIR_CARPET 2D_SPLINE
0, -50, -40, -30, -20, -10, 0, 10, 20, 30, 40, 50
-70, 18.01929775, 14.9105584, 12.11480265, 9.603082407, 7.359610998, 5.37802895, 3.659679693, 2.213131104, 1.054702868, 0.210097808, -0.282388463
-56, 15.66799766, 12.59733495, 9.836894056, 7.359143254, 5.14908978, 3.200839527, 1.516022832, 0.103404573, -1.020523544, -1.82984642, -2.285924629
-42, 13.7615361, 10.7300928, 8.005890496, 5.562826951, 3.38672002, 1.472154314, -0.178944989, -1.557614631, -2.647197782, -3.421585653, -3.841832085
-28, 12.29022386, 9.299122392, 6.612097426, 4.204477916, 2.062902426, 0.182443755, -1.434672323, -2.779283781, -3.834575599, -4.574262978, -4.959128168
-14, 11.2457758, 8.296135923, 5.647254767, 3.275884637, 1.169489177, -0.676364544, -2.25914628, -3.56949567, -4.590446349, -5.295554211, -5.645363033
0, 10.6211733, 7.7141295, 5.104399445, 2.770142949, 0.699648192, -1.111020336, -2.659025668, -3.934810181, -4.921262814, -5.591795766, -5.906745299
14, 10.41055052, 7.547269491, 4.977752329, 2.681543888, 0.647752139, -1.1270604, -2.639749165, -3.880560813, -4.832245898, -5.468087308, -5.748242406
28, 10.60910055, 7.790799042, 5.262625628, 3.005482256, 1.009288353, -0.728897106, -2.205622218, -3.41093977, -4.327467729, -4.928372648, -5.173659006
42, 11.21299827, 8.440961761, 5.955347782, 3.738382961, 1.780786804, 0.080111326, -1.359885401, -2.529064244, -3.409915691, -3.975501278, -4.185695665
56, 12.2193376, 9.494940227, 7.053203579, 4.877642953, 2.959764013, 1.297606863, -0.104766108, -1.237025689, -2.081539053, -2.611272065, -2.785989207
70, 13.62608132, 10.95080756, 8.554387826, 6.421587202, 4.544681486, 2.922192676, 1.558485211, 0.464076898, -0.343279037, -0.836459731, -0.975135066
ENDTABLE
LOG_ENTRY Used Dataset: Suspension: Lateral Movement (Virtual Steering Axis); { B-Class } B-Class, Sports Car - Front Left
EXIT_PARSFILE Suspensions\Lateral_Vir\LatVir_af755da5-0309-4d0b-9081-62643923de1a.par

ENTER_PARSFILE Suspensions\Steer_Vir\StrVir_d333f27b-ec3b-475f-8db3-4cc333e04461.par
#FullDataName Suspension: Steer Angle (Virtual Steering Axis)`B-Class, Sports Car - Front Left`B-Class
STEER_VIR_CARPET 2D_SPLINE
0, -50, -40, -30, -20, -10, 0, 10, 20, 30, 40, 50
-70, -24.47958319, -19.38071023, -14.47771761, -9.702370355, -5.002557256, -0.334825204, 4.340505446, 9.063192219, 13.87683789, 18.83343796, 23.99990142
-56, -24.26694727, -19.22209207, -14.36347202, -9.626450171, -4.961256907, -0.326073806, 4.31758068, 9.008565899, 13.78982558, 18.71293318, 23.844683
-42, -24.03503607, -19.04652829, -14.23469728, -9.538463942, -4.910397891, -0.310327683, 4.299009923, 8.955547911, 13.70153057, 18.58804789, 23.68168068
-28, -23.78585943, -18.8558377, -14.09308458, -9.440016205, -4.851523383, -0.289082348, 4.283340916, 8.902732999, 13.6106062, 18.45751399, 23.50973454
-14, -23.52128953, -18.65174181, -13.94025847, -9.332669707, -4.786156075, -0.263831861, 4.269105274, 8.848683029, 13.51565653, 18.31999751, 23.32760191
0, -23.24310773, -18.43590713, -13.77781575, -9.217981748, -4.715832297, -0.236100904, 4.254788379, 8.791898852, 13.41521019, 18.17407482, 23.13393593
14, -22.95304988, -18.20998657, -13.60736426, -9.09754079, -4.642136781, -0.207477855, 4.238797937, 8.73079053, 13.30769244, 18.01820645, 22.92726164
28, -22.65285201, -17.97566193, -13.43056306, -8.973004831, -4.566739477, -0.179650166, 4.219430018, 8.663644821, 13.19139413, 17.85070792, 22.70594877
42, -22.34429834, -17.73468911, -13.24916564, -8.846143099, -4.491435901, -0.154443442, 4.194831236, 8.588588685, 13.06443674, 17.66971633, 22.46818032
56, -22.02927366, -17.48894806, -13.06506818, -8.718882864, -4.418192705, -0.133865827, 4.162955566, 8.503547386, 12.92473186, 17.47315161, 22.21191591
70, -21.70982256, -17.2404998, -12.8803649, -8.593363508, -4.349200524, -0.120159644, 4.121513965, 8.406195485, 12.76993378, 17.25867099, 21.93484864
ENDTABLE
LOG_ENTRY Used Dataset: Suspension: Steer Angle (Virtual Steering Axis); { B-Class } B-Class, Sports Car - Front Left
EXIT_PARSFILE Suspensions\Steer_Vir\StrVir_d333f27b-ec3b-475f-8db3-4cc333e04461.par

CAMBER_VIR_OFFSET(1,1) 0
STEER_VIR_OFFSET(1,1) 0*-1
ISIDE 2
M_US_STR 27.3
IW 0.08
IW_XXZZ 0.04
JNC_DESIGN 0
ENTER_PARSFILE Suspensions\Dive_Vir\DiveVir_535fb1b6-214d-4477-ad0a-637d72aa5a03.par
#FullDataName Suspension: Dive Angle (Virtual Steering Axis)`B-Class, Sports Car - Front Right`B-Class
DIVE_VIR_CARPET 2D_SPLINE
0, -50, -40, -30, -20, -10, 0, 10, 20, 30, 40, 50
-70, -6.57846697, -5.01138177, -3.378244786, -1.697148919, 0.018193902, 1.757030314, 3.510787083, 5.272676996, 7.037576606, 8.802157212, 10.56535043
-56, -7.124619931, -5.519167214, -3.846078223, -2.12344319, -0.364976083, 1.418541862, 3.218477072, 5.027948209, 6.841702629, 8.656240471, 10.47025699
-42, -7.667991055, -6.026990216, -4.316867304, -2.555676139, -0.757110625, 1.068033782, 2.911069584, 4.765020565, 6.624496178, 8.485807118, 10.34738176
-28, -8.209418893, -6.535699228, -4.791468264, -2.99471127, -1.159080324, 0.704629174, 2.587683644, 4.483013404, 6.385084296, 8.290003451, 10.19590802
-14, -8.749742786, -7.046150047, -5.270751966, -3.441434743, -1.571787185, 0.327410313, 2.247387399, 4.180984552, 6.122521333, 8.067891319, 10.01492199
0, -9.289815899, -7.559218847, -5.755616885, -3.896768265, -1.996177398, -0.064594046, 1.889185476, 3.857917689, 5.835776243, 7.818435259, 9.803399797
14, -9.830518599, -8.075815613, -6.247002535, -4.361682487, -2.433254698, -0.472421999, 1.512005652, 3.512708951, 5.523719057, 7.540488754, 9.560193372
28, -10.37277265, -8.596898433, -6.745903808, -4.837211362, -2.884094742, -0.897192898, 1.114684372, 3.144152326, 5.185106084, 7.232779159, 9.284015062
42, -10.91755665, -9.12348909, -7.253386673, -5.324467918, -3.349860946, -1.340123288, 0.69595068, 2.750923389, 4.818563369, 6.893890804, 8.973420314
56, -11.46592323, -9.656690464, -7.77060573, -5.824661945, -3.831822313, -1.802544884, 0.254408043, 2.331560862, 4.422567912, 6.522245789, 8.626787953
70, -12.01901848, -10.19770627, -8.298824171, -6.339120149, -4.331373773, -2.285925135, -0.211486489, 1.884445431, 3.995426061, 6.116081851, 8.242297465
ENDTABLE
LOG_ENTRY Used Dataset: Suspension: Dive Angle (Virtual Steering Axis); { B-Class } B-Class, Sports Car - Front Right
EXIT_PARSFILE Suspensions\Dive_Vir\DiveVir_535fb1b6-214d-4477-ad0a-637d72aa5a03.par

ENTER_PARSFILE Suspensions\Longitudinal_Vir\LongVir_493ccc46-48b0-4895-9923-dac246ec8762.par
#FullDataName Suspension: Longitudinal Movement (Virtual Steering Axis)`B-Class, Sports Car - Front Right`B-Class
X_VIR_CARPET 2D_SPLINE
0, -50, -40, -30, -20, -10, 0, 10, 20, 30, 40, 50
-70, 5.032917047, 2.59518062, 0.117852658, -2.384363286, -4.900002094, -7.419727177, -9.935634788, -12.4407924, -14.92891598, -17.39413389, -19.8308116
-56, 7.132581479, 4.704862264, 2.23321208, -0.267349853, -2.785180622, -5.310857582, -7.836460522, -10.35510223, -12.86060894, -15.34729897, -17.80983885
-42, 9.157038814, 6.742222964, 4.279226275, 1.783373303, -0.73352111, -3.261950366, -5.79397607, -8.322749941, -10.84219556, -13.34679816, -15.83148487
-28, 11.11001255, 8.710965311, 6.259578521, 3.771471325, 1.258624434, -1.269373846, -3.804565368, -6.340134695, -8.870090438, -11.38906289, -13.89220187
-14, 12.99501155, 10.61458779, 8.177757932, 5.700424619, 3.194728187, 0.670336278, -1.864771859, -4.403807908, -6.940853894, -9.470664648, -11.98857762
0, 14.815375, 12.45642958, 10.03710407, 7.573573264, 5.07813076, 2.56052101, 0.02874549, -2.510429316, -5.051148012, -7.588270944, -10.11729096
14, 16.57431519, 14.23971323, 11.84084951, 9.394159486, 6.912083552, 4.404440314, 1.879254335, -0.656724908, -3.19769462, -5.738603182, -8.275069575
28, 18.27495971, 15.96758692, 13.59216216, 11.16536995, 8.699790999, 6.20531527, 3.689991011, 1.160554999, -1.377233488, -3.918394992, -6.458648288
42, 19.92039519, 17.64316848, 15.29418936, 12.89037993, 10.44445469, 7.966372103, 5.464204392, 2.944679411, 0.413521056, -2.124349133, -4.66472631
56, 21.51371528, 19.26959365, 16.95010638, 14.57240183, 12.14932191, 9.69089056, 7.205204017, 4.698984404, 2.177927391, -0.353090826, -2.889921238
70, 23.05807624, 20.85007217, 18.56317276, 16.21474169, 13.81774199, 11.38226004, 8.916415775, 6.426928186, 3.919470832, 1.398885448, -1.130717104
ENDTABLE
LOG_ENTRY Used Dataset: Suspension: Longitudinal Movement (Virtual Steering Axis); { B-Class } B-Class, Sports Car - Front Right
EXIT_PARSFILE Suspensions\Longitudinal_Vir\LongVir_493ccc46-48b0-4895-9923-dac246ec8762.par

ENTER_PARSFILE Suspensions\Camber_Vir\CamVir_04a7617e-d9fb-4c6a-b049-7f4d0655963f.par
#FullDataName Suspension: Camber Angle (Virtual Steering Axis)`B-Class, Sports Car - Front Right`B-Class
CAMBER_VIR_CARPET 2D_SPLINE
0, -50, -40, -30, -20, -10, 0, 10, 20, 30, 40, 50
-70, 5.804723147, 4.354636162, 3.159120354, 2.193920674, 1.441339847, 0.888474319, 0.526234251, 0.348897943, 0.354123529, 0.543484414, 0.923801212
-56, 5.521056497, 4.021246886, 2.782178627, 1.778672028, 0.992447622, 0.410230262, 0.022688478, -0.176066386, -0.188514411, -0.013243807, 0.356296306
-42, 5.258361618, 3.710263579, 2.428623031, 1.387374698, 0.567682343, -0.044086311, -0.457499986, -0.678620596, -0.710085609, -0.55068101, -0.194185578
-28, 5.01716777, 3.422180662, 2.098916162, 1.020462734, 0.167452708, -0.474088808, -0.913962852, -1.158409485, -1.210239906, -1.068468856, -0.727255188
-14, 4.798174962, 3.157663307, 1.793692315, 0.678543327, -0.20765783, -0.879214288, -1.346154046, -1.614898892, -1.688447404, -1.56606908, -1.242344285
0, 4.602264232, 2.917556731, 1.51376595, 0.362404524, -0.556883998, -1.258716981, -1.753343773, -2.047370302, -2.143993629, -2.042759291, -1.738702191
14, 4.430511554, 2.702899, 1.26014356, 0.073026325, -0.879268287, -1.611658464, -2.134609233, -2.454912063, -2.575971252, -2.497625234, -2.215388675
28, 4.284205743, 2.51493764, 1.03403924, -0.188404627, -1.173646986, -1.936894331, -2.488821835, -2.836407105, -2.983268295, -2.929549503, -2.671263196
42, 4.164870929, 2.355150558, 0.836894356, -0.420476383, -1.438632366, -2.233057066, -2.814630677, -3.190516952, -3.364552636, -3.337196519, -3.104970371
56, 4.074294384, 2.225271925, 0.670401913, -0.621528546, -1.672590517, -2.498534714, -3.110441901, -3.515661675, -3.718252499, -3.718993528, -3.514921446
70, 4.014560789, 2.127323965, 0.536536416, -0.789623928, -1.873614244, -2.731444764, -3.374393423, -3.809995328, -4.042532514, -4.073107219, -3.899271421
ENDTABLE
LOG_ENTRY Used Dataset: Suspension: Camber Angle (Virtual Steering Axis); { B-Class } B-Class, Sports Car - Front Right
EXIT_PARSFILE Suspensions\Camber_Vir\CamVir_04a7617e-d9fb-4c6a-b049-7f4d0655963f.par

ENTER_PARSFILE Suspensions\Lateral_Vir\LatVir_ee8d3153-7527-4f8c-9c23-762e7ebe9b9c.par
#FullDataName Suspension: Lateral Movement (Virtual Steering Axis)`B-Class, Sports Car - Front Right`B-Class
LAT_VIR_CARPET 2D_SPLINE
0, -50, -40, -30, -20, -10, 0, 10, 20, 30, 40, 50
-70, -0.282388223, 0.210097961, 1.054702955, 2.213131144, 3.659679703, 5.37802895, 7.35961101, 9.603082458, 12.11480278, 14.91055866, 18.01929822
-56, -2.285924305, -1.829846216, -1.020523429, 0.103404625, 1.516022845, 3.200839527, 5.149089795, 7.359143319, 9.836894217, 12.59733528, 15.66799824
-42, -3.841831666, -3.421585392, -2.647197636, -1.557614565, -0.178944972, 1.472154314, 3.386720039, 5.562827031, 8.005890692, 10.73009319, 13.7615368
-28, -4.959127648, -4.574262656, -3.83457542, -2.779283702, -1.434672302, 0.182443755, 2.062902448, 4.204478011, 6.612097659, 9.299122852, 12.29022468
-14, -5.645362406, -5.295553827, -4.590446137, -3.569495576, -2.259146256, -0.676364544, 1.169489203, 3.275884747, 5.647255035, 8.296136451, 11.24577674
0, -5.906744566, -5.591795318, -4.921262568, -3.934810072, -2.659025641, -1.111020336, 0.699648221, 2.770143073, 5.104399748, 7.714130093, 10.62117435
14, -5.748241573, -5.468086801, -4.83224562, -3.880560691, -2.639749134, -1.1270604, 0.647752172, 2.681544026, 4.977752664, 7.547270143, 10.41055167
28, -5.173658084, -4.928372088, -4.327467423, -3.410939635, -2.205622184, -0.728897106, 1.009288389, 3.005482407, 5.262625991, 7.790799746, 10.60910179
42, -4.185694674, -3.975500675, -3.409915361, -2.529064098, -1.359885364, 0.080111326, 1.780786842, 3.738383122, 5.955348169, 8.440962508, 11.21299957
56, -2.785988173, -2.611271433, -2.081538706, -1.237025536, -0.10476607, 1.297606863, 2.959764054, 4.877643122, 7.053203983, 9.494941008, 12.21933896
70, -0.975134025, -0.836459088, -0.343278682, 0.464077055, 1.558485251, 2.922192676, 4.544681528, 6.421587376, 8.554388242, 10.95080837, 13.62608271
ENDTABLE
LOG_ENTRY Used Dataset: Suspension: Lateral Movement (Virtual Steering Axis); { B-Class } B-Class, Sports Car - Front Right
EXIT_PARSFILE Suspensions\Lateral_Vir\LatVir_ee8d3153-7527-4f8c-9c23-762e7ebe9b9c.par

ENTER_PARSFILE Suspensions\Steer_Vir\StrVir_65011fea-4d36-4313-b366-1ba92aa9376a.par
#FullDataName Suspension: Steer Angle (Virtual Steering Axis)`B-Class, Sports Car - Front Right`B-Class
STEER_VIR_CARPET 2D_SPLINE
0, -50, -40, -30, -20, -10, 0, 10, 20, 30, 40, 50
-70, -23.9999011, -18.83343778, -13.8768378, -9.06319218, -4.340505436, 0.334825204, 5.002557266, 9.702370393, 14.4777177, 19.3807104, 24.4795835
-56, -23.84468265, -18.71293298, -13.78982547, -9.008565856, -4.31758067, 0.326073806, 4.961256917, 9.626450214, 14.36347212, 19.22209227, 24.26694761
-42, -23.68168031, -18.58804769, -13.70153046, -8.955547866, -4.299009912, 0.310327683, 4.910397902, 9.538463986, 14.23469738, 19.04652849, 24.03503642
-28, -23.50973417, -18.45751378, -13.6106061, -8.902732955, -4.283340905, 0.289082348, 4.851523393, 9.440016248, 14.09308468, 18.85583789, 23.78585976
-14, -23.32760157, -18.31999732, -13.51565643, -8.848682987, -4.269105264, 0.263831861, 4.786156085, 9.332669748, 13.94025856, 18.65174199, 23.52128983
0, -23.13393563, -18.17407465, -13.41521011, -8.791898815, -4.25478837, 0.236100904, 4.715832306, 9.217981783, 13.77781583, 18.43590729, 23.24310798
14, -22.9272614, -18.01820631, -13.30769236, -8.7307905, -4.23879793, 0.207477855, 4.642136788, 9.097540819, 13.60736433, 18.20998669, 22.95305007
28, -22.70594859, -17.85070781, -13.19139408, -8.663644798, -4.219430012, 0.179650166, 4.566739483, 8.973004853, 13.43056311, 17.97566201, 22.65285214
42, -22.4681802, -17.66971626, -13.0644367, -8.588588669, -4.194831232, 0.154443442, 4.491435904, 8.846143113, 13.24916567, 17.73468916, 22.34429843
56, -22.21191584, -17.47315157, -12.92473184, -8.503547376, -4.162955564, 0.133865827, 4.418192707, 8.718882872, 13.06506819, 17.48894809, 22.02927371
70, -21.93484859, -17.25867096, -12.76993377, -8.406195481, -4.121513964, 0.120159644, 4.349200525, 8.593363512, 12.88036491, 17.24049981, 21.7098226
ENDTABLE
LOG_ENTRY Used Dataset: Suspension: Steer Angle (Virtual Steering Axis); { B-Class } B-Class, Sports Car - Front Right
EXIT_PARSFILE Suspensions\Steer_Vir\StrVir_65011fea-4d36-4313-b366-1ba92aa9376a.par

CAMBER_VIR_OFFSET(1,2) 0
STEER_VIR_OFFSET(1,2) 0
LOG_ENTRY Used Dataset: Suspension: Virtual Steering Axis System Kinematics; { B-Class } B-Class, Sports Car (VSA) - Front
EXIT_PARSFILE Suspensions\Kin_Vir\KinVir_4abb33cc-cfd0-439d-9a69-f227f12b5d37.par

ENTER_PARSFILE Suspensions\Compliance_Vir\CmpVir_4c595c29-8deb-420b-9471-da9f70a9bb9d.par
#FullDataName Suspension: Virtual Steering Axis Compliance, Springs, and Dampers`B-Class, Sports Car (VSA) - Front`B-Class
DAUX 0
iside 1
OPT_EXT_SP 0
FS_COMP_COEFFICIENT 50
FS_EXT_COEFFICIENT 50
FS_COMP_OFFSET 10
FS_EXT_OFFSET -10
SPRING_COMP_BETA 1
SPRING_EXT_BETA 1
ENTER_PARSFILE Generic\tables\GenTab_7ebb4649-fbb5-4cb2-80b1-d241a66cdb11.par
#FullDataName Generic Table`Front Left Spring vs Jounce`B-Class, Sports Car (VSA)
CMP_SPR_SEAT_VIR_CARPET 2D_SPLINE
0, -50, -40, -30, -20, -10, 0, 10, 20, 30, 40, 50
-70, -57.93900849, -59.07942759, -60.15881586, -61.1814893, -62.14861762, -63.05899498, -63.90933749, -64.69426781, -65.40602152, -66.03381924, -66.56273528
-56, -45.47129774, -46.64856141, -47.76265378, -48.81772758, -49.81482456, -50.75260624, -51.62762759, -52.43430057, -53.16457403, -53.80726573, -54.3468634
-42, -32.94920286, -34.16163189, -35.3089229, -36.39502662, -37.42083272, -38.38485584, -39.28348302, -40.11091468, -40.85881764, -41.51561753, -42.06523368
-28, -20.36737103, -21.61331367, -22.79231746, -23.9080965, -24.96136624, -25.95048147, -26.87165516, -27.71887584, -28.48353351, -29.15367294, -29.71266425
-14, -7.72069778, -8.998522387, -10.20776586, -11.35187483, -12.43137053, -13.44443607, -14.38710491, -15.2531539, -16.03370189, -16.7164247, -17.28416334
0, 4.995690028, 3.687602446, 2.449586525, 1.278490271, 0.174004638, -0.861871094, -1.824986288, -2.708906806, -3.504486511, -4.19904479, -4.774914696
14, 17.78644171, 16.44970517, 15.18438515, 13.987648, 12.85941288, 11.80187093, 10.8193608, 9.918526295, 9.108771861, 8.403121403, 7.819727775
28, 30.65598065, 29.2922121, 28.00106454, 26.78004308, 25.62930923, 24.5512543, 23.55040807, 22.63362213, 21.81055201, 21.09455112, 20.50423521
42, 43.60849173, 42.2193192, 40.90383605, 39.65990349, 38.48793768, 37.39053733, 36.37242565, 35.44065954, 34.60513781, 33.87952894, 33.28288754
56, 56.64789689, 55.23496789, 53.89666363, 52.63121602, 51.43930646, 50.3237471, 49.28945616, 48.34369272, 47.49659045, 46.76211777, 46.15974318
70, 69.77781667, 68.34280658, 66.98322524, 65.6976873, 64.48714831, 63.35463889, 62.30527302, 61.34650818, 60.4887039, 59.74611261, 59.13859064
ENDTABLE
LOG_ENTRY Used Dataset: Generic Table; { B-Class, Sports Car (VSA) } Front Left Spring vs Jounce
EXIT_PARSFILE Generic\tables\GenTab_7ebb4649-fbb5-4cb2-80b1-d241a66cdb11.par

L_SPG_ADJ 0
FS_OFFSET 0
CMP_OFFSET 0
FD_COEFFICIENT 4.4
ENTER_PARSFILE Generic\tables\GenTab_3d2f5703-050c-490f-adac-b449b17f3d66.par
#FullDataName Generic Table`Front Left Damper vs Jounce`B-Class, Sports Car (VSA)
CMP_DAMP_VIR_CARPET 2D_SPLINE
0, -50, -40, -30, -20, -10, 0, 10, 20, 30, 40, 50
-70, -57.93900849, -59.07942759, -60.15881586, -61.1814893, -62.14861762, -63.05899498, -63.90933749, -64.69426781, -65.40602152, -66.03381924, -66.56273528
-56, -45.47129774, -46.64856141, -47.76265378, -48.81772758, -49.81482456, -50.75260624, -51.62762759, -52.43430057, -53.16457403, -53.80726573, -54.3468634
-42, -32.94920286, -34.16163189, -35.3089229, -36.39502662, -37.42083272, -38.38485584, -39.28348302, -40.11091468, -40.85881764, -41.51561753, -42.06523368
-28, -20.36737103, -21.61331367, -22.79231746, -23.9080965, -24.96136624, -25.95048147, -26.87165516, -27.71887584, -28.48353351, -29.15367294, -29.71266425
-14, -7.72069778, -8.998522387, -10.20776586, -11.35187483, -12.43137053, -13.44443607, -14.38710491, -15.2531539, -16.03370189, -16.7164247, -17.28416334
0, 4.995690028, 3.687602446, 2.449586525, 1.278490271, 0.174004638, -0.861871094, -1.824986288, -2.708906806, -3.504486511, -4.19904479, -4.774914696
14, 17.78644171, 16.44970517, 15.18438515, 13.987648, 12.85941288, 11.80187093, 10.8193608, 9.918526295, 9.108771861, 8.403121403, 7.819727775
28, 30.65598065, 29.2922121, 28.00106454, 26.78004308, 25.62930923, 24.5512543, 23.55040807, 22.63362213, 21.81055201, 21.09455112, 20.50423521
42, 43.60849173, 42.2193192, 40.90383605, 39.65990349, 38.48793768, 37.39053733, 36.37242565, 35.44065954, 34.60513781, 33.87952894, 33.28288754
56, 56.64789689, 55.23496789, 53.89666363, 52.63121602, 51.43930646, 50.3237471, 49.28945616, 48.34369272, 47.49659045, 46.76211777, 46.15974318
70, 69.77781667, 68.34280658, 66.98322524, 65.6976873, 64.48714831, 63.35463889, 62.30527302, 61.34650818, 60.4887039, 59.74611261, 59.13859064
ENDTABLE
LOG_ENTRY Used Dataset: Generic Table; { B-Class, Sports Car (VSA) } Front Left Damper vs Jounce
EXIT_PARSFILE Generic\tables\GenTab_3d2f5703-050c-490f-adac-b449b17f3d66.par

ENTER_PARSFILE Suspensions\Jounce_Rebound\JncReb_2ffa8946-0682-4d5d-98fd-65f848ce56cf.par
#FullDataName Suspension: Jounce and Rebound Stops`+70 mm / -70 mm`Jounce Range: 50 mm to 99 mm
F_JNC_STOP_TABLE LINEAR
68, 0
69, 0
70, 10000
ENDTABLE
F_REB_STOP_TABLE LINEAR
-70, -10000
-69, 0
-68, 0
ENDTABLE
LOG_ENTRY Used Dataset: Suspension: Jounce and Rebound Stops; { Jounce Range: 50 mm to 99 mm } +70 mm / -70 mm
EXIT_PARSFILE Suspensions\Jounce_Rebound\JncReb_2ffa8946-0682-4d5d-98fd-65f848ce56cf.par

ENTER_PARSFILE Generic\tables\GenTab_68ec2d65-94a7-4d6f-a3ff-32f627bd984e.par
#FullDataName Generic Table`Front Left J-Stop vs Jounce`B-Class, Sports Car (VSA)
CMP_JSTOP_VIR_CARPET 2D_SPLINE
0, -50, -40, -30, -20, -10, 0, 10, 20, 30, 40, 50
-70, -57.93900849, -59.07942759, -60.15881586, -61.1814893, -62.14861762, -63.05899498, -63.90933749, -64.69426781, -65.40602152, -66.03381924, -66.56273528
-56, -45.47129774, -46.64856141, -47.76265378, -48.81772758, -49.81482456, -50.75260624, -51.62762759, -52.43430057, -53.16457403, -53.80726573, -54.3468634
-42, -32.94920286, -34.16163189, -35.3089229, -36.39502662, -37.42083272, -38.38485584, -39.28348302, -40.11091468, -40.85881764, -41.51561753, -42.06523368
-28, -20.36737103, -21.61331367, -22.79231746, -23.9080965, -24.96136624, -25.95048147, -26.87165516, -27.71887584, -28.48353351, -29.15367294, -29.71266425
-14, -7.72069778, -8.998522387, -10.20776586, -11.35187483, -12.43137053, -13.44443607, -14.38710491, -15.2531539, -16.03370189, -16.7164247, -17.28416334
0, 4.995690028, 3.687602446, 2.449586525, 1.278490271, 0.174004638, -0.861871094, -1.824986288, -2.708906806, -3.504486511, -4.19904479, -4.774914696
14, 17.78644171, 16.44970517, 15.18438515, 13.987648, 12.85941288, 11.80187093, 10.8193608, 9.918526295, 9.108771861, 8.403121403, 7.819727775
28, 30.65598065, 29.2922121, 28.00106454, 26.78004308, 25.62930923, 24.5512543, 23.55040807, 22.63362213, 21.81055201, 21.09455112, 20.50423521
42, 43.60849173, 42.2193192, 40.90383605, 39.65990349, 38.48793768, 37.39053733, 36.37242565, 35.44065954, 34.60513781, 33.87952894, 33.28288754
56, 56.64789689, 55.23496789, 53.89666363, 52.63121602, 51.43930646, 50.3237471, 49.28945616, 48.34369272, 47.49659045, 46.76211777, 46.15974318
70, 69.77781667, 68.34280658, 66.98322524, 65.6976873, 64.48714831, 63.35463889, 62.30527302, 61.34650818, 60.4887039, 59.74611261, 59.13859064
ENDTABLE
LOG_ENTRY Used Dataset: Generic Table; { B-Class, Sports Car (VSA) } Front Left J-Stop vs Jounce
EXIT_PARSFILE Generic\tables\GenTab_68ec2d65-94a7-4d6f-a3ff-32f627bd984e.par

ENTER_PARSFILE Generic\tables\GenTab_4a5bd138-4c2f-45e3-8a9a-a0eae7a447e2.par
#FullDataName Generic Table`Front Left R-Stop vs Jounce`B-Class, Sports Car (VSA)
CMP_RSTOP_VIR_CARPET 2D_SPLINE
0, -50, -40, -30, -20, -10, 0, 10, 20, 30, 40, 50
-70, -57.93900849, -59.07942759, -60.15881586, -61.1814893, -62.14861762, -63.05899498, -63.90933749, -64.69426781, -65.40602152, -66.03381924, -66.56273528
-56, -45.47129774, -46.64856141, -47.76265378, -48.81772758, -49.81482456, -50.75260624, -51.62762759, -52.43430057, -53.16457403, -53.80726573, -54.3468634
-42, -32.94920286, -34.16163189, -35.3089229, -36.39502662, -37.42083272, -38.38485584, -39.28348302, -40.11091468, -40.85881764, -41.51561753, -42.06523368
-28, -20.36737103, -21.61331367, -22.79231746, -23.9080965, -24.96136624, -25.95048147, -26.87165516, -27.71887584, -28.48353351, -29.15367294, -29.71266425
-14, -7.72069778, -8.998522387, -10.20776586, -11.35187483, -12.43137053, -13.44443607, -14.38710491, -15.2531539, -16.03370189, -16.7164247, -17.28416334
0, 4.995690028, 3.687602446, 2.449586525, 1.278490271, 0.174004638, -0.861871094, -1.824986288, -2.708906806, -3.504486511, -4.19904479, -4.774914696
14, 17.78644171, 16.44970517, 15.18438515, 13.987648, 12.85941288, 11.80187093, 10.8193608, 9.918526295, 9.108771861, 8.403121403, 7.819727775
28, 30.65598065, 29.2922121, 28.00106454, 26.78004308, 25.62930923, 24.5512543, 23.55040807, 22.63362213, 21.81055201, 21.09455112, 20.50423521
42, 43.60849173, 42.2193192, 40.90383605, 39.65990349, 38.48793768, 37.39053733, 36.37242565, 35.44065954, 34.60513781, 33.87952894, 33.28288754
56, 56.64789689, 55.23496789, 53.89666363, 52.63121602, 51.43930646, 50.3237471, 49.28945616, 48.34369272, 47.49659045, 46.76211777, 46.15974318
70, 69.77781667, 68.34280658, 66.98322524, 65.6976873, 64.48714831, 63.35463889, 62.30527302, 61.34650818, 60.4887039, 59.74611261, 59.13859064
ENDTABLE
LOG_ENTRY Used Dataset: Generic Table; { B-Class, Sports Car (VSA) } Front Left R-Stop vs Jounce
EXIT_PARSFILE Generic\tables\GenTab_4a5bd138-4c2f-45e3-8a9a-a0eae7a447e2.par

CT_FX_COEFFICIENT 1.1e-4
CS_FY_COEFFICIENT -5.0e-4
CS_MZ_COEFFICIENT 2.6e-3
CC_FX_COEFFICIENT -1.2e-5
CI_FY_COEFFICIENT 2.3e-4
CI_MZ_COEFFICIENT -8.5e-4
C_LONG_COEFFICIENT 2.8e-3
C_LAT_COEFFICIENT 7.5e-4
CD_MY_COEFFICIENT 8.9e-4
iside 2
OPT_EXT_SP 0
FS_COMP_COEFFICIENT 50
FS_EXT_COEFFICIENT 50
FS_COMP_OFFSET 10
FS_EXT_OFFSET -10
SPRING_COMP_BETA 1
SPRING_EXT_BETA 1
ENTER_PARSFILE Generic\tables\GenTab_f517c4e0-8eda-469d-8b00-e218ffe0543b.par
#FullDataName Generic Table`Front Right Spring vs Jounce`B-Class, Sports Car (VSA)
CMP_SPR_SEAT_VIR_CARPET 2D_SPLINE
0, -50, -40, -30, -20, -10, 0, 10, 20, 30, 40, 50
-70, -66.5627351, -66.03381913, -65.40602146, -64.69426778, -63.90933748, -63.05899498, -62.14861761, -61.18148927, -60.1588158, -59.07942747, -57.93900828
-56, -54.34686315, -53.80726558, -53.16457395, -52.43430054, -51.62762758, -50.75260624, -49.81482455, -48.81772754, -47.7626537, -46.64856125, -45.47129747
-42, -42.06523334, -41.51561733, -40.85881754, -40.11091463, -39.28348301, -38.38485584, -37.42083271, -36.39502658, -35.30892279, -34.16163169, -32.94920251
-28, -29.71266382, -29.1536727, -28.48353338, -27.71887578, -26.87165515, -25.95048147, -24.96136622, -23.90809644, -22.79231733, -21.61331342, -20.36737059
-14, -17.28416282, -16.71642439, -16.03370173, -15.25315384, -14.3871049, -13.44443607, -12.43137052, -11.35187476, -10.2077657, -8.998522081, -7.720697254
0, -4.774914061, -4.199044421, -3.504486316, -2.708906724, -1.824986267, -0.861871094, 0.174004658, 1.278490353, 2.449586717, 3.687602808, 4.995690648
14, 7.819728525, 8.403121839, 9.10877209, 9.918526392, 10.81936082, 11.80187093, 12.8594129, 13.9876481, 15.18438538, 16.44970559, 17.78644243
28, 20.50423608, 21.09455163, 21.81055227, 22.63362224, 23.55040809, 24.5512543, 25.62930925, 26.78004319, 28.0010648, 29.29221258, 30.65598147
42, 33.28288853, 33.87952951, 34.60513811, 35.44065967, 36.37242568, 37.39053733, 38.48793771, 39.65990361, 40.90383633, 42.21931975, 43.60849265
56, 46.15974428, 46.76211841, 47.49659079, 48.34369286, 49.2894562, 50.3237471, 51.4393065, 52.63121616, 53.89666395, 55.2349685, 56.64789791
70, 59.13859184, 59.74611331, 60.48870427, 61.34650834, 62.30527305, 63.35463889, 64.48714835, 65.69768745, 66.9832256, 68.34280724, 69.77781779
ENDTABLE
LOG_ENTRY Used Dataset: Generic Table; { B-Class, Sports Car (VSA) } Front Right Spring vs Jounce
EXIT_PARSFILE Generic\tables\GenTab_f517c4e0-8eda-469d-8b00-e218ffe0543b.par

L_SPG_ADJ 0
FS_OFFSET 0
CMP_OFFSET 0
FD_COEFFICIENT 4.4
ENTER_PARSFILE Generic\tables\GenTab_be7cd4af-0b6d-4920-b611-2f6490c7c93a.par
#FullDataName Generic Table`Front Right Damper vs Jounce`B-Class, Sports Car (VSA)
CMP_DAMP_VIR_CARPET 2D_SPLINE
0, -50, -40, -30, -20, -10, 0, 10, 20, 30, 40, 50
-70, -66.5627351, -66.03381913, -65.40602146, -64.69426778, -63.90933748, -63.05899498, -62.14861761, -61.18148927, -60.1588158, -59.07942747, -57.93900828
-56, -54.34686315, -53.80726558, -53.16457395, -52.43430054, -51.62762758, -50.75260624, -49.81482455, -48.81772754, -47.7626537, -46.64856125, -45.47129747
-42, -42.06523334, -41.51561733, -40.85881754, -40.11091463, -39.28348301, -38.38485584, -37.42083271, -36.39502658, -35.30892279, -34.16163169, -32.94920251
-28, -29.71266382, -29.1536727, -28.48353338, -27.71887578, -26.87165515, -25.95048147, -24.96136622, -23.90809644, -22.79231733, -21.61331342, -20.36737059
-14, -17.28416282, -16.71642439, -16.03370173, -15.25315384, -14.3871049, -13.44443607, -12.43137052, -11.35187476, -10.2077657, -8.998522081, -7.720697254
0, -4.774914061, -4.199044421, -3.504486316, -2.708906724, -1.824986267, -0.861871094, 0.174004658, 1.278490353, 2.449586717, 3.687602808, 4.995690648
14, 7.819728525, 8.403121839, 9.10877209, 9.918526392, 10.81936082, 11.80187093, 12.8594129, 13.9876481, 15.18438538, 16.44970559, 17.78644243
28, 20.50423608, 21.09455163, 21.81055227, 22.63362224, 23.55040809, 24.5512543, 25.62930925, 26.78004319, 28.0010648, 29.29221258, 30.65598147
42, 33.28288853, 33.87952951, 34.60513811, 35.44065967, 36.37242568, 37.39053733, 38.48793771, 39.65990361, 40.90383633, 42.21931975, 43.60849265
56, 46.15974428, 46.76211841, 47.49659079, 48.34369286, 49.2894562, 50.3237471, 51.4393065, 52.63121616, 53.89666395, 55.2349685, 56.64789791
70, 59.13859184, 59.74611331, 60.48870427, 61.34650834, 62.30527305, 63.35463889, 64.48714835, 65.69768745, 66.9832256, 68.34280724, 69.77781779
ENDTABLE
LOG_ENTRY Used Dataset: Generic Table; { B-Class, Sports Car (VSA) } Front Right Damper vs Jounce
EXIT_PARSFILE Generic\tables\GenTab_be7cd4af-0b6d-4920-b611-2f6490c7c93a.par

ENTER_PARSFILE Suspensions\Jounce_Rebound\JncReb_2ffa8946-0682-4d5d-98fd-65f848ce56cf.par
#FullDataName Suspension: Jounce and Rebound Stops`+70 mm / -70 mm`Jounce Range: 50 mm to 99 mm
F_JNC_STOP_TABLE LINEAR
68, 0
69, 0
70, 10000
ENDTABLE
F_REB_STOP_TABLE LINEAR
-70, -10000
-69, 0
-68, 0
ENDTABLE
LOG_ENTRY Used Dataset: Suspension: Jounce and Rebound Stops; { Jounce Range: 50 mm to 99 mm } +70 mm / -70 mm
EXIT_PARSFILE Suspensions\Jounce_Rebound\JncReb_2ffa8946-0682-4d5d-98fd-65f848ce56cf.par

ENTER_PARSFILE Generic\tables\GenTab_6ced1792-2de3-4446-9cb4-0bad3a53eebe.par
#FullDataName Generic Table`Front Right J-Stop vs Jounce`B-Class, Sports Car (VSA)
CMP_JSTOP_VIR_CARPET 2D_SPLINE
0, -50, -40, -30, -20, -10, 0, 10, 20, 30, 40, 50
-70, -66.5627351, -66.03381913, -65.40602146, -64.69426778, -63.90933748, -63.05899498, -62.14861761, -61.18148927, -60.1588158, -59.07942747, -57.93900828
-56, -54.34686315, -53.80726558, -53.16457395, -52.43430054, -51.62762758, -50.75260624, -49.81482455, -48.81772754, -47.7626537, -46.64856125, -45.47129747
-42, -42.06523334, -41.51561733, -40.85881754, -40.11091463, -39.28348301, -38.38485584, -37.42083271, -36.39502658, -35.30892279, -34.16163169, -32.94920251
-28, -29.71266382, -29.1536727, -28.48353338, -27.71887578, -26.87165515, -25.95048147, -24.96136622, -23.90809644, -22.79231733, -21.61331342, -20.36737059
-14, -17.28416282, -16.71642439, -16.03370173, -15.25315384, -14.3871049, -13.44443607, -12.43137052, -11.35187476, -10.2077657, -8.998522081, -7.720697254
0, -4.774914061, -4.199044421, -3.504486316, -2.708906724, -1.824986267, -0.861871094, 0.174004658, 1.278490353, 2.449586717, 3.687602808, 4.995690648
14, 7.819728525, 8.403121839, 9.10877209, 9.918526392, 10.81936082, 11.80187093, 12.8594129, 13.9876481, 15.18438538, 16.44970559, 17.78644243
28, 20.50423608, 21.09455163, 21.81055227, 22.63362224, 23.55040809, 24.5512543, 25.62930925, 26.78004319, 28.0010648, 29.29221258, 30.65598147
42, 33.28288853, 33.87952951, 34.60513811, 35.44065967, 36.37242568, 37.39053733, 38.48793771, 39.65990361, 40.90383633, 42.21931975, 43.60849265
56, 46.15974428, 46.76211841, 47.49659079, 48.34369286, 49.2894562, 50.3237471, 51.4393065, 52.63121616, 53.89666395, 55.2349685, 56.64789791
70, 59.13859184, 59.74611331, 60.48870427, 61.34650834, 62.30527305, 63.35463889, 64.48714835, 65.69768745, 66.9832256, 68.34280724, 69.77781779
ENDTABLE
LOG_ENTRY Used Dataset: Generic Table; { B-Class, Sports Car (VSA) } Front Right J-Stop vs Jounce
EXIT_PARSFILE Generic\tables\GenTab_6ced1792-2de3-4446-9cb4-0bad3a53eebe.par

ENTER_PARSFILE Generic\tables\GenTab_fe89dca1-f10c-4315-a014-163cbcb89a54.par
#FullDataName Generic Table`Front Right R-Stop vs Jounce`B-Class, Sports Car (VSA)
CMP_RSTOP_VIR_CARPET 2D_SPLINE
0, -50, -40, -30, -20, -10, 0, 10, 20, 30, 40, 50
-70, -66.5627351, -66.03381913, -65.40602146, -64.69426778, -63.90933748, -63.05899498, -62.14861761, -61.18148927, -60.1588158, -59.07942747, -57.93900828
-56, -54.34686315, -53.80726558, -53.16457395, -52.43430054, -51.62762758, -50.75260624, -49.81482455, -48.81772754, -47.7626537, -46.64856125, -45.47129747
-42, -42.06523334, -41.51561733, -40.85881754, -40.11091463, -39.28348301, -38.38485584, -37.42083271, -36.39502658, -35.30892279, -34.16163169, -32.94920251
-28, -29.71266382, -29.1536727, -28.48353338, -27.71887578, -26.87165515, -25.95048147, -24.96136622, -23.90809644, -22.79231733, -21.61331342, -20.36737059
-14, -17.28416282, -16.71642439, -16.03370173, -15.25315384, -14.3871049, -13.44443607, -12.43137052, -11.35187476, -10.2077657, -8.998522081, -7.720697254
0, -4.774914061, -4.199044421, -3.504486316, -2.708906724, -1.824986267, -0.861871094, 0.174004658, 1.278490353, 2.449586717, 3.687602808, 4.995690648
14, 7.819728525, 8.403121839, 9.10877209, 9.918526392, 10.81936082, 11.80187093, 12.8594129, 13.9876481, 15.18438538, 16.44970559, 17.78644243
28, 20.50423608, 21.09455163, 21.81055227, 22.63362224, 23.55040809, 24.5512543, 25.62930925, 26.78004319, 28.0010648, 29.29221258, 30.65598147
42, 33.28288853, 33.87952951, 34.60513811, 35.44065967, 36.37242568, 37.39053733, 38.48793771, 39.65990361, 40.90383633, 42.21931975, 43.60849265
56, 46.15974428, 46.76211841, 47.49659079, 48.34369286, 49.2894562, 50.3237471, 51.4393065, 52.63121616, 53.89666395, 55.2349685, 56.64789791
70, 59.13859184, 59.74611331, 60.48870427, 61.34650834, 62.30527305, 63.35463889, 64.48714835, 65.69768745, 66.9832256, 68.34280724, 69.77781779
ENDTABLE
LOG_ENTRY Used Dataset: Generic Table; { B-Class, Sports Car (VSA) } Front Right R-Stop vs Jounce
EXIT_PARSFILE Generic\tables\GenTab_fe89dca1-f10c-4315-a014-163cbcb89a54.par

CT_FX_COEFFICIENT 1.1e-4
CS_FY_COEFFICIENT -5.0e-4
CS_MZ_COEFFICIENT 2.6e-3
CC_FX_COEFFICIENT -1.2e-5
CI_FY_COEFFICIENT 2.3e-4
CI_MZ_COEFFICIENT -8.5e-4
C_LONG_COEFFICIENT 2.8e-3
C_LAT_COEFFICIENT 7.5e-4
CD_MY_COEFFICIENT 8.9e-4
LOG_ENTRY Used Dataset: Suspension: Virtual Steering Axis Compliance, Springs, and Dampers; { B-Class } B-Class, Sports Car (VSA) - Front
EXIT_PARSFILE Suspensions\Compliance_Vir\CmpVir_4c595c29-8deb-420b-9471-da9f70a9bb9d.par

OPT_ALL_FOUR_TIRES_ALIKE 1
itire 1 ! just in case
iside 1
WRITE_ADD_REFERENCE_FRAME_WHEEL
ADD_REFERENCE_FRAME L1 Wheel
SET_EULER_ANGLES YAW_ROLL_PITCH
SET_X_NAME X_L1
WRT_X_L1
ANI_X_L1
SET_Y_NAME Y_L1
WRT_Y_L1
ANI_Y_L1
SET_Z_NAME Z_L1
WRT_Z_L1
ANI_Z_L1
SET_YAW_NAME Yaw_L1
WRT_Yaw_L1
ANI_Yaw_L1
SET_PITCH_NAME Rot_L1
WRT_Rot_L1
ANI_Rot_L1
SET_ROLL_NAME Roll_L1
WRT_Roll_L1
ANI_Roll_L1
SET_SCALE_VAR_PITCH 360
X_REF_LENGTH 1
Y_REF_LENGTH 1
Z_REF_LENGTH 1
X_LENGTH 1
Y_LENGTH 1
Z_LENGTH 1
ENTER_PARSFILE Tires\Tire\Tire_32d50ee3-24f4-467a-9ea6-f7a58460e0cf.par
#FullDataName Tire`185/65 R15`Touring Tires
FZ_REF 5500
X_LENGTH 311
Z_LENGTH 311
Y_LENGTH 185
OPT_TIRE_LAG_KAPPA 2
OPT_TIRE_LAG_ALPHA 1
OPT_TIRE_MODEL 1
ENTER_PARSFILE Animator\STL_Groups\ShpGrp_27c591f4-b392-4dda-bdc3-c1e97b86f0f5.par
#FullDataName Animator: Shape Assembly`205/60 R14`Tires
ENTER_PARSFILE Animator\STL\Shape_b54ddb18-10e4-4787-b570-f358b7c20e39.par
#FullDataName Animator: Shape File Link`205/60 R14: Tire`Common Vehicle Assets: Tires
add_obj Animator\3D_Shape_Files\Common_Vehicle_Assets\Tires\205_60R14\tire.obj
SET_COLOR 1 1 1
set_lighting on
set_fogging on
SET_SPECULAR 0.3 0.3 0.3
vsv_enable_shadows_recursive
LOG_ENTRY Used Dataset: Animator: Shape File Link; { Common Vehicle Assets: Tires } 205/60 R14: Tire
EXIT_PARSFILE Animator\STL\Shape_b54ddb18-10e4-4787-b570-f358b7c20e39.par

ENTER_PARSFILE Animator\STL\Shape_b8cfbea3-cf74-4924-9d45-f9b0374ebc09.par
#FullDataName Animator: Shape File Link`205/60 R14: Wheel`Common Vehicle Assets: Tires
add_obj Animator\3D_Shape_Files\Common_Vehicle_Assets\Tires\205_60R14\wheel.obj
SET_COLOR .62 .62 .62
set_lighting on
set_fogging on
SET_SPECULAR 0.5 0.5 0.5
vsv_enable_shadows_recursive
LOG_ENTRY Used Dataset: Animator: Shape File Link; { Common Vehicle Assets: Tires } 205/60 R14: Wheel
EXIT_PARSFILE Animator\STL\Shape_b8cfbea3-cf74-4924-9d45-f9b0374ebc09.par

ENTER_PARSFILE Animator\STL\Shape_05464ee2-1bc0-4a83-ac1f-07f41e4809be.par
#FullDataName Animator: Shape File Link`205/60 R14: Stripe`Common Vehicle Assets: Tires
add_obj Animator\3D_Shape_Files\Common_Vehicle_Assets\Tires\205_60R14\stripe.obj
SET_COLOR 1 1 1
SET_OFFSET_X 0
SET_OFFSET_Y 0.01
SET_OFFSET_Z 0.01
set_lighting on
set_fogging on
SET_SPECULAR 0 0 0
LOG_ENTRY Used Dataset: Animator: Shape File Link; { Common Vehicle Assets: Tires } 205/60 R14: Stripe
EXIT_PARSFILE Animator\STL\Shape_05464ee2-1bc0-4a83-ac1f-07f41e4809be.par

x_ref_length 301
y_ref_length 205
z_ref_length 301
LOG_ENTRY Used Dataset: Animator: Shape Assembly; { Tires } 205/60 R14
EXIT_PARSFILE Animator\STL_Groups\ShpGrp_27c591f4-b392-4dda-bdc3-c1e97b86f0f5.par

WRITE_WHEEL_OFFSET
SET_OFFSET_Y 0
RRE 298
R0 311
FZ_TIRE_COEFFICIENT 232
FZ_MAX 100000
M_TIRE 18
IT 1
IT_XXZZ 0.6
ENTER_PARSFILE Generic\tables\GenTab_6200ca2d-9af8-4768-9d04-87ea0bd47068.par
#FullDataName Generic Table`Lx Variable, Scaled to Tire`Tire Relaxation Length
SET_UNITS L_RELAX_X_TABLE m
L_RELAX_X_GAIN = RRE/5
FZ_SCALE_L_RELAX_X = FZ_REF
L_RELAX_X_COMBINE MULTIPLY
L_RELAX_X_TABLE SPLINE_FLAT
-0.1, 0.13526
-0.095, 0.13793
-0.09, 0.1431
-0.085, 0.14862
-0.08, 0.1552
-0.075, 0.16251
-0.07, 0.17087
-0.065, 0.18085
-0.06, 0.1926
-0.055, 0.20631
-0.05, 0.22324
-0.045, 0.24389
-0.04, 0.26989
-0.035, 0.30301
-0.03, 0.34575
-0.025, 0.40397
-0.02, 0.48251
-0.015, 0.59275
-0.01, 0.7393
-0.005, 0.90707
0, 1
0.005, 0.90707
0.01, 0.7393
0.015, 0.59275
0.02, 0.48251
0.025, 0.40397
0.03, 0.34575
0.035, 0.30301
0.04, 0.26989
0.045, 0.24389
0.05, 0.22324
0.055, 0.20631
0.06, 0.1926
0.065, 0.18085
0.07, 0.17087
0.075, 0.16251
0.08, 0.1552
0.085, 0.14862
0.09, 0.1431
0.095, 0.13793
0.1, 0.13526
ENDTABLE
L_RELAX_X_FZ_TABLE LINEAR
0, 0.2
1, 1
ENDTABLE
LOG_ENTRY Used Dataset: Generic Table; { Tire Relaxation Length } Lx Variable, Scaled to Tire
EXIT_PARSFILE Generic\tables\GenTab_6200ca2d-9af8-4768-9d04-87ea0bd47068.par

ENTER_PARSFILE Generic\tables\GenTab_edb0dc74-f107-43df-b9cc-c9fa4d21267d.par
#FullDataName Generic Table`Ly Variable, Scaled to Tire`Tire Relaxation Length
SET_UNITS L_RELAX_Y_TABLE m
L_RELAX_Y_GAIN = RRE*2
FZ_SCALE_L_RELAX_Y = FZ_REF
L_RELAX_Y_COMBINE MULTIPLY
L_RELAX_Y_TABLE SPLINE_FLAT
-10, 0.039175
-9.5, 0.042142
-9, 0.047886
-8.5, 0.054018
-8, 0.061335
-7.5, 0.069451
-7, 0.078749
-6.5, 0.089829
-6, 0.10289
-5.5, 0.11812
-5, 0.13693
-4.5, 0.15988
-4, 0.18877
-3.5, 0.22557
-3, 0.27305
-2.5, 0.33775
-2, 0.42501
-1.5, 0.5475
-1, 0.71033
-0.5, 0.89674
0, 1
0.5, 0.89674
1, 0.71033
1.5, 0.5475
2, 0.42501
2.5, 0.33775
3, 0.27305
3.5, 0.22557
4, 0.18877
4.5, 0.15988
5, 0.13693
5.5, 0.11812
6, 0.10289
6.5, 0.089829
7, 0.078749
7.5, 0.069451
8, 0.061335
8.5, 0.054018
9, 0.047886
9.5, 0.042142
10, 0.039175
ENDTABLE
L_RELAX_Y_FZ_TABLE SPLINE
0, 0.1
1, 1
2, 1.5805
ENDTABLE
LOG_ENTRY Used Dataset: Generic Table; { Tire Relaxation Length } Ly Variable, Scaled to Tire
EXIT_PARSFILE Generic\tables\GenTab_edb0dc74-f107-43df-b9cc-c9fa4d21267d.par

VLOW_KAPPA 2
VLOW_ALPHA 2
RR_C 0.004
RR_V 0.000025
L_CONTACT_X_CONSTANT 90
L_CONTACT_Y_CONSTANT 185
RR_FX 1
OPT_TIRE_COMB 1
R_TIRE_COMB 1.1
ENTER_PARSFILE Tires\Mz\TireMz_252ff4ea-8385-4909-a1d8-aba950fe4eff.par
#FullDataName Tire: Aligning Moment`185/65 R15 (SAE)`Touring Tires
MZ_TIRE_CARPET 2D_FROM_ZERO
0, 1348.41, 2696.83, 4045.24, 5393.66, 6742.07, 8090.49, 9438.9, 10787.32
0.5, 4.88601723, 9.66987409, 14.33467596, 18.87411987, 23.28555114, 27.57040611, 31.71930304, 35.74385789
1, 9.941091373, 19.68136483, 29.18783996, 38.4412927, 47.43205003, 56.14693923, 64.58102633, 72.73797325
1.5, 14.19661184, 28.28396795, 42.21896119, 55.96402949, 69.46845603, 82.70026147, 95.61293454, 108.1772848
2, 15.9942511, 32.29359371, 48.89394096, 65.75911191, 82.8258302, 100.0143964, 117.2286823, 134.3674567
2.5, 15.04360183, 30.8504622, 47.53864386, 65.14007155, 83.66151606, 103.0515843, 123.2402165, 144.1080833
3, 12.60943066, 26.22773697, 41.06180529, 57.25809695, 74.9318986, 94.17378411, 115.0197937, 137.480628
3.5, 9.942934339, 20.91181446, 33.15690865, 46.8991333, 62.33856214, 79.68897908, 99.13277383, 120.8537509
4, 7.607022193, 16.14434865, 25.86699943, 37.00499855, 49.8131184, 64.55610421, 81.5249254, 101.0168716
4.5, 5.718102444, 12.2396934, 19.80168098, 28.6247113, 38.9612222, 51.08585966, 65.32722768, 82.05164923
5, 4.227656677, 9.144447318, 14.94755556, 21.84182369, 30.06131469, 39.86761132, 51.57702392, 65.5734127
5.5, 3.060162372, 6.699290162, 11.09978941, 16.43314999, 22.90472728, 30.75673636, 40.28605826, 51.84709405
6, 2.13398776, 4.758825734, 8.036913419, 12.11369838, 17.16526903, 23.41385135, 31.11788633, 40.60052573
6.5, 1.387393108, 3.205604542, 5.578287829, 8.6359307, 12.54188735, 17.47072375, 23.66901718, 31.41508061
7, 0.787475174, 1.94231022, 3.576696831, 5.8086804, 8.77376626, 12.62885178, 17.58063704, 23.89016432
7.5, 0.288159656, 0.900887904, 1.932096131, 3.484624194, 5.676924927, 8.641731093, 12.56734984, 17.6780914
8, -0.127254466, 0.03434089, 0.565824694, 1.551771101, 3.099478676, 5.328668287, 8.398155033, 12.508004
8.5, -0.475597468, -0.69592932, -0.587807364, -0.075153481, 0.930712944, 2.542495808, 4.896256313, 8.170602461
9, -0.773783955, -1.320022955, -1.568360233, -1.459107239, -0.907994433, 0.178530822, 1.928974118, 4.488602798
9.5, -1.030253872, -1.855172808, -2.41533744, -2.649538418, -2.490231163, -1.848586724, -0.615962381, 1.339889238
10, -1.253495897, -2.31859882, -3.146395853, -3.682415672, -3.857674567, -3.600536763, -2.812167145, -1.371801427
10.5, -1.447709073, -2.727514882, -3.787815173, -4.580262844, -5.051641126, -5.129233162, -4.727590109, -3.736404836
11, -1.621401659, -3.090533737, -4.357094512, -5.378726055, -6.104178793, -6.472371068, -6.406100026, -5.804582285
11.5, -1.778790446, -3.411878832, -4.863010344, -6.086802174, -7.038139229, -7.662727733, -7.890962712, -7.635624294
12, -1.919826666, -3.700138742, -5.314194428, -6.71778907, -7.871710432, -8.728208412, -9.215717965, -9.264362382
12.5, -2.044435162, -3.963886185, -5.723723726, -7.289396433, -8.622954338, -9.682814662, -10.40425147, -10.72038424
13, -2.156856776, -4.198661005, -6.091460259, -7.805959933, -9.300868353, -10.54495773, -11.47551315, -12.03291099
13.5, -2.261336843, -4.417387962, -6.430448797, -8.276248891, -9.918860125, -11.32838797, -12.44832837, -13.22134071
14, -2.357825595, -4.615632754, -6.740577489, -8.704539551, -10.48584757, -12.04215012, -13.33202441, -14.30014817
14.5, -2.446221451, -4.797605101, -7.026040068, -9.104055608, -11.00616072, -12.69991549, -14.14522423, -15.29320548
15, -2.530873969, -4.96756689, -7.29113182, -9.470124024, -11.48410371, -13.30606705, -14.89713006, -16.20040721
15.5, -2.607324544, -5.125443257, -7.535713098, -9.811542728, -11.93312362, -13.86959657, -15.58751419, -17.04072633
16, -2.67989937, -5.275522355, -7.764039726, -10.12809354, -12.34386046, -14.3902745, -16.2302357, -17.81868071
16.5, -2.748569025, -5.413284904, -7.975985466, -10.42408425, -12.73434463, -14.87708287, -16.82973955, -18.54365329
17, -2.808846941, -5.543059578, -8.180312974, -10.7038809, -13.09523374, -15.33444038, -17.38570652, -19.22493919
17.5, -2.869500133, -5.664736302, -8.36797779, -10.96728964, -13.43545443, -15.76206526, -17.91210272, -19.8574413
18, -2.926117188, -5.782712999, -8.547815863, -11.21413189, -13.75941202, -16.16441141, -18.40861252, -20.45530141
18.5, -2.978602096, -5.892432025, -8.719704725, -11.44882293, -14.06225868, -16.54585707, -18.8749576, -21.01341741
19, -3.03139019, -5.993806924, -8.879028178, -11.67121947, -14.35311218, -16.90623965, -19.31566831, -21.54600673
19.5, -3.079995841, -6.095779298, -9.034733601, -11.88113027, -14.62712759, -17.25003091, -19.73048611, -22.04794091
20, -3.124402436, -6.189244308, -9.182176368, -12.08306242, -14.88881418, -17.57698498, -20.12867671, -22.52865265
20.5, -3.168984571, -6.278663977, -9.321267622, -12.27690192, -15.13799263, -17.88697198, -20.51010905, -22.98307375
21, -3.213799071, -6.368535204, -9.451925839, -12.46248309, -15.37448808, -18.1845044, -20.86970588, -23.41575019
21.5, -3.254310451, -6.449712776, -9.583213708, -12.63508136, -15.60285162, -18.46942446, -21.21691642, -23.83140644
22, -3.290434403, -6.531267464, -9.705921053, -12.80856863, -15.82298291, -18.74157239, -21.5467266, -24.22487463
22.5, -3.331273784, -6.608566879, -9.824533431, -12.96884438, -16.03002725, -19.00075856, -21.86375663, -24.60579919
23, -3.36768338, -6.681594145, -9.939017568, -13.12515409, -16.23335345, -19.25648386, -22.17274232, -24.96905588
23.5, -3.399658941, -6.754881335, -10.04931868, -13.2774539, -16.4280741, -19.49901117, -22.46377328, -25.32434377
24, -3.436300149, -6.823791883, -10.1553483, -13.42565521, -16.61888967, -19.73302082, -22.75135882, -25.6616069
24.5, -3.468491608, -6.892951361, -10.26180251, -13.56497881, -16.80093153, -19.95837664, -23.02555439, -25.98557616
25, -3.500754666, -6.957676333, -10.35918985, -13.7000394, -16.97893396, -20.17497756, -23.28625312, -26.30114442
26, -3.500754666, -6.957676333, -10.35918985, -13.7000394, -16.97893396, -20.17497756, -23.28625312, -26.30114442
ENDTABLE
LOG_ENTRY Used Dataset: Tire: Aligning Moment; { Touring Tires } 185/65 R15 (SAE)
EXIT_PARSFILE Tires\Mz\TireMz_252ff4ea-8385-4909-a1d8-aba950fe4eff.par

ENTER_PARSFILE Tires\Fy\TireFy_5f7799b4-7395-47c3-ba22-21f52a15dc2d.par
#FullDataName Tire: Lateral Force`185/65 R15`Touring Tires
FY_TIRE_CARPET 2D_FROM_ZERO
0, 1348.414375, 2696.82875, 4045.243125, 5393.6575, 6742.071875, 8090.48625, 9438.900625, 10787.315
0.5, 174.89, 343.18, 503.9, 656.5, 800.66, 936.13, 1062.77, 1180.47
1, 344.62, 676.39, 993.38, 1294.55, 1579.21, 1846.9, 2097.32, 2330.25
1.5, 504.59, 990.69, 1455.52, 1897.54, 2315.74, 2709.43, 3078.13, 3421.51
2, 651.17, 1279.04, 1880.06, 2452.26, 2994.33, 3505.32, 3984.59, 4431.67
2.5, 781.97, 1536.75, 2260.15, 2949.8, 3604.12, 4221.93, 4802.4, 5344.9
3, 895.9, 1761.62, 2592.47, 3385.75, 4139.61, 4852.69, 5523.94, 6152.6
3.5, 992.99, 1953.64, 2876.88, 3759.74, 4600.16, 5396.57, 6147.78, 6852.83
4, 1074.13, 2114.49, 3115.69, 4074.59, 4988.94, 5857, 6677.41, 7449.09
4.5, 1140.8, 2246.95, 3312.87, 4335.27, 5311.75, 6240.45, 7119.87, 7948.78
5, 1194.74, 2354.38, 3473.24, 4547.89, 5575.85, 6555.15, 7484.18, 8361.59
5.5, 1237.77, 2440.31, 3601.86, 4718.96, 5789.02, 6810.01, 7780.22, 8698.22
6, 1271.63, 2508.11, 3703.67, 4854.8, 5958.88, 7013.8, 8017.8, 8969.37
6.5, 1297.89, 2560.86, 3783.15, 4961.23, 6092.45, 7174.68, 8206.09, 9185.13
7, 1317.93, 2601.26, 3844.25, 5043.39, 6196, 7299.93, 8353.33, 9354.61
7.5, 1332.92, 2631.61, 3890.37, 5105.7, 6274.93, 7395.88, 8466.71, 9485.78
8, 1343.84, 2653.83, 3924.35, 5151.88, 6333.8, 7467.9, 8552.33, 9585.46
8.5, 1351.49, 2669.53, 3948.54, 5185.05, 6376.42, 7520.48, 8615.36, 9659.41
9, 1356.54, 2680, 3964.88, 5207.73, 6405.94, 7557.33, 8660.05, 9712.45
9.5, 1359.5, 2686.3, 3974.94, 5222.02, 6424.93, 7581.52, 8689.94, 9748.53
10, 1360.82, 2689.29, 3980.01, 5229.6, 6435.49, 7595.53, 8707.89, 9770.92
10.5, 1360.83, 2689.65, 3981.11, 5231.85, 6439.32, 7601.41, 8716.27, 9782.28
11, 1359.83, 2687.95, 3979.06, 5229.86, 6437.8, 7600.79, 8717, 9784.8
11.5, 1358.02, 2684.62, 3974.56, 5224.54, 6432.05, 7595.02, 8711.62, 9780.25
12, 1355.59, 2680.03, 3968.12, 5216.6, 6422.97, 7585.17, 8701.4, 9770.07
12.5, 1352.68, 2674.47, 3960.19, 5206.62, 6411.28, 7572.13, 8687.38, 9755.44
13, 1349.41, 2668.16, 3951.11, 5195.07, 6397.58, 7556.6, 8670.37, 9737.32
13.5, 1345.87, 2661.29, 3941.17, 5182.33, 6382.33, 7539.16, 8651.06, 9716.47
14, 1342.14, 2654.02, 3930.6, 5168.71, 6365.93, 7520.27, 8629.99, 9693.53
14.5, 1338.26, 2646.46, 3919.56, 5154.44, 6348.69, 7500.32, 8607.61, 9669.01
15, 1334.3, 2638.7, 3908.21, 5139.72, 6330.84, 7479.6, 8584.27, 9643.33
15.5, 1330.28, 2630.83, 3896.67, 5124.72, 6312.6, 7458.35, 8560.27, 9616.84
16, 1326.24, 2622.9, 3885.03, 5109.56, 6294.13, 7436.79, 8535.84, 9589.79
16.5, 1322.21, 2614.97, 3873.37, 5094.34, 6275.55, 7415.06, 8511.18, 9562.42
17, 1318.19, 2607.07, 3861.73, 5079.15, 6256.98, 7393.3, 8486.43, 9534.9
17.5, 1314.21, 2599.23, 3850.18, 5064.04, 6238.49, 7371.6, 8461.73, 9507.38
18, 1310.28, 2591.48, 3838.75, 5049.07, 6220.15, 7350.06, 8437.16, 9479.97
18.5, 1306.4, 2583.83, 3827.46, 5034.28, 6202, 7328.72, 8412.8, 9452.77
19, 1302.59, 2576.3, 3816.34, 5019.7, 6184.1, 7307.65, 8388.72, 9425.85
19.5, 1298.84, 2568.91, 3805.41, 5005.35, 6166.47, 7286.89, 8364.97, 9399.27
20, 1295.17, 2561.65, 3794.67, 4991.25, 6149.14, 7266.45, 8341.57, 9373.06
20.5, 1291.56, 2554.53, 3784.13, 4977.42, 6132.12, 7246.37, 8318.57, 9347.28
21, 1288.04, 2547.56, 3773.81, 4963.85, 6115.42, 7226.66, 8295.97, 9321.93
21.5, 1284.59, 2540.73, 3763.7, 4950.55, 6099.05, 7207.33, 8273.8, 9297.04
22, 1281.21, 2534.06, 3753.81, 4937.54, 6083.01, 7188.38, 8252.06, 9272.62
22.5, 1277.92, 2527.53, 3744.13, 4924.8, 6067.31, 7169.82, 8230.75, 9248.68
23, 1274.69, 2521.15, 3734.67, 4912.34, 6051.95, 7151.65, 8209.88, 9225.22
23.5, 1271.54, 2514.91, 3725.42, 4900.16, 6036.92, 7133.87, 8189.45, 9202.24
24, 1268.46, 2508.81, 3716.37, 4888.25, 6022.22, 7116.48, 8169.45, 9179.74
24.5, 1265.46, 2502.86, 3707.54, 4876.6, 6007.84, 7099.46, 8149.87, 9157.71
25, 1262.52, 2497.04, 3698.9, 4865.21, 5993.79, 7082.81, 8130.72, 9136.15
26, 1262.52, 2497.04, 3698.9, 4865.21, 5993.79, 7082.81, 8130.72, 9136.15
ENDTABLE
MU_REF_Y 1.0
LOG_ENTRY Used Dataset: Tire: Lateral Force; { Touring Tires } 185/65 R15
EXIT_PARSFILE Tires\Fy\TireFy_5f7799b4-7395-47c3-ba22-21f52a15dc2d.par

ENTER_PARSFILE Tires\Fx\TireFx_69377a8e-4e90-4d23-981e-4ec37f1913e8.par
#FullDataName Tire: Longitudinal Force`185/65 R15`Touring Tires
FX_TIRE_CARPET 2D_FROM_ZERO
0, 1348.41, 2696.83, 4045.24, 5393.66, 6742.07, 8090.49, 9438.9, 10787.32
0.02, 749.08, 1467.54, 2150.67, 2795.82, 3401.21, 3965.57, 4488, 4967.88
0.04, 1115.98, 2195.04, 3231.13, 4220.59, 5160.69, 6049.26, 6884.51, 7664.92
0.06, 1262.72, 2489.15, 3673.21, 4811.15, 5900.09, 6937.68, 7921.87, 8850.87
0.08, 1323.92, 2612.87, 3860.97, 5064.55, 6220.79, 7327.35, 8382.18, 9383.47
0.1, 1349.84, 2665.9, 3942.48, 5176.03, 6363.81, 7503.53, 8593.19, 9631
0.12, 1359.43, 2686.07, 3974.39, 5220.94, 6423.05, 7578.49, 8685.31, 9741.75
0.14, 1360.79, 2689.61, 3981.09, 5231.85, 6439.29, 7601.23, 8715.78, 9781.22
0.16, 1357.79, 2684.3, 3974.29, 5224.45, 6432.24, 7595.53, 8712.46, 9781.37
0.18, 1352.45, 2674.21, 3960.14, 5206.99, 6412.28, 7573.93, 8690.1, 9759.18
0.2, 1345.89, 2661.59, 3942.04, 5184.06, 6385.21, 7543.45, 8656.99, 9724.22
0.22, 1338.74, 2647.73, 3921.96, 5158.33, 6354.42, 7508.22, 8617.98, 9682.14
0.24, 1331.39, 2633.39, 3901.09, 5131.38, 6321.91, 7470.71, 8576.04, 9636.37
0.26, 1324.06, 2619.05, 3880.11, 5104.18, 6288.94, 7432.44, 8532.98, 9589.05
0.28, 1316.88, 2604.97, 3859.46, 5077.32, 6256.26, 7394.36, 8489.94, 9541.5
0.3, 1309.93, 2591.32, 3839.38, 5051.14, 6224.33, 7357.03, 8447.6, 9494.58
0.32, 1303.26, 2578.17, 3820.02, 5025.85, 6193.4, 7320.8, 8406.41, 9448.78
0.34, 1296.87, 2565.58, 3801.46, 5001.56, 6163.65, 7285.87, 8366.61, 9404.43
0.36, 1290.77, 2553.57, 3783.71, 4978.3, 6135.12, 7252.33, 8328.33, 9361.7
0.38, 1284.97, 2542.12, 3766.79, 4956.1, 6107.85, 7220.22, 8291.63, 9320.66
0.4, 1279.46, 2531.22, 3750.67, 4934.93, 6081.82, 7189.54, 8256.51, 9281.34
0.42, 1274.22, 2520.86, 3735.32, 4914.76, 6057.01, 7160.26, 8222.96, 9243.73
0.44, 1269.24, 2511.01, 3720.73, 4895.56, 6033.36, 7132.33, 8190.92, 9207.77
0.46, 1264.51, 2501.64, 3706.84, 4877.28, 6010.83, 7105.69, 8160.34, 9173.43
0.48, 1260.01, 2492.73, 3693.62, 4859.87, 5989.35, 7080.29, 8131.16, 9140.62
0.5, 1255.73, 2484.25, 3681.04, 4843.29, 5968.89, 7056.06, 8103.31, 9109.29
0.52, 1251.66, 2476.18, 3669.05, 4827.49, 5949.37, 7032.95, 8076.72, 9079.35
0.54, 1247.78, 2468.48, 3657.62, 4812.42, 5930.75, 7010.89, 8051.32, 9050.74
0.56, 1244.08, 2461.15, 3646.73, 4798.04, 5912.98, 6989.81, 8027.05, 9023.38
0.58, 1240.56, 2454.16, 3636.33, 4784.31, 5896, 6969.68, 8003.85, 8997.21
0.6, 1237.19, 2447.48, 3626.4, 4771.19, 5879.78, 6950.42, 7981.66, 8972.17
0.62, 1233.98, 2441.1, 3616.9, 4758.65, 5864.26, 6932, 7960.41, 8948.18
0.64, 1230.9, 2434.99, 3607.83, 4746.66, 5849.4, 6914.36, 7940.06, 8925.2
0.66, 1227.96, 2429.15, 3599.13, 4735.17, 5835.18, 6897.46, 7920.55, 8903.16
0.68, 1225.15, 2423.56, 3590.81, 4724.16, 5821.54, 6881.25, 7901.84, 8882.01
0.7, 1222.45, 2418.2, 3582.83, 4713.6, 5808.46, 6865.71, 7883.88, 8861.71
0.72, 1219.87, 2413.06, 3575.17, 4703.48, 5795.91, 6850.78, 7866.64, 8842.21
0.74, 1217.38, 2408.13, 3567.82, 4693.75, 5783.85, 6836.44, 7850.07, 8823.47
0.76, 1215, 2403.39, 3560.76, 4684.41, 5772.27, 6822.66, 7834.14, 8805.44
0.78, 1212.71, 2398.83, 3553.98, 4675.42, 5761.12, 6809.4, 7818.81, 8788.08
0.8, 1210.51, 2394.45, 3547.45, 4666.78, 5750.4, 6796.63, 7804.05, 8771.37
0.82, 1208.39, 2390.24, 3541.16, 4658.46, 5740.07, 6784.34, 7789.83, 8755.27
0.84, 1206.35, 2386.18, 3535.11, 4650.44, 5730.12, 6772.49, 7776.12, 8739.74
0.86, 1204.38, 2382.27, 3529.27, 4642.71, 5720.53, 6761.07, 7762.9, 8724.76
0.88, 1202.48, 2378.49, 3523.65, 4635.26, 5711.28, 6750.05, 7750.14, 8710.3
0.9, 1200.66, 2374.85, 3518.22, 4628.06, 5702.35, 6739.41, 7737.82, 8696.34
0.92, 1198.89, 2371.34, 3512.98, 4621.11, 5693.72, 6729.13, 7725.92, 8682.85
0.94, 1197.19, 2367.95, 3507.91, 4614.4, 5685.38, 6719.19, 7714.42, 8669.8
0.96, 1195.54, 2364.67, 3503.02, 4607.92, 5677.32, 6709.59, 7703.29, 8657.19
0.98, 1193.95, 2361.49, 3498.29, 4601.64, 5669.53, 6700.3, 7692.53, 8644.98
1, 1192.4, 2358.43, 3493.71, 4595.57, 5661.98, 6691.3, 7682.1, 8633.15
1.02, 1192.4, 2358.43, 3493.71, 4595.57, 5661.98, 6691.3, 7682.1, 8633.15
ENDTABLE
MU_REF_X 1.0
LOG_ENTRY Used Dataset: Tire: Longitudinal Force; { Touring Tires } 185/65 R15
EXIT_PARSFILE Tires\Fx\TireFx_69377a8e-4e90-4d23-981e-4ec37f1913e8.par

ENTER_PARSFILE Tires\Camber_Thrust\CamStiff_9fadad33-a832-4e17-8456-afae4628e59e.par
#FullDataName Tire: Camber Thrust Coefficient`185/65 R15`Touring Tires
KGAMMA_TABLE SPLINE
0, 0
539.36575, -2.7569
1078.7315, -5.5319
1618.09725, -8.3278
2157.463, -11.1465
2696.82875, -13.9894
3236.1945, -16.8575
3775.56025, -19.7519
4314.926, -22.6733
4854.29175, -25.6224
5393.6575, -28.6
5933.02325, -31.6066
6472.389, -34.6428
7011.75475, -37.7092
7551.1205, -40.8061
8090.48625, -43.9341
8629.852, -47.0935
9169.21775, -50.2849
9708.5835, -53.5086
10247.94925, -56.7649
10787.315, -60.0543
ENDTABLE
LOG_ENTRY Used Dataset: Tire: Camber Thrust Coefficient; { Touring Tires } 185/65 R15
EXIT_PARSFILE Tires\Camber_Thrust\CamStiff_9fadad33-a832-4e17-8456-afae4628e59e.par

LOG_ENTRY Used Dataset: Tire; { Touring Tires } 185/65 R15
EXIT_PARSFILE Tires\Tire\Tire_32d50ee3-24f4-467a-9ea6-f7a58460e0cf.par

iside 2
WRITE_ADD_REFERENCE_FRAME_WHEEL
ADD_REFERENCE_FRAME R1 Wheel
SET_EULER_ANGLES YAW_ROLL_PITCH
SET_X_NAME X_R1
WRT_X_R1
ANI_X_R1
SET_Y_NAME Y_R1
WRT_Y_R1
ANI_Y_R1
SET_Z_NAME Z_R1
WRT_Z_R1
ANI_Z_R1
SET_YAW_NAME Yaw_R1
WRT_Yaw_R1
ANI_Yaw_R1
SET_PITCH_NAME Rot_R1
WRT_Rot_R1
ANI_Rot_R1
SET_ROLL_NAME Roll_R1
WRT_Roll_R1
ANI_Roll_R1
SET_SCALE_VAR_PITCH -360
SET_OFFSET_VAR_ROLL 180
SET_OFFSET_VAR_PITCH 180
X_REF_LENGTH 1
Y_REF_LENGTH 1
Z_REF_LENGTH 1
X_LENGTH 1
Y_LENGTH 1
Z_LENGTH 1
ENTER_PARSFILE Tires\Tire\Tire_32d50ee3-24f4-467a-9ea6-f7a58460e0cf.par
#FullDataName Tire`185/65 R15`Touring Tires
FZ_REF 5500
X_LENGTH 311
Z_LENGTH 311
Y_LENGTH 185
OPT_TIRE_LAG_KAPPA 2
OPT_TIRE_LAG_ALPHA 1
OPT_TIRE_MODEL 1
ENTER_PARSFILE Animator\STL_Groups\ShpGrp_27c591f4-b392-4dda-bdc3-c1e97b86f0f5.par
#FullDataName Animator: Shape Assembly`205/60 R14`Tires
ENTER_PARSFILE Animator\STL\Shape_b54ddb18-10e4-4787-b570-f358b7c20e39.par
#FullDataName Animator: Shape File Link`205/60 R14: Tire`Common Vehicle Assets: Tires
add_obj Animator\3D_Shape_Files\Common_Vehicle_Assets\Tires\205_60R14\tire.obj
SET_COLOR 1 1 1
set_lighting on
set_fogging on
SET_SPECULAR 0.3 0.3 0.3
vsv_enable_shadows_recursive
LOG_ENTRY Used Dataset: Animator: Shape File Link; { Common Vehicle Assets: Tires } 205/60 R14: Tire
EXIT_PARSFILE Animator\STL\Shape_b54ddb18-10e4-4787-b570-f358b7c20e39.par

ENTER_PARSFILE Animator\STL\Shape_b8cfbea3-cf74-4924-9d45-f9b0374ebc09.par
#FullDataName Animator: Shape File Link`205/60 R14: Wheel`Common Vehicle Assets: Tires
add_obj Animator\3D_Shape_Files\Common_Vehicle_Assets\Tires\205_60R14\wheel.obj
SET_COLOR .62 .62 .62
set_lighting on
set_fogging on
SET_SPECULAR 0.5 0.5 0.5
vsv_enable_shadows_recursive
LOG_ENTRY Used Dataset: Animator: Shape File Link; { Common Vehicle Assets: Tires } 205/60 R14: Wheel
EXIT_PARSFILE Animator\STL\Shape_b8cfbea3-cf74-4924-9d45-f9b0374ebc09.par

ENTER_PARSFILE Animator\STL\Shape_05464ee2-1bc0-4a83-ac1f-07f41e4809be.par
#FullDataName Animator: Shape File Link`205/60 R14: Stripe`Common Vehicle Assets: Tires
add_obj Animator\3D_Shape_Files\Common_Vehicle_Assets\Tires\205_60R14\stripe.obj
SET_COLOR 1 1 1
SET_OFFSET_X 0
SET_OFFSET_Y 0.01
SET_OFFSET_Z 0.01
set_lighting on
set_fogging on
SET_SPECULAR 0 0 0
LOG_ENTRY Used Dataset: Animator: Shape File Link; { Common Vehicle Assets: Tires } 205/60 R14: Stripe
EXIT_PARSFILE Animator\STL\Shape_05464ee2-1bc0-4a83-ac1f-07f41e4809be.par

x_ref_length 301
y_ref_length 205
z_ref_length 301
LOG_ENTRY Used Dataset: Animator: Shape Assembly; { Tires } 205/60 R14
EXIT_PARSFILE Animator\STL_Groups\ShpGrp_27c591f4-b392-4dda-bdc3-c1e97b86f0f5.par

WRITE_WHEEL_OFFSET
SET_OFFSET_Y 0
RRE 298
R0 311
FZ_TIRE_COEFFICIENT 232
FZ_MAX 100000
M_TIRE 18
IT 1
IT_XXZZ 0.6
ENTER_PARSFILE Generic\tables\GenTab_6200ca2d-9af8-4768-9d04-87ea0bd47068.par
#FullDataName Generic Table`Lx Variable, Scaled to Tire`Tire Relaxation Length
SET_UNITS L_RELAX_X_TABLE m
L_RELAX_X_GAIN = RRE/5
FZ_SCALE_L_RELAX_X = FZ_REF
L_RELAX_X_COMBINE MULTIPLY
L_RELAX_X_TABLE SPLINE_FLAT
-0.1, 0.13526
-0.095, 0.13793
-0.09, 0.1431
-0.085, 0.14862
-0.08, 0.1552
-0.075, 0.16251
-0.07, 0.17087
-0.065, 0.18085
-0.06, 0.1926
-0.055, 0.20631
-0.05, 0.22324
-0.045, 0.24389
-0.04, 0.26989
-0.035, 0.30301
-0.03, 0.34575
-0.025, 0.40397
-0.02, 0.48251
-0.015, 0.59275
-0.01, 0.7393
-0.005, 0.90707
0, 1
0.005, 0.90707
0.01, 0.7393
0.015, 0.59275
0.02, 0.48251
0.025, 0.40397
0.03, 0.34575
0.035, 0.30301
0.04, 0.26989
0.045, 0.24389
0.05, 0.22324
0.055, 0.20631
0.06, 0.1926
0.065, 0.18085
0.07, 0.17087
0.075, 0.16251
0.08, 0.1552
0.085, 0.14862
0.09, 0.1431
0.095, 0.13793
0.1, 0.13526
ENDTABLE
L_RELAX_X_FZ_TABLE LINEAR
0, 0.2
1, 1
ENDTABLE
LOG_ENTRY Used Dataset: Generic Table; { Tire Relaxation Length } Lx Variable, Scaled to Tire
EXIT_PARSFILE Generic\tables\GenTab_6200ca2d-9af8-4768-9d04-87ea0bd47068.par

ENTER_PARSFILE Generic\tables\GenTab_edb0dc74-f107-43df-b9cc-c9fa4d21267d.par
#FullDataName Generic Table`Ly Variable, Scaled to Tire`Tire Relaxation Length
SET_UNITS L_RELAX_Y_TABLE m
L_RELAX_Y_GAIN = RRE*2
FZ_SCALE_L_RELAX_Y = FZ_REF
L_RELAX_Y_COMBINE MULTIPLY
L_RELAX_Y_TABLE SPLINE_FLAT
-10, 0.039175
-9.5, 0.042142
-9, 0.047886
-8.5, 0.054018
-8, 0.061335
-7.5, 0.069451
-7, 0.078749
-6.5, 0.089829
-6, 0.10289
-5.5, 0.11812
-5, 0.13693
-4.5, 0.15988
-4, 0.18877
-3.5, 0.22557
-3, 0.27305
-2.5, 0.33775
-2, 0.42501
-1.5, 0.5475
-1, 0.71033
-0.5, 0.89674
0, 1
0.5, 0.89674
1, 0.71033
1.5, 0.5475
2, 0.42501
2.5, 0.33775
3, 0.27305
3.5, 0.22557
4, 0.18877
4.5, 0.15988
5, 0.13693
5.5, 0.11812
6, 0.10289
6.5, 0.089829
7, 0.078749
7.5, 0.069451
8, 0.061335
8.5, 0.054018
9, 0.047886
9.5, 0.042142
10, 0.039175
ENDTABLE
L_RELAX_Y_FZ_TABLE SPLINE
0, 0.1
1, 1
2, 1.5805
ENDTABLE
LOG_ENTRY Used Dataset: Generic Table; { Tire Relaxation Length } Ly Variable, Scaled to Tire
EXIT_PARSFILE Generic\tables\GenTab_edb0dc74-f107-43df-b9cc-c9fa4d21267d.par

VLOW_KAPPA 2
VLOW_ALPHA 2
RR_C 0.004
RR_V 0.000025
L_CONTACT_X_CONSTANT 90
L_CONTACT_Y_CONSTANT 185
RR_FX 1
OPT_TIRE_COMB 1
R_TIRE_COMB 1.1
ENTER_PARSFILE Tires\Mz\TireMz_252ff4ea-8385-4909-a1d8-aba950fe4eff.par
#FullDataName Tire: Aligning Moment`185/65 R15 (SAE)`Touring Tires
MZ_TIRE_CARPET 2D_FROM_ZERO
0, 1348.41, 2696.83, 4045.24, 5393.66, 6742.07, 8090.49, 9438.9, 10787.32
0.5, 4.88601723, 9.66987409, 14.33467596, 18.87411987, 23.28555114, 27.57040611, 31.71930304, 35.74385789
1, 9.941091373, 19.68136483, 29.18783996, 38.4412927, 47.43205003, 56.14693923, 64.58102633, 72.73797325
1.5, 14.19661184, 28.28396795, 42.21896119, 55.96402949, 69.46845603, 82.70026147, 95.61293454, 108.1772848
2, 15.9942511, 32.29359371, 48.89394096, 65.75911191, 82.8258302, 100.0143964, 117.2286823, 134.3674567
2.5, 15.04360183, 30.8504622, 47.53864386, 65.14007155, 83.66151606, 103.0515843, 123.2402165, 144.1080833
3, 12.60943066, 26.22773697, 41.06180529, 57.25809695, 74.9318986, 94.17378411, 115.0197937, 137.480628
3.5, 9.942934339, 20.91181446, 33.15690865, 46.8991333, 62.33856214, 79.68897908, 99.13277383, 120.8537509
4, 7.607022193, 16.14434865, 25.86699943, 37.00499855, 49.8131184, 64.55610421, 81.5249254, 101.0168716
4.5, 5.718102444, 12.2396934, 19.80168098, 28.6247113, 38.9612222, 51.08585966, 65.32722768, 82.05164923
5, 4.227656677, 9.144447318, 14.94755556, 21.84182369, 30.06131469, 39.86761132, 51.57702392, 65.5734127
5.5, 3.060162372, 6.699290162, 11.09978941, 16.43314999, 22.90472728, 30.75673636, 40.28605826, 51.84709405
6, 2.13398776, 4.758825734, 8.036913419, 12.11369838, 17.16526903, 23.41385135, 31.11788633, 40.60052573
6.5, 1.387393108, 3.205604542, 5.578287829, 8.6359307, 12.54188735, 17.47072375, 23.66901718, 31.41508061
7, 0.787475174, 1.94231022, 3.576696831, 5.8086804, 8.77376626, 12.62885178, 17.58063704, 23.89016432
7.5, 0.288159656, 0.900887904, 1.932096131, 3.484624194, 5.676924927, 8.641731093, 12.56734984, 17.6780914
8, -0.127254466, 0.03434089, 0.565824694, 1.551771101, 3.099478676, 5.328668287, 8.398155033, 12.508004
8.5, -0.475597468, -0.69592932, -0.587807364, -0.075153481, 0.930712944, 2.542495808, 4.896256313, 8.170602461
9, -0.773783955, -1.320022955, -1.568360233, -1.459107239, -0.907994433, 0.178530822, 1.928974118, 4.488602798
9.5, -1.030253872, -1.855172808, -2.41533744, -2.649538418, -2.490231163, -1.848586724, -0.615962381, 1.339889238
10, -1.253495897, -2.31859882, -3.146395853, -3.682415672, -3.857674567, -3.600536763, -2.812167145, -1.371801427
10.5, -1.447709073, -2.727514882, -3.787815173, -4.580262844, -5.051641126, -5.129233162, -4.727590109, -3.736404836
11, -1.621401659, -3.090533737, -4.357094512, -5.378726055, -6.104178793, -6.472371068, -6.406100026, -5.804582285
11.5, -1.778790446, -3.411878832, -4.863010344, -6.086802174, -7.038139229, -7.662727733, -7.890962712, -7.635624294
12, -1.919826666, -3.700138742, -5.314194428, -6.71778907, -7.871710432, -8.728208412, -9.215717965, -9.264362382
12.5, -2.044435162, -3.963886185, -5.723723726, -7.289396433, -8.622954338, -9.682814662, -10.40425147, -10.72038424
13, -2.156856776, -4.198661005, -6.091460259, -7.805959933, -9.300868353, -10.54495773, -11.47551315, -12.03291099
13.5, -2.261336843, -4.417387962, -6.430448797, -8.276248891, -9.918860125, -11.32838797, -12.44832837, -13.22134071
14, -2.357825595, -4.615632754, -6.740577489, -8.704539551, -10.48584757, -12.04215012, -13.33202441, -14.30014817
14.5, -2.446221451, -4.797605101, -7.026040068, -9.104055608, -11.00616072, -12.69991549, -14.14522423, -15.29320548
15, -2.530873969, -4.96756689, -7.29113182, -9.470124024, -11.48410371, -13.30606705, -14.89713006, -16.20040721
15.5, -2.607324544, -5.125443257, -7.535713098, -9.811542728, -11.93312362, -13.86959657, -15.58751419, -17.04072633
16, -2.67989937, -5.275522355, -7.764039726, -10.12809354, -12.34386046, -14.3902745, -16.2302357, -17.81868071
16.5, -2.748569025, -5.413284904, -7.975985466, -10.42408425, -12.73434463, -14.87708287, -16.82973955, -18.54365329
17, -2.808846941, -5.543059578, -8.180312974, -10.7038809, -13.09523374, -15.33444038, -17.38570652, -19.22493919
17.5, -2.869500133, -5.664736302, -8.36797779, -10.96728964, -13.43545443, -15.76206526, -17.91210272, -19.8574413
18, -2.926117188, -5.782712999, -8.547815863, -11.21413189, -13.75941202, -16.16441141, -18.40861252, -20.45530141
18.5, -2.978602096, -5.892432025, -8.719704725, -11.44882293, -14.06225868, -16.54585707, -18.8749576, -21.01341741
19, -3.03139019, -5.993806924, -8.879028178, -11.67121947, -14.35311218, -16.90623965, -19.31566831, -21.54600673
19.5, -3.079995841, -6.095779298, -9.034733601, -11.88113027, -14.62712759, -17.25003091, -19.73048611, -22.04794091
20, -3.124402436, -6.189244308, -9.182176368, -12.08306242, -14.88881418, -17.57698498, -20.12867671, -22.52865265
20.5, -3.168984571, -6.278663977, -9.321267622, -12.27690192, -15.13799263, -17.88697198, -20.51010905, -22.98307375
21, -3.213799071, -6.368535204, -9.451925839, -12.46248309, -15.37448808, -18.1845044, -20.86970588, -23.41575019
21.5, -3.254310451, -6.449712776, -9.583213708, -12.63508136, -15.60285162, -18.46942446, -21.21691642, -23.83140644
22, -3.290434403, -6.531267464, -9.705921053, -12.80856863, -15.82298291, -18.74157239, -21.5467266, -24.22487463
22.5, -3.331273784, -6.608566879, -9.824533431, -12.96884438, -16.03002725, -19.00075856, -21.86375663, -24.60579919
23, -3.36768338, -6.681594145, -9.939017568, -13.12515409, -16.23335345, -19.25648386, -22.17274232, -24.96905588
23.5, -3.399658941, -6.754881335, -10.04931868, -13.2774539, -16.4280741, -19.49901117, -22.46377328, -25.32434377
24, -3.436300149, -6.823791883, -10.1553483, -13.42565521, -16.61888967, -19.73302082, -22.75135882, -25.6616069
24.5, -3.468491608, -6.892951361, -10.26180251, -13.56497881, -16.80093153, -19.95837664, -23.02555439, -25.98557616
25, -3.500754666, -6.957676333, -10.35918985, -13.7000394, -16.97893396, -20.17497756, -23.28625312, -26.30114442
26, -3.500754666, -6.957676333, -10.35918985, -13.7000394, -16.97893396, -20.17497756, -23.28625312, -26.30114442
ENDTABLE
LOG_ENTRY Used Dataset: Tire: Aligning Moment; { Touring Tires } 185/65 R15 (SAE)
EXIT_PARSFILE Tires\Mz\TireMz_252ff4ea-8385-4909-a1d8-aba950fe4eff.par

ENTER_PARSFILE Tires\Fy\TireFy_5f7799b4-7395-47c3-ba22-21f52a15dc2d.par
#FullDataName Tire: Lateral Force`185/65 R15`Touring Tires
FY_TIRE_CARPET 2D_FROM_ZERO
0, 1348.414375, 2696.82875, 4045.243125, 5393.6575, 6742.071875, 8090.48625, 9438.900625, 10787.315
0.5, 174.89, 343.18, 503.9, 656.5, 800.66, 936.13, 1062.77, 1180.47
1, 344.62, 676.39, 993.38, 1294.55, 1579.21, 1846.9, 2097.32, 2330.25
1.5, 504.59, 990.69, 1455.52, 1897.54, 2315.74, 2709.43, 3078.13, 3421.51
2, 651.17, 1279.04, 1880.06, 2452.26, 2994.33, 3505.32, 3984.59, 4431.67
2.5, 781.97, 1536.75, 2260.15, 2949.8, 3604.12, 4221.93, 4802.4, 5344.9
3, 895.9, 1761.62, 2592.47, 3385.75, 4139.61, 4852.69, 5523.94, 6152.6
3.5, 992.99, 1953.64, 2876.88, 3759.74, 4600.16, 5396.57, 6147.78, 6852.83
4, 1074.13, 2114.49, 3115.69, 4074.59, 4988.94, 5857, 6677.41, 7449.09
4.5, 1140.8, 2246.95, 3312.87, 4335.27, 5311.75, 6240.45, 7119.87, 7948.78
5, 1194.74, 2354.38, 3473.24, 4547.89, 5575.85, 6555.15, 7484.18, 8361.59
5.5, 1237.77, 2440.31, 3601.86, 4718.96, 5789.02, 6810.01, 7780.22, 8698.22
6, 1271.63, 2508.11, 3703.67, 4854.8, 5958.88, 7013.8, 8017.8, 8969.37
6.5, 1297.89, 2560.86, 3783.15, 4961.23, 6092.45, 7174.68, 8206.09, 9185.13
7, 1317.93, 2601.26, 3844.25, 5043.39, 6196, 7299.93, 8353.33, 9354.61
7.5, 1332.92, 2631.61, 3890.37, 5105.7, 6274.93, 7395.88, 8466.71, 9485.78
8, 1343.84, 2653.83, 3924.35, 5151.88, 6333.8, 7467.9, 8552.33, 9585.46
8.5, 1351.49, 2669.53, 3948.54, 5185.05, 6376.42, 7520.48, 8615.36, 9659.41
9, 1356.54, 2680, 3964.88, 5207.73, 6405.94, 7557.33, 8660.05, 9712.45
9.5, 1359.5, 2686.3, 3974.94, 5222.02, 6424.93, 7581.52, 8689.94, 9748.53
10, 1360.82, 2689.29, 3980.01, 5229.6, 6435.49, 7595.53, 8707.89, 9770.92
10.5, 1360.83, 2689.65, 3981.11, 5231.85, 6439.32, 7601.41, 8716.27, 9782.28
11, 1359.83, 2687.95, 3979.06, 5229.86, 6437.8, 7600.79, 8717, 9784.8
11.5, 1358.02, 2684.62, 3974.56, 5224.54, 6432.05, 7595.02, 8711.62, 9780.25
12, 1355.59, 2680.03, 3968.12, 5216.6, 6422.97, 7585.17, 8701.4, 9770.07
12.5, 1352.68, 2674.47, 3960.19, 5206.62, 6411.28, 7572.13, 8687.38, 9755.44
13, 1349.41, 2668.16, 3951.11, 5195.07, 6397.58, 7556.6, 8670.37, 9737.32
13.5, 1345.87, 2661.29, 3941.17, 5182.33, 6382.33, 7539.16, 8651.06, 9716.47
14, 1342.14, 2654.02, 3930.6, 5168.71, 6365.93, 7520.27, 8629.99, 9693.53
14.5, 1338.26, 2646.46, 3919.56, 5154.44, 6348.69, 7500.32, 8607.61, 9669.01
15, 1334.3, 2638.7, 3908.21, 5139.72, 6330.84, 7479.6, 8584.27, 9643.33
15.5, 1330.28, 2630.83, 3896.67, 5124.72, 6312.6, 7458.35, 8560.27, 9616.84
16, 1326.24, 2622.9, 3885.03, 5109.56, 6294.13, 7436.79, 8535.84, 9589.79
16.5, 1322.21, 2614.97, 3873.37, 5094.34, 6275.55, 7415.06, 8511.18, 9562.42
17, 1318.19, 2607.07, 3861.73, 5079.15, 6256.98, 7393.3, 8486.43, 9534.9
17.5, 1314.21, 2599.23, 3850.18, 5064.04, 6238.49, 7371.6, 8461.73, 9507.38
18, 1310.28, 2591.48, 3838.75, 5049.07, 6220.15, 7350.06, 8437.16, 9479.97
18.5, 1306.4, 2583.83, 3827.46, 5034.28, 6202, 7328.72, 8412.8, 9452.77
19, 1302.59, 2576.3, 3816.34, 5019.7, 6184.1, 7307.65, 8388.72, 9425.85
19.5, 1298.84, 2568.91, 3805.41, 5005.35, 6166.47, 7286.89, 8364.97, 9399.27
20, 1295.17, 2561.65, 3794.67, 4991.25, 6149.14, 7266.45, 8341.57, 9373.06
20.5, 1291.56, 2554.53, 3784.13, 4977.42, 6132.12, 7246.37, 8318.57, 9347.28
21, 1288.04, 2547.56, 3773.81, 4963.85, 6115.42, 7226.66, 8295.97, 9321.93
21.5, 1284.59, 2540.73, 3763.7, 4950.55, 6099.05, 7207.33, 8273.8, 9297.04
22, 1281.21, 2534.06, 3753.81, 4937.54, 6083.01, 7188.38, 8252.06, 9272.62
22.5, 1277.92, 2527.53, 3744.13, 4924.8, 6067.31, 7169.82, 8230.75, 9248.68
23, 1274.69, 2521.15, 3734.67, 4912.34, 6051.95, 7151.65, 8209.88, 9225.22
23.5, 1271.54, 2514.91, 3725.42, 4900.16, 6036.92, 7133.87, 8189.45, 9202.24
24, 1268.46, 2508.81, 3716.37, 4888.25, 6022.22, 7116.48, 8169.45, 9179.74
24.5, 1265.46, 2502.86, 3707.54, 4876.6, 6007.84, 7099.46, 8149.87, 9157.71
25, 1262.52, 2497.04, 3698.9, 4865.21, 5993.79, 7082.81, 8130.72, 9136.15
26, 1262.52, 2497.04, 3698.9, 4865.21, 5993.79, 7082.81, 8130.72, 9136.15
ENDTABLE
MU_REF_Y 1.0
LOG_ENTRY Used Dataset: Tire: Lateral Force; { Touring Tires } 185/65 R15
EXIT_PARSFILE Tires\Fy\TireFy_5f7799b4-7395-47c3-ba22-21f52a15dc2d.par

ENTER_PARSFILE Tires\Fx\TireFx_69377a8e-4e90-4d23-981e-4ec37f1913e8.par
#FullDataName Tire: Longitudinal Force`185/65 R15`Touring Tires
FX_TIRE_CARPET 2D_FROM_ZERO
0, 1348.41, 2696.83, 4045.24, 5393.66, 6742.07, 8090.49, 9438.9, 10787.32
0.02, 749.08, 1467.54, 2150.67, 2795.82, 3401.21, 3965.57, 4488, 4967.88
0.04, 1115.98, 2195.04, 3231.13, 4220.59, 5160.69, 6049.26, 6884.51, 7664.92
0.06, 1262.72, 2489.15, 3673.21, 4811.15, 5900.09, 6937.68, 7921.87, 8850.87
0.08, 1323.92, 2612.87, 3860.97, 5064.55, 6220.79, 7327.35, 8382.18, 9383.47
0.1, 1349.84, 2665.9, 3942.48, 5176.03, 6363.81, 7503.53, 8593.19, 9631
0.12, 1359.43, 2686.07, 3974.39, 5220.94, 6423.05, 7578.49, 8685.31, 9741.75
0.14, 1360.79, 2689.61, 3981.09, 5231.85, 6439.29, 7601.23, 8715.78, 9781.22
0.16, 1357.79, 2684.3, 3974.29, 5224.45, 6432.24, 7595.53, 8712.46, 9781.37
0.18, 1352.45, 2674.21, 3960.14, 5206.99, 6412.28, 7573.93, 8690.1, 9759.18
0.2, 1345.89, 2661.59, 3942.04, 5184.06, 6385.21, 7543.45, 8656.99, 9724.22
0.22, 1338.74, 2647.73, 3921.96, 5158.33, 6354.42, 7508.22, 8617.98, 9682.14
0.24, 1331.39, 2633.39, 3901.09, 5131.38, 6321.91, 7470.71, 8576.04, 9636.37
0.26, 1324.06, 2619.05, 3880.11, 5104.18, 6288.94, 7432.44, 8532.98, 9589.05
0.28, 1316.88, 2604.97, 3859.46, 5077.32, 6256.26, 7394.36, 8489.94, 9541.5
0.3, 1309.93, 2591.32, 3839.38, 5051.14, 6224.33, 7357.03, 8447.6, 9494.58
0.32, 1303.26, 2578.17, 3820.02, 5025.85, 6193.4, 7320.8, 8406.41, 9448.78
0.34, 1296.87, 2565.58, 3801.46, 5001.56, 6163.65, 7285.87, 8366.61, 9404.43
0.36, 1290.77, 2553.57, 3783.71, 4978.3, 6135.12, 7252.33, 8328.33, 9361.7
0.38, 1284.97, 2542.12, 3766.79, 4956.1, 6107.85, 7220.22, 8291.63, 9320.66
0.4, 1279.46, 2531.22, 3750.67, 4934.93, 6081.82, 7189.54, 8256.51, 9281.34
0.42, 1274.22, 2520.86, 3735.32, 4914.76, 6057.01, 7160.26, 8222.96, 9243.73
0.44, 1269.24, 2511.01, 3720.73, 4895.56, 6033.36, 7132.33, 8190.92, 9207.77
0.46, 1264.51, 2501.64, 3706.84, 4877.28, 6010.83, 7105.69, 8160.34, 9173.43
0.48, 1260.01, 2492.73, 3693.62, 4859.87, 5989.35, 7080.29, 8131.16, 9140.62
0.5, 1255.73, 2484.25, 3681.04, 4843.29, 5968.89, 7056.06, 8103.31, 9109.29
0.52, 1251.66, 2476.18, 3669.05, 4827.49, 5949.37, 7032.95, 8076.72, 9079.35
0.54, 1247.78, 2468.48, 3657.62, 4812.42, 5930.75, 7010.89, 8051.32, 9050.74
0.56, 1244.08, 2461.15, 3646.73, 4798.04, 5912.98, 6989.81, 8027.05, 9023.38
0.58, 1240.56, 2454.16, 3636.33, 4784.31, 5896, 6969.68, 8003.85, 8997.21
0.6, 1237.19, 2447.48, 3626.4, 4771.19, 5879.78, 6950.42, 7981.66, 8972.17
0.62, 1233.98, 2441.1, 3616.9, 4758.65, 5864.26, 6932, 7960.41, 8948.18
0.64, 1230.9, 2434.99, 3607.83, 4746.66, 5849.4, 6914.36, 7940.06, 8925.2
0.66, 1227.96, 2429.15, 3599.13, 4735.17, 5835.18, 6897.46, 7920.55, 8903.16
0.68, 1225.15, 2423.56, 3590.81, 4724.16, 5821.54, 6881.25, 7901.84, 8882.01
0.7, 1222.45, 2418.2, 3582.83, 4713.6, 5808.46, 6865.71, 7883.88, 8861.71
0.72, 1219.87, 2413.06, 3575.17, 4703.48, 5795.91, 6850.78, 7866.64, 8842.21
0.74, 1217.38, 2408.13, 3567.82, 4693.75, 5783.85, 6836.44, 7850.07, 8823.47
0.76, 1215, 2403.39, 3560.76, 4684.41, 5772.27, 6822.66, 7834.14, 8805.44
0.78, 1212.71, 2398.83, 3553.98, 4675.42, 5761.12, 6809.4, 7818.81, 8788.08
0.8, 1210.51, 2394.45, 3547.45, 4666.78, 5750.4, 6796.63, 7804.05, 8771.37
0.82, 1208.39, 2390.24, 3541.16, 4658.46, 5740.07, 6784.34, 7789.83, 8755.27
0.84, 1206.35, 2386.18, 3535.11, 4650.44, 5730.12, 6772.49, 7776.12, 8739.74
0.86, 1204.38, 2382.27, 3529.27, 4642.71, 5720.53, 6761.07, 7762.9, 8724.76
0.88, 1202.48, 2378.49, 3523.65, 4635.26, 5711.28, 6750.05, 7750.14, 8710.3
0.9, 1200.66, 2374.85, 3518.22, 4628.06, 5702.35, 6739.41, 7737.82, 8696.34
0.92, 1198.89, 2371.34, 3512.98, 4621.11, 5693.72, 6729.13, 7725.92, 8682.85
0.94, 1197.19, 2367.95, 3507.91, 4614.4, 5685.38, 6719.19, 7714.42, 8669.8
0.96, 1195.54, 2364.67, 3503.02, 4607.92, 5677.32, 6709.59, 7703.29, 8657.19
0.98, 1193.95, 2361.49, 3498.29, 4601.64, 5669.53, 6700.3, 7692.53, 8644.98
1, 1192.4, 2358.43, 3493.71, 4595.57, 5661.98, 6691.3, 7682.1, 8633.15
1.02, 1192.4, 2358.43, 3493.71, 4595.57, 5661.98, 6691.3, 7682.1, 8633.15
ENDTABLE
MU_REF_X 1.0
LOG_ENTRY Used Dataset: Tire: Longitudinal Force; { Touring Tires } 185/65 R15
EXIT_PARSFILE Tires\Fx\TireFx_69377a8e-4e90-4d23-981e-4ec37f1913e8.par

ENTER_PARSFILE Tires\Camber_Thrust\CamStiff_9fadad33-a832-4e17-8456-afae4628e59e.par
#FullDataName Tire: Camber Thrust Coefficient`185/65 R15`Touring Tires
KGAMMA_TABLE SPLINE
0, 0
539.36575, -2.7569
1078.7315, -5.5319
1618.09725, -8.3278
2157.463, -11.1465
2696.82875, -13.9894
3236.1945, -16.8575
3775.56025, -19.7519
4314.926, -22.6733
4854.29175, -25.6224
5393.6575, -28.6
5933.02325, -31.6066
6472.389, -34.6428
7011.75475, -37.7092
7551.1205, -40.8061
8090.48625, -43.9341
8629.852, -47.0935
9169.21775, -50.2849
9708.5835, -53.5086
10247.94925, -56.7649
10787.315, -60.0543
ENDTABLE
LOG_ENTRY Used Dataset: Tire: Camber Thrust Coefficient; { Touring Tires } 185/65 R15
EXIT_PARSFILE Tires\Camber_Thrust\CamStiff_9fadad33-a832-4e17-8456-afae4628e59e.par

LOG_ENTRY Used Dataset: Tire; { Touring Tires } 185/65 R15
EXIT_PARSFILE Tires\Tire\Tire_32d50ee3-24f4-467a-9ea6-f7a58460e0cf.par

iaxle 2
ENTER_PARSFILE Suspensions\Kin_Indy\KinInd_8681c1a9-e2fb-4dd0-9776-a133947d5404.par
#FullDataName Suspension: Independent System Kinematics`B-Class, Sports Car (VSA) - Rear`B-Class
iside 1
OPT_JNC_DESIGN 1
OPT_IND_KIN 0
R_US_STR 0
L_TRACK 1420
Y_CL_SUSP 0
M_US 62.6
ENTER_PARSFILE Suspensions\Dive\Dive_e98e9b40-578f-4825-8c70-75edb22e4d2b.par
#FullDataName Suspension: Dive Angle (Caster Change)`Dive vs Jounce`B-Class, Sports Car (VSA) - Rear
SUSP_DIVE_COMBINE ADD
SUSP_DIVE_TABLE SPLINE
-70, -3.225127935
-60, -2.711981058
-50, -2.225689173
-40, -1.76468575
-30, -1.327484727
-20, -0.912664354
-10, -0.518851399
-1.41e-15, -0.14470695
10, 0.211087257
20, 0.549842179
30, 0.872874379
40, 1.18151927
50, 1.477143884
60, 1.761161208
70, 2.035044193
ENDTABLE
SUSP_DIVE_JNC_OTHER_SIDE_CONSTANT 0
LOG_ENTRY Used Dataset: Suspension: Dive Angle (Caster Change); { B-Class, Sports Car (VSA) - Rear } Dive vs Jounce
EXIT_PARSFILE Suspensions\Dive\Dive_e98e9b40-578f-4825-8c70-75edb22e4d2b.par

ENTER_PARSFILE Suspensions\Longitudinal\SusX_a716db55-b64d-417c-a3ba-ab739e784e95.par
#FullDataName Suspension: Longitudinal Movement`X vs Jounce`B-Class, Sports Car (VSA) - Rear
SUSP_X_COMBINE ADD
SUSP_X_TABLE SPLINE
-70, 15.03738022
-60, 12.34798813
-50, 9.840740204
-40, 7.512577057
-30, 5.361045361
-20, 3.384253502
-10, 1.580836773
-1.41e-15, -0.050069828
10, -1.508849859
20, -2.795418262
30, -3.909227848
40, -4.849269867
50, -5.614069462
60, -6.201675415
70, -6.609642506
ENDTABLE
SUSP_X_JNC_OTHER_SIDE_CONSTANT 0
LOG_ENTRY Used Dataset: Suspension: Longitudinal Movement; { B-Class, Sports Car (VSA) - Rear } X vs Jounce
EXIT_PARSFILE Suspensions\Longitudinal\SusX_a716db55-b64d-417c-a3ba-ab739e784e95.par

ENTER_PARSFILE Suspensions\Camber\Camber_428457f1-e56f-496f-ab92-4173a7fce003.par
#FullDataName Suspension: Camber Angle`Camber vs Jounce`B-Class, Sports Car (VSA) - Rear
CAMBER_COMBINE ADD
CAMBER_TABLE SPLINE
-70, 2.077540159
-60, 1.800058723
-50, 1.514431357
-40, 1.219539285
-30, 0.914334118
-20, 0.597816169
-10, 0.269015461
-1.41e-15, -0.073025167
10, -0.429265112
20, -0.800680101
30, -1.188276052
40, -1.593102098
50, -2.016265154
60, -2.458943367
70, -2.92240262
ENDTABLE
SUSP_CAMBER_JNC_OTHER_SIDE_CONSTANT 0
LOG_ENTRY Used Dataset: Suspension: Camber Angle; { B-Class, Sports Car (VSA) - Rear } Camber vs Jounce
EXIT_PARSFILE Suspensions\Camber\Camber_428457f1-e56f-496f-ab92-4173a7fce003.par

ENTER_PARSFILE Suspensions\Lateral\LatJnc_6ea985b5-02ac-4442-8300-a496e924499a.par
#FullDataName Suspension: Lateral Movement Due to Jounce`Lateral Inward vs Jounce`B-Class, Sports Car (VSA) - Rear
SUSP_LAT_COMBINE ADD
SUSP_LAT_TABLE SPLINE
-70, 8.083835602
-60, 6.011531353
-50, 4.255320072
-40, 2.80618453
-30, 1.656466365
-20, 0.799731731
-10, 0.230664507
-1.41e-15, -0.055017542
10, -0.060627621
20, 0.211442173
30, 0.759688079
40, 1.583475947
50, 2.683036089
60, 4.059470654
70, 5.714776039
ENDTABLE
SUSP_LAT_JNC_OTHER_SIDE_CONSTANT 0
SUSP_Y_AXLE_ROLL_COMBINE ADD ! in case this is for a solid axle
SUSP_LAT_AXLE_JOUNCE_TABLE SPLINE
-70, 8.083835602
-60, 6.011531353
-50, 4.255320072
-40, 2.80618453
-30, 1.656466365
-20, 0.799731731
-10, 0.230664507
-1.41e-15, -0.055017542
10, -0.060627621
20, 0.211442173
30, 0.759688079
40, 1.583475947
50, 2.683036089
60, 4.059470654
70, 5.714776039
ENDTABLE
LOG_ENTRY Used Dataset: Suspension: Lateral Movement Due to Jounce; { B-Class, Sports Car (VSA) - Rear } Lateral Inward vs Jounce
EXIT_PARSFILE Suspensions\Lateral\LatJnc_6ea985b5-02ac-4442-8300-a496e924499a.par

ENTER_PARSFILE Suspensions\Toe\Toe_e4d7871d-8bf3-43c9-869e-2edd1d63a760.par
#FullDataName Suspension: Toe Angle`Toe vs Jounce`B-Class, Sports Car (VSA) - Rear
TOE_COMBINE ADD
TOE_TABLE SPLINE
-70, -0.399982214
-60, -0.321766049
-50, -0.252705663
-40, -0.190535024
-30, -0.133197621
-20, -0.078813784
-10, -0.02565366
-1.41e-15, 0.027885195
10, 0.083296604
20, 0.141981483
30, 0.205261052
40, 0.274387896
50, 0.35055536
60, 0.434905171
70, 0.528533816
ENDTABLE
SUSP_TOE_JNC_OTHER_SIDE_CONSTANT 0
LOG_ENTRY Used Dataset: Suspension: Toe Angle; { B-Class, Sports Car (VSA) - Rear } Toe vs Jounce
EXIT_PARSFILE Suspensions\Toe\Toe_e4d7871d-8bf3-43c9-869e-2edd1d63a760.par

M_US_IND 31.3
M_US_STR 0
IW 0.08
IW_XXZZ 0.04
JNC_DESIGN 0
A_TOE 0
A_CAMBER 0
iside 2
ENTER_PARSFILE Suspensions\Dive\Dive_e98e9b40-578f-4825-8c70-75edb22e4d2b.par
#FullDataName Suspension: Dive Angle (Caster Change)`Dive vs Jounce`B-Class, Sports Car (VSA) - Rear
SUSP_DIVE_COMBINE ADD
SUSP_DIVE_TABLE SPLINE
-70, -3.225127935
-60, -2.711981058
-50, -2.225689173
-40, -1.76468575
-30, -1.327484727
-20, -0.912664354
-10, -0.518851399
-1.41e-15, -0.14470695
10, 0.211087257
20, 0.549842179
30, 0.872874379
40, 1.18151927
50, 1.477143884
60, 1.761161208
70, 2.035044193
ENDTABLE
SUSP_DIVE_JNC_OTHER_SIDE_CONSTANT 0
LOG_ENTRY Used Dataset: Suspension: Dive Angle (Caster Change); { B-Class, Sports Car (VSA) - Rear } Dive vs Jounce
EXIT_PARSFILE Suspensions\Dive\Dive_e98e9b40-578f-4825-8c70-75edb22e4d2b.par

ENTER_PARSFILE Suspensions\Longitudinal\SusX_a716db55-b64d-417c-a3ba-ab739e784e95.par
#FullDataName Suspension: Longitudinal Movement`X vs Jounce`B-Class, Sports Car (VSA) - Rear
SUSP_X_COMBINE ADD
SUSP_X_TABLE SPLINE
-70, 15.03738022
-60, 12.34798813
-50, 9.840740204
-40, 7.512577057
-30, 5.361045361
-20, 3.384253502
-10, 1.580836773
-1.41e-15, -0.050069828
10, -1.508849859
20, -2.795418262
30, -3.909227848
40, -4.849269867
50, -5.614069462
60, -6.201675415
70, -6.609642506
ENDTABLE
SUSP_X_JNC_OTHER_SIDE_CONSTANT 0
LOG_ENTRY Used Dataset: Suspension: Longitudinal Movement; { B-Class, Sports Car (VSA) - Rear } X vs Jounce
EXIT_PARSFILE Suspensions\Longitudinal\SusX_a716db55-b64d-417c-a3ba-ab739e784e95.par

ENTER_PARSFILE Suspensions\Camber\Camber_428457f1-e56f-496f-ab92-4173a7fce003.par
#FullDataName Suspension: Camber Angle`Camber vs Jounce`B-Class, Sports Car (VSA) - Rear
CAMBER_COMBINE ADD
CAMBER_TABLE SPLINE
-70, 2.077540159
-60, 1.800058723
-50, 1.514431357
-40, 1.219539285
-30, 0.914334118
-20, 0.597816169
-10, 0.269015461
-1.41e-15, -0.073025167
10, -0.429265112
20, -0.800680101
30, -1.188276052
40, -1.593102098
50, -2.016265154
60, -2.458943367
70, -2.92240262
ENDTABLE
SUSP_CAMBER_JNC_OTHER_SIDE_CONSTANT 0
LOG_ENTRY Used Dataset: Suspension: Camber Angle; { B-Class, Sports Car (VSA) - Rear } Camber vs Jounce
EXIT_PARSFILE Suspensions\Camber\Camber_428457f1-e56f-496f-ab92-4173a7fce003.par

ENTER_PARSFILE Suspensions\Lateral\LatJnc_6ea985b5-02ac-4442-8300-a496e924499a.par
#FullDataName Suspension: Lateral Movement Due to Jounce`Lateral Inward vs Jounce`B-Class, Sports Car (VSA) - Rear
SUSP_LAT_COMBINE ADD
SUSP_LAT_TABLE SPLINE
-70, 8.083835602
-60, 6.011531353
-50, 4.255320072
-40, 2.80618453
-30, 1.656466365
-20, 0.799731731
-10, 0.230664507
-1.41e-15, -0.055017542
10, -0.060627621
20, 0.211442173
30, 0.759688079
40, 1.583475947
50, 2.683036089
60, 4.059470654
70, 5.714776039
ENDTABLE
SUSP_LAT_JNC_OTHER_SIDE_CONSTANT 0
SUSP_Y_AXLE_ROLL_COMBINE ADD ! in case this is for a solid axle
SUSP_LAT_AXLE_JOUNCE_TABLE SPLINE
-70, 8.083835602
-60, 6.011531353
-50, 4.255320072
-40, 2.80618453
-30, 1.656466365
-20, 0.799731731
-10, 0.230664507
-1.41e-15, -0.055017542
10, -0.060627621
20, 0.211442173
30, 0.759688079
40, 1.583475947
50, 2.683036089
60, 4.059470654
70, 5.714776039
ENDTABLE
LOG_ENTRY Used Dataset: Suspension: Lateral Movement Due to Jounce; { B-Class, Sports Car (VSA) - Rear } Lateral Inward vs Jounce
EXIT_PARSFILE Suspensions\Lateral\LatJnc_6ea985b5-02ac-4442-8300-a496e924499a.par

ENTER_PARSFILE Suspensions\Toe\Toe_e4d7871d-8bf3-43c9-869e-2edd1d63a760.par
#FullDataName Suspension: Toe Angle`Toe vs Jounce`B-Class, Sports Car (VSA) - Rear
TOE_COMBINE ADD
TOE_TABLE SPLINE
-70, -0.399982214
-60, -0.321766049
-50, -0.252705663
-40, -0.190535024
-30, -0.133197621
-20, -0.078813784
-10, -0.02565366
-1.41e-15, 0.027885195
10, 0.083296604
20, 0.141981483
30, 0.205261052
40, 0.274387896
50, 0.35055536
60, 0.434905171
70, 0.528533816
ENDTABLE
SUSP_TOE_JNC_OTHER_SIDE_CONSTANT 0
LOG_ENTRY Used Dataset: Suspension: Toe Angle; { B-Class, Sports Car (VSA) - Rear } Toe vs Jounce
EXIT_PARSFILE Suspensions\Toe\Toe_e4d7871d-8bf3-43c9-869e-2edd1d63a760.par

M_US_IND 31.3
M_US_STR 0
IW 0.08
IW_XXZZ 0.04
JNC_DESIGN 0
A_TOE 0
A_CAMBER 0
LOG_ENTRY Used Dataset: Suspension: Independent System Kinematics; { B-Class } B-Class, Sports Car (VSA) - Rear
EXIT_PARSFILE Suspensions\Kin_Indy\KinInd_8681c1a9-e2fb-4dd0-9776-a133947d5404.par

ENTER_PARSFILE Suspensions\Compliance\CmpInd_a120a7e5-bbd3-4c2f-9d50-c2178883e2bc.par
#FullDataName Suspension: Independent Compliance, Springs, and Dampers`B-Class, Sports Car (VSA) - Rear`B-Class
DAUX 0
iside 1
OPT_EXT_SP 0
FS_COMP_COEFFICIENT 130
FS_EXT_COEFFICIENT 130
FS_COMP_OFFSET 10
FS_EXT_OFFSET -10
SPRING_COMP_BETA 1
SPRING_EXT_BETA 1
ENTER_PARSFILE Generic\tables\GenTab_fc2bec3d-084e-455e-ac35-a09ab317e93a.par
#FullDataName Generic Table`Rear Spring Comp vs Jounce`B-Class, Sports Car (VSA)
CMP_SPR_SEAT_TABLE SPLINE
-70, -36.5394783
-60, -31.25504875
-50, -26.00815392
-40, -20.79565048
-30, -15.61476231
-20, -10.46303844
-10, -5.338348866
-1.41e-15, -0.238867223
10, 4.836929798
20, 9.890257835
30, 14.92201233
40, 19.93274307
50, 24.92262459
60, 29.89140892
70, 34.83837128
ENDTABLE
LOG_ENTRY Used Dataset: Generic Table; { B-Class, Sports Car (VSA) } Rear Spring Comp vs Jounce
EXIT_PARSFILE Generic\tables\GenTab_fc2bec3d-084e-455e-ac35-a09ab317e93a.par

L_SPG_ADJ 0
FS_OFFSET 0
CMP_OFFSET 0
FD_COEFFICIENT 6.2
ENTER_PARSFILE Generic\tables\GenTab_d86b7ae9-4744-45d1-b7fd-f5ce440bf357.par
#FullDataName Generic Table`Rear Damper Comp vs Jounce`B-Class, Sports Car (VSA)
CMP_DAMP_TABLE SPLINE
-70, -52.38134766
-60, -44.79259872
-50, -37.25465393
-40, -29.76395798
-30, -22.31740379
-20, -14.91228676
-10, -7.546272278
-1.41e-15, -0.217389405
10, 7.075986862
20, 14.33514023
30, 21.56100655
40, 28.75417328
50, 35.91485596
60, 43.04288101
70, 50.13765335
ENDTABLE
LOG_ENTRY Used Dataset: Generic Table; { B-Class, Sports Car (VSA) } Rear Damper Comp vs Jounce
EXIT_PARSFILE Generic\tables\GenTab_d86b7ae9-4744-45d1-b7fd-f5ce440bf357.par

ENTER_PARSFILE Suspensions\Jounce_Rebound\JncReb_2ffa8946-0682-4d5d-98fd-65f848ce56cf.par
#FullDataName Suspension: Jounce and Rebound Stops`+70 mm / -70 mm`Jounce Range: 50 mm to 99 mm
F_JNC_STOP_TABLE LINEAR
68, 0
69, 0
70, 10000
ENDTABLE
F_REB_STOP_TABLE LINEAR
-70, -10000
-69, 0
-68, 0
ENDTABLE
LOG_ENTRY Used Dataset: Suspension: Jounce and Rebound Stops; { Jounce Range: 50 mm to 99 mm } +70 mm / -70 mm
EXIT_PARSFILE Suspensions\Jounce_Rebound\JncReb_2ffa8946-0682-4d5d-98fd-65f848ce56cf.par

CMP_JSTOP_COEFFICIENT 1
CMP_RSTOP_COEFFICIENT 1
CT_FX_COEFFICIENT 1.5e-5
CS_FY_COEFFICIENT -4.5e-5
CS_MZ_COEFFICIENT 1.6e-4
CC_FX_COEFFICIENT -7.3e-5
CI_FY_COEFFICIENT 8.4e-5
CI_MZ_COEFFICIENT -8.9e-5
C_LONG_COEFFICIENT -1.1e-4
C_LAT_COEFFICIENT 6.6e-5
CD_MY_COEFFICIENT 1.4e-3
iside 2
OPT_EXT_SP 0
FS_COMP_COEFFICIENT 130
FS_EXT_COEFFICIENT 130
FS_COMP_OFFSET 10
FS_EXT_OFFSET -10
SPRING_COMP_BETA 1
SPRING_EXT_BETA 1
ENTER_PARSFILE Generic\tables\GenTab_fc2bec3d-084e-455e-ac35-a09ab317e93a.par
#FullDataName Generic Table`Rear Spring Comp vs Jounce`B-Class, Sports Car (VSA)
CMP_SPR_SEAT_TABLE SPLINE
-70, -36.5394783
-60, -31.25504875
-50, -26.00815392
-40, -20.79565048
-30, -15.61476231
-20, -10.46303844
-10, -5.338348866
-1.41e-15, -0.238867223
10, 4.836929798
20, 9.890257835
30, 14.92201233
40, 19.93274307
50, 24.92262459
60, 29.89140892
70, 34.83837128
ENDTABLE
LOG_ENTRY Used Dataset: Generic Table; { B-Class, Sports Car (VSA) } Rear Spring Comp vs Jounce
EXIT_PARSFILE Generic\tables\GenTab_fc2bec3d-084e-455e-ac35-a09ab317e93a.par

L_SPG_ADJ 0
FS_OFFSET 0
CMP_OFFSET 0
FD_COEFFICIENT 6.2
ENTER_PARSFILE Generic\tables\GenTab_d86b7ae9-4744-45d1-b7fd-f5ce440bf357.par
#FullDataName Generic Table`Rear Damper Comp vs Jounce`B-Class, Sports Car (VSA)
CMP_DAMP_TABLE SPLINE
-70, -52.38134766
-60, -44.79259872
-50, -37.25465393
-40, -29.76395798
-30, -22.31740379
-20, -14.91228676
-10, -7.546272278
-1.41e-15, -0.217389405
10, 7.075986862
20, 14.33514023
30, 21.56100655
40, 28.75417328
50, 35.91485596
60, 43.04288101
70, 50.13765335
ENDTABLE
LOG_ENTRY Used Dataset: Generic Table; { B-Class, Sports Car (VSA) } Rear Damper Comp vs Jounce
EXIT_PARSFILE Generic\tables\GenTab_d86b7ae9-4744-45d1-b7fd-f5ce440bf357.par

ENTER_PARSFILE Suspensions\Jounce_Rebound\JncReb_2ffa8946-0682-4d5d-98fd-65f848ce56cf.par
#FullDataName Suspension: Jounce and Rebound Stops`+70 mm / -70 mm`Jounce Range: 50 mm to 99 mm
F_JNC_STOP_TABLE LINEAR
68, 0
69, 0
70, 10000
ENDTABLE
F_REB_STOP_TABLE LINEAR
-70, -10000
-69, 0
-68, 0
ENDTABLE
LOG_ENTRY Used Dataset: Suspension: Jounce and Rebound Stops; { Jounce Range: 50 mm to 99 mm } +70 mm / -70 mm
EXIT_PARSFILE Suspensions\Jounce_Rebound\JncReb_2ffa8946-0682-4d5d-98fd-65f848ce56cf.par

CMP_JSTOP_COEFFICIENT 1
CMP_RSTOP_COEFFICIENT 1
CT_FX_COEFFICIENT 1.5e-5
CS_FY_COEFFICIENT -4.5e-5
CS_MZ_COEFFICIENT 1.6e-4
CC_FX_COEFFICIENT -7.3e-5
CI_FY_COEFFICIENT 8.4e-5
CI_MZ_COEFFICIENT -8.9e-5
C_LONG_COEFFICIENT -1.1e-4
C_LAT_COEFFICIENT 6.6e-5
CD_MY_COEFFICIENT 1.4e-3
LOG_ENTRY Used Dataset: Suspension: Independent Compliance, Springs, and Dampers; { B-Class } B-Class, Sports Car (VSA) - Rear
EXIT_PARSFILE Suspensions\Compliance\CmpInd_a120a7e5-bbd3-4c2f-9d50-c2178883e2bc.par

iside 1
WRITE_ADD_REFERENCE_FRAME_WHEEL
ADD_REFERENCE_FRAME L2 Wheel
SET_EULER_ANGLES YAW_ROLL_PITCH
SET_X_NAME X_L2
WRT_X_L2
ANI_X_L2
SET_Y_NAME Y_L2
WRT_Y_L2
ANI_Y_L2
SET_Z_NAME Z_L2
WRT_Z_L2
ANI_Z_L2
SET_YAW_NAME Yaw_L2
WRT_Yaw_L2
ANI_Yaw_L2
SET_PITCH_NAME Rot_L2
WRT_Rot_L2
ANI_Rot_L2
SET_ROLL_NAME Roll_L2
WRT_Roll_L2
ANI_Roll_L2
SET_SCALE_VAR_PITCH 360
X_REF_LENGTH 1
Y_REF_LENGTH 1
Z_REF_LENGTH 1
X_LENGTH 1
Y_LENGTH 1
Z_LENGTH 1
ENTER_PARSFILE Tires\Tire\Tire_32d50ee3-24f4-467a-9ea6-f7a58460e0cf.par
#FullDataName Tire`185/65 R15`Touring Tires
FZ_REF 5500
X_LENGTH 311
Z_LENGTH 311
Y_LENGTH 185
OPT_TIRE_LAG_KAPPA 2
OPT_TIRE_LAG_ALPHA 1
OPT_TIRE_MODEL 1
ENTER_PARSFILE Animator\STL_Groups\ShpGrp_27c591f4-b392-4dda-bdc3-c1e97b86f0f5.par
#FullDataName Animator: Shape Assembly`205/60 R14`Tires
ENTER_PARSFILE Animator\STL\Shape_b54ddb18-10e4-4787-b570-f358b7c20e39.par
#FullDataName Animator: Shape File Link`205/60 R14: Tire`Common Vehicle Assets: Tires
add_obj Animator\3D_Shape_Files\Common_Vehicle_Assets\Tires\205_60R14\tire.obj
SET_COLOR 1 1 1
set_lighting on
set_fogging on
SET_SPECULAR 0.3 0.3 0.3
vsv_enable_shadows_recursive
LOG_ENTRY Used Dataset: Animator: Shape File Link; { Common Vehicle Assets: Tires } 205/60 R14: Tire
EXIT_PARSFILE Animator\STL\Shape_b54ddb18-10e4-4787-b570-f358b7c20e39.par

ENTER_PARSFILE Animator\STL\Shape_b8cfbea3-cf74-4924-9d45-f9b0374ebc09.par
#FullDataName Animator: Shape File Link`205/60 R14: Wheel`Common Vehicle Assets: Tires
add_obj Animator\3D_Shape_Files\Common_Vehicle_Assets\Tires\205_60R14\wheel.obj
SET_COLOR .62 .62 .62
set_lighting on
set_fogging on
SET_SPECULAR 0.5 0.5 0.5
vsv_enable_shadows_recursive
LOG_ENTRY Used Dataset: Animator: Shape File Link; { Common Vehicle Assets: Tires } 205/60 R14: Wheel
EXIT_PARSFILE Animator\STL\Shape_b8cfbea3-cf74-4924-9d45-f9b0374ebc09.par

ENTER_PARSFILE Animator\STL\Shape_05464ee2-1bc0-4a83-ac1f-07f41e4809be.par
#FullDataName Animator: Shape File Link`205/60 R14: Stripe`Common Vehicle Assets: Tires
add_obj Animator\3D_Shape_Files\Common_Vehicle_Assets\Tires\205_60R14\stripe.obj
SET_COLOR 1 1 1
SET_OFFSET_X 0
SET_OFFSET_Y 0.01
SET_OFFSET_Z 0.01
set_lighting on
set_fogging on
SET_SPECULAR 0 0 0
LOG_ENTRY Used Dataset: Animator: Shape File Link; { Common Vehicle Assets: Tires } 205/60 R14: Stripe
EXIT_PARSFILE Animator\STL\Shape_05464ee2-1bc0-4a83-ac1f-07f41e4809be.par

x_ref_length 301
y_ref_length 205
z_ref_length 301
LOG_ENTRY Used Dataset: Animator: Shape Assembly; { Tires } 205/60 R14
EXIT_PARSFILE Animator\STL_Groups\ShpGrp_27c591f4-b392-4dda-bdc3-c1e97b86f0f5.par

WRITE_WHEEL_OFFSET
SET_OFFSET_Y 0
RRE 298
R0 311
FZ_TIRE_COEFFICIENT 232
FZ_MAX 100000
M_TIRE 18
IT 1
IT_XXZZ 0.6
ENTER_PARSFILE Generic\tables\GenTab_6200ca2d-9af8-4768-9d04-87ea0bd47068.par
#FullDataName Generic Table`Lx Variable, Scaled to Tire`Tire Relaxation Length
SET_UNITS L_RELAX_X_TABLE m
L_RELAX_X_GAIN = RRE/5
FZ_SCALE_L_RELAX_X = FZ_REF
L_RELAX_X_COMBINE MULTIPLY
L_RELAX_X_TABLE SPLINE_FLAT
-0.1, 0.13526
-0.095, 0.13793
-0.09, 0.1431
-0.085, 0.14862
-0.08, 0.1552
-0.075, 0.16251
-0.07, 0.17087
-0.065, 0.18085
-0.06, 0.1926
-0.055, 0.20631
-0.05, 0.22324
-0.045, 0.24389
-0.04, 0.26989
-0.035, 0.30301
-0.03, 0.34575
-0.025, 0.40397
-0.02, 0.48251
-0.015, 0.59275
-0.01, 0.7393
-0.005, 0.90707
0, 1
0.005, 0.90707
0.01, 0.7393
0.015, 0.59275
0.02, 0.48251
0.025, 0.40397
0.03, 0.34575
0.035, 0.30301
0.04, 0.26989
0.045, 0.24389
0.05, 0.22324
0.055, 0.20631
0.06, 0.1926
0.065, 0.18085
0.07, 0.17087
0.075, 0.16251
0.08, 0.1552
0.085, 0.14862
0.09, 0.1431
0.095, 0.13793
0.1, 0.13526
ENDTABLE
L_RELAX_X_FZ_TABLE LINEAR
0, 0.2
1, 1
ENDTABLE
LOG_ENTRY Used Dataset: Generic Table; { Tire Relaxation Length } Lx Variable, Scaled to Tire
EXIT_PARSFILE Generic\tables\GenTab_6200ca2d-9af8-4768-9d04-87ea0bd47068.par

ENTER_PARSFILE Generic\tables\GenTab_edb0dc74-f107-43df-b9cc-c9fa4d21267d.par
#FullDataName Generic Table`Ly Variable, Scaled to Tire`Tire Relaxation Length
SET_UNITS L_RELAX_Y_TABLE m
L_RELAX_Y_GAIN = RRE*2
FZ_SCALE_L_RELAX_Y = FZ_REF
L_RELAX_Y_COMBINE MULTIPLY
L_RELAX_Y_TABLE SPLINE_FLAT
-10, 0.039175
-9.5, 0.042142
-9, 0.047886
-8.5, 0.054018
-8, 0.061335
-7.5, 0.069451
-7, 0.078749
-6.5, 0.089829
-6, 0.10289
-5.5, 0.11812
-5, 0.13693
-4.5, 0.15988
-4, 0.18877
-3.5, 0.22557
-3, 0.27305
-2.5, 0.33775
-2, 0.42501
-1.5, 0.5475
-1, 0.71033
-0.5, 0.89674
0, 1
0.5, 0.89674
1, 0.71033
1.5, 0.5475
2, 0.42501
2.5, 0.33775
3, 0.27305
3.5, 0.22557
4, 0.18877
4.5, 0.15988
5, 0.13693
5.5, 0.11812
6, 0.10289
6.5, 0.089829
7, 0.078749
7.5, 0.069451
8, 0.061335
8.5, 0.054018
9, 0.047886
9.5, 0.042142
10, 0.039175
ENDTABLE
L_RELAX_Y_FZ_TABLE SPLINE
0, 0.1
1, 1
2, 1.5805
ENDTABLE
LOG_ENTRY Used Dataset: Generic Table; { Tire Relaxation Length } Ly Variable, Scaled to Tire
EXIT_PARSFILE Generic\tables\GenTab_edb0dc74-f107-43df-b9cc-c9fa4d21267d.par

VLOW_KAPPA 2
VLOW_ALPHA 2
RR_C 0.004
RR_V 0.000025
L_CONTACT_X_CONSTANT 90
L_CONTACT_Y_CONSTANT 185
RR_FX 1
OPT_TIRE_COMB 1
R_TIRE_COMB 1.1
ENTER_PARSFILE Tires\Mz\TireMz_252ff4ea-8385-4909-a1d8-aba950fe4eff.par
#FullDataName Tire: Aligning Moment`185/65 R15 (SAE)`Touring Tires
MZ_TIRE_CARPET 2D_FROM_ZERO
0, 1348.41, 2696.83, 4045.24, 5393.66, 6742.07, 8090.49, 9438.9, 10787.32
0.5, 4.88601723, 9.66987409, 14.33467596, 18.87411987, 23.28555114, 27.57040611, 31.71930304, 35.74385789
1, 9.941091373, 19.68136483, 29.18783996, 38.4412927, 47.43205003, 56.14693923, 64.58102633, 72.73797325
1.5, 14.19661184, 28.28396795, 42.21896119, 55.96402949, 69.46845603, 82.70026147, 95.61293454, 108.1772848
2, 15.9942511, 32.29359371, 48.89394096, 65.75911191, 82.8258302, 100.0143964, 117.2286823, 134.3674567
2.5, 15.04360183, 30.8504622, 47.53864386, 65.14007155, 83.66151606, 103.0515843, 123.2402165, 144.1080833
3, 12.60943066, 26.22773697, 41.06180529, 57.25809695, 74.9318986, 94.17378411, 115.0197937, 137.480628
3.5, 9.942934339, 20.91181446, 33.15690865, 46.8991333, 62.33856214, 79.68897908, 99.13277383, 120.8537509
4, 7.607022193, 16.14434865, 25.86699943, 37.00499855, 49.8131184, 64.55610421, 81.5249254, 101.0168716
4.5, 5.718102444, 12.2396934, 19.80168098, 28.6247113, 38.9612222, 51.08585966, 65.32722768, 82.05164923
5, 4.227656677, 9.144447318, 14.94755556, 21.84182369, 30.06131469, 39.86761132, 51.57702392, 65.5734127
5.5, 3.060162372, 6.699290162, 11.09978941, 16.43314999, 22.90472728, 30.75673636, 40.28605826, 51.84709405
6, 2.13398776, 4.758825734, 8.036913419, 12.11369838, 17.16526903, 23.41385135, 31.11788633, 40.60052573
6.5, 1.387393108, 3.205604542, 5.578287829, 8.6359307, 12.54188735, 17.47072375, 23.66901718, 31.41508061
7, 0.787475174, 1.94231022, 3.576696831, 5.8086804, 8.77376626, 12.62885178, 17.58063704, 23.89016432
7.5, 0.288159656, 0.900887904, 1.932096131, 3.484624194, 5.676924927, 8.641731093, 12.56734984, 17.6780914
8, -0.127254466, 0.03434089, 0.565824694, 1.551771101, 3.099478676, 5.328668287, 8.398155033, 12.508004
8.5, -0.475597468, -0.69592932, -0.587807364, -0.075153481, 0.930712944, 2.542495808, 4.896256313, 8.170602461
9, -0.773783955, -1.320022955, -1.568360233, -1.459107239, -0.907994433, 0.178530822, 1.928974118, 4.488602798
9.5, -1.030253872, -1.855172808, -2.41533744, -2.649538418, -2.490231163, -1.848586724, -0.615962381, 1.339889238
10, -1.253495897, -2.31859882, -3.146395853, -3.682415672, -3.857674567, -3.600536763, -2.812167145, -1.371801427
10.5, -1.447709073, -2.727514882, -3.787815173, -4.580262844, -5.051641126, -5.129233162, -4.727590109, -3.736404836
11, -1.621401659, -3.090533737, -4.357094512, -5.378726055, -6.104178793, -6.472371068, -6.406100026, -5.804582285
11.5, -1.778790446, -3.411878832, -4.863010344, -6.086802174, -7.038139229, -7.662727733, -7.890962712, -7.635624294
12, -1.919826666, -3.700138742, -5.314194428, -6.71778907, -7.871710432, -8.728208412, -9.215717965, -9.264362382
12.5, -2.044435162, -3.963886185, -5.723723726, -7.289396433, -8.622954338, -9.682814662, -10.40425147, -10.72038424
13, -2.156856776, -4.198661005, -6.091460259, -7.805959933, -9.300868353, -10.54495773, -11.47551315, -12.03291099
13.5, -2.261336843, -4.417387962, -6.430448797, -8.276248891, -9.918860125, -11.32838797, -12.44832837, -13.22134071
14, -2.357825595, -4.615632754, -6.740577489, -8.704539551, -10.48584757, -12.04215012, -13.33202441, -14.30014817
14.5, -2.446221451, -4.797605101, -7.026040068, -9.104055608, -11.00616072, -12.69991549, -14.14522423, -15.29320548
15, -2.530873969, -4.96756689, -7.29113182, -9.470124024, -11.48410371, -13.30606705, -14.89713006, -16.20040721
15.5, -2.607324544, -5.125443257, -7.535713098, -9.811542728, -11.93312362, -13.86959657, -15.58751419, -17.04072633
16, -2.67989937, -5.275522355, -7.764039726, -10.12809354, -12.34386046, -14.3902745, -16.2302357, -17.81868071
16.5, -2.748569025, -5.413284904, -7.975985466, -10.42408425, -12.73434463, -14.87708287, -16.82973955, -18.54365329
17, -2.808846941, -5.543059578, -8.180312974, -10.7038809, -13.09523374, -15.33444038, -17.38570652, -19.22493919
17.5, -2.869500133, -5.664736302, -8.36797779, -10.96728964, -13.43545443, -15.76206526, -17.91210272, -19.8574413
18, -2.926117188, -5.782712999, -8.547815863, -11.21413189, -13.75941202, -16.16441141, -18.40861252, -20.45530141
18.5, -2.978602096, -5.892432025, -8.719704725, -11.44882293, -14.06225868, -16.54585707, -18.8749576, -21.01341741
19, -3.03139019, -5.993806924, -8.879028178, -11.67121947, -14.35311218, -16.90623965, -19.31566831, -21.54600673
19.5, -3.079995841, -6.095779298, -9.034733601, -11.88113027, -14.62712759, -17.25003091, -19.73048611, -22.04794091
20, -3.124402436, -6.189244308, -9.182176368, -12.08306242, -14.88881418, -17.57698498, -20.12867671, -22.52865265
20.5, -3.168984571, -6.278663977, -9.321267622, -12.27690192, -15.13799263, -17.88697198, -20.51010905, -22.98307375
21, -3.213799071, -6.368535204, -9.451925839, -12.46248309, -15.37448808, -18.1845044, -20.86970588, -23.41575019
21.5, -3.254310451, -6.449712776, -9.583213708, -12.63508136, -15.60285162, -18.46942446, -21.21691642, -23.83140644
22, -3.290434403, -6.531267464, -9.705921053, -12.80856863, -15.82298291, -18.74157239, -21.5467266, -24.22487463
22.5, -3.331273784, -6.608566879, -9.824533431, -12.96884438, -16.03002725, -19.00075856, -21.86375663, -24.60579919
23, -3.36768338, -6.681594145, -9.939017568, -13.12515409, -16.23335345, -19.25648386, -22.17274232, -24.96905588
23.5, -3.399658941, -6.754881335, -10.04931868, -13.2774539, -16.4280741, -19.49901117, -22.46377328, -25.32434377
24, -3.436300149, -6.823791883, -10.1553483, -13.42565521, -16.61888967, -19.73302082, -22.75135882, -25.6616069
24.5, -3.468491608, -6.892951361, -10.26180251, -13.56497881, -16.80093153, -19.95837664, -23.02555439, -25.98557616
25, -3.500754666, -6.957676333, -10.35918985, -13.7000394, -16.97893396, -20.17497756, -23.28625312, -26.30114442
26, -3.500754666, -6.957676333, -10.35918985, -13.7000394, -16.97893396, -20.17497756, -23.28625312, -26.30114442
ENDTABLE
LOG_ENTRY Used Dataset: Tire: Aligning Moment; { Touring Tires } 185/65 R15 (SAE)
EXIT_PARSFILE Tires\Mz\TireMz_252ff4ea-8385-4909-a1d8-aba950fe4eff.par

ENTER_PARSFILE Tires\Fy\TireFy_5f7799b4-7395-47c3-ba22-21f52a15dc2d.par
#FullDataName Tire: Lateral Force`185/65 R15`Touring Tires
FY_TIRE_CARPET 2D_FROM_ZERO
0, 1348.414375, 2696.82875, 4045.243125, 5393.6575, 6742.071875, 8090.48625, 9438.900625, 10787.315
0.5, 174.89, 343.18, 503.9, 656.5, 800.66, 936.13, 1062.77, 1180.47
1, 344.62, 676.39, 993.38, 1294.55, 1579.21, 1846.9, 2097.32, 2330.25
1.5, 504.59, 990.69, 1455.52, 1897.54, 2315.74, 2709.43, 3078.13, 3421.51
2, 651.17, 1279.04, 1880.06, 2452.26, 2994.33, 3505.32, 3984.59, 4431.67
2.5, 781.97, 1536.75, 2260.15, 2949.8, 3604.12, 4221.93, 4802.4, 5344.9
3, 895.9, 1761.62, 2592.47, 3385.75, 4139.61, 4852.69, 5523.94, 6152.6
3.5, 992.99, 1953.64, 2876.88, 3759.74, 4600.16, 5396.57, 6147.78, 6852.83
4, 1074.13, 2114.49, 3115.69, 4074.59, 4988.94, 5857, 6677.41, 7449.09
4.5, 1140.8, 2246.95, 3312.87, 4335.27, 5311.75, 6240.45, 7119.87, 7948.78
5, 1194.74, 2354.38, 3473.24, 4547.89, 5575.85, 6555.15, 7484.18, 8361.59
5.5, 1237.77, 2440.31, 3601.86, 4718.96, 5789.02, 6810.01, 7780.22, 8698.22
6, 1271.63, 2508.11, 3703.67, 4854.8, 5958.88, 7013.8, 8017.8, 8969.37
6.5, 1297.89, 2560.86, 3783.15, 4961.23, 6092.45, 7174.68, 8206.09, 9185.13
7, 1317.93, 2601.26, 3844.25, 5043.39, 6196, 7299.93, 8353.33, 9354.61
7.5, 1332.92, 2631.61, 3890.37, 5105.7, 6274.93, 7395.88, 8466.71, 9485.78
8, 1343.84, 2653.83, 3924.35, 5151.88, 6333.8, 7467.9, 8552.33, 9585.46
8.5, 1351.49, 2669.53, 3948.54, 5185.05, 6376.42, 7520.48, 8615.36, 9659.41
9, 1356.54, 2680, 3964.88, 5207.73, 6405.94, 7557.33, 8660.05, 9712.45
9.5, 1359.5, 2686.3, 3974.94, 5222.02, 6424.93, 7581.52, 8689.94, 9748.53
10, 1360.82, 2689.29, 3980.01, 5229.6, 6435.49, 7595.53, 8707.89, 9770.92
10.5, 1360.83, 2689.65, 3981.11, 5231.85, 6439.32, 7601.41, 8716.27, 9782.28
11, 1359.83, 2687.95, 3979.06, 5229.86, 6437.8, 7600.79, 8717, 9784.8
11.5, 1358.02, 2684.62, 3974.56, 5224.54, 6432.05, 7595.02, 8711.62, 9780.25
12, 1355.59, 2680.03, 3968.12, 5216.6, 6422.97, 7585.17, 8701.4, 9770.07
12.5, 1352.68, 2674.47, 3960.19, 5206.62, 6411.28, 7572.13, 8687.38, 9755.44
13, 1349.41, 2668.16, 3951.11, 5195.07, 6397.58, 7556.6, 8670.37, 9737.32
13.5, 1345.87, 2661.29, 3941.17, 5182.33, 6382.33, 7539.16, 8651.06, 9716.47
14, 1342.14, 2654.02, 3930.6, 5168.71, 6365.93, 7520.27, 8629.99, 9693.53
14.5, 1338.26, 2646.46, 3919.56, 5154.44, 6348.69, 7500.32, 8607.61, 9669.01
15, 1334.3, 2638.7, 3908.21, 5139.72, 6330.84, 7479.6, 8584.27, 9643.33
15.5, 1330.28, 2630.83, 3896.67, 5124.72, 6312.6, 7458.35, 8560.27, 9616.84
16, 1326.24, 2622.9, 3885.03, 5109.56, 6294.13, 7436.79, 8535.84, 9589.79
16.5, 1322.21, 2614.97, 3873.37, 5094.34, 6275.55, 7415.06, 8511.18, 9562.42
17, 1318.19, 2607.07, 3861.73, 5079.15, 6256.98, 7393.3, 8486.43, 9534.9
17.5, 1314.21, 2599.23, 3850.18, 5064.04, 6238.49, 7371.6, 8461.73, 9507.38
18, 1310.28, 2591.48, 3838.75, 5049.07, 6220.15, 7350.06, 8437.16, 9479.97
18.5, 1306.4, 2583.83, 3827.46, 5034.28, 6202, 7328.72, 8412.8, 9452.77
19, 1302.59, 2576.3, 3816.34, 5019.7, 6184.1, 7307.65, 8388.72, 9425.85
19.5, 1298.84, 2568.91, 3805.41, 5005.35, 6166.47, 7286.89, 8364.97, 9399.27
20, 1295.17, 2561.65, 3794.67, 4991.25, 6149.14, 7266.45, 8341.57, 9373.06
20.5, 1291.56, 2554.53, 3784.13, 4977.42, 6132.12, 7246.37, 8318.57, 9347.28
21, 1288.04, 2547.56, 3773.81, 4963.85, 6115.42, 7226.66, 8295.97, 9321.93
21.5, 1284.59, 2540.73, 3763.7, 4950.55, 6099.05, 7207.33, 8273.8, 9297.04
22, 1281.21, 2534.06, 3753.81, 4937.54, 6083.01, 7188.38, 8252.06, 9272.62
22.5, 1277.92, 2527.53, 3744.13, 4924.8, 6067.31, 7169.82, 8230.75, 9248.68
23, 1274.69, 2521.15, 3734.67, 4912.34, 6051.95, 7151.65, 8209.88, 9225.22
23.5, 1271.54, 2514.91, 3725.42, 4900.16, 6036.92, 7133.87, 8189.45, 9202.24
24, 1268.46, 2508.81, 3716.37, 4888.25, 6022.22, 7116.48, 8169.45, 9179.74
24.5, 1265.46, 2502.86, 3707.54, 4876.6, 6007.84, 7099.46, 8149.87, 9157.71
25, 1262.52, 2497.04, 3698.9, 4865.21, 5993.79, 7082.81, 8130.72, 9136.15
26, 1262.52, 2497.04, 3698.9, 4865.21, 5993.79, 7082.81, 8130.72, 9136.15
ENDTABLE
MU_REF_Y 1.0
LOG_ENTRY Used Dataset: Tire: Lateral Force; { Touring Tires } 185/65 R15
EXIT_PARSFILE Tires\Fy\TireFy_5f7799b4-7395-47c3-ba22-21f52a15dc2d.par

ENTER_PARSFILE Tires\Fx\TireFx_69377a8e-4e90-4d23-981e-4ec37f1913e8.par
#FullDataName Tire: Longitudinal Force`185/65 R15`Touring Tires
FX_TIRE_CARPET 2D_FROM_ZERO
0, 1348.41, 2696.83, 4045.24, 5393.66, 6742.07, 8090.49, 9438.9, 10787.32
0.02, 749.08, 1467.54, 2150.67, 2795.82, 3401.21, 3965.57, 4488, 4967.88
0.04, 1115.98, 2195.04, 3231.13, 4220.59, 5160.69, 6049.26, 6884.51, 7664.92
0.06, 1262.72, 2489.15, 3673.21, 4811.15, 5900.09, 6937.68, 7921.87, 8850.87
0.08, 1323.92, 2612.87, 3860.97, 5064.55, 6220.79, 7327.35, 8382.18, 9383.47
0.1, 1349.84, 2665.9, 3942.48, 5176.03, 6363.81, 7503.53, 8593.19, 9631
0.12, 1359.43, 2686.07, 3974.39, 5220.94, 6423.05, 7578.49, 8685.31, 9741.75
0.14, 1360.79, 2689.61, 3981.09, 5231.85, 6439.29, 7601.23, 8715.78, 9781.22
0.16, 1357.79, 2684.3, 3974.29, 5224.45, 6432.24, 7595.53, 8712.46, 9781.37
0.18, 1352.45, 2674.21, 3960.14, 5206.99, 6412.28, 7573.93, 8690.1, 9759.18
0.2, 1345.89, 2661.59, 3942.04, 5184.06, 6385.21, 7543.45, 8656.99, 9724.22
0.22, 1338.74, 2647.73, 3921.96, 5158.33, 6354.42, 7508.22, 8617.98, 9682.14
0.24, 1331.39, 2633.39, 3901.09, 5131.38, 6321.91, 7470.71, 8576.04, 9636.37
0.26, 1324.06, 2619.05, 3880.11, 5104.18, 6288.94, 7432.44, 8532.98, 9589.05
0.28, 1316.88, 2604.97, 3859.46, 5077.32, 6256.26, 7394.36, 8489.94, 9541.5
0.3, 1309.93, 2591.32, 3839.38, 5051.14, 6224.33, 7357.03, 8447.6, 9494.58
0.32, 1303.26, 2578.17, 3820.02, 5025.85, 6193.4, 7320.8, 8406.41, 9448.78
0.34, 1296.87, 2565.58, 3801.46, 5001.56, 6163.65, 7285.87, 8366.61, 9404.43
0.36, 1290.77, 2553.57, 3783.71, 4978.3, 6135.12, 7252.33, 8328.33, 9361.7
0.38, 1284.97, 2542.12, 3766.79, 4956.1, 6107.85, 7220.22, 8291.63, 9320.66
0.4, 1279.46, 2531.22, 3750.67, 4934.93, 6081.82, 7189.54, 8256.51, 9281.34
0.42, 1274.22, 2520.86, 3735.32, 4914.76, 6057.01, 7160.26, 8222.96, 9243.73
0.44, 1269.24, 2511.01, 3720.73, 4895.56, 6033.36, 7132.33, 8190.92, 9207.77
0.46, 1264.51, 2501.64, 3706.84, 4877.28, 6010.83, 7105.69, 8160.34, 9173.43
0.48, 1260.01, 2492.73, 3693.62, 4859.87, 5989.35, 7080.29, 8131.16, 9140.62
0.5, 1255.73, 2484.25, 3681.04, 4843.29, 5968.89, 7056.06, 8103.31, 9109.29
0.52, 1251.66, 2476.18, 3669.05, 4827.49, 5949.37, 7032.95, 8076.72, 9079.35
0.54, 1247.78, 2468.48, 3657.62, 4812.42, 5930.75, 7010.89, 8051.32, 9050.74
0.56, 1244.08, 2461.15, 3646.73, 4798.04, 5912.98, 6989.81, 8027.05, 9023.38
0.58, 1240.56, 2454.16, 3636.33, 4784.31, 5896, 6969.68, 8003.85, 8997.21
0.6, 1237.19, 2447.48, 3626.4, 4771.19, 5879.78, 6950.42, 7981.66, 8972.17
0.62, 1233.98, 2441.1, 3616.9, 4758.65, 5864.26, 6932, 7960.41, 8948.18
0.64, 1230.9, 2434.99, 3607.83, 4746.66, 5849.4, 6914.36, 7940.06, 8925.2
0.66, 1227.96, 2429.15, 3599.13, 4735.17, 5835.18, 6897.46, 7920.55, 8903.16
0.68, 1225.15, 2423.56, 3590.81, 4724.16, 5821.54, 6881.25, 7901.84, 8882.01
0.7, 1222.45, 2418.2, 3582.83, 4713.6, 5808.46, 6865.71, 7883.88, 8861.71
0.72, 1219.87, 2413.06, 3575.17, 4703.48, 5795.91, 6850.78, 7866.64, 8842.21
0.74, 1217.38, 2408.13, 3567.82, 4693.75, 5783.85, 6836.44, 7850.07, 8823.47
0.76, 1215, 2403.39, 3560.76, 4684.41, 5772.27, 6822.66, 7834.14, 8805.44
0.78, 1212.71, 2398.83, 3553.98, 4675.42, 5761.12, 6809.4, 7818.81, 8788.08
0.8, 1210.51, 2394.45, 3547.45, 4666.78, 5750.4, 6796.63, 7804.05, 8771.37
0.82, 1208.39, 2390.24, 3541.16, 4658.46, 5740.07, 6784.34, 7789.83, 8755.27
0.84, 1206.35, 2386.18, 3535.11, 4650.44, 5730.12, 6772.49, 7776.12, 8739.74
0.86, 1204.38, 2382.27, 3529.27, 4642.71, 5720.53, 6761.07, 7762.9, 8724.76
0.88, 1202.48, 2378.49, 3523.65, 4635.26, 5711.28, 6750.05, 7750.14, 8710.3
0.9, 1200.66, 2374.85, 3518.22, 4628.06, 5702.35, 6739.41, 7737.82, 8696.34
0.92, 1198.89, 2371.34, 3512.98, 4621.11, 5693.72, 6729.13, 7725.92, 8682.85
0.94, 1197.19, 2367.95, 3507.91, 4614.4, 5685.38, 6719.19, 7714.42, 8669.8
0.96, 1195.54, 2364.67, 3503.02, 4607.92, 5677.32, 6709.59, 7703.29, 8657.19
0.98, 1193.95, 2361.49, 3498.29, 4601.64, 5669.53, 6700.3, 7692.53, 8644.98
1, 1192.4, 2358.43, 3493.71, 4595.57, 5661.98, 6691.3, 7682.1, 8633.15
1.02, 1192.4, 2358.43, 3493.71, 4595.57, 5661.98, 6691.3, 7682.1, 8633.15
ENDTABLE
MU_REF_X 1.0
LOG_ENTRY Used Dataset: Tire: Longitudinal Force; { Touring Tires } 185/65 R15
EXIT_PARSFILE Tires\Fx\TireFx_69377a8e-4e90-4d23-981e-4ec37f1913e8.par

ENTER_PARSFILE Tires\Camber_Thrust\CamStiff_9fadad33-a832-4e17-8456-afae4628e59e.par
#FullDataName Tire: Camber Thrust Coefficient`185/65 R15`Touring Tires
KGAMMA_TABLE SPLINE
0, 0
539.36575, -2.7569
1078.7315, -5.5319
1618.09725, -8.3278
2157.463, -11.1465
2696.82875, -13.9894
3236.1945, -16.8575
3775.56025, -19.7519
4314.926, -22.6733
4854.29175, -25.6224
5393.6575, -28.6
5933.02325, -31.6066
6472.389, -34.6428
7011.75475, -37.7092
7551.1205, -40.8061
8090.48625, -43.9341
8629.852, -47.0935
9169.21775, -50.2849
9708.5835, -53.5086
10247.94925, -56.7649
10787.315, -60.0543
ENDTABLE
LOG_ENTRY Used Dataset: Tire: Camber Thrust Coefficient; { Touring Tires } 185/65 R15
EXIT_PARSFILE Tires\Camber_Thrust\CamStiff_9fadad33-a832-4e17-8456-afae4628e59e.par

LOG_ENTRY Used Dataset: Tire; { Touring Tires } 185/65 R15
EXIT_PARSFILE Tires\Tire\Tire_32d50ee3-24f4-467a-9ea6-f7a58460e0cf.par

iside 2
WRITE_ADD_REFERENCE_FRAME_WHEEL
ADD_REFERENCE_FRAME R2 Wheel
SET_EULER_ANGLES YAW_ROLL_PITCH
SET_X_NAME X_R2
WRT_X_R2
ANI_X_R2
SET_Y_NAME Y_R2
WRT_Y_R2
ANI_Y_R2
SET_Z_NAME Z_R2
WRT_Z_R2
ANI_Z_R2
SET_YAW_NAME Yaw_R2
WRT_Yaw_R2
ANI_Yaw_R2
SET_PITCH_NAME Rot_R2
WRT_Rot_R2
ANI_Rot_R2
SET_ROLL_NAME Roll_R2
WRT_Roll_R2
ANI_Roll_R2
SET_SCALE_VAR_PITCH -360
SET_OFFSET_VAR_ROLL 180
SET_OFFSET_VAR_PITCH 180
X_REF_LENGTH 1
Y_REF_LENGTH 1
Z_REF_LENGTH 1
X_LENGTH 1
Y_LENGTH 1
Z_LENGTH 1
ENTER_PARSFILE Tires\Tire\Tire_32d50ee3-24f4-467a-9ea6-f7a58460e0cf.par
#FullDataName Tire`185/65 R15`Touring Tires
FZ_REF 5500
X_LENGTH 311
Z_LENGTH 311
Y_LENGTH 185
OPT_TIRE_LAG_KAPPA 2
OPT_TIRE_LAG_ALPHA 1
OPT_TIRE_MODEL 1
ENTER_PARSFILE Animator\STL_Groups\ShpGrp_27c591f4-b392-4dda-bdc3-c1e97b86f0f5.par
#FullDataName Animator: Shape Assembly`205/60 R14`Tires
ENTER_PARSFILE Animator\STL\Shape_b54ddb18-10e4-4787-b570-f358b7c20e39.par
#FullDataName Animator: Shape File Link`205/60 R14: Tire`Common Vehicle Assets: Tires
add_obj Animator\3D_Shape_Files\Common_Vehicle_Assets\Tires\205_60R14\tire.obj
SET_COLOR 1 1 1
set_lighting on
set_fogging on
SET_SPECULAR 0.3 0.3 0.3
vsv_enable_shadows_recursive
LOG_ENTRY Used Dataset: Animator: Shape File Link; { Common Vehicle Assets: Tires } 205/60 R14: Tire
EXIT_PARSFILE Animator\STL\Shape_b54ddb18-10e4-4787-b570-f358b7c20e39.par

ENTER_PARSFILE Animator\STL\Shape_b8cfbea3-cf74-4924-9d45-f9b0374ebc09.par
#FullDataName Animator: Shape File Link`205/60 R14: Wheel`Common Vehicle Assets: Tires
add_obj Animator\3D_Shape_Files\Common_Vehicle_Assets\Tires\205_60R14\wheel.obj
SET_COLOR .62 .62 .62
set_lighting on
set_fogging on
SET_SPECULAR 0.5 0.5 0.5
vsv_enable_shadows_recursive
LOG_ENTRY Used Dataset: Animator: Shape File Link; { Common Vehicle Assets: Tires } 205/60 R14: Wheel
EXIT_PARSFILE Animator\STL\Shape_b8cfbea3-cf74-4924-9d45-f9b0374ebc09.par

ENTER_PARSFILE Animator\STL\Shape_05464ee2-1bc0-4a83-ac1f-07f41e4809be.par
#FullDataName Animator: Shape File Link`205/60 R14: Stripe`Common Vehicle Assets: Tires
add_obj Animator\3D_Shape_Files\Common_Vehicle_Assets\Tires\205_60R14\stripe.obj
SET_COLOR 1 1 1
SET_OFFSET_X 0
SET_OFFSET_Y 0.01
SET_OFFSET_Z 0.01
set_lighting on
set_fogging on
SET_SPECULAR 0 0 0
LOG_ENTRY Used Dataset: Animator: Shape File Link; { Common Vehicle Assets: Tires } 205/60 R14: Stripe
EXIT_PARSFILE Animator\STL\Shape_05464ee2-1bc0-4a83-ac1f-07f41e4809be.par

x_ref_length 301
y_ref_length 205
z_ref_length 301
LOG_ENTRY Used Dataset: Animator: Shape Assembly; { Tires } 205/60 R14
EXIT_PARSFILE Animator\STL_Groups\ShpGrp_27c591f4-b392-4dda-bdc3-c1e97b86f0f5.par

WRITE_WHEEL_OFFSET
SET_OFFSET_Y 0
RRE 298
R0 311
FZ_TIRE_COEFFICIENT 232
FZ_MAX 100000
M_TIRE 18
IT 1
IT_XXZZ 0.6
ENTER_PARSFILE Generic\tables\GenTab_6200ca2d-9af8-4768-9d04-87ea0bd47068.par
#FullDataName Generic Table`Lx Variable, Scaled to Tire`Tire Relaxation Length
SET_UNITS L_RELAX_X_TABLE m
L_RELAX_X_GAIN = RRE/5
FZ_SCALE_L_RELAX_X = FZ_REF
L_RELAX_X_COMBINE MULTIPLY
L_RELAX_X_TABLE SPLINE_FLAT
-0.1, 0.13526
-0.095, 0.13793
-0.09, 0.1431
-0.085, 0.14862
-0.08, 0.1552
-0.075, 0.16251
-0.07, 0.17087
-0.065, 0.18085
-0.06, 0.1926
-0.055, 0.20631
-0.05, 0.22324
-0.045, 0.24389
-0.04, 0.26989
-0.035, 0.30301
-0.03, 0.34575
-0.025, 0.40397
-0.02, 0.48251
-0.015, 0.59275
-0.01, 0.7393
-0.005, 0.90707
0, 1
0.005, 0.90707
0.01, 0.7393
0.015, 0.59275
0.02, 0.48251
0.025, 0.40397
0.03, 0.34575
0.035, 0.30301
0.04, 0.26989
0.045, 0.24389
0.05, 0.22324
0.055, 0.20631
0.06, 0.1926
0.065, 0.18085
0.07, 0.17087
0.075, 0.16251
0.08, 0.1552
0.085, 0.14862
0.09, 0.1431
0.095, 0.13793
0.1, 0.13526
ENDTABLE
L_RELAX_X_FZ_TABLE LINEAR
0, 0.2
1, 1
ENDTABLE
LOG_ENTRY Used Dataset: Generic Table; { Tire Relaxation Length } Lx Variable, Scaled to Tire
EXIT_PARSFILE Generic\tables\GenTab_6200ca2d-9af8-4768-9d04-87ea0bd47068.par

ENTER_PARSFILE Generic\tables\GenTab_edb0dc74-f107-43df-b9cc-c9fa4d21267d.par
#FullDataName Generic Table`Ly Variable, Scaled to Tire`Tire Relaxation Length
SET_UNITS L_RELAX_Y_TABLE m
L_RELAX_Y_GAIN = RRE*2
FZ_SCALE_L_RELAX_Y = FZ_REF
L_RELAX_Y_COMBINE MULTIPLY
L_RELAX_Y_TABLE SPLINE_FLAT
-10, 0.039175
-9.5, 0.042142
-9, 0.047886
-8.5, 0.054018
-8, 0.061335
-7.5, 0.069451
-7, 0.078749
-6.5, 0.089829
-6, 0.10289
-5.5, 0.11812
-5, 0.13693
-4.5, 0.15988
-4, 0.18877
-3.5, 0.22557
-3, 0.27305
-2.5, 0.33775
-2, 0.42501
-1.5, 0.5475
-1, 0.71033
-0.5, 0.89674
0, 1
0.5, 0.89674
1, 0.71033
1.5, 0.5475
2, 0.42501
2.5, 0.33775
3, 0.27305
3.5, 0.22557
4, 0.18877
4.5, 0.15988
5, 0.13693
5.5, 0.11812
6, 0.10289
6.5, 0.089829
7, 0.078749
7.5, 0.069451
8, 0.061335
8.5, 0.054018
9, 0.047886
9.5, 0.042142
10, 0.039175
ENDTABLE
L_RELAX_Y_FZ_TABLE SPLINE
0, 0.1
1, 1
2, 1.5805
ENDTABLE
LOG_ENTRY Used Dataset: Generic Table; { Tire Relaxation Length } Ly Variable, Scaled to Tire
EXIT_PARSFILE Generic\tables\GenTab_edb0dc74-f107-43df-b9cc-c9fa4d21267d.par

VLOW_KAPPA 2
VLOW_ALPHA 2
RR_C 0.004
RR_V 0.000025
L_CONTACT_X_CONSTANT 90
L_CONTACT_Y_CONSTANT 185
RR_FX 1
OPT_TIRE_COMB 1
R_TIRE_COMB 1.1
ENTER_PARSFILE Tires\Mz\TireMz_252ff4ea-8385-4909-a1d8-aba950fe4eff.par
#FullDataName Tire: Aligning Moment`185/65 R15 (SAE)`Touring Tires
MZ_TIRE_CARPET 2D_FROM_ZERO
0, 1348.41, 2696.83, 4045.24, 5393.66, 6742.07, 8090.49, 9438.9, 10787.32
0.5, 4.88601723, 9.66987409, 14.33467596, 18.87411987, 23.28555114, 27.57040611, 31.71930304, 35.74385789
1, 9.941091373, 19.68136483, 29.18783996, 38.4412927, 47.43205003, 56.14693923, 64.58102633, 72.73797325
1.5, 14.19661184, 28.28396795, 42.21896119, 55.96402949, 69.46845603, 82.70026147, 95.61293454, 108.1772848
2, 15.9942511, 32.29359371, 48.89394096, 65.75911191, 82.8258302, 100.0143964, 117.2286823, 134.3674567
2.5, 15.04360183, 30.8504622, 47.53864386, 65.14007155, 83.66151606, 103.0515843, 123.2402165, 144.1080833
3, 12.60943066, 26.22773697, 41.06180529, 57.25809695, 74.9318986, 94.17378411, 115.0197937, 137.480628
3.5, 9.942934339, 20.91181446, 33.15690865, 46.8991333, 62.33856214, 79.68897908, 99.13277383, 120.8537509
4, 7.607022193, 16.14434865, 25.86699943, 37.00499855, 49.8131184, 64.55610421, 81.5249254, 101.0168716
4.5, 5.718102444, 12.2396934, 19.80168098, 28.6247113, 38.9612222, 51.08585966, 65.32722768, 82.05164923
5, 4.227656677, 9.144447318, 14.94755556, 21.84182369, 30.06131469, 39.86761132, 51.57702392, 65.5734127
5.5, 3.060162372, 6.699290162, 11.09978941, 16.43314999, 22.90472728, 30.75673636, 40.28605826, 51.84709405
6, 2.13398776, 4.758825734, 8.036913419, 12.11369838, 17.16526903, 23.41385135, 31.11788633, 40.60052573
6.5, 1.387393108, 3.205604542, 5.578287829, 8.6359307, 12.54188735, 17.47072375, 23.66901718, 31.41508061
7, 0.787475174, 1.94231022, 3.576696831, 5.8086804, 8.77376626, 12.62885178, 17.58063704, 23.89016432
7.5, 0.288159656, 0.900887904, 1.932096131, 3.484624194, 5.676924927, 8.641731093, 12.56734984, 17.6780914
8, -0.127254466, 0.03434089, 0.565824694, 1.551771101, 3.099478676, 5.328668287, 8.398155033, 12.508004
8.5, -0.475597468, -0.69592932, -0.587807364, -0.075153481, 0.930712944, 2.542495808, 4.896256313, 8.170602461
9, -0.773783955, -1.320022955, -1.568360233, -1.459107239, -0.907994433, 0.178530822, 1.928974118, 4.488602798
9.5, -1.030253872, -1.855172808, -2.41533744, -2.649538418, -2.490231163, -1.848586724, -0.615962381, 1.339889238
10, -1.253495897, -2.31859882, -3.146395853, -3.682415672, -3.857674567, -3.600536763, -2.812167145, -1.371801427
10.5, -1.447709073, -2.727514882, -3.787815173, -4.580262844, -5.051641126, -5.129233162, -4.727590109, -3.736404836
11, -1.621401659, -3.090533737, -4.357094512, -5.378726055, -6.104178793, -6.472371068, -6.406100026, -5.804582285
11.5, -1.778790446, -3.411878832, -4.863010344, -6.086802174, -7.038139229, -7.662727733, -7.890962712, -7.635624294
12, -1.919826666, -3.700138742, -5.314194428, -6.71778907, -7.871710432, -8.728208412, -9.215717965, -9.264362382
12.5, -2.044435162, -3.963886185, -5.723723726, -7.289396433, -8.622954338, -9.682814662, -10.40425147, -10.72038424
13, -2.156856776, -4.198661005, -6.091460259, -7.805959933, -9.300868353, -10.54495773, -11.47551315, -12.03291099
13.5, -2.261336843, -4.417387962, -6.430448797, -8.276248891, -9.918860125, -11.32838797, -12.44832837, -13.22134071
14, -2.357825595, -4.615632754, -6.740577489, -8.704539551, -10.48584757, -12.04215012, -13.33202441, -14.30014817
14.5, -2.446221451, -4.797605101, -7.026040068, -9.104055608, -11.00616072, -12.69991549, -14.14522423, -15.29320548
15, -2.530873969, -4.96756689, -7.29113182, -9.470124024, -11.48410371, -13.30606705, -14.89713006, -16.20040721
15.5, -2.607324544, -5.125443257, -7.535713098, -9.811542728, -11.93312362, -13.86959657, -15.58751419, -17.04072633
16, -2.67989937, -5.275522355, -7.764039726, -10.12809354, -12.34386046, -14.3902745, -16.2302357, -17.81868071
16.5, -2.748569025, -5.413284904, -7.975985466, -10.42408425, -12.73434463, -14.87708287, -16.82973955, -18.54365329
17, -2.808846941, -5.543059578, -8.180312974, -10.7038809, -13.09523374, -15.33444038, -17.38570652, -19.22493919
17.5, -2.869500133, -5.664736302, -8.36797779, -10.96728964, -13.43545443, -15.76206526, -17.91210272, -19.8574413
18, -2.926117188, -5.782712999, -8.547815863, -11.21413189, -13.75941202, -16.16441141, -18.40861252, -20.45530141
18.5, -2.978602096, -5.892432025, -8.719704725, -11.44882293, -14.06225868, -16.54585707, -18.8749576, -21.01341741
19, -3.03139019, -5.993806924, -8.879028178, -11.67121947, -14.35311218, -16.90623965, -19.31566831, -21.54600673
19.5, -3.079995841, -6.095779298, -9.034733601, -11.88113027, -14.62712759, -17.25003091, -19.73048611, -22.04794091
20, -3.124402436, -6.189244308, -9.182176368, -12.08306242, -14.88881418, -17.57698498, -20.12867671, -22.52865265
20.5, -3.168984571, -6.278663977, -9.321267622, -12.27690192, -15.13799263, -17.88697198, -20.51010905, -22.98307375
21, -3.213799071, -6.368535204, -9.451925839, -12.46248309, -15.37448808, -18.1845044, -20.86970588, -23.41575019
21.5, -3.254310451, -6.449712776, -9.583213708, -12.63508136, -15.60285162, -18.46942446, -21.21691642, -23.83140644
22, -3.290434403, -6.531267464, -9.705921053, -12.80856863, -15.82298291, -18.74157239, -21.5467266, -24.22487463
22.5, -3.331273784, -6.608566879, -9.824533431, -12.96884438, -16.03002725, -19.00075856, -21.86375663, -24.60579919
23, -3.36768338, -6.681594145, -9.939017568, -13.12515409, -16.23335345, -19.25648386, -22.17274232, -24.96905588
23.5, -3.399658941, -6.754881335, -10.04931868, -13.2774539, -16.4280741, -19.49901117, -22.46377328, -25.32434377
24, -3.436300149, -6.823791883, -10.1553483, -13.42565521, -16.61888967, -19.73302082, -22.75135882, -25.6616069
24.5, -3.468491608, -6.892951361, -10.26180251, -13.56497881, -16.80093153, -19.95837664, -23.02555439, -25.98557616
25, -3.500754666, -6.957676333, -10.35918985, -13.7000394, -16.97893396, -20.17497756, -23.28625312, -26.30114442
26, -3.500754666, -6.957676333, -10.35918985, -13.7000394, -16.97893396, -20.17497756, -23.28625312, -26.30114442
ENDTABLE
LOG_ENTRY Used Dataset: Tire: Aligning Moment; { Touring Tires } 185/65 R15 (SAE)
EXIT_PARSFILE Tires\Mz\TireMz_252ff4ea-8385-4909-a1d8-aba950fe4eff.par

ENTER_PARSFILE Tires\Fy\TireFy_5f7799b4-7395-47c3-ba22-21f52a15dc2d.par
#FullDataName Tire: Lateral Force`185/65 R15`Touring Tires
FY_TIRE_CARPET 2D_FROM_ZERO
0, 1348.414375, 2696.82875, 4045.243125, 5393.6575, 6742.071875, 8090.48625, 9438.900625, 10787.315
0.5, 174.89, 343.18, 503.9, 656.5, 800.66, 936.13, 1062.77, 1180.47
1, 344.62, 676.39, 993.38, 1294.55, 1579.21, 1846.9, 2097.32, 2330.25
1.5, 504.59, 990.69, 1455.52, 1897.54, 2315.74, 2709.43, 3078.13, 3421.51
2, 651.17, 1279.04, 1880.06, 2452.26, 2994.33, 3505.32, 3984.59, 4431.67
2.5, 781.97, 1536.75, 2260.15, 2949.8, 3604.12, 4221.93, 4802.4, 5344.9
3, 895.9, 1761.62, 2592.47, 3385.75, 4139.61, 4852.69, 5523.94, 6152.6
3.5, 992.99, 1953.64, 2876.88, 3759.74, 4600.16, 5396.57, 6147.78, 6852.83
4, 1074.13, 2114.49, 3115.69, 4074.59, 4988.94, 5857, 6677.41, 7449.09
4.5, 1140.8, 2246.95, 3312.87, 4335.27, 5311.75, 6240.45, 7119.87, 7948.78
5, 1194.74, 2354.38, 3473.24, 4547.89, 5575.85, 6555.15, 7484.18, 8361.59
5.5, 1237.77, 2440.31, 3601.86, 4718.96, 5789.02, 6810.01, 7780.22, 8698.22
6, 1271.63, 2508.11, 3703.67, 4854.8, 5958.88, 7013.8, 8017.8, 8969.37
6.5, 1297.89, 2560.86, 3783.15, 4961.23, 6092.45, 7174.68, 8206.09, 9185.13
7, 1317.93, 2601.26, 3844.25, 5043.39, 6196, 7299.93, 8353.33, 9354.61
7.5, 1332.92, 2631.61, 3890.37, 5105.7, 6274.93, 7395.88, 8466.71, 9485.78
8, 1343.84, 2653.83, 3924.35, 5151.88, 6333.8, 7467.9, 8552.33, 9585.46
8.5, 1351.49, 2669.53, 3948.54, 5185.05, 6376.42, 7520.48, 8615.36, 9659.41
9, 1356.54, 2680, 3964.88, 5207.73, 6405.94, 7557.33, 8660.05, 9712.45
9.5, 1359.5, 2686.3, 3974.94, 5222.02, 6424.93, 7581.52, 8689.94, 9748.53
10, 1360.82, 2689.29, 3980.01, 5229.6, 6435.49, 7595.53, 8707.89, 9770.92
10.5, 1360.83, 2689.65, 3981.11, 5231.85, 6439.32, 7601.41, 8716.27, 9782.28
11, 1359.83, 2687.95, 3979.06, 5229.86, 6437.8, 7600.79, 8717, 9784.8
11.5, 1358.02, 2684.62, 3974.56, 5224.54, 6432.05, 7595.02, 8711.62, 9780.25
12, 1355.59, 2680.03, 3968.12, 5216.6, 6422.97, 7585.17, 8701.4, 9770.07
12.5, 1352.68, 2674.47, 3960.19, 5206.62, 6411.28, 7572.13, 8687.38, 9755.44
13, 1349.41, 2668.16, 3951.11, 5195.07, 6397.58, 7556.6, 8670.37, 9737.32
13.5, 1345.87, 2661.29, 3941.17, 5182.33, 6382.33, 7539.16, 8651.06, 9716.47
14, 1342.14, 2654.02, 3930.6, 5168.71, 6365.93, 7520.27, 8629.99, 9693.53
14.5, 1338.26, 2646.46, 3919.56, 5154.44, 6348.69, 7500.32, 8607.61, 9669.01
15, 1334.3, 2638.7, 3908.21, 5139.72, 6330.84, 7479.6, 8584.27, 9643.33
15.5, 1330.28, 2630.83, 3896.67, 5124.72, 6312.6, 7458.35, 8560.27, 9616.84
16, 1326.24, 2622.9, 3885.03, 5109.56, 6294.13, 7436.79, 8535.84, 9589.79
16.5, 1322.21, 2614.97, 3873.37, 5094.34, 6275.55, 7415.06, 8511.18, 9562.42
17, 1318.19, 2607.07, 3861.73, 5079.15, 6256.98, 7393.3, 8486.43, 9534.9
17.5, 1314.21, 2599.23, 3850.18, 5064.04, 6238.49, 7371.6, 8461.73, 9507.38
18, 1310.28, 2591.48, 3838.75, 5049.07, 6220.15, 7350.06, 8437.16, 9479.97
18.5, 1306.4, 2583.83, 3827.46, 5034.28, 6202, 7328.72, 8412.8, 9452.77
19, 1302.59, 2576.3, 3816.34, 5019.7, 6184.1, 7307.65, 8388.72, 9425.85
19.5, 1298.84, 2568.91, 3805.41, 5005.35, 6166.47, 7286.89, 8364.97, 9399.27
20, 1295.17, 2561.65, 3794.67, 4991.25, 6149.14, 7266.45, 8341.57, 9373.06
20.5, 1291.56, 2554.53, 3784.13, 4977.42, 6132.12, 7246.37, 8318.57, 9347.28
21, 1288.04, 2547.56, 3773.81, 4963.85, 6115.42, 7226.66, 8295.97, 9321.93
21.5, 1284.59, 2540.73, 3763.7, 4950.55, 6099.05, 7207.33, 8273.8, 9297.04
22, 1281.21, 2534.06, 3753.81, 4937.54, 6083.01, 7188.38, 8252.06, 9272.62
22.5, 1277.92, 2527.53, 3744.13, 4924.8, 6067.31, 7169.82, 8230.75, 9248.68
23, 1274.69, 2521.15, 3734.67, 4912.34, 6051.95, 7151.65, 8209.88, 9225.22
23.5, 1271.54, 2514.91, 3725.42, 4900.16, 6036.92, 7133.87, 8189.45, 9202.24
24, 1268.46, 2508.81, 3716.37, 4888.25, 6022.22, 7116.48, 8169.45, 9179.74
24.5, 1265.46, 2502.86, 3707.54, 4876.6, 6007.84, 7099.46, 8149.87, 9157.71
25, 1262.52, 2497.04, 3698.9, 4865.21, 5993.79, 7082.81, 8130.72, 9136.15
26, 1262.52, 2497.04, 3698.9, 4865.21, 5993.79, 7082.81, 8130.72, 9136.15
ENDTABLE
MU_REF_Y 1.0
LOG_ENTRY Used Dataset: Tire: Lateral Force; { Touring Tires } 185/65 R15
EXIT_PARSFILE Tires\Fy\TireFy_5f7799b4-7395-47c3-ba22-21f52a15dc2d.par

ENTER_PARSFILE Tires\Fx\TireFx_69377a8e-4e90-4d23-981e-4ec37f1913e8.par
#FullDataName Tire: Longitudinal Force`185/65 R15`Touring Tires
FX_TIRE_CARPET 2D_FROM_ZERO
0, 1348.41, 2696.83, 4045.24, 5393.66, 6742.07, 8090.49, 9438.9, 10787.32
0.02, 749.08, 1467.54, 2150.67, 2795.82, 3401.21, 3965.57, 4488, 4967.88
0.04, 1115.98, 2195.04, 3231.13, 4220.59, 5160.69, 6049.26, 6884.51, 7664.92
0.06, 1262.72, 2489.15, 3673.21, 4811.15, 5900.09, 6937.68, 7921.87, 8850.87
0.08, 1323.92, 2612.87, 3860.97, 5064.55, 6220.79, 7327.35, 8382.18, 9383.47
0.1, 1349.84, 2665.9, 3942.48, 5176.03, 6363.81, 7503.53, 8593.19, 9631
0.12, 1359.43, 2686.07, 3974.39, 5220.94, 6423.05, 7578.49, 8685.31, 9741.75
0.14, 1360.79, 2689.61, 3981.09, 5231.85, 6439.29, 7601.23, 8715.78, 9781.22
0.16, 1357.79, 2684.3, 3974.29, 5224.45, 6432.24, 7595.53, 8712.46, 9781.37
0.18, 1352.45, 2674.21, 3960.14, 5206.99, 6412.28, 7573.93, 8690.1, 9759.18
0.2, 1345.89, 2661.59, 3942.04, 5184.06, 6385.21, 7543.45, 8656.99, 9724.22
0.22, 1338.74, 2647.73, 3921.96, 5158.33, 6354.42, 7508.22, 8617.98, 9682.14
0.24, 1331.39, 2633.39, 3901.09, 5131.38, 6321.91, 7470.71, 8576.04, 9636.37
0.26, 1324.06, 2619.05, 3880.11, 5104.18, 6288.94, 7432.44, 8532.98, 9589.05
0.28, 1316.88, 2604.97, 3859.46, 5077.32, 6256.26, 7394.36, 8489.94, 9541.5
0.3, 1309.93, 2591.32, 3839.38, 5051.14, 6224.33, 7357.03, 8447.6, 9494.58
0.32, 1303.26, 2578.17, 3820.02, 5025.85, 6193.4, 7320.8, 8406.41, 9448.78
0.34, 1296.87, 2565.58, 3801.46, 5001.56, 6163.65, 7285.87, 8366.61, 9404.43
0.36, 1290.77, 2553.57, 3783.71, 4978.3, 6135.12, 7252.33, 8328.33, 9361.7
0.38, 1284.97, 2542.12, 3766.79, 4956.1, 6107.85, 7220.22, 8291.63, 9320.66
0.4, 1279.46, 2531.22, 3750.67, 4934.93, 6081.82, 7189.54, 8256.51, 9281.34
0.42, 1274.22, 2520.86, 3735.32, 4914.76, 6057.01, 7160.26, 8222.96, 9243.73
0.44, 1269.24, 2511.01, 3720.73, 4895.56, 6033.36, 7132.33, 8190.92, 9207.77
0.46, 1264.51, 2501.64, 3706.84, 4877.28, 6010.83, 7105.69, 8160.34, 9173.43
0.48, 1260.01, 2492.73, 3693.62, 4859.87, 5989.35, 7080.29, 8131.16, 9140.62
0.5, 1255.73, 2484.25, 3681.04, 4843.29, 5968.89, 7056.06, 8103.31, 9109.29
0.52, 1251.66, 2476.18, 3669.05, 4827.49, 5949.37, 7032.95, 8076.72, 9079.35
0.54, 1247.78, 2468.48, 3657.62, 4812.42, 5930.75, 7010.89, 8051.32, 9050.74
0.56, 1244.08, 2461.15, 3646.73, 4798.04, 5912.98, 6989.81, 8027.05, 9023.38
0.58, 1240.56, 2454.16, 3636.33, 4784.31, 5896, 6969.68, 8003.85, 8997.21
0.6, 1237.19, 2447.48, 3626.4, 4771.19, 5879.78, 6950.42, 7981.66, 8972.17
0.62, 1233.98, 2441.1, 3616.9, 4758.65, 5864.26, 6932, 7960.41, 8948.18
0.64, 1230.9, 2434.99, 3607.83, 4746.66, 5849.4, 6914.36, 7940.06, 8925.2
0.66, 1227.96, 2429.15, 3599.13, 4735.17, 5835.18, 6897.46, 7920.55, 8903.16
0.68, 1225.15, 2423.56, 3590.81, 4724.16, 5821.54, 6881.25, 7901.84, 8882.01
0.7, 1222.45, 2418.2, 3582.83, 4713.6, 5808.46, 6865.71, 7883.88, 8861.71
0.72, 1219.87, 2413.06, 3575.17, 4703.48, 5795.91, 6850.78, 7866.64, 8842.21
0.74, 1217.38, 2408.13, 3567.82, 4693.75, 5783.85, 6836.44, 7850.07, 8823.47
0.76, 1215, 2403.39, 3560.76, 4684.41, 5772.27, 6822.66, 7834.14, 8805.44
0.78, 1212.71, 2398.83, 3553.98, 4675.42, 5761.12, 6809.4, 7818.81, 8788.08
0.8, 1210.51, 2394.45, 3547.45, 4666.78, 5750.4, 6796.63, 7804.05, 8771.37
0.82, 1208.39, 2390.24, 3541.16, 4658.46, 5740.07, 6784.34, 7789.83, 8755.27
0.84, 1206.35, 2386.18, 3535.11, 4650.44, 5730.12, 6772.49, 7776.12, 8739.74
0.86, 1204.38, 2382.27, 3529.27, 4642.71, 5720.53, 6761.07, 7762.9, 8724.76
0.88, 1202.48, 2378.49, 3523.65, 4635.26, 5711.28, 6750.05, 7750.14, 8710.3
0.9, 1200.66, 2374.85, 3518.22, 4628.06, 5702.35, 6739.41, 7737.82, 8696.34
0.92, 1198.89, 2371.34, 3512.98, 4621.11, 5693.72, 6729.13, 7725.92, 8682.85
0.94, 1197.19, 2367.95, 3507.91, 4614.4, 5685.38, 6719.19, 7714.42, 8669.8
0.96, 1195.54, 2364.67, 3503.02, 4607.92, 5677.32, 6709.59, 7703.29, 8657.19
0.98, 1193.95, 2361.49, 3498.29, 4601.64, 5669.53, 6700.3, 7692.53, 8644.98
1, 1192.4, 2358.43, 3493.71, 4595.57, 5661.98, 6691.3, 7682.1, 8633.15
1.02, 1192.4, 2358.43, 3493.71, 4595.57, 5661.98, 6691.3, 7682.1, 8633.15
ENDTABLE
MU_REF_X 1.0
LOG_ENTRY Used Dataset: Tire: Longitudinal Force; { Touring Tires } 185/65 R15
EXIT_PARSFILE Tires\Fx\TireFx_69377a8e-4e90-4d23-981e-4ec37f1913e8.par

ENTER_PARSFILE Tires\Camber_Thrust\CamStiff_9fadad33-a832-4e17-8456-afae4628e59e.par
#FullDataName Tire: Camber Thrust Coefficient`185/65 R15`Touring Tires
KGAMMA_TABLE SPLINE
0, 0
539.36575, -2.7569
1078.7315, -5.5319
1618.09725, -8.3278
2157.463, -11.1465
2696.82875, -13.9894
3236.1945, -16.8575
3775.56025, -19.7519
4314.926, -22.6733
4854.29175, -25.6224
5393.6575, -28.6
5933.02325, -31.6066
6472.389, -34.6428
7011.75475, -37.7092
7551.1205, -40.8061
8090.48625, -43.9341
8629.852, -47.0935
9169.21775, -50.2849
9708.5835, -53.5086
10247.94925, -56.7649
10787.315, -60.0543
ENDTABLE
LOG_ENTRY Used Dataset: Tire: Camber Thrust Coefficient; { Touring Tires } 185/65 R15
EXIT_PARSFILE Tires\Camber_Thrust\CamStiff_9fadad33-a832-4e17-8456-afae4628e59e.par

LOG_ENTRY Used Dataset: Tire; { Touring Tires } 185/65 R15
EXIT_PARSFILE Tires\Tire\Tire_32d50ee3-24f4-467a-9ea6-f7a58460e0cf.par

WRITE_ADD_REFERENCE_FRAME_BODY
ADD_REFERENCE_FRAME Sprung mass
SET_EULER_ANGLES YAW_PITCH_ROLL
SET_X_NAME Xo
WRT_Xo
ANI_Xo
SET_Y_NAME Yo
WRT_Yo
ANI_Yo
SET_Z_NAME Zo
WRT_Zo
ANI_Zo
SET_YAW_NAME Yaw
WRT_Yaw
ANI_Yaw
SET_PITCH_NAME Pitch
WRT_Pitch
ANI_Pitch
SET_ROLL_NAME Roll_E
WRT_Roll_E
ANI_Roll_E
ENTER_PARSFILE Vehicles\Sprung_Mass\SprMass_0f7585cf-ac19-4258-85e0-5d11a9848a22.par
#FullDataName Vehicle: Sprung Mass`B-Class, Sports Car (VSA)`B-Class
X_LENGTH 2330
Y_LENGTH 1500
iaxle 2
iside 1
LX_AXLE 2330
LX_CG_SU 1165
M_SU 1020
IXX_SU 308.6
IYY_SU 1020.0
IZZ_SU 1020.0
IXZ_SU 0
Y_CG_SU 0
H_CG_SU 343
IXY_SU 0
IYZ_SU 0
Z_LENGTH 1080
Y_LENGTH 1718
X_LENGTH 2330
H_WC 298
iside 2
H_WC 298
iaxle 1
iside 1
H_WC 298
iside 2
H_WC 298
iaxle 2
iside 1
HT_SM 1080
WID_SM 1718
LOG_ENTRY Used Dataset: Vehicle: Sprung Mass; { B-Class } B-Class, Sports Car (VSA)
EXIT_PARSFILE Vehicles\Sprung_Mass\SprMass_0f7585cf-ac19-4258-85e0-5d11a9848a22.par

ENTER_PARSFILE Aerodynamics\Aero_Main\Aero_2ad0e557-6e21-46a6-8ab1-003608366afe.par
#FullDataName Aerodynamics: Basic`B-Class, Sports Car Aero`B-Class
ENTER_PARSFILE Aerodynamics\Aero_Fx\AirCFx_67b7c1a5-2eb8-4548-b585-873fbb86b674.par
#FullDataName Aerodynamics: Fx (Drag) Coef. vs. Aero Slip`Spline: 0.30 at 0 deg.`Spline Interpolation
FX_AERO_SHAPING_TABLE SPLINE_FLAT
-180, -0.3
-160, -0.45
-90, 0
-20, 0.325
0, 0.3
20, 0.325
90, 0
160, -0.45
180, -0.3
ENDTABLE
LOG_ENTRY Used Dataset: Aerodynamics: Fx (Drag) Coef. vs. Aero Slip; { Spline Interpolation } Spline: 0.30 at 0 deg.
EXIT_PARSFILE Aerodynamics\Aero_Fx\AirCFx_67b7c1a5-2eb8-4548-b585-873fbb86b674.par

ENTER_PARSFILE Aerodynamics\Aero_Fy\AirCFy_fdb1d5b6-475a-4d35-bfcc-b2b05bed2d67.par
#FullDataName Aerodynamics: Fy (Side Force) Coef. vs. Aero Slip`Spline: 2 at 90 deg.`Spline Interpolation
FY_AERO_SHAPING_TABLE SPLINE_FLAT
-180, 0
-90, -2
0, 0
90, 2
180, 0
ENDTABLE
LOG_ENTRY Used Dataset: Aerodynamics: Fy (Side Force) Coef. vs. Aero Slip; { Spline Interpolation } Spline: 2 at 90 deg.
EXIT_PARSFILE Aerodynamics\Aero_Fy\AirCFy_fdb1d5b6-475a-4d35-bfcc-b2b05bed2d67.par

ENTER_PARSFILE Aerodynamics\Aero_Fz\AirCFz_181dc205-db9c-4a33-a480-7f8380b96502.par
#FullDataName Aerodynamics: Fz (Lift) Coef. vs. Aero Slip`Spline: 0.18 at 0 deg.`Spline Interpolation
FZ_AERO_SHAPING_TABLE SPLINE_FLAT
-180, 0.4
-135, 0.45
-90, 0.35
-20, 0.185
0, 0.18
20, 0.185
90, 0.35
135, 0.45
180, 0.4
ENDTABLE
LOG_ENTRY Used Dataset: Aerodynamics: Fz (Lift) Coef. vs. Aero Slip; { Spline Interpolation } Spline: 0.18 at 0 deg.
EXIT_PARSFILE Aerodynamics\Aero_Fz\AirCFz_181dc205-db9c-4a33-a480-7f8380b96502.par

ENTER_PARSFILE Aerodynamics\Aero_Mx\AirCMx_3f02edea-099a-450e-bb38-0cab04c7d554.par
#FullDataName Aerodynamics: Mx (Roll Moment) Coef. vs. Aero Slip`Spline: 0.3 at 90 deg.`Spline Interpolation
MX_AERO_SHAPING_TABLE SPLINE
-180, 0
-90, -0.3
0, 0
90, 0.3
180, 0
ENDTABLE
LOG_ENTRY Used Dataset: Aerodynamics: Mx (Roll Moment) Coef. vs. Aero Slip; { Spline Interpolation } Spline: 0.3 at 90 deg.
EXIT_PARSFILE Aerodynamics\Aero_Mx\AirCMx_3f02edea-099a-450e-bb38-0cab04c7d554.par

ENTER_PARSFILE Aerodynamics\Aero_My\AirCMy_d0c39dc5-f1b1-477a-8422-5ef53720bcf1.par
#FullDataName Aerodynamics: My (Pitch Moment) Coef. vs. Aero Slip`Spline: 0.15 at 0 deg.`Spline Interpolation
MY_AERO_SHAPING_TABLE SPLINE_FLAT
-180, -0.17
-160, -0.25
-90, 0
-20, 0.17
0, 0.15
20, 0.17
90, 0
160, -0.25
180, -0.17
ENDTABLE
LOG_ENTRY Used Dataset: Aerodynamics: My (Pitch Moment) Coef. vs. Aero Slip; { Spline Interpolation } Spline: 0.15 at 0 deg.
EXIT_PARSFILE Aerodynamics\Aero_My\AirCMy_d0c39dc5-f1b1-477a-8422-5ef53720bcf1.par

ENTER_PARSFILE Aerodynamics\Aero_Mz\AirCMz_8c859ffc-2eb2-44f3-8fa4-850e39efba8a.par
#FullDataName Aerodynamics: Mz (Yaw Moment) Coef. vs. Aero Slip`Spline: 0.2 at 35 deg.`Spline Interpolation
MZ_AERO_SHAPING_TABLE SPLINE_FLAT
-180, 0
-135, 0.2
-75, 0
-35, -0.2
0, 0
35, 0.2
75, 0
135, -0.2
180, 0
ENDTABLE
LOG_ENTRY Used Dataset: Aerodynamics: Mz (Yaw Moment) Coef. vs. Aero Slip; { Spline Interpolation } Spline: 0.2 at 35 deg.
EXIT_PARSFILE Aerodynamics\Aero_Mz\AirCMz_8c859ffc-2eb2-44f3-8fa4-850e39efba8a.par

X_REF_AERO -1165
Y_REF_AERO 0
H_REF_AERO 0
L_REF_AERO 2330
AREA_AERO 1.6
D_AIR 1.206
LOG_ENTRY Used Dataset: Aerodynamics: Basic; { B-Class } B-Class, Sports Car Aero
EXIT_PARSFILE Aerodynamics\Aero_Main\Aero_2ad0e557-6e21-46a6-8ab1-003608366afe.par

ENTER_PARSFILE Powertrain\Rwd\RWD_773b5373-7fdd-4a7a-8296-37bf0e693904.par
#FullDataName Powertrain: Rear-Wheel Drive`125 kW, 6-spd., 4.1 Ratio`125 kW Powertrains
INSTALL_POWERTRAIN 2
OPT_PT 2
R_REAR_DRIVE_SC 1
OPT_ENGINE_PITCH_REACTION(2) 0
INSTALL_ENGINE
INSTALL_TORQUE_TRANSFER_DEVICE
INSTALL_TRANSMISSION
R_MDRIVE 1
OPT_HEV 0
DRIVELINE_FREQ 9
DRIVELINE_ZETA 0.9
OPT_ENGINE_INTERNAL 1
OPT_PWR_CPL_INTERNAL 1
OPT_TRANS_INTERNAL 1
IDIFF 2
OPT_DIFF_INTERNAL 1
ENTER_PARSFILE Powertrain\Engine\Engine_6d2a4e9b-2c00-46b6-9250-b54c51f9c1ea.par
#FullDataName Powertrain: Engine`125 kW Engine`43 kW - 125 kW Engines
OPT_THROTTLE_DELAY 0
MENGINE_CARPET 2D_LINEAR
0, 0, 0.1, 0.15, 0.2, 0.35, 0.5, 0.7, 0.85, 0.95, 1
0, 0, 0, 0, 0, 0, 0, 0, 0, 0, 0
400, 0, 0, 0, 0, 0, 0, 0, 0, 0, 0
517, 20.63, 63.42, 84.48, 86.19, 87.17, 87.65, 87.82, 87.86, 87.88, 87.86
633, 24.75, 77.39, 116.38, 124.29, 125.56, 126.07, 126.25, 126.27, 126.27, 126.27
750, 0, 72.82, 123.35, 134.46, 137.46, 138.54, 138.94, 138.98, 138.97, 138.96
1107, -8.25, 58.85, 144.66, 165.55, 173.84, 176.68, 177.74, 177.84, 177.81, 177.74
1463, -12.38, 39.26, 139.43, 173.25, 184.29, 189.29, 191.74, 192.31, 192.68, 196.35
1820, -14.03, 21.45, 123.75, 176.33, 194.74, 201.9, 205.74, 206.78, 207.55, 212.85
2177, -16.81, 8.25, 98.04, 169.73, 198, 214.5, 216.98, 219.45, 221.93, 227.4
2533, -21.1, -5.34, 67.75, 151.73, 199.65, 222.5, 228.53, 232.7, 235.13, 239.25
2890, -25.11, -12.63, 47.01, 127.92, 194.27, 224.92, 237.69, 240.9, 245.85, 249.98
3247, -28.65, -18.38, 31.39, 102.07, 186.21, 222.75, 239.25, 245.85, 250.8, 255.75
3603, -32.14, -23.42, 19.57, 80.44, 167.53, 216.15, 240.08, 247.5, 253.28, 258.23
3960, -35.64, -28.09, 9.84, 63.68, 145.29, 207.19, 237.6, 246.68, 252.45, 255.75
4317, -39.34, -32.81, 0.23, 47.88, 125.2, 197.75, 233.48, 241.73, 247.5, 252.4
4673, -43.19, -37.51, -8.31, 34.33, 104.22, 183.59, 226.88, 235.13, 243.38, 247.5
5030, -47.28, -42.14, -15.9, 22.49, 85.54, 165.8, 218.63, 226.88, 235.13, 239.25
5387, -51.39, -46.87, -22.94, 12.04, 69.6, 147.15, 205.7, 213.68, 224.7, 227.07
5743, -55.99, -51.8, -29.76, 2.35, 55.16, 127.73, 184.51, 197.1, 203.01, 205.34
6100, -61.01, -57.01, -36.57, -6.8, 41.98, 108.88, 161.55, 173.27, 178.77, 180.88
6500, -66.83, -66.83, -66.83, -66.83, -66.83, -66.83, -66.83, -66.83, -66.83, -66.83
6700, -67.65, -67.65, -67.65, -67.65, -67.65, -67.65, -67.65, -67.65, -67.65, -67.65
ENDTABLE
AV_ENG_IDLE 750
IENG 0.16
AV_ENG_LOW_CLUTCH 1000
LOG_ENTRY Used Dataset: Powertrain: Engine; { 43 kW - 125 kW Engines } 125 kW Engine
EXIT_PARSFILE Powertrain\Engine\Engine_6d2a4e9b-2c00-46b6-9250-b54c51f9c1ea.par

ENTER_PARSFILE Powertrain\TConv\TC_cdefe6ab-4e1f-4d9d-8ac3-0de1a8932748.par
#FullDataName Powertrain: Torque Converter`Torque Converter: 125 kW Engine`Torque Converters: 75 kW to 150 kW
ITC_INPUT_SHAFT 0.015
ITC_OUTPUT_SHAFT 0.015
INV_CAP_TC_TABLE SPLINE_FLAT
0, 0.006425
0.1, 0.006425
0.2, 0.006425
0.3, 0.006425
0.4, 0.006424
0.5, 0.006419
0.6, 0.006386
0.7, 0.006243
0.8, 0.005735
0.9, 0.004185
0.95, 0.002578
0.99, 0.000614
1.01, -0.000614
1.05, -0.002578
1.1, -0.004185
1.2, -0.005735
1.3, -0.006243
1.4, -0.006386
1.5, -0.006419
1.6, -0.006424
1.7, -0.006425
1.8, -0.006425
1.9, -0.006425
2, -0.006425
ENDTABLE
RM_TC_TABLE LINEAR_FLAT
0, 1.864
0.881, 1
1, 1
ENDTABLE
LOG_ENTRY Used Dataset: Powertrain: Torque Converter; { Torque Converters: 75 kW to 150 kW } Torque Converter: 125 kW Engine
EXIT_PARSFILE Powertrain\TConv\TC_cdefe6ab-4e1f-4d9d-8ac3-0de1a8932748.par

ENTER_PARSFILE Powertrain\TransExt\Trans18_55b3d8ee-e987-4803-8615-8a5b5c910733.par
#FullDataName Powertrain: Transmission (18 Gears or CVT)`6-Speed`6-Speed Transmissions
NGEARS 6
OPT_SHIFT_INTERNAL 1
OPT_TR_GEAR_INTERNAL 1
R_GEAR_TR_REVERSE -3.168
IGEAR 1
R_GEAR_TR 3.538
IGEAR 2
R_GEAR_TR 2.06
IGEAR 3
R_GEAR_TR 1.404
IGEAR 4
R_GEAR_TR 1.00
IGEAR 5
R_GEAR_TR 0.713
IGEAR 6
R_GEAR_TR 0.582
ITR_REVERSE 0.034
ITR_NEUTRAL 0.034
IGEAR 1
ITR 0.037
IGEAR 2
ITR 0.034
IGEAR 3
ITR 0.042
IGEAR 4
ITR 0.04
IGEAR 5
ITR 0.04
IGEAR 6
ITR 0.04
R_EFF_TR_F_REVERSE 0.9
IGEAR 1
R_EFF_TR_F 0.92
IGEAR 2
R_EFF_TR_F 0.92
IGEAR 3
R_EFF_TR_F 0.95
IGEAR 4
R_EFF_TR_F 0.95
IGEAR 5
R_EFF_TR_F 0.98
IGEAR 6
R_EFF_TR_F 0.99
R_EFF_TR_R_REVERSE 0.9
IGEAR 1
R_EFF_TR_R 0.92
IGEAR 2
R_EFF_TR_R 0.92
IGEAR 3
R_EFF_TR_R 0.95
IGEAR 4
R_EFF_TR_R 0.95
IGEAR 5
R_EFF_TR_R 0.98
IGEAR 6
R_EFF_TR_R 0.99
T_SHIFT 0.25
igear 1
ENTER_PARSFILE Powertrain\Shift\Shift_28d508f4-a9e5-4d5f-93e0-da2839bd20ad.par
#FullDataName Powertrain: Shift Schedule`6-speed, 1-2 Shift`6-speed
UPSHIFT_TRANS_TABLE
0, 874
0.2, 874
0.8, 1653
1, 1653
ENDTABLE
DOWNSHIFT_TRANS_TABLE
0, 699
0.4, 699
0.8, 1240
1, 1240
ENDTABLE
LOG_ENTRY Used Dataset: Powertrain: Shift Schedule; { 6-speed } 6-speed, 1-2 Shift
EXIT_PARSFILE Powertrain\Shift\Shift_28d508f4-a9e5-4d5f-93e0-da2839bd20ad.par

igear 2
ENTER_PARSFILE Powertrain\Shift\Shift_458185ed-acb4-414f-bccd-d9bffa8cb1d0.par
#FullDataName Powertrain: Shift Schedule`6-speed, 2-3 Shift`6-speed
UPSHIFT_TRANS_TABLE
0, 1282
0.2, 1282
0.8, 2840
1, 2840
ENDTABLE
DOWNSHIFT_TRANS_TABLE
0, 1026
0.4, 1026
0.8, 2130
1, 2130
ENDTABLE
LOG_ENTRY Used Dataset: Powertrain: Shift Schedule; { 6-speed } 6-speed, 2-3 Shift
EXIT_PARSFILE Powertrain\Shift\Shift_458185ed-acb4-414f-bccd-d9bffa8cb1d0.par

igear 3
ENTER_PARSFILE Powertrain\Shift\Shift_227434b7-0668-495c-a01a-0881f536f932.par
#FullDataName Powertrain: Shift Schedule`6-speed, 3-4 Shift`6-speed
UPSHIFT_TRANS_TABLE
0, 1800
0.2, 1800
0.8, 4167
1, 4167
ENDTABLE
DOWNSHIFT_TRANS_TABLE
0, 1440
0.4, 1440
0.8, 3125
1, 3125
ENDTABLE
LOG_ENTRY Used Dataset: Powertrain: Shift Schedule; { 6-speed } 6-speed, 3-4 Shift
EXIT_PARSFILE Powertrain\Shift\Shift_227434b7-0668-495c-a01a-0881f536f932.par

igear 4
ENTER_PARSFILE Powertrain\Shift\Shift_4c7e0778-d050-4bc4-ae32-5ddb69fa99e5.par
#FullDataName Powertrain: Shift Schedule`6-speed, 4-5 Shift`6-speed
UPSHIFT_TRANS_TABLE
0, 2525
0.2, 2525
0.8, 5850
1, 5850
ENDTABLE
DOWNSHIFT_TRANS_TABLE
0, 2020
0.4, 2020
0.8, 4388
1, 4388
ENDTABLE
LOG_ENTRY Used Dataset: Powertrain: Shift Schedule; { 6-speed } 6-speed, 4-5 Shift
EXIT_PARSFILE Powertrain\Shift\Shift_4c7e0778-d050-4bc4-ae32-5ddb69fa99e5.par

igear 5
ENTER_PARSFILE Powertrain\Shift\Shift_1ca55221-d7d9-4a14-a7cc-e661498a08ca.par
#FullDataName Powertrain: Shift Schedule`6-speed, 5-6 Shift`6-speed
UPSHIFT_TRANS_TABLE
0, 3093
0.2, 3093
0.8, 8205
1, 8205
ENDTABLE
DOWNSHIFT_TRANS_TABLE
0, 2474
0.4, 2474
0.8, 6154
1, 6154
ENDTABLE
LOG_ENTRY Used Dataset: Powertrain: Shift Schedule; { 6-speed } 6-speed, 5-6 Shift
EXIT_PARSFILE Powertrain\Shift\Shift_1ca55221-d7d9-4a14-a7cc-e661498a08ca.par

igear 6
LOG_ENTRY Used Dataset: Powertrain: Transmission (18 Gears or CVT); { 6-Speed Transmissions } 6-Speed
EXIT_PARSFILE Powertrain\TransExt\Trans18_55b3d8ee-e987-4803-8615-8a5b5c910733.par

IDIFF 2
ENTER_PARSFILE Powertrain\Reardiff\DiffR_c642a21e-e719-4ec4-89bb-964708a0eac0.par
#FullDataName Powertrain: Rear Differential`Viscous: Gear Ratio 4.1:1`Limited Slip and Viscous Coupling
LOCKED_RD_OPT 0
OPT_LOCKED_DIFF 0
M_DIFF_VISC_TABLE SPLINE
-1200, 402.88
-1080, 382.21
-960, 360.35
-840, 337.07
-720, 312.07
-600, 284.88
-540, 270.26
-480, 254.8
-420, 238.35
-360, 220.67
-300, 201.44
-240, 180.17
-180, 156.03
-120, 127.4
-60, 90.09
0, 0
60, -90.09
120, -127.4
180, -156.03
240, -180.17
300, -201.44
360, -220.67
420, -238.35
480, -254.8
540, -270.26
600, -284.88
720, -312.07
840, -337.07
960, -360.35
1080, -382.21
1200, -402.88
ENDTABLE
M_DIFF_RD_TABLE SPLINE
-1200, 402.88
-1080, 382.21
-960, 360.35
-840, 337.07
-720, 312.07
-600, 284.88
-540, 270.26
-480, 254.8
-420, 238.35
-360, 220.67
-300, 201.44
-240, 180.17
-180, 156.03
-120, 127.4
-60, 90.09
0, 0
60, -90.09
120, -127.4
180, -156.03
240, -180.17
300, -201.44
360, -220.67
420, -238.35
480, -254.8
540, -270.26
600, -284.88
720, -312.07
840, -337.07
960, -360.35
1080, -382.21
1200, -402.88
ENDTABLE
R_GEAR_RD 4.1
R_EFF_F_RD 0.99
R_EFF_R_RD 0.99
LOCKED_RD_DAMP 0.8
LOCKED_RD_K 80
IDS_R 0.013
IHS_LR 0.009
IHS_RR 0.009
R_GEAR_DIFF 4.1
R_EFF_F_DIFF 0.99
R_EFF_R_DIFF 0.99
LOCKED_DIFF_DAMP 0.8
LOCKED_DIFF_K 80
IDS 0.013
IHS_L 0.009
IHS_R 0.009
LOG_ENTRY Used Dataset: Powertrain: Rear Differential; { Limited Slip and Viscous Coupling } Viscous: Gear Ratio 4.1:1
EXIT_PARSFILE Powertrain\Reardiff\DiffR_c642a21e-e719-4ec4-89bb-964708a0eac0.par

LOG_ENTRY Used Dataset: Powertrain: Rear-Wheel Drive; { 125 kW Powertrains } 125 kW, 6-spd., 4.1 Ratio
EXIT_PARSFILE Powertrain\Rwd\RWD_773b5373-7fdd-4a7a-8296-37bf0e693904.par

ENTER_PARSFILE Brakes\4W_System\Brk4W_e0a33082-d8fd-4b80-8c76-a8b2036812f5.par
#FullDataName Brakes: Four-Wheel System`Sports Car: M/C Press, ABS`B-Class
OPT_BK_PEDAL 0
TL_L1 0
TL_L2 0
iaxle 1
iside 1
TLAG_BK 0
PBK_DL_COEFFICIENT 1
PBK_DL_COMBINE MULTIPLY
PBK_DL_FZ_CONSTANT 1
TC_L1 0.06
TC_BK 0.06
OPT_BK_DYN 1
MY_BRAKE_COEFFICIENT 200
MY_FRICTION 0.5
INSTALL_ABS_CONTROLLER
OPT_ABS_CTRL 2
ABS_SLIP_OFF 0.15
ABS_SLIP_ON 0.09
ABS_VMIN 2
iside 2
TLAG_BK 0
PBK_DL_COEFFICIENT 1
PBK_DL_COMBINE MULTIPLY
PBK_DL_FZ_CONSTANT 1
TC_L1 0.06
TC_BK 0.06
OPT_BK_DYN 1
MY_BRAKE_COEFFICIENT 200
MY_FRICTION 0.5
iaxle 2
iside 1
TLAG_BK 0
PBK_DL_COEFFICIENT 1
PBK_DL_COMBINE MULTIPLY
PBK_DL_FZ_CONSTANT 1
TC_L2 0.06
TC_BK 0.06
OPT_BK_DYN 1
MY_BRAKE_COEFFICIENT 100
MY_FRICTION 0.5
OPT_ABS_CTRL 2
ABS_SLIP_OFF 0.2
ABS_SLIP_ON 0.1
ABS_VMIN 2
iside 2
TLAG_BK 0
PBK_DL_COEFFICIENT 1
PBK_DL_COMBINE MULTIPLY
PBK_DL_FZ_CONSTANT 1
TC_L2 0.06
TC_BK 0.06
OPT_BK_DYN 1
MY_BRAKE_COEFFICIENT 100
MY_FRICTION 0.5
LOG_ENTRY Used Dataset: Brakes: Four-Wheel System; { B-Class } Sports Car: M/C Press, ABS
EXIT_PARSFILE Brakes\4W_System\Brk4W_e0a33082-d8fd-4b80-8c76-a8b2036812f5.par

ENTER_PARSFILE Animator\Vehicles\AniVeh_4986d2bf-e6a5-4076-b5cc-94a288fa5a6d.par
#FullDataName Animator: Vehicles and Sensor Targets`B-Class, Sports Car`B-Class
OPT_TRAILER_REF_FRAME 0
OBJ_X_LENGTH 2330
OBJ_Y_LENGTH 1718
OBJ_Z_LENGTH 1080
DZ_OBJECT 0
WRITE_ADD_REFERENCE_FRAME_OBJECT
ADD_REFERENCE_FRAME Sprung mass
SET_EULER_ANGLES YAW_PITCH_ROLL
SET_X_NAME Xo
WRT_Xo
ANI_Xo
SET_Y_NAME Yo
WRT_Yo
ANI_Yo
SET_Z_NAME Zo
WRT_Zo
ANI_Zo
SET_YAW_NAME Yaw
WRT_Yaw
ANI_Yaw
SET_PITCH_NAME Pitch
WRT_Pitch
ANI_Pitch
SET_ROLL_NAME Roll_E
WRT_Roll_E
ANI_Roll_E
SET_SCALE_X 1.06
SET_SCALE_Y 1.06
SET_SCALE_Z 1.06
SET_OFFSET_X 0
SET_OFFSET_Y 0.74
SET_OFFSET_Z 0.2926
SET_SCALE_X 1.06
SET_SCALE_Y 1.06
SET_SCALE_Z 1.06
SET_ANGLE_X 180
SET_OFFSET_X 0
SET_OFFSET_Y -0.74
SET_OFFSET_Z 0.2926
SET_SCALE_X 1.06
SET_SCALE_Y 1.06
SET_SCALE_Z 1.06
SET_OFFSET_X -2.33
SET_OFFSET_Y 0.7425
SET_OFFSET_Z 0.2926
SET_SCALE_X 1.06
SET_SCALE_Y 1.06
SET_SCALE_Z 1.06
SET_ANGLE_X 180
SET_OFFSET_X -2.33
SET_OFFSET_Y -0.7425
SET_OFFSET_Z 0.2926
DZ_OBJECT 0
WRITE_ADD_REFERENCE_FRAME_OBJECT
ADD_REFERENCE_FRAME Sprung mass
SET_EULER_ANGLES YAW_PITCH_ROLL
SET_X_NAME Xo
WRT_Xo
ANI_Xo
SET_Y_NAME Yo
WRT_Yo
ANI_Yo
SET_Z_NAME Zo
WRT_Zo
ANI_Zo
SET_YAW_NAME Yaw
WRT_Yaw
ANI_Yaw
SET_PITCH_NAME Pitch
WRT_Pitch
ANI_Pitch
SET_ROLL_NAME Roll_E
WRT_Roll_E
ANI_Roll_E
ENTER_PARSFILE Animator\STL_Groups\ShpGrp_27699196-17ad-4010-9718-476c334d297e.par
#FullDataName Animator: Shape Assembly`B-Class Convertible`Passenger Cars
ENTER_PARSFILE Animator\STL\Shape_71d4339f-b88d-4071-9f51-de824a48d309.par
#FullDataName Animator: Shape File Link`Sports Car: Body`Cars: B-Class
add_obj Animator\3D_Shape_Files\Cars\B_Class_Sports_Car\Conv_body.obj
SET_COLOR 0 0 0.8
SET_SCALE_X .975
SET_SCALE_Y .95
SET_SCALE_Z 1
SET_OFFSET_X -.01
SET_OFFSET_Y 0
SET_OFFSET_Z 0.288
set_lighting on
set_fogging on
USE_RUN_COLOR
SET_SPECULAR 1 1 1
vsv_enable_shadows_recursive
LOG_ENTRY Used Dataset: Animator: Shape File Link; { Cars: B-Class } Sports Car: Body
EXIT_PARSFILE Animator\STL\Shape_71d4339f-b88d-4071-9f51-de824a48d309.par

ENTER_PARSFILE Animator\STL\Shape_3db782ca-fe16-4e01-a76f-516d74f6d484.par
#FullDataName Animator: Shape File Link`Sports Car: Details`Cars: B-Class
add_obj Animator\3D_Shape_Files\Cars\B_Class_Sports_Car\Conv_details.obj
SET_SCALE_X .975
SET_SCALE_Y .95
SET_SCALE_Z 1
SET_OFFSET_X -0.01
SET_OFFSET_Y 0
SET_OFFSET_Z 0.288
set_lighting on
set_fogging on
set_transparency 1
SET_SPECULAR 1 1 1
vsv_enable_shadows_recursive
LOG_ENTRY Used Dataset: Animator: Shape File Link; { Cars: B-Class } Sports Car: Details
EXIT_PARSFILE Animator\STL\Shape_3db782ca-fe16-4e01-a76f-516d74f6d484.par

ENTER_PARSFILE Animator\STL\Shape_6548304c-1e27-4846-a45e-476ec0dec554.par
#FullDataName Animator: Shape File Link`Sports Car: Windows`Cars: B-Class
add_obj Animator\3D_Shape_Files\Cars\B_Class_Sports_Car\Conv_Window.obj
SET_SCALE_X 0.975
SET_SCALE_Y 0.95
SET_SCALE_Z 1
SET_OFFSET_X -0.01
SET_OFFSET_Y 0
SET_OFFSET_Z 0.288
set_lighting on
set_fogging on
set_transparency 1
SET_SPECULAR 1 1 1
vsv_enable_shadows_recursive
LOG_ENTRY Used Dataset: Animator: Shape File Link; { Cars: B-Class } Sports Car: Windows
EXIT_PARSFILE Animator\STL\Shape_6548304c-1e27-4846-a45e-476ec0dec554.par

ENTER_PARSFILE Animator\STL\Shape_c366a33b-399d-4cc1-9011-b8f4c4b50c98.par
#FullDataName Animator: Shape File Link`Sports Car: Driver (Asian Male)`Cars: B-Class
add_obj Animator\3D_Shape_Files\Cars\B_Class_Sports_Car\Drivers\Asian_Male\Asian_Male.obj
SET_COLOR 1 1 1
SET_SCALE_X 0.975
SET_SCALE_Y 0.95
SET_SCALE_Z 1
SET_OFFSET_X -0.01
SET_OFFSET_Y 0
SET_OFFSET_Z 0.288
set_lighting on
set_fogging on
SET_SPECULAR 0.75 0.75 0.75
vsv_enable_shadows_recursive
LOG_ENTRY Used Dataset: Animator: Shape File Link; { Cars: B-Class } Sports Car: Driver (Asian Male)
EXIT_PARSFILE Animator\STL\Shape_c366a33b-399d-4cc1-9011-b8f4c4b50c98.par

x_ref_length 2330
y_ref_length 1718
z_ref_length 1080
LOG_ENTRY Used Dataset: Animator: Shape Assembly; { Passenger Cars } B-Class Convertible
EXIT_PARSFILE Animator\STL_Groups\ShpGrp_27699196-17ad-4010-9718-476c334d297e.par

WRITE_REFERENCE_FRAME_SIZE
X_LENGTH 2330
Y_LENGTH 1718
Z_LENGTH 1080
WRITE_ADD_REFERENCE_FRAME_BRAKES
ADD_REFERENCE_FRAME Brake Lights
SET_EULER_ANGLES YAW_PITCH_ROLL
SET_X_NAME Xo
WRT_Xo
ANI_Xo
SET_Y_NAME Yo
WRT_Yo
ANI_Yo
SET_Z_NAME Zo
WRT_Zo
ANI_Zo
SET_YAW_NAME Yaw
WRT_Yaw
ANI_Yaw
SET_PITCH_NAME Pitch
WRT_Pitch
ANI_Pitch
SET_ROLL_NAME Roll_E
WRT_Roll_E
ANI_Roll_E
SET_FRAME_VISIBLE_NAME Bk_Stat
WRT_Bk_Stat
ANI_Bk_Stat
ENTER_PARSFILE Animator\STL\Shape_43df7193-745e-4884-baeb-fd6acfa21469.par
#FullDataName Animator: Shape File Link`Sports Car: Brake Lights`Cars: B-Class
add_obj Animator\3D_Shape_Files\Cars\B_Class_Sports_Car\Conv_brakes_on.obj
SET_COLOR 1 1 1
SET_SCALE_X 0.975
SET_SCALE_Y 0.95
SET_SCALE_Z 1
SET_OFFSET_X -0.01
SET_OFFSET_Y 0
SET_OFFSET_Z 0.288
X_REF_LENGTH 2330
Y_REF_LENGTH 1718
Z_REF_LENGTH 1080
set_lighting on
set_fogging on
SET_SPECULAR 1 1 1
LOG_ENTRY Used Dataset: Animator: Shape File Link; { Cars: B-Class } Sports Car: Brake Lights
EXIT_PARSFILE Animator\STL\Shape_43df7193-745e-4884-baeb-fd6acfa21469.par

set_lighting on
set_fogging on
WRITE_REFERENCE_FRAME_SIZE
X_LENGTH 2330
Y_LENGTH 1718
Z_LENGTH 1080
WRITE_ADD_REFERENCE_FRAME_REVERSE_LIGHTS
ADD_REFERENCE_FRAME Reverse Lights
SET_EULER_ANGLES YAW_PITCH_ROLL
SET_X_NAME Xo
WRT_Xo
ANI_Xo
SET_Y_NAME Yo
WRT_Yo
ANI_Yo
SET_Z_NAME Zo
WRT_Zo
ANI_Zo
SET_YAW_NAME Yaw
WRT_Yaw
ANI_Yaw
SET_PITCH_NAME Pitch
WRT_Pitch
ANI_Pitch
SET_ROLL_NAME Roll_E
WRT_Roll_E
ANI_Roll_E
SET_FRAME_VISIBLE_NAME 0>GearStat
ANI_GearStat
WRT_GearStat
ENTER_PARSFILE Animator\STL\Shape_7a01d206-07ae-4ded-97b3-1cd2ff536cbf.par
#FullDataName Animator: Shape File Link`Sports Car: Reverse Lights`Cars: B-Class
add_obj Animator\3D_Shape_Files\Cars\B_Class_Sports_Car\Conv_reverse_on.obj
SET_COLOR 1 1 1
SET_SCALE_X 0.975
SET_SCALE_Y 0.95
SET_SCALE_Z 1
SET_OFFSET_X -0.01
SET_OFFSET_Y 0
SET_OFFSET_Z 0.288
X_REF_LENGTH 2330
Y_REF_LENGTH 1718
Z_REF_LENGTH 1080
set_lighting on
set_fogging on
SET_SPECULAR 1 1 1
LOG_ENTRY Used Dataset: Animator: Shape File Link; { Cars: B-Class } Sports Car: Reverse Lights
EXIT_PARSFILE Animator\STL\Shape_7a01d206-07ae-4ded-97b3-1cd2ff536cbf.par

set_lighting on
set_fogging on
WRITE_REFERENCE_FRAME_SIZE
X_LENGTH 2330
Y_LENGTH 1718
Z_LENGTH 1080
LOG_ENTRY Used Dataset: Animator: Vehicles and Sensor Targets; { B-Class } B-Class, Sports Car
EXIT_PARSFILE Animator\Vehicles\AniVeh_4986d2bf-e6a5-4076-b5cc-94a288fa5a6d.par

IOBJECT_RESTORE
LOCK_BK_R_FREQ 160
LOG_ENTRY Used Dataset: Vehicle: Assembly; { B-Class } B-Class, Sports Car (VSA)
EXIT_PARSFILE Vehicles\Assembly\Vehicle_f6cd03e4-224b-4450-b9bc-b41125043a64.par

ENTER_PARSFILE Procedures\Proc_d3581837-1d26-4694-9799-7a039ae5295c.par
#FullDataName Procedures`Steering Step Input`Handling Testing
OPT_INIT_PATH 1
OPT_STOP 0
SSTART 0
TSTART 0
TSTART_WRITE = 0;
TSTOP 15
SSTOP = SSTART + 1 ;
OPT_DIRECTION 1
INSTALL_SPEED_CONTROLLER
OPT_SC 3
SET_ISPEED_FOR_ID 0
SPEED_ID_SC = SPEED_TARGET_ID
SPEED_TARGET_COMBINE ADD
SPEED_TARGET_S_CONSTANT 0
set_description SPEED_TARGET_ID Procedure: Steering Step Input
SPEED_TARGET_CONSTANT 100
OPT_SC_ENGINE_BRAKING 1
ENTER_PARSFILE Control\Steer\StrSW_63b9d11f-583e-4ed8-980a-87cb7d573e96.par
#FullDataName Control: Steering (Open Loop)`Step: 0 to 45 deg at 10 s`Step
OPT_DM 0
OPT_STR_BY_TRQ 0
STEER_SW_TABLE LINEAR
0, 0
10, 0
10.1, 45
11, 45
ENDTABLE
LOG_ENTRY Used Dataset: Control: Steering (Open Loop); { Step } Step: 0 to 45 deg at 10 s
EXIT_PARSFILE Control\Steer\StrSW_63b9d11f-583e-4ed8-980a-87cb7d573e96.par

ENTER_PARSFILE Control\Braking\PbkCon_bf4961f4-c4cf-4b18-a8f7-5f65e31ecd3f.par
#FullDataName Control: Braking MC Pressure (Open Loop)`Constant: 0 MPa`Constant
PBK_CON_CONSTANT 0
VLOW_STOP -1
LOG_ENTRY Used Dataset: Control: Braking MC Pressure (Open Loop); { Constant } Constant: 0 MPa
EXIT_PARSFILE Control\Braking\PbkCon_bf4961f4-c4cf-4b18-a8f7-5f65e31ecd3f.par

ENTER_PARSFILE Control\Gear_at\GearCL_3f60e7d2-b8c4-4d68-a9c4-d897bb3e2a86.par
#FullDataName Control: Shifting (Closed Loop)`AT (All Available Gears)`Closed-Loop Shifting
MODE_TRANS_CONSTANT NGEARS
LOG_ENTRY Used Dataset: Control: Shifting (Closed Loop); { Closed-Loop Shifting } AT (All Available Gears)
EXIT_PARSFILE Control\Gear_at\GearCL_3f60e7d2-b8c4-4d68-a9c4-d897bb3e2a86.par

ENTER_PARSFILE Roads\3D_Road\Road_cc73fa07-928b-470e-b16a-138bcaa60d82.par
#FullDataName Road: 3D Surface (All Properties)`1 km Square, Mu = 0.85`Flat Test Pads
SET_IROAD_FOR_ID 0
CURRENT_ROAD_ID = ROAD_ID
set_description road_id 1 km Square, Mu = 0.85
ENTER_PARSFILE Roads\BuilderSegment\RoadSeg_299f5dd8-31b0-44f2-9251-eaaf215df33c.par
#FullDataName Path: Segment Builder`Straight East`Straight
SET_IPATH_FOR_ID 0
OPT_PATH_START 0
OPT_PATH_LOOP 0
SPATH_START 0
PATH_ID_DM = PATH_ID
set_description path_id Straight East
NSEGMENTS 1
IPATHSEG 1
SEGMENT_TYPE 0
SEGMENT_LENGTH 100
Title Straight East <Straight>
LOG_ENTRY Used Dataset: Path: Segment Builder; { Straight } Straight East
EXIT_PARSFILE Roads\BuilderSegment\RoadSeg_299f5dd8-31b0-44f2-9251-eaaf215df33c.par

ROAD_PATH_ID = PATH_ID
set_description road_path_id PATH_ID for: Straight East
ENTER_PARSFILE Roads\Friction\RdMu_25e73395-9471-44b9-9c60-27bd9cc24921.par
#FullDataName Road: Friction Map, S-L Grid`Constant: 0.85`Constant
MU_ROAD_COMBINE ADD
MU_ROAD_CONSTANT 0.85
MU_ROAD_L_CONSTANT 0
LOG_ENTRY Used Dataset: Road: Friction Map, S-L Grid; { Constant } Constant: 0.85
EXIT_PARSFILE Roads\Friction\RdMu_25e73395-9471-44b9-9c60-27bd9cc24921.par

ENTER_PARSFILE Roads\Shapes\RdShape_4058acf0-6e14-4af6-a5b0-660d3c6188e7.par
#FullDataName Road: Animator Surface Shapes`1 km Square`Roads
NLANES 1
MIRROR 0
COLOR(1) 1 1 1
MATERIAL(1) Road (No Lines)
SPECULAR(1) 1
SCALE(1) 10
LTILES(1) 100
LIN(1) -500
LINUNITS(1) m
LOUT(1) 500
LOUTUNITS(1) m
LDIV(1) 100
S_START(1) -500
S_STOP(1) 500
DZ(1) 0
AUTODETAIL(1) Road
MTL_FILE Animator\Road_Materials\road.mtl
LOG_ENTRY Used Dataset: Road: Animator Surface Shapes; { Roads } 1 km Square
EXIT_PARSFILE Roads\Shapes\RdShape_4058acf0-6e14-4af6-a5b0-660d3c6188e7.par

RR_SURF_CONSTANT 1
L_CAMERA_FRONT 0.5
L_CAMERA_REAR 0.5
add_reference_frame road_stuff_6_Partly_Cloudy_Sky_with_Light_Grass
reference_frame_ghosts off
ENTER_PARSFILE Animator\Groups\Group_4ccae742-4649-427a-8871-7b3629a730a2.par
#FullDataName Animator: Group`Partly Cloudy Sky with Light Grass`Environment Spheres
ENTER_PARSFILE Animator\Frames\Frame_8761c9b6-c784-4d2d-b8bc-72683578e773.par
#FullDataName Animator: Reference Frame`Skybox (Vehicle X-Y-Z)`Tracking: Vehicle
ADD_REFERENCE_FRAME Frame_8761c9b6-c784-4d2d-b8bc-72683578e773
SET_EULER_ANGLES yaw_pitch_roll
SET_X_NAME Xo
SET_Y_NAME Yo
SET_Z_NAME Zo
WRT_Xo
ANI_Xo
WRT_Yo
ANI_Yo
WRT_Zo
ANI_Zo
LOG_ENTRY Used Dataset: Animator: Reference Frame; { Tracking: Vehicle } Skybox (Vehicle X-Y-Z)
EXIT_PARSFILE Animator\Frames\Frame_8761c9b6-c784-4d2d-b8bc-72683578e773.par

ENTER_PARSFILE Animator\STL\Shape_6d5f4980-0cdc-4aa2-841c-f127e1b02f97.par
#FullDataName Animator: Shape File Link`Partly Cloudy Sky`Environment: Sky Boxes
add_obj Animator\3D_Shape_Files\Environment\Sky_Boxes\Partly_Cloudy_Sky\Sky_Partly_Cloudy.obj
SET_COLOR 1 1 1
SET_SCALE_X 15
SET_SCALE_Y 15
SET_SCALE_Z 5
SET_ANGLE_Z 180
set_lighting off
set_fogging off
SUN_POSITION 250 -250 600
cam_global_ambient .6 .6 .6 1
cam_global_diffuse .9 .9 .9 1
cam_global_specular .7 .7 .7 1
ENV_MAP_XPOS Animator\3D_Shape_Files\Environment\Sky_Boxes\Partly_Cloudy_Sky\cubeXPos.tga
ENV_MAP_XNEG Animator\3D_Shape_Files\Environment\Sky_Boxes\Partly_Cloudy_Sky\cubeXNeg.tga
ENV_MAP_YPOS Animator\3D_Shape_Files\Environment\Sky_Boxes\Partly_Cloudy_Sky\cubeYPos.tga
ENV_MAP_YNEG Animator\3D_Shape_Files\Environment\Sky_Boxes\Partly_Cloudy_Sky\cubeYNeg.tga
ENV_MAP_ZPOS Animator\3D_Shape_Files\Environment\Sky_Boxes\Partly_Cloudy_Sky\cubeZPos.tga
ENV_MAP_ZNEG Animator\3D_Shape_Files\Environment\Sky_Boxes\Partly_Cloudy_Sky\cubeZNeg.tga
LOG_ENTRY Used Dataset: Animator: Shape File Link; { Environment: Sky Boxes } Partly Cloudy Sky
EXIT_PARSFILE Animator\STL\Shape_6d5f4980-0cdc-4aa2-841c-f127e1b02f97.par

ENTER_PARSFILE Animator\STL\Shape_8747e07e-81f8-4899-bd41-ca6921d43beb.par
#FullDataName Animator: Shape File Link`Light Grass`Environment: Land Bowls
add_obj Animator\3D_Shape_Files\Environment\Land_Bowls\Light_Grass\Land_Bowl_Light_Grass.obj
SET_COLOR 1 1 1
SET_SCALE_X 15
SET_SCALE_Y 15
SET_SCALE_Z 1
set_lighting off
set_fogging on
LOG_ENTRY Used Dataset: Animator: Shape File Link; { Environment: Land Bowls } Light Grass
EXIT_PARSFILE Animator\STL\Shape_8747e07e-81f8-4899-bd41-ca6921d43beb.par

LOG_ENTRY Used Dataset: Animator: Group; { Environment Spheres } Partly Cloudy Sky with Light Grass
EXIT_PARSFILE Animator\Groups\Group_4ccae742-4649-427a-8871-7b3629a730a2.par

ENTER_PARSFILE Roads\3D_Road\Road_cc73fa07-928b-470e-b16a-138bcaa60d82.ani
add_reference_frame The Road
reference_frame_ghosts off
add_obj Roads\3D_Road\Road_cc73fa07-928b-470e-b16a-138bcaa60d82_1.obj
set_color 1 1 1
show_front on
show_back off
compute_normals on
set_specular 1 1 1
set_auto_detail_type Road
EXIT_PARSFILE Roads\3D_Road\Road_cc73fa07-928b-470e-b16a-138bcaa60d82.ani

LOG_ENTRY Used Dataset: Road: 3D Surface (All Properties); { Flat Test Pads } 1 km Square, Mu = 0.85
EXIT_PARSFILE Roads\3D_Road\Road_cc73fa07-928b-470e-b16a-138bcaa60d82.par

ENTER_PARSFILE Plot\Setup\Plot_a243fc1c-fc6b-4404-89ac-bc8209a293be.par
#FullDataName Plot: Setup`Longitudinal Speed (Vxz_Fwd) vs. Time`Vehicle Motion
ADD_ENTITY Plot
ENTER_PARSFILE Plot\Format\PlotFmt_33e2becb-9fc8-474d-a6bb-685bf100d862.par
#FullDataName Plot: Format`Default Plot Settings`
LEGENDPERCENT 60
TITLEFONTSIZE 10
TITLELOCATION -1
AXES Axes
FRAME Frame
GRID CourseGrid
LEGENDDATA_1 RigidBodyName
TITLEFONTSTYLE Regular
TITLEFONTNAME Arial
LEGENDFONTNAME Arial
LEGENDFONTSIZE 10
LEGENDFONTSTYLE Regular
LABELFONTNAME Arial
LABELFONTSIZE 10
LABELFONTSTYLE Regular
TICLABELFONTNAME Arial
TICLABELFONTSIZE 10
TICLABELFONTSTYLE Regular
SYMBOLS 10,1,2,3,4,5,6,7,8,9,10,4,1,2,3,4,5,6,7,8
LINESTYL 1,1,1,1,1,1,2,1,1,1,2,1,1,1,2,1,1,1,2,1
COLORS 8,2,3,11,4,0,6,14,8,7,10,8,12,13,14,6,1,2,0,4
LOG_ENTRY Used Dataset: Plot: Format; Default Plot Settings
EXIT_PARSFILE Plot\Format\PlotFmt_33e2becb-9fc8-474d-a6bb-685bf100d862.par

PLOTCHANNELS Vx, Time
WRT_VX
PLOTCHANNELS Vxz_Fwd, Time
WRT_VXZ_FWD
PLOTCHANNELS VxTarget, Time
WRT_VXTARGET
PLOTCHANNELS Vx_2, Time
WRT_VX_2
YMaxmin Auto
XMaxmin Auto
PTITLE Longitudinal Speed (Vxz_Fwd) vs. Time
END_ENTITY Plot
LOG_ENTRY Used Dataset: Plot: Setup; { Vehicle Motion } Longitudinal Speed (Vxz_Fwd) vs. Time
EXIT_PARSFILE Plot\Setup\Plot_a243fc1c-fc6b-4404-89ac-bc8209a293be.par

ENTER_PARSFILE Plot\Setup\Plot_dafae624-d48a-4548-93eb-fa73d080e21a.par
#FullDataName Plot: Setup`Brake Control: M/C Pressure`Braking
ADD_ENTITY Plot
ENTER_PARSFILE Plot\Format\PlotFmt_9c0da54c-ef5e-4a28-a4f7-2b9b79dcd98d.par
#FullDataName Plot: Format`Lines without Symbols`
LEGENDPERCENT 60
TITLEFONTSIZE 10
TITLELOCATION -1
AXES Axes
FRAME Frame
GRID CourseGrid
LEGENDDATA_1 RigidBodyName
JUNK AutoLocation
TITLEFONTSTYLE Regular
TITLEFONTNAME Arial
LEGENDFONTNAME Arial
LEGENDFONTSIZE 10
LEGENDFONTSTYLE Regular
LABELFONTNAME Arial
LABELFONTSIZE 10
LABELFONTSTYLE Regular
TICLABELFONTNAME Arial
TICLABELFONTSIZE 10
TICLABELFONTSTYLE Regular
SYMBOLS 0,0,0,0,0,0,0,0,0,0,0,0,0,0,0,0,0,0,0,0
LINESTYL 1,1,1,1,1,1,2,1,1,1,2,1,1,1,2,1,1,1,2,1
COLORS 8,2,3,7,4,0,6,14,8,9,10,11,12,13,14,6,1,2,0,4
LOG_ENTRY Used Dataset: Plot: Format; Lines without Symbols
EXIT_PARSFILE Plot\Format\PlotFmt_9c0da54c-ef5e-4a28-a4f7-2b9b79dcd98d.par

PLOTCHANNELS Pbk_Con, Time
WRT_PBK_CON
YMaxmin Auto
XMaxmin Auto
PTITLE Brake Control: M/C Pressure
END_ENTITY Plot
LOG_ENTRY Used Dataset: Plot: Setup; { Braking } Brake Control: M/C Pressure
EXIT_PARSFILE Plot\Setup\Plot_dafae624-d48a-4548-93eb-fa73d080e21a.par

ENTER_PARSFILE Plot\Setup\Plot_84cf249c-520a-44d4-965b-f2a898a45ad5.par
#FullDataName Plot: Setup`Trans. Control: Gear Selected`Controls: Driver
ADD_ENTITY Plot
ENTER_PARSFILE Plot\Format\PlotFmt_9c0da54c-ef5e-4a28-a4f7-2b9b79dcd98d.par
#FullDataName Plot: Format`Lines without Symbols`
LEGENDPERCENT 60
TITLEFONTSIZE 10
TITLELOCATION -1
AXES Axes
FRAME Frame
GRID CourseGrid
LEGENDDATA_1 RigidBodyName
JUNK AutoLocation
TITLEFONTSTYLE Regular
TITLEFONTNAME Arial
LEGENDFONTNAME Arial
LEGENDFONTSIZE 10
LEGENDFONTSTYLE Regular
LABELFONTNAME Arial
LABELFONTSIZE 10
LABELFONTSTYLE Regular
TICLABELFONTNAME Arial
TICLABELFONTSIZE 10
TICLABELFONTSTYLE Regular
SYMBOLS 0,0,0,0,0,0,0,0,0,0,0,0,0,0,0,0,0,0,0,0
LINESTYL 1,1,1,1,1,1,2,1,1,1,2,1,1,1,2,1,1,1,2,1
COLORS 8,2,3,7,4,0,6,14,8,9,10,11,12,13,14,6,1,2,0,4
LOG_ENTRY Used Dataset: Plot: Format; Lines without Symbols
EXIT_PARSFILE Plot\Format\PlotFmt_9c0da54c-ef5e-4a28-a4f7-2b9b79dcd98d.par

PLOTCHANNELS GearStat, Time
WRT_GEARSTAT
PLOTCHANNELS Gear_Del, Time
WRT_GEAR_DEL
YMaxmin Auto
XMaxmin Auto
PTITLE Trans. Control: Gear Selected
END_ENTITY Plot
LOG_ENTRY Used Dataset: Plot: Setup; { Controls: Driver } Trans. Control: Gear Selected
EXIT_PARSFILE Plot\Setup\Plot_84cf249c-520a-44d4-965b-f2a898a45ad5.par

ENTER_PARSFILE Plot\Setup\Plot_076736e1-2cdd-49d5-8a36-d55940b011f0.par
#FullDataName Plot: Setup`Steering: Handwheel Angle`Steering
ADD_ENTITY Plot
ENTER_PARSFILE Plot\Format\PlotFmt_9c0da54c-ef5e-4a28-a4f7-2b9b79dcd98d.par
#FullDataName Plot: Format`Lines without Symbols`
LEGENDPERCENT 60
TITLEFONTSIZE 10
TITLELOCATION -1
AXES Axes
FRAME Frame
GRID CourseGrid
LEGENDDATA_1 RigidBodyName
JUNK AutoLocation
TITLEFONTSTYLE Regular
TITLEFONTNAME Arial
LEGENDFONTNAME Arial
LEGENDFONTSIZE 10
LEGENDFONTSTYLE Regular
LABELFONTNAME Arial
LABELFONTSIZE 10
LABELFONTSTYLE Regular
TICLABELFONTNAME Arial
TICLABELFONTSIZE 10
TICLABELFONTSTYLE Regular
SYMBOLS 0,0,0,0,0,0,0,0,0,0,0,0,0,0,0,0,0,0,0,0
LINESTYL 1,1,1,1,1,1,2,1,1,1,2,1,1,1,2,1,1,1,2,1
COLORS 8,2,3,7,4,0,6,14,8,9,10,11,12,13,14,6,1,2,0,4
LOG_ENTRY Used Dataset: Plot: Format; Lines without Symbols
EXIT_PARSFILE Plot\Format\PlotFmt_9c0da54c-ef5e-4a28-a4f7-2b9b79dcd98d.par

PLOTCHANNELS Steer_SW, Time
WRT_STEER_SW
YMaxmin Auto
XMaxmin Auto
PTITLE Steering: Handwheel Angle
END_ENTITY Plot
LOG_ENTRY Used Dataset: Plot: Setup; { Steering } Steering: Handwheel Angle
EXIT_PARSFILE Plot\Setup\Plot_076736e1-2cdd-49d5-8a36-d55940b011f0.par

ENTER_PARSFILE Plot\Setup\Plot_c288febe-d45a-489b-bdcf-e71d88d684d0.par
#FullDataName Plot: Setup`Total Steering Gear Inertia`Steering
ADD_ENTITY Plot
ENTER_PARSFILE Plot\Format\PlotFmt_33e2becb-9fc8-474d-a6bb-685bf100d862.par
#FullDataName Plot: Format`Default Plot Settings`
LEGENDPERCENT 60
TITLEFONTSIZE 10
TITLELOCATION -1
AXES Axes
FRAME Frame
GRID CourseGrid
LEGENDDATA_1 RigidBodyName
TITLEFONTSTYLE Regular
TITLEFONTNAME Arial
LEGENDFONTNAME Arial
LEGENDFONTSIZE 10
LEGENDFONTSTYLE Regular
LABELFONTNAME Arial
LABELFONTSIZE 10
LABELFONTSTYLE Regular
TICLABELFONTNAME Arial
TICLABELFONTSIZE 10
TICLABELFONTSTYLE Regular
SYMBOLS 10,1,2,3,4,5,6,7,8,9,10,4,1,2,3,4,5,6,7,8
LINESTYL 1,1,1,1,1,1,2,1,1,1,2,1,1,1,2,1,1,1,2,1
COLORS 8,2,3,11,4,0,6,14,8,7,10,8,12,13,14,6,1,2,0,4
LOG_ENTRY Used Dataset: Plot: Format; Default Plot Settings
EXIT_PARSFILE Plot\Format\PlotFmt_33e2becb-9fc8-474d-a6bb-685bf100d862.par

PLOTCHANNELS IstrGear, Time
WRT_ISTRGEAR
YMaxmin Auto
XMaxmin Auto
PTITLE Total Steering Gear Inertia
END_ENTITY Plot
LOG_ENTRY Used Dataset: Plot: Setup; { Steering } Total Steering Gear Inertia
EXIT_PARSFILE Plot\Setup\Plot_c288febe-d45a-489b-bdcf-e71d88d684d0.par

ENTER_PARSFILE Plot\Setup\Plot_3731da9c-c280-4889-92bf-a26641a24d54.par
#FullDataName Plot: Setup`Rack Kinematics`Steering
ADD_ENTITY Plot
ENTER_PARSFILE Plot\Format\PlotFmt_33e2becb-9fc8-474d-a6bb-685bf100d862.par
#FullDataName Plot: Format`Default Plot Settings`
LEGENDPERCENT 60
TITLEFONTSIZE 10
TITLELOCATION -1
AXES Axes
FRAME Frame
GRID CourseGrid
LEGENDDATA_1 RigidBodyName
TITLEFONTSTYLE Regular
TITLEFONTNAME Arial
LEGENDFONTNAME Arial
LEGENDFONTSIZE 10
LEGENDFONTSTYLE Regular
LABELFONTNAME Arial
LABELFONTSIZE 10
LABELFONTSTYLE Regular
TICLABELFONTNAME Arial
TICLABELFONTSIZE 10
TICLABELFONTSTYLE Regular
SYMBOLS 10,1,2,3,4,5,6,7,8,9,10,4,1,2,3,4,5,6,7,8
LINESTYL 1,1,1,1,1,1,2,1,1,1,2,1,1,1,2,1,1,1,2,1
COLORS 8,2,3,11,4,0,6,14,8,7,10,8,12,13,14,6,1,2,0,4
LOG_ENTRY Used Dataset: Plot: Format; Default Plot Settings
EXIT_PARSFILE Plot\Format\PlotFmt_33e2becb-9fc8-474d-a6bb-685bf100d862.par

PLOTCHANNELS Y_Rack1, Time
WRT_Y_RACK1
PLOTCHANNELS Vy_Rack1, Time
WRT_VY_RACK1
PLOTCHANNELS Ay_Rack1, Time
WRT_AY_RACK1
YMaxmin Auto
XMaxmin Auto
PTITLE Rack Kinematics
END_ENTITY Plot
LOG_ENTRY Used Dataset: Plot: Setup; { Steering } Rack Kinematics
EXIT_PARSFILE Plot\Setup\Plot_3731da9c-c280-4889-92bf-a26641a24d54.par

ENTER_PARSFILE Plot\Setup\Plot_b86d8c49-db4e-400a-a282-322334d38a2e.par
#FullDataName Plot: Setup`Vehicle Sideslip Angle`Vehicle Motion
ADD_ENTITY Plot
ENTER_PARSFILE Plot\Format\PlotFmt_9c0da54c-ef5e-4a28-a4f7-2b9b79dcd98d.par
#FullDataName Plot: Format`Lines without Symbols`
LEGENDPERCENT 60
TITLEFONTSIZE 10
TITLELOCATION -1
AXES Axes
FRAME Frame
GRID CourseGrid
LEGENDDATA_1 RigidBodyName
JUNK AutoLocation
TITLEFONTSTYLE Regular
TITLEFONTNAME Arial
LEGENDFONTNAME Arial
LEGENDFONTSIZE 10
LEGENDFONTSTYLE Regular
LABELFONTNAME Arial
LABELFONTSIZE 10
LABELFONTSTYLE Regular
TICLABELFONTNAME Arial
TICLABELFONTSIZE 10
TICLABELFONTSTYLE Regular
SYMBOLS 0,0,0,0,0,0,0,0,0,0,0,0,0,0,0,0,0,0,0,0
LINESTYL 1,1,1,1,1,1,2,1,1,1,2,1,1,1,2,1,1,1,2,1
COLORS 8,2,3,7,4,0,6,14,8,9,10,11,12,13,14,6,1,2,0,4
LOG_ENTRY Used Dataset: Plot: Format; Lines without Symbols
EXIT_PARSFILE Plot\Format\PlotFmt_9c0da54c-ef5e-4a28-a4f7-2b9b79dcd98d.par

PLOTCHANNELS Beta, Time
WRT_BETA
PLOTCHANNELS Beta_2, Time
WRT_BETA_2
YMaxmin Auto
XMaxmin Auto
PTITLE Vehicle Sideslip Angle
END_ENTITY Plot
LOG_ENTRY Used Dataset: Plot: Setup; { Vehicle Motion } Vehicle Sideslip Angle
EXIT_PARSFILE Plot\Setup\Plot_b86d8c49-db4e-400a-a282-322334d38a2e.par

ENTER_PARSFILE Plot\Setup\Plot_310b0189-b08d-49fc-a484-ee359eb89744.par
#FullDataName Plot: Setup`Yaw Rate of Sprung Masses vs. Time`Vehicle Motion
ADD_ENTITY Plot
ENTER_PARSFILE Plot\Format\PlotFmt_9c0da54c-ef5e-4a28-a4f7-2b9b79dcd98d.par
#FullDataName Plot: Format`Lines without Symbols`
LEGENDPERCENT 60
TITLEFONTSIZE 10
TITLELOCATION -1
AXES Axes
FRAME Frame
GRID CourseGrid
LEGENDDATA_1 RigidBodyName
JUNK AutoLocation
TITLEFONTSTYLE Regular
TITLEFONTNAME Arial
LEGENDFONTNAME Arial
LEGENDFONTSIZE 10
LEGENDFONTSTYLE Regular
LABELFONTNAME Arial
LABELFONTSIZE 10
LABELFONTSTYLE Regular
TICLABELFONTNAME Arial
TICLABELFONTSIZE 10
TICLABELFONTSTYLE Regular
SYMBOLS 0,0,0,0,0,0,0,0,0,0,0,0,0,0,0,0,0,0,0,0
LINESTYL 1,1,1,1,1,1,2,1,1,1,2,1,1,1,2,1,1,1,2,1
COLORS 8,2,3,7,4,0,6,14,8,9,10,11,12,13,14,6,1,2,0,4
LOG_ENTRY Used Dataset: Plot: Format; Lines without Symbols
EXIT_PARSFILE Plot\Format\PlotFmt_9c0da54c-ef5e-4a28-a4f7-2b9b79dcd98d.par

PLOTCHANNELS AVz, Time
WRT_AVZ
PLOTCHANNELS AVz_2, Time
WRT_AVZ_2
YMaxmin Auto
XMaxmin Auto
PTITLE Yaw Rate of Sprung Masses vs. Time
END_ENTITY Plot
LOG_ENTRY Used Dataset: Plot: Setup; { Vehicle Motion } Yaw Rate of Sprung Masses vs. Time
EXIT_PARSFILE Plot\Setup\Plot_310b0189-b08d-49fc-a484-ee359eb89744.par

ENTER_PARSFILE Plot\Setup\Plot_8b22f20a-1297-43cf-9e59-a0b1d530d136.par
#FullDataName Plot: Setup`Lateral Accel. of CG's vs. Time`Vehicle Motion
ADD_ENTITY Plot
ENTER_PARSFILE Plot\Format\PlotFmt_9c0da54c-ef5e-4a28-a4f7-2b9b79dcd98d.par
#FullDataName Plot: Format`Lines without Symbols`
LEGENDPERCENT 60
TITLEFONTSIZE 10
TITLELOCATION -1
AXES Axes
FRAME Frame
GRID CourseGrid
LEGENDDATA_1 RigidBodyName
JUNK AutoLocation
TITLEFONTSTYLE Regular
TITLEFONTNAME Arial
LEGENDFONTNAME Arial
LEGENDFONTSIZE 10
LEGENDFONTSTYLE Regular
LABELFONTNAME Arial
LABELFONTSIZE 10
LABELFONTSTYLE Regular
TICLABELFONTNAME Arial
TICLABELFONTSIZE 10
TICLABELFONTSTYLE Regular
SYMBOLS 0,0,0,0,0,0,0,0,0,0,0,0,0,0,0,0,0,0,0,0
LINESTYL 1,1,1,1,1,1,2,1,1,1,2,1,1,1,2,1,1,1,2,1
COLORS 8,2,3,7,4,0,6,14,8,9,10,11,12,13,14,6,1,2,0,4
LOG_ENTRY Used Dataset: Plot: Format; Lines without Symbols
EXIT_PARSFILE Plot\Format\PlotFmt_9c0da54c-ef5e-4a28-a4f7-2b9b79dcd98d.par

PLOTCHANNELS Ay, Time
WRT_AY
PLOTCHANNELS Ay_2, Time
WRT_AY_2
YMaxmin Auto
XMaxmin Auto
PTITLE Lateral Accel. of CG's vs. Time
END_ENTITY Plot
LOG_ENTRY Used Dataset: Plot: Setup; { Vehicle Motion } Lateral Accel. of CG's vs. Time
EXIT_PARSFILE Plot\Setup\Plot_8b22f20a-1297-43cf-9e59-a0b1d530d136.par

ENTER_PARSFILE Plot\Setup\Plot_2865bd77-14b2-4e51-9c7f-3484aa98e979.par
#FullDataName Plot: Setup`Roll Angle of Sprung Masses vs. Time`Vehicle Motion
ADD_ENTITY Plot
ENTER_PARSFILE Plot\Format\PlotFmt_9c0da54c-ef5e-4a28-a4f7-2b9b79dcd98d.par
#FullDataName Plot: Format`Lines without Symbols`
LEGENDPERCENT 60
TITLEFONTSIZE 10
TITLELOCATION -1
AXES Axes
FRAME Frame
GRID CourseGrid
LEGENDDATA_1 RigidBodyName
JUNK AutoLocation
TITLEFONTSTYLE Regular
TITLEFONTNAME Arial
LEGENDFONTNAME Arial
LEGENDFONTSIZE 10
LEGENDFONTSTYLE Regular
LABELFONTNAME Arial
LABELFONTSIZE 10
LABELFONTSTYLE Regular
TICLABELFONTNAME Arial
TICLABELFONTSIZE 10
TICLABELFONTSTYLE Regular
SYMBOLS 0,0,0,0,0,0,0,0,0,0,0,0,0,0,0,0,0,0,0,0
LINESTYL 1,1,1,1,1,1,2,1,1,1,2,1,1,1,2,1,1,1,2,1
COLORS 8,2,3,7,4,0,6,14,8,9,10,11,12,13,14,6,1,2,0,4
LOG_ENTRY Used Dataset: Plot: Format; Lines without Symbols
EXIT_PARSFILE Plot\Format\PlotFmt_9c0da54c-ef5e-4a28-a4f7-2b9b79dcd98d.par

PLOTCHANNELS Roll, Time
WRT_ROLL
PLOTCHANNELS Roll_2, Time
WRT_ROLL_2
YMaxmin Auto
XMaxmin Auto
PTITLE Roll Angle of Sprung Masses vs. Time
END_ENTITY Plot
LOG_ENTRY Used Dataset: Plot: Setup; { Vehicle Motion } Roll Angle of Sprung Masses vs. Time
EXIT_PARSFILE Plot\Setup\Plot_2865bd77-14b2-4e51-9c7f-3484aa98e979.par

ENTER_PARSFILE Plot\Setup\Plot_96525403-9e8c-42dd-a61c-7c7a9e99841b.par
#FullDataName Plot: Setup`Roll vs. Lateral Accel.`Vehicle Motion
ADD_ENTITY Plot
ENTER_PARSFILE Plot\Format\PlotFmt_9c0da54c-ef5e-4a28-a4f7-2b9b79dcd98d.par
#FullDataName Plot: Format`Lines without Symbols`
LEGENDPERCENT 60
TITLEFONTSIZE 10
TITLELOCATION -1
AXES Axes
FRAME Frame
GRID CourseGrid
LEGENDDATA_1 RigidBodyName
JUNK AutoLocation
TITLEFONTSTYLE Regular
TITLEFONTNAME Arial
LEGENDFONTNAME Arial
LEGENDFONTSIZE 10
LEGENDFONTSTYLE Regular
LABELFONTNAME Arial
LABELFONTSIZE 10
LABELFONTSTYLE Regular
TICLABELFONTNAME Arial
TICLABELFONTSIZE 10
TICLABELFONTSTYLE Regular
SYMBOLS 0,0,0,0,0,0,0,0,0,0,0,0,0,0,0,0,0,0,0,0
LINESTYL 1,1,1,1,1,1,2,1,1,1,2,1,1,1,2,1,1,1,2,1
COLORS 8,2,3,7,4,0,6,14,8,9,10,11,12,13,14,6,1,2,0,4
LOG_ENTRY Used Dataset: Plot: Format; Lines without Symbols
EXIT_PARSFILE Plot\Format\PlotFmt_9c0da54c-ef5e-4a28-a4f7-2b9b79dcd98d.par

PLOTCHANNELS Roll, Ay
WRT_ROLL
WRT_AY
PLOTCHANNELS Roll_2, Ay
WRT_ROLL_2
WRT_AY
YMaxmin Auto
XMaxmin Auto
PTITLE Roll vs. Lateral Accel.
END_ENTITY Plot
LOG_ENTRY Used Dataset: Plot: Setup; { Vehicle Motion } Roll vs. Lateral Accel.
EXIT_PARSFILE Plot\Setup\Plot_96525403-9e8c-42dd-a61c-7c7a9e99841b.par

LOG_ENTRY Used Dataset: Procedures; { Handling Testing } Steering Step Input
EXIT_PARSFILE Procedures\Proc_d3581837-1d26-4694-9799-7a039ae5295c.par

ENTER_PARSFILE Plot\Setup\Plot_74986bb8-0dfc-417f-9f2c-7a29be92102f.par
#FullDataName Plot: Setup`Rack Mass from Vir. Steer Axis Susp.`Steering
ADD_ENTITY Plot
ENTER_PARSFILE Plot\Format\PlotFmt_33e2becb-9fc8-474d-a6bb-685bf100d862.par
#FullDataName Plot: Format`Default Plot Settings`
LEGENDPERCENT 60
TITLEFONTSIZE 10
TITLELOCATION -1
AXES Axes
FRAME Frame
GRID CourseGrid
LEGENDDATA_1 RigidBodyName
TITLEFONTSTYLE Regular
TITLEFONTNAME Arial
LEGENDFONTNAME Arial
LEGENDFONTSIZE 10
LEGENDFONTSTYLE Regular
LABELFONTNAME Arial
LABELFONTSIZE 10
LABELFONTSTYLE Regular
TICLABELFONTNAME Arial
TICLABELFONTSIZE 10
TICLABELFONTSTYLE Regular
SYMBOLS 10,1,2,3,4,5,6,7,8,9,10,4,1,2,3,4,5,6,7,8
LINESTYL 1,1,1,1,1,1,2,1,1,1,2,1,1,1,2,1,1,1,2,1
COLORS 8,2,3,11,4,0,6,14,8,7,10,8,12,13,14,6,1,2,0,4
LOG_ENTRY Used Dataset: Plot: Format; Default Plot Settings
EXIT_PARSFILE Plot\Format\PlotFmt_33e2becb-9fc8-474d-a6bb-685bf100d862.par

PLOTCHANNELS MassVir1, Time
WRT_MASSVIR1
YMaxmin Auto
XMaxmin Auto
PTITLE Rack Mass from Vir. Steer Axis Susp.
END_ENTITY Plot
LOG_ENTRY Used Dataset: Plot: Setup; { Steering } Rack Mass from Vir. Steer Axis Susp.
EXIT_PARSFILE Plot\Setup\Plot_74986bb8-0dfc-417f-9f2c-7a29be92102f.par

WRITE_SENSOR_DETECT
Title Virtual Steer Axis - Baseline <Steering System Model Options>
CATEGORY Steering System Model Options
DATASET_TITLE Virtual Steer Axis - Baseline
NUM_CACHED_RUNS 1
LOG_ENTRY Used Dataset: CarSim Run Control; { Steering System Model Options } Virtual Steer Axis - Baseline
EXIT_PARSFILE Runs\Run_3639cf32-b3c2-4649-b242-2925f7744db6.par



END
