v  -300 0.05 0
v  -300 -0.05 0
v  -299.5 0.05 0
v  -299.5 -0.05 0
f -1 -2 -4 -3
v  -299 0.05 0
v  -299 -0.05 0
v  -298.5 0.05 0
v  -298.5 -0.05 0
f -1 -2 -4 -3
v  -298 0.05 0
v  -298 -0.05 0
v  -297.5 0.05 0
v  -297.5 -0.05 0
f -1 -2 -4 -3
v  -297 0.05 0
v  -297 -0.05 0
v  -296.5 0.05 0
v  -296.5 -0.05 0
f -1 -2 -4 -3
v  -296 0.05 0
v  -296 -0.05 0
v  -295.5 0.05 0
v  -295.5 -0.05 0
f -1 -2 -4 -3
v  -295 0.05 0
v  -295 -0.05 0
v  -294.5 0.05 0
v  -294.5 -0.05 0
f -1 -2 -4 -3
v  -294 0.05 0
v  -294 -0.05 0
v  -293.5 0.05 0
v  -293.5 -0.05 0
f -1 -2 -4 -3
v  -293 0.05 0
v  -293 -0.05 0
v  -292.5 0.05 0
v  -292.5 -0.05 0
f -1 -2 -4 -3
v  -292 0.05 0
v  -292 -0.05 0
v  -291.5 0.05 0
v  -291.5 -0.05 0
f -1 -2 -4 -3
v  -291 0.05 0
v  -291 -0.05 0
v  -290.5 0.05 0
v  -290.5 -0.05 0
f -1 -2 -4 -3
v  -290 0.05 0
v  -290 -0.05 0
v  -289.5 0.05 0
v  -289.5 -0.05 0
f -1 -2 -4 -3
v  -289 0.05 0
v  -289 -0.05 0
v  -288.5 0.05 0
v  -288.5 -0.05 0
f -1 -2 -4 -3
v  -288 0.05 0
v  -288 -0.05 0
v  -287.5 0.05 0
v  -287.5 -0.05 0
f -1 -2 -4 -3
v  -287 0.05 0
v  -287 -0.05 0
v  -286.5 0.05 0
v  -286.5 -0.05 0
f -1 -2 -4 -3
v  -286 0.05 0
v  -286 -0.05 0
v  -285.5 0.05 0
v  -285.5 -0.05 0
f -1 -2 -4 -3
v  -285 0.05 0
v  -285 -0.05 0
v  -284.5 0.05 0
v  -284.5 -0.05 0
f -1 -2 -4 -3
v  -284 0.05 0
v  -284 -0.05 0
v  -283.5 0.05 0
v  -283.5 -0.05 0
f -1 -2 -4 -3
v  -283 0.05 0
v  -283 -0.05 0
v  -282.5 0.05 0
v  -282.5 -0.05 0
f -1 -2 -4 -3
v  -282 0.05 0
v  -282 -0.05 0
v  -281.5 0.05 0
v  -281.5 -0.05 0
f -1 -2 -4 -3
v  -281 0.05 0
v  -281 -0.05 0
v  -280.5 0.05 0
v  -280.5 -0.05 0
f -1 -2 -4 -3
v  -280 0.05 0
v  -280 -0.05 0
v  -279.5 0.05 0
v  -279.5 -0.05 0
f -1 -2 -4 -3
v  -279 0.05 0
v  -279 -0.05 0
v  -278.5 0.05 0
v  -278.5 -0.05 0
f -1 -2 -4 -3
v  -278 0.05 0
v  -278 -0.05 0
v  -277.5 0.05 0
v  -277.5 -0.05 0
f -1 -2 -4 -3
v  -277 0.05 0
v  -277 -0.05 0
v  -276.5 0.05 0
v  -276.5 -0.05 0
f -1 -2 -4 -3
v  -276 0.05 0
v  -276 -0.05 0
v  -275.5 0.05 0
v  -275.5 -0.05 0
f -1 -2 -4 -3
v  -275 0.05 0
v  -275 -0.05 0
v  -274.5 0.05 0
v  -274.5 -0.05 0
f -1 -2 -4 -3
v  -274 0.05 0
v  -274 -0.05 0
v  -273.5 0.05 0
v  -273.5 -0.05 0
f -1 -2 -4 -3
v  -273 0.05 0
v  -273 -0.05 0
v  -272.5 0.05 0
v  -272.5 -0.05 0
f -1 -2 -4 -3
v  -272 0.05 0
v  -272 -0.05 0
v  -271.5 0.05 0
v  -271.5 -0.05 0
f -1 -2 -4 -3
v  -271 0.05 0
v  -271 -0.05 0
v  -270.5 0.05 0
v  -270.5 -0.05 0
f -1 -2 -4 -3
v  -270 0.05 0
v  -270 -0.05 0
v  -269.5 0.05 0
v  -269.5 -0.05 0
f -1 -2 -4 -3
v  -269 0.05 0
v  -269 -0.05 0
v  -268.5 0.05 0
v  -268.5 -0.05 0
f -1 -2 -4 -3
v  -268 0.05 0
v  -268 -0.05 0
v  -267.5 0.05 0
v  -267.5 -0.05 0
f -1 -2 -4 -3
v  -267 0.05 0
v  -267 -0.05 0
v  -266.5 0.05 0
v  -266.5 -0.05 0
f -1 -2 -4 -3
v  -266 0.05 0
v  -266 -0.05 0
v  -265.5 0.05 0
v  -265.5 -0.05 0
f -1 -2 -4 -3
v  -265 0.05 0
v  -265 -0.05 0
v  -264.5 0.05 0
v  -264.5 -0.05 0
f -1 -2 -4 -3
v  -264 0.05 0
v  -264 -0.05 0
v  -263.5 0.05 0
v  -263.5 -0.05 0
f -1 -2 -4 -3
v  -263 0.05 0
v  -263 -0.05 0
v  -262.5 0.05 0
v  -262.5 -0.05 0
f -1 -2 -4 -3
v  -262 0.05 0
v  -262 -0.05 0
v  -261.5 0.05 0
v  -261.5 -0.05 0
f -1 -2 -4 -3
v  -261 0.05 0
v  -261 -0.05 0
v  -260.5 0.05 0
v  -260.5 -0.05 0
f -1 -2 -4 -3
v  -260 0.05 0
v  -260 -0.05 0
v  -259.5 0.05 0
v  -259.5 -0.05 0
f -1 -2 -4 -3
v  -259 0.05 0
v  -259 -0.05 0
v  -258.5 0.05 0
v  -258.5 -0.05 0
f -1 -2 -4 -3
v  -258 0.05 0
v  -258 -0.05 0
v  -257.5 0.05 0
v  -257.5 -0.05 0
f -1 -2 -4 -3
v  -257 0.05 0
v  -257 -0.05 0
v  -256.5 0.05 0
v  -256.5 -0.05 0
f -1 -2 -4 -3
v  -256 0.05 0
v  -256 -0.05 0
v  -255.5 0.05 0
v  -255.5 -0.05 0
f -1 -2 -4 -3
v  -255 0.05 0
v  -255 -0.05 0
v  -254.5 0.05 0
v  -254.5 -0.05 0
f -1 -2 -4 -3
v  -254 0.05 0
v  -254 -0.05 0
v  -253.5 0.05 0
v  -253.5 -0.05 0
f -1 -2 -4 -3
v  -253 0.05 0
v  -253 -0.05 0
v  -252.5 0.05 0
v  -252.5 -0.05 0
f -1 -2 -4 -3
v  -252 0.05 0
v  -252 -0.05 0
v  -251.5 0.05 0
v  -251.5 -0.05 0
f -1 -2 -4 -3
v  -251 0.05 0
v  -251 -0.05 0
v  -250.5 0.05 0
v  -250.5 -0.05 0
f -1 -2 -4 -3
v  -250 0.05 0
v  -250 -0.05 0
v  -249.5 0.05 0
v  -249.5 -0.05 0
f -1 -2 -4 -3
v  -249 0.05 0
v  -249 -0.05 0
v  -248.5 0.05 0
v  -248.5 -0.05 0
f -1 -2 -4 -3
v  -248 0.05 0
v  -248 -0.05 0
v  -247.5 0.05 0
v  -247.5 -0.05 0
f -1 -2 -4 -3
v  -247 0.05 0
v  -247 -0.05 0
v  -246.5 0.05 0
v  -246.5 -0.05 0
f -1 -2 -4 -3
v  -246 0.05 0
v  -246 -0.05 0
v  -245.5 0.05 0
v  -245.5 -0.05 0
f -1 -2 -4 -3
v  -245 0.05 0
v  -245 -0.05 0
v  -244.5 0.05 0
v  -244.5 -0.05 0
f -1 -2 -4 -3
v  -244 0.05 0
v  -244 -0.05 0
v  -243.5 0.05 0
v  -243.5 -0.05 0
f -1 -2 -4 -3
v  -243 0.05 0
v  -243 -0.05 0
v  -242.5 0.05 0
v  -242.5 -0.05 0
f -1 -2 -4 -3
v  -242 0.05 0
v  -242 -0.05 0
v  -241.5 0.05 0
v  -241.5 -0.05 0
f -1 -2 -4 -3
v  -241 0.05 0
v  -241 -0.05 0
v  -240.5 0.05 0
v  -240.5 -0.05 0
f -1 -2 -4 -3
v  -240 0.05 0
v  -240 -0.05 0
v  -239.5 0.05 0
v  -239.5 -0.05 0
f -1 -2 -4 -3
v  -239 0.05 0
v  -239 -0.05 0
v  -238.5 0.05 0
v  -238.5 -0.05 0
f -1 -2 -4 -3
v  -238 0.05 0
v  -238 -0.05 0
v  -237.5 0.05 0
v  -237.5 -0.05 0
f -1 -2 -4 -3
v  -237 0.05 0
v  -237 -0.05 0
v  -236.5 0.05 0
v  -236.5 -0.05 0
f -1 -2 -4 -3
v  -236 0.05 0
v  -236 -0.05 0
v  -235.5 0.05 0
v  -235.5 -0.05 0
f -1 -2 -4 -3
v  -235 0.05 0
v  -235 -0.05 0
v  -234.5 0.05 0
v  -234.5 -0.05 0
f -1 -2 -4 -3
v  -234 0.05 0
v  -234 -0.05 0
v  -233.5 0.05 0
v  -233.5 -0.05 0
f -1 -2 -4 -3
v  -233 0.05 0
v  -233 -0.05 0
v  -232.5 0.05 0
v  -232.5 -0.05 0
f -1 -2 -4 -3
v  -232 0.05 0
v  -232 -0.05 0
v  -231.5 0.05 0
v  -231.5 -0.05 0
f -1 -2 -4 -3
v  -231 0.05 0
v  -231 -0.05 0
v  -230.5 0.0500032181516 0
v  -230.5 -0.0499967818484 0
f -1 -2 -4 -3
v  -230 0.050316972848 0
v  -230 -0.049683027152 0
v  -229.5 0.0511424629151 0
v  -229.5 -0.0488575370849 0
f -1 -2 -4 -3
v  -229 0.0524785852862 0
v  -229 -0.0475214147138 0
v  -228.5 0.0543247101886 0
v  -228.5 -0.0456752898114 0
f -1 -2 -4 -3
v  -228 0.0566801254727 0
v  -228 -0.0433198745273 0
v  -227.5 0.0595436404286 0
v  -227.5 -0.0404563595714 0
f -1 -2 -4 -3
v  -227 0.0629138648516 0
v  -227 -0.0370861351484 0
v  -226.5 0.066789080297 0
v  -226.5 -0.033210919703 0
f -1 -2 -4 -3
v  -226 0.0711670038048 0
v  -226 -0.0288329961952 0
v  -225.5 0.0760439016382 0
v  -225.5 -0.0239560983618 0
f -1 -2 -4 -3
v  -225 0.081417029807 0
v  -225 -0.018582970193 0
v  -224.5 0.0872872244329 0
v  -224.5 -0.0127127755671 0
f -1 -2 -4 -3
v  -224 0.0936539883219 0
v  -224 -0.0063460116781 0
v  -223.5 0.100511168437 0
v  -223.5 0.000511168437275 0
f -1 -2 -4 -3
v  -223 0.107852764256 0
v  -223 0.0078527642564 0
v  -222.5 0.115676104294 0
v  -222.5 0.0156761042935 0
f -1 -2 -4 -3
v  -222 0.123977980008 0
v  -222 0.023977980008 0
v  -221.5 0.132751941044 0
v  -221.5 0.0327519410435 0
f -1 -2 -4 -3
v  -221 0.14199277991 0
v  -221 0.0419927799104 0
v  -220.5 0.151700510963 0
v  -220.5 0.0517005109633 0
f -1 -2 -4 -3
v  -220 0.161873521109 0
v  -220 0.0618735211091 0
v  -219.5 0.172502856761 0
v  -219.5 0.0725028567606 0
f -1 -2 -4 -3
v  -219 0.183578452847 0
v  -219 0.0835784528465 0
v  -218.5 0.195090811777 0
v  -218.5 0.0950908117773 0
f -1 -2 -4 -3
v  -218 0.207033335048 0
v  -218 0.107033335048 0
v  -217.5 0.219407450214 0
v  -217.5 0.119407450214 0
f -1 -2 -4 -3
v  -217 0.232213184006 0
v  -217 0.132213184006 0
v  -216.5 0.245442438589 0
v  -216.5 0.145442438589 0
f -1 -2 -4 -3
v  -216 0.259085637911 0
v  -216 0.159085637911 0
v  -215.5 0.273133120415 0
v  -215.5 0.173133120415 0
f -1 -2 -4 -3
v  -215 0.287576450057 0
v  -215 0.187576450057 0
v  -214.5 0.302410747934 0
v  -214.5 0.202410747934 0
f -1 -2 -4 -3
v  -214 0.317628547804 0
v  -214 0.217628547804 0
v  -213.5 0.333213146283 0
v  -213.5 0.233213146283 0
f -1 -2 -4 -3
v  -213 0.349152703803 0
v  -213 0.249152703803 0
v  -212.5 0.365454054453 0
v  -212.5 0.265454054453 0
f -1 -2 -4 -3
v  -212 0.382119944505 0
v  -212 0.282119944505 0
v  -211.5 0.399131844107 0
v  -211.5 0.299131844107 0
f -1 -2 -4 -3
v  -211 0.416471758939 0
v  -211 0.316471758939 0
v  -210.5 0.434134111221 0
v  -210.5 0.334134111221 0
f -1 -2 -4 -3
v  -210 0.452114199604 0
v  -210 0.352114199604 0
v  -209.5 0.47040348512 0
v  -209.5 0.37040348512 0
f -1 -2 -4 -3
v  -209 0.488990340438 0
v  -209 0.388990340438 0
v  -208.5 0.507856244501 0
v  -208.5 0.407856244501 0
f -1 -2 -4 -3
v  -208 0.526987267408 0
v  -208 0.426987267408 0
v  -207.5 0.546386174002 0
v  -207.5 0.446386174002 0
f -1 -2 -4 -3
v  -207 0.566053232978 0
v  -207 0.466053232978 0
v  -206.5 0.585973014408 0
v  -206.5 0.485973014408 0
f -1 -2 -4 -3
v  -206 0.606129665198 0
v  -206 0.506129665198 0
v  -205.5 0.626514145996 0
v  -205.5 0.526514145996 0
f -1 -2 -4 -3
v  -205 0.647118027539 0
v  -205 0.547118027539 0
v  -204.5 0.667931143086 0
v  -204.5 0.567931143086 0
f -1 -2 -4 -3
v  -204 0.688939635722 0
v  -204 0.588939635722 0
v  -203.5 0.710119957071 0
v  -203.5 0.610119957071 0
f -1 -2 -4 -3
v  -203 0.731455823461 0
v  -203 0.631455823461 0
v  -202.5 0.752956747343 0
v  -202.5 0.652956747343 0
f -1 -2 -4 -3
v  -202 0.774629923228 0
v  -202 0.674629923228 0
v  -201.5 0.796462688817 0
v  -201.5 0.696462688817 0
f -1 -2 -4 -3
v  -201 0.81842670625 0
v  -201 0.71842670625 0
v  -200.5 0.840458851232 0
v  -200.5 0.740458851232 0
f -1 -2 -4 -3
v  -200 0.862529535934 0
v  -200 0.762529535934 0
v  -199.5 0.884723143673 0
v  -199.5 0.784723143673 0
f -1 -2 -4 -3
v  -199 0.907099466095 0
v  -199 0.807099466095 0
v  -198.5 0.929592419195 0
v  -198.5 0.829592419195 0
f -1 -2 -4 -3
v  -198 0.952132081878 0
v  -198 0.852132081878 0
v  -197.5 0.974699163787 0
v  -197.5 0.874699163787 0
f -1 -2 -4 -3
v  -197 0.997296696633 0
v  -197 0.897296696633 0
v  -196.5 1.01996553702 0
v  -196.5 0.919965537016 0
f -1 -2 -4 -3
v  -196 1.04269322695 0
v  -196 0.942693226951 0
v  -195.5 1.06529953143 0
v  -195.5 0.965299531427 0
f -1 -2 -4 -3
v  -195 1.08769102084 0
v  -195 0.987691020843 0
v  -194.5 1.11009929663 0
v  -194.5 1.01009929663 0
f -1 -2 -4 -3
v  -194 1.13269323304 0
v  -194 1.03269323304 0
v  -193.5 1.15530745083 0
v  -193.5 1.05530745083 0
f -1 -2 -4 -3
v  -193 1.17778943581 0
v  -193 1.07778943581 0
v  -192.5 1.20018568163 0
v  -192.5 1.10018568163 0
f -1 -2 -4 -3
v  -192 1.22255234533 0
v  -192 1.12255234533 0
v  -191.5 1.24487561946 0
v  -191.5 1.14487561946 0
f -1 -2 -4 -3
v  -191 1.26710589968 0
v  -191 1.16710589968 0
v  -190.5 1.28912741253 0
v  -190.5 1.18912741253 0
f -1 -2 -4 -3
v  -190 1.31087992794 0
v  -190 1.21087992794 0
v  -189.5 1.33249114003 0
v  -189.5 1.23249114003 0
f -1 -2 -4 -3
v  -189 1.35406903816 0
v  -189 1.25406903816 0
v  -188.5 1.37557474415 0
v  -188.5 1.27557474415 0
f -1 -2 -4 -3
v  -188 1.39694655622 0
v  -188 1.29694655622 0
v  -187.5 1.41813041857 0
v  -187.5 1.31813041857 0
f -1 -2 -4 -3
v  -187 1.43909765217 0
v  -187 1.33909765217 0
v  -186.5 1.45988694156 0
v  -186.5 1.35988694156 0
f -1 -2 -4 -3
v  -186 1.48050219512 0
v  -186 1.38050219512 0
v  -185.5 1.50081706717 0
v  -185.5 1.40081706717 0
f -1 -2 -4 -3
v  -185 1.52075711937 0
v  -185 1.42075711937 0
v  -184.5 1.54045687936 0
v  -184.5 1.44045687936 0
f -1 -2 -4 -3
v  -184 1.560027657 0
v  -184 1.460027657 0
v  -183.5 1.57941379061 0
v  -183.5 1.47941379061 0
f -1 -2 -4 -3
v  -183 1.59853700783 0
v  -183 1.49853700783 0
v  -182.5 1.61733709341 0
v  -182.5 1.51733709341 0
f -1 -2 -4 -3
v  -182 1.63579082689 0
v  -182 1.53579082689 0
v  -181.5 1.65396983894 0
v  -181.5 1.55396983894 0
f -1 -2 -4 -3
v  -181 1.67190776783 0
v  -181 1.57190776783 0
v  -180.5 1.68948556284 0
v  -180.5 1.58948556284 0
f -1 -2 -4 -3
v  -180 1.7066194138 0
v  -180 1.6066194138 0
v  -179.5 1.7233987161 0
v  -179.5 1.6233987161 0
f -1 -2 -4 -3
v  -179 1.73990754338 0
v  -179 1.63990754338 0
v  -178.5 1.75613059117 0
v  -178.5 1.65613059117 0
f -1 -2 -4 -3
v  -178 1.77202789108 0
v  -178 1.67202789108 0
v  -177.5 1.78753881442 0
v  -177.5 1.68753881442 0
f -1 -2 -4 -3
v  -177 1.80262916749 0
v  -177 1.70262916749 0
v  -176.5 1.81734889274 0
v  -176.5 1.71734889274 0
f -1 -2 -4 -3
v  -176 1.83171972056 0
v  -176 1.73171972056 0
v  -175.5 1.84564332823 0
v  -175.5 1.74564332823 0
f -1 -2 -4 -3
v  -175 1.85905450386 0
v  -175 1.75905450386 0
v  -174.5 1.87203936074 0
v  -174.5 1.77203936074 0
f -1 -2 -4 -3
v  -174 1.8846769904 0
v  -174 1.7846769904 0
v  -173.5 1.89695300721 0
v  -173.5 1.79695300721 0
f -1 -2 -4 -3
v  -173 1.90882877293 0
v  -173 1.80882877293 0
v  -172.5 1.92024326563 0
v  -172.5 1.82024326563 0
f -1 -2 -4 -3
v  -172 1.93116195307 0
v  -172 1.83116195307 0
v  -171.5 1.94163543187 0
v  -171.5 1.84163543187 0
f -1 -2 -4 -3
v  -171 1.9516854564 0
v  -171 1.8516854564 0
v  -170.5 1.96121150209 0
v  -170.5 1.86121150209 0
f -1 -2 -4 -3
v  -170 1.97016609654 0
v  -170 1.87016609654 0
v  -169.5 1.97871000938 0
v  -169.5 1.87871000938 0
f -1 -2 -4 -3
v  -169 1.98694384706 0
v  -169 1.88694384706 0
v  -168.5 1.99469810918 0
v  -168.5 1.89469810918 0
f -1 -2 -4 -3
v  -168 2.00184038403 0
v  -168 1.90184038403 0
v  -167.5 2.00847388029 0
v  -167.5 1.90847388029 0
f -1 -2 -4 -3
v  -167 2.01469510323 0
v  -167 1.91469510323 0
v  -166.5 2.02046688644 0
v  -166.5 1.92046688644 0
f -1 -2 -4 -3
v  -166 2.02573063986 0
v  -166 1.92573063986 0
v  -165.5 2.03043293074 0
v  -165.5 1.93043293074 0
f -1 -2 -4 -3
v  -165 2.03456161413 0
v  -165 1.93456161413 0
v  -164.5 2.03821771698 0
v  -164.5 1.93821771698 0
f -1 -2 -4 -3
v  -164 2.04146339001 0
v  -164 1.94146339001 0
v  -163.5 2.04419667492 0
v  -163.5 1.94419667492 0
f -1 -2 -4 -3
v  -163 2.04634113944 0
v  -163 1.94634113944 0
v  -162.5 2.04797188814 0
v  -162.5 1.94797188814 0
f -1 -2 -4 -3
v  -162 2.04915497703 0
v  -162 1.94915497703 0
v  -161.5 2.04985714451 0
v  -161.5 1.94985714451 0
f -1 -2 -4 -3
v  -161 2.04997562444 0
v  -161 1.94997562444 0
v  -160.5 2.04926128982 0
v  -160.5 1.94926128982 0
f -1 -2 -4 -3
v  -160 2.04750918119 0
v  -160 1.94750918119 0
v  -159.5 2.04470953301 0
v  -159.5 1.94470953301 0
f -1 -2 -4 -3
v  -159 2.04088740758 0
v  -159 1.94088740758 0
v  -158.5 2.03607031975 0
v  -158.5 1.93607031975 0
f -1 -2 -4 -3
v  -158 2.03026547007 0
v  -158 1.93026547007 0
v  -157.5 2.02342194478 0
v  -157.5 1.92342194478 0
f -1 -2 -4 -3
v  -157 2.01550838893 0
v  -157 1.91550838893 0
v  -156.5 2.00657660591 0
v  -156.5 1.90657660591 0
f -1 -2 -4 -3
v  -156 1.99668229901 0
v  -156 1.89668229901 0
v  -155.5 1.98585153317 0
v  -155.5 1.88585153317 0
f -1 -2 -4 -3
v  -155 1.97408285663 0
v  -155 1.87408285663 0
v  -154.5 1.96131215661 0
v  -154.5 1.86131215661 0
f -1 -2 -4 -3
v  -154 1.94749454967 0
v  -154 1.84749454967 0
v  -153.5 1.9326696036 0
v  -153.5 1.8326696036 0
f -1 -2 -4 -3
v  -153 1.91688078788 0
v  -153 1.81688078788 0
v  -152.5 1.90014133058 0
v  -152.5 1.80014133058 0
f -1 -2 -4 -3
v  -152 1.88245474039 0
v  -152 1.78245474039 0
v  -151.5 1.86381205566 0
v  -151.5 1.76381205566 0
f -1 -2 -4 -3
v  -151 1.84423077214 0
v  -151 1.74423077214 0
v  -150.5 1.82380857316 0
v  -150.5 1.72380857316 0
f -1 -2 -4 -3
v  -150 1.80259945743 0
v  -150 1.70259945743 0
v  -149.5 1.7804959037 0
v  -149.5 1.6804959037 0
f -1 -2 -4 -3
v  -149 1.75740695013 0
v  -149 1.65740695013 0
v  -148.5 1.73336681525 0
v  -148.5 1.63336681525 0
f -1 -2 -4 -3
v  -148 1.70843282525 0
v  -148 1.60843282525 0
v  -147.5 1.68266602009 0
v  -147.5 1.58266602009 0
f -1 -2 -4 -3
v  -147 1.65609555368 0
v  -147 1.55609555368 0
v  -146.5 1.62865946437 0
v  -146.5 1.52865946437 0
f -1 -2 -4 -3
v  -146 1.60035632003 0
v  -146 1.50035632003 0
v  -145.5 1.57139865523 0
v  -145.5 1.47139865523 0
f -1 -2 -4 -3
v  -145 1.54190301899 0
v  -145 1.44190301899 0
v  -144.5 1.51161267713 0
v  -144.5 1.41161267713 0
f -1 -2 -4 -3
v  -144 1.4803304264 0
v  -144 1.3803304264 0
v  -143.5 1.44820790746 0
v  -143.5 1.34820790746 0
f -1 -2 -4 -3
v  -143 1.41540732661 0
v  -143 1.31540732661 0
v  -142.5 1.38195041623 0
v  -142.5 1.28195041623 0
f -1 -2 -4 -3
v  -142 1.34782307036 0
v  -142 1.24782307036 0
v  -141.5 1.31297928921 0
v  -141.5 1.21297928921 0
f -1 -2 -4 -3
v  -141 1.27744579356 0
v  -141 1.17744579356 0
v  -140.5 1.24146854134 0
v  -140.5 1.14146854134 0
f -1 -2 -4 -3
v  -140 1.20516972981 0
v  -140 1.10516972981 0
v  -139.5 1.16821788301 0
v  -139.5 1.06821788301 0
f -1 -2 -4 -3
v  -139 1.13037006479 0
v  -139 1.03037006479 0
v  -138.5 1.09185266692 0
v  -138.5 0.991852666916 0
f -1 -2 -4 -3
v  -138 1.05288865935 0
v  -138 0.952888659351 0
v  -137.5 1.01346260044 0
v  -137.5 0.913462600442 0
f -1 -2 -4 -3
v  -137 0.973524326928 0
v  -137 0.873524326928 0
v  -136.5 0.933042662198 0
v  -136.5 0.833042662198 0
f -1 -2 -4 -3
v  -136 0.892067035817 0
v  -136 0.792067035817 0
v  -135.5 0.850863404928 0
v  -135.5 0.750863404928 0
f -1 -2 -4 -3
v  -135 0.809564437963 0
v  -135 0.709564437963 0
v  -134.5 0.76782374241 0
v  -134.5 0.66782374241 0
f -1 -2 -4 -3
v  -134 0.725383044652 0
v  -134 0.625383044652 0
v  -133.5 0.682464599271 0
v  -133.5 0.582464599271 0
f -1 -2 -4 -3
v  -133 0.63929100327 0
v  -133 0.53929100327 0
v  -132.5 0.595851551387 0
v  -132.5 0.495851551387 0
f -1 -2 -4 -3
v  -132 0.552114905147 0
v  -132 0.452114905147 0
v  -131.5 0.508105627902 0
v  -131.5 0.408105627902 0
f -1 -2 -4 -3
v  -131 0.463859726862 0
v  -131 0.363859726862 0
v  -130.5 0.419418010046 0
v  -130.5 0.319418010046 0
f -1 -2 -4 -3
v  -130 0.374798786445 0
v  -130 0.274798786445 0
v  -129.5 0.329955056954 0
v  -129.5 0.229955056954 0
f -1 -2 -4 -3
v  -129 0.284920078397 0
v  -129 0.184920078397 0
v  -128.5 0.23998373142 0
v  -128.5 0.13998373142 0
f -1 -2 -4 -3
v  -128 0.195292901246 0
v  -128 0.095292901246 0
v  -127.5 0.150468667232 0
v  -127.5 0.0504686672324 0
f -1 -2 -4 -3
v  -127 0.105227643083 0
v  -127 0.00522764308286 0
v  -126.5 0.059810548939 0
v  -126.5 -0.040189451061 0
f -1 -2 -4 -3
v  -126 0.0144631579106 0
v  -126 -0.0855368420894 0
v  -125.5 -0.0308101249962 0
v  -125.5 -0.130810124996 0
f -1 -2 -4 -3
v  -125 -0.0760477769331 0
v  -125 -0.176047776933 0
v  -124.5 -0.121290714818 0
v  -124.5 -0.221290714818 0
f -1 -2 -4 -3
v  -124 -0.166493352642 0
v  -124 -0.266493352642 0
v  -123.5 -0.211366616292 0
v  -123.5 -0.311366616292 0
f -1 -2 -4 -3
v  -123 -0.255765327058 0
v  -123 -0.355765327058 0
v  -122.5 -0.300066231775 0
v  -122.5 -0.400066231775 0
f -1 -2 -4 -3
v  -122 -0.344550544885 0
v  -122 -0.444550544885 0
v  -121.5 -0.388977273168 0
v  -121.5 -0.488977273168 0
f -1 -2 -4 -3
v  -121 -0.433101823962 0
v  -121 -0.533101823962 0
v  -120.5 -0.476924118833 0
v  -120.5 -0.576924118833 0
f -1 -2 -4 -3
v  -120 -0.520484784547 0
v  -120 -0.620484784547 0
v  -119.5 -0.563819258779 0
v  -119.5 -0.663819258779 0
f -1 -2 -4 -3
v  -119 -0.60688212713 0
v  -119 -0.70688212713 0
v  -118.5 -0.649404033732 0
v  -118.5 -0.749404033732 0
f -1 -2 -4 -3
v  -118 -0.691249786612 0
v  -118 -0.791249786612 0
v  -117.5 -0.732769322293 0
v  -117.5 -0.832769322293 0
f -1 -2 -4 -3
v  -117 -0.774224742422 0
v  -117 -0.874224742422 0
v  -116.5 -0.815395453097 0
v  -116.5 -0.915395453097 0
f -1 -2 -4 -3
v  -116 -0.856055819701 0
v  -116 -0.956055819701 0
v  -115.5 -0.89620141844 0
v  -115.5 -0.99620141844 0
f -1 -2 -4 -3
v  -115 -0.935866159893 0
v  -115 -1.03586615989 0
v  -114.5 -0.975083488745 0
v  -114.5 -1.07508348875 0
f -1 -2 -4 -3
v  -114 -1.01381364633 0
v  -114 -1.11381364633 0
v  -113.5 -1.05181205802 0
v  -113.5 -1.15181205802 0
f -1 -2 -4 -3
v  -113 -1.08895837225 0
v  -113 -1.18895837225 0
v  -112.5 -1.12558018157 0
v  -112.5 -1.22558018157 0
f -1 -2 -4 -3
v  -112 -1.16192032709 0
v  -112 -1.26192032709 0
v  -111.5 -1.19776571969 0
v  -111.5 -1.29776571969 0
f -1 -2 -4 -3
v  -111 -1.23289542338 0
v  -111 -1.33289542338 0
v  -110.5 -1.26728881649 0
v  -110.5 -1.36728881649 0
f -1 -2 -4 -3
v  -110 -1.30097677618 0
v  -110 -1.40097677618 0
v  -109.5 -1.33403679597 0
v  -109.5 -1.43403679597 0
f -1 -2 -4 -3
v  -109 -1.3664687935 0
v  -109 -1.4664687935 0
v  -108.5 -1.39803264523 0
v  -108.5 -1.49803264523 0
f -1 -2 -4 -3
v  -108 -1.42859783544 0
v  -108 -1.52859783544 0
v  -107.5 -1.45845800232 0
v  -107.5 -1.55845800232 0
f -1 -2 -4 -3
v  -107 -1.48782772396 0
v  -107 -1.58782772396 0
v  -106.5 -1.51649323111 0
v  -106.5 -1.61649323111 0
f -1 -2 -4 -3
v  -106 -1.54425929432 0
v  -106 -1.64425929432 0
v  -105.5 -1.57119145484 0
v  -105.5 -1.67119145484 0
f -1 -2 -4 -3
v  -105 -1.59735602034 0
v  -105 -1.69735602034 0
v  -104.5 -1.62269430312 0
v  -104.5 -1.72269430312 0
f -1 -2 -4 -3
v  -104 -1.64712381791 0
v  -104 -1.74712381791 0
v  -103.5 -1.67055638788 0
v  -103.5 -1.77055638788 0
f -1 -2 -4 -3
v  -103 -1.69297314323 0
v  -103 -1.79297314323 0
v  -102.5 -1.71455219816 0
v  -102.5 -1.81455219816 0
f -1 -2 -4 -3
v  -102 -1.73541898198 0
v  -102 -1.83541898198 0
v  -101.5 -1.7554552099 0
v  -101.5 -1.8554552099 0
f -1 -2 -4 -3
v  -101 -1.77453307924 0
v  -101 -1.87453307924 0
v  -100.5 -1.79261695905 0
v  -100.5 -1.89261695905 0
f -1 -2 -4 -3
v  -100 -1.80971261785 0
v  -100 -1.90971261785 0
v  -99.5 -1.82589687709 0
v  -99.5 -1.92589687709 0
f -1 -2 -4 -3
v  -99 -1.84119445256 0
v  -99 -1.94119445256 0
v  -98.5 -1.85544944299 0
v  -98.5 -1.95544944299 0
f -1 -2 -4 -3
v  -98 -1.8685672423 0
v  -98 -1.9685672423 0
v  -97.5 -1.88071306216 0
v  -97.5 -1.98071306216 0
f -1 -2 -4 -3
v  -97 -1.89201806945 0
v  -97 -1.99201806945 0
v  -96.5 -1.90239134199 0
v  -96.5 -2.00239134199 0
f -1 -2 -4 -3
v  -96 -1.91173535349 0
v  -96 -2.01173535349 0
v  -95.5 -1.92004234829 0
v  -95.5 -2.02004234829 0
f -1 -2 -4 -3
v  -95 -1.92732375497 0
v  -95 -2.02732375497 0
v  -94.5 -1.93360100644 0
v  -94.5 -2.03360100644 0
f -1 -2 -4 -3
v  -94 -1.93888590823 0
v  -94 -2.03888590823 0
v  -93.5 -1.94315840435 0
v  -93.5 -2.04315840435 0
f -1 -2 -4 -3
v  -93 -1.94639985053 0
v  -93 -2.04639985053 0
v  -92.5 -1.94861109616 0
v  -92.5 -2.04861109616 0
f -1 -2 -4 -3
v  -92 -1.94979740966 0
v  -92 -2.04979740966 0
v  -91.5 -1.94996693101 0
v  -91.5 -2.04996693101 0
f -1 -2 -4 -3
v  -91 -1.94911723084 0
v  -91 -2.04911723084 0
v  -90.5 -1.94721487821 0
v  -90.5 -2.04721487821 0
f -1 -2 -4 -3
v  -90 -1.94424682539 0
v  -90 -2.04424682539 0
v  -89.5 -1.94027226095 0
v  -89.5 -2.04027226095 0
f -1 -2 -4 -3
v  -89 -1.93534079239 0
v  -89 -2.03534079239 0
v  -88.5 -1.9294399364 0
v  -88.5 -2.0294399364 0
f -1 -2 -4 -3
v  -88 -1.92253932344 0
v  -88 -2.02253932344 0
v  -87.5 -1.91458875026 0
v  -87.5 -2.01458875026 0
f -1 -2 -4 -3
v  -87 -1.90556759063 0
v  -87 -2.00556759063 0
v  -86.5 -1.89554776737 0
v  -86.5 -1.99554776737 0
f -1 -2 -4 -3
v  -86 -1.88457963883 0
v  -86 -1.98457963883 0
v  -85.5 -1.87260801706 0
v  -85.5 -1.97260801706 0
f -1 -2 -4 -3
v  -85 -1.85958961086 0
v  -85 -1.95958961086 0
v  -84.5 -1.84556594918 0
v  -84.5 -1.94556594918 0
f -1 -2 -4 -3
v  -84 -1.83059732254 0
v  -84 -1.93059732254 0
v  -83.5 -1.81475521101 0
v  -83.5 -1.91475521101 0
f -1 -2 -4 -3
v  -83 -1.79806674379 0
v  -83 -1.89806674379 0
v  -82.5 -1.78042929878 0
v  -82.5 -1.88042929878 0
f -1 -2 -4 -3
v  -82 -1.7617590943 0
v  -82 -1.8617590943 0
v  -81.5 -1.74208843707 0
v  -81.5 -1.84208843707 0
f -1 -2 -4 -3
v  -81 -1.72147280222 0
v  -81 -1.82147280222 0
v  -80.5 -1.69997597776 0
v  -80.5 -1.79997597776 0
f -1 -2 -4 -3
v  -80 -1.67762734164 0
v  -80 -1.77762734164 0
v  -79.5 -1.65435583031 0
v  -79.5 -1.75435583031 0
f -1 -2 -4 -3
v  -79 -1.63014346964 0
v  -79 -1.73014346964 0
v  -78.5 -1.6051699722 0
v  -78.5 -1.7051699722 0
f -1 -2 -4 -3
v  -78 -1.57954283101 0
v  -78 -1.67954283101 0
v  -77.5 -1.55307078807 0
v  -77.5 -1.65307078807 0
f -1 -2 -4 -3
v  -77 -1.52560439353 0
v  -77 -1.62560439353 0
v  -76.5 -1.4972570235 0
v  -76.5 -1.5972570235 0
f -1 -2 -4 -3
v  -76 -1.46814644288 0
v  -76 -1.56814644288 0
v  -75.5 -1.43827457951 0
v  -75.5 -1.53827457951 0
f -1 -2 -4 -3
v  -75 -1.40762483655 0
v  -75 -1.50762483655 0
v  -74.5 -1.37618522165 0
v  -74.5 -1.47618522165 0
f -1 -2 -4 -3
v  -74 -1.34399685411 0
v  -74 -1.44399685411 0
v  -73.5 -1.31124736509 0
v  -73.5 -1.41124736509 0
f -1 -2 -4 -3
v  -73 -1.27802635819 0
v  -73 -1.37802635819 0
v  -72.5 -1.24407732039 0
v  -72.5 -1.34407732039 0
f -1 -2 -4 -3
v  -72 -1.20921077552 0
v  -72 -1.30921077552 0
v  -71.5 -1.17359388616 0
v  -71.5 -1.27359388616 0
f -1 -2 -4 -3
v  -71 -1.13740239252 0
v  -71 -1.23740239252 0
v  -70.5 -1.10066217816 0
v  -70.5 -1.20066217816 0
f -1 -2 -4 -3
v  -70 -1.0633547776 0
v  -70 -1.1633547776 0
v  -69.5 -1.02541056118 0
v  -69.5 -1.12541056118 0
f -1 -2 -4 -3
v  -69 -0.986842657077 0
v  -69 -1.08684265708 0
v  -68.5 -0.94792095959 0
v  -68.5 -1.04792095959 0
f -1 -2 -4 -3
v  -68 -0.908791638571 0
v  -68 -1.00879163857 0
v  -67.5 -0.86912898638 0
v  -67.5 -0.96912898638 0
f -1 -2 -4 -3
v  -67 -0.828686022558 0
v  -67 -0.928686022558 0
v  -66.5 -0.787666473609 0
v  -66.5 -0.887666473609 0
f -1 -2 -4 -3
v  -66 -0.746279517916 0
v  -66 -0.846279517916 0
v  -65.5 -0.704529869743 0
v  -65.5 -0.804529869743 0
f -1 -2 -4 -3
v  -65 -0.662384820339 0
v  -65 -0.762384820339 0
v  -64.5 -0.619806530299 0
v  -64.5 -0.719806530299 0
f -1 -2 -4 -3
v  -64 -0.57684015561 0
v  -64 -0.67684015561 0
v  -63.5 -0.533765826021 0
v  -63.5 -0.633765826021 0
f -1 -2 -4 -3
v  -63 -0.490724598181 0
v  -63 -0.590724598181 0
v  -62.5 -0.447353264656 0
v  -62.5 -0.547353264656 0
f -1 -2 -4 -3
v  -62 -0.403379026707 0
v  -62 -0.503379026707 0
v  -61.5 -0.359028325834 0
v  -61.5 -0.459028325834 0
f -1 -2 -4 -3
v  -61 -0.314534467473 0
v  -61 -0.414534467473 0
v  -60.5 -0.269906587209 0
v  -60.5 -0.369906587209 0
f -1 -2 -4 -3
v  -60 -0.225111538602 0
v  -60 -0.325111538602 0
v  -59.5 -0.18010703405 0
v  -59.5 -0.28010703405 0
f -1 -2 -4 -3
v  -59 -0.134937104839 0
v  -59 -0.234937104839 0
v  -58.5 -0.0898920208959 0
v  -58.5 -0.189892020896 0
f -1 -2 -4 -3
v  -58 -0.0451179739461 0
v  -58 -0.145117973946 0
v  -57.5 -0.000237376510479 0
v  -57.5 -0.10023737651 0
f -1 -2 -4 -3
v  -57 0.0450322328795 0
v  -57 -0.0549677671205 0
v  -56.5 0.0904513423939 0
v  -56.5 -0.00954865760613 0
f -1 -2 -4 -3
v  -56 0.135775884284 0
v  -56 0.035775884284 0
v  -55.5 0.181003509591 0
v  -55.5 0.081003509591 0
f -1 -2 -4 -3
v  -55 0.226172499041 0
v  -55 0.126172499041 0
v  -54.5 0.271317092538 0
v  -54.5 0.171317092538 0
f -1 -2 -4 -3
v  -54 0.31638848525 0
v  -54 0.21638848525 0
v  -53.5 0.361107233457 0
v  -53.5 0.261107233457 0
f -1 -2 -4 -3
v  -53 0.40533500316 0
v  -53 0.30533500316 0
v  -52.5 0.449441314915 0
v  -52.5 0.349441314915 0
f -1 -2 -4 -3
v  -52 0.493700975391 0
v  -52 0.393700975391 0
v  -51.5 0.537875737603 0
v  -51.5 0.437875737603 0
f -1 -2 -4 -3
v  -51 0.581724293995 0
v  -51 0.481724293995 0
v  -50.5 0.625246897954 0
v  -50.5 0.525246897954 0
f -1 -2 -4 -3
v  -50 0.668483193908 0
v  -50 0.568483193908 0
v  -49.5 0.711465395701 0
v  -49.5 0.611465395701 0
f -1 -2 -4 -3
v  -49 0.754146983491 0
v  -49 0.654146983491 0
v  -48.5 0.7962645254 0
v  -48.5 0.6962645254 0
f -1 -2 -4 -3
v  -48 0.837687732287 0
v  -48 0.737687732287 0
v  -47.5 0.878765152537 0
v  -47.5 0.778765152537 0
f -1 -2 -4 -3
v  -47 0.919755883202 0
v  -47 0.819755883202 0
v  -46.5 0.960434864132 0
v  -46.5 0.860434864132 0
f -1 -2 -4 -3
v  -46 1.00057432659 0
v  -46 0.900574326586 0
v  -45.5 1.04017496254 0
v  -45.5 0.940174962536 0
f -1 -2 -4 -3
v  -45 1.07927597206 0
v  -45 0.979275972056 0
v  -44.5 1.11791304165 0
v  -44.5 1.01791304165 0
f -1 -2 -4 -3
v  -44 1.15604813911 0
v  -44 1.05604813911 0
v  -43.5 1.19343844568 0
v  -43.5 1.09343844568 0
f -1 -2 -4 -3
v  -43 1.2299559163 0
v  -43 1.1299559163 0
v  -42.5 1.26589397643 0
v  -42.5 1.16589397643 0
f -1 -2 -4 -3
v  -42 1.30148401648 0
v  -42 1.20148401648 0
v  -41.5 1.33657805739 0
v  -41.5 1.23657805739 0
f -1 -2 -4 -3
v  -41 1.37100364657 0
v  -41 1.27100364657 0
v  -40.5 1.4047047076 0
v  -40.5 1.3047047076 0
f -1 -2 -4 -3
v  -40 1.43766715083 0
v  -40 1.33766715083 0
v  -39.5 1.4699377922 0
v  -39.5 1.3699377922 0
f -1 -2 -4 -3
v  -39 1.50151543012 0
v  -39 1.40151543012 0
v  -38.5 1.532234674 0
v  -38.5 1.432234674 0
f -1 -2 -4 -3
v  -38 1.5620094391 0
v  -38 1.4620094391 0
v  -37.5 1.59105590619 0
v  -37.5 1.49105590619 0
f -1 -2 -4 -3
v  -37 1.61953206787 0
v  -37 1.51953206787 0
v  -36.5 1.64728547006 0
v  -36.5 1.54728547006 0
f -1 -2 -4 -3
v  -36 1.67416527821 0
v  -36 1.57416527821 0
v  -35.5 1.70017655199 0
v  -35.5 1.60017655199 0
f -1 -2 -4 -3
v  -35 1.72534461769 0
v  -35 1.62534461769 0
v  -34.5 1.74967558037 0
v  -34.5 1.64967558037 0
f -1 -2 -4 -3
v  -34 1.77314396944 0
v  -34 1.67314396944 0
v  -33.5 1.79564524012 0
v  -33.5 1.69564524012 0
f -1 -2 -4 -3
v  -33 1.81712845815 0
v  -33 1.71712845815 0
v  -32.5 1.83773146876 0
v  -32.5 1.73773146876 0
f -1 -2 -4 -3
v  -32 1.85755844756 0
v  -32 1.75755844756 0
v  -31.5 1.87652715843 0
v  -31.5 1.77652715843 0
f -1 -2 -4 -3
v  -31 1.8945468652 0
v  -31 1.7945468652 0
v  -30.5 1.91159389431 0
v  -30.5 1.81159389431 0
f -1 -2 -4 -3
v  -30 1.92766200845 0
v  -30 1.82766200845 0
v  -29.5 1.94276114434 0
v  -29.5 1.84276114434 0
f -1 -2 -4 -3
v  -29 1.95689198101 0
v  -29 1.85689198101 0
v  -28.5 1.97002138672 0
v  -28.5 1.87002138672 0
f -1 -2 -4 -3
v  -28 1.98213538592 0
v  -28 1.88213538592 0
v  -27.5 1.99329015196 0
v  -27.5 1.89329015196 0
f -1 -2 -4 -3
v  -27 2.00351839851 0
v  -27 1.90351839851 0
v  -26.5 2.01275290064 0
v  -26.5 1.91275290064 0
f -1 -2 -4 -3
v  -26 2.02093929523 0
v  -26 1.92093929523 0
v  -25.5 2.02810798707 0
v  -25.5 1.92810798707 0
f -1 -2 -4 -3
v  -25 2.03428870217 0
v  -25 1.93428870217 0
v  -24.5 2.03946792946 0
v  -24.5 1.93946792946 0
f -1 -2 -4 -3
v  -24 2.04362113448 0
v  -24 1.94362113448 0
v  -23.5 2.04671399347 0
v  -23.5 1.94671399347 0
f -1 -2 -4 -3
v  -23 2.0487399183 0
v  -23 1.9487399183 0
v  -22.5 2.04977480147 0
v  -22.5 1.94977480147 0
f -1 -2 -4 -3
v  -22 2.04986451714 0
v  -22 1.94986451714 0
v  -21.5 2.04893061587 0
v  -21.5 1.94893061587 0
f -1 -2 -4 -3
v  -21 2.04691620836 0
v  -21 1.94691620836 0
v  -20.5 2.04388541825 0
v  -20.5 1.94388541825 0
f -1 -2 -4 -3
v  -20 2.03988241262 0
v  -20 1.93988241262 0
v  -19.5 2.03483646792 0
v  -19.5 1.93483646792 0
f -1 -2 -4 -3
v  -19 2.02870781795 0
v  -19 1.92870781795 0
v  -18.5 2.02159943647 0
v  -18.5 1.92159943647 0
f -1 -2 -4 -3
v  -18 2.01358120199 0
v  -18 1.91358120199 0
v  -17.5 2.00456065982 0
v  -17.5 1.90456065982 0
f -1 -2 -4 -3
v  -17 1.99445808771 0
v  -17 1.89445808771 0
v  -16.5 1.98330860747 0
v  -16.5 1.88330860747 0
f -1 -2 -4 -3
v  -16 1.97116621037 0
v  -16 1.87116621037 0
v  -15.5 1.95808175352 0
v  -15.5 1.85808175352 0
f -1 -2 -4 -3
v  -15 1.94406899402 0
v  -15 1.84406899402 0
v  -14.5 1.92903929525 0
v  -14.5 1.82903929525 0
f -1 -2 -4 -3
v  -14 1.91296365037 0
v  -14 1.81296365037 0
v  -13.5 1.89603001668 0
v  -13.5 1.79603001668 0
f -1 -2 -4 -3
v  -13 1.87834813571 0
v  -13 1.77834813571 0
v  -12.5 1.85970280364 0
v  -12.5 1.75970280364 0
f -1 -2 -4 -3
v  -12 1.8399291124 0
v  -12 1.7399291124 0
v  -11.5 1.81916153836 0
v  -11.5 1.71916153836 0
f -1 -2 -4 -3
v  -11 1.79753742429 0
v  -11 1.69753742429 0
v  -10.5 1.77505618454 0
v  -10.5 1.67505618454 0
f -1 -2 -4 -3
v  -10 1.75169587203 0
v  -10 1.65169587203 0
v  -9.5 1.7274419451 0
v  -9.5 1.6274419451 0
f -1 -2 -4 -3
v  -9 1.70231984918 0
v  -9 1.60231984918 0
v  -8.5 1.67646342307 0
v  -8.5 1.57646342307 0
f -1 -2 -4 -3
v  -8 1.64993781925 0
v  -8 1.54993781925 0
v  -7.5 1.62256286984 0
v  -7.5 1.52256286984 0
f -1 -2 -4 -3
v  -7 1.59420006101 0
v  -7 1.49420006101 0
v  -6.5 1.56494724558 0
v  -6.5 1.46494724558 0
f -1 -2 -4 -3
v  -6 1.53492078471 0
v  -6 1.43492078471 0
v  -5.5 1.50417365266 0
v  -5.5 1.40417365266 0
f -1 -2 -4 -3
v  -5 1.47271892496 0
v  -5 1.37271892496 0
v  -4.5 1.44048882379 0
v  -4.5 1.34048882379 0
f -1 -2 -4 -3
v  -4 1.40748719545 0
v  -4 1.30748719545 0
v  -3.5 1.37395792657 0
v  -3.5 1.27395792657 0
f -1 -2 -4 -3
v  -3 1.34003002765 0
v  -3 1.24003002765 0
v  -2.5 1.30539358912 0
v  -2.5 1.20539358912 0
f -1 -2 -4 -3
v  -2 1.26981879315 0
v  -2 1.16981879315 0
v  -1.5 1.23351427134 0
v  -1.5 1.13351427134 0
f -1 -2 -4 -3
v  -1 1.19668021414 0
v  -1 1.09668021414 0
v  -0.5 1.1592794055 0
v  -0.5 1.0592794055 0
f -1 -2 -4 -3
v  0 1.12125843028 0
v  0 1.02125843028 0
v  0.5 1.08263426872 0
v  0.5 0.982634268719 0
f -1 -2 -4 -3
v  1 1.04348687882 0
v  1 0.943486878818 0
v  1.5 1.0040382829 0
v  1.5 0.904038282899 0
f -1 -2 -4 -3
v  2 0.964385799727 0
v  2 0.864385799727 0
v  2.5 0.924208045285 0
v  2.5 0.824208045285 0
f -1 -2 -4 -3
v  3 0.883268107873 0
v  3 0.783268107873 0
v  3.5 0.841769966999 0
v  3.5 0.741769966999 0
f -1 -2 -4 -3
v  4 0.79992337582 0
v  4 0.69992337582 0
v  4.5 0.757739307757 0
v  4.5 0.657739307757 0
f -1 -2 -4 -3
v  5 0.715189435887 0
v  5 0.615189435887 0
v  5.5 0.672232270692 0
v  5.5 0.572232270692 0
f -1 -2 -4 -3
v  6 0.628910367352 0
v  6 0.528910367352 0
v  6.5 0.585508108596 0
v  6.5 0.485508108596 0
f -1 -2 -4 -3
v  7 0.542168571827 0
v  7 0.442168571827 0
v  7.5 0.498520975485 0
v  7.5 0.398520975485 0
f -1 -2 -4 -3
v  8 0.454287539902 0
v  8 0.354287539902 0
v  8.5 0.409701670423 0
v  8.5 0.309701670423 0
f -1 -2 -4 -3
v  9 0.365002573526 0
v  9 0.265002573526 0
v  9.5 0.320196483864 0
v  9.5 0.220196483864 0
f -1 -2 -4 -3
v  10 0.275247133034 0
v  10 0.175247133034 0
v  10.5 0.230112782842 0
v  10.5 0.130112782842 0
f -1 -2 -4 -3
v  11 0.18483830106 0
v  11 0.0848383010595 0
v  11.5 0.139713809375 0
v  11.5 0.0397138093749 0
f -1 -2 -4 -3
v  12 0.0948855204947 0
v  12 -0.0051144795053 0
v  12.5 0.0499768219595 0
v  12.5 -0.0500231780405 0
f -1 -2 -4 -3
v  13 0.00470597678248 0
v  13 -0.0952940232175 0
v  13.5 -0.0406879463135 0
v  13.5 -0.140687946313 0
f -1 -2 -4 -3
v  14 -0.0859615282454 0
v  14 -0.185961528245 0
v  14.5 -0.131113075592 0
v  14.5 -0.231113075592 0
f -1 -2 -4 -3
v  15 -0.176181378847 0
v  15 -0.276181378847 0
v  15.5 -0.221200775199 0
v  15.5 -0.321200775199 0
f -1 -2 -4 -3
v  16 -0.266122127246 0
v  16 -0.366122127246 0
v  16.5 -0.310664654653 0
v  16.5 -0.410664654653 0
f -1 -2 -4 -3
v  17 -0.35468851921 0
v  17 -0.45468851921 0
v  17.5 -0.398561759468 0
v  17.5 -0.498561759468 0
f -1 -2 -4 -3
v  18 -0.442559781193 0
v  18 -0.542559781193 0
v  18.5 -0.486450756675 0
v  18.5 -0.586450756675 0
f -1 -2 -4 -3
v  19 -0.529997735218 0
v  19 -0.629997735218 0
v  19.5 -0.57319670879 0
v  19.5 -0.67319670879 0
f -1 -2 -4 -3
v  20 -0.616083046897 0
v  20 -0.716083046897 0
v  20.5 -0.658688853283 0
v  20.5 -0.758688853283 0
f -1 -2 -4 -3
v  21 -0.700968850316 0
v  21 -0.800968850316 0
v  21.5 -0.742662606397 0
v  21.5 -0.842662606397 0
f -1 -2 -4 -3
v  22 -0.78364088816 0
v  22 -0.88364088816 0
v  22.5 -0.824246996807 0
v  22.5 -0.924246996807 0
f -1 -2 -4 -3
v  23 -0.864738564723 0
v  23 -0.964738564723 0
v  23.5 -0.904902732533 0
v  23.5 -1.00490273253 0
f -1 -2 -4 -3
v  24 -0.944516033109 0
v  24 -1.04451603311 0
v  24.5 -0.983554667062 0
v  24.5 -1.08355466706 0
f -1 -2 -4 -3
v  25 -1.02204184684 0
v  25 -1.12204184684 0
v  25.5 -1.06003514506 0
v  25.5 -1.16003514506 0
f -1 -2 -4 -3
v  26 -1.09751967137 0
v  26 -1.19751967137 0
v  26.5 -1.1342607983 0
v  26.5 -1.2342607983 0
f -1 -2 -4 -3
v  27 -1.17013165328 0
v  27 -1.27013165328 0
v  27.5 -1.20541444095 0
v  27.5 -1.30541444095 0
f -1 -2 -4 -3
v  28 -1.24032397473 0
v  28 -1.34032397473 0
v  28.5 -1.27468674509 0
v  28.5 -1.37468674509 0
f -1 -2 -4 -3
v  29 -1.30832043502 0
v  29 -1.40832043502 0
v  29.5 -1.34120737549 0
v  29.5 -1.44120737549 0
f -1 -2 -4 -3
v  30 -1.37336700201 0
v  30 -1.47336700201 0
v  30.5 -1.40484243295 0
v  30.5 -1.50484243295 0
f -1 -2 -4 -3
v  31 -1.43562323695 0
v  31 -1.53562323695 0
v  31.5 -1.4655374215 0
v  31.5 -1.5655374215 0
f -1 -2 -4 -3
v  32 -1.49448479898 0
v  32 -1.59448479898 0
v  32.5 -1.52264517384 0
v  32.5 -1.62264517384 0
f -1 -2 -4 -3
v  33 -1.55016717993 0
v  33 -1.65016717993 0
v  33.5 -1.57697555673 0
v  33.5 -1.67697555673 0
f -1 -2 -4 -3
v  34 -1.60296599492 0
v  34 -1.70296599492 0
v  34.5 -1.62806195285 0
v  34.5 -1.72806195285 0
f -1 -2 -4 -3
v  35 -1.652232034 0
v  35 -1.752232034 0
v  35.5 -1.67555779506 0
v  35.5 -1.77555779506 0
f -1 -2 -4 -3
v  36 -1.69807411229 0
v  36 -1.79807411229 0
v  36.5 -1.71963001729 0
v  36.5 -1.81963001729 0
f -1 -2 -4 -3
v  37 -1.74012742724 0
v  37 -1.84012742724 0
v  37.5 -1.75970706536 0
v  37.5 -1.85970706536 0
f -1 -2 -4 -3
v  38 -1.77848634834 0
v  38 -1.87848634834 0
v  38.5 -1.79640093646 0
v  38.5 -1.89640093646 0
f -1 -2 -4 -3
v  39 -1.81337177461 0
v  39 -1.91337177461 0
v  39.5 -1.82936718561 0
v  39.5 -1.92936718561 0
f -1 -2 -4 -3
v  40 -1.84437847002 0
v  40 -1.94437847002 0
v  40.5 -1.85843820112 0
v  40.5 -1.95843820112 0
f -1 -2 -4 -3
v  41 -1.87154522532 0
v  41 -1.97154522532 0
v  41.5 -1.88358380353 0
v  41.5 -1.98358380353 0
f -1 -2 -4 -3
v  42 -1.89449726229 0
v  42 -1.99449726229 0
v  42.5 -1.90445029597 0
v  42.5 -2.00445029597 0
f -1 -2 -4 -3
v  43 -1.91356321673 0
v  43 -2.01356321673 0
v  43.5 -1.92172402459 0
v  43.5 -2.02172402459 0
f -1 -2 -4 -3
v  44 -1.92882318279 0
v  44 -2.02882318279 0
v  44.5 -1.93487132568 0
v  44.5 -2.03487132568 0
f -1 -2 -4 -3
v  45 -1.93989877209 0
v  45 -2.03989877209 0
v  45.5 -1.94393241428 0
v  45.5 -2.04393241428 0
f -1 -2 -4 -3
v  46 -1.94697801043 0
v  46 -2.04697801043 0
v  46.5 -1.94898377401 0
v  46.5 -2.04898377401 0
f -1 -2 -4 -3
v  47 -1.94991886297 0
v  47 -2.04991886297 0
v  47.5 -1.94983917288 0
v  47.5 -2.04983917288 0
f -1 -2 -4 -3
v  48 -1.94878230087 0
v  48 -2.04878230087 0
v  48.5 -1.94669229129 0
v  48.5 -2.04669229129 0
f -1 -2 -4 -3
v  49 -1.94352961034 0
v  49 -2.04352961034 0
v  49.5 -1.93934634518 0
v  49.5 -2.03934634518 0
f -1 -2 -4 -3
v  50 -1.93418302098 0
v  50 -2.03418302098 0
v  50.5 -1.92800310639 0
v  50.5 -2.02800310639 0
f -1 -2 -4 -3
v  51 -1.92078154413 0
v  51 -2.02078154413 0
v  51.5 -1.91256299246 0
v  51.5 -2.01256299246 0
f -1 -2 -4 -3
v  52 -1.9033846457 0
v  52 -2.0033846457 0
v  52.5 -1.89322878217 0
v  52.5 -1.99322878217 0
f -1 -2 -4 -3
v  53 -1.88206919149 0
v  53 -1.98206919149 0
v  53.5 -1.86988265727 0
v  53.5 -1.96988265727 0
f -1 -2 -4 -3
v  54 -1.85666182675 0
v  54 -1.95666182675 0
v  54.5 -1.84244235194 0
v  54.5 -1.94244235194 0
f -1 -2 -4 -3
v  55 -1.8272573447 0
v  55 -1.9272573447 0
v  55.5 -1.81111185816 0
v  55.5 -1.91111185816 0
f -1 -2 -4 -3
v  56 -1.79403079765 0
v  56 -1.89403079765 0
v  56.5 -1.77610832021 0
v  56.5 -1.87610832021 0
f -1 -2 -4 -3
v  57 -1.75737918951 0
v  57 -1.85737918951 0
v  57.5 -1.7376779898 0
v  57.5 -1.8376779898 0
f -1 -2 -4 -3
v  58 -1.71689079311 0
v  58 -1.81689079311 0
v  58.5 -1.69514557019 0
v  58.5 -1.79514557019 0
f -1 -2 -4 -3
v  59 -1.67256572765 0
v  59 -1.77256572765 0
v  59.5 -1.64914392944 0
v  59.5 -1.74914392944 0
f -1 -2 -4 -3
v  60 -1.62484549628 0
v  60 -1.72484549628 0
v  60.5 -1.59962291205 0
v  60.5 -1.69962291205 0
f -1 -2 -4 -3
v  61 -1.57349148722 0
v  61 -1.67349148722 0
v  61.5 -1.54664879517 0
v  61.5 -1.64664879517 0
f -1 -2 -4 -3
v  62 -1.51920824764 0
v  62 -1.61920824764 0
v  62.5 -1.49095855289 0
v  62.5 -1.59095855289 0
f -1 -2 -4 -3
v  63 -1.46173330783 0
v  63 -1.56173330783 0
v  63.5 -1.43165022128 0
v  63.5 -1.53165022128 0
f -1 -2 -4 -3
v  64 -1.40083144906 0
v  64 -1.50083144906 0
v  64.5 -1.36927310357 0
v  64.5 -1.46927310357 0
f -1 -2 -4 -3
v  65 -1.33695797754 0
v  65 -1.43695797754 0
v  65.5 -1.30389302922 0
v  65.5 -1.40389302922 0
f -1 -2 -4 -3
v  66 -1.27013492558 0
v  66 -1.37013492558 0
v  66.5 -1.23586777075 0
v  66.5 -1.33586777075 0
f -1 -2 -4 -3
v  67 -1.20117709135 0
v  67 -1.30117709135 0
v  67.5 -1.16581005019 0
v  67.5 -1.26581005019 0
f -1 -2 -4 -3
v  68 -1.12957793141 0
v  68 -1.22957793141 0
v  68.5 -1.09263669968 0
v  68.5 -1.19263669968 0
f -1 -2 -4 -3
v  69 -1.0551456342 0
v  69 -1.1551456342 0
v  69.5 -1.01710525918 0
v  69.5 -1.11710525918 0
f -1 -2 -4 -3
v  70 -0.978492441857 0
v  70 -1.07849244186 0
v  70.5 -0.939295208098 0
v  70.5 -1.0392952081 0
f -1 -2 -4 -3
v  71 -0.899570554847 0
v  71 -0.999570554847 0
v  71.5 -0.859563215153 0
v  71.5 -0.959563215153 0
f -1 -2 -4 -3
v  72 -0.819390313474 0
v  72 -0.919390313474 0
v  72.5 -0.778719866409 0
v  72.5 -0.878719866409 0
f -1 -2 -4 -3
v  73 -0.737305204378 0
v  73 -0.837305204378 0
v  73.5 -0.695357726571 0
v  73.5 -0.795357726571 0
f -1 -2 -4 -3
v  74 -0.653092660375 0
v  74 -0.753092660375 0
v  74.5 -0.610512629866 0
v  74.5 -0.710512629866 0
f -1 -2 -4 -3
v  75 -0.567583420682 0
v  75 -0.667583420682 0
v  75.5 -0.524271293163 0
v  75.5 -0.624271293163 0
f -1 -2 -4 -3
v  76 -0.480624876095 0
v  76 -0.580624876095 0
v  76.5 -0.436923280281 0
v  76.5 -0.536923280281 0
f -1 -2 -4 -3
v  77 -0.393304927736 0
v  77 -0.493304927736 0
v  77.5 -0.349401640431 0
v  77.5 -0.449401640431 0
f -1 -2 -4 -3
v  78 -0.304938435679 0
v  78 -0.404938435679 0
v  78.5 -0.260148518954 0
v  78.5 -0.360148518954 0
f -1 -2 -4 -3
v  79 -0.215270314508 0
v  79 -0.315270314508 0
v  79.5 -0.170309104793 0
v  79.5 -0.270309104793 0
f -1 -2 -4 -3
v  80 -0.125228953328 0
v  80 -0.225228953328 0
v  80.5 -0.0799921340489 0
v  80.5 -0.179992134049 0
f -1 -2 -4 -3
v  81 -0.0346457687547 0
v  81 -0.134645768755 0
v  81.5 0.0105244877729 0
v  81.5 -0.0894755122271 0
f -1 -2 -4 -3
v  82 0.055375964731 0
v  82 -0.044624035269 0
v  82.5 0.100282947821 0
v  82.5 0.000282947821145 0
f -1 -2 -4 -3
v  83 0.145525156295 0
v  83 0.0455251562946 0
v  83.5 0.190865230126 0
v  83.5 0.0908652301265 0
f -1 -2 -4 -3
v  84 0.236061048874 0
v  84 0.136061048874 0
v  84.5 0.281109252297 0
v  84.5 0.181109252297 0
f -1 -2 -4 -3
v  85 0.326047324432 0
v  85 0.226047324432 0
v  85.5 0.370910751646 0
v  85.5 0.270910751646 0
f -1 -2 -4 -3
v  86 0.415651518359 0
v  86 0.315651518359 0
v  86.5 0.45998869216 0
v  86.5 0.35998869216 0
f -1 -2 -4 -3
v  87 0.503782129171 0
v  87 0.403782129171 0
v  87.5 0.547399752994 0
v  87.5 0.447399752994 0
f -1 -2 -4 -3
v  88 0.591117070238 0
v  88 0.491117070238 0
v  88.5 0.634702865062 0
v  88.5 0.534702865062 0
f -1 -2 -4 -3
v  89 0.677920089077 0
v  89 0.577920089077 0
v  89.5 0.720762399557 0
v  89.5 0.620762399557 0
f -1 -2 -4 -3
v  90 0.763263706256 0
v  90 0.663263706256 0
v  90.5 0.80545819815 0
v  90.5 0.70545819815 0
f -1 -2 -4 -3
v  91 0.847304283341 0
v  91 0.747304283341 0
v  91.5 0.888547968483 0
v  91.5 0.788547968483 0
f -1 -2 -4 -3
v  92 0.929061737022 0
v  92 0.829061737022 0
v  92.5 0.969176036799 0
v  92.5 0.869176036799 0
f -1 -2 -4 -3
v  93 1.00914069945 0
v  93 0.909140699451 0
v  93.5 1.0487563296 0
v  93.5 0.948756329603 0
f -1 -2 -4 -3
v  94 1.08781244245 0
v  94 0.987812442454 0
v  94.5 1.12628649231 0
v  94.5 1.02628649231 0
f -1 -2 -4 -3
v  95 1.16419256625 0
v  95 1.06419256625 0
v  95.5 1.20155575708 0
v  95.5 1.10155575708 0
f -1 -2 -4 -3
v  96 1.23834644646 0
v  96 1.13834644646 0
v  96.5 1.27437640818 0
v  96.5 1.17437640818 0
f -1 -2 -4 -3
v  97 1.30955279672 0
v  97 1.20955279672 0
v  97.5 1.34412736781 0
v  97.5 1.24412736781 0
f -1 -2 -4 -3
v  98 1.37829106428 0
v  98 1.27829106428 0
v  98.5 1.41189636938 0
v  98.5 1.31189636938 0
f -1 -2 -4 -3
v  99 1.44478241496 0
v  99 1.34478241496 0
v  99.5 1.47691592986 0
v  99.5 1.37691592986 0
f -1 -2 -4 -3
v  100 1.50829443108 0
v  100 1.40829443108 0
v  100.5 1.53893948957 0
v  100.5 1.43893948957 0
f -1 -2 -4 -3
v  101 1.56883189912 0
v  101 1.46883189912 0
v  101.5 1.59782652387 0
v  101.5 1.49782652387 0
f -1 -2 -4 -3
v  102 1.62585768445 0
v  102 1.52585768445 0
v  102.5 1.65314372936 0
v  102.5 1.55314372936 0
f -1 -2 -4 -3
v  103 1.6798365375 0
v  103 1.5798365375 0
v  103.5 1.70576322589 0
v  103.5 1.60576322589 0
f -1 -2 -4 -3
v  104 1.73075951276 0
v  104 1.63075951276 0
v  104.5 1.75484356707 0
v  104.5 1.65484356707 0
f -1 -2 -4 -3
v  105 1.77806061147 0
v  105 1.67806061147 0
v  105.5 1.80044270581 0
v  105.5 1.70044270581 0
f -1 -2 -4 -3
v  106 1.82197324135 0
v  106 1.72197324135 0
v  106.5 1.84250568008 0
v  106.5 1.74250568008 0
f -1 -2 -4 -3
v  107 1.86195625352 0
v  107 1.76195625352 0
v  107.5 1.88048044508 0
v  107.5 1.78048044508 0
f -1 -2 -4 -3
v  108 1.89820739578 0
v  108 1.79820739578 0
v  108.5 1.9150757548 0
v  108.5 1.8150757548 0
f -1 -2 -4 -3
v  109 1.93100275858 0
v  109 1.83100275858 0
v  109.5 1.94593851092 0
v  109.5 1.84593851092 0
f -1 -2 -4 -3
v  110 1.95985992512 0
v  110 1.85985992512 0
v  110.5 1.97280302313 0
v  110.5 1.87280302313 0
f -1 -2 -4 -3
v  111 1.98478790254 0
v  111 1.88478790254 0
v  111.5 1.99576123336 0
v  111.5 1.89576123336 0
f -1 -2 -4 -3
v  112 2.00568822153 0
v  112 1.90568822153 0
v  112.5 2.01462180662 0
v  112.5 1.91462180662 0
f -1 -2 -4 -3
v  113 2.02260105453 0
v  113 1.92260105453 0
v  113.5 2.02958337697 0
v  113.5 1.92958337697 0
f -1 -2 -4 -3
v  114 2.03552731714 0
v  114 1.93552731714 0
v  114.5 2.04043440549 0
v  114.5 1.94043440549 0
f -1 -2 -4 -3
v  115 2.0443163969 0
v  115 1.9443163969 0
v  115.5 2.04719274266 0
v  115.5 1.94719274266 0
f -1 -2 -4 -3
v  116 2.04907537687 0
v  116 1.94907537687 0
v  116.5 2.04995140227 0
v  116.5 1.94995140227 0
f -1 -2 -4 -3
v  117 2.04980133403 0
v  117 1.94980133403 0
v  117.5 2.04859934667 0
v  117.5 1.94859934667 0
f -1 -2 -4 -3
v  118 2.0463364454 0
v  118 1.9463364454 0
v  118.5 2.04305389426 0
v  118.5 1.94305389426 0
f -1 -2 -4 -3
v  119 2.03878464755 0
v  119 1.93878464755 0
v  119.5 2.03351385468 0
v  119.5 1.93351385468 0
f -1 -2 -4 -3
v  120 2.02721620279 0
v  120 1.92721620279 0
v  120.5 2.01986040702 0
v  120.5 1.91986040702 0
f -1 -2 -4 -3
v  121 2.0114572613 0
v  121 1.9114572613 0
v  121.5 2.00213834524 0
v  121.5 1.90213834524 0
f -1 -2 -4 -3
v  122 1.99197328002 0
v  122 1.89197328002 0
v  122.5 1.98079918081 0
v  122.5 1.88079918081 0
f -1 -2 -4 -3
v  123 1.96849180744 0
v  123 1.86849180744 0
v  123.5 1.95514857792 0
v  123.5 1.85514857792 0
f -1 -2 -4 -3
v  124 1.94086429663 0
v  124 1.84086429663 0
v  124.5 1.92561838752 0
v  124.5 1.82561838752 0
f -1 -2 -4 -3
v  125 1.90938588603 0
v  125 1.80938588603 0
v  125.5 1.8921857952 0
v  125.5 1.7921857952 0
f -1 -2 -4 -3
v  126 1.87405816243 0
v  126 1.77405816243 0
v  126.5 1.85508053647 0
v  126.5 1.75508053647 0
f -1 -2 -4 -3
v  127 1.83528518904 0
v  127 1.73528518904 0
v  127.5 1.8145592309 0
v  127.5 1.7145592309 0
f -1 -2 -4 -3
v  128 1.79281855341 0
v  128 1.69281855341 0
v  128.5 1.77013048471 0
v  128.5 1.67013048471 0
f -1 -2 -4 -3
v  129 1.74656416212 0
v  129 1.64656416212 0
v  129.5 1.72211997184 0
v  129.5 1.62211997184 0
f -1 -2 -4 -3
v  130 1.6967954797 0
v  130 1.5967954797 0
v  130.5 1.67061389271 0
v  130.5 1.57061389271 0
f -1 -2 -4 -3
v  131 1.64362580388 0
v  131 1.54362580388 0
v  131.5 1.61594598371 0
v  131.5 1.51594598371 0
f -1 -2 -4 -3
v  132 1.58761699118 0
v  132 1.48761699118 0
v  132.5 1.55844775966 0
v  132.5 1.45844775966 0
f -1 -2 -4 -3
v  133 1.5283074986 0
v  133 1.4283074986 0
v  133.5 1.49734824887 0
v  133.5 1.39734824887 0
f -1 -2 -4 -3
v  134 1.46571306563 0
v  134 1.36571306563 0
v  134.5 1.43338192488 0
v  134.5 1.33338192488 0
f -1 -2 -4 -3
v  135 1.40031591887 0
v  135 1.30031591887 0
v  135.5 1.36650277481 0
v  135.5 1.26650277481 0
f -1 -2 -4 -3
v  136 1.33199006209 0
v  136 1.23199006209 0
v  136.5 1.29697998868 0
v  136.5 1.19697998868 0
f -1 -2 -4 -3
v  137 1.26157616556 0
v  137 1.16157616556 0
v  137.5 1.22553051287 0
v  137.5 1.12553051287 0
f -1 -2 -4 -3
v  138 1.18864857808 0
v  138 1.08864857808 0
v  138.5 1.15105768944 0
v  138.5 1.05105768944 0
f -1 -2 -4 -3
v  139 1.11290449173 0
v  139 1.01290449173 0
v  139.5 1.07423287632 0
v  139.5 0.974232876325 0
f -1 -2 -4 -3
v  140 1.03504997596 0
v  140 0.935049975961 0
v  140.5 0.99531006566 0
v  140.5 0.89531006566 0
f -1 -2 -4 -3
v  141 0.955042474826 0
v  141 0.855042474826 0
v  141.5 0.914512522874 0
v  141.5 0.814512522874 0
f -1 -2 -4 -3
v  142 0.873855232574 0
v  142 0.773855232574 0
v  142.5 0.832725463163 0
v  142.5 0.732725463163 0
f -1 -2 -4 -3
v  143 0.790864123197 0
v  143 0.690864123197 0
v  143.5 0.748487392154 0
v  143.5 0.648487392154 0
f -1 -2 -4 -3
v  144 0.705817034316 0
v  144 0.605817034316 0
v  144.5 0.662858747101 0
v  144.5 0.562858747101 0
f -1 -2 -4 -3
v  145 0.619579590418 0
v  145 0.519579590418 0
v  145.5 0.575943744481 0
v  145.5 0.475943744481 0
f -1 -2 -4 -3
v  146 0.531997955053 0
v  146 0.431997955053 0
v  146.5 0.488021637775 0
v  146.5 0.388021637775 0
f -1 -2 -4 -3
v  147 0.44415372217 0
v  147 0.34415372217 0
v  147.5 0.400026039138 0
v  147.5 0.300026039138 0
f -1 -2 -4 -3
v  148 0.355363458987 0
v  148 0.255363458987 0
v  148.5 0.310398846631 0
v  148.5 0.210398846631 0
f -1 -2 -4 -3
v  149 0.265370706841 0
v  149 0.165370706841 0
v  149.5 0.220285676458 0
v  149.5 0.120285676458 0
f -1 -2 -4 -3
v  150 0.17510851877 0
v  150 0.0751085187703 0
v  150.5 0.12979975233 0
v  150.5 0.0297997523305 0
f -1 -2 -4 -3
v  151 0.0844053747117 0
v  151 -0.0155946252883 0
v  151.5 0.0392128814393 0
v  151.5 -0.0607871185607 0
f -1 -2 -4 -3
v  152 -0.00563402991785 0
v  152 -0.105634029918 0
v  152.5 -0.0505123434668 0
v  152.5 -0.150512343467 0
f -1 -2 -4 -3
v  153 -0.0957030308995 0
v  153 -0.195703030899 0
v  153.5 -0.140964117286 0
v  153.5 -0.240964117286 0
f -1 -2 -4 -3
v  154 -0.186050245038 0
v  154 -0.286050245038 0
v  154.5 -0.230961538671 0
v  154.5 -0.330961538671 0
f -1 -2 -4 -3
v  155 -0.275738822229 0
v  155 -0.375738822229 0
v  155.5 -0.320417238992 0
v  155.5 -0.420417238992 0
f -1 -2 -4 -3
v  156 -0.364947851005 0
v  156 -0.464947851005 0
v  156.5 -0.409048976403 0
v  156.5 -0.509048976403 0
f -1 -2 -4 -3
v  157 -0.452580820792 0
v  157 -0.552580820792 0
v  157.5 -0.495914650836 0
v  157.5 -0.595914650836 0
f -1 -2 -4 -3
v  158 -0.539327247266 0
v  158 -0.639327247266 0
v  158.5 -0.582581413133 0
v  158.5 -0.682581413133 0
f -1 -2 -4 -3
v  159 -0.625436905025 0
v  159 -0.725436905025 0
v  159.5 -0.667895527911 0
v  159.5 -0.767895527911 0
f -1 -2 -4 -3
v  160 -0.709996445915 0
v  160 -0.809996445915 0
v  160.5 -0.751765466183 0
v  160.5 -0.851765466183 0
f -1 -2 -4 -3
v  161 -0.793155176274 0
v  161 -0.893155176274 0
v  161.5 -0.833919584316 0
v  161.5 -0.933919584316 0
f -1 -2 -4 -3
v  162 -0.873935449947 0
v  162 -0.973935449947 0
v  162.5 -0.913520326954 0
v  162.5 -1.01352032695 0
f -1 -2 -4 -3
v  163 -0.952919014338 0
v  163 -1.05291901434 0
v  163.5 -0.991957476587 0
v  163.5 -1.09195747659 0
f -1 -2 -4 -3
v  164 -1.03043957942 0
v  164 -1.13043957942 0
v  164.5 -1.06831146862 0
v  164.5 -1.16831146862 0
f -1 -2 -4 -3
v  165 -1.10556911789 0
v  165 -1.20556911789 0
v  165.5 -1.14227872894 0
v  165.5 -1.24227872894 0
f -1 -2 -4 -3
v  166 -1.17843402901 0
v  166 -1.27843402901 0
v  166.5 -1.21379150123 0
v  166.5 -1.31379150123 0
f -1 -2 -4 -3
v  167 -1.24822279168 0
v  167 -1.34822279168 0
v  167.5 -1.28203790694 0
v  167.5 -1.38203790694 0
f -1 -2 -4 -3
v  168 -1.31546646506 0
v  168 -1.41546646506 0
v  168.5 -1.34829907661 0
v  168.5 -1.44829907661 0
f -1 -2 -4 -3
v  169 -1.38033569367 0
v  169 -1.48033569367 0
v  169.5 -1.41161646663 0
v  169.5 -1.51161646663 0
f -1 -2 -4 -3
v  170 -1.44219444025 0
v  170 -1.54219444025 0
v  170.5 -1.47204167207 0
v  170.5 -1.57204167207 0
f -1 -2 -4 -3
v  171 -1.50109354053 0
v  171 -1.60109354053 0
v  171.5 -1.52922217708 0
v  171.5 -1.62922217708 0
f -1 -2 -4 -3
v  172 -1.55637302962 0
v  172 -1.65637302962 0
v  172.5 -1.58272783239 0
v  172.5 -1.68272783239 0
f -1 -2 -4 -3
v  173 -1.60842187377 0
v  173 -1.70842187377 0
v  173.5 -1.63334506534 0
v  173.5 -1.73334506534 0
f -1 -2 -4 -3
v  174 -1.6573833473 0
v  174 -1.7573833473 0
v  174.5 -1.68053116464 0
v  174.5 -1.78053116464 0
f -1 -2 -4 -3
v  175 -1.70280445544 0
v  175 -1.80280445544 0
v  175.5 -1.72422645451 0
v  175.5 -1.82422645451 0
f -1 -2 -4 -3
v  176 -1.74477246933 0
v  176 -1.84477246933 0
v  176.5 -1.76428000771 0
v  176.5 -1.86428000771 0
f -1 -2 -4 -3
v  177 -1.78266941765 0
v  177 -1.88266941765 0
v  177.5 -1.80016034904 0
v  177.5 -1.90016034904 0
f -1 -2 -4 -3
v  178 -1.81690855449 0
v  178 -1.91690855449 0
v  178.5 -1.83274480491 0
v  178.5 -1.93274480491 0
f -1 -2 -4 -3
v  179 -1.84752079319 0
v  179 -1.94752079319 0
v  179.5 -1.8613052745 0
v  179.5 -1.9613052745 0
f -1 -2 -4 -3
v  180 -1.87416819596 0
v  180 -1.97416819596 0
v  180.5 -1.88607701387 0
v  180.5 -1.98607701387 0
f -1 -2 -4 -3
v  181 -1.89698025976 0
v  181 -1.99698025976 0
v  181.5 -1.9068234268 0
v  181.5 -2.0068234268 0
f -1 -2 -4 -3
v  182 -1.91559244179 0
v  182 -2.01559244179 0
v  182.5 -1.92338800533 0
v  182.5 -2.02338800533 0
f -1 -2 -4 -3
v  183 -1.93027285949 0
v  183 -2.03027285949 0
v  183.5 -1.9361474255 0
v  183.5 -2.0361474255 0
f -1 -2 -4 -3
v  184 -1.94093483384 0
v  184 -2.04093483384 0
v  184.5 -1.94470097588 0
v  184.5 -2.04470097588 0
f -1 -2 -4 -3
v  185 -1.94749556836 0
v  185 -2.04749556836 0
v  185.5 -1.94925342779 0
v  185.5 -2.04925342779 0
f -1 -2 -4 -3
v  186 -1.94993256954 0
v  186 -2.04993256954 0
v  186.5 -1.94961201776 0
v  186.5 -2.04961201776 0
f -1 -2 -4 -3
v  187 -1.94834747829 0
v  187 -2.04834747829 0
v  187.5 -1.94607031636 0
v  187.5 -2.04607031636 0
f -1 -2 -4 -3
v  188 -1.94271971251 0
v  188 -2.04271971251 0
v  188.5 -1.93831737841 0
v  188.5 -2.03831737841 0
f -1 -2 -4 -3
v  189 -1.93289587329 0
v  189 -2.03289587329 0
v  189.5 -1.92647791159 0
v  189.5 -2.02647791159 0
f -1 -2 -4 -3
v  190 -1.91906907594 0
v  190 -2.01906907594 0
v  190.5 -1.91063175363 0
v  190.5 -2.01063175363 0
f -1 -2 -4 -3
v  191 -1.90115106135 0
v  191 -2.00115106135 0
v  191.5 -1.8906968587 0
v  191.5 -1.9906968587 0
f -1 -2 -4 -3
v  192 -1.87931808347 0
v  192 -1.97931808347 0
v  192.5 -1.86696372836 0
v  192.5 -1.96696372836 0
f -1 -2 -4 -3
v  193 -1.85359044159 0
v  193 -1.95359044159 0
v  193.5 -1.83922504945 0
v  193.5 -1.93922504945 0
f -1 -2 -4 -3
v  194 -1.82389451177 0
v  194 -1.92389451177 0
v  194.5 -1.80759195386 0
v  194.5 -1.90759195386 0
f -1 -2 -4 -3
v  195 -1.79031039133 0
v  195 -1.89031039133 0
v  195.5 -1.77205905833 0
v  195.5 -1.87205905833 0
f -1 -2 -4 -3
v  196 -1.75287392612 0
v  196 -1.85287392612 0
v  196.5 -1.73285793922 0
v  196.5 -1.83285793922 0
f -1 -2 -4 -3
v  197 -1.7120591906 0
v  197 -1.8120591906 0
v  197.5 -1.69033941518 0
v  197.5 -1.79033941518 0
f -1 -2 -4 -3
v  198 -1.6675953019 0
v  198 -1.7675953019 0
v  198.5 -1.64391236647 0
v  198.5 -1.74391236647 0
f -1 -2 -4 -3
v  199 -1.61938072821 0
v  199 -1.71938072821 0
v  199.5 -1.59401134055 0
v  199.5 -1.69401134055 0
f -1 -2 -4 -3
v  200 -1.56779454685 0
v  200 -1.66779454685 0
v  200.5 -1.54070157293 0
v  200.5 -1.64070157293 0
f -1 -2 -4 -3
v  201 -1.51275592598 0
v  201 -1.61275592598 0
v  201.5 -1.48413687894 0
v  201.5 -1.58413687894 0
f -1 -2 -4 -3
v  202 -1.45494004042 0
v  202 -1.55494004042 0
v  202.5 -1.42495063692 0
v  202.5 -1.52495063692 0
f -1 -2 -4 -3
v  203 -1.39400777794 0
v  203 -1.49400777794 0
v  203.5 -1.36225290298 0
v  203.5 -1.46225290298 0
f -1 -2 -4 -3
v  204 -1.32982141741 0
v  204 -1.42982141741 0
v  204.5 -1.29668443114 0
v  204.5 -1.39668443114 0
f -1 -2 -4 -3
v  205 -1.26280623242 0
v  205 -1.36280623242 0
v  205.5 -1.22821213884 0
v  205.5 -1.32821213884 0
f -1 -2 -4 -3
v  206 -1.1929795793 0
v  206 -1.2929795793 0
v  206.5 -1.15730216471 0
v  206.5 -1.25730216471 0
f -1 -2 -4 -3
v  207 -1.12125838156 0
v  207 -1.22125838156 0
v  207.5 -1.08454748153 0
v  207.5 -1.18454748153 0
f -1 -2 -4 -3
v  208 -1.04695315365 0
v  208 -1.14695315365 0
v  208.5 -1.00868063436 0
v  208.5 -1.10868063436 0
f -1 -2 -4 -3
v  209 -0.969935359055 0
v  209 -1.06993535906 0
v  209.5 -0.930717789113 0
v  209.5 -1.03071778911 0
f -1 -2 -4 -3
v  210 -0.890991520214 0
v  210 -0.990991520214 0
v  210.5 -0.85071682559 0
v  210.5 -0.95071682559 0
f -1 -2 -4 -3
v  211 -0.809934886489 0
v  211 -0.909934886489 0
v  211.5 -0.768915132845 0
v  211.5 -0.868915132845 0
f -1 -2 -4 -3
v  212 -0.727793966149 0
v  212 -0.827793966149 0
v  212.5 -0.686223741188 0
v  212.5 -0.786223741188 0
f -1 -2 -4 -3
v  213 -0.643943501074 0
v  213 -0.743943501074 0
v  213.5 -0.601171244244 0
v  213.5 -0.701171244244 0
f -1 -2 -4 -3
v  214 -0.558130817395 0
v  214 -0.658130817395 0
v  214.5 -0.514828940717 0
v  214.5 -0.614828940717 0
f -1 -2 -4 -3
v  215 -0.471231960225 0
v  215 -0.571231960225 0
v  215.5 -0.427298993608 0
v  215.5 -0.527298993608 0
f -1 -2 -4 -3
v  216 -0.383074060425 0
v  216 -0.483074060425 0
v  216.5 -0.338842518132 0
v  216.5 -0.438842518132 0
f -1 -2 -4 -3
v  217 -0.294748663353 0
v  217 -0.394748663353 0
v  217.5 -0.250423856586 0
v  217.5 -0.350423856586 0
f -1 -2 -4 -3
v  218 -0.205591476881 0
v  218 -0.305591476881 0
v  218.5 -0.160482882324 0
v  218.5 -0.260482882324 0
f -1 -2 -4 -3
v  219 -0.115335425923 0
v  219 -0.215335425923 0
v  219.5 -0.0701555960208 0
v  219.5 -0.170155596021 0
f -1 -2 -4 -3
v  220 -0.0249083289318 0
v  220 -0.124908328932 0
v  220.5 0.0204452714634 0
v  220.5 -0.0795547285366 0
f -1 -2 -4 -3
v  221 0.0658585531059 0
v  221 -0.0341414468941 0
v  221.5 0.111043373623 0
v  221.5 0.0110433736231 0
f -1 -2 -4 -3
v  222 0.155855806364 0
v  222 0.055855806364 0
v  222.5 0.2006737735 0
v  222.5 0.1006737735 0
f -1 -2 -4 -3
v  223 0.245779047294 0
v  223 0.145779047294 0
v  223.5 0.290929499272 0
v  223.5 0.190929499272 0
f -1 -2 -4 -3
v  224 0.335879803756 0
v  224 0.235879803756 0
v  224.5 0.380631100691 0
v  224.5 0.280631100691 0
f -1 -2 -4 -3
v  225 0.425224090962 0
v  225 0.325224090962 0
v  225.5 0.469690126763 0
v  225.5 0.369690126763 0
f -1 -2 -4 -3
v  226 0.513978981196 0
v  226 0.413978981196 0
v  226.5 0.557816481777 0
v  226.5 0.457816481777 0
f -1 -2 -4 -3
v  227 0.601067611773 0
v  227 0.501067611773 0
v  227.5 0.64409647109 0
v  227.5 0.54409647109 0
f -1 -2 -4 -3
v  228 0.687174020671 0
v  228 0.587174020671 0
v  228.5 0.730066840903 0
v  228.5 0.630066840903 0
f -1 -2 -4 -3
v  229 0.772537688583 0
v  229 0.672537688583 0
v  229.5 0.814584514417 0
v  229.5 0.714584514417 0
f -1 -2 -4 -3
v  230 0.856244302115 0
v  230 0.756244302115 0
v  230.5 0.897548710867 0
v  230.5 0.797548710867 0
f -1 -2 -4 -3
v  231 0.938455548396 0
v  231 0.838455548396 0
v  231.5 0.978718359394 0
v  231.5 0.878718359394 0
f -1 -2 -4 -3
v  232 1.01821595358 0
v  232 0.918215953582 0
v  232.5 1.05727772964 0
v  232.5 0.957277729639 0
f -1 -2 -4 -3
v  233 1.09614306736 0
v  233 0.996143067358 0
v  233.5 1.13457938357 0
v  233.5 1.03457938357 0
f -1 -2 -4 -3
v  234 1.17236367651 0
v  234 1.07236367651 0
v  234.5 1.20952989607 0
v  234.5 1.10952989607 0
f -1 -2 -4 -3
v  235 1.24613838661 0
v  235 1.14613838661 0
v  235.5 1.28219814893 0
v  235.5 1.18219814893 0
f -1 -2 -4 -3
v  236 1.31765581384 0
v  236 1.21765581384 0
v  236.5 1.3523083354 0
v  236.5 1.2523083354 0
f -1 -2 -4 -3
v  237 1.38605386524 0
v  237 1.28605386524 0
v  237.5 1.41914710706 0
v  237.5 1.31914710706 0
f -1 -2 -4 -3
v  238 1.45178126281 0
v  238 1.35178126281 0
v  238.5 1.48380332515 0
v  238.5 1.38380332515 0
f -1 -2 -4 -3
v  239 1.51505239234 0
v  239 1.41505239234 0
v  239.5 1.54551422913 0
v  239.5 1.44551422913 0
f -1 -2 -4 -3
v  240 1.57520172464 0
v  240 1.47520172464 0
v  240.5 1.60413225674 0
v  240.5 1.50413225674 0
f -1 -2 -4 -3
v  241 1.63228266751 0
v  241 1.53228266751 0
v  241.5 1.6595140759 0
v  241.5 1.5595140759 0
f -1 -2 -4 -3
v  242 1.68576123732 0
v  242 1.58576123732 0
v  242.5 1.71122165245 0
v  242.5 1.61122165245 0
f -1 -2 -4 -3
v  243 1.73603191602 0
v  243 1.63603191602 0
v  243.5 1.76002984311 0
v  243.5 1.66002984311 0
f -1 -2 -4 -3
v  244 1.78307184738 0
v  244 1.68307184738 0
v  244.5 1.80521211672 0
v  244.5 1.70521211672 0
f -1 -2 -4 -3
v  245 1.82650337604 0
v  245 1.72650337604 0
v  245.5 1.8468978252 0
v  245.5 1.7468978252 0
f -1 -2 -4 -3
v  246 1.86633316367 0
v  246 1.76633316367 0
v  246.5 1.88475549927 0
v  246.5 1.78475549927 0
f -1 -2 -4 -3
v  247 1.9021538061 0
v  247 1.8021538061 0
v  247.5 1.9186330857 0
v  247.5 1.8186330857 0
f -1 -2 -4 -3
v  248 1.93427221993 0
v  248 1.83427221993 0
v  248.5 1.94902029312 0
v  248.5 1.84902029312 0
f -1 -2 -4 -3
v  249 1.96280782938 0
v  249 1.86280782938 0
v  249.5 1.97557663701 0
v  249.5 1.87557663701 0
f -1 -2 -4 -3
v  250 1.98730073776 0
v  250 1.88730073776 0
v  250.5 1.99803892203 0
v  250.5 1.89803892203 0
f -1 -2 -4 -3
v  251 2.00782706277 0
v  251 1.90782706277 0
v  251.5 2.01659549007 0
v  251.5 1.91659549007 0
f -1 -2 -4 -3
v  252 2.02428920637 0
v  252 1.92428920637 0
v  252.5 2.0309458009 0
v  252.5 1.9309458009 0
f -1 -2 -4 -3
v  253 2.03661187497 0
v  253 1.93661187497 0
v  253.5 2.04131412793 0
v  253.5 1.94131412793 0
f -1 -2 -4 -3
v  254 2.04505365535 0
v  254 1.94505365535 0
v  254.5 2.04776950257 0
v  254.5 1.94776950257 0
f -1 -2 -4 -3
v  255 2.04941569884 0
v  255 1.94941569884 0
v  255.5 2.05001852338 0
v  255.5 1.95001852338 0
f -1 -2 -4 -3
v  256 2.04960575089 0
v  256 1.94960575089 0
v  256.5 2.04817412391 0
v  256.5 1.94817412391 0
f -1 -2 -4 -3
v  257 2.0457160176 0
v  257 1.9457160176 0
v  257.5 2.04222670099 0
v  257.5 1.94222670099 0
f -1 -2 -4 -3
v  258 2.0377088987 0
v  258 1.9377088987 0
v  258.5 2.03218481373 0
v  258.5 1.93218481373 0
f -1 -2 -4 -3
v  259 2.02566866918 0
v  259 1.92566866918 0
v  259.5 2.0181428225 0
v  259.5 1.9181428225 0
f -1 -2 -4 -3
v  260 2.00958766298 0
v  260 1.90958766298 0
v  260.5 1.99999363788 0
v  260.5 1.89999363788 0
f -1 -2 -4 -3
v  261 1.98938496051 0
v  261 1.88938496051 0
v  261.5 1.97787551237 0
v  261.5 1.87787551237 0
f -1 -2 -4 -3
v  262 1.96551554139 0
v  262 1.86551554139 0
v  262.5 1.95213328144 0
v  262.5 1.85213328144 0
f -1 -2 -4 -3
v  263 1.93761106274 0
v  263 1.83761106274 0
v  263.5 1.92209105145 0
v  263.5 1.82209105145 0
f -1 -2 -4 -3
v  264 1.90569613727 0
v  264 1.80569613727 0
v  264.5 1.88836850954 0
v  264.5 1.78836850954 0
f -1 -2 -4 -3
v  265 1.87004430499 0
v  265 1.77004430499 0
v  265.5 1.85073083357 0
v  265.5 1.75073083357 0
f -1 -2 -4 -3
v  266 1.83048064599 0
v  266 1.73048064599 0
v  266.5 1.80943832577 0
v  266.5 1.70943832577 0
f -1 -2 -4 -3
v  267 1.78767752066 0
v  267 1.68767752066 0
v  267.5 1.76502821056 0
v  267.5 1.66502821056 0
f -1 -2 -4 -3
v  268 1.74134829858 0
v  268 1.64134829858 0
v  268.5 1.7166927768 0
v  268.5 1.6166927768 0
f -1 -2 -4 -3
v  269 1.69114884981 0
v  269 1.59114884981 0
v  269.5 1.66479788864 0
v  269.5 1.56479788864 0
f -1 -2 -4 -3
v  270 1.63767566856 0
v  270 1.53767566856 0
v  270.5 1.60969308704 0
v  270.5 1.50969308704 0
f -1 -2 -4 -3
v  271 1.58083235434 0
v  271 1.48083235434 0
v  271.5 1.55133631762 0
v  271.5 1.45133631762 0
f -1 -2 -4 -3
v  272 1.52134032848 0
v  272 1.42134032848 0
v  272.5 1.4905514633 0
v  272.5 1.3905514633 0
f -1 -2 -4 -3
v  273 1.45875367253 0
v  273 1.35875367253 0
v  273.5 1.42615514359 0
v  273.5 1.32615514359 0
f -1 -2 -4 -3
v  274 1.39295215578 0
v  274 1.29295215578 0
v  274.5 1.35910078074 0
v  274.5 1.25910078074 0
f -1 -2 -4 -3
v  275 1.32453198275 0
v  275 1.22453198275 0
v  275.5 1.28922353663 0
v  275.5 1.18922353663 0
f -1 -2 -4 -3
v  276 1.25323279642 0
v  276 1.15323279642 0
v  276.5 1.21681720872 0
v  276.5 1.11681720872 0
f -1 -2 -4 -3
v  277 1.18010636757 0
v  277 1.08010636757 0
v  277.5 1.14277404607 0
v  277.5 1.04277404607 0
f -1 -2 -4 -3
v  278 1.1045745909 0
v  278 1.0045745909 0
v  278.5 1.06571040354 0
v  278.5 0.965710403543 0
f -1 -2 -4 -3
v  279 1.02638867941 0
v  279 0.926388679406 0
v  279.5 0.986611600155 0
v  279.5 0.886611600155 0
f -1 -2 -4 -3
v  280 0.94634556188 0
v  280 0.84634556188 0
v  280.5 0.905556682719 0
v  280.5 0.805556682719 0
f -1 -2 -4 -3
v  281 0.864289931955 0
v  281 0.764289931955 0
v  281.5 0.82281127697 0
v  281.5 0.72281127697 0
f -1 -2 -4 -3
v  282 0.781252918299 0
v  282 0.681252918299 0
v  282.5 0.739264477401 0
v  282.5 0.639264477401 0
f -1 -2 -4 -3
v  283 0.696584762848 0
v  283 0.596584762848 0
v  283.5 0.653437825746 0
v  283.5 0.553437825746 0
f -1 -2 -4 -3
v  284 0.610052150629 0
v  284 0.510052150629 0
v  284.5 0.566432064336 0
v  284.5 0.466432064336 0
f -1 -2 -4 -3
v  285 0.522541097354 0
v  285 0.422541097354 0
v  285.5 0.478337797631 0
v  285.5 0.378337797631 0
f -1 -2 -4 -3
v  286 0.433867058673 0
v  286 0.333867058673 0
v  286.5 0.389418060582 0
v  286.5 0.289418060582 0
f -1 -2 -4 -3
v  287 0.345136169394 0
v  287 0.245136169394 0
v  287.5 0.300644664282 0
v  287.5 0.200644664282 0
f -1 -2 -4 -3
v  288 0.25566227399 0
v  288 0.15566227399 0
v  288.5 0.210429781732 0
v  288.5 0.110429781732 0
f -1 -2 -4 -3
v  289 0.165191820087 0
v  289 0.0651918200872 0
v  289.5 0.119949281727 0
v  289.5 0.019949281727 0
f -1 -2 -4 -3
v  290 0.0746616119977 0
v  290 -0.0253383880023 0
v  290.5 0.0292909945521 0
v  290.5 -0.0707090054479 0
f -1 -2 -4 -3
v  291 -0.0161139350861 0
v  291 -0.116113935086 0
v  291.5 -0.0612637214473 0
v  291.5 -0.161263721447 0
f -1 -2 -4 -3
v  292 -0.106013580965 0
v  292 -0.206013580965 0
v  292.5 -0.150741532099 0
v  292.5 -0.250741532099 0
f -1 -2 -4 -3
v  293 -0.195730457788 0
v  293 -0.295730457788 0
v  293.5 -0.240741716877 0
v  293.5 -0.340741716877 0
f -1 -2 -4 -3
v  294 -0.285531722602 0
v  294 -0.385531722602 0
v  294.5 -0.330097295352 0
v  294.5 -0.430097295352 0
f -1 -2 -4 -3
v  295 -0.374475620765 0
v  295 -0.474475620765 0
v  295.5 -0.418699744676 0
v  295.5 -0.518699744676 0
f -1 -2 -4 -3
v  296 -0.462722011299 0
v  296 -0.562722011299 0
v  296.5 -0.506270737624 0
v  296.5 -0.606270737624 0
f -1 -2 -4 -3
v  297 -0.549211637721 0
v  297 -0.649211637721 0
v  297.5 -0.591904653469 0
v  297.5 -0.691904653469 0
f -1 -2 -4 -3
v  298 -0.634617502459 0
v  298 -0.734617502459 0
v  298.5 -0.677118469699 0
v  298.5 -0.777118469699 0
f -1 -2 -4 -3
v  299 -0.719172803645 0
v  299 -0.819172803645 0
v  299.5 -0.760780741175 0
v  299.5 -0.860780741175 0
f -1 -2 -4 -3
v  300 -0.801981792403 0
v  300 -0.901981792403 0
v  300.5 -0.84281090672 0
v  300.5 -0.94281090672 0
f -1 -2 -4 -3
v  301 -0.883221295865 0
v  301 -0.983221295865 0
v  301.5 -0.922939456265 0
v  301.5 -1.02293945626 0
f -1 -2 -4 -3
v  302 -0.961838056459 0
v  302 -1.06183805646 0
v  302.5 -1.0003098723 0
v  302.5 -1.1003098723 0
f -1 -2 -4 -3
v  303 -1.03863268438 0
v  303 -1.13863268438 0
v  303.5 -1.07650842541 0
v  303.5 -1.17650842541 0
f -1 -2 -4 -3
v  304 -1.1136596489 0
v  304 -1.2136596489 0
v  304.5 -1.15014744765 0
v  304.5 -1.25014744765 0
f -1 -2 -4 -3
v  305 -1.18606228163 0
v  305 -1.28606228163 0
v  305.5 -1.22141182079 0
v  305.5 -1.32141182079 0
f -1 -2 -4 -3
v  306 -1.25613418139 0
v  306 -1.35613418139 0
v  306.5 -1.2900130164 0
v  306.5 -1.3900130164 0
f -1 -2 -4 -3
v  307 -1.32295042 0
v  307 -1.42295042 0
v  307.5 -1.35525567441 0
v  307.5 -1.45525567441 0
f -1 -2 -4 -3
v  308 -1.3871497194 0
v  308 -1.4871497194 0
v  308.5 -1.41840738996 0
v  308.5 -1.51840738996 0
f -1 -2 -4 -3
v  309 -1.44881540641 0
v  309 -1.54881540641 0
v  309.5 -1.47841128574 0
v  309.5 -1.57841128574 0
f -1 -2 -4 -3
v  310 -1.50725217497 0
v  310 -1.60725217497 0
v  310.5 -1.53532794386 0
v  310.5 -1.63532794386 0
f -1 -2 -4 -3
v  311 -1.56258829051 0
v  311 -1.66258829051 0
v  311.5 -1.5889031908 0
v  311.5 -1.6889031908 0
f -1 -2 -4 -3
v  312 -1.61421421501 0
v  312 -1.71421421501 0
v  312.5 -1.63870242572 0
v  312.5 -1.73870242572 0
f -1 -2 -4 -3
v  313 -1.66250430226 0
v  313 -1.76250430226 0
v  313.5 -1.68551459832 0
v  313.5 -1.78551459832 0
f -1 -2 -4 -3
v  314 -1.70761836794 0
v  314 -1.80761836794 0
v  314.5 -1.72879133779 0
v  314.5 -1.82879133779 0
f -1 -2 -4 -3
v  315 -1.74903430278 0
v  315 -1.84903430278 0
v  315.5 -1.76837409051 0
v  315.5 -1.86837409051 0
f -1 -2 -4 -3
v  316 -1.78680746094 0
v  316 -1.88680746094 0
v  316.5 -1.80423425375 0
v  316.5 -1.90423425375 0
f -1 -2 -4 -3
v  317 -1.82059664707 0
v  317 -1.92059664707 0
v  317.5 -1.83600272248 0
v  317.5 -1.93600272248 0
f -1 -2 -4 -3
v  318 -1.85054447879 0
v  318 -1.95054447879 0
v  318.5 -1.86418793315 0
v  318.5 -1.96418793315 0
f -1 -2 -4 -3
v  319 -1.87687543459 0
v  319 -1.97687543459 0
v  319.5 -1.88854444014 0
v  319.5 -1.98854444014 0
f -1 -2 -4 -3
v  320 -1.89916605807 0
v  320 -1.99916605807 0
v  320.5 -1.90880806949 0
v  320.5 -2.00880806949 0
f -1 -2 -4 -3
v  321 -1.91750617634 0
v  321 -2.01750617634 0
v  321.5 -1.9251590755 0
v  321.5 -2.0251590755 0
f -1 -2 -4 -3
v  322 -1.93169787018 0
v  322 -2.03169787018 0
v  322.5 -1.93721127491 0
v  322.5 -2.03721127491 0
f -1 -2 -4 -3
v  323 -1.94177914934 0
v  323 -2.04177914934 0
v  323.5 -1.94537968326 0
v  323.5 -2.04537968326 0
f -1 -2 -4 -3
v  324 -1.94797485085 0
v  324 -2.04797485085 0
v  324.5 -1.94953074886 0
v  324.5 -2.04953074886 0
f -1 -2 -4 -3
v  325 -1.95002712408 0
v  325 -2.05002712408 0
v  325.5 -1.94947998289 0
v  325.5 -2.04947998289 0
f -1 -2 -4 -3
v  326 -1.94791085445 0
v  326 -2.04791085445 0
v  326.5 -1.94533906119 0
v  326.5 -2.04533906119 0
f -1 -2 -4 -3
v  327 -1.94177373971 0
v  327 -2.04177373971 0
v  327.5 -1.93719655074 0
v  327.5 -2.03719655074 0
f -1 -2 -4 -3
v  328 -1.93158942511 0
v  328 -2.03158942511 0
v  328.5 -1.92494845586 0
v  328.5 -2.02494845586 0
f -1 -2 -4 -3
v  329 -1.91727927986 0
v  329 -2.01727927986 0
v  329.5 -1.90860736741 0
v  329.5 -2.00860736741 0
f -1 -2 -4 -3
v  330 -1.89894573705 0
v  330 -1.99894573705 0
v  330.5 -1.88826287451 0
v  330.5 -1.98826287451 0
f -1 -2 -4 -3
v  331 -1.87655857195 0
v  331 -1.97655857195 0
v  331.5 -1.86394202094 0
v  331.5 -1.96394202094 0
f -1 -2 -4 -3
v  332 -1.85047102156 0
v  332 -1.95047102156 0
v  332.5 -1.83600603212 0
v  332.5 -1.93600603212 0
f -1 -2 -4 -3
v  333 -1.82044109222 0
v  333 -1.92044109222 0
v  333.5 -1.80386057699 0
v  333.5 -1.90386057699 0
f -1 -2 -4 -3
v  334 -1.78635549597 0
v  334 -1.88635549597 0
v  334.5 -1.76794264152 0
v  334.5 -1.86794264152 0
f -1 -2 -4 -3
v  335 -1.74861144549 0
v  335 -1.84861144549 0
v  335.5 -1.72831089692 0
v  335.5 -1.82831089692 0
f -1 -2 -4 -3
v  336 -1.70704976206 0
v  336 -1.80704976206 0
v  336.5 -1.68502396201 0
v  336.5 -1.78502396201 0
f -1 -2 -4 -3
v  337 -1.66233147747 0
v  337 -1.76233147747 0
v  337.5 -1.63870461743 0
v  337.5 -1.73870461743 0
f -1 -2 -4 -3
v  338 -1.61395275047 0
v  338 -1.71395275047 0
v  338.5 -1.58827948266 0
v  338.5 -1.68827948266 0
f -1 -2 -4 -3
v  339 -1.56187429504 0
v  339 -1.66187429504 0
v  339.5 -1.53469487034 0
v  339.5 -1.63469487034 0
f -1 -2 -4 -3
v  340 -1.50667394777 0
v  340 -1.60667394777 0
v  340.5 -1.47778741758 0
v  340.5 -1.57778741758 0
f -1 -2 -4 -3
v  341 -1.44807483548 0
v  341 -1.54807483548 0
v  341.5 -1.41773307214 0
v  341.5 -1.51773307214 0
f -1 -2 -4 -3
v  342 -1.38686864309 0
v  342 -1.48686864309 0
v  342.5 -1.35525815785 0
v  342.5 -1.45525815785 0
f -1 -2 -4 -3
v  343 -1.32272105614 0
v  343 -1.42272105614 0
v  343.5 -1.28935768445 0
v  343.5 -1.38935768445 0
f -1 -2 -4 -3
v  344 -1.25529622033 0
v  344 -1.35529622033 0
v  344.5 -1.22060587076 0
v  344.5 -1.32060587076 0
f -1 -2 -4 -3
v  345 -1.18531198894 0
v  345 -1.28531198894 0
v  345.5 -1.14934583252 0
v  345.5 -1.24934583252 0
f -1 -2 -4 -3
v  346 -1.11270782391 0
v  346 -1.21270782391 0
v  346.5 -1.07563799356 0
v  346.5 -1.17563799356 0
f -1 -2 -4 -3
v  347 -1.03826676983 0
v  347 -1.13826676983 0
v  347.5 -1.00030064324 0
v  347.5 -1.10030064324 0
f -1 -2 -4 -3
v  348 -0.961516296754 0
v  348 -1.06151629675 0
v  348.5 -0.922093830609 0
v  348.5 -1.02209383061 0
f -1 -2 -4 -3
v  349 -0.882220768268 0
v  349 -0.982220768268 0
v  349.5 -0.841908749207 0
v  349.5 -0.941908749207 0
f -1 -2 -4 -3
v  350 -0.801134017055 0
v  350 -0.901134017055 0
v  350.5 -0.759859431444 0
v  350.5 -0.859859431444 0
f -1 -2 -4 -3
v  351 -0.718127494392 0
v  351 -0.818127494392 0
v  351.5 -0.676210309336 0
v  351.5 -0.776210309336 0
f -1 -2 -4 -3
v  352 -0.634243597696 0
v  352 -0.734243597696 0
v  352.5 -0.591868980733 0
v  352.5 -0.691868980733 0
f -1 -2 -4 -3
v  353 -0.548819902346 0
v  353 -0.648819902346 0
v  353.5 -0.505328050533 0
v  353.5 -0.605328050533 0
f -1 -2 -4 -3
v  354 -0.461627845722 0
v  354 -0.561627845722 0
v  354.5 -0.417718445536 0
v  354.5 -0.517718445536 0
f -1 -2 -4 -3
v  355 -0.373558753166 0
v  355 -0.473558753166 0
v  355.5 -0.329109622203 0
v  355.5 -0.429109622203 0
f -1 -2 -4 -3
v  356 -0.284418768495 0
v  356 -0.384418768495 0
v  356.5 -0.239776263253 0
v  356.5 -0.339776263253 0
f -1 -2 -4 -3
v  357 -0.195328310454 0
v  357 -0.295328310454 0
v  357.5 -0.150699817024 0
v  357.5 -0.250699817024 0
f -1 -2 -4 -3
v  358 -0.10560908793 0
v  358 -0.20560908793 0
v  358.5 -0.0602903500432 0
v  358.5 -0.160290350043 0
f -1 -2 -4 -3
v  359 -0.0149841940185 0
v  359 -0.114984194019 0
v  359.5 0.0303024921807 0
v  359.5 -0.0696975078193 0
f -1 -2 -4 -3
v  360 0.075604523588 0
v  360 -0.024395476412 0
v  360.5 0.12095958896 0
v  360.5 0.0209595889604 0
f -1 -2 -4 -3
v  361 0.166321068307 0
v  361 0.0663210683066 0
v  361.5 0.211404790674 0
v  361.5 0.111404790674 0
f -1 -2 -4 -3
v  362 0.256068999282 0
v  362 0.156068999282 0
v  362.5 0.300686817697 0
v  362.5 0.200686817697 0
f -1 -2 -4 -3
v  363 0.345536607719 0
v  363 0.245536607719 0
v  363.5 0.390380117259 0
v  363.5 0.290380117259 0
f -1 -2 -4 -3
v  364 0.434975016562 0
v  364 0.334975016562 0
v  364.5 0.479319422388 0
v  364.5 0.379319422388 0
f -1 -2 -4 -3
v  365 0.523451763153 0
v  365 0.423451763153 0
v  365.5 0.567406158309 0
v  365.5 0.467406158309 0
f -1 -2 -4 -3
v  366 0.611136223948 0
v  366 0.511136223948 0
v  366.5 0.654372184055 0
v  366.5 0.554372184055 0
f -1 -2 -4 -3
v  367 0.696979172736 0
v  367 0.596979172736 0
v  367.5 0.739309275632 0
v  367.5 0.639309275632 0
f -1 -2 -4 -3
v  368 0.781626009267 0
v  368 0.681626009267 0
v  368.5 0.823707247257 0
v  368.5 0.723707247257 0
f -1 -2 -4 -3
v  369 0.865325370036 0
v  369 0.765325370036 0
v  369.5 0.906474138301 0
v  369.5 0.806474138301 0
f -1 -2 -4 -3
v  370 0.947186487548 0
v  370 0.847186487548 0
v  370.5 0.987497161298 0
v  370.5 0.887497161298 0
f -1 -2 -4 -3
v  371 1.02736828553 0
v  371 0.927368285533 0
v  371.5 1.06655769779 0
v  371.5 0.966557697788 0
f -1 -2 -4 -3
v  372 1.1049424836 0
v  372 1.0049424836 0
v  372.5 1.14283347667 0
v  372.5 1.04283347667 0
f -1 -2 -4 -3
v  373 1.18046213719 0
v  373 1.08046213719 0
v  373.5 1.21762600112 0
v  373.5 1.11762600112 0
f -1 -2 -4 -3
v  374 1.25412371324 0
v  374 1.15412371324 0
v  374.5 1.28996857723 0
v  374.5 1.18996857723 0
f -1 -2 -4 -3
v  375 1.32519952825 0
v  375 1.22519952825 0
v  375.5 1.35982264676 0
v  375.5 1.25982264676 0
f -1 -2 -4 -3
v  376 1.39379105058 0
v  376 1.29379105058 0
v  376.5 1.42692552453 0
v  376.5 1.32692552453 0
f -1 -2 -4 -3
v  377 1.45913717824 0
v  377 1.35913717824 0
v  377.5 1.49065475112 0
v  377.5 1.39065475112 0
f -1 -2 -4 -3
v  378 1.52165313245 0
v  378 1.42165313245 0
v  378.5 1.55200142141 0
v  378.5 1.45200142141 0
f -1 -2 -4 -3
v  379 1.58155900237 0
v  379 1.48155900237 0
v  379.5 1.61030712006 0
v  379.5 1.51030712006 0
f -1 -2 -4 -3
v  380 1.63825333489 0
v  380 1.53825333489 0
v  380.5 1.66541951674 0
v  380.5 1.56541951674 0
f -1 -2 -4 -3
v  381 1.69178353648 0
v  381 1.59178353648 0
v  381.5 1.71719304338 0
v  381.5 1.61719304338 0
f -1 -2 -4 -3
v  382 1.74156650958 0
v  382 1.64156650958 0
v  382.5 1.76508436256 0
v  382.5 1.66508436256 0
f -1 -2 -4 -3
v  383 1.78788979801 0
v  383 1.68788979801 0
v  383.5 1.80989393999 0
v  383.5 1.70989393999 0
f -1 -2 -4 -3
v  384 1.83099557197 0
v  384 1.73099557197 0
v  384.5 1.85117203429 0
v  384.5 1.75117203429 0
f -1 -2 -4 -3
v  385 1.87041999091 0
v  385 1.77041999091 0
v  385.5 1.88875194125 0
v  385.5 1.78875194125 0
f -1 -2 -4 -3
v  386 1.90614994279 0
v  386 1.80614994279 0
v  386.5 1.9225030743 0
v  386.5 1.8225030743 0
f -1 -2 -4 -3
v  387 1.93775895151 0
v  387 1.83775895151 0
v  387.5 1.95207455276 0
v  387.5 1.85207455276 0
f -1 -2 -4 -3
v  388 1.96556982235 0
v  388 1.86556982235 0
v  388.5 1.97815882826 0
v  388.5 1.87815882826 0
f -1 -2 -4 -3
v  389 1.98974671268 0
v  389 1.88974671268 0
v  389.5 2.00031397101 0
v  389.5 1.90031397101 0
f -1 -2 -4 -3
v  390 2.00985508372 0
v  390 1.90985508372 0
v  390.5 2.0183670077 0
v  390.5 1.9183670077 0
f -1 -2 -4 -3
v  391 2.02585167243 0
v  391 1.92585167243 0
v  391.5 2.0323237398 0
v  391.5 1.9323237398 0
f -1 -2 -4 -3
v  392 2.03779850815 0
v  392 1.93779850815 0
v  392.5 2.04228683311 0
v  392.5 1.94228683311 0
f -1 -2 -4 -3
v  393 2.04578309496 0
v  393 1.94578309496 0
v  393.5 2.04823768458 0
v  393.5 1.94823768458 0
f -1 -2 -4 -3
v  394 2.0496227888 0
v  394 1.9496227888 0
v  394.5 2.04999311178 0
v  394.5 1.94999311178 0
f -1 -2 -4 -3
v  395 2.04938551302 0
v  395 1.94938551302 0
v  395.5 2.0477466251 0
v  395.5 1.9477466251 0
f -1 -2 -4 -3
v  396 2.0450368359 0
v  396 1.9450368359 0
v  396.5 2.04129907104 0
v  396.5 1.94129907104 0
f -1 -2 -4 -3
v  397 2.03657490656 0
v  397 1.93657490656 0
v  397.5 2.03086189076 0
v  397.5 1.93086189076 0
f -1 -2 -4 -3
v  398 2.02414833784 0
v  398 1.92414833784 0
v  398.5 2.01641814433 0
v  398.5 1.91641814433 0
f -1 -2 -4 -3
v  399 2.00765898047 0
v  399 1.90765898047 0
v  399.5 1.99787125192 0
v  399.5 1.89787125192 0
f -1 -2 -4 -3
v  400 1.98705846029 0
v  400 1.88705846029 0
v  400.5 1.97522661119 0
v  400.5 1.87522661119 0
f -1 -2 -4 -3
v  401 1.96240902158 0
v  401 1.86240902158 0
v  401.5 1.94871426972 0
v  401.5 1.84871426972 0
f -1 -2 -4 -3
v  402 1.93419057977 0
v  402 1.83419057977 0
v  402.5 1.91868035874 0
v  402.5 1.81868035874 0
f -1 -2 -4 -3
v  403 1.90206492812 0
v  403 1.80206492812 0
v  403.5 1.88443502171 0
v  403.5 1.78443502171 0
f -1 -2 -4 -3
v  404 1.86588459415 0
v  404 1.76588459415 0
v  404.5 1.84641453603 0
v  404.5 1.74641453603 0
f -1 -2 -4 -3
v  405 1.82601521688 0
v  405 1.72601521688 0
v  405.5 1.80469291737 0
v  405.5 1.70469291737 0
f -1 -2 -4 -3
v  406 1.78248470153 0
v  406 1.68248470153 0
v  406.5 1.75950608089 0
v  406.5 1.65950608089 0
f -1 -2 -4 -3
v  407 1.73580342339 0
v  407 1.63580342339 0
v  407.5 1.71119110626 0
v  407.5 1.61119110626 0
f -1 -2 -4 -3
v  408 1.68553663209 0
v  408 1.58553663209 0
v  408.5 1.65896950366 0
v  408.5 1.55896950366 0
f -1 -2 -4 -3
v  409 1.63161829785 0
v  409 1.53161829785 0
v  409.5 1.60348126069 0
v  409.5 1.50348126069 0
f -1 -2 -4 -3
v  410 1.57453909811 0
v  410 1.47453909811 0
v  410.5 1.54478693679 0
v  410.5 1.44478693679 0
f -1 -2 -4 -3
v  411 1.51426587289 0
v  411 1.41426587289 0
v  411.5 1.48313872173 0
v  411.5 1.38313872173 0
f -1 -2 -4 -3
v  412 1.45148037991 0
v  412 1.35148037991 0
v  412.5 1.41906004027 0
v  412.5 1.31906004027 0
f -1 -2 -4 -3
v  413 1.38570707147 0
v  413 1.28570707147 0
v  413.5 1.3515685484 0
v  413.5 1.2515685484 0
f -1 -2 -4 -3
v  414 1.31679954542 0
v  414 1.21679954542 0
v  414.5 1.28142264934 0
v  414.5 1.18142264934 0
f -1 -2 -4 -3
v  415 1.24542571005 0
v  415 1.14542571005 0
v  415.5 1.20876387585 0
v  415.5 1.10876387585 0
f -1 -2 -4 -3
v  416 1.17146317597 0
v  416 1.07146317597 0
v  416.5 1.13376412165 0
v  416.5 1.03376412165 0
f -1 -2 -4 -3
v  417 1.09578972045 0
v  417 0.99578972045 0
v  417.5 1.05722915244 0
v  417.5 0.957229152443 0
f -1 -2 -4 -3
v  418 1.01785092911 0
v  418 0.917850929106 0
v  418.5 0.977857411303 0
v  418.5 0.877857411303 0
f -1 -2 -4 -3
v  419 0.937453473845 0
v  419 0.837453473845 0
v  419.5 0.896639512585 0
v  419.5 0.796639512585 0
f -1 -2 -4 -3
v  420 0.855381041755 0
v  420 0.755381041755 0
v  420.5 0.813645571396 0
v  420.5 0.713645571396 0
f -1 -2 -4 -3
v  421 0.771479918174 0
v  421 0.671479918174 0
v  421.5 0.729152063992 0
v  421.5 0.629152063992 0
f -1 -2 -4 -3
v  422 0.68679520171 0
v  422 0.58679520171 0
v  422.5 0.644056998475 0
v  422.5 0.544056998475 0
f -1 -2 -4 -3
v  423 0.600674446828 0
v  423 0.500674446828 0
v  423.5 0.556871606427 0
v  423.5 0.456871606427 0
f -1 -2 -4 -3
v  424 0.5128774833 0
v  424 0.4128774833 0
v  424.5 0.468697474698 0
v  424.5 0.368697474698 0
f -1 -2 -4 -3
v  425 0.424296590853 0
v  425 0.324296590853 0
v  425.5 0.37963573766 0
v  425.5 0.27963573766 0
f -1 -2 -4 -3
v  426 0.334760868167 0
v  426 0.234760868167 0
v  426.5 0.289958155941 0
v  426.5 0.189958155941 0
f -1 -2 -4 -3
v  427 0.24537124976 0
v  427 0.14537124976 0
v  427.5 0.200627305622 0
v  427.5 0.100627305622 0
f -1 -2 -4 -3
v  428 0.15544738604 0
v  428 0.05544738604 0
v  428.5 0.110067556874 0
v  428.5 0.0100675568738 0
f -1 -2 -4 -3
v  429 0.0647286339836 0
v  429 -0.0352713660164 0
v  429.5 0.0194336564425 0
v  429.5 -0.0805663435575 0
f -1 -2 -4 -3
v  430 -0.0258546234143 0
v  430 -0.125854623414 0
v  430.5 -0.0711703716279 0
v  430.5 -0.171170371628 0
f -1 -2 -4 -3
v  431 -0.11646386391 0
v  431 -0.21646386391 0
v  431.5 -0.161451902139 0
v  431.5 -0.261451902139 0
f -1 -2 -4 -3
v  432 -0.205994738352 0
v  432 -0.305994738352 0
v  432.5 -0.250468419577 0
v  432.5 -0.350468419577 0
f -1 -2 -4 -3
v  433 -0.295152676442 0
v  433 -0.395152676442 0
v  433.5 -0.339805821954 0
v  433.5 -0.439805821954 0
f -1 -2 -4 -3
v  434 -0.384182018279 0
v  434 -0.484182018279 0
v  434.5 -0.428278013729 0
v  434.5 -0.528278013729 0
f -1 -2 -4 -3
v  435 -0.472133399563 0
v  435 -0.572133399563 0
v  435.5 -0.515789506731 0
v  435.5 -0.615789506731 0
f -1 -2 -4 -3
v  436 -0.55920405707 0
v  436 -0.65920405707 0
v  436.5 -0.602099728548 0
v  436.5 -0.702099728548 0
f -1 -2 -4 -3
v  437 -0.644336071356 0
v  437 -0.744336071356 0
v  437.5 -0.686270765557 0
v  437.5 -0.786270765557 0
f -1 -2 -4 -3
v  438 -0.728171805985 0
v  438 -0.828171805985 0
v  438.5 -0.769812968902 0
v  438.5 -0.869812968902 0
f -1 -2 -4 -3
v  439 -0.810964056385 0
v  439 -0.910964056385 0
v  439.5 -0.851624683954 0
v  439.5 -0.951624683954 0
f -1 -2 -4 -3
v  440 -0.891829621594 0
v  440 -0.991829621594 0
v  440.5 -0.931600076403 0
v  440.5 -1.0316000764 0
f -1 -2 -4 -3
v  441 -0.970892166358 0
v  441 -1.07089216636 0
v  441.5 -1.00948630931 0
v  441.5 -1.10948630931 0
f -1 -2 -4 -3
v  442 -1.04727628385 0
v  442 -1.14727628385 0
v  442.5 -1.08455917634 0
v  442.5 -1.18455917634 0
f -1 -2 -4 -3
v  443 -1.12155093822 0
v  443 -1.22155093822 0
v  443.5 -1.15804351091 0
v  443.5 -1.25804351091 0
f -1 -2 -4 -3
v  444 -1.19384062885 0
v  444 -1.29384062885 0
v  444.5 -1.22898578001 0
v  444.5 -1.32898578001 0
f -1 -2 -4 -3
v  445 -1.26353054638 0
v  445 -1.36353054638 0
v  445.5 -1.29743228265 0
v  445.5 -1.39743228265 0
f -1 -2 -4 -3
v  446 -1.33061093924 0
v  446 -1.43061093924 0
v  446.5 -1.36292766139 0
v  446.5 -1.46292766139 0
f -1 -2 -4 -3
v  447 -1.39433356865 0
v  447 -1.49433356865 0
v  447.5 -1.42506056779 0
v  447.5 -1.52506056779 0
f -1 -2 -4 -3
v  448 -1.45527168217 0
v  448 -1.55527168217 0
v  448.5 -1.48479997464 0
v  448.5 -1.58479997464 0
f -1 -2 -4 -3
v  449 -1.51347728989 0
v  449 -1.61347728989 0
v  449.5 -1.54129295204 0
v  449.5 -1.64129295204 0
f -1 -2 -4 -3
v  450 -1.56827903668 0
v  450 -1.66827903668 0
v  450.5 -1.5945105988 0
v  450.5 -1.6945105988 0
f -1 -2 -4 -3
v  451 -1.61998748498 0
v  451 -1.71998748498 0
v  451.5 -1.64447789836 0
v  451.5 -1.74447789836 0
f -1 -2 -4 -3
v  452 -1.667850409 0
v  452 -1.767850409 0
v  452.5 -1.69036776535 0
v  452.5 -1.79036776535 0
f -1 -2 -4 -3
v  453 -1.71223077661 0
v  453 -1.81223077661 0
v  453.5 -1.73327448905 0
v  453.5 -1.83327448905 0
f -1 -2 -4 -3
v  454 -1.75333715335 0
v  454 -1.85333715335 0
v  454.5 -1.77244431844 0
v  454.5 -1.87244431844 0
f -1 -2 -4 -3
v  455 -1.79063965 0
v  455 -1.89063965 0
v  455.5 -1.8079262556 0
v  455.5 -1.9079262556 0
f -1 -2 -4 -3
v  456 -1.82427372504 0
v  456 -1.92427372504 0
v  456.5 -1.83957753277 0
v  456.5 -1.93957753277 0
f -1 -2 -4 -3
v  457 -1.85378816345 0
v  457 -1.95378816345 0
v  457.5 -1.86704638293 0
v  457.5 -1.96704638293 0
f -1 -2 -4 -3
v  458 -1.87945563077 0
v  458 -1.97945563077 0
v  458.5 -1.89092196913 0
v  458.5 -1.99092196913 0
f -1 -2 -4 -3
v  459 -1.90135618709 0
v  459 -2.00135618709 0
v  459.5 -1.91077854057 0
v  459.5 -2.01077854057 0
f -1 -2 -4 -3
v  460 -1.91921242089 0
v  460 -2.01921242089 0
v  460.5 -1.92663664698 0
v  460.5 -2.02663664698 0
f -1 -2 -4 -3
v  461 -1.93302936777 0
v  461 -2.03302936777 0
v  461.5 -1.93838859149 0
v  461.5 -2.03838859149 0
f -1 -2 -4 -3
v  462 -1.94272082805 0
v  462 -2.04272082805 0
v  462.5 -1.94604672866 0
v  462.5 -2.04604672866 0
f -1 -2 -4 -3
v  463 -1.94837960165 0
v  463 -2.04837960165 0
v  463.5 -1.94970527228 0
v  463.5 -2.04970527228 0
f -1 -2 -4 -3
v  464 -1.95000400377 0
v  464 -2.05000400377 0
v  464.5 -1.94925388063 0
v  464.5 -2.04925388063 0
f -1 -2 -4 -3
v  465 -1.94744554167 0
v  465 -2.04744554167 0
v  465.5 -1.94460588841 0
v  465.5 -2.04460588841 0
f -1 -2 -4 -3
v  466 -1.94076959274 0
v  466 -2.04076959274 0
v  466.5 -1.93597538733 0
v  466.5 -2.03597538733 0
f -1 -2 -4 -3
v  467 -1.93022644898 0
v  467 -2.03022644898 0
v  467.5 -1.92342435588 0
v  467.5 -2.02342435588 0
f -1 -2 -4 -3
v  468 -1.91550924494 0
v  468 -2.01550924494 0
v  468.5 -1.90657883554 0
v  468.5 -2.00657883554 0
f -1 -2 -4 -3
v  469 -1.89670937765 0
v  469 -1.99670937765 0
v  469.5 -1.88584013875 0
v  469.5 -1.98584013875 0
f -1 -2 -4 -3
v  470 -1.87392100126 0
v  470 -1.97392100126 0
v  470.5 -1.86099839427 0
v  470.5 -1.96099839427 0
f -1 -2 -4 -3
v  471 -1.84713402211 0
v  471 -1.94713402211 0
v  471.5 -1.83238528739 0
v  471.5 -1.93238528739 0
f -1 -2 -4 -3
v  472 -1.81676299352 0
v  472 -1.91676299352 0
v  472.5 -1.80014946818 0
v  472.5 -1.90014946818 0
f -1 -2 -4 -3
v  473 -1.78246731583 0
v  473 -1.88246731583 0
v  473.5 -1.76381464628 0
v  473.5 -1.86381464628 0
f -1 -2 -4 -3
v  474 -1.74427270957 0
v  474 -1.84427270957 0
v  474.5 -1.72378996511 0
v  474.5 -1.82378996511 0
f -1 -2 -4 -3
v  475 -1.70233132431 0
v  475 -1.80233132431 0
v  475.5 -1.67997256128 0
v  475.5 -1.77997256128 0
f -1 -2 -4 -3
v  476 -1.6568027612 0
v  476 -1.7568027612 0
v  476.5 -1.63289419296 0
v  476.5 -1.73289419296 0
f -1 -2 -4 -3
v  477 -1.60824811408 0
v  477 -1.70824811408 0
v  477.5 -1.58267501406 0
v  477.5 -1.68267501406 0
f -1 -2 -4 -3
v  478 -1.55605580966 0
v  478 -1.65605580966 0
v  478.5 -1.52856180359 0
v  478.5 -1.62856180359 0
f -1 -2 -4 -3
v  479 -1.50034802007 0
v  479 -1.60034802007 0
v  479.5 -1.47138226996 0
v  479.5 -1.57138226996 0
f -1 -2 -4 -3
v  480 -1.44160606846 0
v  480 -1.54160606846 0
v  480.5 -1.41097857816 0
v  480.5 -1.51097857816 0
f -1 -2 -4 -3
v  481 -1.37953870769 0
v  481 -1.47953870769 0
v  481.5 -1.34754015339 0
v  481.5 -1.44754015339 0
f -1 -2 -4 -3
v  482 -1.31511823679 0
v  482 -1.41511823679 0
v  482.5 -1.28197184749 0
v  482.5 -1.38197184749 0
f -1 -2 -4 -3
v  483 -1.24786836434 0
v  483 -1.34786836434 0
v  483.5 -1.21297990944 0
v  483.5 -1.31297990944 0
f -1 -2 -4 -3
v  484 -1.17749407866 0
v  484 -1.27749407866 0
v  484.5 -1.14144447794 0
v  484.5 -1.24144447794 0
f -1 -2 -4 -3
v  485 -1.10480836423 0
v  485 -1.20480836423 0
v  485.5 -1.06748023719 0
v  485.5 -1.16748023719 0
f -1 -2 -4 -3
v  486 -1.02946098282 0
v  486 -1.12946098282 0
v  486.5 -0.991089858419 0
v  486.5 -1.09108985842 0
f -1 -2 -4 -3
v  487 -0.952559517617 0
v  487 -1.05255951762 0
v  487.5 -0.913486833054 0
v  487.5 -1.01348683305 0
f -1 -2 -4 -3
v  488 -0.873574148633 0
v  488 -0.973574148633 0
v  488.5 -0.833044073044 0
v  488.5 -0.933044073044 0
f -1 -2 -4 -3
v  489 -0.79212874353 0
v  489 -0.89212874353 0
v  489.5 -0.750833349648 0
v  489.5 -0.850833349648 0
f -1 -2 -4 -3
v  490 -0.709122024127 0
v  490 -0.809122024127 0
v  490.5 -0.666954542923 0
v  490.5 -0.766954542923 0
f -1 -2 -4 -3
v  491 -0.624373738522 0
v  491 -0.724373738522 0
v  491.5 -0.58165721346 0
v  491.5 -0.68165721346 0
f -1 -2 -4 -3
v  492 -0.538945226586 0
v  492 -0.638945226586 0
v  492.5 -0.495878718598 0
v  492.5 -0.595878718598 0
f -1 -2 -4 -3
v  493 -0.452188154494 0
v  493 -0.552188154494 0
v  493.5 -0.40809834847 0
v  493.5 -0.50809834847 0
f -1 -2 -4 -3
v  494 -0.363840099759 0
v  494 -0.463840099759 0
v  494.5 -0.319419960564 0
v  494.5 -0.419419960564 0
f -1 -2 -4 -3
v  495 -0.274804045512 0
v  495 -0.374804045512 0
v  495.5 -0.229954534314 0
v  495.5 -0.329954534314 0
f -1 -2 -4 -3
v  496 -0.184918669235 0
v  496 -0.284918669235 0
v  496.5 -0.13998387146 0
v  496.5 -0.23998387146 0
f -1 -2 -4 -3
v  497 -0.09529327883 0
v  497 -0.19529327883 0
v  497.5 -0.0504686297085 0
v  497.5 -0.150468629709 0
f -1 -2 -4 -3
v  498 -0.00522754190956 0
v  498 -0.10522754191 0
v  498.5 0.0401894410066 0
v  498.5 -0.0598105589934 0
f -1 -2 -4 -3
v  499 0.0855368149802 0
v  499 -0.0144631850198 0
v  499.5 0.13081012769 0
v  499.5 0.0308101276903 0
f -1 -2 -4 -3
v  500 0.176047784197 0
v  500 0.0760477841969 0
v  500.5 0.221290714096 0
v  500.5 0.121290714096 0
f -1 -2 -4 -3
v  501 0.266493350696 0
v  501 0.166493350696 0
v  501.5 0.311366616485 0
v  501.5 0.211366616485 0
f -1 -2 -4 -3
v  502 0.355765327578 0
v  502 0.255765327578 0
v  502.5 0.400066231724 0
v  502.5 0.300066231724 0
f -1 -2 -4 -3
v  503 0.444550544752 0
v  503 0.344550544752 0
v  503.5 0.488977273179 0
v  503.5 0.388977273179 0
f -1 -2 -4 -3
v  504 0.533101823974 0
v  504 0.433101823974 0
v  504.5 0.57692411884 0
v  504.5 0.47692411884 0
f -1 -2 -4 -3
v  505 0.620484784632 0
v  505 0.520484784632 0
v  505.5 0.663819258742 0
v  505.5 0.563819258742 0
f -1 -2 -4 -3
v  506 0.706882126776 0
v  506 0.606882126776 0
v  506.5 0.749404033872 0
v  506.5 0.649404033872 0
f -1 -2 -4 -3
v  507 0.791249787943 0
v  507 0.691249787943 0
v  507.5 0.832769321769 0
v  507.5 0.732769321769 0
f -1 -2 -4 -3
v  508 0.874224737453 0
v  508 0.774224737453 0
v  508.5 0.91539545505 0
v  508.5 0.81539545505 0
f -1 -2 -4 -3
v  509 0.956055838247 0
v  509 0.856055838247 0
v  509.5 0.996201411151 0
v  509.5 0.896201411151 0
f -1 -2 -4 -3
v  510 1.03586609068 0
v  510 0.93586609068 0
v  510.5 1.07508351595 0
v  510.5 0.975083515946 0
f -1 -2 -4 -3
v  511 1.11381390463 0
v  511 1.01381390463 0
v  511.5 1.1518119565 0
v  511.5 1.0518119565 0
f -1 -2 -4 -3
v  512 1.18895740823 0
v  512 1.08895740823 0
v  512.5 1.22558056044 0
v  512.5 1.12558056044 0
f -1 -2 -4 -3
v  513 1.26192392484 0
v  513 1.16192392484 0
v  513.5 1.29776430575 0
v  513.5 1.19776430575 0
f -1 -2 -4 -3
v  514 1.3328819964 0
v  514 1.2328819964 0
v  514.5 1.36729411496 0
v  514.5 1.26729411496 0
f -1 -2 -4 -3
v  515 1.40104444797 0
v  515 1.30104444797 0
v  515.5 1.43413603119 0
v  515.5 1.33413603119 0
f -1 -2 -4 -3
v  516 1.46652092851 0
v  516 1.36652092851 0
v  516.5 1.49802831066 0
v  516.5 1.39802831066 0
f -1 -2 -4 -3
v  517 1.5285861484 0
v  517 1.4285861484 0
v  517.5 1.55845916376 0
v  517.5 1.45845916376 0
f -1 -2 -4 -3
v  518 1.58783085549 0
v  518 1.48783085549 0
v  518.5 1.6164929199 0
v  518.5 1.5164929199 0
f -1 -2 -4 -3
v  519 1.64425845523 0
v  519 1.54425845523 0
v  519.5 1.67119153823 0
v  519.5 1.57119153823 0
f -1 -2 -4 -3
v  520 1.69735624518 0
v  520 1.59735624518 0
v  520.5 1.72269428077 0
v  520.5 1.62269428077 0
f -1 -2 -4 -3
v  521 1.74712375766 0
v  521 1.64712375766 0
v  521.5 1.77055639387 0
v  521.5 1.67055639387 0
f -1 -2 -4 -3
v  522 1.7929731594 0
v  522 1.6929731594 0
v  522.5 1.81455219654 0
v  522.5 1.71455219654 0
f -1 -2 -4 -3
v  523 1.83541897755 0
v  523 1.73541897755 0
v  523.5 1.85545521037 0
v  523.5 1.75545521037 0
f -1 -2 -4 -3
v  524 1.8745330808 0
v  524 1.7745330808 0
v  524.5 1.89261695878 0
v  524.5 1.79261695878 0
f -1 -2 -4 -3
v  525 1.90971261604 0
v  525 1.80971261604 0
v  525.5 1.92589687771 0
v  525.5 1.82589687771 0
f -1 -2 -4 -3
v  526 1.94119445823 0
v  526 1.84119445823 0
v  526.5 1.95544944079 0
v  526.5 1.85544944079 0
f -1 -2 -4 -3
v  527 1.96856722143 0
v  527 1.86856722143 0
v  527.5 1.98071307035 0
v  527.5 1.88071307035 0
f -1 -2 -4 -3
v  528 1.99201814724 0
v  528 1.89201814724 0
v  528.5 2.00239131142 0
v  528.5 1.90239131142 0
f -1 -2 -4 -3
v  529 2.01173506322 0
v  529 1.91173506322 0
v  529.5 2.02004246237 0
v  529.5 1.92004246237 0
f -1 -2 -4 -3
v  530 2.02732483827 0
v  530 1.92732483827 0
v  530.5 2.0336005807 0
v  530.5 1.9336005807 0
f -1 -2 -4 -3
v  531 2.0388818653 0
v  531 1.9388818653 0
v  531.5 2.04315999324 0
v  531.5 1.94315999324 0
f -1 -2 -4 -3
v  532 2.04641493893 0
v  532 1.94641493893 0
v  532.5 2.04860516634 0
v  532.5 1.94860516634 0
f -1 -2 -4 -3
v  533 2.04974109897 0
v  533 1.94974109897 0
v  533.5 2.04998932061 0
v  533.5 1.94998932061 0
f -1 -2 -4 -3
v  534 2.04953812439 0
v  534 1.94953812439 0
v  534.5 2.04856044721 0
v  534.5 1.94856044721 0
f -1 -2 -4 -3
v  535 2.04715769948 0
v  535 1.94715769948 0
v  535.5 2.04523830574 0
v  535.5 1.94523830574 0
f -1 -2 -4 -3
v  536 2.0427308729 0
v  536 1.9427308729 0
v  536.5 2.03971463463 0
v  536.5 1.93971463463 0
f -1 -2 -4 -3
v  537 2.03625373372 0
v  537 1.93625373372 0
v  537.5 2.03229659255 0
v  537.5 1.93229659255 0
f -1 -2 -4 -3
v  538 2.02779554903 0
v  538 1.92779554903 0
v  538.5 2.02277033676 0
v  538.5 1.92277033676 0
f -1 -2 -4 -3
v  539 2.01724995176 0
v  539 1.91724995176 0
v  539.5 2.01125648201 0
v  539.5 1.91125648201 0
f -1 -2 -4 -3
v  540 2.00479660554 0
v  540 1.90479660554 0
v  540.5 1.99783719362 0
v  540.5 1.89783719362 0
f -1 -2 -4 -3
v  541 1.99036254447 0
v  541 1.89036254447 0
v  541.5 1.98242518672 0
v  541.5 1.88242518672 0
f -1 -2 -4 -3
v  542 1.97405873977 0
v  542 1.87405873977 0
v  542.5 1.96521057629 0
v  542.5 1.86521057629 0
f -1 -2 -4 -3
v  543 1.95584193326 0
v  543 1.85584193326 0
v  543.5 1.94599495133 0
v  543.5 1.84599495133 0
f -1 -2 -4 -3
v  544 1.93571105039 0
v  544 1.83571105039 0
v  544.5 1.92499017841 0
v  544.5 1.82499017841 0
f -1 -2 -4 -3
v  545 1.91382042517 0
v  545 1.81382042517 0
v  545.5 1.90217689503 0
v  545.5 1.80217689503 0
f -1 -2 -4 -3
v  546 1.89006580894 0
v  546 1.79006580894 0
v  546.5 1.87758688788 0
v  546.5 1.77758688788 0
f -1 -2 -4 -3
v  547 1.86479714549 0
v  547 1.76479714549 0
v  547.5 1.85158832546 0
v  547.5 1.75158832546 0
f -1 -2 -4 -3
v  548 1.83786868111 0
v  548 1.73786868111 0
v  548.5 1.82367333349 0
v  548.5 1.72367333349 0
f -1 -2 -4 -3
v  549 1.80905973329 0
v  549 1.70905973329 0
v  549.5 1.79408604537 0
v  549.5 1.69408604537 0
f -1 -2 -4 -3
v  550 1.77878171055 0
v  550 1.67878171055 0
v  550.5 1.76309534342 0
v  550.5 1.66309534342 0
f -1 -2 -4 -3
v  551 1.74700674292 0
v  551 1.64700674292 0
v  551.5 1.73062246735 0
v  551.5 1.63062246735 0
f -1 -2 -4 -3
v  552 1.71400636418 0
v  552 1.61400636418 0
v  552.5 1.6970407992 0
v  552.5 1.5970407992 0
f -1 -2 -4 -3
v  553 1.67963311236 0
v  553 1.57963311236 0
v  553.5 1.66184912066 0
v  553.5 1.56184912066 0
f -1 -2 -4 -3
v  554 1.64376059119 0
v  554 1.54376059119 0
v  554.5 1.62537869975 0
v  554.5 1.52537869975 0
f -1 -2 -4 -3
v  555 1.60669904449 0
v  555 1.50669904449 0
v  555.5 1.58770314195 0
v  555.5 1.48770314195 0
f -1 -2 -4 -3
v  556 1.56841183246 0
v  556 1.46841183246 0
v  556.5 1.54896296047 0
v  556.5 1.44896296047 0
f -1 -2 -4 -3
v  557 1.52942255367 0
v  557 1.42942255367 0
v  557.5 1.50959836338 0
v  557.5 1.40959836338 0
f -1 -2 -4 -3
v  558 1.48935298005 0
v  558 1.38935298005 0
v  558.5 1.4688285956 0
v  558.5 1.3688285956 0
f -1 -2 -4 -3
v  559 1.44815377573 0
v  559 1.34815377573 0
v  559.5 1.42728259262 0
v  559.5 1.32728259262 0
f -1 -2 -4 -3
v  560 1.40616571544 0
v  560 1.30616571544 0
v  560.5 1.38482937873 0
v  560.5 1.28482937873 0
f -1 -2 -4 -3
v  561 1.36333732732 0
v  561 1.26333732732 0
v  561.5 1.34182152045 0
v  561.5 1.24182152045 0
f -1 -2 -4 -3
v  562 1.32033630329 0
v  562 1.22033630329 0
v  562.5 1.29868526506 0
v  562.5 1.19868526506 0
f -1 -2 -4 -3
v  563 1.27671732512 0
v  563 1.17671732512 0
v  563.5 1.2545307273 0
v  563.5 1.1545307273 0
f -1 -2 -4 -3
v  564 1.23224540423 0
v  564 1.13224540423 0
v  564.5 1.20992049053 0
v  564.5 1.10992049053 0
f -1 -2 -4 -3
v  565 1.18756734277 0
v  565 1.08756734277 0
v  565.5 1.16509310739 0
v  565.5 1.06509310739 0
f -1 -2 -4 -3
v  566 1.1424699415 0
v  566 1.0424699415 0
v  566.5 1.1199029327 0
v  566.5 1.0199029327 0
f -1 -2 -4 -3
v  567 1.09751706403 0
v  567 0.997517064031 0
v  567.5 1.07509928742 0
v  567.5 0.975099287415 0
f -1 -2 -4 -3
v  568 1.05248006798 0
v  568 0.952480067976 0
v  568.5 1.0297766278 0
v  568.5 0.929776627801 0
f -1 -2 -4 -3
v  569 1.00711382823 0
v  569 0.907113828225 0
v  569.5 0.9844981353 0
v  569.5 0.8844981353 0
f -1 -2 -4 -3
v  570 0.961913901043 0
v  570 0.861913901043 0
v  570.5 0.939341254439 0
v  570.5 0.839341254439 0
f -1 -2 -4 -3
v  571 0.916802677041 0
v  571 0.816802677041 0
v  571.5 0.894441339585 0
v  571.5 0.794441339585 0
f -1 -2 -4 -3
v  572 0.872329199431 0
v  572 0.772329199431 0
v  572.5 0.850279822422 0
v  572.5 0.750279822422 0
f -1 -2 -4 -3
v  573 0.828153440434 0
v  573 0.728153440434 0
v  573.5 0.806067053209 0
v  573.5 0.706067053209 0
f -1 -2 -4 -3
v  574 0.784140483314 0
v  574 0.684140483314 0
v  574.5 0.762376278343 0
v  574.5 0.662376278343 0
f -1 -2 -4 -3
v  575 0.740757179908 0
v  575 0.640757179908 0
v  575.5 0.719267624859 0
v  575.5 0.619267624859 0
f -1 -2 -4 -3
v  576 0.697930074492 0
v  576 0.597930074492 0
v  576.5 0.676872669902 0
v  576.5 0.576872669902 0
f -1 -2 -4 -3
v  577 0.656158561805 0
v  577 0.556158561805 0
v  577.5 0.635617265853 0
v  577.5 0.535617265853 0
f -1 -2 -4 -3
v  578 0.615122006608 0
v  578 0.515122006608 0
v  578.5 0.594782418687 0
v  578.5 0.494782418687 0
f -1 -2 -4 -3
v  579 0.574710163763 0
v  579 0.474710163763 0
v  579.5 0.554907322839 0
v  579.5 0.454907322839 0
f -1 -2 -4 -3
v  580 0.535357287778 0
v  580 0.435357287778 0
v  580.5 0.516044521079 0
v  580.5 0.416044521079 0
f -1 -2 -4 -3
v  581 0.496987794244 0
v  581 0.396987794244 0
v  581.5 0.478301457726 0
v  581.5 0.378301457726 0
f -1 -2 -4 -3
v  582 0.460042522127 0
v  582 0.360042522127 0
v  582.5 0.442060725775 0
v  582.5 0.342060725775 0
f -1 -2 -4 -3
v  583 0.424244539007 0
v  583 0.324244539007 0
v  583.5 0.406692038212 0
v  583.5 0.306692038212 0
f -1 -2 -4 -3
v  584 0.389501296883 0
v  584 0.289501296883 0
v  584.5 0.372668190335 0
v  584.5 0.272668190335 0
f -1 -2 -4 -3
v  585 0.356175466419 0
v  585 0.256175466419 0
v  585.5 0.340018923886 0
v  585.5 0.240018923886 0
f -1 -2 -4 -3
v  586 0.32421974688 0
v  586 0.22421974688 0
v  586.5 0.308863859239 0
v  586.5 0.208863859239 0
f -1 -2 -4 -3
v  587 0.293991519181 0
v  587 0.193991519181 0
v  587.5 0.279483460999 0
v  587.5 0.179483460999 0
f -1 -2 -4 -3
v  588 0.265252244236 0
v  588 0.165252244236 0
v  588.5 0.251377398527 0
v  588.5 0.151377398527 0
f -1 -2 -4 -3
v  589 0.237938149634 0
v  589 0.137938149634 0
v  589.5 0.224931467693 0
v  589.5 0.124931467693 0
f -1 -2 -4 -3
v  590 0.212343650027 0
v  590 0.112343650027 0
v  590.5 0.20017119566 0
v  590.5 0.10017119566 0
f -1 -2 -4 -3
v  591 0.18842893922 0
v  591 0.0884289392196 0
v  591.5 0.177178099347 0
v  591.5 0.0771780993469 0
f -1 -2 -4 -3
v  592 0.166447784775 0
v  592 0.0664477847751 0
v  592.5 0.156154513624 0
v  592.5 0.0561545136244 0
f -1 -2 -4 -3
v  593 0.146236635152 0
v  593 0.0462366351519 0
v  593.5 0.136748577323 0
v  593.5 0.0367485773235 0
f -1 -2 -4 -3
v  594 0.127745364985 0
v  594 0.0277453649852 0
v  594.5 0.119227102802 0
v  594.5 0.0192271028018 0
f -1 -2 -4 -3
v  595 0.111185823627 0
v  595 0.0111858236272 0
v  595.5 0.103617719086 0
v  595.5 0.00361771908551 0
f -1 -2 -4 -3
v  596 0.096530058522 0
v  596 -0.00346994147797 0
v  596.5 0.0899591128162 0
v  596.5 -0.0100408871838 0
f -1 -2 -4 -3
v  597 0.0839223432447 0
v  597 -0.0160776567553 0
v  597.5 0.0783703653057 0
v  597.5 -0.0216296346943 0
f -1 -2 -4 -3
v  598 0.0732671255552 0
v  598 -0.0267328744448 0
v  598.5 0.068646521097 0
v  598.5 -0.031353478903 0
f -1 -2 -4 -3
v  599 0.0645406680704 0
v  599 -0.0354593319296 0
v  599.5 0.0609425960845 0
v  599.5 -0.0390574039155 0
f -1 -2 -4 -3
v  600 0.0578482054017 0
v  600 -0.0421517945983 0
v  600.5 0.0552804665113 0
v  600.5 -0.0447195334887 0
f -1 -2 -4 -3
v  601 0.0532384879292 0
v  601 -0.0467615120708 0
v  601.5 0.0516414097828 0
v  601.5 -0.0483585902172 0
f -1 -2 -4 -3
v  602 0.0505012161039 0
v  602 -0.0494987838961 0
v  602.5 0.05012125 0
v  602.5 -0.04987875 0
f -1 -2 -4 -3
v  603 0.05012125 0
v  603 -0.04987875 0
v  603.5 0.05012125 0
v  603.5 -0.04987875 0
f -1 -2 -4 -3
v  604 0.05012125 0
v  604 -0.04987875 0
v  604.5 0.05012125 0
v  604.5 -0.04987875 0
f -1 -2 -4 -3
v  605 0.05012125 0
v  605 -0.04987875 0
v  605.5 0.05012125 0
v  605.5 -0.04987875 0
f -1 -2 -4 -3
v  606 0.05012125 0
v  606 -0.04987875 0
v  606.5 0.05012125 0
v  606.5 -0.04987875 0
f -1 -2 -4 -3
v  607 0.05012125 0
v  607 -0.04987875 0
v  607.5 0.05012125 0
v  607.5 -0.04987875 0
f -1 -2 -4 -3
v  608 0.05012125 0
v  608 -0.04987875 0
v  608.5 0.05012125 0
v  608.5 -0.04987875 0
f -1 -2 -4 -3
v  609 0.05012125 0
v  609 -0.04987875 0
v  609.5 0.05012125 0
v  609.5 -0.04987875 0
f -1 -2 -4 -3
v  610 0.05012125 0
v  610 -0.04987875 0
v  610.5 0.05012125 0
v  610.5 -0.04987875 0
f -1 -2 -4 -3
v  611 0.05012125 0
v  611 -0.04987875 0
v  611.5 0.05012125 0
v  611.5 -0.04987875 0
f -1 -2 -4 -3
v  612 0.05012125 0
v  612 -0.04987875 0
v  612.5 0.05012125 0
v  612.5 -0.04987875 0
f -1 -2 -4 -3
v  613 0.05012125 0
v  613 -0.04987875 0
v  613.5 0.05012125 0
v  613.5 -0.04987875 0
f -1 -2 -4 -3
v  614 0.05012125 0
v  614 -0.04987875 0
v  614.5 0.05012125 0
v  614.5 -0.04987875 0
f -1 -2 -4 -3
v  615 0.05012125 0
v  615 -0.04987875 0
v  615.5 0.05012125 0
v  615.5 -0.04987875 0
f -1 -2 -4 -3
v  616 0.05012125 0
v  616 -0.04987875 0
v  616.5 0.05012125 0
v  616.5 -0.04987875 0
f -1 -2 -4 -3
v  617 0.05012125 0
v  617 -0.04987875 0
v  617.5 0.05012125 0
v  617.5 -0.04987875 0
f -1 -2 -4 -3
v  618 0.05012125 0
v  618 -0.04987875 0
v  618.5 0.05012125 0
v  618.5 -0.04987875 0
f -1 -2 -4 -3
v  619 0.05012125 0
v  619 -0.04987875 0
v  619.5 0.05012125 0
v  619.5 -0.04987875 0
f -1 -2 -4 -3
v  620 0.05012125 0
v  620 -0.04987875 0
v  620.5 0.05012125 0
v  620.5 -0.04987875 0
f -1 -2 -4 -3
v  621 0.05012125 0
v  621 -0.04987875 0
v  621.5 0.05012125 0
v  621.5 -0.04987875 0
f -1 -2 -4 -3
v  622 0.05012125 0
v  622 -0.04987875 0
v  622.5 0.05012125 0
v  622.5 -0.04987875 0
f -1 -2 -4 -3
v  623 0.05012125 0
v  623 -0.04987875 0
v  623.5 0.05012125 0
v  623.5 -0.04987875 0
f -1 -2 -4 -3
v  624 0.05012125 0
v  624 -0.04987875 0
v  624.5 0.05012125 0
v  624.5 -0.04987875 0
f -1 -2 -4 -3
v  625 0.05012125 0
v  625 -0.04987875 0
v  625.5 0.05012125 0
v  625.5 -0.04987875 0
f -1 -2 -4 -3
v  626 0.05012125 0
v  626 -0.04987875 0
v  626.5 0.05012125 0
v  626.5 -0.04987875 0
f -1 -2 -4 -3
v  627 0.05012125 0
v  627 -0.04987875 0
v  627.5 0.05012125 0
v  627.5 -0.04987875 0
f -1 -2 -4 -3
v  628 0.05012125 0
v  628 -0.04987875 0
v  628.5 0.05012125 0
v  628.5 -0.04987875 0
f -1 -2 -4 -3
v  629 0.05012125 0
v  629 -0.04987875 0
v  629.5 0.05012125 0
v  629.5 -0.04987875 0
f -1 -2 -4 -3
v  630 0.05012125 0
v  630 -0.04987875 0
v  630.5 0.05012125 0
v  630.5 -0.04987875 0
f -1 -2 -4 -3
v  631 0.05012125 0
v  631 -0.04987875 0
v  631.5 0.05012125 0
v  631.5 -0.04987875 0
f -1 -2 -4 -3
v  632 0.05012125 0
v  632 -0.04987875 0
v  632.5 0.05012125 0
v  632.5 -0.04987875 0
f -1 -2 -4 -3
v  633 0.05012125 0
v  633 -0.04987875 0
v  633.5 0.05012125 0
v  633.5 -0.04987875 0
f -1 -2 -4 -3
v  634 0.05012125 0
v  634 -0.04987875 0
v  634.5 0.05012125 0
v  634.5 -0.04987875 0
f -1 -2 -4 -3
v  635 0.05012125 0
v  635 -0.04987875 0
v  635.5 0.05012125 0
v  635.5 -0.04987875 0
f -1 -2 -4 -3
v  636 0.05012125 0
v  636 -0.04987875 0
v  636.5 0.05012125 0
v  636.5 -0.04987875 0
f -1 -2 -4 -3
v  637 0.05012125 0
v  637 -0.04987875 0
v  637.5 0.05012125 0
v  637.5 -0.04987875 0
f -1 -2 -4 -3
v  638 0.05012125 0
v  638 -0.04987875 0
v  638.5 0.05012125 0
v  638.5 -0.04987875 0
f -1 -2 -4 -3
v  639 0.05012125 0
v  639 -0.04987875 0
v  639.5 0.05012125 0
v  639.5 -0.04987875 0
f -1 -2 -4 -3
v  640 0.05012125 0
v  640 -0.04987875 0
v  640.5 0.05012125 0
v  640.5 -0.04987875 0
f -1 -2 -4 -3
v  641 0.05012125 0
v  641 -0.04987875 0
v  641.5 0.05012125 0
v  641.5 -0.04987875 0
f -1 -2 -4 -3
v  642 0.05012125 0
v  642 -0.04987875 0
v  642.5 0.05012125 0
v  642.5 -0.04987875 0
f -1 -2 -4 -3
v  643 0.05012125 0
v  643 -0.04987875 0
v  643.5 0.05012125 0
v  643.5 -0.04987875 0
f -1 -2 -4 -3
v  644 0.05012125 0
v  644 -0.04987875 0
v  644.5 0.05012125 0
v  644.5 -0.04987875 0
f -1 -2 -4 -3
v  645 0.05012125 0
v  645 -0.04987875 0
v  645.5 0.05012125 0
v  645.5 -0.04987875 0
f -1 -2 -4 -3
v  646 0.05012125 0
v  646 -0.04987875 0
v  646.5 0.05012125 0
v  646.5 -0.04987875 0
f -1 -2 -4 -3
v  647 0.05012125 0
v  647 -0.04987875 0
v  647.5 0.05012125 0
v  647.5 -0.04987875 0
f -1 -2 -4 -3
v  648 0.05012125 0
v  648 -0.04987875 0
v  648.5 0.05012125 0
v  648.5 -0.04987875 0
f -1 -2 -4 -3
v  649 0.05012125 0
v  649 -0.04987875 0
v  649.5 0.05012125 0
v  649.5 -0.04987875 0
f -1 -2 -4 -3
v  650 0.05012125 0
v  650 -0.04987875 0
v  650.5 0.05012125 0
v  650.5 -0.04987875 0
f -1 -2 -4 -3
v  651 0.05012125 0
v  651 -0.04987875 0
v  651.5 0.05012125 0
v  651.5 -0.04987875 0
f -1 -2 -4 -3
v  652 0.05012125 0
v  652 -0.04987875 0
v  652.5 0.05012125 0
v  652.5 -0.04987875 0
f -1 -2 -4 -3
v  653 0.05012125 0
v  653 -0.04987875 0
v  653.5 0.05012125 0
v  653.5 -0.04987875 0
f -1 -2 -4 -3
v  654 0.05012125 0
v  654 -0.04987875 0
v  654.5 0.05012125 0
v  654.5 -0.04987875 0
f -1 -2 -4 -3
v  655 0.05012125 0
v  655 -0.04987875 0
v  655.5 0.05012125 0
v  655.5 -0.04987875 0
f -1 -2 -4 -3
v  656 0.05012125 0
v  656 -0.04987875 0
v  656.5 0.05012125 0
v  656.5 -0.04987875 0
f -1 -2 -4 -3
v  657 0.05012125 0
v  657 -0.04987875 0
v  657.5 0.05012125 0
v  657.5 -0.04987875 0
f -1 -2 -4 -3
v  658 0.05012125 0
v  658 -0.04987875 0
v  658.5 0.05012125 0
v  658.5 -0.04987875 0
f -1 -2 -4 -3
v  659 0.05012125 0
v  659 -0.04987875 0
v  659.5 0.05012125 0
v  659.5 -0.04987875 0
f -1 -2 -4 -3
v  660 0.05012125 0
v  660 -0.04987875 0
v  660.5 0.05012125 0
v  660.5 -0.04987875 0
f -1 -2 -4 -3
v  661 0.05012125 0
v  661 -0.04987875 0
v  661.5 0.05012125 0
v  661.5 -0.04987875 0
f -1 -2 -4 -3
v  662 0.05012125 0
v  662 -0.04987875 0
v  662.5 0.05012125 0
v  662.5 -0.04987875 0
f -1 -2 -4 -3
v  663 0.05012125 0
v  663 -0.04987875 0
v  663.5 0.05012125 0
v  663.5 -0.04987875 0
f -1 -2 -4 -3
v  664 0.05012125 0
v  664 -0.04987875 0
v  664.5 0.05012125 0
v  664.5 -0.04987875 0
f -1 -2 -4 -3
v  665 0.05012125 0
v  665 -0.04987875 0
v  665.5 0.05012125 0
v  665.5 -0.04987875 0
f -1 -2 -4 -3
v  666 0.05012125 0
v  666 -0.04987875 0
v  666.5 0.05012125 0
v  666.5 -0.04987875 0
f -1 -2 -4 -3
v  667 0.05012125 0
v  667 -0.04987875 0
v  667.5 0.05012125 0
v  667.5 -0.04987875 0
f -1 -2 -4 -3
v  668 0.05012125 0
v  668 -0.04987875 0
v  668.5 0.05012125 0
v  668.5 -0.04987875 0
f -1 -2 -4 -3
v  669 0.05012125 0
v  669 -0.04987875 0
v  669.5 0.05012125 0
v  669.5 -0.04987875 0
f -1 -2 -4 -3
v  670 0.05012125 0
v  670 -0.04987875 0
v  670.5 0.05012125 0
v  670.5 -0.04987875 0
f -1 -2 -4 -3
v  671 0.05012125 0
v  671 -0.04987875 0
v  671.5 0.05012125 0
v  671.5 -0.04987875 0
f -1 -2 -4 -3
v  672 0.05012125 0
v  672 -0.04987875 0
v  672.5 0.05012125 0
v  672.5 -0.04987875 0
f -1 -2 -4 -3
v  673 0.05012125 0
v  673 -0.04987875 0
v  673.5 0.05012125 0
v  673.5 -0.04987875 0
f -1 -2 -4 -3
v  674 0.05012125 0
v  674 -0.04987875 0
v  674.5 0.05012125 0
v  674.5 -0.04987875 0
f -1 -2 -4 -3
v  675 0.05012125 0
v  675 -0.04987875 0
v  675.5 0.05012125 0
v  675.5 -0.04987875 0
f -1 -2 -4 -3
v  676 0.05012125 0
v  676 -0.04987875 0
v  676.5 0.05012125 0
v  676.5 -0.04987875 0
f -1 -2 -4 -3
v  677 0.05012125 0
v  677 -0.04987875 0
v  677.5 0.05012125 0
v  677.5 -0.04987875 0
f -1 -2 -4 -3
v  678 0.05012125 0
v  678 -0.04987875 0
v  678.5 0.05012125 0
v  678.5 -0.04987875 0
f -1 -2 -4 -3
v  679 0.05012125 0
v  679 -0.04987875 0
v  679.5 0.05012125 0
v  679.5 -0.04987875 0
f -1 -2 -4 -3
v  680 0.05012125 0
v  680 -0.04987875 0
v  680.5 0.05012125 0
v  680.5 -0.04987875 0
f -1 -2 -4 -3
v  681 0.05012125 0
v  681 -0.04987875 0
v  681.5 0.05012125 0
v  681.5 -0.04987875 0
f -1 -2 -4 -3
v  682 0.05012125 0
v  682 -0.04987875 0
v  682.5 0.05012125 0
v  682.5 -0.04987875 0
f -1 -2 -4 -3
v  683 0.05012125 0
v  683 -0.04987875 0
v  683.5 0.05012125 0
v  683.5 -0.04987875 0
f -1 -2 -4 -3
v  684 0.05012125 0
v  684 -0.04987875 0
v  684.5 0.05012125 0
v  684.5 -0.04987875 0
f -1 -2 -4 -3
v  685 0.05012125 0
v  685 -0.04987875 0
v  685.5 0.05012125 0
v  685.5 -0.04987875 0
f -1 -2 -4 -3
v  686 0.05012125 0
v  686 -0.04987875 0
v  686.5 0.05012125 0
v  686.5 -0.04987875 0
f -1 -2 -4 -3
v  687 0.05012125 0
v  687 -0.04987875 0
v  687.5 0.05012125 0
v  687.5 -0.04987875 0
f -1 -2 -4 -3
v  688 0.05012125 0
v  688 -0.04987875 0
v  688.5 0.05012125 0
v  688.5 -0.04987875 0
f -1 -2 -4 -3
v  689 0.05012125 0
v  689 -0.04987875 0
v  689.5 0.05012125 0
v  689.5 -0.04987875 0
f -1 -2 -4 -3
v  690 0.05012125 0
v  690 -0.04987875 0
v  690.5 0.05012125 0
v  690.5 -0.04987875 0
f -1 -2 -4 -3
v  691 0.05012125 0
v  691 -0.04987875 0
v  691.5 0.05012125 0
v  691.5 -0.04987875 0
f -1 -2 -4 -3
v  692 0.05012125 0
v  692 -0.04987875 0
v  692.5 0.05012125 0
v  692.5 -0.04987875 0
f -1 -2 -4 -3
v  693 0.05012125 0
v  693 -0.04987875 0
v  693.5 0.05012125 0
v  693.5 -0.04987875 0
f -1 -2 -4 -3
v  694 0.05012125 0
v  694 -0.04987875 0
v  694.5 0.05012125 0
v  694.5 -0.04987875 0
f -1 -2 -4 -3
v  695 0.05012125 0
v  695 -0.04987875 0
v  695.5 0.05012125 0
v  695.5 -0.04987875 0
f -1 -2 -4 -3
v  696 0.05012125 0
v  696 -0.04987875 0
v  696.5 0.05012125 0
v  696.5 -0.04987875 0
f -1 -2 -4 -3
v  697 0.05012125 0
v  697 -0.04987875 0
v  697.5 0.05012125 0
v  697.5 -0.04987875 0
f -1 -2 -4 -3
v  698 0.05012125 0
v  698 -0.04987875 0
v  698.5 0.05012125 0
v  698.5 -0.04987875 0
f -1 -2 -4 -3
v  699 0.05012125 0
v  699 -0.04987875 0
v  699.5 0.05012125 0
v  699.5 -0.04987875 0
f -1 -2 -4 -3
v  700 0.05012125 0
v  700 -0.04987875 0
v  700.5 0.05012125 0
v  700.5 -0.04987875 0
f -1 -2 -4 -3
v  701 0.05012125 0
v  701 -0.04987875 0
v  701.5 0.05012125 0
v  701.5 -0.04987875 0
f -1 -2 -4 -3
v  702 0.05012125 0
v  702 -0.04987875 0
v  702.5 0.05012125 0
v  702.5 -0.04987875 0
f -1 -2 -4 -3
v  703 0.05012125 0
v  703 -0.04987875 0
v  703.5 0.05012125 0
v  703.5 -0.04987875 0
f -1 -2 -4 -3
v  704 0.05012125 0
v  704 -0.04987875 0
v  704.5 0.05012125 0
v  704.5 -0.04987875 0
f -1 -2 -4 -3
v  705 0.05012125 0
v  705 -0.04987875 0
v  705.5 0.05012125 0
v  705.5 -0.04987875 0
f -1 -2 -4 -3
v  706 0.05012125 0
v  706 -0.04987875 0
v  706.5 0.05012125 0
v  706.5 -0.04987875 0
f -1 -2 -4 -3
v  707 0.05012125 0
v  707 -0.04987875 0
v  707.5 0.05012125 0
v  707.5 -0.04987875 0
f -1 -2 -4 -3
v  708 0.05012125 0
v  708 -0.04987875 0
v  708.5 0.05012125 0
v  708.5 -0.04987875 0
f -1 -2 -4 -3
v  709 0.05012125 0
v  709 -0.04987875 0
v  709.5 0.05012125 0
v  709.5 -0.04987875 0
f -1 -2 -4 -3
v  710 0.05012125 0
v  710 -0.04987875 0
v  710.5 0.05012125 0
v  710.5 -0.04987875 0
f -1 -2 -4 -3
v  711 0.05012125 0
v  711 -0.04987875 0
v  711.5 0.05012125 0
v  711.5 -0.04987875 0
f -1 -2 -4 -3
v  712 0.05012125 0
v  712 -0.04987875 0
v  712.5 0.05012125 0
v  712.5 -0.04987875 0
f -1 -2 -4 -3
v  713 0.05012125 0
v  713 -0.04987875 0
v  713.5 0.05012125 0
v  713.5 -0.04987875 0
f -1 -2 -4 -3
v  714 0.05012125 0
v  714 -0.04987875 0
v  714.5 0.05012125 0
v  714.5 -0.04987875 0
f -1 -2 -4 -3
v  715 0.05012125 0
v  715 -0.04987875 0
v  715.5 0.05012125 0
v  715.5 -0.04987875 0
f -1 -2 -4 -3
v  716 0.05012125 0
v  716 -0.04987875 0
v  716.5 0.05012125 0
v  716.5 -0.04987875 0
f -1 -2 -4 -3
v  717 0.05012125 0
v  717 -0.04987875 0
v  717.5 0.05012125 0
v  717.5 -0.04987875 0
f -1 -2 -4 -3
v  718 0.05012125 0
v  718 -0.04987875 0
v  718.5 0.05012125 0
v  718.5 -0.04987875 0
f -1 -2 -4 -3
v  719 0.05012125 0
v  719 -0.04987875 0
v  719.5 0.05012125 0
v  719.5 -0.04987875 0
f -1 -2 -4 -3
v  720 0.05012125 0
v  720 -0.04987875 0
v  720.5 0.05012125 0
v  720.5 -0.04987875 0
f -1 -2 -4 -3
v  721 0.05012125 0
v  721 -0.04987875 0
v  721.5 0.05012125 0
v  721.5 -0.04987875 0
f -1 -2 -4 -3
v  722 0.05012125 0
v  722 -0.04987875 0
v  722.5 0.05012125 0
v  722.5 -0.04987875 0
f -1 -2 -4 -3
v  723 0.05012125 0
v  723 -0.04987875 0
v  723.5 0.05012125 0
v  723.5 -0.04987875 0
f -1 -2 -4 -3
v  724 0.05012125 0
v  724 -0.04987875 0
v  724.5 0.05012125 0
v  724.5 -0.04987875 0
f -1 -2 -4 -3
v  725 0.05012125 0
v  725 -0.04987875 0
v  725.5 0.05012125 0
v  725.5 -0.04987875 0
f -1 -2 -4 -3
v  726 0.05012125 0
v  726 -0.04987875 0
v  726.5 0.05012125 0
v  726.5 -0.04987875 0
f -1 -2 -4 -3
v  727 0.05012125 0
v  727 -0.04987875 0
v  727.5 0.05012125 0
v  727.5 -0.04987875 0
f -1 -2 -4 -3
v  728 0.05012125 0
v  728 -0.04987875 0
v  728.5 0.05012125 0
v  728.5 -0.04987875 0
f -1 -2 -4 -3
v  729 0.05012125 0
v  729 -0.04987875 0
v  729.5 0.05012125 0
v  729.5 -0.04987875 0
f -1 -2 -4 -3
v  730 0.05012125 0
v  730 -0.04987875 0
v  730.5 0.05012125 0
v  730.5 -0.04987875 0
f -1 -2 -4 -3
v  731 0.05012125 0
v  731 -0.04987875 0
v  731.5 0.05012125 0
v  731.5 -0.04987875 0
f -1 -2 -4 -3
v  732 0.05012125 0
v  732 -0.04987875 0
v  732.5 0.05012125 0
v  732.5 -0.04987875 0
f -1 -2 -4 -3
v  733 0.05012125 0
v  733 -0.04987875 0
v  733.5 0.05012125 0
v  733.5 -0.04987875 0
f -1 -2 -4 -3
v  734 0.05012125 0
v  734 -0.04987875 0
v  734.5 0.05012125 0
v  734.5 -0.04987875 0
f -1 -2 -4 -3
v  735 0.05012125 0
v  735 -0.04987875 0
v  735.5 0.05012125 0
v  735.5 -0.04987875 0
f -1 -2 -4 -3
v  736 0.05012125 0
v  736 -0.04987875 0
v  736.5 0.05012125 0
v  736.5 -0.04987875 0
f -1 -2 -4 -3
v  737 0.05012125 0
v  737 -0.04987875 0
v  737.5 0.05012125 0
v  737.5 -0.04987875 0
f -1 -2 -4 -3
v  738 0.05012125 0
v  738 -0.04987875 0
v  738.5 0.05012125 0
v  738.5 -0.04987875 0
f -1 -2 -4 -3
v  739 0.05012125 0
v  739 -0.04987875 0
v  739.5 0.05012125 0
v  739.5 -0.04987875 0
f -1 -2 -4 -3
v  740 0.05012125 0
v  740 -0.04987875 0
v  740.5 0.05012125 0
v  740.5 -0.04987875 0
f -1 -2 -4 -3
v  741 0.05012125 0
v  741 -0.04987875 0
v  741.5 0.05012125 0
v  741.5 -0.04987875 0
f -1 -2 -4 -3
v  742 0.05012125 0
v  742 -0.04987875 0
v  742.5 0.05012125 0
v  742.5 -0.04987875 0
f -1 -2 -4 -3
v  743 0.05012125 0
v  743 -0.04987875 0
v  743.5 0.05012125 0
v  743.5 -0.04987875 0
f -1 -2 -4 -3
v  744 0.05012125 0
v  744 -0.04987875 0
v  744.5 0.05012125 0
v  744.5 -0.04987875 0
f -1 -2 -4 -3
v  745 0.05012125 0
v  745 -0.04987875 0
v  745.5 0.05012125 0
v  745.5 -0.04987875 0
f -1 -2 -4 -3
v  746 0.05012125 0
v  746 -0.04987875 0
v  746.5 0.05012125 0
v  746.5 -0.04987875 0
f -1 -2 -4 -3
v  747 0.05012125 0
v  747 -0.04987875 0
v  747.5 0.05012125 0
v  747.5 -0.04987875 0
f -1 -2 -4 -3
v  748 0.05012125 0
v  748 -0.04987875 0
v  748.5 0.05012125 0
v  748.5 -0.04987875 0
f -1 -2 -4 -3
v  749 0.05012125 0
v  749 -0.04987875 0
v  749.5 0.05012125 0
v  749.5 -0.04987875 0
f -1 -2 -4 -3
v  750 0.05012125 0
v  750 -0.04987875 0
v  750.5 0.05012125 0
v  750.5 -0.04987875 0
f -1 -2 -4 -3
v  751 0.05012125 0
v  751 -0.04987875 0
v  751.5 0.05012125 0
v  751.5 -0.04987875 0
f -1 -2 -4 -3
v  752 0.05012125 0
v  752 -0.04987875 0
v  752.5 0.05012125 0
v  752.5 -0.04987875 0
f -1 -2 -4 -3
v  753 0.05012125 0
v  753 -0.04987875 0
v  753.5 0.05012125 0
v  753.5 -0.04987875 0
f -1 -2 -4 -3
v  754 0.05012125 0
v  754 -0.04987875 0
v  754.5 0.05012125 0
v  754.5 -0.04987875 0
f -1 -2 -4 -3
v  755 0.05012125 0
v  755 -0.04987875 0
v  755.5 0.05012125 0
v  755.5 -0.04987875 0
f -1 -2 -4 -3
v  756 0.05012125 0
v  756 -0.04987875 0
v  756.5 0.05012125 0
v  756.5 -0.04987875 0
f -1 -2 -4 -3
v  757 0.05012125 0
v  757 -0.04987875 0
v  757.5 0.05012125 0
v  757.5 -0.04987875 0
f -1 -2 -4 -3
v  758 0.05012125 0
v  758 -0.04987875 0
v  758.5 0.05012125 0
v  758.5 -0.04987875 0
f -1 -2 -4 -3
v  759 0.05012125 0
v  759 -0.04987875 0
v  759.5 0.05012125 0
v  759.5 -0.04987875 0
f -1 -2 -4 -3
v  760 0.05012125 0
v  760 -0.04987875 0
v  760.5 0.05012125 0
v  760.5 -0.04987875 0
f -1 -2 -4 -3
v  761 0.05012125 0
v  761 -0.04987875 0
v  761.5 0.05012125 0
v  761.5 -0.04987875 0
f -1 -2 -4 -3
v  762 0.05012125 0
v  762 -0.04987875 0
v  762.5 0.05012125 0
v  762.5 -0.04987875 0
f -1 -2 -4 -3
v  763 0.05012125 0
v  763 -0.04987875 0
v  763.5 0.05012125 0
v  763.5 -0.04987875 0
f -1 -2 -4 -3
v  764 0.05012125 0
v  764 -0.04987875 0
v  764.5 0.05012125 0
v  764.5 -0.04987875 0
f -1 -2 -4 -3
v  765 0.05012125 0
v  765 -0.04987875 0
v  765.5 0.05012125 0
v  765.5 -0.04987875 0
f -1 -2 -4 -3
v  766 0.05012125 0
v  766 -0.04987875 0
v  766.5 0.05012125 0
v  766.5 -0.04987875 0
f -1 -2 -4 -3
v  767 0.05012125 0
v  767 -0.04987875 0
v  767.5 0.05012125 0
v  767.5 -0.04987875 0
f -1 -2 -4 -3
v  768 0.05012125 0
v  768 -0.04987875 0
v  768.5 0.05012125 0
v  768.5 -0.04987875 0
f -1 -2 -4 -3
v  769 0.05012125 0
v  769 -0.04987875 0
v  769.5 0.05012125 0
v  769.5 -0.04987875 0
f -1 -2 -4 -3
v  770 0.05012125 0
v  770 -0.04987875 0
v  770.5 0.05012125 0
v  770.5 -0.04987875 0
f -1 -2 -4 -3
v  771 0.05012125 0
v  771 -0.04987875 0
v  771.5 0.05012125 0
v  771.5 -0.04987875 0
f -1 -2 -4 -3
v  772 0.05012125 0
v  772 -0.04987875 0
v  772.5 0.05012125 0
v  772.5 -0.04987875 0
f -1 -2 -4 -3
v  773 0.05012125 0
v  773 -0.04987875 0
v  773.5 0.05012125 0
v  773.5 -0.04987875 0
f -1 -2 -4 -3
v  774 0.05012125 0
v  774 -0.04987875 0
v  774.5 0.05012125 0
v  774.5 -0.04987875 0
f -1 -2 -4 -3
v  775 0.05012125 0
v  775 -0.04987875 0
v  775.5 0.05012125 0
v  775.5 -0.04987875 0
f -1 -2 -4 -3
v  776 0.05012125 0
v  776 -0.04987875 0
v  776.5 0.05012125 0
v  776.5 -0.04987875 0
f -1 -2 -4 -3
v  777 0.05012125 0
v  777 -0.04987875 0
v  777.5 0.05012125 0
v  777.5 -0.04987875 0
f -1 -2 -4 -3
v  778 0.05012125 0
v  778 -0.04987875 0
v  778.5 0.05012125 0
v  778.5 -0.04987875 0
f -1 -2 -4 -3
v  779 0.05012125 0
v  779 -0.04987875 0
v  779.5 0.05012125 0
v  779.5 -0.04987875 0
f -1 -2 -4 -3
v  780 0.05012125 0
v  780 -0.04987875 0
v  780.5 0.05012125 0
v  780.5 -0.04987875 0
f -1 -2 -4 -3
v  781 0.05012125 0
v  781 -0.04987875 0
v  781.5 0.05012125 0
v  781.5 -0.04987875 0
f -1 -2 -4 -3
v  782 0.05012125 0
v  782 -0.04987875 0
v  782.5 0.05012125 0
v  782.5 -0.04987875 0
f -1 -2 -4 -3
v  783 0.05012125 0
v  783 -0.04987875 0
v  783.5 0.05012125 0
v  783.5 -0.04987875 0
f -1 -2 -4 -3
v  784 0.05012125 0
v  784 -0.04987875 0
v  784.5 0.05012125 0
v  784.5 -0.04987875 0
f -1 -2 -4 -3
v  785 0.05012125 0
v  785 -0.04987875 0
v  785.5 0.05012125 0
v  785.5 -0.04987875 0
f -1 -2 -4 -3
v  786 0.05012125 0
v  786 -0.04987875 0
v  786.5 0.05012125 0
v  786.5 -0.04987875 0
f -1 -2 -4 -3
v  787 0.05012125 0
v  787 -0.04987875 0
v  787.5 0.05012125 0
v  787.5 -0.04987875 0
f -1 -2 -4 -3
v  788 0.05012125 0
v  788 -0.04987875 0
v  788.5 0.05012125 0
v  788.5 -0.04987875 0
f -1 -2 -4 -3
v  789 0.05012125 0
v  789 -0.04987875 0
v  789.5 0.05012125 0
v  789.5 -0.04987875 0
f -1 -2 -4 -3
v  790 0.05012125 0
v  790 -0.04987875 0
v  790.5 0.05012125 0
v  790.5 -0.04987875 0
f -1 -2 -4 -3
v  791 0.05012125 0
v  791 -0.04987875 0
v  791.5 0.05012125 0
v  791.5 -0.04987875 0
f -1 -2 -4 -3
v  792 0.05012125 0
v  792 -0.04987875 0
v  792.5 0.05012125 0
v  792.5 -0.04987875 0
f -1 -2 -4 -3
v  793 0.05012125 0
v  793 -0.04987875 0
v  793.5 0.05012125 0
v  793.5 -0.04987875 0
f -1 -2 -4 -3
v  794 0.05012125 0
v  794 -0.04987875 0
v  794.5 0.05012125 0
v  794.5 -0.04987875 0
f -1 -2 -4 -3
v  795 0.05012125 0
v  795 -0.04987875 0
v  795.5 0.05012125 0
v  795.5 -0.04987875 0
f -1 -2 -4 -3
v  796 0.05012125 0
v  796 -0.04987875 0
v  796.5 0.05012125 0
v  796.5 -0.04987875 0
f -1 -2 -4 -3
v  797 0.05012125 0
v  797 -0.04987875 0
v  797.5 0.05012125 0
v  797.5 -0.04987875 0
f -1 -2 -4 -3
v  798 0.05012125 0
v  798 -0.04987875 0
v  798.5 0.05012125 0
v  798.5 -0.04987875 0
f -1 -2 -4 -3
v  799 0.05012125 0
v  799 -0.04987875 0
v  799.5 0.05012125 0
v  799.5 -0.04987875 0
f -1 -2 -4 -3
v  800 0.05012125 0
v  800 -0.04987875 0
v  800.5 0.05012125 0
v  800.5 -0.04987875 0
f -1 -2 -4 -3
v  801 0.05012125 0
v  801 -0.04987875 0
v  801.5 0.05012125 0
v  801.5 -0.04987875 0
f -1 -2 -4 -3
v  802 0.05012125 0
v  802 -0.04987875 0
v  802.5 0.05012125 0
v  802.5 -0.04987875 0
f -1 -2 -4 -3
v  803 0.05012125 0
v  803 -0.04987875 0
v  803.5 0.05012125 0
v  803.5 -0.04987875 0
f -1 -2 -4 -3
v  804 0.05012125 0
v  804 -0.04987875 0
v  804.5 0.05012125 0
v  804.5 -0.04987875 0
f -1 -2 -4 -3
v  805 0.05012125 0
v  805 -0.04987875 0
v  805.5 0.05012125 0
v  805.5 -0.04987875 0
f -1 -2 -4 -3
v  806 0.05012125 0
v  806 -0.04987875 0
v  806.5 0.05012125 0
v  806.5 -0.04987875 0
f -1 -2 -4 -3
v  807 0.05012125 0
v  807 -0.04987875 0
v  807.5 0.05012125 0
v  807.5 -0.04987875 0
f -1 -2 -4 -3
v  808 0.05012125 0
v  808 -0.04987875 0
v  808.5 0.05012125 0
v  808.5 -0.04987875 0
f -1 -2 -4 -3
v  809 0.05012125 0
v  809 -0.04987875 0
v  809.5 0.05012125 0
v  809.5 -0.04987875 0
f -1 -2 -4 -3
v  810 0.05012125 0
v  810 -0.04987875 0
v  810.5 0.05012125 0
v  810.5 -0.04987875 0
f -1 -2 -4 -3
v  811 0.05012125 0
v  811 -0.04987875 0
v  811.5 0.05012125 0
v  811.5 -0.04987875 0
f -1 -2 -4 -3
v  812 0.05012125 0
v  812 -0.04987875 0
v  812.5 0.05012125 0
v  812.5 -0.04987875 0
f -1 -2 -4 -3
v  813 0.05012125 0
v  813 -0.04987875 0
v  813.5 0.05012125 0
v  813.5 -0.04987875 0
f -1 -2 -4 -3
v  814 0.05012125 0
v  814 -0.04987875 0
v  814.5 0.05012125 0
v  814.5 -0.04987875 0
f -1 -2 -4 -3
v  815 0.05012125 0
v  815 -0.04987875 0
v  815.5 0.05012125 0
v  815.5 -0.04987875 0
f -1 -2 -4 -3
v  816 0.05012125 0
v  816 -0.04987875 0
v  816.5 0.05012125 0
v  816.5 -0.04987875 0
f -1 -2 -4 -3
v  817 0.05012125 0
v  817 -0.04987875 0
v  817.5 0.05012125 0
v  817.5 -0.04987875 0
f -1 -2 -4 -3
v  818 0.05012125 0
v  818 -0.04987875 0
v  818.5 0.05012125 0
v  818.5 -0.04987875 0
f -1 -2 -4 -3
v  819 0.05012125 0
v  819 -0.04987875 0
v  819.5 0.05012125 0
v  819.5 -0.04987875 0
f -1 -2 -4 -3
v  820 0.05012125 0
v  820 -0.04987875 0
v  820.5 0.05012125 0
v  820.5 -0.04987875 0
f -1 -2 -4 -3
v  821 0.05012125 0
v  821 -0.04987875 0
v  821.5 0.05012125 0
v  821.5 -0.04987875 0
f -1 -2 -4 -3
v  822 0.05012125 0
v  822 -0.04987875 0
v  822.5 0.05012125 0
v  822.5 -0.04987875 0
f -1 -2 -4 -3
v  823 0.05012125 0
v  823 -0.04987875 0
v  823.5 0.05012125 0
v  823.5 -0.04987875 0
f -1 -2 -4 -3
v  824 0.05012125 0
v  824 -0.04987875 0
v  824.5 0.05012125 0
v  824.5 -0.04987875 0
f -1 -2 -4 -3
v  825 0.05012125 0
v  825 -0.04987875 0
v  825.5 0.05012125 0
v  825.5 -0.04987875 0
f -1 -2 -4 -3
v  826 0.05012125 0
v  826 -0.04987875 0
v  826.5 0.05012125 0
v  826.5 -0.04987875 0
f -1 -2 -4 -3
v  827 0.05012125 0
v  827 -0.04987875 0
v  827.5 0.05012125 0
v  827.5 -0.04987875 0
f -1 -2 -4 -3
v  828 0.05012125 0
v  828 -0.04987875 0
v  828.5 0.05012125 0
v  828.5 -0.04987875 0
f -1 -2 -4 -3
v  829 0.05012125 0
v  829 -0.04987875 0
v  829.5 0.05012125 0
v  829.5 -0.04987875 0
f -1 -2 -4 -3
v  830 0.05012125 0
v  830 -0.04987875 0
v  830.5 0.05012125 0
v  830.5 -0.04987875 0
f -1 -2 -4 -3
v  831 0.05012125 0
v  831 -0.04987875 0
v  831.5 0.05012125 0
v  831.5 -0.04987875 0
f -1 -2 -4 -3
v  832 0.05012125 0
v  832 -0.04987875 0
v  832.5 0.05012125 0
v  832.5 -0.04987875 0
f -1 -2 -4 -3
v  833 0.05012125 0
v  833 -0.04987875 0
v  833.5 0.05012125 0
v  833.5 -0.04987875 0
f -1 -2 -4 -3
v  834 0.05012125 0
v  834 -0.04987875 0
v  834.5 0.05012125 0
v  834.5 -0.04987875 0
f -1 -2 -4 -3
v  835 0.05012125 0
v  835 -0.04987875 0
v  835.5 0.05012125 0
v  835.5 -0.04987875 0
f -1 -2 -4 -3
v  836 0.05012125 0
v  836 -0.04987875 0
v  836.5 0.05012125 0
v  836.5 -0.04987875 0
f -1 -2 -4 -3
v  837 0.05012125 0
v  837 -0.04987875 0
v  837.5 0.05012125 0
v  837.5 -0.04987875 0
f -1 -2 -4 -3
v  838 0.05012125 0
v  838 -0.04987875 0
v  838.5 0.05012125 0
v  838.5 -0.04987875 0
f -1 -2 -4 -3
v  839 0.05012125 0
v  839 -0.04987875 0
v  839.5 0.05012125 0
v  839.5 -0.04987875 0
f -1 -2 -4 -3
v  840 0.05012125 0
v  840 -0.04987875 0
v  840.5 0.05012125 0
v  840.5 -0.04987875 0
f -1 -2 -4 -3
v  841 0.05012125 0
v  841 -0.04987875 0
v  841.5 0.05012125 0
v  841.5 -0.04987875 0
f -1 -2 -4 -3
v  842 0.05012125 0
v  842 -0.04987875 0
v  842.5 0.05012125 0
v  842.5 -0.04987875 0
f -1 -2 -4 -3
v  843 0.05012125 0
v  843 -0.04987875 0
v  843.5 0.05012125 0
v  843.5 -0.04987875 0
f -1 -2 -4 -3
v  844 0.05012125 0
v  844 -0.04987875 0
v  844.5 0.05012125 0
v  844.5 -0.04987875 0
f -1 -2 -4 -3
v  845 0.05012125 0
v  845 -0.04987875 0
v  845.5 0.05012125 0
v  845.5 -0.04987875 0
f -1 -2 -4 -3
v  846 0.05012125 0
v  846 -0.04987875 0
v  846.5 0.05012125 0
v  846.5 -0.04987875 0
f -1 -2 -4 -3
v  847 0.05012125 0
v  847 -0.04987875 0
v  847.5 0.05012125 0
v  847.5 -0.04987875 0
f -1 -2 -4 -3
v  848 0.05012125 0
v  848 -0.04987875 0
v  848.5 0.05012125 0
v  848.5 -0.04987875 0
f -1 -2 -4 -3
v  849 0.05012125 0
v  849 -0.04987875 0
v  849.5 0.05012125 0
v  849.5 -0.04987875 0
f -1 -2 -4 -3
v  850 0.05012125 0
v  850 -0.04987875 0
v  850.5 0.05012125 0
v  850.5 -0.04987875 0
f -1 -2 -4 -3
v  851 0.05012125 0
v  851 -0.04987875 0
v  851.5 0.05012125 0
v  851.5 -0.04987875 0
f -1 -2 -4 -3
v  852 0.05012125 0
v  852 -0.04987875 0
v  852.5 0.05012125 0
v  852.5 -0.04987875 0
f -1 -2 -4 -3
v  853 0.05012125 0
v  853 -0.04987875 0
v  853.5 0.05012125 0
v  853.5 -0.04987875 0
f -1 -2 -4 -3
v  854 0.05012125 0
v  854 -0.04987875 0
v  854.5 0.05012125 0
v  854.5 -0.04987875 0
f -1 -2 -4 -3
v  855 0.05012125 0
v  855 -0.04987875 0
v  855.5 0.05012125 0
v  855.5 -0.04987875 0
f -1 -2 -4 -3
v  856 0.05012125 0
v  856 -0.04987875 0
v  856.5 0.05012125 0
v  856.5 -0.04987875 0
f -1 -2 -4 -3
v  857 0.05012125 0
v  857 -0.04987875 0
v  857.5 0.05012125 0
v  857.5 -0.04987875 0
f -1 -2 -4 -3
v  858 0.05012125 0
v  858 -0.04987875 0
v  858.5 0.05012125 0
v  858.5 -0.04987875 0
f -1 -2 -4 -3
v  859 0.05012125 0
v  859 -0.04987875 0
v  859.5 0.05012125 0
v  859.5 -0.04987875 0
f -1 -2 -4 -3
v  860 0.05012125 0
v  860 -0.04987875 0
v  860.5 0.05012125 0
v  860.5 -0.04987875 0
f -1 -2 -4 -3
v  861 0.05012125 0
v  861 -0.04987875 0
v  861.5 0.05012125 0
v  861.5 -0.04987875 0
f -1 -2 -4 -3
v  862 0.05012125 0
v  862 -0.04987875 0
v  862.5 0.05012125 0
v  862.5 -0.04987875 0
f -1 -2 -4 -3
v  863 0.05012125 0
v  863 -0.04987875 0
v  863.5 0.05012125 0
v  863.5 -0.04987875 0
f -1 -2 -4 -3
v  864 0.05012125 0
v  864 -0.04987875 0
v  864.5 0.05012125 0
v  864.5 -0.04987875 0
f -1 -2 -4 -3
v  865 0.05012125 0
v  865 -0.04987875 0
v  865.5 0.05012125 0
v  865.5 -0.04987875 0
f -1 -2 -4 -3
v  866 0.05012125 0
v  866 -0.04987875 0
v  866.5 0.05012125 0
v  866.5 -0.04987875 0
f -1 -2 -4 -3
v  867 0.05012125 0
v  867 -0.04987875 0
v  867.5 0.05012125 0
v  867.5 -0.04987875 0
f -1 -2 -4 -3
v  868 0.05012125 0
v  868 -0.04987875 0
v  868.5 0.05012125 0
v  868.5 -0.04987875 0
f -1 -2 -4 -3
v  869 0.05012125 0
v  869 -0.04987875 0
v  869.5 0.05012125 0
v  869.5 -0.04987875 0
f -1 -2 -4 -3
v  870 0.05012125 0
v  870 -0.04987875 0
v  870.5 0.05012125 0
v  870.5 -0.04987875 0
f -1 -2 -4 -3
v  871 0.05012125 0
v  871 -0.04987875 0
v  871.5 0.05012125 0
v  871.5 -0.04987875 0
f -1 -2 -4 -3
v  872 0.05012125 0
v  872 -0.04987875 0
v  872.5 0.05012125 0
v  872.5 -0.04987875 0
f -1 -2 -4 -3
v  873 0.05012125 0
v  873 -0.04987875 0
v  873.5 0.05012125 0
v  873.5 -0.04987875 0
f -1 -2 -4 -3
v  874 0.05012125 0
v  874 -0.04987875 0
v  874.5 0.05012125 0
v  874.5 -0.04987875 0
f -1 -2 -4 -3
v  875 0.05012125 0
v  875 -0.04987875 0
v  875.5 0.05012125 0
v  875.5 -0.04987875 0
f -1 -2 -4 -3
v  876 0.05012125 0
v  876 -0.04987875 0
v  876.5 0.05012125 0
v  876.5 -0.04987875 0
f -1 -2 -4 -3
v  877 0.05012125 0
v  877 -0.04987875 0
v  877.5 0.05012125 0
v  877.5 -0.04987875 0
f -1 -2 -4 -3
v  878 0.05012125 0
v  878 -0.04987875 0
v  878.5 0.05012125 0
v  878.5 -0.04987875 0
f -1 -2 -4 -3
v  879 0.05012125 0
v  879 -0.04987875 0
v  879.5 0.05012125 0
v  879.5 -0.04987875 0
f -1 -2 -4 -3
v  880 0.05012125 0
v  880 -0.04987875 0
v  880.5 0.05012125 0
v  880.5 -0.04987875 0
f -1 -2 -4 -3
v  881 0.05012125 0
v  881 -0.04987875 0
v  881.5 0.05012125 0
v  881.5 -0.04987875 0
f -1 -2 -4 -3
v  882 0.05012125 0
v  882 -0.04987875 0
v  882.5 0.05012125 0
v  882.5 -0.04987875 0
f -1 -2 -4 -3
v  883 0.05012125 0
v  883 -0.04987875 0
v  883.5 0.05012125 0
v  883.5 -0.04987875 0
f -1 -2 -4 -3
v  884 0.05012125 0
v  884 -0.04987875 0
v  884.5 0.05012125 0
v  884.5 -0.04987875 0
f -1 -2 -4 -3
v  885 0.05012125 0
v  885 -0.04987875 0
v  885.5 0.05012125 0
v  885.5 -0.04987875 0
f -1 -2 -4 -3
v  886 0.05012125 0
v  886 -0.04987875 0
v  886.5 0.05012125 0
v  886.5 -0.04987875 0
f -1 -2 -4 -3
v  887 0.05012125 0
v  887 -0.04987875 0
v  887.5 0.05012125 0
v  887.5 -0.04987875 0
f -1 -2 -4 -3
v  888 0.05012125 0
v  888 -0.04987875 0
v  888.5 0.05012125 0
v  888.5 -0.04987875 0
f -1 -2 -4 -3
v  889 0.05012125 0
v  889 -0.04987875 0
v  889.5 0.05012125 0
v  889.5 -0.04987875 0
f -1 -2 -4 -3
v  890 0.05012125 0
v  890 -0.04987875 0
v  890.5 0.05012125 0
v  890.5 -0.04987875 0
f -1 -2 -4 -3
v  891 0.05012125 0
v  891 -0.04987875 0
v  891.5 0.05012125 0
v  891.5 -0.04987875 0
f -1 -2 -4 -3
v  892 0.05012125 0
v  892 -0.04987875 0
v  892.5 0.05012125 0
v  892.5 -0.04987875 0
f -1 -2 -4 -3
v  893 0.05012125 0
v  893 -0.04987875 0
v  893.5 0.05012125 0
v  893.5 -0.04987875 0
f -1 -2 -4 -3
v  894 0.05012125 0
v  894 -0.04987875 0
v  894.5 0.05012125 0
v  894.5 -0.04987875 0
f -1 -2 -4 -3
v  895 0.05012125 0
v  895 -0.04987875 0
v  895.5 0.05012125 0
v  895.5 -0.04987875 0
f -1 -2 -4 -3
v  896 0.05012125 0
v  896 -0.04987875 0
v  896.5 0.05012125 0
v  896.5 -0.04987875 0
f -1 -2 -4 -3
v  897 0.05012125 0
v  897 -0.04987875 0
v  897.5 0.05012125 0
v  897.5 -0.04987875 0
f -1 -2 -4 -3
v  898 0.05012125 0
v  898 -0.04987875 0
v  898.5 0.05012125 0
v  898.5 -0.04987875 0
f -1 -2 -4 -3
v  899 0.05012125 0
v  899 -0.04987875 0
v  899.5 0.05012125 0
v  899.5 -0.04987875 0
f -1 -2 -4 -3
v  900 0.05012125 0
v  900 -0.04987875 0
v  900.5 0.05012125 0
v  900.5 -0.04987875 0
f -1 -2 -4 -3
v  901 0.05012125 0
v  901 -0.04987875 0
v  901.5 0.05012125 0
v  901.5 -0.04987875 0
f -1 -2 -4 -3
v  902 0.05012125 0
v  902 -0.04987875 0
v  902.5 0.05012125 0
v  902.5 -0.04987875 0
f -1 -2 -4 -3
v  903 0.05012125 0
v  903 -0.04987875 0
v  903.5 0.05012125 0
v  903.5 -0.04987875 0
f -1 -2 -4 -3
v  904 0.05012125 0
v  904 -0.04987875 0
v  904.5 0.05012125 0
v  904.5 -0.04987875 0
f -1 -2 -4 -3
v  905 0.05012125 0
v  905 -0.04987875 0
v  905.5 0.05012125 0
v  905.5 -0.04987875 0
f -1 -2 -4 -3
v  906 0.05012125 0
v  906 -0.04987875 0
v  906.5 0.05012125 0
v  906.5 -0.04987875 0
f -1 -2 -4 -3
v  907 0.05012125 0
v  907 -0.04987875 0
v  907.5 0.05012125 0
v  907.5 -0.04987875 0
f -1 -2 -4 -3
v  908 0.05012125 0
v  908 -0.04987875 0
v  908.5 0.05012125 0
v  908.5 -0.04987875 0
f -1 -2 -4 -3
v  909 0.05012125 0
v  909 -0.04987875 0
v  909.5 0.05012125 0
v  909.5 -0.04987875 0
f -1 -2 -4 -3
v  910 0.05012125 0
v  910 -0.04987875 0
v  910.5 0.05012125 0
v  910.5 -0.04987875 0
f -1 -2 -4 -3
v  911 0.05012125 0
v  911 -0.04987875 0
v  911.5 0.05012125 0
v  911.5 -0.04987875 0
f -1 -2 -4 -3
v  912 0.05012125 0
v  912 -0.04987875 0
v  912.5 0.05012125 0
v  912.5 -0.04987875 0
f -1 -2 -4 -3
v  913 0.05012125 0
v  913 -0.04987875 0
v  913.5 0.05012125 0
v  913.5 -0.04987875 0
f -1 -2 -4 -3
v  914 0.05012125 0
v  914 -0.04987875 0
v  914.5 0.05012125 0
v  914.5 -0.04987875 0
f -1 -2 -4 -3
v  915 0.05012125 0
v  915 -0.04987875 0
v  915.5 0.05012125 0
v  915.5 -0.04987875 0
f -1 -2 -4 -3
v  916 0.05012125 0
v  916 -0.04987875 0
v  916.5 0.05012125 0
v  916.5 -0.04987875 0
f -1 -2 -4 -3
v  917 0.05012125 0
v  917 -0.04987875 0
v  917.5 0.05012125 0
v  917.5 -0.04987875 0
f -1 -2 -4 -3
v  918 0.05012125 0
v  918 -0.04987875 0
v  918.5 0.05012125 0
v  918.5 -0.04987875 0
f -1 -2 -4 -3
v  919 0.05012125 0
v  919 -0.04987875 0
v  919.5 0.05012125 0
v  919.5 -0.04987875 0
f -1 -2 -4 -3
v  920 0.05012125 0
v  920 -0.04987875 0
v  920.5 0.05012125 0
v  920.5 -0.04987875 0
f -1 -2 -4 -3
v  921 0.05012125 0
v  921 -0.04987875 0
v  921.5 0.05012125 0
v  921.5 -0.04987875 0
f -1 -2 -4 -3
v  922 0.05012125 0
v  922 -0.04987875 0
v  922.5 0.05012125 0
v  922.5 -0.04987875 0
f -1 -2 -4 -3
v  923 0.05012125 0
v  923 -0.04987875 0
v  923.5 0.05012125 0
v  923.5 -0.04987875 0
f -1 -2 -4 -3
v  924 0.05012125 0
v  924 -0.04987875 0
v  924.5 0.05012125 0
v  924.5 -0.04987875 0
f -1 -2 -4 -3
v  925 0.05012125 0
v  925 -0.04987875 0
v  925.5 0.05012125 0
v  925.5 -0.04987875 0
f -1 -2 -4 -3
v  926 0.05012125 0
v  926 -0.04987875 0
v  926.5 0.05012125 0
v  926.5 -0.04987875 0
f -1 -2 -4 -3
v  927 0.05012125 0
v  927 -0.04987875 0
v  927.5 0.05012125 0
v  927.5 -0.04987875 0
f -1 -2 -4 -3
v  928 0.05012125 0
v  928 -0.04987875 0
v  928.5 0.05012125 0
v  928.5 -0.04987875 0
f -1 -2 -4 -3
v  929 0.05012125 0
v  929 -0.04987875 0
v  929.5 0.05012125 0
v  929.5 -0.04987875 0
f -1 -2 -4 -3
v  930 0.05012125 0
v  930 -0.04987875 0
v  930.5 0.05012125 0
v  930.5 -0.04987875 0
f -1 -2 -4 -3
v  931 0.05012125 0
v  931 -0.04987875 0
v  931.5 0.05012125 0
v  931.5 -0.04987875 0
f -1 -2 -4 -3
v  932 0.05012125 0
v  932 -0.04987875 0
v  932.5 0.05012125 0
v  932.5 -0.04987875 0
f -1 -2 -4 -3
v  933 0.05012125 0
v  933 -0.04987875 0
v  933.5 0.05012125 0
v  933.5 -0.04987875 0
f -1 -2 -4 -3
v  934 0.05012125 0
v  934 -0.04987875 0
v  934.5 0.05012125 0
v  934.5 -0.04987875 0
f -1 -2 -4 -3
v  935 0.05012125 0
v  935 -0.04987875 0
v  935.5 0.05012125 0
v  935.5 -0.04987875 0
f -1 -2 -4 -3
v  936 0.05012125 0
v  936 -0.04987875 0
v  936.5 0.05012125 0
v  936.5 -0.04987875 0
f -1 -2 -4 -3
v  937 0.05012125 0
v  937 -0.04987875 0
v  937.5 0.05012125 0
v  937.5 -0.04987875 0
f -1 -2 -4 -3
v  938 0.05012125 0
v  938 -0.04987875 0
v  938.5 0.05012125 0
v  938.5 -0.04987875 0
f -1 -2 -4 -3
v  939 0.05012125 0
v  939 -0.04987875 0
v  939.5 0.05012125 0
v  939.5 -0.04987875 0
f -1 -2 -4 -3
v  940 0.05012125 0
v  940 -0.04987875 0
v  940.5 0.05012125 0
v  940.5 -0.04987875 0
f -1 -2 -4 -3
v  941 0.05012125 0
v  941 -0.04987875 0
v  941.5 0.05012125 0
v  941.5 -0.04987875 0
f -1 -2 -4 -3
v  942 0.05012125 0
v  942 -0.04987875 0
v  942.5 0.05012125 0
v  942.5 -0.04987875 0
f -1 -2 -4 -3
v  943 0.05012125 0
v  943 -0.04987875 0
v  943.5 0.05012125 0
v  943.5 -0.04987875 0
f -1 -2 -4 -3
v  944 0.05012125 0
v  944 -0.04987875 0
v  944.5 0.05012125 0
v  944.5 -0.04987875 0
f -1 -2 -4 -3
v  945 0.05012125 0
v  945 -0.04987875 0
v  945.5 0.05012125 0
v  945.5 -0.04987875 0
f -1 -2 -4 -3
v  946 0.05012125 0
v  946 -0.04987875 0
v  946.5 0.05012125 0
v  946.5 -0.04987875 0
f -1 -2 -4 -3
v  947 0.05012125 0
v  947 -0.04987875 0
v  947.5 0.05012125 0
v  947.5 -0.04987875 0
f -1 -2 -4 -3
v  948 0.05012125 0
v  948 -0.04987875 0
v  948.5 0.05012125 0
v  948.5 -0.04987875 0
f -1 -2 -4 -3
v  949 0.05012125 0
v  949 -0.04987875 0
v  949.5 0.05012125 0
v  949.5 -0.04987875 0
f -1 -2 -4 -3
v  950 0.05012125 0
v  950 -0.04987875 0
v  950.5 0.05012125 0
v  950.5 -0.04987875 0
f -1 -2 -4 -3
v  951 0.05012125 0
v  951 -0.04987875 0
v  951.5 0.05012125 0
v  951.5 -0.04987875 0
f -1 -2 -4 -3
v  952 0.05012125 0
v  952 -0.04987875 0
v  952.5 0.05012125 0
v  952.5 -0.04987875 0
f -1 -2 -4 -3
v  953 0.05012125 0
v  953 -0.04987875 0
v  953.5 0.05012125 0
v  953.5 -0.04987875 0
f -1 -2 -4 -3
v  954 0.05012125 0
v  954 -0.04987875 0
v  954.5 0.05012125 0
v  954.5 -0.04987875 0
f -1 -2 -4 -3
v  955 0.05012125 0
v  955 -0.04987875 0
v  955.5 0.05012125 0
v  955.5 -0.04987875 0
f -1 -2 -4 -3
v  956 0.05012125 0
v  956 -0.04987875 0
v  956.5 0.05012125 0
v  956.5 -0.04987875 0
f -1 -2 -4 -3
v  957 0.05012125 0
v  957 -0.04987875 0
v  957.5 0.05012125 0
v  957.5 -0.04987875 0
f -1 -2 -4 -3
v  958 0.05012125 0
v  958 -0.04987875 0
v  958.5 0.05012125 0
v  958.5 -0.04987875 0
f -1 -2 -4 -3
v  959 0.05012125 0
v  959 -0.04987875 0
v  959.5 0.05012125 0
v  959.5 -0.04987875 0
f -1 -2 -4 -3
v  960 0.05012125 0
v  960 -0.04987875 0
v  960.5 0.05012125 0
v  960.5 -0.04987875 0
f -1 -2 -4 -3
v  961 0.05012125 0
v  961 -0.04987875 0
v  961.5 0.05012125 0
v  961.5 -0.04987875 0
f -1 -2 -4 -3
v  962 0.05012125 0
v  962 -0.04987875 0
v  962.5 0.05012125 0
v  962.5 -0.04987875 0
f -1 -2 -4 -3
v  963 0.05012125 0
v  963 -0.04987875 0
v  963.5 0.05012125 0
v  963.5 -0.04987875 0
f -1 -2 -4 -3
v  964 0.05012125 0
v  964 -0.04987875 0
v  964.5 0.05012125 0
v  964.5 -0.04987875 0
f -1 -2 -4 -3
v  965 0.05012125 0
v  965 -0.04987875 0
v  965.5 0.05012125 0
v  965.5 -0.04987875 0
f -1 -2 -4 -3
v  966 0.05012125 0
v  966 -0.04987875 0
v  966.5 0.05012125 0
v  966.5 -0.04987875 0
f -1 -2 -4 -3
v  967 0.05012125 0
v  967 -0.04987875 0
v  967.5 0.05012125 0
v  967.5 -0.04987875 0
f -1 -2 -4 -3
v  968 0.05012125 0
v  968 -0.04987875 0
v  968.5 0.05012125 0
v  968.5 -0.04987875 0
f -1 -2 -4 -3
v  969 0.05012125 0
v  969 -0.04987875 0
v  969.5 0.05012125 0
v  969.5 -0.04987875 0
f -1 -2 -4 -3
v  970 0.05012125 0
v  970 -0.04987875 0
v  970.5 0.05012125 0
v  970.5 -0.04987875 0
f -1 -2 -4 -3
v  971 0.05012125 0
v  971 -0.04987875 0
v  971.5 0.05012125 0
v  971.5 -0.04987875 0
f -1 -2 -4 -3
v  972 0.05012125 0
v  972 -0.04987875 0
v  972.5 0.05012125 0
v  972.5 -0.04987875 0
f -1 -2 -4 -3
v  973 0.05012125 0
v  973 -0.04987875 0
v  973.5 0.05012125 0
v  973.5 -0.04987875 0
f -1 -2 -4 -3
v  974 0.05012125 0
v  974 -0.04987875 0
v  974.5 0.05012125 0
v  974.5 -0.04987875 0
f -1 -2 -4 -3
v  975 0.05012125 0
v  975 -0.04987875 0
v  975.5 0.05012125 0
v  975.5 -0.04987875 0
f -1 -2 -4 -3
v  976 0.05012125 0
v  976 -0.04987875 0
v  976.5 0.05012125 0
v  976.5 -0.04987875 0
f -1 -2 -4 -3
v  977 0.05012125 0
v  977 -0.04987875 0
v  977.5 0.05012125 0
v  977.5 -0.04987875 0
f -1 -2 -4 -3
v  978 0.05012125 0
v  978 -0.04987875 0
v  978.5 0.05012125 0
v  978.5 -0.04987875 0
f -1 -2 -4 -3
v  979 0.05012125 0
v  979 -0.04987875 0
v  979.5 0.05012125 0
v  979.5 -0.04987875 0
f -1 -2 -4 -3
v  980 0.05012125 0
v  980 -0.04987875 0
v  980.5 0.05012125 0
v  980.5 -0.04987875 0
f -1 -2 -4 -3
v  981 0.05012125 0
v  981 -0.04987875 0
v  981.5 0.05012125 0
v  981.5 -0.04987875 0
f -1 -2 -4 -3
v  982 0.05012125 0
v  982 -0.04987875 0
v  982.5 0.05012125 0
v  982.5 -0.04987875 0
f -1 -2 -4 -3
v  983 0.05012125 0
v  983 -0.04987875 0
v  983.5 0.05012125 0
v  983.5 -0.04987875 0
f -1 -2 -4 -3
v  984 0.05012125 0
v  984 -0.04987875 0
v  984.5 0.05012125 0
v  984.5 -0.04987875 0
f -1 -2 -4 -3
v  985 0.05012125 0
v  985 -0.04987875 0
v  985.5 0.05012125 0
v  985.5 -0.04987875 0
f -1 -2 -4 -3
v  986 0.05012125 0
v  986 -0.04987875 0
v  986.5 0.05012125 0
v  986.5 -0.04987875 0
f -1 -2 -4 -3
v  987 0.05012125 0
v  987 -0.04987875 0
v  987.5 0.05012125 0
v  987.5 -0.04987875 0
f -1 -2 -4 -3
v  988 0.05012125 0
v  988 -0.04987875 0
v  988.5 0.05012125 0
v  988.5 -0.04987875 0
f -1 -2 -4 -3
v  989 0.05012125 0
v  989 -0.04987875 0
v  989.5 0.05012125 0
v  989.5 -0.04987875 0
f -1 -2 -4 -3
v  990 0.05012125 0
v  990 -0.04987875 0
v  990.5 0.05012125 0
v  990.5 -0.04987875 0
f -1 -2 -4 -3
v  991 0.05012125 0
v  991 -0.04987875 0
v  991.5 0.05012125 0
v  991.5 -0.04987875 0
f -1 -2 -4 -3
v  992 0.05012125 0
v  992 -0.04987875 0
v  992.5 0.05012125 0
v  992.5 -0.04987875 0
f -1 -2 -4 -3
v  993 0.05012125 0
v  993 -0.04987875 0
v  993.5 0.05012125 0
v  993.5 -0.04987875 0
f -1 -2 -4 -3
v  994 0.05012125 0
v  994 -0.04987875 0
v  994.5 0.05012125 0
v  994.5 -0.04987875 0
f -1 -2 -4 -3
v  995 0.05012125 0
v  995 -0.04987875 0
v  995.5 0.05012125 0
v  995.5 -0.04987875 0
f -1 -2 -4 -3
v  996 0.05012125 0
v  996 -0.04987875 0
v  996.5 0.05012125 0
v  996.5 -0.04987875 0
f -1 -2 -4 -3
v  997 0.05012125 0
v  997 -0.04987875 0
v  997.5 0.05012125 0
v  997.5 -0.04987875 0
f -1 -2 -4 -3
v  998 0.05012125 0
v  998 -0.04987875 0
v  998.5 0.05012125 0
v  998.5 -0.04987875 0
f -1 -2 -4 -3
v  999 0.05012125 0
v  999 -0.04987875 0
v  999.5 0.05012125 0
v  999.5 -0.04987875 0
f -1 -2 -4 -3
v  1000 0.05012125 0
v  1000 -0.04987875 0
v  1000.5 0.05012125 0
v  1000.5 -0.04987875 0
f -1 -2 -4 -3
v  1001 0.05012125 0
v  1001 -0.04987875 0
v  1001.5 0.05012125 0
v  1001.5 -0.04987875 0
f -1 -2 -4 -3
v  1002 0.05012125 0
v  1002 -0.04987875 0
v  1002.5 0.05012125 0
v  1002.5 -0.04987875 0
f -1 -2 -4 -3
v  1003 0.05012125 0
v  1003 -0.04987875 0
v  1003.5 0.05012125 0
v  1003.5 -0.04987875 0
f -1 -2 -4 -3
v  1004 0.05012125 0
v  1004 -0.04987875 0
v  1004.5 0.05012125 0
v  1004.5 -0.04987875 0
f -1 -2 -4 -3
v  1005 0.05012125 0
v  1005 -0.04987875 0
v  1005.5 0.05012125 0
v  1005.5 -0.04987875 0
f -1 -2 -4 -3
v  1006 0.05012125 0
v  1006 -0.04987875 0
v  1006.5 0.05012125 0
v  1006.5 -0.04987875 0
f -1 -2 -4 -3
v  1007 0.05012125 0
v  1007 -0.04987875 0
v  1007.5 0.05012125 0
v  1007.5 -0.04987875 0
f -1 -2 -4 -3
v  1008 0.05012125 0
v  1008 -0.04987875 0
v  1008.5 0.05012125 0
v  1008.5 -0.04987875 0
f -1 -2 -4 -3
v  1009 0.05012125 0
v  1009 -0.04987875 0
v  1009.5 0.05012125 0
v  1009.5 -0.04987875 0
f -1 -2 -4 -3
v  1010 0.05012125 0
v  1010 -0.04987875 0
v  1010.5 0.05012125 0
v  1010.5 -0.04987875 0
f -1 -2 -4 -3
v  1011 0.05012125 0
v  1011 -0.04987875 0
v  1011.5 0.05012125 0
v  1011.5 -0.04987875 0
f -1 -2 -4 -3
v  1012 0.05012125 0
v  1012 -0.04987875 0
v  1012.5 0.05012125 0
v  1012.5 -0.04987875 0
f -1 -2 -4 -3
v  1013 0.05012125 0
v  1013 -0.04987875 0
v  1013.5 0.05012125 0
v  1013.5 -0.04987875 0
f -1 -2 -4 -3
v  1014 0.05012125 0
v  1014 -0.04987875 0
v  1014.5 0.05012125 0
v  1014.5 -0.04987875 0
f -1 -2 -4 -3
v  1015 0.05012125 0
v  1015 -0.04987875 0
v  1015.5 0.05012125 0
v  1015.5 -0.04987875 0
f -1 -2 -4 -3
v  1016 0.05012125 0
v  1016 -0.04987875 0
v  1016.5 0.05012125 0
v  1016.5 -0.04987875 0
f -1 -2 -4 -3
v  1017 0.05012125 0
v  1017 -0.04987875 0
v  1017.5 0.05012125 0
v  1017.5 -0.04987875 0
f -1 -2 -4 -3
v  1018 0.05012125 0
v  1018 -0.04987875 0
v  1018.5 0.05012125 0
v  1018.5 -0.04987875 0
f -1 -2 -4 -3
v  1019 0.05012125 0
v  1019 -0.04987875 0
v  1019.5 0.05012125 0
v  1019.5 -0.04987875 0
f -1 -2 -4 -3
v  1020 0.05012125 0
v  1020 -0.04987875 0
v  1020.5 0.05012125 0
v  1020.5 -0.04987875 0
f -1 -2 -4 -3
v  1021 0.05012125 0
v  1021 -0.04987875 0
v  1021.5 0.05012125 0
v  1021.5 -0.04987875 0
f -1 -2 -4 -3
v  1022 0.05012125 0
v  1022 -0.04987875 0
v  1022.5 0.05012125 0
v  1022.5 -0.04987875 0
f -1 -2 -4 -3
v  1023 0.05012125 0
v  1023 -0.04987875 0
v  1023.5 0.05012125 0
v  1023.5 -0.04987875 0
f -1 -2 -4 -3
v  1024 0.05012125 0
v  1024 -0.04987875 0
v  1024.5 0.05012125 0
v  1024.5 -0.04987875 0
f -1 -2 -4 -3
v  1025 0.05012125 0
v  1025 -0.04987875 0
v  1025.5 0.05012125 0
v  1025.5 -0.04987875 0
f -1 -2 -4 -3
v  1026 0.05012125 0
v  1026 -0.04987875 0
v  1026.5 0.05012125 0
v  1026.5 -0.04987875 0
f -1 -2 -4 -3
v  1027 0.05012125 0
v  1027 -0.04987875 0
v  1027.5 0.05012125 0
v  1027.5 -0.04987875 0
f -1 -2 -4 -3
v  1028 0.05012125 0
v  1028 -0.04987875 0
v  1028.5 0.05012125 0
v  1028.5 -0.04987875 0
f -1 -2 -4 -3
v  1029 0.05012125 0
v  1029 -0.04987875 0
v  1029.5 0.05012125 0
v  1029.5 -0.04987875 0
f -1 -2 -4 -3
v  1030 0.05012125 0
v  1030 -0.04987875 0
v  1030.5 0.05012125 0
v  1030.5 -0.04987875 0
f -1 -2 -4 -3
v  1031 0.05012125 0
v  1031 -0.04987875 0
v  1031.5 0.05012125 0
v  1031.5 -0.04987875 0
f -1 -2 -4 -3
v  1032 0.05012125 0
v  1032 -0.04987875 0
v  1032.5 0.05012125 0
v  1032.5 -0.04987875 0
f -1 -2 -4 -3
v  1033 0.05012125 0
v  1033 -0.04987875 0
v  1033.5 0.05012125 0
v  1033.5 -0.04987875 0
f -1 -2 -4 -3
v  1034 0.05012125 0
v  1034 -0.04987875 0
v  1034.5 0.05012125 0
v  1034.5 -0.04987875 0
f -1 -2 -4 -3
v  1035 0.05012125 0
v  1035 -0.04987875 0
v  1035.5 0.05012125 0
v  1035.5 -0.04987875 0
f -1 -2 -4 -3
v  1036 0.05012125 0
v  1036 -0.04987875 0
v  1036.5 0.05012125 0
v  1036.5 -0.04987875 0
f -1 -2 -4 -3
v  1037 0.05012125 0
v  1037 -0.04987875 0
v  1037.5 0.05012125 0
v  1037.5 -0.04987875 0
f -1 -2 -4 -3
v  1038 0.05012125 0
v  1038 -0.04987875 0
v  1038.5 0.05012125 0
v  1038.5 -0.04987875 0
f -1 -2 -4 -3
v  1039 0.05012125 0
v  1039 -0.04987875 0
v  1039.5 0.05012125 0
v  1039.5 -0.04987875 0
f -1 -2 -4 -3
v  1040 0.05012125 0
v  1040 -0.04987875 0
v  1040.5 0.05012125 0
v  1040.5 -0.04987875 0
f -1 -2 -4 -3
v  1041 0.05012125 0
v  1041 -0.04987875 0
v  1041.5 0.05012125 0
v  1041.5 -0.04987875 0
f -1 -2 -4 -3
v  1042 0.05012125 0
v  1042 -0.04987875 0
v  1042.5 0.05012125 0
v  1042.5 -0.04987875 0
f -1 -2 -4 -3
v  1043 0.05012125 0
v  1043 -0.04987875 0
v  1043.5 0.05012125 0
v  1043.5 -0.04987875 0
f -1 -2 -4 -3
v  1044 0.05012125 0
v  1044 -0.04987875 0
v  1044.5 0.05012125 0
v  1044.5 -0.04987875 0
f -1 -2 -4 -3
v  1045 0.05012125 0
v  1045 -0.04987875 0
v  1045.5 0.05012125 0
v  1045.5 -0.04987875 0
f -1 -2 -4 -3
v  1046 0.05012125 0
v  1046 -0.04987875 0
v  1046.5 0.05012125 0
v  1046.5 -0.04987875 0
f -1 -2 -4 -3
v  1047 0.05012125 0
v  1047 -0.04987875 0
v  1047.5 0.05012125 0
v  1047.5 -0.04987875 0
f -1 -2 -4 -3
v  1048 0.05012125 0
v  1048 -0.04987875 0
v  1048.5 0.05012125 0
v  1048.5 -0.04987875 0
f -1 -2 -4 -3
v  1049 0.05012125 0
v  1049 -0.04987875 0
v  1049.5 0.05012125 0
v  1049.5 -0.04987875 0
f -1 -2 -4 -3
v  1050 0.05012125 0
v  1050 -0.04987875 0
v  1050.5 0.05012125 0
v  1050.5 -0.04987875 0
f -1 -2 -4 -3
v  1051 0.05012125 0
v  1051 -0.04987875 0
v  1051.5 0.05012125 0
v  1051.5 -0.04987875 0
f -1 -2 -4 -3
v  1052 0.05012125 0
v  1052 -0.04987875 0
v  1052.5 0.05012125 0
v  1052.5 -0.04987875 0
f -1 -2 -4 -3
v  1053 0.05012125 0
v  1053 -0.04987875 0
v  1053.5 0.05012125 0
v  1053.5 -0.04987875 0
f -1 -2 -4 -3
v  1054 0.05012125 0
v  1054 -0.04987875 0
v  1054.5 0.05012125 0
v  1054.5 -0.04987875 0
f -1 -2 -4 -3
v  1055 0.05012125 0
v  1055 -0.04987875 0
v  1055.5 0.05012125 0
v  1055.5 -0.04987875 0
f -1 -2 -4 -3
v  1056 0.05012125 0
v  1056 -0.04987875 0
v  1056.5 0.05012125 0
v  1056.5 -0.04987875 0
f -1 -2 -4 -3
v  1057 0.05012125 0
v  1057 -0.04987875 0
v  1057.5 0.05012125 0
v  1057.5 -0.04987875 0
f -1 -2 -4 -3
v  1058 0.05012125 0
v  1058 -0.04987875 0
v  1058.5 0.05012125 0
v  1058.5 -0.04987875 0
f -1 -2 -4 -3
v  1059 0.05012125 0
v  1059 -0.04987875 0
v  1059.5 0.05012125 0
v  1059.5 -0.04987875 0
f -1 -2 -4 -3
v  1060 0.05012125 0
v  1060 -0.04987875 0
v  1060.5 0.05012125 0
v  1060.5 -0.04987875 0
f -1 -2 -4 -3
v  1061 0.05012125 0
v  1061 -0.04987875 0
v  1061.5 0.05012125 0
v  1061.5 -0.04987875 0
f -1 -2 -4 -3
v  1062 0.05012125 0
v  1062 -0.04987875 0
v  1062.5 0.05012125 0
v  1062.5 -0.04987875 0
f -1 -2 -4 -3
v  1063 0.05012125 0
v  1063 -0.04987875 0
v  1063.5 0.05012125 0
v  1063.5 -0.04987875 0
f -1 -2 -4 -3
v  1064 0.05012125 0
v  1064 -0.04987875 0
v  1064.5 0.05012125 0
v  1064.5 -0.04987875 0
f -1 -2 -4 -3
v  1065 0.05012125 0
v  1065 -0.04987875 0
v  1065.5 0.05012125 0
v  1065.5 -0.04987875 0
f -1 -2 -4 -3
v  1066 0.05012125 0
v  1066 -0.04987875 0
v  1066.5 0.05012125 0
v  1066.5 -0.04987875 0
f -1 -2 -4 -3
v  1067 0.05012125 0
v  1067 -0.04987875 0
v  1067.5 0.05012125 0
v  1067.5 -0.04987875 0
f -1 -2 -4 -3
v  1068 0.05012125 0
v  1068 -0.04987875 0
v  1068.5 0.05012125 0
v  1068.5 -0.04987875 0
f -1 -2 -4 -3
v  1069 0.05012125 0
v  1069 -0.04987875 0
v  1069.5 0.05012125 0
v  1069.5 -0.04987875 0
f -1 -2 -4 -3
v  1070 0.05012125 0
v  1070 -0.04987875 0
v  1070.5 0.05012125 0
v  1070.5 -0.04987875 0
f -1 -2 -4 -3
v  1071 0.05012125 0
v  1071 -0.04987875 0
v  1071.5 0.05012125 0
v  1071.5 -0.04987875 0
f -1 -2 -4 -3
v  1072 0.05012125 0
v  1072 -0.04987875 0
v  1072.5 0.05012125 0
v  1072.5 -0.04987875 0
f -1 -2 -4 -3
v  1073 0.05012125 0
v  1073 -0.04987875 0
v  1073.5 0.05012125 0
v  1073.5 -0.04987875 0
f -1 -2 -4 -3
v  1074 0.05012125 0
v  1074 -0.04987875 0
v  1074.5 0.05012125 0
v  1074.5 -0.04987875 0
f -1 -2 -4 -3
v  1075 0.05012125 0
v  1075 -0.04987875 0
v  1075.5 0.05012125 0
v  1075.5 -0.04987875 0
f -1 -2 -4 -3
v  1076 0.05012125 0
v  1076 -0.04987875 0
v  1076.5 0.05012125 0
v  1076.5 -0.04987875 0
f -1 -2 -4 -3
v  1077 0.05012125 0
v  1077 -0.04987875 0
v  1077.5 0.05012125 0
v  1077.5 -0.04987875 0
f -1 -2 -4 -3
v  1078 0.05012125 0
v  1078 -0.04987875 0
v  1078.5 0.05012125 0
v  1078.5 -0.04987875 0
f -1 -2 -4 -3
v  1079 0.05012125 0
v  1079 -0.04987875 0
v  1079.5 0.05012125 0
v  1079.5 -0.04987875 0
f -1 -2 -4 -3
v  1080 0.05012125 0
v  1080 -0.04987875 0
v  1080.5 0.05012125 0
v  1080.5 -0.04987875 0
f -1 -2 -4 -3
v  1081 0.05012125 0
v  1081 -0.04987875 0
v  1081.5 0.05012125 0
v  1081.5 -0.04987875 0
f -1 -2 -4 -3
v  1082 0.05012125 0
v  1082 -0.04987875 0
v  1082.5 0.05012125 0
v  1082.5 -0.04987875 0
f -1 -2 -4 -3
v  1083 0.05012125 0
v  1083 -0.04987875 0
v  1083.5 0.05012125 0
v  1083.5 -0.04987875 0
f -1 -2 -4 -3
v  1084 0.05012125 0
v  1084 -0.04987875 0
v  1084.5 0.05012125 0
v  1084.5 -0.04987875 0
f -1 -2 -4 -3
v  1085 0.05012125 0
v  1085 -0.04987875 0
v  1085.5 0.05012125 0
v  1085.5 -0.04987875 0
f -1 -2 -4 -3
v  1086 0.05012125 0
v  1086 -0.04987875 0
v  1086.5 0.05012125 0
v  1086.5 -0.04987875 0
f -1 -2 -4 -3
v  1087 0.05012125 0
v  1087 -0.04987875 0
v  1087.5 0.05012125 0
v  1087.5 -0.04987875 0
f -1 -2 -4 -3
v  1088 0.05012125 0
v  1088 -0.04987875 0
v  1088.5 0.05012125 0
v  1088.5 -0.04987875 0
f -1 -2 -4 -3
v  1089 0.05012125 0
v  1089 -0.04987875 0
v  1089.5 0.05012125 0
v  1089.5 -0.04987875 0
f -1 -2 -4 -3
v  1090 0.05012125 0
v  1090 -0.04987875 0
v  1090.5 0.05012125 0
v  1090.5 -0.04987875 0
f -1 -2 -4 -3
v  1091 0.05012125 0
v  1091 -0.04987875 0
v  1091.5 0.05012125 0
v  1091.5 -0.04987875 0
f -1 -2 -4 -3
v  1092 0.05012125 0
v  1092 -0.04987875 0
v  1092.5 0.05012125 0
v  1092.5 -0.04987875 0
f -1 -2 -4 -3
v  1093 0.05012125 0
v  1093 -0.04987875 0
v  1093.5 0.05012125 0
v  1093.5 -0.04987875 0
f -1 -2 -4 -3
v  1094 0.05012125 0
v  1094 -0.04987875 0
v  1094.5 0.05012125 0
v  1094.5 -0.04987875 0
f -1 -2 -4 -3
v  1095 0.05012125 0
v  1095 -0.04987875 0
v  1095.5 0.05012125 0
v  1095.5 -0.04987875 0
f -1 -2 -4 -3
v  1096 0.05012125 0
v  1096 -0.04987875 0
v  1096.5 0.05012125 0
v  1096.5 -0.04987875 0
f -1 -2 -4 -3
v  1097 0.05012125 0
v  1097 -0.04987875 0
v  1097.5 0.05012125 0
v  1097.5 -0.04987875 0
f -1 -2 -4 -3
v  1098 0.05012125 0
v  1098 -0.04987875 0
v  1098.5 0.05012125 0
v  1098.5 -0.04987875 0
f -1 -2 -4 -3
v  1099 0.05012125 0
v  1099 -0.04987875 0
v  1099.5 0.05012125 0
v  1099.5 -0.04987875 0
f -1 -2 -4 -3
v  1100 0.05012125 0
v  1100 -0.04987875 0
v  1100.5 0.05012125 0
v  1100.5 -0.04987875 0
f -1 -2 -4 -3
v  1101 0.05012125 0
v  1101 -0.04987875 0
v  1101.5 0.05012125 0
v  1101.5 -0.04987875 0
f -1 -2 -4 -3
v  1102 0.05012125 0
v  1102 -0.04987875 0
v  1102.5 0.05012125 0
v  1102.5 -0.04987875 0
f -1 -2 -4 -3
v  1103 0.05012125 0
v  1103 -0.04987875 0
v  1103.5 0.05012125 0
v  1103.5 -0.04987875 0
f -1 -2 -4 -3
v  1104 0.05012125 0
v  1104 -0.04987875 0
v  1104.5 0.05012125 0
v  1104.5 -0.04987875 0
f -1 -2 -4 -3
v  1105 0.05012125 0
v  1105 -0.04987875 0
v  1105.5 0.05012125 0
v  1105.5 -0.04987875 0
f -1 -2 -4 -3
v  1106 0.05012125 0
v  1106 -0.04987875 0
v  1106.5 0.05012125 0
v  1106.5 -0.04987875 0
f -1 -2 -4 -3
v  1107 0.05012125 0
v  1107 -0.04987875 0
v  1107.5 0.05012125 0
v  1107.5 -0.04987875 0
f -1 -2 -4 -3
v  1108 0.05012125 0
v  1108 -0.04987875 0
v  1108.5 0.05012125 0
v  1108.5 -0.04987875 0
f -1 -2 -4 -3
v  1109 0.05012125 0
v  1109 -0.04987875 0
v  1109.5 0.05012125 0
v  1109.5 -0.04987875 0
f -1 -2 -4 -3
v  1110 0.05012125 0
v  1110 -0.04987875 0
v  1110.5 0.05012125 0
v  1110.5 -0.04987875 0
f -1 -2 -4 -3
v  1111 0.05012125 0
v  1111 -0.04987875 0
v  1111.5 0.05012125 0
v  1111.5 -0.04987875 0
f -1 -2 -4 -3
v  1112 0.05012125 0
v  1112 -0.04987875 0
v  1112.5 0.05012125 0
v  1112.5 -0.04987875 0
f -1 -2 -4 -3
v  1113 0.05012125 0
v  1113 -0.04987875 0
v  1113.5 0.05012125 0
v  1113.5 -0.04987875 0
f -1 -2 -4 -3
v  1114 0.05012125 0
v  1114 -0.04987875 0
v  1114.5 0.05012125 0
v  1114.5 -0.04987875 0
f -1 -2 -4 -3
v  1115 0.05012125 0
v  1115 -0.04987875 0
v  1115.5 0.05012125 0
v  1115.5 -0.04987875 0
f -1 -2 -4 -3
v  1116 0.05012125 0
v  1116 -0.04987875 0
v  1116.5 0.05012125 0
v  1116.5 -0.04987875 0
f -1 -2 -4 -3
v  1117 0.05012125 0
v  1117 -0.04987875 0
v  1117.5 0.05012125 0
v  1117.5 -0.04987875 0
f -1 -2 -4 -3
v  1118 0.05012125 0
v  1118 -0.04987875 0
v  1118.5 0.05012125 0
v  1118.5 -0.04987875 0
f -1 -2 -4 -3
v  1119 0.05012125 0
v  1119 -0.04987875 0
v  1119.5 0.05012125 0
v  1119.5 -0.04987875 0
f -1 -2 -4 -3
v  1120 0.05012125 0
v  1120 -0.04987875 0
v  1120.5 0.05012125 0
v  1120.5 -0.04987875 0
f -1 -2 -4 -3
v  1121 0.05012125 0
v  1121 -0.04987875 0
v  1121.5 0.05012125 0
v  1121.5 -0.04987875 0
f -1 -2 -4 -3
v  1122 0.05012125 0
v  1122 -0.04987875 0
v  1122.5 0.05012125 0
v  1122.5 -0.04987875 0
f -1 -2 -4 -3
v  1123 0.05012125 0
v  1123 -0.04987875 0
v  1123.5 0.05012125 0
v  1123.5 -0.04987875 0
f -1 -2 -4 -3
v  1124 0.05012125 0
v  1124 -0.04987875 0
v  1124.5 0.05012125 0
v  1124.5 -0.04987875 0
f -1 -2 -4 -3
v  1125 0.05012125 0
v  1125 -0.04987875 0
v  1125.5 0.05012125 0
v  1125.5 -0.04987875 0
f -1 -2 -4 -3
v  1126 0.05012125 0
v  1126 -0.04987875 0
v  1126.5 0.05012125 0
v  1126.5 -0.04987875 0
f -1 -2 -4 -3
v  1127 0.05012125 0
v  1127 -0.04987875 0
v  1127.5 0.05012125 0
v  1127.5 -0.04987875 0
f -1 -2 -4 -3
v  1128 0.05012125 0
v  1128 -0.04987875 0
v  1128.5 0.05012125 0
v  1128.5 -0.04987875 0
f -1 -2 -4 -3
v  1129 0.05012125 0
v  1129 -0.04987875 0
v  1129.5 0.05012125 0
v  1129.5 -0.04987875 0
f -1 -2 -4 -3
v  1130 0.05012125 0
v  1130 -0.04987875 0
v  1130.5 0.05012125 0
v  1130.5 -0.04987875 0
f -1 -2 -4 -3
v  1131 0.05012125 0
v  1131 -0.04987875 0
v  1131.5 0.05012125 0
v  1131.5 -0.04987875 0
f -1 -2 -4 -3
v  1132 0.05012125 0
v  1132 -0.04987875 0
v  1132.5 0.05012125 0
v  1132.5 -0.04987875 0
f -1 -2 -4 -3
v  1133 0.05012125 0
v  1133 -0.04987875 0
v  1133.5 0.05012125 0
v  1133.5 -0.04987875 0
f -1 -2 -4 -3
v  1134 0.05012125 0
v  1134 -0.04987875 0
v  1134.5 0.05012125 0
v  1134.5 -0.04987875 0
f -1 -2 -4 -3
v  1135 0.05012125 0
v  1135 -0.04987875 0
v  1135.5 0.05012125 0
v  1135.5 -0.04987875 0
f -1 -2 -4 -3
v  1136 0.05012125 0
v  1136 -0.04987875 0
v  1136.5 0.05012125 0
v  1136.5 -0.04987875 0
f -1 -2 -4 -3
v  1137 0.05012125 0
v  1137 -0.04987875 0
v  1137.5 0.05012125 0
v  1137.5 -0.04987875 0
f -1 -2 -4 -3
v  1138 0.05012125 0
v  1138 -0.04987875 0
v  1138.5 0.05012125 0
v  1138.5 -0.04987875 0
f -1 -2 -4 -3
v  1139 0.05012125 0
v  1139 -0.04987875 0
v  1139.5 0.05012125 0
v  1139.5 -0.04987875 0
f -1 -2 -4 -3
v  1140 0.05012125 0
v  1140 -0.04987875 0
v  1140.5 0.05012125 0
v  1140.5 -0.04987875 0
f -1 -2 -4 -3
v  1141 0.05012125 0
v  1141 -0.04987875 0
v  1141.5 0.05012125 0
v  1141.5 -0.04987875 0
f -1 -2 -4 -3
v  1142 0.05012125 0
v  1142 -0.04987875 0
v  1142.5 0.05012125 0
v  1142.5 -0.04987875 0
f -1 -2 -4 -3
v  1143 0.05012125 0
v  1143 -0.04987875 0
v  1143.5 0.05012125 0
v  1143.5 -0.04987875 0
f -1 -2 -4 -3
v  1144 0.05012125 0
v  1144 -0.04987875 0
v  1144.5 0.05012125 0
v  1144.5 -0.04987875 0
f -1 -2 -4 -3
v  1145 0.05012125 0
v  1145 -0.04987875 0
v  1145.5 0.05012125 0
v  1145.5 -0.04987875 0
f -1 -2 -4 -3
v  1146 0.05012125 0
v  1146 -0.04987875 0
v  1146.5 0.05012125 0
v  1146.5 -0.04987875 0
f -1 -2 -4 -3
v  1147 0.05012125 0
v  1147 -0.04987875 0
v  1147.5 0.05012125 0
v  1147.5 -0.04987875 0
f -1 -2 -4 -3
v  1148 0.05012125 0
v  1148 -0.04987875 0
v  1148.5 0.05012125 0
v  1148.5 -0.04987875 0
f -1 -2 -4 -3
v  1149 0.05012125 0
v  1149 -0.04987875 0
v  1149.5 0.05012125 0
v  1149.5 -0.04987875 0
f -1 -2 -4 -3
v  1150 0.05012125 0
v  1150 -0.04987875 0
v  1150.5 0.05012125 0
v  1150.5 -0.04987875 0
f -1 -2 -4 -3
v  1151 0.05012125 0
v  1151 -0.04987875 0
v  1151.5 0.05012125 0
v  1151.5 -0.04987875 0
f -1 -2 -4 -3
v  1152 0.05012125 0
v  1152 -0.04987875 0
v  1152.5 0.05012125 0
v  1152.5 -0.04987875 0
f -1 -2 -4 -3
v  1153 0.05012125 0
v  1153 -0.04987875 0
v  1153.5 0.05012125 0
v  1153.5 -0.04987875 0
f -1 -2 -4 -3
v  1154 0.05012125 0
v  1154 -0.04987875 0
v  1154.5 0.05012125 0
v  1154.5 -0.04987875 0
f -1 -2 -4 -3
v  1155 0.05012125 0
v  1155 -0.04987875 0
v  1155.5 0.05012125 0
v  1155.5 -0.04987875 0
f -1 -2 -4 -3
v  1156 0.05012125 0
v  1156 -0.04987875 0
v  1156.5 0.05012125 0
v  1156.5 -0.04987875 0
f -1 -2 -4 -3
v  1157 0.05012125 0
v  1157 -0.04987875 0
v  1157.5 0.05012125 0
v  1157.5 -0.04987875 0
f -1 -2 -4 -3
v  1158 0.05012125 0
v  1158 -0.04987875 0
v  1158.5 0.05012125 0
v  1158.5 -0.04987875 0
f -1 -2 -4 -3
v  1159 0.05012125 0
v  1159 -0.04987875 0
v  1159.5 0.05012125 0
v  1159.5 -0.04987875 0
f -1 -2 -4 -3
v  1160 0.05012125 0
v  1160 -0.04987875 0
v  1160.5 0.05012125 0
v  1160.5 -0.04987875 0
f -1 -2 -4 -3
v  1161 0.05012125 0
v  1161 -0.04987875 0
v  1161.5 0.05012125 0
v  1161.5 -0.04987875 0
f -1 -2 -4 -3
v  1162 0.05012125 0
v  1162 -0.04987875 0
v  1162.5 0.05012125 0
v  1162.5 -0.04987875 0
f -1 -2 -4 -3
v  1163 0.05012125 0
v  1163 -0.04987875 0
v  1163.5 0.05012125 0
v  1163.5 -0.04987875 0
f -1 -2 -4 -3
v  1164 0.05012125 0
v  1164 -0.04987875 0
v  1164.5 0.05012125 0
v  1164.5 -0.04987875 0
f -1 -2 -4 -3
v  1165 0.05012125 0
v  1165 -0.04987875 0
v  1165.5 0.05012125 0
v  1165.5 -0.04987875 0
f -1 -2 -4 -3
v  1166 0.05012125 0
v  1166 -0.04987875 0
v  1166.5 0.05012125 0
v  1166.5 -0.04987875 0
f -1 -2 -4 -3
v  1167 0.05012125 0
v  1167 -0.04987875 0
v  1167.5 0.05012125 0
v  1167.5 -0.04987875 0
f -1 -2 -4 -3
v  1168 0.05012125 0
v  1168 -0.04987875 0
v  1168.5 0.05012125 0
v  1168.5 -0.04987875 0
f -1 -2 -4 -3
v  1169 0.05012125 0
v  1169 -0.04987875 0
v  1169.5 0.05012125 0
v  1169.5 -0.04987875 0
f -1 -2 -4 -3
v  1170 0.05012125 0
v  1170 -0.04987875 0
v  1170.5 0.05012125 0
v  1170.5 -0.04987875 0
f -1 -2 -4 -3
v  1171 0.05012125 0
v  1171 -0.04987875 0
v  1171.5 0.05012125 0
v  1171.5 -0.04987875 0
f -1 -2 -4 -3
v  1172 0.05012125 0
v  1172 -0.04987875 0
v  1172.5 0.05012125 0
v  1172.5 -0.04987875 0
f -1 -2 -4 -3
v  1173 0.05012125 0
v  1173 -0.04987875 0
v  1173.5 0.05012125 0
v  1173.5 -0.04987875 0
f -1 -2 -4 -3
v  1174 0.05012125 0
v  1174 -0.04987875 0
v  1174.5 0.05012125 0
v  1174.5 -0.04987875 0
f -1 -2 -4 -3
v  1175 0.05012125 0
v  1175 -0.04987875 0
v  1175.5 0.05012125 0
v  1175.5 -0.04987875 0
f -1 -2 -4 -3
v  1176 0.05012125 0
v  1176 -0.04987875 0
v  1176.5 0.05012125 0
v  1176.5 -0.04987875 0
f -1 -2 -4 -3
v  1177 0.05012125 0
v  1177 -0.04987875 0
v  1177.5 0.05012125 0
v  1177.5 -0.04987875 0
f -1 -2 -4 -3
v  1178 0.05012125 0
v  1178 -0.04987875 0
v  1178.5 0.05012125 0
v  1178.5 -0.04987875 0
f -1 -2 -4 -3
v  1179 0.05012125 0
v  1179 -0.04987875 0
v  1179.5 0.05012125 0
v  1179.5 -0.04987875 0
f -1 -2 -4 -3
v  1180 0.05012125 0
v  1180 -0.04987875 0
v  1180.5 0.05012125 0
v  1180.5 -0.04987875 0
f -1 -2 -4 -3
v  1181 0.05012125 0
v  1181 -0.04987875 0
v  1181.5 0.05012125 0
v  1181.5 -0.04987875 0
f -1 -2 -4 -3
v  1182 0.05012125 0
v  1182 -0.04987875 0
v  1182.5 0.05012125 0
v  1182.5 -0.04987875 0
f -1 -2 -4 -3
v  1183 0.05012125 0
v  1183 -0.04987875 0
v  1183.5 0.05012125 0
v  1183.5 -0.04987875 0
f -1 -2 -4 -3
v  1184 0.05012125 0
v  1184 -0.04987875 0
v  1184.5 0.05012125 0
v  1184.5 -0.04987875 0
f -1 -2 -4 -3
v  1185 0.05012125 0
v  1185 -0.04987875 0
v  1185.5 0.05012125 0
v  1185.5 -0.04987875 0
f -1 -2 -4 -3
v  1186 0.05012125 0
v  1186 -0.04987875 0
v  1186.5 0.05012125 0
v  1186.5 -0.04987875 0
f -1 -2 -4 -3
v  1187 0.05012125 0
v  1187 -0.04987875 0
v  1187.5 0.05012125 0
v  1187.5 -0.04987875 0
f -1 -2 -4 -3
v  1188 0.05012125 0
v  1188 -0.04987875 0
v  1188.5 0.05012125 0
v  1188.5 -0.04987875 0
f -1 -2 -4 -3
v  1189 0.05012125 0
v  1189 -0.04987875 0
v  1189.5 0.05012125 0
v  1189.5 -0.04987875 0
f -1 -2 -4 -3
v  1190 0.05012125 0
v  1190 -0.04987875 0
v  1190.5 0.05012125 0
v  1190.5 -0.04987875 0
f -1 -2 -4 -3
v  1191 0.05012125 0
v  1191 -0.04987875 0
v  1191.5 0.05012125 0
v  1191.5 -0.04987875 0
f -1 -2 -4 -3
v  1192 0.05012125 0
v  1192 -0.04987875 0
v  1192.5 0.05012125 0
v  1192.5 -0.04987875 0
f -1 -2 -4 -3
v  1193 0.05012125 0
v  1193 -0.04987875 0
v  1193.5 0.05012125 0
v  1193.5 -0.04987875 0
f -1 -2 -4 -3
v  1194 0.05012125 0
v  1194 -0.04987875 0
v  1194.5 0.05012125 0
v  1194.5 -0.04987875 0
f -1 -2 -4 -3
v  1195 0.05012125 0
v  1195 -0.04987875 0
v  1195.5 0.05012125 0
v  1195.5 -0.04987875 0
f -1 -2 -4 -3
v  1196 0.05012125 0
v  1196 -0.04987875 0
v  1196.5 0.05012125 0
v  1196.5 -0.04987875 0
f -1 -2 -4 -3
v  1197 0.05012125 0
v  1197 -0.04987875 0
v  1197.5 0.05012125 0
v  1197.5 -0.04987875 0
f -1 -2 -4 -3
v  1198 0.05012125 0
v  1198 -0.04987875 0
v  1198.5 0.05012125 0
v  1198.5 -0.04987875 0
f -1 -2 -4 -3
v  1199 0.05012125 0
v  1199 -0.04987875 0
v  1199.5 0.05012125 0
v  1199.5 -0.04987875 0
f -1 -2 -4 -3
v  1200 0.05012125 0
v  1200 -0.04987875 0
v  1200.5 0.05012125 0
v  1200.5 -0.04987875 0
f -1 -2 -4 -3
v  1201 0.05012125 0
v  1201 -0.04987875 0
v  1201.5 0.05012125 0
v  1201.5 -0.04987875 0
f -1 -2 -4 -3
v  1202 0.05012125 0
v  1202 -0.04987875 0
v  1202.5 0.05012125 0
v  1202.5 -0.04987875 0
f -1 -2 -4 -3
v  1203 0.05012125 0
v  1203 -0.04987875 0
v  1203.5 0.05012125 0
v  1203.5 -0.04987875 0
f -1 -2 -4 -3
v  1204 0.05012125 0
v  1204 -0.04987875 0
v  1204.5 0.05012125 0
v  1204.5 -0.04987875 0
f -1 -2 -4 -3
v  1205 0.05012125 0
v  1205 -0.04987875 0
v  1205.5 0.05012125 0
v  1205.5 -0.04987875 0
f -1 -2 -4 -3
v  1206 0.05012125 0
v  1206 -0.04987875 0
v  1206.5 0.05012125 0
v  1206.5 -0.04987875 0
f -1 -2 -4 -3
v  1207 0.05012125 0
v  1207 -0.04987875 0
v  1207.5 0.05012125 0
v  1207.5 -0.04987875 0
f -1 -2 -4 -3
v  1208 0.05012125 0
v  1208 -0.04987875 0
v  1208.5 0.05012125 0
v  1208.5 -0.04987875 0
f -1 -2 -4 -3
v  1209 0.05012125 0
v  1209 -0.04987875 0
v  1209.5 0.05012125 0
v  1209.5 -0.04987875 0
f -1 -2 -4 -3
v  1210 0.05012125 0
v  1210 -0.04987875 0
v  1210.5 0.05012125 0
v  1210.5 -0.04987875 0
f -1 -2 -4 -3
v  1211 0.05012125 0
v  1211 -0.04987875 0
v  1211.5 0.05012125 0
v  1211.5 -0.04987875 0
f -1 -2 -4 -3
v  1212 0.05012125 0
v  1212 -0.04987875 0
v  1212.5 0.05012125 0
v  1212.5 -0.04987875 0
f -1 -2 -4 -3
v  1213 0.05012125 0
v  1213 -0.04987875 0
v  1213.5 0.05012125 0
v  1213.5 -0.04987875 0
f -1 -2 -4 -3
v  1214 0.05012125 0
v  1214 -0.04987875 0
v  1214.5 0.05012125 0
v  1214.5 -0.04987875 0
f -1 -2 -4 -3
v  1215 0.05012125 0
v  1215 -0.04987875 0
v  1215.5 0.05012125 0
v  1215.5 -0.04987875 0
f -1 -2 -4 -3
v  1216 0.05012125 0
v  1216 -0.04987875 0
v  1216.5 0.05012125 0
v  1216.5 -0.04987875 0
f -1 -2 -4 -3
v  1217 0.05012125 0
v  1217 -0.04987875 0
v  1217.5 0.05012125 0
v  1217.5 -0.04987875 0
f -1 -2 -4 -3
v  1218 0.05012125 0
v  1218 -0.04987875 0
v  1218.5 0.05012125 0
v  1218.5 -0.04987875 0
f -1 -2 -4 -3
v  1219 0.05012125 0
v  1219 -0.04987875 0
v  1219.5 0.05012125 0
v  1219.5 -0.04987875 0
f -1 -2 -4 -3
v  1220 0.05012125 0
v  1220 -0.04987875 0
v  1220.5 0.05012125 0
v  1220.5 -0.04987875 0
f -1 -2 -4 -3
v  1221 0.05012125 0
v  1221 -0.04987875 0
v  1221.5 0.05012125 0
v  1221.5 -0.04987875 0
f -1 -2 -4 -3
v  1222 0.05012125 0
v  1222 -0.04987875 0
v  1222.5 0.05012125 0
v  1222.5 -0.04987875 0
f -1 -2 -4 -3
v  1223 0.05012125 0
v  1223 -0.04987875 0
v  1223.5 0.05012125 0
v  1223.5 -0.04987875 0
f -1 -2 -4 -3
v  1224 0.05012125 0
v  1224 -0.04987875 0
v  1224.5 0.05012125 0
v  1224.5 -0.04987875 0
f -1 -2 -4 -3
v  1225 0.05012125 0
v  1225 -0.04987875 0
v  1225.5 0.05012125 0
v  1225.5 -0.04987875 0
f -1 -2 -4 -3
v  1226 0.05012125 0
v  1226 -0.04987875 0
v  1226.5 0.05012125 0
v  1226.5 -0.04987875 0
f -1 -2 -4 -3
v  1227 0.05012125 0
v  1227 -0.04987875 0
v  1227.5 0.05012125 0
v  1227.5 -0.04987875 0
f -1 -2 -4 -3
v  1228 0.05012125 0
v  1228 -0.04987875 0
v  1228.5 0.05012125 0
v  1228.5 -0.04987875 0
f -1 -2 -4 -3
v  1229 0.05012125 0
v  1229 -0.04987875 0
v  1229.5 0.05012125 0
v  1229.5 -0.04987875 0
f -1 -2 -4 -3
v  1230 0.05012125 0
v  1230 -0.04987875 0
v  1230.5 0.05012125 0
v  1230.5 -0.04987875 0
f -1 -2 -4 -3
v  1231 0.05012125 0
v  1231 -0.04987875 0
v  1231.5 0.05012125 0
v  1231.5 -0.04987875 0
f -1 -2 -4 -3
v  1232 0.05012125 0
v  1232 -0.04987875 0
v  1232.5 0.05012125 0
v  1232.5 -0.04987875 0
f -1 -2 -4 -3
v  1233 0.05012125 0
v  1233 -0.04987875 0
v  1233.5 0.05012125 0
v  1233.5 -0.04987875 0
f -1 -2 -4 -3
v  1234 0.05012125 0
v  1234 -0.04987875 0
v  1234.5 0.05012125 0
v  1234.5 -0.04987875 0
f -1 -2 -4 -3
v  1235 0.05012125 0
v  1235 -0.04987875 0
v  1235.5 0.05012125 0
v  1235.5 -0.04987875 0
f -1 -2 -4 -3
v  1236 0.05012125 0
v  1236 -0.04987875 0
v  1236.5 0.05012125 0
v  1236.5 -0.04987875 0
f -1 -2 -4 -3
v  1237 0.05012125 0
v  1237 -0.04987875 0
v  1237.5 0.05012125 0
v  1237.5 -0.04987875 0
f -1 -2 -4 -3
v  1238 0.05012125 0
v  1238 -0.04987875 0
v  1238.5 0.05012125 0
v  1238.5 -0.04987875 0
f -1 -2 -4 -3
v  1239 0.05012125 0
v  1239 -0.04987875 0
v  1239.5 0.05012125 0
v  1239.5 -0.04987875 0
f -1 -2 -4 -3
v  1240 0.05012125 0
v  1240 -0.04987875 0
v  1240.5 0.05012125 0
v  1240.5 -0.04987875 0
f -1 -2 -4 -3
v  1241 0.05012125 0
v  1241 -0.04987875 0
v  1241.5 0.05012125 0
v  1241.5 -0.04987875 0
f -1 -2 -4 -3
v  1242 0.05012125 0
v  1242 -0.04987875 0
v  1242.5 0.05012125 0
v  1242.5 -0.04987875 0
f -1 -2 -4 -3
v  1243 0.05012125 0
v  1243 -0.04987875 0
v  1243.5 0.05012125 0
v  1243.5 -0.04987875 0
f -1 -2 -4 -3
v  1244 0.05012125 0
v  1244 -0.04987875 0
v  1244.5 0.05012125 0
v  1244.5 -0.04987875 0
f -1 -2 -4 -3
v  1245 0.05012125 0
v  1245 -0.04987875 0
v  1245.5 0.05012125 0
v  1245.5 -0.04987875 0
f -1 -2 -4 -3
v  1246 0.05012125 0
v  1246 -0.04987875 0
v  1246.5 0.05012125 0
v  1246.5 -0.04987875 0
f -1 -2 -4 -3
v  1247 0.05012125 0
v  1247 -0.04987875 0
v  1247.5 0.05012125 0
v  1247.5 -0.04987875 0
f -1 -2 -4 -3
v  1248 0.05012125 0
v  1248 -0.04987875 0
v  1248.5 0.05012125 0
v  1248.5 -0.04987875 0
f -1 -2 -4 -3
v  1249 0.05012125 0
v  1249 -0.04987875 0
v  1249.5 0.05012125 0
v  1249.5 -0.04987875 0
f -1 -2 -4 -3
v  1250 0.05012125 0
v  1250 -0.04987875 0
v  1250.5 0.05012125 0
v  1250.5 -0.04987875 0
f -1 -2 -4 -3
v  1251 0.05012125 0
v  1251 -0.04987875 0
v  1251.5 0.05012125 0
v  1251.5 -0.04987875 0
f -1 -2 -4 -3
v  1252 0.05012125 0
v  1252 -0.04987875 0
v  1252.5 0.05012125 0
v  1252.5 -0.04987875 0
f -1 -2 -4 -3
v  1253 0.05012125 0
v  1253 -0.04987875 0
v  1253.5 0.05012125 0
v  1253.5 -0.04987875 0
f -1 -2 -4 -3
v  1254 0.05012125 0
v  1254 -0.04987875 0
v  1254.5 0.05012125 0
v  1254.5 -0.04987875 0
f -1 -2 -4 -3
v  1255 0.05012125 0
v  1255 -0.04987875 0
v  1255.5 0.05012125 0
v  1255.5 -0.04987875 0
f -1 -2 -4 -3
v  1256 0.05012125 0
v  1256 -0.04987875 0
v  1256.5 0.05012125 0
v  1256.5 -0.04987875 0
f -1 -2 -4 -3
v  1257 0.05012125 0
v  1257 -0.04987875 0
v  1257.5 0.05012125 0
v  1257.5 -0.04987875 0
f -1 -2 -4 -3
v  1258 0.05012125 0
v  1258 -0.04987875 0
v  1258.5 0.05012125 0
v  1258.5 -0.04987875 0
f -1 -2 -4 -3
v  1259 0.05012125 0
v  1259 -0.04987875 0
v  1259.5 0.05012125 0
v  1259.5 -0.04987875 0
f -1 -2 -4 -3
v  1260 0.05012125 0
v  1260 -0.04987875 0
v  1260.5 0.05012125 0
v  1260.5 -0.04987875 0
f -1 -2 -4 -3
v  1261 0.05012125 0
v  1261 -0.04987875 0
v  1261.5 0.05012125 0
v  1261.5 -0.04987875 0
f -1 -2 -4 -3
v  1262 0.05012125 0
v  1262 -0.04987875 0
v  1262.5 0.05012125 0
v  1262.5 -0.04987875 0
f -1 -2 -4 -3
v  1263 0.05012125 0
v  1263 -0.04987875 0
v  1263.5 0.05012125 0
v  1263.5 -0.04987875 0
f -1 -2 -4 -3
v  1264 0.05012125 0
v  1264 -0.04987875 0
v  1264.5 0.05012125 0
v  1264.5 -0.04987875 0
f -1 -2 -4 -3
v  1265 0.05012125 0
v  1265 -0.04987875 0
v  1265.5 0.05012125 0
v  1265.5 -0.04987875 0
f -1 -2 -4 -3
v  1266 0.05012125 0
v  1266 -0.04987875 0
v  1266.5 0.05012125 0
v  1266.5 -0.04987875 0
f -1 -2 -4 -3
v  1267 0.05012125 0
v  1267 -0.04987875 0
v  1267.5 0.05012125 0
v  1267.5 -0.04987875 0
f -1 -2 -4 -3
v  1268 0.05012125 0
v  1268 -0.04987875 0
v  1268.5 0.05012125 0
v  1268.5 -0.04987875 0
f -1 -2 -4 -3
v  1269 0.05012125 0
v  1269 -0.04987875 0
v  1269.5 0.05012125 0
v  1269.5 -0.04987875 0
f -1 -2 -4 -3
v  1270 0.05012125 0
v  1270 -0.04987875 0
v  1270.5 0.05012125 0
v  1270.5 -0.04987875 0
f -1 -2 -4 -3
v  1271 0.05012125 0
v  1271 -0.04987875 0
v  1271.5 0.05012125 0
v  1271.5 -0.04987875 0
f -1 -2 -4 -3
v  1272 0.05012125 0
v  1272 -0.04987875 0
v  1272.5 0.05012125 0
v  1272.5 -0.04987875 0
f -1 -2 -4 -3
v  1273 0.05012125 0
v  1273 -0.04987875 0
v  1273.5 0.05012125 0
v  1273.5 -0.04987875 0
f -1 -2 -4 -3
v  1274 0.05012125 0
v  1274 -0.04987875 0
v  1274.5 0.05012125 0
v  1274.5 -0.04987875 0
f -1 -2 -4 -3
v  1275 0.05012125 0
v  1275 -0.04987875 0
v  1275.5 0.05012125 0
v  1275.5 -0.04987875 0
f -1 -2 -4 -3
v  1276 0.05012125 0
v  1276 -0.04987875 0
v  1276.5 0.05012125 0
v  1276.5 -0.04987875 0
f -1 -2 -4 -3
v  1277 0.05012125 0
v  1277 -0.04987875 0
v  1277.5 0.05012125 0
v  1277.5 -0.04987875 0
f -1 -2 -4 -3
v  1278 0.05012125 0
v  1278 -0.04987875 0
v  1278.5 0.05012125 0
v  1278.5 -0.04987875 0
f -1 -2 -4 -3
v  1279 0.05012125 0
v  1279 -0.04987875 0
v  1279.5 0.05012125 0
v  1279.5 -0.04987875 0
f -1 -2 -4 -3
v  1280 0.05012125 0
v  1280 -0.04987875 0
v  1280.5 0.05012125 0
v  1280.5 -0.04987875 0
f -1 -2 -4 -3
v  1281 0.05012125 0
v  1281 -0.04987875 0
v  1281.5 0.05012125 0
v  1281.5 -0.04987875 0
f -1 -2 -4 -3
v  1282 0.05012125 0
v  1282 -0.04987875 0
v  1282.5 0.05012125 0
v  1282.5 -0.04987875 0
f -1 -2 -4 -3
v  1283 0.05012125 0
v  1283 -0.04987875 0
v  1283.5 0.05012125 0
v  1283.5 -0.04987875 0
f -1 -2 -4 -3
v  1284 0.05012125 0
v  1284 -0.04987875 0
v  1284.5 0.05012125 0
v  1284.5 -0.04987875 0
f -1 -2 -4 -3
v  1285 0.05012125 0
v  1285 -0.04987875 0
v  1285.5 0.05012125 0
v  1285.5 -0.04987875 0
f -1 -2 -4 -3
v  1286 0.05012125 0
v  1286 -0.04987875 0
v  1286.5 0.05012125 0
v  1286.5 -0.04987875 0
f -1 -2 -4 -3
v  1287 0.05012125 0
v  1287 -0.04987875 0
v  1287.5 0.05012125 0
v  1287.5 -0.04987875 0
f -1 -2 -4 -3
v  1288 0.05012125 0
v  1288 -0.04987875 0
v  1288.5 0.05012125 0
v  1288.5 -0.04987875 0
f -1 -2 -4 -3
v  1289 0.05012125 0
v  1289 -0.04987875 0
v  1289.5 0.05012125 0
v  1289.5 -0.04987875 0
f -1 -2 -4 -3
v  1290 0.05012125 0
v  1290 -0.04987875 0
v  1290.5 0.05012125 0
v  1290.5 -0.04987875 0
f -1 -2 -4 -3
v  1291 0.05012125 0
v  1291 -0.04987875 0
v  1291.5 0.05012125 0
v  1291.5 -0.04987875 0
f -1 -2 -4 -3
v  1292 0.05012125 0
v  1292 -0.04987875 0
v  1292.5 0.05012125 0
v  1292.5 -0.04987875 0
f -1 -2 -4 -3
v  1293 0.05012125 0
v  1293 -0.04987875 0
v  1293.5 0.05012125 0
v  1293.5 -0.04987875 0
f -1 -2 -4 -3
v  1294 0.05012125 0
v  1294 -0.04987875 0
v  1294.5 0.05012125 0
v  1294.5 -0.04987875 0
f -1 -2 -4 -3
v  1295 0.05012125 0
v  1295 -0.04987875 0
v  1295.5 0.05012125 0
v  1295.5 -0.04987875 0
f -1 -2 -4 -3
v  1296 0.05012125 0
v  1296 -0.04987875 0
v  1296.5 0.05012125 0
v  1296.5 -0.04987875 0
f -1 -2 -4 -3
v  1297 0.05012125 0
v  1297 -0.04987875 0
v  1297.5 0.05012125 0
v  1297.5 -0.04987875 0
f -1 -2 -4 -3
v  1298 0.05012125 0
v  1298 -0.04987875 0
v  1298.5 0.05012125 0
v  1298.5 -0.04987875 0
f -1 -2 -4 -3
v  1299 0.05012125 0
v  1299 -0.04987875 0
v  1299.5 0.05012125 0
v  1299.5 -0.04987875 0
f -1 -2 -4 -3
v  1300 0.05012125 0
v  1300 -0.04987875 0
v  1300.5 0.05012125 0
v  1300.5 -0.04987875 0
f -1 -2 -4 -3
v  1301 0.05012125 0
v  1301 -0.04987875 0
v  1301.5 0.05012125 0
v  1301.5 -0.04987875 0
f -1 -2 -4 -3
v  1302 0.05012125 0
v  1302 -0.04987875 0
v  1302.5 0.05012125 0
v  1302.5 -0.04987875 0
f -1 -2 -4 -3
v  1303 0.05012125 0
v  1303 -0.04987875 0
v  1303.5 0.05012125 0
v  1303.5 -0.04987875 0
f -1 -2 -4 -3
v  1304 0.05012125 0
v  1304 -0.04987875 0
v  1304.5 0.05012125 0
v  1304.5 -0.04987875 0
f -1 -2 -4 -3
v  1305 0.05012125 0
v  1305 -0.04987875 0
v  1305.5 0.05012125 0
v  1305.5 -0.04987875 0
f -1 -2 -4 -3
v  1306 0.05012125 0
v  1306 -0.04987875 0
v  1306.5 0.05012125 0
v  1306.5 -0.04987875 0
f -1 -2 -4 -3
v  1307 0.05012125 0
v  1307 -0.04987875 0
v  1307.5 0.05012125 0
v  1307.5 -0.04987875 0
f -1 -2 -4 -3
v  1308 0.05012125 0
v  1308 -0.04987875 0
v  1308.5 0.05012125 0
v  1308.5 -0.04987875 0
f -1 -2 -4 -3
v  1309 0.05012125 0
v  1309 -0.04987875 0
v  1309.5 0.05012125 0
v  1309.5 -0.04987875 0
f -1 -2 -4 -3
v  1310 0.05012125 0
v  1310 -0.04987875 0
v  1310.5 0.05012125 0
v  1310.5 -0.04987875 0
f -1 -2 -4 -3
v  1311 0.05012125 0
v  1311 -0.04987875 0
v  1311.5 0.05012125 0
v  1311.5 -0.04987875 0
f -1 -2 -4 -3
v  1312 0.05012125 0
v  1312 -0.04987875 0
v  1312.5 0.05012125 0
v  1312.5 -0.04987875 0
f -1 -2 -4 -3
v  1313 0.05012125 0
v  1313 -0.04987875 0
v  1313.5 0.05012125 0
v  1313.5 -0.04987875 0
f -1 -2 -4 -3
v  1314 0.05012125 0
v  1314 -0.04987875 0
v  1314.5 0.05012125 0
v  1314.5 -0.04987875 0
f -1 -2 -4 -3
v  1315 0.05012125 0
v  1315 -0.04987875 0
v  1315.5 0.05012125 0
v  1315.5 -0.04987875 0
f -1 -2 -4 -3
v  1316 0.05012125 0
v  1316 -0.04987875 0
v  1316.5 0.05012125 0
v  1316.5 -0.04987875 0
f -1 -2 -4 -3
v  1317 0.05012125 0
v  1317 -0.04987875 0
v  1317.5 0.05012125 0
v  1317.5 -0.04987875 0
f -1 -2 -4 -3
v  1318 0.05012125 0
v  1318 -0.04987875 0
v  1318.5 0.05012125 0
v  1318.5 -0.04987875 0
f -1 -2 -4 -3
v  1319 0.05012125 0
v  1319 -0.04987875 0
v  1319.5 0.05012125 0
v  1319.5 -0.04987875 0
f -1 -2 -4 -3
v  1320 0.05012125 0
v  1320 -0.04987875 0
v  1320.5 0.05012125 0
v  1320.5 -0.04987875 0
f -1 -2 -4 -3
v  1321 0.05012125 0
v  1321 -0.04987875 0
v  1321.5 0.05012125 0
v  1321.5 -0.04987875 0
f -1 -2 -4 -3
v  1322 0.05012125 0
v  1322 -0.04987875 0
v  1322.5 0.05012125 0
v  1322.5 -0.04987875 0
f -1 -2 -4 -3
v  1323 0.05012125 0
v  1323 -0.04987875 0
v  1323.5 0.05012125 0
v  1323.5 -0.04987875 0
f -1 -2 -4 -3
v  1324 0.05012125 0
v  1324 -0.04987875 0
v  1324.5 0.05012125 0
v  1324.5 -0.04987875 0
f -1 -2 -4 -3
v  1325 0.05012125 0
v  1325 -0.04987875 0
v  1325.5 0.05012125 0
v  1325.5 -0.04987875 0
f -1 -2 -4 -3
v  1326 0.05012125 0
v  1326 -0.04987875 0
v  1326.5 0.05012125 0
v  1326.5 -0.04987875 0
f -1 -2 -4 -3
v  1327 0.05012125 0
v  1327 -0.04987875 0
v  1327.5 0.05012125 0
v  1327.5 -0.04987875 0
f -1 -2 -4 -3
v  1328 0.05012125 0
v  1328 -0.04987875 0
v  1328.5 0.05012125 0
v  1328.5 -0.04987875 0
f -1 -2 -4 -3
v  1329 0.05012125 0
v  1329 -0.04987875 0
v  1329.5 0.05012125 0
v  1329.5 -0.04987875 0
f -1 -2 -4 -3
v  1330 0.05012125 0
v  1330 -0.04987875 0
v  1330.5 0.05012125 0
v  1330.5 -0.04987875 0
f -1 -2 -4 -3
v  1331 0.05012125 0
v  1331 -0.04987875 0
v  1331.5 0.05012125 0
v  1331.5 -0.04987875 0
f -1 -2 -4 -3
v  1332 0.05012125 0
v  1332 -0.04987875 0
v  1332.5 0.05012125 0
v  1332.5 -0.04987875 0
f -1 -2 -4 -3
v  1333 0.05012125 0
v  1333 -0.04987875 0
v  1333.5 0.05012125 0
v  1333.5 -0.04987875 0
f -1 -2 -4 -3
v  1334 0.05012125 0
v  1334 -0.04987875 0
v  1334.5 0.05012125 0
v  1334.5 -0.04987875 0
f -1 -2 -4 -3
v  1335 0.05012125 0
v  1335 -0.04987875 0
v  1335.5 0.05012125 0
v  1335.5 -0.04987875 0
f -1 -2 -4 -3
v  1336 0.05012125 0
v  1336 -0.04987875 0
v  1336.5 0.05012125 0
v  1336.5 -0.04987875 0
f -1 -2 -4 -3
v  1337 0.05012125 0
v  1337 -0.04987875 0
v  1337.5 0.05012125 0
v  1337.5 -0.04987875 0
f -1 -2 -4 -3
v  1338 0.05012125 0
v  1338 -0.04987875 0
v  1338.5 0.05012125 0
v  1338.5 -0.04987875 0
f -1 -2 -4 -3
v  1339 0.05012125 0
v  1339 -0.04987875 0
v  1339.5 0.05012125 0
v  1339.5 -0.04987875 0
f -1 -2 -4 -3
v  1340 0.05012125 0
v  1340 -0.04987875 0
v  1340.5 0.05012125 0
v  1340.5 -0.04987875 0
f -1 -2 -4 -3
v  1341 0.05012125 0
v  1341 -0.04987875 0
v  1341.5 0.05012125 0
v  1341.5 -0.04987875 0
f -1 -2 -4 -3
v  1342 0.05012125 0
v  1342 -0.04987875 0
v  1342.5 0.05012125 0
v  1342.5 -0.04987875 0
f -1 -2 -4 -3
v  1343 0.05012125 0
v  1343 -0.04987875 0
v  1343.5 0.05012125 0
v  1343.5 -0.04987875 0
f -1 -2 -4 -3
v  1344 0.05012125 0
v  1344 -0.04987875 0
v  1344.5 0.05012125 0
v  1344.5 -0.04987875 0
f -1 -2 -4 -3
v  1345 0.05012125 0
v  1345 -0.04987875 0
v  1345.5 0.05012125 0
v  1345.5 -0.04987875 0
f -1 -2 -4 -3
v  1346 0.05012125 0
v  1346 -0.04987875 0
v  1346.5 0.05012125 0
v  1346.5 -0.04987875 0
f -1 -2 -4 -3
v  1347 0.05012125 0
v  1347 -0.04987875 0
v  1347.5 0.05012125 0
v  1347.5 -0.04987875 0
f -1 -2 -4 -3
v  1348 0.05012125 0
v  1348 -0.04987875 0
v  1348.5 0.05012125 0
v  1348.5 -0.04987875 0
f -1 -2 -4 -3
v  1349 0.05012125 0
v  1349 -0.04987875 0
v  1349.5 0.05012125 0
v  1349.5 -0.04987875 0
f -1 -2 -4 -3
v  1350 0.05012125 0
v  1350 -0.04987875 0
v  1350.5 0.05012125 0
v  1350.5 -0.04987875 0
f -1 -2 -4 -3
v  1351 0.05012125 0
v  1351 -0.04987875 0
v  1351.5 0.05012125 0
v  1351.5 -0.04987875 0
f -1 -2 -4 -3
v  1352 0.05012125 0
v  1352 -0.04987875 0
v  1352.5 0.05012125 0
v  1352.5 -0.04987875 0
f -1 -2 -4 -3
v  1353 0.05012125 0
v  1353 -0.04987875 0
v  1353.5 0.05012125 0
v  1353.5 -0.04987875 0
f -1 -2 -4 -3
v  1354 0.05012125 0
v  1354 -0.04987875 0
v  1354.5 0.05012125 0
v  1354.5 -0.04987875 0
f -1 -2 -4 -3
v  1355 0.05012125 0
v  1355 -0.04987875 0
v  1355.5 0.05012125 0
v  1355.5 -0.04987875 0
f -1 -2 -4 -3
v  1356 0.05012125 0
v  1356 -0.04987875 0
v  1356.5 0.05012125 0
v  1356.5 -0.04987875 0
f -1 -2 -4 -3
v  1357 0.05012125 0
v  1357 -0.04987875 0
v  1357.5 0.05012125 0
v  1357.5 -0.04987875 0
f -1 -2 -4 -3
v  1358 0.05012125 0
v  1358 -0.04987875 0
v  1358.5 0.05012125 0
v  1358.5 -0.04987875 0
f -1 -2 -4 -3
v  1359 0.05012125 0
v  1359 -0.04987875 0
v  1359.5 0.05012125 0
v  1359.5 -0.04987875 0
f -1 -2 -4 -3
v  1360 0.05012125 0
v  1360 -0.04987875 0
v  1360.5 0.05012125 0
v  1360.5 -0.04987875 0
f -1 -2 -4 -3
v  1361 0.05012125 0
v  1361 -0.04987875 0
v  1361.5 0.05012125 0
v  1361.5 -0.04987875 0
f -1 -2 -4 -3
v  1362 0.05012125 0
v  1362 -0.04987875 0
v  1362.5 0.05012125 0
v  1362.5 -0.04987875 0
f -1 -2 -4 -3
v  1363 0.05012125 0
v  1363 -0.04987875 0
v  1363.5 0.05012125 0
v  1363.5 -0.04987875 0
f -1 -2 -4 -3
v  1364 0.05012125 0
v  1364 -0.04987875 0
v  1364.5 0.05012125 0
v  1364.5 -0.04987875 0
f -1 -2 -4 -3
v  1365 0.05012125 0
v  1365 -0.04987875 0
v  1365.5 0.05012125 0
v  1365.5 -0.04987875 0
f -1 -2 -4 -3
v  1366 0.05012125 0
v  1366 -0.04987875 0
v  1366.5 0.05012125 0
v  1366.5 -0.04987875 0
f -1 -2 -4 -3
v  1367 0.05012125 0
v  1367 -0.04987875 0
v  1367.5 0.05012125 0
v  1367.5 -0.04987875 0
f -1 -2 -4 -3
v  1368 0.05012125 0
v  1368 -0.04987875 0
v  1368.5 0.05012125 0
v  1368.5 -0.04987875 0
f -1 -2 -4 -3
v  1369 0.05012125 0
v  1369 -0.04987875 0
v  1369.5 0.05012125 0
v  1369.5 -0.04987875 0
f -1 -2 -4 -3
v  1370 0.05012125 0
v  1370 -0.04987875 0
v  1370.5 0.05012125 0
v  1370.5 -0.04987875 0
f -1 -2 -4 -3
v  1371 0.05012125 0
v  1371 -0.04987875 0
v  1371.5 0.05012125 0
v  1371.5 -0.04987875 0
f -1 -2 -4 -3
v  1372 0.05012125 0
v  1372 -0.04987875 0
v  1372.5 0.05012125 0
v  1372.5 -0.04987875 0
f -1 -2 -4 -3
v  1373 0.05012125 0
v  1373 -0.04987875 0
v  1373.5 0.05012125 0
v  1373.5 -0.04987875 0
f -1 -2 -4 -3
v  1374 0.05012125 0
v  1374 -0.04987875 0
v  1374.5 0.05012125 0
v  1374.5 -0.04987875 0
f -1 -2 -4 -3
v  1375 0.05012125 0
v  1375 -0.04987875 0
v  1375.5 0.05012125 0
v  1375.5 -0.04987875 0
f -1 -2 -4 -3
v  1376 0.05012125 0
v  1376 -0.04987875 0
v  1376.5 0.05012125 0
v  1376.5 -0.04987875 0
f -1 -2 -4 -3
v  1377 0.05012125 0
v  1377 -0.04987875 0
v  1377.5 0.05012125 0
v  1377.5 -0.04987875 0
f -1 -2 -4 -3
v  1378 0.05012125 0
v  1378 -0.04987875 0
v  1378.5 0.05012125 0
v  1378.5 -0.04987875 0
f -1 -2 -4 -3
v  1379 0.05012125 0
v  1379 -0.04987875 0
v  1379.5 0.05012125 0
v  1379.5 -0.04987875 0
f -1 -2 -4 -3
v  1380 0.05012125 0
v  1380 -0.04987875 0
v  1380.5 0.05012125 0
v  1380.5 -0.04987875 0
f -1 -2 -4 -3
v  1381 0.05012125 0
v  1381 -0.04987875 0
v  1381.5 0.05012125 0
v  1381.5 -0.04987875 0
f -1 -2 -4 -3
v  1382 0.05012125 0
v  1382 -0.04987875 0
v  1382.5 0.05012125 0
v  1382.5 -0.04987875 0
f -1 -2 -4 -3
v  1383 0.05012125 0
v  1383 -0.04987875 0
v  1383.5 0.05012125 0
v  1383.5 -0.04987875 0
f -1 -2 -4 -3
v  1384 0.05012125 0
v  1384 -0.04987875 0
v  1384.5 0.05012125 0
v  1384.5 -0.04987875 0
f -1 -2 -4 -3
v  1385 0.05012125 0
v  1385 -0.04987875 0
v  1385.5 0.05012125 0
v  1385.5 -0.04987875 0
f -1 -2 -4 -3
v  1386 0.05012125 0
v  1386 -0.04987875 0
v  1386.5 0.05012125 0
v  1386.5 -0.04987875 0
f -1 -2 -4 -3
v  1387 0.05012125 0
v  1387 -0.04987875 0
v  1387.5 0.05012125 0
v  1387.5 -0.04987875 0
f -1 -2 -4 -3
v  1388 0.05012125 0
v  1388 -0.04987875 0
v  1388.5 0.05012125 0
v  1388.5 -0.04987875 0
f -1 -2 -4 -3
v  1389 0.05012125 0
v  1389 -0.04987875 0
v  1389.5 0.05012125 0
v  1389.5 -0.04987875 0
f -1 -2 -4 -3
v  1390 0.05012125 0
v  1390 -0.04987875 0
v  1390.5 0.05012125 0
v  1390.5 -0.04987875 0
f -1 -2 -4 -3
v  1391 0.05012125 0
v  1391 -0.04987875 0
v  1391.5 0.05012125 0
v  1391.5 -0.04987875 0
f -1 -2 -4 -3
v  1392 0.05012125 0
v  1392 -0.04987875 0
v  1392.5 0.05012125 0
v  1392.5 -0.04987875 0
f -1 -2 -4 -3
v  1393 0.05012125 0
v  1393 -0.04987875 0
v  1393.5 0.05012125 0
v  1393.5 -0.04987875 0
f -1 -2 -4 -3
v  1394 0.05012125 0
v  1394 -0.04987875 0
v  1394.5 0.05012125 0
v  1394.5 -0.04987875 0
f -1 -2 -4 -3
v  1395 0.05012125 0
v  1395 -0.04987875 0
v  1395.5 0.05012125 0
v  1395.5 -0.04987875 0
f -1 -2 -4 -3
v  1396 0.05012125 0
v  1396 -0.04987875 0
v  1396.5 0.05012125 0
v  1396.5 -0.04987875 0
f -1 -2 -4 -3
v  1397 0.05012125 0
v  1397 -0.04987875 0
v  1397.5 0.05012125 0
v  1397.5 -0.04987875 0
f -1 -2 -4 -3
v  1398 0.05012125 0
v  1398 -0.04987875 0
v  1398.5 0.05012125 0
v  1398.5 -0.04987875 0
f -1 -2 -4 -3
v  1399 0.05012125 0
v  1399 -0.04987875 0
v  1399.5 0.05012125 0
v  1399.5 -0.04987875 0
f -1 -2 -4 -3
v  1400 0.05012125 0
v  1400 -0.04987875 0
v  1400.5 0.05012125 0
v  1400.5 -0.04987875 0
f -1 -2 -4 -3
v  1401 0.05012125 0
v  1401 -0.04987875 0
v  1401.5 0.05012125 0
v  1401.5 -0.04987875 0
f -1 -2 -4 -3
v  1402 0.05012125 0
v  1402 -0.04987875 0
v  1402.5 0.05012125 0
v  1402.5 -0.04987875 0
f -1 -2 -4 -3
v  1403 0.05012125 0
v  1403 -0.04987875 0
v  1403.5 0.05012125 0
v  1403.5 -0.04987875 0
f -1 -2 -4 -3
v  1404 0.05012125 0
v  1404 -0.04987875 0
v  1404.5 0.05012125 0
v  1404.5 -0.04987875 0
f -1 -2 -4 -3
v  1405 0.05012125 0
v  1405 -0.04987875 0
v  1405.5 0.05012125 0
v  1405.5 -0.04987875 0
f -1 -2 -4 -3
v  1406 0.05012125 0
v  1406 -0.04987875 0
v  1406.5 0.05012125 0
v  1406.5 -0.04987875 0
f -1 -2 -4 -3
v  1407 0.05012125 0
v  1407 -0.04987875 0
v  1407.5 0.05012125 0
v  1407.5 -0.04987875 0
f -1 -2 -4 -3
v  1408 0.05012125 0
v  1408 -0.04987875 0
v  1408.5 0.05012125 0
v  1408.5 -0.04987875 0
f -1 -2 -4 -3
v  1409 0.05012125 0
v  1409 -0.04987875 0
v  1409.5 0.05012125 0
v  1409.5 -0.04987875 0
f -1 -2 -4 -3
v  1410 0.05012125 0
v  1410 -0.04987875 0
v  1410.5 0.05012125 0
v  1410.5 -0.04987875 0
f -1 -2 -4 -3
v  1411 0.05012125 0
v  1411 -0.04987875 0
v  1411.5 0.05012125 0
v  1411.5 -0.04987875 0
f -1 -2 -4 -3
v  1412 0.05012125 0
v  1412 -0.04987875 0
v  1412.5 0.05012125 0
v  1412.5 -0.04987875 0
f -1 -2 -4 -3
v  1413 0.05012125 0
v  1413 -0.04987875 0
v  1413.5 0.05012125 0
v  1413.5 -0.04987875 0
f -1 -2 -4 -3
v  1414 0.05012125 0
v  1414 -0.04987875 0
v  1414.5 0.05012125 0
v  1414.5 -0.04987875 0
f -1 -2 -4 -3
v  1415 0.05012125 0
v  1415 -0.04987875 0
v  1415.5 0.05012125 0
v  1415.5 -0.04987875 0
f -1 -2 -4 -3
v  1416 0.05012125 0
v  1416 -0.04987875 0
v  1416.5 0.05012125 0
v  1416.5 -0.04987875 0
f -1 -2 -4 -3
v  1417 0.05012125 0
v  1417 -0.04987875 0
v  1417.5 0.05012125 0
v  1417.5 -0.04987875 0
f -1 -2 -4 -3
v  1418 0.05012125 0
v  1418 -0.04987875 0
v  1418.5 0.05012125 0
v  1418.5 -0.04987875 0
f -1 -2 -4 -3
v  1419 0.05012125 0
v  1419 -0.04987875 0
v  1419.5 0.05012125 0
v  1419.5 -0.04987875 0
f -1 -2 -4 -3
v  1420 0.05012125 0
v  1420 -0.04987875 0
v  1420.5 0.05012125 0
v  1420.5 -0.04987875 0
f -1 -2 -4 -3
v  1421 0.05012125 0
v  1421 -0.04987875 0
v  1421.5 0.05012125 0
v  1421.5 -0.04987875 0
f -1 -2 -4 -3
v  1422 0.05012125 0
v  1422 -0.04987875 0
v  1422.5 0.05012125 0
v  1422.5 -0.04987875 0
f -1 -2 -4 -3
v  1423 0.05012125 0
v  1423 -0.04987875 0
v  1423.5 0.05012125 0
v  1423.5 -0.04987875 0
f -1 -2 -4 -3
v  1424 0.05012125 0
v  1424 -0.04987875 0
v  1424.5 0.05012125 0
v  1424.5 -0.04987875 0
f -1 -2 -4 -3
v  1425 0.05012125 0
v  1425 -0.04987875 0
v  1425.5 0.05012125 0
v  1425.5 -0.04987875 0
f -1 -2 -4 -3
v  1426 0.05012125 0
v  1426 -0.04987875 0
v  1426.5 0.05012125 0
v  1426.5 -0.04987875 0
f -1 -2 -4 -3
v  1427 0.05012125 0
v  1427 -0.04987875 0
v  1427.5 0.05012125 0
v  1427.5 -0.04987875 0
f -1 -2 -4 -3
v  1428 0.05012125 0
v  1428 -0.04987875 0
v  1428.5 0.05012125 0
v  1428.5 -0.04987875 0
f -1 -2 -4 -3
v  1429 0.05012125 0
v  1429 -0.04987875 0
v  1429.5 0.05012125 0
v  1429.5 -0.04987875 0
f -1 -2 -4 -3
v  1430 0.05012125 0
v  1430 -0.04987875 0
v  1430.5 0.05012125 0
v  1430.5 -0.04987875 0
f -1 -2 -4 -3
v  1431 0.05012125 0
v  1431 -0.04987875 0
v  1431.5 0.05012125 0
v  1431.5 -0.04987875 0
f -1 -2 -4 -3
v  1432 0.05012125 0
v  1432 -0.04987875 0
v  1432.5 0.05012125 0
v  1432.5 -0.04987875 0
f -1 -2 -4 -3
v  1433 0.05012125 0
v  1433 -0.04987875 0
v  1433.5 0.05012125 0
v  1433.5 -0.04987875 0
f -1 -2 -4 -3
v  1434 0.05012125 0
v  1434 -0.04987875 0
v  1434.5 0.05012125 0
v  1434.5 -0.04987875 0
f -1 -2 -4 -3
v  1435 0.05012125 0
v  1435 -0.04987875 0
v  1435.5 0.05012125 0
v  1435.5 -0.04987875 0
f -1 -2 -4 -3
v  1436 0.05012125 0
v  1436 -0.04987875 0
v  1436.5 0.05012125 0
v  1436.5 -0.04987875 0
f -1 -2 -4 -3
v  1437 0.05012125 0
v  1437 -0.04987875 0
v  1437.5 0.05012125 0
v  1437.5 -0.04987875 0
f -1 -2 -4 -3
v  1438 0.05012125 0
v  1438 -0.04987875 0
v  1438.5 0.05012125 0
v  1438.5 -0.04987875 0
f -1 -2 -4 -3
v  1439 0.05012125 0
v  1439 -0.04987875 0
v  1439.5 0.05012125 0
v  1439.5 -0.04987875 0
f -1 -2 -4 -3
v  1440 0.05012125 0
v  1440 -0.04987875 0
v  1440.5 0.05012125 0
v  1440.5 -0.04987875 0
f -1 -2 -4 -3
v  1441 0.05012125 0
v  1441 -0.04987875 0
v  1441.5 0.05012125 0
v  1441.5 -0.04987875 0
f -1 -2 -4 -3
v  1442 0.05012125 0
v  1442 -0.04987875 0
v  1442.5 0.05012125 0
v  1442.5 -0.04987875 0
f -1 -2 -4 -3
v  1443 0.05012125 0
v  1443 -0.04987875 0
v  1443.5 0.05012125 0
v  1443.5 -0.04987875 0
f -1 -2 -4 -3
v  1444 0.05012125 0
v  1444 -0.04987875 0
v  1444.5 0.05012125 0
v  1444.5 -0.04987875 0
f -1 -2 -4 -3
v  1445 0.05012125 0
v  1445 -0.04987875 0
v  1445.5 0.05012125 0
v  1445.5 -0.04987875 0
f -1 -2 -4 -3
v  1446 0.05012125 0
v  1446 -0.04987875 0
v  1446.5 0.05012125 0
v  1446.5 -0.04987875 0
f -1 -2 -4 -3
v  1447 0.05012125 0
v  1447 -0.04987875 0
v  1447.5 0.05012125 0
v  1447.5 -0.04987875 0
f -1 -2 -4 -3
v  1448 0.05012125 0
v  1448 -0.04987875 0
v  1448.5 0.05012125 0
v  1448.5 -0.04987875 0
f -1 -2 -4 -3
v  1449 0.05012125 0
v  1449 -0.04987875 0
v  1449.5 0.05012125 0
v  1449.5 -0.04987875 0
f -1 -2 -4 -3
v  1450 0.05012125 0
v  1450 -0.04987875 0
v  1450.5 0.05012125 0
v  1450.5 -0.04987875 0
f -1 -2 -4 -3
v  1451 0.05012125 0
v  1451 -0.04987875 0
v  1451.5 0.05012125 0
v  1451.5 -0.04987875 0
f -1 -2 -4 -3
v  1452 0.05012125 0
v  1452 -0.04987875 0
v  1452.5 0.05012125 0
v  1452.5 -0.04987875 0
f -1 -2 -4 -3
v  1453 0.05012125 0
v  1453 -0.04987875 0
v  1453.5 0.05012125 0
v  1453.5 -0.04987875 0
f -1 -2 -4 -3
v  1454 0.05012125 0
v  1454 -0.04987875 0
v  1454.5 0.05012125 0
v  1454.5 -0.04987875 0
f -1 -2 -4 -3
v  1455 0.05012125 0
v  1455 -0.04987875 0
v  1455.5 0.05012125 0
v  1455.5 -0.04987875 0
f -1 -2 -4 -3
v  1456 0.05012125 0
v  1456 -0.04987875 0
v  1456.5 0.05012125 0
v  1456.5 -0.04987875 0
f -1 -2 -4 -3
v  1457 0.05012125 0
v  1457 -0.04987875 0
v  1457.5 0.05012125 0
v  1457.5 -0.04987875 0
f -1 -2 -4 -3
v  1458 0.05012125 0
v  1458 -0.04987875 0
v  1458.5 0.05012125 0
v  1458.5 -0.04987875 0
f -1 -2 -4 -3
v  1459 0.05012125 0
v  1459 -0.04987875 0
v  1459.5 0.05012125 0
v  1459.5 -0.04987875 0
f -1 -2 -4 -3
v  1460 0.05012125 0
v  1460 -0.04987875 0
v  1460.5 0.05012125 0
v  1460.5 -0.04987875 0
f -1 -2 -4 -3
v  1461 0.05012125 0
v  1461 -0.04987875 0
v  1461.5 0.05012125 0
v  1461.5 -0.04987875 0
f -1 -2 -4 -3
v  1462 0.05012125 0
v  1462 -0.04987875 0
v  1462.5 0.05012125 0
v  1462.5 -0.04987875 0
f -1 -2 -4 -3
v  1463 0.05012125 0
v  1463 -0.04987875 0
v  1463.5 0.05012125 0
v  1463.5 -0.04987875 0
f -1 -2 -4 -3
v  1464 0.05012125 0
v  1464 -0.04987875 0
v  1464.5 0.05012125 0
v  1464.5 -0.04987875 0
f -1 -2 -4 -3
v  1465 0.05012125 0
v  1465 -0.04987875 0
v  1465.5 0.05012125 0
v  1465.5 -0.04987875 0
f -1 -2 -4 -3
v  1466 0.05012125 0
v  1466 -0.04987875 0
v  1466.5 0.05012125 0
v  1466.5 -0.04987875 0
f -1 -2 -4 -3
v  1467 0.05012125 0
v  1467 -0.04987875 0
v  1467.5 0.05012125 0
v  1467.5 -0.04987875 0
f -1 -2 -4 -3
v  1468 0.05012125 0
v  1468 -0.04987875 0
v  1468.5 0.05012125 0
v  1468.5 -0.04987875 0
f -1 -2 -4 -3
v  1469 0.05012125 0
v  1469 -0.04987875 0
v  1469.5 0.05012125 0
v  1469.5 -0.04987875 0
f -1 -2 -4 -3
v  1470 0.05012125 0
v  1470 -0.04987875 0
v  1470.5 0.05012125 0
v  1470.5 -0.04987875 0
f -1 -2 -4 -3
v  1471 0.05012125 0
v  1471 -0.04987875 0
v  1471.5 0.05012125 0
v  1471.5 -0.04987875 0
f -1 -2 -4 -3
v  1472 0.05012125 0
v  1472 -0.04987875 0
v  1472.5 0.05012125 0
v  1472.5 -0.04987875 0
f -1 -2 -4 -3
v  1473 0.05012125 0
v  1473 -0.04987875 0
v  1473.5 0.05012125 0
v  1473.5 -0.04987875 0
f -1 -2 -4 -3
v  1474 0.05012125 0
v  1474 -0.04987875 0
v  1474.5 0.05012125 0
v  1474.5 -0.04987875 0
f -1 -2 -4 -3
v  1475 0.05012125 0
v  1475 -0.04987875 0
v  1475.5 0.05012125 0
v  1475.5 -0.04987875 0
f -1 -2 -4 -3
v  1476 0.05012125 0
v  1476 -0.04987875 0
v  1476.5 0.05012125 0
v  1476.5 -0.04987875 0
f -1 -2 -4 -3
v  1477 0.05012125 0
v  1477 -0.04987875 0
v  1477.5 0.05012125 0
v  1477.5 -0.04987875 0
f -1 -2 -4 -3
v  1478 0.05012125 0
v  1478 -0.04987875 0
v  1478.5 0.05012125 0
v  1478.5 -0.04987875 0
f -1 -2 -4 -3
v  1479 0.05012125 0
v  1479 -0.04987875 0
v  1479.5 0.05012125 0
v  1479.5 -0.04987875 0
f -1 -2 -4 -3
v  1480 0.05012125 0
v  1480 -0.04987875 0
v  1480.5 0.05012125 0
v  1480.5 -0.04987875 0
f -1 -2 -4 -3
v  1481 0.05012125 0
v  1481 -0.04987875 0
v  1481.5 0.05012125 0
v  1481.5 -0.04987875 0
f -1 -2 -4 -3
v  1482 0.05012125 0
v  1482 -0.04987875 0
v  1482.5 0.05012125 0
v  1482.5 -0.04987875 0
f -1 -2 -4 -3
v  1483 0.05012125 0
v  1483 -0.04987875 0
v  1483.5 0.05012125 0
v  1483.5 -0.04987875 0
f -1 -2 -4 -3
v  1484 0.05012125 0
v  1484 -0.04987875 0
v  1484.5 0.05012125 0
v  1484.5 -0.04987875 0
f -1 -2 -4 -3
v  1485 0.05012125 0
v  1485 -0.04987875 0
v  1485.5 0.05012125 0
v  1485.5 -0.04987875 0
f -1 -2 -4 -3
v  1486 0.05012125 0
v  1486 -0.04987875 0
v  1486.5 0.05012125 0
v  1486.5 -0.04987875 0
f -1 -2 -4 -3
v  1487 0.05012125 0
v  1487 -0.04987875 0
v  1487.5 0.05012125 0
v  1487.5 -0.04987875 0
f -1 -2 -4 -3
v  1488 0.05012125 0
v  1488 -0.04987875 0
v  1488.5 0.05012125 0
v  1488.5 -0.04987875 0
f -1 -2 -4 -3
v  1489 0.05012125 0
v  1489 -0.04987875 0
v  1489.5 0.05012125 0
v  1489.5 -0.04987875 0
f -1 -2 -4 -3
v  1490 0.05012125 0
v  1490 -0.04987875 0
v  1490.5 0.05012125 0
v  1490.5 -0.04987875 0
f -1 -2 -4 -3
v  1491 0.05012125 0
v  1491 -0.04987875 0
v  1491.5 0.05012125 0
v  1491.5 -0.04987875 0
f -1 -2 -4 -3
v  1492 0.05012125 0
v  1492 -0.04987875 0
v  1492.5 0.05012125 0
v  1492.5 -0.04987875 0
f -1 -2 -4 -3
v  1493 0.05012125 0
v  1493 -0.04987875 0
v  1493.5 0.05012125 0
v  1493.5 -0.04987875 0
f -1 -2 -4 -3
v  1494 0.05012125 0
v  1494 -0.04987875 0
v  1494.5 0.05012125 0
v  1494.5 -0.04987875 0
f -1 -2 -4 -3
v  1495 0.05012125 0
v  1495 -0.04987875 0
v  1495.5 0.05012125 0
v  1495.5 -0.04987875 0
f -1 -2 -4 -3
v  1496 0.05012125 0
v  1496 -0.04987875 0
v  1496.5 0.05012125 0
v  1496.5 -0.04987875 0
f -1 -2 -4 -3
v  1497 0.05012125 0
v  1497 -0.04987875 0
v  1497.5 0.05012125 0
v  1497.5 -0.04987875 0
f -1 -2 -4 -3
v  1498 0.05012125 0
v  1498 -0.04987875 0
v  1498.5 0.05012125 0
v  1498.5 -0.04987875 0
f -1 -2 -4 -3
v  1499 0.05012125 0
v  1499 -0.04987875 0
v  1499.5 0.05012125 0
v  1499.5 -0.04987875 0
f -1 -2 -4 -3
v  1500 0.05012125 0
v  1500 -0.04987875 0
v  1500.5 0.05012125 0
v  1500.5 -0.04987875 0
f -1 -2 -4 -3
v  1501 0.05012125 0
v  1501 -0.04987875 0
v  1501.5 0.05012125 0
v  1501.5 -0.04987875 0
f -1 -2 -4 -3
v  1502 0.05012125 0
v  1502 -0.04987875 0
v  1502.5 0.05012125 0
v  1502.5 -0.04987875 0
f -1 -2 -4 -3
v  1503 0.05012125 0
v  1503 -0.04987875 0
v  1503.5 0.05012125 0
v  1503.5 -0.04987875 0
f -1 -2 -4 -3
v  1504 0.05012125 0
v  1504 -0.04987875 0
v  1504.5 0.05012125 0
v  1504.5 -0.04987875 0
f -1 -2 -4 -3
v  1505 0.05012125 0
v  1505 -0.04987875 0
v  1505.5 0.05012125 0
v  1505.5 -0.04987875 0
f -1 -2 -4 -3
v  1506 0.05012125 0
v  1506 -0.04987875 0
v  1506.5 0.05012125 0
v  1506.5 -0.04987875 0
f -1 -2 -4 -3
v  1507 0.05012125 0
v  1507 -0.04987875 0
v  1507.5 0.05012125 0
v  1507.5 -0.04987875 0
f -1 -2 -4 -3
v  1508 0.05012125 0
v  1508 -0.04987875 0
v  1508.5 0.05012125 0
v  1508.5 -0.04987875 0
f -1 -2 -4 -3
v  1509 0.05012125 0
v  1509 -0.04987875 0
v  1509.5 0.05012125 0
v  1509.5 -0.04987875 0
f -1 -2 -4 -3
v  1510 0.05012125 0
v  1510 -0.04987875 0
v  1510.5 0.05012125 0
v  1510.5 -0.04987875 0
f -1 -2 -4 -3
v  1511 0.05012125 0
v  1511 -0.04987875 0
v  1511.5 0.05012125 0
v  1511.5 -0.04987875 0
f -1 -2 -4 -3
v  1512 0.05012125 0
v  1512 -0.04987875 0
v  1512.5 0.05012125 0
v  1512.5 -0.04987875 0
f -1 -2 -4 -3
v  1513 0.05012125 0
v  1513 -0.04987875 0
v  1513.5 0.05012125 0
v  1513.5 -0.04987875 0
f -1 -2 -4 -3
v  1514 0.05012125 0
v  1514 -0.04987875 0
v  1514.5 0.05012125 0
v  1514.5 -0.04987875 0
f -1 -2 -4 -3
v  1515 0.05012125 0
v  1515 -0.04987875 0
v  1515.5 0.05012125 0
v  1515.5 -0.04987875 0
f -1 -2 -4 -3
v  1516 0.05012125 0
v  1516 -0.04987875 0
v  1516.5 0.05012125 0
v  1516.5 -0.04987875 0
f -1 -2 -4 -3
v  1517 0.05012125 0
v  1517 -0.04987875 0
v  1517.5 0.05012125 0
v  1517.5 -0.04987875 0
f -1 -2 -4 -3
v  1518 0.05012125 0
v  1518 -0.04987875 0
v  1518.5 0.05012125 0
v  1518.5 -0.04987875 0
f -1 -2 -4 -3
v  1519 0.05012125 0
v  1519 -0.04987875 0
v  1519.5 0.05012125 0
v  1519.5 -0.04987875 0
f -1 -2 -4 -3
v  1520 0.05012125 0
v  1520 -0.04987875 0
v  1520.5 0.05012125 0
v  1520.5 -0.04987875 0
f -1 -2 -4 -3
v  1521 0.05012125 0
v  1521 -0.04987875 0
v  1521.5 0.05012125 0
v  1521.5 -0.04987875 0
f -1 -2 -4 -3
v  1522 0.05012125 0
v  1522 -0.04987875 0
v  1522.5 0.05012125 0
v  1522.5 -0.04987875 0
f -1 -2 -4 -3
v  1523 0.05012125 0
v  1523 -0.04987875 0
v  1523.5 0.05012125 0
v  1523.5 -0.04987875 0
f -1 -2 -4 -3
v  1524 0.05012125 0
v  1524 -0.04987875 0
v  1524.5 0.05012125 0
v  1524.5 -0.04987875 0
f -1 -2 -4 -3
v  1525 0.05012125 0
v  1525 -0.04987875 0
v  1525.5 0.05012125 0
v  1525.5 -0.04987875 0
f -1 -2 -4 -3
v  1526 0.05012125 0
v  1526 -0.04987875 0
v  1526.5 0.05012125 0
v  1526.5 -0.04987875 0
f -1 -2 -4 -3
v  1527 0.05012125 0
v  1527 -0.04987875 0
v  1527.5 0.05012125 0
v  1527.5 -0.04987875 0
f -1 -2 -4 -3
v  1528 0.05012125 0
v  1528 -0.04987875 0
v  1528.5 0.05012125 0
v  1528.5 -0.04987875 0
f -1 -2 -4 -3
v  1529 0.05012125 0
v  1529 -0.04987875 0
v  1529.5 0.05012125 0
v  1529.5 -0.04987875 0
f -1 -2 -4 -3
v  1530 0.05012125 0
v  1530 -0.04987875 0
v  1530.5 0.05012125 0
v  1530.5 -0.04987875 0
f -1 -2 -4 -3
v  1531 0.05012125 0
v  1531 -0.04987875 0
v  1531.5 0.05012125 0
v  1531.5 -0.04987875 0
f -1 -2 -4 -3
v  1532 0.05012125 0
v  1532 -0.04987875 0
v  1532.5 0.05012125 0
v  1532.5 -0.04987875 0
f -1 -2 -4 -3
v  1533 0.05012125 0
v  1533 -0.04987875 0
v  1533.5 0.05012125 0
v  1533.5 -0.04987875 0
f -1 -2 -4 -3
v  1534 0.05012125 0
v  1534 -0.04987875 0
v  1534.5 0.05012125 0
v  1534.5 -0.04987875 0
f -1 -2 -4 -3
v  1535 0.05012125 0
v  1535 -0.04987875 0
v  1535.5 0.05012125 0
v  1535.5 -0.04987875 0
f -1 -2 -4 -3
v  1536 0.05012125 0
v  1536 -0.04987875 0
v  1536.5 0.05012125 0
v  1536.5 -0.04987875 0
f -1 -2 -4 -3
v  1537 0.05012125 0
v  1537 -0.04987875 0
v  1537.5 0.05012125 0
v  1537.5 -0.04987875 0
f -1 -2 -4 -3
v  1538 0.05012125 0
v  1538 -0.04987875 0
v  1538.5 0.05012125 0
v  1538.5 -0.04987875 0
f -1 -2 -4 -3
v  1539 0.05012125 0
v  1539 -0.04987875 0
v  1539.5 0.05012125 0
v  1539.5 -0.04987875 0
f -1 -2 -4 -3
v  1540 0.05012125 0
v  1540 -0.04987875 0
v  1540.5 0.05012125 0
v  1540.5 -0.04987875 0
f -1 -2 -4 -3
v  1541 0.05012125 0
v  1541 -0.04987875 0
v  1541.5 0.05012125 0
v  1541.5 -0.04987875 0
f -1 -2 -4 -3
v  1542 0.05012125 0
v  1542 -0.04987875 0
v  1542.5 0.05012125 0
v  1542.5 -0.04987875 0
f -1 -2 -4 -3
v  1543 0.05012125 0
v  1543 -0.04987875 0
v  1543.5 0.05012125 0
v  1543.5 -0.04987875 0
f -1 -2 -4 -3
v  1544 0.05012125 0
v  1544 -0.04987875 0
v  1544.5 0.05012125 0
v  1544.5 -0.04987875 0
f -1 -2 -4 -3
v  1545 0.05012125 0
v  1545 -0.04987875 0
v  1545.5 0.05012125 0
v  1545.5 -0.04987875 0
f -1 -2 -4 -3
v  1546 0.05012125 0
v  1546 -0.04987875 0
v  1546.5 0.05012125 0
v  1546.5 -0.04987875 0
f -1 -2 -4 -3
v  1547 0.05012125 0
v  1547 -0.04987875 0
v  1547.5 0.05012125 0
v  1547.5 -0.04987875 0
f -1 -2 -4 -3
v  1548 0.05012125 0
v  1548 -0.04987875 0
v  1548.5 0.05012125 0
v  1548.5 -0.04987875 0
f -1 -2 -4 -3
v  1549 0.05012125 0
v  1549 -0.04987875 0
v  1549.5 0.05012125 0
v  1549.5 -0.04987875 0
f -1 -2 -4 -3
v  1550 0.05012125 0
v  1550 -0.04987875 0
v  1550.5 0.05012125 0
v  1550.5 -0.04987875 0
f -1 -2 -4 -3
v  1551 0.05012125 0
v  1551 -0.04987875 0
v  1551.5 0.05012125 0
v  1551.5 -0.04987875 0
f -1 -2 -4 -3
v  1552 0.05012125 0
v  1552 -0.04987875 0
v  1552.5 0.05012125 0
v  1552.5 -0.04987875 0
f -1 -2 -4 -3
v  1553 0.05012125 0
v  1553 -0.04987875 0
v  1553.5 0.05012125 0
v  1553.5 -0.04987875 0
f -1 -2 -4 -3
v  1554 0.05012125 0
v  1554 -0.04987875 0
v  1554.5 0.05012125 0
v  1554.5 -0.04987875 0
f -1 -2 -4 -3
v  1555 0.05012125 0
v  1555 -0.04987875 0
v  1555.5 0.05012125 0
v  1555.5 -0.04987875 0
f -1 -2 -4 -3
v  1556 0.05012125 0
v  1556 -0.04987875 0
v  1556.5 0.05012125 0
v  1556.5 -0.04987875 0
f -1 -2 -4 -3
v  1557 0.05012125 0
v  1557 -0.04987875 0
v  1557.5 0.05012125 0
v  1557.5 -0.04987875 0
f -1 -2 -4 -3
v  1558 0.05012125 0
v  1558 -0.04987875 0
v  1558.5 0.05012125 0
v  1558.5 -0.04987875 0
f -1 -2 -4 -3
v  1559 0.05012125 0
v  1559 -0.04987875 0
v  1559.5 0.05012125 0
v  1559.5 -0.04987875 0
f -1 -2 -4 -3
v  1560 0.05012125 0
v  1560 -0.04987875 0
v  1560.5 0.05012125 0
v  1560.5 -0.04987875 0
f -1 -2 -4 -3
v  1561 0.05012125 0
v  1561 -0.04987875 0
v  1561.5 0.05012125 0
v  1561.5 -0.04987875 0
f -1 -2 -4 -3
v  1562 0.05012125 0
v  1562 -0.04987875 0
v  1562.5 0.05012125 0
v  1562.5 -0.04987875 0
f -1 -2 -4 -3
v  1563 0.05012125 0
v  1563 -0.04987875 0
v  1563.5 0.05012125 0
v  1563.5 -0.04987875 0
f -1 -2 -4 -3
v  1564 0.05012125 0
v  1564 -0.04987875 0
v  1564.5 0.05012125 0
v  1564.5 -0.04987875 0
f -1 -2 -4 -3
v  1565 0.05012125 0
v  1565 -0.04987875 0
v  1565.5 0.05012125 0
v  1565.5 -0.04987875 0
f -1 -2 -4 -3
v  1566 0.05012125 0
v  1566 -0.04987875 0
v  1566.5 0.05012125 0
v  1566.5 -0.04987875 0
f -1 -2 -4 -3
v  1567 0.05012125 0
v  1567 -0.04987875 0
v  1567.5 0.05012125 0
v  1567.5 -0.04987875 0
f -1 -2 -4 -3
v  1568 0.05012125 0
v  1568 -0.04987875 0
v  1568.5 0.05012125 0
v  1568.5 -0.04987875 0
f -1 -2 -4 -3
v  1569 0.05012125 0
v  1569 -0.04987875 0
v  1569.5 0.05012125 0
v  1569.5 -0.04987875 0
f -1 -2 -4 -3
v  1570 0.05012125 0
v  1570 -0.04987875 0
v  1570.5 0.05012125 0
v  1570.5 -0.04987875 0
f -1 -2 -4 -3
v  1571 0.05012125 0
v  1571 -0.04987875 0
v  1571.5 0.05012125 0
v  1571.5 -0.04987875 0
f -1 -2 -4 -3
v  1572 0.05012125 0
v  1572 -0.04987875 0
v  1572.5 0.05012125 0
v  1572.5 -0.04987875 0
f -1 -2 -4 -3
v  1573 0.05012125 0
v  1573 -0.04987875 0
v  1573.5 0.05012125 0
v  1573.5 -0.04987875 0
f -1 -2 -4 -3
v  1574 0.05012125 0
v  1574 -0.04987875 0
v  1574.5 0.05012125 0
v  1574.5 -0.04987875 0
f -1 -2 -4 -3
v  1575 0.05012125 0
v  1575 -0.04987875 0
v  1575.5 0.05012125 0
v  1575.5 -0.04987875 0
f -1 -2 -4 -3
v  1576 0.05012125 0
v  1576 -0.04987875 0
v  1576.5 0.05012125 0
v  1576.5 -0.04987875 0
f -1 -2 -4 -3
v  1577 0.05012125 0
v  1577 -0.04987875 0
v  1577.5 0.05012125 0
v  1577.5 -0.04987875 0
f -1 -2 -4 -3
v  1578 0.05012125 0
v  1578 -0.04987875 0
v  1578.5 0.05012125 0
v  1578.5 -0.04987875 0
f -1 -2 -4 -3
v  1579 0.05012125 0
v  1579 -0.04987875 0
v  1579.5 0.05012125 0
v  1579.5 -0.04987875 0
f -1 -2 -4 -3
v  1580 0.05012125 0
v  1580 -0.04987875 0
v  1580.5 0.05012125 0
v  1580.5 -0.04987875 0
f -1 -2 -4 -3
v  1581 0.05012125 0
v  1581 -0.04987875 0
v  1581.5 0.05012125 0
v  1581.5 -0.04987875 0
f -1 -2 -4 -3
v  1582 0.05012125 0
v  1582 -0.04987875 0
v  1582.5 0.05012125 0
v  1582.5 -0.04987875 0
f -1 -2 -4 -3
v  1583 0.05012125 0
v  1583 -0.04987875 0
v  1583.5 0.05012125 0
v  1583.5 -0.04987875 0
f -1 -2 -4 -3
v  1584 0.05012125 0
v  1584 -0.04987875 0
v  1584.5 0.05012125 0
v  1584.5 -0.04987875 0
f -1 -2 -4 -3
v  1585 0.05012125 0
v  1585 -0.04987875 0
v  1585.5 0.05012125 0
v  1585.5 -0.04987875 0
f -1 -2 -4 -3
v  1586 0.05012125 0
v  1586 -0.04987875 0
v  1586.5 0.05012125 0
v  1586.5 -0.04987875 0
f -1 -2 -4 -3
v  1587 0.05012125 0
v  1587 -0.04987875 0
v  1587.5 0.05012125 0
v  1587.5 -0.04987875 0
f -1 -2 -4 -3
v  1588 0.05012125 0
v  1588 -0.04987875 0
v  1588.5 0.05012125 0
v  1588.5 -0.04987875 0
f -1 -2 -4 -3
v  1589 0.05012125 0
v  1589 -0.04987875 0
v  1589.5 0.05012125 0
v  1589.5 -0.04987875 0
f -1 -2 -4 -3
v  1590 0.05012125 0
v  1590 -0.04987875 0
v  1590.5 0.05012125 0
v  1590.5 -0.04987875 0
f -1 -2 -4 -3
v  1591 0.05012125 0
v  1591 -0.04987875 0
v  1591.5 0.05012125 0
v  1591.5 -0.04987875 0
f -1 -2 -4 -3
v  1592 0.05012125 0
v  1592 -0.04987875 0
v  1592.5 0.05012125 0
v  1592.5 -0.04987875 0
f -1 -2 -4 -3
v  1593 0.05012125 0
v  1593 -0.04987875 0
v  1593.5 0.05012125 0
v  1593.5 -0.04987875 0
f -1 -2 -4 -3
v  1594 0.05012125 0
v  1594 -0.04987875 0
v  1594.5 0.05012125 0
v  1594.5 -0.04987875 0
f -1 -2 -4 -3
v  1595 0.05012125 0
v  1595 -0.04987875 0
v  1595.5 0.05012125 0
v  1595.5 -0.04987875 0
f -1 -2 -4 -3
v  1596 0.05012125 0
v  1596 -0.04987875 0
v  1596.5 0.05012125 0
v  1596.5 -0.04987875 0
f -1 -2 -4 -3
v  1597 0.05012125 0
v  1597 -0.04987875 0
v  1597.5 0.05012125 0
v  1597.5 -0.04987875 0
f -1 -2 -4 -3
v  1598 0.05012125 0
v  1598 -0.04987875 0
v  1598.5 0.05012125 0
v  1598.5 -0.04987875 0
f -1 -2 -4 -3
v  1599 0.05012125 0
v  1599 -0.04987875 0
v  1599.5 0.05012125 0
v  1599.5 -0.04987875 0
f -1 -2 -4 -3
v  1600 0.05012125 0
v  1600 -0.04987875 0
v  1600.5 0.05012125 0
v  1600.5 -0.04987875 0
f -1 -2 -4 -3
v  1601 0.05012125 0
v  1601 -0.04987875 0
v  1601.5 0.05012125 0
v  1601.5 -0.04987875 0
f -1 -2 -4 -3
v  1602 0.05012125 0
v  1602 -0.04987875 0
v  1602.5 0.05012125 0
v  1602.5 -0.04987875 0
f -1 -2 -4 -3
v  1603 0.05012125 0
v  1603 -0.04987875 0
v  1603.5 0.05012125 0
v  1603.5 -0.04987875 0
f -1 -2 -4 -3
v  1604 0.05012125 0
v  1604 -0.04987875 0
v  1604.5 0.05012125 0
v  1604.5 -0.04987875 0
f -1 -2 -4 -3
v  1605 0.05012125 0
v  1605 -0.04987875 0
v  1605.5 0.05012125 0
v  1605.5 -0.04987875 0
f -1 -2 -4 -3
v  1606 0.05012125 0
v  1606 -0.04987875 0
v  1606.5 0.05012125 0
v  1606.5 -0.04987875 0
f -1 -2 -4 -3
v  1607 0.05012125 0
v  1607 -0.04987875 0
v  1607.5 0.05012125 0
v  1607.5 -0.04987875 0
f -1 -2 -4 -3
v  1608 0.05012125 0
v  1608 -0.04987875 0
v  1608.5 0.05012125 0
v  1608.5 -0.04987875 0
f -1 -2 -4 -3
v  1609 0.05012125 0
v  1609 -0.04987875 0
v  1609.5 0.05012125 0
v  1609.5 -0.04987875 0
f -1 -2 -4 -3
v  1610 0.05012125 0
v  1610 -0.04987875 0
v  1610.5 0.05012125 0
v  1610.5 -0.04987875 0
f -1 -2 -4 -3
v  1611 0.05012125 0
v  1611 -0.04987875 0
v  1611.5 0.05012125 0
v  1611.5 -0.04987875 0
f -1 -2 -4 -3
v  1612 0.05012125 0
v  1612 -0.04987875 0
v  1612.5 0.05012125 0
v  1612.5 -0.04987875 0
f -1 -2 -4 -3
v  1613 0.05012125 0
v  1613 -0.04987875 0
v  1613.5 0.05012125 0
v  1613.5 -0.04987875 0
f -1 -2 -4 -3
v  1614 0.05012125 0
v  1614 -0.04987875 0
v  1614.5 0.05012125 0
v  1614.5 -0.04987875 0
f -1 -2 -4 -3
v  1615 0.05012125 0
v  1615 -0.04987875 0
v  1615.5 0.05012125 0
v  1615.5 -0.04987875 0
f -1 -2 -4 -3
v  1616 0.05012125 0
v  1616 -0.04987875 0
v  1616.5 0.05012125 0
v  1616.5 -0.04987875 0
f -1 -2 -4 -3
