Time,Alpha_L1,Alpha_L2,Alpha_R1,Alpha_R2,AVz,Ay,Bk_Stat,Fx_L1,Fx_L2,Fx_R1,Fx_R2,Fy_L1,Fy_L2,Fy_R1,Fy_R2,Fz_L1,Fz_L2,Fz_R1,Fz_R2,GearStat,Lat_Targ,Lat_Veh,Pitch,PitchGL1,PitchGL2,PitchGR1,PitchGR2,PitchO1,Roll,RollGL1,RollGL2,RollGR1,RollGR2,RollO_1,Roll_E,Roll_L1,Roll_L2,Roll_R1,Roll_R2,Rot_L1,Rot_L2,Rot_R1,Rot_R2,Station,Steer_L1,Steer_R1,Steer_SW,VisO_1,Vx,VxTarget,Vxz_Fwd,Xctc_L1,Xctc_L2,Xctc_R1,Xctc_R2,Xo,X_L1,X_L2,X_Obj_1,X_R1,X_R2,Yaw,YawO_1,Yaw_L1,Yaw_L2,Yaw_R1,Yaw_R2,Yctc_L1,Yctc_L2,Yctc_R1,Yctc_R2,Yo,Y_L1,Y_L2,Y_Obj_1,Y_R1,Y_R2,Zgnd_L1,Zgnd_L2,Zgnd_R1,Zgnd_R2,Zo,Z_L1,Z_L2,Z_Obj_1,Z_R1,Z_R2
0, 8.36383362954e-18, -0, -8.36383362954e-18, -0, 0, 2.915109461367e-20, 0, -2.629323907209e-11, 0, -2.629323907209e-11, 0, -3.29522231126e-19, -0, 3.29522231126e-19, -0, 4705.658697437, 2654.825674813, 4705.658697437, 2654.825674813, 6, 0, 0, 0.1506696057217, -0, -0, -0, -0, -0, 0, 0, 0, 0, 0, 0, 0, 3.180543684351e-15, 0, -3.180543684351e-15, 0, 0.0004185266825604, 0.0004185266825604, 0.0004185266825604, 0.0004185266825604, 0, 0, 0, 0, 1, 120, 120, 120, 0.0008546452433101, -2.909135293117, 0.0008546452433101, -2.909135293117, 0, 0.0008546452433101, -2.909135293117, 16.66666666667, 0.0008546452433101, -2.909135293117, 0, 0, -3.195270793007e-15, 0, 3.195270793007e-15, 0, 0.8375, 0.8375, -0.8375, -0.8375, 0, 0.8375, 0.8375, 0, -0.8375, -0.8375, -0, -0, -0, -0, -0.00855730425281, 0.3164415720245, 0.3240939340492, 0, 0.3164415720245, 0.3240939340492
0.025, -0.0004739074982905, 0.0003516316058333, 0.0004739074982901, -0.0003516316058216, 4.343394171213e-15, -2.366353549426e-16, 0, -29.31258716708, -14.5852937941, -29.31258716708, -14.5852937941, 0.3789428858045, -0.2124663447407, -0.3789428858035, 0.2124663447362, 4687.875988902, 2659.398180967, 4687.875988902, 2659.398180967, 6, 0, -8.630666424672e-19, 0.1479306903471, -0, -0, -0, -0, -0, -6.90160188996e-17, 0, 0, 0, 0, 0, -6.90162489338e-17, -0.0005088163362014, 0.0003660084350312, 0.0005088163362013, -0.0003660084350315, 0.4083855488692, 0.4083983877485, 0.4083855488692, 0.4083983877485, 0.8332540307847, 0.0002919163932551, -0.0002919163932551, -6.766730679121e-16, 1, 119.9694693219, 120, 119.9690472285, 0.8340904554724, -2.075898177601, 0.8340904554724, -2.075898177601, 0.8332540307847, 0.834090455458, -2.075898177607, 17.49562170141, 0.834090455458, -2.075898177607, 3.957729660375e-17, 0, 0.0002932310706542, -0.0001586760172699, -0.0002932310706541, 0.0001586760172573, 0.8374983368497, 0.8375019144362, -0.8374983368497, -0.8375019144362, -8.630666424672e-19, 0.8375011476048, 0.8374998442162, 0, -0.8375011476048, -0.8374998442162, -0, -0, -0, -0, -0.008449549982037, 0.3165079254021, 0.3240768724525, 0, 0.3165079254021, 0.3240768724525
0.05, -0.001378658599003, 0.0008356688174713, 0.001378658599002, -0.0008356688174738, 1.120112423311e-14, -1.132851950281e-16, 0, -38.37069132815, -14.72993265374, -38.37069132817, -14.72993265375, 1.327482007885, -0.5771183524521, -1.327482007882, 0.5771183524477, 4637.892732521, 2669.242794419, 4637.892732521, 2669.242794419, 6, 0, -2.145082874998e-18, 0.140965784899, -0, -0, -0, -0, -0, -2.714477151307e-16, 0, 0, 0, 0, 0, -2.71448536691e-16, -0.001753768351762, 0.001113794910256, 0.001753768351762, -0.001113794910257, 0.8162146136118, 0.8162562314644, 0.8162146136118, 0.8162562314644, 1.666326001542, 0.0009680325636746, -0.0009680325636746, -4.112795774506e-15, 1, 119.9372171933, 120, 119.9365437467, 1.667121052131, -1.242865616549, 1.667121052131, -1.242865616549, 1.666326001542, 1.667121051967, -1.242865616602, 18.3241792997, 1.667121051967, -1.242865616602, 2.298896040805e-16, 0, 0.0009723503284455, -0.0004819223896018, -0.000972350328445, 0.0004819223896023, 0.8374942511846, 0.837505826699, -0.8374942511846, -0.837505826699, -2.145082874998e-18, 0.8375039448946, 0.8374995275569, 0, -0.8375039448946, -0.8374995275569, -0, -0, -0, -0, -0.008161675560598, 0.3166944299542, 0.3240401387656, 0, 0.3166944299542, 0.3240401387656
0.075, -0.002943221327514, 0.001312152831684, 0.0029432213275, -0.001312152831675, 1.618612235988e-14, -1.448122437794e-16, 0, -47.49093280317, -14.36834742041, -47.49093280317, -14.36834742041, 3.156318930417, -1.032969519263, -3.156318930416, 1.03296951926, 4583.733848128, 2672.195275897, 4583.733848128, 2672.195275897, 6, 0, -2.813488531074e-18, 0.1321701752759, -0, -0, -0, -0, -0, -5.553364909551e-16, 0, 0, 0, 0, 0, -5.553379685278e-16, -0.004124109363432, 0.002165991551676, 0.004124109363431, -0.002165991551677, 1.223900692823, 1.22400696315, 1.223900692823, 1.22400696315, 2.499186456, 0.002255027545027, -0.002255027545015, -1.027911870007e-14, 1, 119.903853874, 120, 119.9031575622, 2.499928473122, -0.4100546941556, 2.499928473122, -0.4100546941556, 2.499186456, 2.49992847222, -0.4100546943557, 19.15240278409, 2.49992847222, -0.4100546943557, 5.658031866444e-16, 0, 0.002264547076811, -0.0009357252880175, -0.002264547076798, 0.0009357252880059, 0.8374863983363, 0.837511330648, -0.8374863983363, -0.837511330648, -2.813488531074e-18, 0.8375092083216, 0.8374990811535, 0, -0.8375092083216, -0.8374990811535, -0, -0, -0, -0, -0.007766876659651, 0.3168965146711, 0.3240291218733, 0, 0.3168965146711, 0.3240291218733
0.1, -0.004987716452115, 0.001426230065927, 0.004987716452125, -0.001426230065919, 1.961115501966e-14, -4.378529560686e-17, 0, -52.87784922152, -14.05108762477, -52.87784922152, -14.05108762477, 5.82433318317, -1.274554319916, -5.824333183169, 1.274554319914, 4545.593694352, 2664.188754432, 4545.593694352, 2664.188754432, 6, 0, -2.745929282868e-18, 0.1239648038973, -0, -0, -0, -0, -0, -9.039544594516e-16, 0, 0, 0, 0, 0, -9.03956575224e-16, -0.007504602031904, 0.002945419516294, 0.007504602031902, -0.002945419516296, 1.631443685816, 1.631643641917, 1.631443685816, 1.631643641917, 3.331806922868, 0.004094008391633, -0.004094008391646, -1.86517467036e-14, 1, 119.8696580459, 120, 119.8691015702, 3.332498315815, 0.4225193510611, 3.332498315815, 0.4225193510611, 3.331806922868, 3.332498312836, 0.4225193506917, 19.98029325206, 3.332498312836, 0.4225193506917, 1.0185513342e-15, 0, 0.004110254911164, -0.001270400321115, -0.004110254911174, 0.001270400321104, 0.8374750483612, 0.8375154114273, -0.8374750483612, -0.8375154114273, -2.745929282868e-18, 0.8375165741114, 0.8374987524395, 0, -0.8375165741114, -0.8374987524395, 5.551115123126e-17, -0, 5.551115123126e-17, -0, -0.007350467274519, 0.3170388267792, 0.3240589967568, 0, 0.3170388267792, 0.3240589967568
0.125, -0.007202380488267, 0.001066121762207, 0.007202380488277, -0.001066121762213, 2.110789096412e-14, -4.392256935209e-17, 0, -53.87802949615, -13.89419480413, -53.87802949615, -13.89419480413, 8.983060775049, -1.111486561347, -8.983060775047, 1.111486561345, 4529.614631801, 2650.646211904, 4529.614631801, 2650.646211904, 6, 0, -1.944683877456e-18, 0.1175980592309, -0, -0, -0, -0, -0, -1.277701143398e-15, 0, 0, 0, 0, 0, -1.277703834655e-15, -0.01141203038391, 0.002910755495614, 0.01141203038391, -0.002910755495617, 2.038854629904, 2.039161146391, 2.038854629904, 2.039161146391, 4.164172214863, 0.006227174473738, -0.00622717447375, -2.83043159528e-14, 1, 119.8351245943, 120, 119.8347472784, 4.164823047703, 1.254847818034, 4.164823047703, 1.254847818034, 4.164172214863, 4.164823040813, 1.254847817674, 20.80788711464, 4.164823040813, 1.254847817674, 1.53802135306e-15, 0, 0.006250610511243, -0.001253445365026, -0.006250610511253, 0.001253445365029, 0.8374617245189, 0.8375152398238, -0.8374617245189, -0.8375152398238, -1.944683877456e-18, 0.8375248833966, 0.837498774325, 0, -0.8375248833966, -0.837498774325, -0, -0, -0, -0, -0.006975147442732, 0.3170984465765, 0.3241095286418, 0, 0.3170984465765, 0.3241095286418
0.15, -0.009310929846893, 0.0004148873063597, 0.009310929846889, -0.0004148873063546, 2.14241400063e-14, 3.916783681892e-17, 0, -51.19366756215, -13.91133182397, -51.19366756215, -13.91133182397, 12.20579213922, -0.6154196044284, -12.20579213922, 0.6154196044291, 4531.550042355, 2640.034034608, 4531.550042355, 2640.034034608, 6, 0, -5.714314080409e-19, 0.1130227688775, -0, -0, -0, -0, -0, -1.628960885905e-15, 0, 0, 0, 0, 0, -1.628964055239e-15, -0.01531666562779, 0.002007383082142, 0.01531666562779, -0.002007383082145, 2.446148122284, 2.446558168311, 2.446148122284, 2.446558168311, 4.996282058417, 0.008367600716607, -0.008367600716607, -3.840294272719e-14, 1, 119.8007251907, 120, 119.8004738209, 4.996902678113, 2.086930070862, 4.996902678113, 2.086930070862, 4.996282058417, 4.996902665689, 2.086930070691, 21.63523675577, 4.996902665689, 2.086930070691, 2.079652808237e-15, 0, 0.008397830988816, -0.000862674356183, -0.008397830988812, 0.0008626743561744, 0.8374482027164, 0.8375105218815, -0.8374482027164, -0.8375105218815, -5.714314080409e-19, 0.8375329695229, 0.8374991651729, 0, -0.8375329695229, -0.8374991651729, -0, -0, -0, -0, -0.006668103469119, 0.317091219855, 0.3241491265376, 0, 0.317091219855, 0.3241491265376
0.175, -0.01115467779946, -0.0002150450129723, 0.01115467779946, 0.0002150450129767, 2.407057935342e-14, 1.900269189624e-16, 0, -46.00860252917, -14.05459712632, -46.00860252917, -14.05459712632, 15.15185907383, -0.03072833458154, -15.15185907382, 0.03072833458174, 4542.872942262, 2637.312504628, 4542.872942262, 2637.312504628, 6, 0, 2.584912971389e-18, 0.1095019063454, -0, -0, -0, -0, -0, -1.930190467424e-15, 0, 0, 0, 0, 0, -1.930193992504e-15, -0.01884861272369, 0.0006647635605171, 0.01884861272369, -0.0006647635605209, 2.853337531201, 2.853836444705, 2.853337531201, 2.853836444705, 5.828145175765, 0.01031137000408, -0.01031137000408, -4.910213455477e-14, 1, 119.7668144837, 120, 119.7666092723, 5.828742110284, 2.91877113107, 5.828742110284, 2.91877113107, 5.828145175765, 5.828742091448, 2.918771131052, 22.46239646359, 5.828742091448, 2.918771131052, 2.647631716477e-15, 0, 0.01034741176079, -0.0002837566778107, -0.01034741176078, 0.0002837566778033, 0.8374357980929, 0.8375034943707, -0.8374357980929, -0.8375034943707, 2.584912971389e-18, 0.8375400978042, 0.8374997333733, 0, -0.8375400978042, -0.8374997333733, -0, -0, -0, -0, -0.006427120978932, 0.317048964403, 0.3241592816773, 0, 0.317048964403, 0.3241592816773
0.2, -0.01269881337335, -0.0005891991646852, 0.01269881337336, 0.0005891991646889, 2.438500943224e-14, 2.05776744344e-16, 0, -39.57766788024, -14.25395071261, -39.57766788026, -14.25395071261, 17.6413083929, 0.4030015550958, -17.6413083929, -0.4030015550946, 4555.760493905, 2641.849383276, 4555.760493905, 2641.849383276, 6, 0, 1.436780981597e-17, 0.1062922573765, -0, -0, -0, -0, -0, -1.484495103376e-15, 0, 0, 0, 0, 0, -1.484497657885e-15, -0.02185868067093, -0.0005359959411631, 0.02185868067093, 0.0005359959411607, 3.260432506634, 3.260999187392, 3.260432506634, 3.260999187392, 6.659772320956, 0.01197359576889, -0.01197359576891, -6.101862644954e-14, 1, 119.7336052196, 120, 119.7333902958, 6.660348004062, 3.750378216231, 6.660348004062, 3.750378216231, 6.659772320956, 6.660347978703, 3.750378216218, 23.28940986204, 6.660347978703, 3.750378216218, 3.251741300745e-15, 0, 0.01201416754898, 0.0002330251093062, -0.01201416754898, -0.0002330251093124, 0.8374250950072, 0.8374971994899, -0.8374250950072, -0.8374971994899, 1.436780981597e-17, 0.8375460327281, 0.8375002318072, 0, -0.8375460327281, -0.8375002318072, -5.551115123126e-17, -5.551115123126e-17, -5.551115123126e-17, -5.551115123126e-17, -0.00623461139331, 0.3170008706102, 0.3241423530333, 0, 0.3170008706102, 0.3241423530333
0.225, -0.01399141369781, -0.0006494066560972, 0.01399141369781, 0.0006494066560999, 2.086145342934e-14, 2.070935286922e-16, 0, -31.80379934393, -14.46160526527, -31.80379934393, -14.46160526527, 19.63372227755, 0.5721757888228, -19.63372227755, -0.5721757888196, 4565.492772914, 2649.532225378, 4565.492772914, 2649.532225378, 6, 0, 2.581977090973e-17, 0.1030007652888, -0, -0, -0, -0, -0, -1.085229738885e-15, 0, 0, 0, 0, 0, -1.085231492474e-15, -0.02437547112173, -0.001205381102332, 0.02437547112173, 0.00120538110233, 3.667439267797, 3.668049790191, 3.667439267797, 3.668049790191, 7.491172202755, 0.01336701995502, -0.01336701995503, -7.222681044672e-14, 1, 119.7012058626, 120, 119.7009633939, 7.491726819605, 4.581758265588, 7.491726819605, 4.581758265588, 7.491172202755, 7.491726788043, 4.581758265526, 24.11630600747, 7.491726788043, 4.581758265526, 3.81864842116e-15, 0, 0.01341086144808, 0.0005202738698205, -0.01341086144808, -0.0005202738698256, 0.8374160468279, 0.8374936853057, -0.8374160468279, -0.8374936853057, 2.581977090973e-17, 0.8375508937672, 0.837500503967, 0, -0.8375508937672, -0.837500503967, 5.551115123126e-17, -0, 5.551115123126e-17, -0, -0.006070317941464, 0.3169645505214, 0.3241136856545, 0, 0.3169645505214, 0.3241136856545
0.25, -0.01511375353987, -0.0004771794420577, 0.01511375353987, 0.0004771794420474, 1.829167319833e-14, 3.192529418635e-16, 0, -22.99105287996, -14.6755654095, -22.99105287996, -14.6755654095, 21.1894356889, 0.4997286071349, -21.1894356889, -0.4997286071338, 4570.456233259, 2656.31898416, 4570.456233259, 2656.31898416, 6, 0, 3.562657944814e-17, 0.09955390812149, -0, -0, -0, -0, -0, -8.221407676904e-16, 0, 0, 0, 0, 0, -8.22142008737e-16, -0.0265220826407, -0.001271872814662, 0.0265220826407, 0.001271872814661, 4.074367538843, 4.074991522014, 4.074367538843, 4.074991522014, 8.322351921617, 0.01455789156303, -0.01455789156304, -8.173197409663e-14, 1, 119.6698440276, 120, 119.6695795818, 8.322885091627, 5.412918040146, 8.322885091627, 5.412918040146, 8.322351921617, 8.322885054232, 5.412918040077, 24.94312686354, 8.322885054232, 5.412918040077, 4.299069288723e-15, 0, 0.01460399685856, 0.0005477234135333, -0.01460399685856, -0.0005477234135247, 0.8374082503884, 0.8374933324305, -0.8374082503884, -0.8374933324305, 3.562657944814e-17, 0.8375549639694, 0.8375005266633, 0, -0.8375549639694, -0.8375005266633, 5.551115123126e-17, -0, 5.551115123126e-17, -0, -0.005918144936762, 0.3169460248744, 0.3240883619196, 0, 0.3169460248744, 0.3240883619196
0.275, -0.01614179020237, -0.0001677525209698, 0.01614179020237, 0.0001677525209719, 1.802201212754e-14, 3.439645841742e-16, 0, 2.911721625514, -15.09409008303, 2.911721625514, -15.09409008303, 22.23356344566, 0.27226925251, -22.23356344566, -0.2722692525078, 4570.993003504, 2660.496981216, 4570.993003504, 2660.496981216, 6, 0, 4.798476947435e-17, 0.09598387478307, -0, -0, -0, -0, -0, -4.59294744011e-16, 0, 0, 0, 0, 0, -4.592953884967e-16, -0.02844353951287, -0.0008814514657075, 0.02844353951287, 0.0008814514657065, 4.481242641028, 4.481828080075, 4.481242641028, 4.481828080075, 9.15331970643, 0.0156194694665, -0.01561946946651, -9.087527400547e-14, 1, 119.6402187585, 120, 119.6399315024, 9.153831842942, 6.243865750756, 9.153831842942, 6.243865750756, 9.15331970643, 9.153831799918, 6.243865750723, 25.76997685954, 9.153831799918, 6.243865750723, 4.751099642006e-15, 0, 0.01566714103336, 0.0003786833291121, -0.01566714103336, -0.0003786833291153, 0.8374011971833, 0.8374953765082, -0.8374011971833, -0.8374953765082, 4.798476947435e-17, 0.8375585387911, 0.8375003621183, 0, -0.8375585387911, -0.8375003621183, -0, 5.551115123126e-17, -0, 5.551115123126e-17, -0.005767649836772, 0.3169440169023, 0.3240727724198, 0, 0.3169440169023, 0.3240727724198
0.3, -0.01714344534763, 0.0002857139084719, 0.01714344534765, -0.0002857139084693, 1.100069880545e-14, 2.403452394831e-16, 0, 53.54993606747, -16.05192338006, 53.54993606744, -16.05192338006, 24.79889214088, -0.08212157968826, -24.79889214088, 0.08212157969172, 4567.215377399, 2664.288533541, 4567.215377399, 2664.288533541, 6, 0, 6.34867554564e-17, 0.09199352436921, -0, -0, -0, -0, -0, 8.965652481359e-17, 0, 0, 0, 0, 0, 8.965664037734e-17, -0.03027890605666, -0.0001353993221195, 0.03027890605666, 0.0001353993221197, 4.888164381025, 4.888568014435, 4.888164381025, 4.888568014435, 9.984099961505, 0.01662252218093, -0.01662252218095, -9.948078920296e-14, 1, 119.6152666892, 120, 119.6149159515, 9.984590079215, 7.074623939182, 9.984590079215, 7.074623939182, 9.984099961505, 9.984590030478, 7.074623939182, 26.59728273255, 9.984590030478, 7.074623939182, 5.163179191936e-15, 0, 0.01667115915643, 5.679894357965e-05, -0.01667115915645, -5.679894358204e-05, 0.8373944697263, 0.8374992842463, -0.8373944697263, -0.8374992842463, 6.34867554564e-17, 0.8375619715096, 0.8375000500499, 0, -0.8375619715096, -0.8375000500499, 5.551115123126e-17, -0, 5.551115123126e-17, -0, -0.005608121450049, 0.3169581073173, 0.3240586248739, 0, 0.3169581073173, 0.3240586248739
0.325, -0.01819683717477, 0.0009831741469927, 0.01819683717477, -0.0009831741470014, -1.456555815009e-15, 1.512005164467e-16, 0, 109.7992035115, -17.23814811943, 109.7992035115, -17.23814811943, 26.663240102, -0.6227778857937, -26.663240102, 0.6227778857961, 4558.76870512, 2671.565830578, 4558.76870512, 2671.565830578, 6, 0, 7.677263173344e-17, 0.08702359263589, -0, -0, -0, -0, -0, 7.95696748227e-16, 0, 0, 0, 0, 0, 7.956976660243e-16, -0.03215258459171, 0.001038528580754, 0.03215258459171, -0.001038528580752, 5.295199728053, 5.29522952471, 5.295199728053, 5.29522952471, 10.81473762872, 0.01764748613971, -0.01764748613972, -1.022787823301e-13, 1, 119.5967631002, 120, 119.5963066092, 10.81520048963, 7.905234450715, 10.81520048963, 7.905234450715, 10.81473762872, 10.81520043469, 7.905234450669, 27.42533576889, 10.81520043469, 7.905234450669, 5.268695161455e-15, 0, 0.01769634143141, -0.000449127937832, -0.01769634143141, 0.0004491279378426, 0.8373875131223, 0.8375054291475, -0.8373875131223, -0.8375054291475, 7.677263173344e-17, 0.8375653977102, 0.8374995558363, 0, -0.8375653977102, -0.8374995558363, -0, -5.551115123126e-17, -0, -5.551115123126e-17, -0.005428431299778, 0.3169896190991, 0.3240314707282, 0, 0.3169896190991, 0.3240314707282
0.35, -0.01935750035851, 0.002022728793199, 0.0193575003585, -0.002022728793194, -2.805776589645e-15, 1.304381100203e-16, 0, 160.5436960689, -18.35485414615, 160.5436960689, -18.35485414615, 28.38390061198, -1.44953447292, -28.38390061198, 1.449534472921, 4546.637420137, 2682.930391351, 4546.637420137, 2682.930391351, 6, 0, 8.912393731826e-17, 0.08078644644855, -0, -0, -0, -0, -0, 1.601383122051e-15, 0, 0, 0, 0, 0, 1.601384713883e-15, -0.0341696437128, 0.002841376027259, 0.0341696437128, -0.002841376027256, 5.70236901226, 5.701835089253, 5.70236901226, 5.701835089253, 11.64528043899, 0.01875755651993, -0.01875755651993, -1.022578502115e-13, 1, 119.5846134515, 120, 119.5840472289, 11.64570850625, 8.735743654158, 11.64570850625, 8.735743654158, 11.64528043899, 11.6457084442, 8.735743653814, 28.25417588745, 11.6457084442, 8.735743653814, 5.224927185867e-15, 0, 0.0188057540389, -0.001225343613922, -0.01880575403889, 0.00122534361392, 0.8373799483817, 0.8375148544547, -0.8373799483817, -0.8375148544547, 8.912393731826e-17, 0.8375690193681, 0.8374987873941, 0, -0.8375690193681, -0.8374987873941, 5.551115123126e-17, -0, 5.551115123126e-17, -0, -0.005224008666781, 0.3170348786211, 0.3239890653055, 0, 0.3170348786211, 0.3239890653055
0.375, -0.02064480548674, 0.003385359351623, 0.02064480548674, -0.003385359351632, -4.992281862995e-15, 3.286619949802e-16, 0, 201.3582373585, -19.25874280149, 201.3582373585, -19.25874280149, 30.20870110882, -2.592014797957, -30.20870110881, 2.592014797957, 4533.305527722, 2695.345395861, 4533.305527722, 2695.345395862, 6, 0, 9.875487956554e-17, 0.07351071266447, -0, -0, -0, -0, -0, 2.190379576768e-15, 0, 0, 0, 0, 0, 2.19038137956e-15, -0.03638754909217, 0.00539141967629, 0.03638754909217, -0.005391419676287, 6.109665503227, 6.108405495313, 6.109665503227, 6.108405495313, 12.47576740821, 0.01998727026448, -0.01998727026449, -1.006999774527e-13, 1, 119.577848334, 120, 119.5772106564, 12.47615414738, 9.566192058154, 12.47615414738, 9.566192058154, 12.47576740821, 12.47615407697, 9.566192056919, 29.08371333271, 12.47615407697, 9.566192056919, 5.107399403902e-15, 0, 0.02003397211406, -0.002321671455663, -0.02003397211406, 0.002321671455673, 0.8373715591341, 0.8375281641852, -0.8373715591341, -0.8375281641852, 9.875487956554e-17, 0.8375729340522, 0.8374976818132, 0, -0.8375729340522, -0.8374976818132, 5.551115123126e-17, -0, 5.551115123126e-17, -0, -0.004999665716346, 0.3170846169219, 0.3239427396261, 0, 0.3170846169219, 0.3239427396261
0.4, -0.02203727184863, 0.0049368483783, 0.02203727184863, -0.004936848378309, -2.117400408072e-15, 4.402112550219e-16, 0, 232.4810097067, -19.93361493769, 232.4810097067, -19.93361493769, 32.18881525834, -3.963513498016, -32.18881525833, 3.963513498016, 4521.584770091, 2705.097489929, 4521.584770091, 2705.097489929, 6, 0, 9.867387540725e-17, 0.06577564501288, -0, -0, -0, -0, -0, 1.424292509501e-15, 0, 0, 0, 0, 0, 1.424293448045e-15, -0.03879762613083, 0.008579476983568, 0.03879762613084, -0.008579476983566, 6.517071353042, 6.514957308414, 6.517071353042, 6.514957308414, 13.30622668227, 0.02133248406179, -0.0213324840618, -9.895928889214e-14, 1, 119.5752902439, 120, 119.5746364108, 13.30656884281, 10.39661101161, 13.30656884281, 10.39661101161, 13.30622668227, 13.30656876269, 10.39661100849, 29.91381507266, 13.30656876269, 10.39661100849, 5.013496387058e-15, 0, 0.02137703787804, -0.003689705432253, -0.02137703787804, 0.003689705432263, 0.8373623697234, 0.8375447713854, -0.8373623697234, -0.8375447713854, 9.867387540725e-17, 0.8375771120306, 0.8374962696091, 0, -0.8375771120306, -0.8374962696091, -5.551115123126e-17, -0, -5.551115123126e-17, -0, -0.004766656559622, 0.317128342331, 0.3239063490182, 0, 0.317128342331, 0.3239063490182
0.425, -0.02348496471777, 0.006512611419819, 0.02348496471776, -0.006512611419814, 2.150267334839e-15, 3.041432581509e-16, 0, 255.5194809211, -20.42238124484, 255.5194809211, -20.42238124484, 34.29616452825, -5.412579846984, -34.29616452825, 5.412579846984, 4513.292849518, 2710.498239756, 4513.292849518, 2710.498239756, 6, 0, 1.080740500958e-16, 0.0581662715204, -0, -0, -0, -0, -0, 1.162330572284e-15, 0, 0, 0, 0, 0, 1.162331171243e-15, -0.04133303673131, 0.01211483053938, 0.04133303673131, -0.01211483053937, 6.924567781496, 6.921502900743, 6.924567781496, 6.921502900743, 14.1366785487, 0.02275558985594, -0.02275558985594, -9.992361221729e-14, 1, 119.5758885084, 120, 119.5752621324, 14.13697632577, 11.22702379012, 14.13697632577, 11.22702379012, 14.1366785487, 14.13697623474, 11.2270237839, 30.74435384487, 14.13697623474, 11.2270237839, 5.033240010983e-15, 0, 0.02279756260804, -0.005203548302082, -0.02279756260803, 0.00520354830208, 0.8373526262651, 0.8375631483705, -0.8373526262651, -0.8375631483705, 1.080740500958e-16, 0.8375814242186, 0.8374946646807, 0, -0.8375814242186, -0.8374946646807, 5.551115123126e-17, -5.551115123126e-17, 5.551115123126e-17, -5.551115123126e-17, -0.004537078911668, 0.317159272512, 0.3238861933577, 0, 0.317159272512, 0.3238861933577
0.45, -0.02493086006183, 0.008002041009914, 0.02493086006183, -0.008002041009922, 3.31546729787e-15, 1.451761013572e-17, 0, 272.4533516635, -20.78211334287, 272.4533516635, -20.78211334287, 36.46176030063, -6.811116233356, -36.46176030063, 6.811116233355, 4508.727850886, 2712.371763338, 4508.727850886, 2712.371763338, 6, 0, 1.257119891626e-16, 0.05102813570859, -0, -0, -0, -0, -0, 1.529716087036e-15, 0, 0, 0, 0, 0, 1.52971669371e-15, -0.04389936479478, 0.01568534921901, 0.04389936479478, -0.01568534921901, 7.332139024233, 7.328051483135, 7.332139024233, 7.328051483135, 14.96713886201, 0.02420275393869, -0.0242027539387, -1.023462070379e-13, 1, 119.5788118724, 120, 119.5782313252, 14.96739459461, 12.05744782163, 14.96739459461, 12.05744782163, 14.96713886201, 14.96739449179, 12.05744781121, 31.57522654606, 14.96739449179, 12.05744781121, 5.103468432514e-15, 0, 0.02424186072029, -0.006729199071584, -0.02424186072029, 0.006729199071594, 0.8373426866119, 0.8375816674126, -0.8373426866119, -0.8375816674126, 1.257119891626e-16, 0.8375857034536, 0.8374930019218, 0, -0.8375857034536, -0.8374930019218, -0, -5.551115123126e-17, -0, -5.551115123126e-17, -0.004319474248489, 0.3171762955177, 0.3238791977017, 0, 0.3171762955177, 0.3238791977017
0.475, -0.02632956891452, 0.009376191349354, 0.02632956891451, -0.009376191349351, 2.191476303054e-15, -4.483622549182e-17, 0, 284.974469523, -21.05692417096, 284.974469523, -21.05692417096, 38.60856546852, -8.104702372589, -38.60856546852, 8.10470237259, 4507.009385759, 2712.773775472, 4507.009385759, 2712.773775472, 6, 0, 1.452959103559e-16, 0.04442953368055, -0, -0, -0, -0, -0, 2.039051117767e-15, 0, 0, 0, 0, 0, 2.039051730818e-15, -0.04640928357978, 0.01909326306527, 0.04640928357978, -0.01909326306527, 7.739773397486, 7.734610109806, 7.739773397486, 7.734610109806, 15.79762092234, 0.02562367267458, -0.02562367267458, -1.049435485537e-13, 1, 119.5834445, 120, 119.5829069853, 15.79783751053, 12.88789653156, 15.79783751053, 12.88789653156, 15.79762092234, 15.79783739547, 12.88789651614, 32.40635800363, 15.79783739547, 12.88789651614, 5.176447992279e-15, 0, 0.02565966808129, -0.008182537369927, -0.02565966808128, 0.008182537369925, 0.8373328895602, 0.8375993039495, -0.8373328895602, -0.8375993039495, 1.452959103559e-16, 0.8375898059263, 0.8374913748456, 0, -0.8375898059263, -0.8374913748456, -0, 5.551115123126e-17, -0, 5.551115123126e-17, -0.004117372281528, 0.3171826967489, 0.3238776918099, 0, 0.3171826967489, 0.3238776918099
0.5, -0.02765587101334, 0.01066164051703, 0.02765587101333, -0.01066164051704, 3.070189844742e-15, 6.170415007775e-16, 0, 294.4357737562, -21.27413159351, 294.4357737562, -21.27413159351, 40.67666125909, -9.303514338058, -40.67666125908, 9.30351433806, 4506.828932697, 2713.408649382, 4506.828932697, 2713.408649382, 6, 0, 1.551184450853e-16, 0.03827453615391, -0, -0, -0, -0, -0, 1.440938149129e-15, 0, 0, 0, 0, 0, 1.440938470635e-15, -0.04880474130732, 0.02228844704465, 0.04880474130732, -0.02228844704465, 8.147463005361, 8.141184298413, 8.147463005361, 8.141184298413, 16.62813584383, 0.0269843403478, -0.0269843403478, -1.061480911204e-13, 1, 119.5893500037, 120, 119.5888441844, 16.62831577715, 13.71838040981, 16.62831577715, 13.71838040981, 16.62813584383, 16.62831564975, 13.71838038883, 33.23769753611, 16.62831564975, 13.71838038883, 5.207757842036e-15, 0, 0.02701694875879, -0.009542866502352, -0.02701694875878, 0.009542866502362, 0.8373234673046, 0.8376158024972, -0.8373234673046, -0.8376158024972, 1.551184450853e-16, 0.837593645212, 0.8374898127967, 0, -0.837593645212, -0.8374898127967, -0, -0, -0, -0, -0.003930370879048, 0.3171833590625, 0.3238753163551, 0, 0.3171833590625, 0.3238753163551
0.525, -0.02890310274797, 0.01189562377602, 0.02890310274796, -0.01189562377602, 3.678584907606e-15, 1.708386253562e-16, 0, 301.7946953336, -21.44816356051, 301.7946953336, -21.44816356051, 42.63382268616, -10.44185330707, -42.63382268616, 10.44185330707, 4507.090474991, 2714.853627129, 4507.090474991, 2714.853627129, 6, 0, 1.717357805872e-16, 0.03244317993714, -0, -0, -0, -0, -0, 1.138289140593e-15, 0, 0, 0, 0, 0, 1.138289323076e-15, -0.05106131497549, 0.0253137065898, 0.05106131497549, -0.0253137065898, 8.55520289451, 8.547778360209, 8.55520289451, 8.547778360209, 17.45869241733, 0.02826984393044, -0.02826984393044, -1.088331314567e-13, 1, 119.5962282792, 120, 119.5957451128, 17.45883758374, 14.54890760924, 17.45883758374, 14.54890760924, 17.45869241733, 17.45883744413, 14.54890758219, 34.06921257189, 17.45883744413, 14.54890758219, 5.295736117799e-15, 0, 0.02829876144453, -0.01082898420285, -0.02829876144452, 0.01082898420285, 0.8373145247714, 0.8376313886602, -0.8373145247714, -0.8376313886602, 1.717357805872e-16, 0.8375971939569, 0.8374883004865, 0, -0.8375971939569, -0.8374883004865, -0, -0, -0, -0, -0.003756214777385, 0.3171823722719, 0.3238699175438, 0, 0.3171823722719, 0.3238699175438
0.55, -0.0300760200133, 0.01309570448788, 0.03007602001329, -0.01309570448788, 2.413922290051e-15, 2.997749409632e-16, 0, 307.6545914957, -21.58668750478, 307.6545914957, -21.58668750478, 44.47273488217, -11.54309804104, -44.47273488216, 11.54309804104, 4507.190066865, 2716.745775998, 4507.190066865, 2716.745775998, 6, 0, 1.931469650365e-16, 0.02687212138237, -0, -0, -0, -0, -0, 1.2343692935e-15, 0, 0, 0, 0, 0, 1.234369429261e-15, -0.05317962104206, 0.02822580379265, 0.05317962104206, -0.02822580379265, 8.96298998223, 8.954395619538, 8.96298998223, 8.954395619538, 18.28929719101, 0.02947969925512, -0.02947969925512, -1.115826448282e-13, 1, 119.603870855, 120, 119.6034076525, 18.28940914954, 15.37948438478, 18.28940914954, 15.37948438478, 18.28929719101, 18.28940899794, 15.37948435118, 34.90088158719, 18.28940899794, 15.37948435118, 5.370678592022e-15, 0, 0.02950464411737, -0.0120653399197, -0.02950464411736, 0.01206533991969, 0.837306069838, 0.8376463596201, -0.837306069838, -0.8376463596201, 1.931469650365e-16, 0.8376004653551, 0.8374868140155, 0, -0.8376004653551, -0.8374868140155, -0, -0, -0, -0, -0.003592532425952, 0.3171819899932, 0.3238628495968, 0, 0.3171819899932, 0.3238628495968
0.575, -0.03118333175707, 0.0142552118901, 0.03118333175706, -0.01425521189009, 1.190979067121e-15, 2.903662289643e-16, 0, 312.3604587383, -21.69529654108, 312.3604587383, -21.69529654108, 46.20114504257, -12.60790583894, -46.20114504257, 12.60790583894, 4506.968862186, 2718.432525623, 4506.968862186, 2718.432525623, 6, 0, 2.159426301192e-16, 0.02156039256727, -0, -0, -0, -0, -0, 1.43576270471e-15, 0, 0, 0, 0, 0, 1.435762806363e-15, -0.05517251986558, 0.03104631511047, 0.05517251986558, -0.03104631511047, 9.370822156117, 9.361038619892, 9.370822156117, 9.361038619892, 19.11995492625, 0.03062062715296, -0.03062062715296, -1.13908161205e-13, 1, 119.6121243843, 120, 119.611683085, 19.12003523012, 16.21011551604, 19.12003523012, 16.21011551604, 19.11995492625, 19.12003506678, 16.21011547543, 35.73268868805, 19.12003506678, 16.21011547543, 5.417920183926e-15, 0, 0.03064139073566, -0.01326122939746, -0.03064139073565, 0.01326122939746, 0.8372980615806, 0.8376608309914, -0.8372980615806, -0.8376608309914, 2.159426301192e-16, 0.8376034903166, 0.8374853459343, 0, -0.8376034903166, -0.8374853459343, -0, -5.551115123126e-17, -0, -5.551115123126e-17, -0.0034376697643, 0.3171828049516, 0.3238565475094, 0, 0.3171828049516, 0.3238565475094
0.6, -0.03223288628185, 0.01535592223356, 0.03223288628185, -0.01535592223356, -9.010783064989e-15, 5.18061169952e-18, 0, 316.1008439994, -21.77929265954, 316.1008439994, -21.77929265954, 47.83175472619, -13.62216143191, -47.83175472619, 13.62216143191, 4506.516442511, 2719.509980319, 4506.516442511, 2719.509980319, 6, 0, 2.358805657845e-16, 0.01653415904039, -0, -0, -0, -0, -0, 1.624908733805e-15, 0, 0, 0, 0, 0, 1.624908801463e-15, -0.0570548484688, 0.03375735567882, 0.0570548484688, -0.03375735567881, 9.778697692936, 9.767709324807, 9.778697692936, 9.767709324807, 19.9506691996, 0.03170065486124, -0.03170065486125, -1.128328307988e-13, 1, 119.6208659908, 120, 119.6204494695, 19.95071953811, 17.0408047007, 19.95071953811, 17.0408047007, 19.9506691996, 19.95071936327, 17.04080465272, 36.56462051481, 19.95071936327, 17.04080465272, 5.291037930461e-15, 0, 0.03171712081681, -0.01440916848596, -0.03171712081681, 0.01440916848596, 0.8372904499888, 0.8376747154297, -0.8372904499888, -0.8376747154297, 2.358805657845e-16, 0.8376063007543, 0.8374839089573, 0, -0.8376063007543, -0.8374839089573, -0, -0, -0, -0, -0.003290757959149, 0.3171844828785, 0.3238525184909, 0, 0.3171844828785, 0.3238525184909
0.625, -0.03322989730044, 0.01638291367588, 0.03322989730044, -0.01638291367587, -1.433050523543e-14, -2.40137851195e-17, 0, 318.9880113724, -21.84346753416, 318.9880113724, -21.84346753416, 49.3757847497, -14.57112332371, -49.3757847497, 14.57112332371, 4505.987934689, 2719.97880998, 4505.987934689, 2719.97880998, 6, 0, 2.504692089339e-16, 0.01181202472207, -0, -0, -0, -0, -0, 1.73731815812e-15, 0, 0, 0, 0, 0, 1.737318195039e-15, -0.05883816123504, 0.03632485458397, 0.05883816123505, -0.03632485458397, 10.18661496474, 10.17440927929, 10.18661496474, 10.17440927929, 20.78144286608, 0.03272603778397, -0.03272603778397, -1.073669122989e-13, 1, 119.6299896348, 120, 119.6295992093, 20.78146502218, 17.87155484983, 20.78146502218, 17.87155484983, 20.78144286608, 20.78146483606, 17.8715547943, 37.39666497849, 20.78146483606, 17.8715547943, 4.945074387832e-15, 0, 0.03273816848206, -0.01549489198773, -0.03273816848205, 0.01549489198773, 0.8372831967566, 0.8376878425143, -0.8372831967566, -0.8376878425143, 2.504692089339e-16, 0.8376089218076, 0.8374825248972, 0, -0.8376089218076, -0.8374825248972, 5.551115123126e-17, 5.551115123126e-17, 5.551115123126e-17, 5.551115123126e-17, -0.003151437577099, 0.3171864449372, 0.3238507602514, 0, 0.3171864449372, 0.3238507602514
0.65, -0.03417711907228, 0.01733171742883, 0.03417711907228, -0.01733171742882, -7.756560152201e-15, -2.272200658851e-17, 0, 321.1071872346, -21.89144214748, 321.1071872346, -21.89144214748, 50.84069875907, -15.44841185688, -50.84069875907, 15.44841185688, 4505.507512149, 2720.089448495, 4505.507512149, 2720.089448495, 6, 0, 2.663233997402e-16, 0.007392168607449, -0, -0, -0, -0, -0, 1.784335093978e-15, 0, 0, 0, 0, 0, 1.784335108828e-15, -0.06052961823347, 0.03872333145171, 0.06052961823347, -0.03872333145171, 10.59457233097, 10.58113970739, 10.59457233097, 10.58113970739, 21.61227826391, 0.03370056557383, -0.03370056557385, -1.038643124984e-13, 1, 119.639400316, 120, 119.6390354072, 21.61227400369, 18.70236825241, 21.61227400369, 18.70236825241, 21.61227826391, 21.61227380654, 18.70236818935, 38.22881095936, 21.61227380654, 18.70236818935, 4.700976893232e-15, 0, 0.0337083752469, -0.01650786320086, -0.0337083752469, 0.01650786320085, 0.8372762799964, 0.8377000857432, -0.8372762799964, -0.8377000857432, 2.663233997402e-16, 0.8376113707538, 0.8374812115871, 0, -0.8376113707538, -0.8374812115871, -0, 5.551115123126e-17, -0, 5.551115123126e-17, -0.003019581351146, 0.3171882278035, 0.3238503385426, 0, 0.3171882278035, 0.3238503385426
0.675, -0.03507570381568, 0.01820674306122, 0.03507570381567, -0.01820674306122, -5.439554797043e-15, -1.916945680457e-16, 0, 322.5389528651, -21.92551967188, 322.5389528651, -21.92551967188, 52.23055968135, -16.25653878364, -52.23055968135, 16.25653878363, 4505.148284161, 2720.103147746, 4505.148284161, 2720.103147746, 6, 0, 2.833099951893e-16, 0.003258955286377, -0, -0, -0, -0, -0, 1.774994376856e-15, 0, 0, 0, 0, 0, 1.774994379727e-15, -0.06213295004588, 0.0409464967335, 0.06213295004588, -0.04094649673349, 11.00256812284, 10.98790155309, 11.00256812284, 10.98790155309, 22.44317722485, 0.03462608547547, -0.03462608547547, -1.018156254579e-13, 1, 119.6490125431, 120, 119.6486716695, 22.44314822421, 19.5332466381, 22.44314822421, 19.5332466381, 22.44317722485, 22.44314801631, 19.53324656763, 39.06104829006, 22.44314801631, 19.53324656763, 4.5316452185e-15, 0, 0.03462961962335, -0.01744569974041, -0.03462961962335, 0.01744569974041, 0.8372696907461, 0.8377114166013, -0.8372696907461, -0.8377114166013, 2.833099951893e-16, 0.8376136589633, 0.8374799765871, 0, -0.8376136589633, -0.8374799765871, -0, -0, -0, -0, -0.002895141361258, 0.3171895587045, 0.3238502786896, 0, 0.3171895587045, 0.3238502786896
0.7, -0.03592600006312, 0.01901559682103, 0.03592600006311, -0.01901559682103, -2.529458283941e-15, -3.948846041452e-17, 0, 323.3647548477, -21.94713298601, 323.3647548477, -21.94713298601, 53.54725632028, -17.00226610505, -53.54725632028, 17.00226610505, 4504.945530387, 2720.148349944, 4504.945530387, 2720.148349944, 6, 0, 3.0120738341e-16, -0.0006045645676955, -0, -0, -0, -0, -0, 1.754881066301e-15, 0, 0, 0, 0, 0, 1.754881066399e-15, -0.06364985082032, 0.04300322869624, 0.06364985082033, -0.04300322869624, 11.4106006628, 11.39469549289, 11.4106006628, 11.39469549289, 23.27414102982, 0.03550329265161, -0.03550329265161, -1.011563223045e-13, 1, 119.6587503505, 120, 119.6584321874, 23.27408886974, 20.36419119909, 23.27408886974, 20.36419119909, 23.27414102982, 23.2740886514, 20.3641911214, 39.89336772251, 23.2740886514, 20.3641911214, 4.434352803303e-15, 0, 0.03550262104299, -0.01831240677157, -0.03550262104298, 0.01831240677156, 0.8372634276625, 0.8377218838451, -0.8372634276625, -0.8377218838451, 3.0120738341e-16, 0.8376157942812, 0.8374788187887, 0, -0.8376157942812, -0.8374788187887, 5.551115123126e-17, -0, 5.551115123126e-17, -0, -0.002778088620831, 0.3171903060303, 0.3238501015081, 0, 0.3171903060303, 0.3238501015081
0.725, -0.03672810709547, 0.01976435680335, 0.03672810709548, -0.01976435680335, -6.68655163179e-16, -6.231150016435e-17, 0, 323.665149424, -21.95746949111, 323.6651494241, -21.95746949111, 54.79158760784, -17.69178809589, -54.79158760784, 17.69178809589, 4504.910015141, 2720.216988994, 4504.910015141, 2720.216988994, 6, 0, 3.197138621904e-16, -0.004209392132375, -0, -0, -0, -0, -0, 1.719410312734e-15, 0, 0, 0, 0, 0, 1.719410317374e-15, -0.06508109423069, 0.04490741013142, 0.0650810942307, -0.04490741013142, 11.81866829423, 11.80152194805, 11.81866829423, 11.80152194805, 24.10517041234, 0.03633237106553, -0.03633237106555, -1.014693867413e-13, 1, 119.668547393, 120, 119.6682511702, 24.10509661333, 21.19520262134, 24.10509661333, 21.19520262134, 24.10517041234, 24.10509638489, 21.19520253666, 40.72576085265, 24.10509638489, 21.19520253666, 4.387578535513e-15, 0, 0.03632758980077, -0.0191140519454, -0.03632758980079, 0.01911405194541, 0.8372574926643, 0.8377315615338, -0.8372574926643, -0.8377315615338, 3.197138621904e-16, 0.8376177828138, 0.8374777337694, 0, -0.8376177828138, -0.8374777337694, -5.551115123126e-17, -0, -5.551115123126e-17, -0, -0.002668375593774, 0.3171904296487, 0.3238498371354, 0, 0.3171904296487, 0.3238498371354
0.75, -0.037482259425, 0.02045609462524, 0.03748225942501, -0.02045609462525, -6.361592815114e-16, -3.539772707905e-17, 0, 323.5168070815, -21.95786176032, 323.5168070815, -21.95786176032, 55.96398651406, -18.32863522077, -55.96398651406, 18.32863522077, 4505.032239942, 2720.241698124, 4505.032239942, 2720.241698124, 6, 0, 3.377179120386e-16, -0.007561232917884, -0, -0, -0, -0, -0, 1.612085275168e-15, 0, 0, 0, 0, 0, 1.612085289206e-15, -0.06642732096028, 0.046670103046, 0.06642732096029, -0.04667010304599, 12.22676941188, 12.20838110949, 12.22676941188, 12.20838110949, 24.93626563119, 0.03711344794483, -0.03711344794484, -1.023307877813e-13, 1, 119.678346654, 120, 119.6780719248, 24.93617168298, 22.02628114285, 24.93617168298, 22.02628114285, 24.93626563119, 24.93617144483, 22.02628105143, 41.55822006519, 24.93617144483, 22.02628105143, 4.372212845761e-15, 0, 0.03710468195795, -0.0198554652366, -0.03710468195795, 0.01985546523661, 0.8372518877577, 0.8377405090546, -0.8372518877577, -0.8377405090546, 3.377179120386e-16, 0.8376196301083, 0.8374767181932, 0, -0.8376196301083, -0.8374767181932, -0, -5.551115123126e-17, -0, -5.551115123126e-17, -0.002565891224205, 0.3171899650334, 0.323849736975, 0, 0.3171899650334, 0.323849736975
0.775, -0.03818910852753, 0.02109199476927, 0.03818910852754, -0.02109199476928, -1.321971172409e-15, -1.026282104175e-16, 0, 322.990538623, -21.94982119091, 322.990538623, -21.94982119091, 57.06502605465, -18.91426634486, -57.06502605465, 18.91426634486, 4505.284011609, 2720.171915225, 4505.284011609, 2720.171915225, 6, 0, 3.550666396472e-16, -0.01066528954934, -0, -0, -0, -0, -0, 1.44891462053e-15, 0, 0, 0, 0, 0, 1.448914645632e-15, -0.06768961595408, 0.04829745395642, 0.06768961595408, -0.04829745395642, 12.63490248787, 12.61527297333, 12.63490248787, 12.61527297333, 25.76742657574, 0.03784692780018, -0.0378469278002, -1.033697841953e-13, 1, 119.6880998225, 120, 119.6878460387, 25.76731393954, 22.85742662879, 25.76731393954, 22.85742662879, 25.76742657574, 25.76731369209, 22.85742653093, 42.39073852557, 25.76731369209, 22.85742653093, 4.368723862209e-15, 0, 0.03783432840843, -0.02053937338652, -0.03783432840844, 0.02053937338653, 0.8372466126401, 0.8377487603842, -0.8372466126401, -0.8377487603842, 3.550666396472e-16, 0.8376213419529, 0.8374757711204, 0, -0.8376213419529, -0.8374757711204, -0, -5.551115123126e-17, -0, -5.551115123126e-17, -0.002470422729984, 0.3171890174087, 0.3238499897358, 0, 0.3171890174087, 0.3238499897358
0.8, -0.0388498833559, 0.02167316488493, 0.03884988335591, -0.02167316488494, 1.285641650865e-15, 1.020050499489e-16, 0, 322.150367607, -21.9348543012, 322.150367607, -21.9348543012, 58.0958183308, -19.4497097568, -58.0958183308, 19.4497097568, 4505.624654989, 2720.003689125, 4505.624654989, 2720.003689125, 6, 0, 3.715857812768e-16, -0.01353020504866, -0, -0, -0, -0, -0, 1.214020028574e-15, 0, 0, 0, 0, 0, 1.214020062424e-15, -0.06886989671857, 0.04979282161965, 0.06886989671857, -0.04979282161965, 13.04306608808, 13.02219737788, 13.04306608808, 13.02219737788, 26.5986528585, 0.03853371835484, -0.03853371835485, -1.044482746264e-13, 1, 119.6977665129, 120, 119.6975327855, 26.59852294676, 23.68863864444, 26.59852294676, 23.68863864444, 26.5986528585, 26.59852269045, 23.68863854047, 43.22331018981, 26.59852269045, 23.68863854047, 4.370239519552e-15, 0, 0.03851745603102, -0.02116731175408, -0.03851745603103, 0.02116731175409, 0.8372416630695, 0.8377563348849, -0.8372416630695, -0.8377563348849, 3.715857812768e-16, 0.8376229248756, 0.8374748928876, 0, -0.8376229248756, -0.8374748928876, -5.551115123126e-17, -5.551115123126e-17, -5.551115123126e-17, -5.551115123126e-17, -0.002381649429301, 0.3171877385656, 0.3238506102098, 0, 0.3171877385656, 0.3238506102098
0.825, -0.03946638551507, 0.02220168265604, 0.03946638551507, -0.02220168265605, 1.244162293573e-14, 2.555916986734e-16, 0, 321.0530890063, -21.91427345347, 321.0530890063, -21.91427345347, 59.05827035869, -19.93672686068, -59.05827035868, 19.93672686068, 4506.012306271, 2719.766172824, 4506.012306271, 2719.766172824, 6, 0, 3.914978666276e-16, -0.01616871577274, -0, -0, -0, -0, -0, 9.787909821498e-16, 0, 0, 0, 0, 0, 9.78791021123e-16, -0.06997104617762, 0.05115978867281, 0.06997104617762, -0.05115978867281, 13.45125887629, 13.42915403452, 13.45125887629, 13.42915403452, 27.42994387277, 0.03917530952901, -0.03917530952902, -1.087453636611e-13, 1, 119.7073134301, 120, 119.7070985778, 27.42979802516, 24.5199165132, 27.42979802516, 24.5199165132, 27.42994387277, 27.42979776044, 24.51991640348, 44.05592978635, 27.42979776044, 24.51991640348, 4.534203785908e-15, 0, 0.03915556544102, -0.02174089828169, -0.03915556544102, 0.02174089828169, 0.8372370303192, 0.8377632526452, -0.8372370303192, -0.8377632526452, 3.914978666276e-16, 0.8376243862853, 0.8374740834058, 0, -0.8376243862853, -0.8374740834058, -0, -0, -0, -0, -0.00229917500209, 0.3171862847208, 0.3238514896575, 0, 0.3171862847208, 0.3238514896575
0.85, -0.04004082681293, 0.02268055968742, 0.04004082681292, -0.02268055968743, 1.287934650836e-14, 1.400725689302e-16, 0, 319.74804547, -21.8891260629, 319.74804547, -21.8891260629, 59.95510995963, -20.37797202697, -59.95510995963, 20.37797202697, 4506.415053712, 2719.49292634, 4506.415053712, 2719.49292634, 6, 0, 4.169336958932e-16, -0.01859566645041, -0, -0, -0, -0, -0, 8.219388275138e-16, 0, 0, 0, 0, 0, 8.219388708038e-16, -0.07099676058869, 0.05240372324453, 0.07099676058869, -0.05240372324453, 13.85947960763, 13.83614255043, 13.85947960763, 13.83614255043, 28.26129882119, 0.03977368695252, -0.03977368695252, -1.167103595638e-13, 1, 119.7167135133, 120, 119.7165162716, 28.26113829186, 25.35125935861, 28.26113829186, 25.35125935861, 28.26129882119, 28.26113801918, 25.35125924352, 44.8885927478, 28.26113801918, 25.35125924352, 4.877585015443e-15, 0, 0.03975064664361, -0.0222624894451, -0.0397506466436, 0.02226248944511, 0.8372327018463, 0.8377695424863, -0.8372327018463, -0.8377695424863, 4.169336958932e-16, 0.8376257342446, 0.8374733412559, 0, -0.8376257342446, -0.8374733412559, -5.551115123126e-17, -0, -5.551115123126e-17, -0, -0.002222580759622, 0.3171847749476, 0.3238525028791, 0, 0.3171847749476, 0.3238525028791
0.875, -0.0405755856237, 0.0231131245946, 0.0405755856237, -0.02311312459459, 1.045458818968e-14, 1.126481031908e-16, 0, 318.2772096312, -21.86023992988, 318.2772096312, -21.86023992988, 60.78967210816, -20.77649639478, -60.78967210816, 20.77649639478, 4506.816494145, 2719.202921193, 4506.816494145, 2719.202921193, 6, 0, 4.41938327133e-16, -0.02082547872098, -0, -0, -0, -0, -0, 6.450580128508e-16, 0, 0, 0, 0, 0, 6.45058055461e-16, -0.07195119362425, 0.05353153216723, 0.07195119362425, -0.05353153216723, 14.26772711599, 14.24316244537, 14.26772711599, 14.24316244537, 29.09271673371, 0.04033112553017, -0.04033112553018, -1.236989713392e-13, 1, 119.7259450696, 120, 119.7257642783, 29.09254269296, 26.18266613631, 29.09254269296, 26.18266613631, 29.09271673371, 29.09254241276, 26.18266601625, 45.72129510569, 29.09254241276, 26.18266601625, 5.169639036757e-15, 0, 0.04030497585731, -0.022735073779, -0.04030497585731, 0.02273507377899, 0.8372286628227, 0.8377752407862, -0.8372286628227, -0.8377752407862, 4.41938327133e-16, 0.8376269769996, 0.8374726638405, 0, -0.8376269769996, -0.8374726638405, -0, -0, -0, -0, -0.002151473438117, 0.3171832704456, 0.3238535790942, 0, 0.3171832704456, 0.3238535790942
0.9, -0.04107298432007, 0.02350246955754, 0.04107298432008, -0.02350246955753, 8.894429587092e-15, 8.453841583808e-17, 0, 316.6757149205, -21.82831156506, 316.6757149205, -21.82831156506, 61.56554847425, -21.13520453568, -61.56554847425, 21.13520453568, 4507.214129936, 2718.898963497, 4507.214129936, 2718.898963497, 6, 0, 4.665009958858e-16, -0.02287071695534, -0, -0, -0, -0, -0, 4.683767642335e-16, 0, 0, 0, 0, 0, 4.683768015482e-16, -0.07283855630551, 0.05455055268504, 0.07283855630551, -0.05455055268504, 14.67600030076, 14.650213166, 14.67600030076, 14.650213166, 29.92419648927, 0.04084995523601, -0.04084995523602, -1.297657834895e-13, 1, 119.7349909365, 120, 119.7348256051, 29.92401003369, 27.01413566237, 29.92401003369, 27.01413566237, 29.92419648927, 29.9240097464, 27.01413553773, 46.55403337887, 29.9240097464, 27.01413553773, 5.413355140068e-15, 0, 0.04082088356414, -0.02316180541248, -0.04082088356414, 0.02316180541247, 0.8372248978471, 0.8377803859053, -0.8372248978471, -0.8377803859053, 4.665009958858e-16, 0.8376281224782, 0.83747204806, 0, -0.8376281224782, -0.83747204806, -0, -0, -0, -0, -0.002085509508286, 0.3171817805243, 0.3238547078316, 0, 0.3171817805243, 0.3238547078316
0.925, -0.04153515957614, 0.02385127941092, 0.04153515957613, -0.02385127941093, 7.091200396844e-15, 8.230792701793e-17, 0, 314.9727937503, -21.79396931438, 314.9727937503, -21.79396931438, 62.28625352937, -21.45663095423, -62.28625352937, 21.45663095423, 4507.613126046, 2718.576862535, 4507.613126046, 2718.576862535, 6, 0, 4.911046989774e-16, -0.02474210887498, -0, -0, -0, -0, -0, 3.287201805665e-16, 0, 0, 0, 0, 0, 3.287202112161e-16, -0.07366282188789, 0.05546765613381, 0.07366282188789, -0.05546765613381, 15.08429811671, 15.05729409952, 15.08429811671, 15.05729409952, 30.75573684484, 0.04133238641605, -0.04133238641605, -1.348557277558e-13, 1, 119.7438377247, 120, 119.7436869887, 30.75553900765, 27.84566664096, 30.75553900765, 27.84566664096, 30.75573684484, 30.75553871371, 27.84566651212, 47.38680448217, 30.75553871371, 27.84566651212, 5.604089103854e-15, 0, 0.04130058034916, -0.02354562930344, -0.04130058034914, 0.02354562930345, 0.8372213922091, 0.8377850136557, -0.8372213922091, -0.8377850136557, 4.911046989774e-16, 0.8376291779467, 0.8374714908761, 0, -0.8376291779467, -0.8374714908761, -0, -0, -0, -0, -0.002024394111811, 0.3171802859004, 0.3238559047234, 0, 0.3171802859004, 0.3238559047234
0.95, -0.04196403894874, 0.02416197829584, 0.04196403894875, -0.02416197829585, 7.454638635448e-15, 6.193961110157e-17, 0, 313.1928928144, -21.75778848673, 313.1928928144, -21.75778848673, 62.9550223064, -21.74303477012, -62.9550223064, 21.74303477012, 4508.019566995, 2718.234785561, 4508.019566995, 2718.234785561, 6, 0, 5.165801053813e-16, -0.02644938927762, -0, -0, -0, -0, -0, 2.19043012494e-16, 0, 0, 0, 0, 0, 2.190430358331e-16, -0.07442760407302, 0.05628902813833, 0.07442760407302, -0.05628902813833, 15.49261956777, 15.46440458695, 15.49261956777, 15.46440458695, 31.58733646685, 0.04178043556995, -0.04178043556996, -1.397486628275e-13, 1, 119.7524751821, 120, 119.7523382212, 31.5871282237, 28.67725769055, 31.5871282237, 28.67725769055, 31.58733646685, 31.5871279235, 28.67725755789, 48.21960566423, 31.5871279235, 28.67725755789, 5.781170945961e-15, 0, 0.04174608207397, -0.02388919166577, -0.04174608207397, 0.02388919166578, 0.837218132421, 0.8377891561864, -0.837218132421, -0.8377891561864, 5.165801053813e-16, 0.8376301498971, 0.8374709894704, 0, -0.8376301498971, -0.8374709894704, -0, -0, -0, -0, -0.001967864924718, 0.3171787638596, 0.3238571766016, 0, 0.3171787638596, 0.3238571766016
0.975, -0.04236138919497, 0.0244369529623, 0.04236138919498, -0.0244369529623, 6.580209823198e-15, 1.09286951277e-16, 0, 311.3566948946, -21.72027596307, 311.3566948946, -21.72027596307, 63.57476784895, -21.99660520907, -63.57476784895, 21.99660520907, 4508.436268718, 2717.876697696, 4508.436268718, 2717.876697696, 6, 0, 5.429963684294e-16, -0.02800212464515, -0, -0, -0, -0, -0, 1.244173940042e-16, 0, 0, 0, 0, 0, 1.244174088631e-16, -0.07513618562174, 0.05702045176542, 0.07513618562174, -0.05702045176542, 15.90096370375, 15.87154393495, 15.90096370375, 15.87154393495, 32.41899395835, 0.04219593926862, -0.04219593926863, -1.447222728028e-13, 1, 119.7608956895, 120, 119.7607716719, 32.41877622854, 29.5089073669, 32.41877622854, 29.5089073669, 32.41899395835, 32.41877592249, 29.5089072308, 49.05243446834, 32.41877592249, 29.5089072308, 5.959385858923e-15, 0, 0.04215922304065, -0.02419496103675, -0.04215922304065, 0.02419496103674, 0.8372151061184, 0.8377928434223, -0.8372151061184, -0.8377928434223, 5.429963684294e-16, 0.8376310441278, 0.8374705410977, 0, -0.8376310441278, -0.8374705410977, -0, -0, -0, -0, -0.001915674128217, 0.317177203884, 0.3238585086616, 0, 0.317177203884, 0.3238585086616
1, -0.04272888549524, 0.02467866498662, 0.04272888549523, -0.02467866498662, 1.139260925849e-14, 2.187491763285e-16, 0, 309.4818818642, -21.68185379054, 309.4818818642, -21.68185379054, 64.14815058476, -22.21958732007, -64.14815058476, 22.21958732007, 4508.861908824, 2717.510171604, 4508.861908824, 2717.510171604, 6, 0, 5.710691655189e-16, -0.02941004918276, -0, -0, -0, -0, -0, 7.668804155794e-17, 0, 0, 0, 0, 0, 7.668805166079e-17, -0.07579162219003, 0.05766766915452, 0.07579162219003, -0.05766766915452, 16.30932961854, 16.27871142546, 16.30932961854, 16.27871142546, 33.25070787889, 0.04258061280556, -0.04258061280556, -1.503956475766e-13, 1, 119.7690938653, 120, 119.768981941, 33.25048152463, 30.34061418136, 33.25048152463, 30.34061418136, 33.25070787889, 33.25048121311, 30.34061404217, 49.88528870404, 33.25048121311, 30.34061404217, 6.169763025929e-15, 0, 0.04254171439399, -0.02446538122698, -0.04254171439398, 0.02446538122698, 0.8372123016496, 0.8377961049172, -0.8372123016496, -0.8377961049172, 5.710691655189e-16, 0.8376318659119, 0.8374701428874, 0, -0.8376318659119, -0.8374701428874, -0, -0, -0, -0, -0.001867577069719, 0.3171756108972, 0.3238598726342, 0, 0.3171756108972, 0.3238598726342
1.025, -0.04306816325161, 0.02488961470505, 0.04306816325161, -0.02488961470506, 1.088577790808e-14, 1.596098146201e-16, 0, 307.5836248653, -21.64285943475, 307.5836248653, -21.64285943475, 64.67768317277, -22.41426968686, -64.67768317277, 22.41426968686, 4509.2924127, 2717.142324875, 4509.2924127, 2717.142324875, 6, 0, 6.021493141186e-16, -0.03068293123635, -0, -0, -0, -0, -0, 9.838375089496e-17, 0, 0, 0, 0, 0, 9.83837650022e-17, -0.07639684592453, 0.05823652585759, 0.07639684592453, -0.05823652585759, 16.71771644825, 16.68590632333, 16.71771644825, 16.68590632333, 34.08247675771, 0.04293610943126, -0.04293610943127, -1.577066766175e-13, 1, 119.7770662477, 120, 119.776965573, 34.08224258402, 31.17237661508, 34.08224258402, 31.17237661508, 34.08247675771, 34.0822422674, 31.17237647315, 50.71816642063, 34.0822422674, 31.17237647315, 6.458392521551e-15, 0, 0.04289520367175, -0.02470293242247, -0.04289520367175, 0.02470293242248, 0.8372097076691, 0.8377989706167, -0.8372097076691, -0.8377989706167, 6.021493141186e-16, 0.8376326201592, 0.837469791775, 0, -0.8376326201592, -0.837469791775, -0, -0, -0, -0, -0.001823329389351, 0.3171740000913, 0.3238612419437, 0, 0.3171740000913, 0.3238612419437
1.05, -0.04338083851601, 0.02507223118051, 0.043380838516, -0.02507223118052, 8.315233566516e-15, 1.779503776364e-16, 0, 305.6748892962, -21.60356215674, 305.6748892962, -21.60356215674, 65.16581103837, -22.58289009456, -65.16581103837, 22.58289009457, 4509.722958724, 2716.77727086, 4509.722958724, 2716.77727086, 6, 0, 6.335823847427e-16, -0.03183025362186, -0, -0, -0, -0, -0, 1.53417710192e-16, 0, 0, 0, 0, 0, 1.534177338665e-16, -0.07695472625859, 0.05873286695356, 0.07695472625859, -0.05873286695356, 17.12612336912, 17.09312788212, 17.12612336912, 17.09312788212, 34.9142991033, 0.04326405495296, -0.04326405495296, -1.640533489272e-13, 1, 119.784811021, 120, 119.784720788, 34.91405785963, 32.00419313021, 34.91405785963, 32.00419313021, 34.9142991033, 34.91405753828, 32.00419298588, 51.55106587941, 34.91405753828, 32.00419298588, 6.693642816907e-15, 0, 0.04322130997277, -0.02491008810884, -0.04322130997276, 0.02491008810886, 0.8372073129118, 0.8378014703639, -0.8372073129118, -0.8378014703639, 6.335823847427e-16, 0.8376333115167, 0.837469484586, 0, -0.8376333115167, -0.837469484586, -0, 5.551115123126e-17, -0, 5.551115123126e-17, -0.001782689735292, 0.3171723894448, 0.3238626012211, 0, 0.3171723894448, 0.3238626012211
1.075, -0.04366850294459, 0.02522878115018, 0.04366850294459, -0.02522878115017, 4.595105646841e-15, 6.554550045466e-17, 0, 303.7666609387, -21.56418448194, 303.7666609387, -21.56418448194, 65.61494562692, -22.72754633301, -65.61494562692, 22.72754633301, 4510.149431669, 2716.4161214, 4510.149431669, 2716.4161214, 6, 0, 6.643236804433e-16, -0.03286097255779, -0, -0, -0, -0, -0, 2.129101855001e-16, 0, 0, 0, 0, 0, 2.129102205173e-16, -0.0774680827772, 0.05916232957474, 0.0774680827772, -0.05916232957474, 17.53454959514, 17.50037534906, 17.53454959514, 17.50037534906, 35.74617341187, 0.043566054381, -0.04356605438101, -1.690077290213e-13, 1, 119.7923277719, 120, 119.7922472242, 35.74592579508, 32.83606217944, 35.74592579508, 32.83606217944, 35.74617341187, 35.74592546934, 32.836062033, 52.38398552634, 35.74592546934, 32.836062033, 6.855958885842e-15, 0, 0.04352163108984, -0.02508922884638, -0.04352163108984, 0.02508922884638, 0.8372051061667, 0.837803632873, -0.8372051061667, -0.837803632873, 6.643236804433e-16, 0.8376339444065, 0.8374692181803, 0, -0.8376339444065, -0.8374692181803, -0, -0, -0, -0, -0.001745424082672, 0.3171707942997, 0.3238639462954, 0, 0.3171707942997, 0.3238639462954
1.1, -0.0439327071355, 0.02536134266795, 0.0439327071355, -0.02536134266795, 5.086016633186e-15, 4.788186094145e-16, 0, 301.8681606857, -21.52491831403, 301.8681606857, -21.52491831403, 66.02745844107, -22.85016268427, -66.02745844107, 22.85016268427, 4510.568972161, 2716.058561718, 4510.568972161, 2716.058561718, 6, 0, 6.944858380646e-16, -0.03378345375196, -0, -0, -0, -0, -0, 2.750935977532e-16, 0, 0, 0, 0, 0, 2.750936455736e-16, -0.07793966759586, 0.05953018898819, 0.07793966759586, -0.05953018898819, 17.94299437569, 17.9076479694, 17.94299437569, 17.9076479694, 36.57809817577, 0.04384368068328, -0.04384368068329, -1.726843720731e-13, 1, 119.799617269, 120, 119.7995457012, 36.57784483344, 33.66798221451, 36.57784483344, 33.66798221451, 36.57809817577, 36.57784450363, 33.66798206626, 53.2169239676, 36.57784450363, 33.66798206626, 6.951149514443e-15, 0, 0.04379773252345, -0.02524257875769, -0.04379773252345, 0.02524257875769, 0.8372030763742, 0.8378054849644, -0.8372030763742, -0.8378054849644, 6.944858380646e-16, 0.8376345230222, 0.8374689895636, 0, -0.8376345230222, -0.8374689895636, -0, -0, -0, -0, -0.001711309010622, 0.3171692253112, 0.3238652783189, 0, 0.3171692253112, 0.3238652783189
1.125, -0.0441749441093, 0.02547183275232, 0.04417494410931, -0.02547183275232, -5.654871348861e-15, -1.962240050126e-16, 0, 299.9870649714, -21.48593200323, 299.9870649713, -21.48593200323, 66.40565688397, -22.95250941867, -66.40565688398, 22.95250941867, 4510.979862982, 2715.704446821, 4510.979862982, 2715.704446821, 6, 0, 7.253788916412e-16, -0.03460553552005, -0, -0, -0, -0, -0, 3.929443870565e-16, 0, 0, 0, 0, 0, 3.929444587281e-16, -0.07837213873254, 0.05984132430165, 0.07837213873254, -0.05984132430164, 18.35145699338, 18.31494499032, 18.35145699338, 18.31494499032, 37.41007189156, 0.04409845823229, -0.04409845823232, -1.748933837263e-13, 1, 119.8066812666, 120, 119.8066180166, 37.40981342499, 34.49995169391, 37.40981342499, 34.49995169391, 37.41007189156, 37.40981309144, 34.49995154413, 54.04987994942, 37.40981309144, 34.49995154413, 6.964429237996e-15, 0, 0.04405113100821, -0.02537219218729, -0.04405113100822, 0.02537219218729, 0.8372012127576, 0.8378070513985, -0.8372012127576, -0.8378070513985, 7.253788916412e-16, 0.837635051314, 0.837468795921, 0, -0.837635051314, -0.837468795921, -0, -0, -0, -0, -0.001680133199506, 0.3171676888723, 0.3238665978104, 0, 0.3171676888723, 0.3238665978104
1.15, -0.04439663851251, 0.02556205135366, 0.04439663851253, -0.02556205135365, -5.899306317949e-15, 3.300561484777e-16, 0, 298.1297190206, -21.447370941, 298.1297190207, -21.447370941, 66.75176004115, -23.0362427288, -66.75176004114, 23.0362427288, 4511.381164756, 2715.354489577, 4511.381164756, 2715.354489577, 6, 0, 7.527232471603e-16, -0.03533461883285, -0, -0, -0, -0, -0, 4.682389285568e-16, 0, 0, 0, 0, 0, 4.682390175984e-16, -0.07876803857508, 0.06010027443457, 0.07876803857509, -0.06010027443457, 18.75993676208, 18.72226566437, 18.75993676208, 18.72226566437, 38.24209306703, 0.04433184927913, -0.04433184927915, -1.736924406337e-13, 1, 119.813522336, 120, 119.8134667767, 38.2418300338, 35.33196908947, 38.2418300338, 35.33196908947, 38.24209306703, 38.2418296968, 35.33196893839, 54.88285234158, 38.2418296968, 35.33196893839, 6.805448983593e-15, 0, 0.04428328100941, -0.02547997801378, -0.04428328100942, 0.02547997801378, 0.8371995049308, 0.8378083551661, -0.8371995049308, -0.8378083551661, 7.527232471603e-16, 0.8376355329779, 0.8374686345937, 0, -0.8376355329779, -0.8374686345937, -0, -0, -0, -0, -0.00165169761369, 0.3171661884738, 0.3238679020882, 0, 0.3171661884738, 0.3238679020882
1.175, -0.044599141938, 0.02563371062209, 0.04459914193799, -0.02563371062209, -6.035292166584e-15, 1.599021287195e-16, 0, 296.3013262225, -21.40935645335, 296.3013262225, -21.40935645335, 67.06788301085, -23.10293456253, -67.06788301085, 23.10293456253, 4511.772387716, 2715.010039068, 4511.772387716, 2715.010039068, 6, 0, 7.826977194885e-16, -0.03597771813982, -0, -0, -0, -0, -0, 6.064450713871e-16, 0, 0, 0, 0, 0, 6.064451909464e-16, -0.07912978207062, 0.060311315696, 0.07912978207062, -0.060311315696, 19.16843302521, 19.12960925228, 19.16843302521, 19.12960925228, 39.07416022684, 0.04454524622575, -0.04454524622575, -1.733493352291e-13, 1, 119.820143719, 120, 119.8200952561, 39.07389314306, 36.16403289171, 39.07389314306, 36.16403289171, 39.07416022684, 39.07389280289, 36.16403273958, 55.71584012352, 39.07389280289, 36.16403273958, 6.683830224744e-15, 0, 0.04449556704917, -0.02556773277037, -0.04449556704915, 0.02556773277039, 0.837197942962, 0.8378094178893, -0.837197942962, -0.8378094178893, 7.826977194885e-16, 0.8376359714563, 0.8374685030408, 0, -0.8376359714563, -0.8374685030408, -0, -0, -0, -0, -0.0016258150874, 0.3171647259288, 0.3238691860971, 0, 0.3171647259288, 0.3238691860971
1.2, -0.04478373248496, 0.02568844064179, 0.04478373248496, -0.02568844064179, -7.146743166061e-15, 8.828053109341e-17, 0, 294.5061074937, -21.37198630281, 294.5061074937, -21.37198630281, 67.35603031565, -23.1540811053, -67.35603031565, 23.1540811053, 4512.153287654, 2714.672486088, 4512.153287654, 2714.672486088, 6, 0, 8.125449384721e-16, -0.03654146546115, -0, -0, -0, -0, -0, 7.145064602164e-16, 0, 0, 0, 0, 0, 7.145066055289e-16, -0.07945965328619, 0.06047850980665, 0.0794596532862, -0.06047850980665, 19.57694515406, 19.53697502523, 19.57694515406, 19.53697502523, 39.90627191672, 0.0447399689198, -0.04473996891981, -1.721342608983e-13, 1, 119.8265492043, 120, 119.8265072765, 39.90600125928, 36.99614161418, 39.90600125928, 36.99614161418, 39.90627191672, 39.9060009162, 36.99614146122, 56.54884237179, 39.9060009162, 36.99614146122, 6.515480442242e-15, 0, 0.04468930110032, -0.02563716118789, -0.04468930110032, 0.0256371611879, 0.837196517401, 0.8378102600743, -0.837196517401, -0.8378102600743, 8.125449384721e-16, 0.8376363699474, 0.8374683988179, 0, -0.8376363699474, -0.8374683988179, -0, -0, -0, -0, -0.001602309745899, 0.3171633021346, 0.3238704446262, 0, 0.3171633021346, 0.3238704446262
1.225, -0.04495161667536, 0.02572778060299, 0.04495161667535, -0.02572778060299, -7.962351608993e-15, 1.874740168109e-16, 0, 292.7474351434, -21.33533742213, 292.7474351434, -21.33533742213, 67.61809545263, -23.19109625294, -67.61809545263, 23.19109625295, 4512.523752765, 2714.342819385, 4512.523752765, 2714.342819385, 6, 0, 8.419447100562e-16, -0.03703209589189, -0, -0, -0, -0, -0, 7.719816766382e-16, 0, 0, 0, 0, 0, 7.71981837884e-16, -0.0797598072965, 0.06060571120751, 0.0797598072965, -0.06060571120751, 19.98547254629, 19.9443622667, 19.98547254629, 19.9443622667, 40.73842670679, 0.04491726517154, -0.04491726517154, -1.704892441281e-13, 1, 119.8327430201, 120, 119.8327071006, 40.73815291569, 37.82829379683, 40.73815291569, 37.82829379683, 40.73842670679, 40.73815256996, 37.82829364323, 57.38185824854, 40.73815256996, 37.82829364323, 6.325416016269e-15, 0, 0.04486572321294, -0.02568987958015, -0.04486572321293, 0.02568987958015, 0.8371952192832, 0.8378109011573, -0.8371952192832, -0.8378109011573, 8.419447100562e-16, 0.8376367314193, 0.8374683195806, 0, -0.8376367314193, -0.8374683195806, -0, -0, -0, -0, -0.001581016370257, 0.3171619174948, 0.3238716739654, 0, 0.3171619174948, 0.3238716739654
1.25, -0.04510393260457, 0.0257531690641, 0.04510393260456, -0.02575316906411, -1.064139769331e-14, -1.302268002345e-16, 0, 291.0279492925, -21.29946970982, 291.0279492925, -21.29946970982, 67.85586375642, -23.21530251231, -67.85586375643, 23.21530251231, 4512.883729344, 2714.021535917, 4512.883729344, 2714.021535917, 6, 0, 8.711810245028e-16, -0.03745544339007, -0, -0, -0, -0, -0, 8.324677819646e-16, 0, 0, 0, 0, 0, 8.324679598425e-16, -0.08003227503372, 0.0606965515972, 0.08003227503372, -0.0606965515972, 20.39401462448, 20.35177027382, 20.39401462448, 20.35177027382, 41.57062319424, 0.04507831308276, -0.04507831308276, -1.683368758095e-13, 1, 119.8387297419, 120, 119.8386993383, 41.57034667494, 38.66048800866, 41.57034667494, 38.66048800866, 41.57062319424, 41.57034632679, 38.6604878546, 58.21488699122, 41.57034632679, 38.6604878546, 6.108470678686e-15, 0, 0.04502600392595, -0.02572740965774, -0.04502600392594, 0.02572740965775, 0.8371940401179, 0.8378113594339, -0.8371940401179, -0.8378113594339, 8.711810245028e-16, 0.8376370586269, 0.8374682631005, 0, -0.8376370586269, -0.8374682631005, -0, -0, -0, -0, -0.001561779691957, 0.3171605721967, 0.3238728722401, 0, 0.3171605721967, 0.3238728722401
1.275, -0.04524175372921, 0.02576594145114, 0.04524175372923, -0.02576594145113, -7.992167054542e-15, 8.73890322219e-18, 0, 289.3496623, -21.26442947154, 289.3496623001, -21.26442947154, 68.07101703444, -23.22792776037, -68.07101703444, 23.22792776038, 4513.233167059, 2713.708807086, 4513.233167059, 2713.708807086, 6, 0, 8.994593603551e-16, -0.03781695682513, -0, -0, -0, -0, -0, 8.5212021985e-16, 0, 0, 0, 0, 0, 8.521204054589e-16, -0.0802789697359, 0.06075442527603, 0.0802789697359, -0.06075442527603, 20.80257083493, 20.75919835856, 20.80257083493, 20.75919835856, 42.4028600056, 0.04522422437342, -0.04522422437344, -1.656542510733e-13, 1, 119.8445142127, 120, 119.8444888652, 42.40258113128, 39.4927228499, 42.40258113128, 39.4927228499, 42.4028600056, 42.40258078094, 39.49272269555, 59.04792790355, 42.40258078094, 39.49272269555, 5.866139651298e-15, 0, 0.04517124763702, -0.02575117266869, -0.04517124763703, 0.02575117266869, 0.8371929718701, 0.8378116519899, -0.8371929718701, -0.8378116519899, 8.994593603551e-16, 0.8376373541286, 0.8374682272796, 0, -0.8376373541286, -0.8374682272796, -5.551115123126e-17, -0, -5.551115123126e-17, -0, -0.001544453648508, 0.3171592664155, 0.3238740387913, 0, 0.3171592664155, 0.3238740387913
1.3, -0.04536609280798, 0.0257673350454, 0.04536609280798, -0.0257673350454, -6.869471711678e-15, 9.168978522794e-17, 0, 287.7140524474, -21.23025182938, 287.7140524474, -21.23025182938, 68.26513924978, -23.23010905813, -68.26513924978, 23.23010905813, 4513.571991987, 2713.404693943, 4513.571991987, 2713.404693943, 6, 0, 9.290388947543e-16, -0.03812172865163, -0, -0, -0, -0, -0, 8.760161431637e-16, 0, 0, 0, 0, 0, 8.760163370656e-16, -0.08050169407088, 0.06078248801521, 0.08050169407088, -0.06078248801521, 21.21114064642, 21.16664584862, 21.21114064642, 21.16664584862, 43.23513579865, 0.04535604815922, -0.04535604815923, -1.639256775224e-13, 1, 119.850101475, 120, 119.8500807539, 43.23485491228, 40.32499695373, 43.23485491228, 40.32499695373, 43.23513579865, 43.23485455994, 40.32499679924, 59.8809803478, 43.23485455994, 40.32499679924, 5.670950264815e-15, 0, 0.04530249639568, -0.02576248918315, -0.04530249639568, 0.02576248918316, 0.8371920069374, 0.8378117946987, -0.8371920069374, -0.8378117946987, 9.290388947543e-16, 0.8376376203029, 0.8374682101554, 0, -0.8376376203029, -0.8374682101554, -0, -0, -0, -0, -0.001528900699329, 0.3171580004148, 0.323875173373, 0, 0.3171580004148, 0.323875173373
1.325, -0.0454779056377, 0.02575851052338, 0.04547790563769, -0.02575851052337, -4.822498297264e-15, -8.300257451896e-18, 0, 286.122144331, -21.19696556833, 286.122144331, -21.19696556833, 68.43972263586, -23.2229027172, -68.43972263586, 23.22290271719, 4513.900115191, 2713.109235476, 4513.900115191, 2713.109235476, 6, 0, 9.597093029452e-16, -0.03837452403518, -0, -0, -0, -0, -0, 8.848916401166e-16, 0, 0, 0, 0, 0, 8.848918385893e-16, -0.08070214710958, 0.06078367284679, 0.08070214710958, -0.06078367284678, 21.61972354922, 21.57411208815, 21.61972354922, 21.57411208815, 44.06744926379, 0.04547477469389, -0.04547477469389, -1.631450566804e-13, 1, 119.8554967131, 120, 119.8554802156, 44.06716668007, 41.15730898752, 44.06716668007, 41.15730898752, 44.06744926379, 44.06716632594, 41.15730883303, 60.71404373817, 44.06716632594, 41.15730883303, 5.523296760093e-15, 0, 0.04542073365187, -0.02576258594008, -0.04542073365186, 0.02576258594008, 0.8371911381262, 0.8378118023042, -0.8371911381262, -0.8378118023042, 9.597093029452e-16, 0.8376378593642, 0.8374682098939, 0, -0.8376378593642, -0.8374682098939, -0, -0, -0, -0, -0.00151499129187, 0.3171567745148, 0.3238762758222, 0, 0.3171567745148, 0.3238762758222
1.35, -0.04557809534857, 0.02574073004814, 0.04557809534857, -0.02574073004814, -4.463930032765e-15, -3.649003055045e-16, 0, 284.5745712905, -21.1645927168, 284.5745712905, -21.1645927168, 68.59617397078, -23.20738073308, -68.59617397078, 23.20738073307, 4514.217427524, 2712.82113743, 4514.217427524, 2712.82113743, 6, 0, 9.903801071388e-16, -0.03857984651484, -0, -0, -0, -0, -0, 8.526791237481e-16, 0, 0, 0, 0, 0, 8.526793170479e-16, -0.08088193180153, 0.06076088793354, 0.08088193180154, -0.06076088793353, 22.02831905405, 21.98159643834, 22.02831905405, 21.98159643834, 44.89979912545, 0.04558133944016, -0.04558133944018, -1.631650301906e-13, 1, 119.8607052023, 120, 119.8606925395, 44.89951513235, 41.98965765416, 44.89951513235, 41.98965765416, 44.89979912545, 44.8995147766, 41.98965749978, 61.54711753371, 44.8995147766, 41.98965749978, 5.418960013645e-15, 0, 0.04552688827374, -0.02575267929358, -0.04552688827374, 0.02575267929358, 0.8371903586261, 0.8378116894216, -0.8371903586261, -0.8378116894216, 9.903801071388e-16, 0.8376380733773, 0.8374682246676, 0, -0.8376380733773, -0.8374682246676, -0, -5.551115123126e-17, -0, -5.551115123126e-17, -0.001502603245945, 0.3171555891114, 0.3238773509509, 0, 0.3171555891114, 0.3238773509509
1.375, -0.04566751515645, 0.0257151219511, 0.04566751515646, -0.0257151219511, -5.057181633758e-15, -2.860288612357e-16, 0, 283.0716537187, -21.13312011028, 283.0716537187, -21.13312011028, 68.73581951695, -23.18459083469, -68.73581951695, 23.18459083469, 4514.523758655, 2712.538759147, 4514.523758655, 2712.538759147, 6, 0, 1.017126536464e-15, -0.03874203522343, -0, -0, -0, -0, -0, 6.346442021613e-16, 0, 0, 0, 0, 0, 6.346443472455e-16, -0.08104256135875, 0.06071703315374, 0.08104256135875, -0.06071703315374, 22.4369266913, 22.38909827795, 22.4369266913, 22.38909827795, 45.73218414346, 0.04567662651217, -0.04567662651218, -1.626332787617e-13, 1, 119.865732271, 120, 119.8657230675, 45.73189900321, 42.82204169282, 45.73189900321, 42.82204169282, 45.73218414346, 45.73189864601, 42.82204153866, 62.38020123617, 45.73189864601, 42.82204153866, 5.298283672403e-15, 0, 0.04562183788575, -0.02573398174882, -0.04562183788575, 0.02573398174883, 0.8371896619867, 0.8378114706214, -0.8371896619867, -0.8378114706214, 1.017126536464e-15, 0.8376382642706, 0.8374682526498, 0, -0.8376382642706, -0.8374682526498, 5.551115123126e-17, -0, 5.551115123126e-17, -0, -0.001491621093559, 0.3171544448295, 0.3238784048634, 0, 0.3171544448295, 0.3238784048634
1.4, -0.0457469710187, 0.02568270192785, 0.04574697101869, -0.02568270192785, -4.290835103835e-15, -1.136914998533e-16, 0, 281.6134520791, -21.10256282781, 281.6134520791, -21.10256282781, 68.85991071753, -23.15547501473, -68.85991071754, 23.15547501473, 4514.818945052, 2712.263380807, 4514.818945052, 2712.263380807, 6, 0, 1.041580549113e-15, -0.03886530312359, -0, -0, -0, -0, -0, 3.306305434027e-16, 0, 0, 0, 0, 0, 3.306306194689e-16, -0.08118546475111, 0.06065472736417, 0.08118546475111, -0.06065472736417, 22.84554601028, 22.7966170034, 22.84554601028, 22.7966170034, 46.56460311359, 0.04576147166475, -0.04576147166475, -1.619634355911e-13, 1, 119.8705832653, 120, 119.8705771583, 46.5643170635, 43.65445987899, 46.5643170635, 43.65445987899, 46.56460311359, 46.56431670501, 43.65445972515, 63.21329438557, 46.56431670501, 43.65445972515, 5.178027942141e-15, 0, 0.0457064118314, -0.02570758762674, -0.04570641183139, 0.02570758762674, 0.8371890420986, 0.8378111590477, -0.8371890420986, -0.8378111590477, 1.041580549113e-15, 0.8376384338469, 0.8374682921869, 0, -0.8376384338469, -0.8374682921869, -0, 5.551115123126e-17, -0, 5.551115123126e-17, -0.001481935893345, 0.317153342269, 0.323879432767, 0, 0.317153342269, 0.323879432767
1.425, -0.04581722121984, 0.02564446440752, 0.04581722121985, -0.02564446440753, -4.65925833639e-15, -2.015049163032e-16, 0, 280.1998149593, -21.07292727978, 280.1998149593, -21.07292727978, 68.96962803397, -23.12094558108, -68.96962803397, 23.12094558108, 4515.102972492, 2711.997331815, 4515.102972492, 2711.997331815, 6, 0, 1.064226799818e-15, -0.03895369127608, -0, -0, -0, -0, -0, -5.381728510501e-17, 0, 0, 0, 0, 0, -5.381729754282e-17, -0.0813119884378, 0.06057643887534, 0.0813119884378, -0.06057643887534, 23.25417657824, 23.20415202879, 23.25417657824, 23.20415202879, 47.39705486723, 0.0458366631337, -0.04583666313372, -1.612472545828e-13, 1, 119.8752635206, 120, 119.875260167, 47.3967681207, 44.48691102454, 47.3967681207, 44.48691102454, 47.39705486723, 47.39676776106, 44.4869108711, 64.0463965571, 47.39676776106, 44.4869108711, 5.061487894225e-15, 0, 0.04578139210387, -0.02567452835655, -0.04578139210387, 0.02567452835656, 0.8371884931908, 0.8378107670815, -0.8371884931908, -0.8378107670815, 1.064226799818e-15, 0.8376385837898, 0.8374683417173, 0, -0.8376385837898, -0.8374683417173, -5.551115123126e-17, -0, -5.551115123126e-17, -0, -0.001473445606396, 0.317152281473, 0.3238804259548, 0, 0.317152281473, 0.3238804259548
1.45, -0.04587897495943, 0.02560134633191, 0.04587897495943, -0.0256013463319, -1.199677398397e-15, -8.173650920606e-17, 0, 278.8303948305, -21.04420638584, 278.8303948305, -21.04420638584, 69.06608254921, -23.0818674475, -69.06608254922, 23.0818674475, 4515.376153769, 2711.741984091, 4515.376153769, 2711.741984091, 6, 0, 1.084863532711e-15, -0.03901093546802, -0, -0, -0, -0, -0, -5.800096867062e-16, 0, 0, 0, 0, 0, -5.800098211476e-16, -0.08142339482703, 0.06048452445298, 0.08142339482703, -0.06048452445298, 23.66281797942, 23.61170278574, 23.66281797942, 23.61170278574, 48.22953827003, 0.04590294062717, -0.04590294062718, -1.613081608424e-13, 1, 119.8797783386, 120, 119.8797774267, 48.22925101831, 45.31939397716, 48.22925101831, 45.31939397716, 48.22953827003, 48.22925065766, 45.31939382418, 64.87950735707, 48.22925065766, 45.31939382418, 4.993906053632e-15, 0, 0.04584751255174, -0.02563578875264, -0.04584751255174, 0.02563578875264, 0.8371880098421, 0.8378103065471, -0.8371880098421, -0.8378103065471, 1.084863532711e-15, 0.8376387156655, 0.8374683997489, 0, -0.8376387156655, -0.8374683997489, -0, -0, -0, -0, -0.001466055848585, 0.3171512612652, 0.3238813792932, 0, 0.3171512612652, 0.3238813792932
1.475, -0.04593289101817, 0.02555418181138, 0.04593289101817, -0.02555418181137, -1.491855582776e-15, -7.190026936932e-17, 0, 277.5046597902, -21.01638594718, 277.5046597902, -21.01638594718, 69.15031403939, -23.03901658809, -69.15031403939, 23.03901658809, 4515.639128011, 2711.497220138, 4515.639128011, 2711.497220138, 6, 0, 1.104187550494e-15, -0.0390403741017, -0, -0, -0, -0, -0, -1.196325443573e-15, 0, 0, 0, 0, 0, -1.196325721289e-15, -0.08152085966166, 0.06038116395208, 0.08152085966166, -0.06038116395209, 24.071469814, 24.01926872309, 24.071469814, 24.01926872309, 49.06205222074, 0.04596099368813, -0.04596099368814, -1.615363759025e-13, 1, 119.8841329656, 120, 119.8841342201, 49.06176463529, 46.15190761968, 49.06176463529, 46.15190761968, 49.06205222074, 49.06176427376, 46.15190746722, 65.71262641798, 49.06176427376, 46.15190746722, 4.939893386507e-15, 0, 0.04590545739581, -0.02559227953105, -0.04590545739581, 0.02559227953104, 0.8371875869958, 0.8378097883882, -0.8371875869958, -0.8378097883882, 1.104187550494e-15, 0.8376388309229, 0.8374684649032, 0, -0.8376388309229, -0.8374684649032, -5.551115123126e-17, -0, -5.551115123126e-17, -0, -0.001459680063206, 0.3171502792519, 0.3238822932073, 0, 0.3171502792519, 0.3238822932073
1.5, -0.0459795788213, 0.02550368560655, 0.04597957882129, -0.02550368560654, -3.50347041017e-15, -1.095826988503e-16, 0, 276.2219198586, -20.98945048598, 276.2219198585, -20.98945048598, 69.22328795729, -22.99306057401, -69.22328795729, 22.99306057401, 4515.892655324, 2711.262033705, 4515.892655324, 2711.262033705, 6, 0, 1.122073710101e-15, -0.0390449553473, -0, -0, -0, -0, -0, -1.91348109842e-15, 0, 0, 0, 0, 0, -1.913481542722e-15, -0.08160547184776, 0.06026829109856, 0.08160547184776, -0.06026829109856, 24.48013169722, 24.4268493066, 24.48013169722, 24.4268493066, 49.8945956509, 0.04601146146386, -0.04601146146386, -1.613303601074e-13, 1, 119.8883325729, 120, 119.8883357509, 49.89430788559, 46.98445086958, 49.89430788559, 46.98445086958, 49.8945956509, 49.89430752328, 46.98445071768, 66.54575339408, 49.89430752328, 46.98445071768, 4.867335271501e-15, 0, 0.04595586100738, -0.02554480832594, -0.04595586100737, 0.02554480832594, 0.8371872199611, 0.8378092223173, -0.8371872199611, -0.8378092223173, 1.122073710101e-15, 0.8376389308956, 0.8374685359581, 0, -0.8376389308956, -0.8374685359581, -0, -0, -0, -0, -0.001454238753094, 0.3171493325887, 0.3238831714399, 0, 0.3171493325887, 0.3238831714399
1.525, -0.04601960274425, 0.02545046743883, 0.04601960274426, -0.02545046743883, -1.038989514788e-15, -4.716076956317e-16, 0, 274.9813663709, -20.96338540306, 274.9813663709, -20.96338540306, 69.28589589249, -22.94456810318, -69.28589589249, 22.94456810318, 4516.137363099, 2711.035389492, 4516.137363099, 2711.035389492, 6, 0, 1.147360264808e-15, -0.03902731444791, -0, -0, -0, -0, -0, -1.894583115828e-15, 0, 0, 0, 0, 0, -1.894583555345e-15, -0.08167823840262, 0.0601475771534, 0.08167823840262, -0.0601475771534, 24.88880325879, 24.83444401877, 24.88880325879, 24.83444401877, 50.72716752487, 0.04605493547328, -0.04605493547329, -1.63007646908e-13, 1, 119.8923822402, 120, 119.8923871232, 50.72687971782, 47.81702267857, 50.72687971782, 47.81702267857, 50.72716752487, 50.72687935484, 47.81702252728, 67.37888795864, 50.72687935484, 47.81702252728, 4.871203911732e-15, 0, 0.04599931057754, -0.02549407292549, -0.04599931057754, 0.02549407292549, 0.8371869043932, 0.8378086167303, -0.8371869043932, -0.8378086167303, 1.147360264808e-15, 0.8376390168104, 0.8374686118583, 0, -0.8376390168104, -0.8374686118583, -0, -0, -0, -0, -0.001449658151846, 0.3171484189269, 0.3238840178438, 0, 0.3171484189269, 0.3238840178438
1.55, -0.04605348832601, 0.0253950590906, 0.04605348832601, -0.02539505909059, -6.240636882219e-15, -3.518631901402e-16, 0, 273.7821117822, -20.93817609739, 273.7821117822, -20.93817609739, 69.33896146538, -22.89403292302, -69.33896146538, 22.89403292302, 4516.373606858, 2710.816704266, 4516.373606858, 2710.816704266, 6, 0, 1.174197930835e-15, -0.03898985952724, -0, -0, -0, -0, -0, -1.163170628508e-15, 0, 0, 0, 0, 0, -1.16317089783e-15, -0.08174009382879, 0.06002046532618, 0.08174009382879, -0.06002046532618, 25.29748414233, 25.24205235871, 25.29748414233, 25.24205235871, 51.55976683996, 0.04609196499573, -0.04609196499575, -1.627114863769e-13, 1, 119.8962869433, 120, 119.8962933311, 51.55947911488, 48.6496220323, 51.55947911488, 48.6496220323, 51.55976683996, 51.55947875134, 48.64962188165, 68.21202980262, 51.55947875134, 48.64962188165, 4.762968683091e-15, 0, 0.04603635138938, -0.02544067576009, -0.04603635138938, 0.02544067576008, 0.8371866362528, 0.8378079788765, -0.8371866362528, -0.8378079788765, 1.174197930835e-15, 0.8376390897994, 0.8374686916926, 0, -0.8376390897994, -0.8374686916926, -0, -0, -0, -0, -0.001445868990758, 0.317147536933, 0.3238848345865, 0, 0.317147536933, 0.3238848345865
1.575, -0.04608172811111, 0.02533793618279, 0.0460817281111, -0.02533793618279, -1.264298588671e-14, -3.644646102287e-16, 0, 272.6232187069, -20.91380626812, 272.6232187069, -20.91380626812, 69.38324977941, -22.84189496384, -69.38324977941, 22.84189496384, 4516.601498062, 2710.605827173, 4516.601498062, 2710.605827173, 6, 0, 1.188217256651e-15, -0.03893482320971, -0, -0, -0, -0, -0, -1.289202972295e-15, 0, 0, 0, 0, 0, -1.289203269956e-15, -0.08179191064056, 0.05988822286721, 0.08179191064055, -0.05988822286722, 25.70617400493, 25.64967384187, 25.70617400493, 25.64967384187, 52.39239262612, 0.04612306317283, -0.04612306317283, -1.592817413257e-13, 1, 119.9000515476, 120, 119.9000592549, 52.39210509333, 49.48224794979, 52.39210509333, 49.48224794979, 52.39239262612, 52.39210472932, 49.4822477998, 69.04517863374, 52.39210472932, 49.4822477998, 4.529303634656e-15, 0, 0.0460674928486, -0.02538514575159, -0.04606749284859, 0.02538514575158, 0.8371864117619, 0.8378073151205, -0.8371864117619, -0.8378073151205, 1.188217256651e-15, 0.8376391509143, 0.8374687746617, 0, -0.8376391509143, -0.8374687746617, -0, -0, -0, -0, -0.001442805801645, 0.3171466861842, 0.3238856222232, 0, 0.3171466861842, 0.3238856222232
1.6, -0.04610478548016, 0.02527952755444, 0.04610478548017, -0.02527952755443, -1.052539240975e-14, -1.737360020679e-16, 0, 271.5037153461, -20.89025711499, 271.5037153461, -20.89025711499, 69.41947671311, -22.78855059809, -69.41947671311, 22.78855059809, 4516.82103915, 2710.402757355, 4516.82103915, 2710.402757355, 6, 0, 1.194940596975e-15, -0.0388642744554, -0, -0, -0, -0, -0, -1.8870977326e-15, 0, 0, 0, 0, 0, -1.887098166731e-15, -0.08183450768376, 0.0597519809472, 0.08183450768376, -0.0597519809472, 26.11487251667, 26.05730799976, 26.11487251667, 26.05730799976, 53.22504394523, 0.04614871184378, -0.04614871184379, -1.540823091184e-13, 1, 119.9036808029, 120, 119.9036896593, 53.22475670266, 50.31489948276, 53.22475670266, 50.31489948276, 53.22504394523, 53.22475633826, 50.31489933345, 69.87833417568, 53.22475633826, 50.31489933345, 4.22499479666e-15, 0, 0.04609321330399, -0.02532795500679, -0.046093213304, 0.02532795500679, 0.8371862273702, 0.8378066311439, -0.8371862273702, -0.8378066311439, 1.194940596975e-15, 0.8376392011378, 0.8374688600526, 0, -0.8376392011378, -0.8374688600526, -0, -0, -0, -0, -0.001440406785776, 0.3171458666652, 0.32388638075, 0, 0.3171458666652, 0.32388638075
1.625, -0.04900811343699, 0.02524107957907, 0.04323824594419, -0.0251993513422, 0.0004159247676975, 0.0001845358567564, 0, 270.4488928332, -20.85877645875, 270.3959821869, -20.87623639552, 70.80045023208, -22.74145909842, -68.09536116551, 22.72724854525, 4517.023798618, 2710.185446891, 4517.040740879, 2710.229338071, 6, 0, 1.919218149786e-07, -0.03878011001935, -0, -0, -0, -0, -0, 1.332430008796e-05, 0, 0, 0, 0, 0, 1.332430313998e-05, -0.08200218971383, 0.05962292350394, 0.08173515671445, -0.05960258148667, 26.5235775961, 26.46495437403, 26.52358112416, 26.4649543851, 54.05771989024, 0.04895745088829, -0.04338136498113, 0.12367148622, 1, 119.907179333, 120, 119.9071891879, 54.05742934784, 51.14757568466, 54.05743670093, 51.1475757449, 54.05771989024, 54.05742896042, 51.14757553603, 70.71149616634, 54.05743635883, 51.14757559629, 1.813623838482e-06, 0, 0.04890377327213, -0.02526646051391, -0.04332423960549, 0.02527259200837, 0.8371855069057, 0.8378060148787, -0.8371866521548, -0.8378058491934, 1.919218149786e-07, 0.8376394077319, 0.83746897249, 0.001945518853789, -0.8376390748387, -0.8374689219664, -0, -0, -0, -5.551115123126e-17, -0.001438613987342, 0.3171451087738, 0.3238871923695, 0, 0.3171450476685, 0.3238870287162
1.65, -0.06333096094532, 0.02525689323856, 0.02894856649921, -0.02506374267109, 0.008201488062926, 0.001712729532348, 0, 269.4960226161, -20.73608037046, 269.2376589819, -20.95468626044, 82.01818912584, -22.7343885975, -56.84630583553, 22.62479933632, 4516.573614629, 2709.470819409, 4517.897825512, 2710.56801063, 6, 0, 5.62800944765e-06, -0.03868403587253, -0, -0, -0, -0, -0, 0.000259234460882, 0, 0, 0, 0, 0, 0.0002592345199675, -0.08256347388013, 0.05968347111949, 0.08122816424486, -0.05925938115976, 26.93228355844, 26.87261221121, 26.93230492775, 26.87261287589, 54.89041958321, 0.06371537542012, -0.02865921881016, 0.7038178197137, 1, 119.9105510383, 120, 119.9105618334, 54.89010906877, 51.98027455469, 54.89015726789, 51.9802769643, 54.89041958321, 54.89010856037, 51.98027440681, 71.5446642823, 54.89015704404, 51.98027681633, 7.84759225594e-05, 0, 0.06373812156817, -0.0251124201018, -0.02852590724943, 0.02530803999091, 0.8371869291253, 0.8378066105039, -0.8371849839834, -0.8378038340301, 5.62800944765e-06, 0.8376439390896, 0.8374692230677, 0.01109666048697, -0.8376345958895, -0.8374688481855, -0, -0, -5.551115123126e-17, 5.551115123126e-17, -0.001437373555925, 0.3171467841013, 0.3238898585322, 0, 0.3171418535856, 0.3238857670257
1.675, -0.1017047280162, 0.02506452829044, -0.009352988880982, -0.02513568776831, 0.04393237984614, 0.006323093058894, 0, 268.7830983233, -20.37658210754, 267.6802383138, -21.26804456142, 115.3136600798, -22.6576731442, -22.6400495474, 22.59109584142, 4513.140610068, 2706.432514817, 4521.735562431, 2713.241239854, 6, 0, 4.126021317667e-05, -0.03857739752972, -0, -0, -0, -0, -0, 0.001562919677972, 0, 0, 0, 0, 0, 0.001562920032236, -0.08346459514817, 0.06062500733696, 0.08038100978747, -0.05803240687899, 27.3409819504, 27.28027891471, 27.3410523904, 27.28028521277, 55.72314215389, 0.1043415695053, 0.01190496409424, 1.948010470602, 1, 119.9137923221, 120, 119.9138045818, 55.72277077765, 52.81298905567, 55.7229416914, 52.81300842503, 55.72314215389, 55.72276993157, 52.81298890972, 72.3778372347, 55.72294178923, 52.81300827673, 0.0006386307126345, 0, 0.104924022803, -0.02439931575255, 0.01259771874225, 0.02590139706921, 0.8372116330816, 0.8378119047745, -0.8371599193443, -0.8377971061444, 4.126021317667e-05, 0.8376736491507, 0.8374691828895, 0.03086212089513, -0.8376048220622, -0.8374690663335, -0, -0, -0, -0, -0.001436636609987, 0.3171595865793, 0.3239011898953, 0, 0.317127540299, 0.3238757993943
1.7, -0.1884441665351, 0.02370408596291, -0.09576867821753, -0.02637574503134, 0.1534037847419, 0.0178883802923, 0, 268.7022367728, -19.47483734226, 264.2327832194, -22.10073078084, 197.1316796611, -21.99043276958, 63.84530590105, 23.15030525638, 4501.270876271, 2696.846914816, 4534.117737733, 2722.429616397, 6, 0, 0.0001778232202649, -0.03846027556443, -0, -0, -0, -0, -0, 0.005999491187083, 0, 0, 0, 0, 0, 0.005999492538733, -0.08423324349836, 0.06415462363536, 0.07973885100279, -0.05421657604734, 27.7496549175, 27.68794715243, 27.74984648364, 27.68797780232, 56.5558865698, 0.1986850660865, 0.1059824467049, 4.043443063783, 1, 119.9168491275, 120, 119.9168653109, 56.55535945028, 53.64570014501, 56.55584264473, 53.64578711738, 56.5558865698, 56.5553578102, 53.6457000072, 73.21100675187, 56.55584348358, 53.64578696542, 0.002878693470304, 0, 0.2015072307076, -0.02176923756029, 0.1089147042573, 0.02841136445098, 0.8373224025794, 0.8378299335631, -0.8370478169381, -0.8377776406778, 0.0001778232202649, 0.8377887364888, 0.8374672182021, 0.06460536212937, -0.8374891002723, -0.8374712030576, -0, -5.551115123126e-17, -0, -0, -0.001436356852971, 0.3172038703563, 0.3239369353096, 0, 0.3170813431635, 0.3238415355513
1.725, -0.3144501290956, 0.01826048822388, -0.2208339483845, -0.03169169447357, 0.40435307841, 0.03708985272123, 0, 270.2087730893, -17.88745061211, 260.3138091739, -23.60682085441, 332.3690399805, -19.04364218952, 204.4229828479, 26.03994616116, 4471.908486679, 2673.721114199, 4564.37556117, 2745.013773695, 6, 0, 0.0005682827873436, -0.03832798113733, -0, -0, -0, -0, -0, 0.01726807341276, 0, 0, 0, 0, 0, 0.01726807727643, -0.08120896104516, 0.07327951005289, 0.08310370024078, -0.04480053157982, 28.15829718358, 28.09559987229, 28.15871318838, 28.09570634719, 57.38865111207, 0.3414109230381, 0.2478977507181, 7.144275007865, 1, 119.9196280593, 120, 119.9196524412, 57.3878408224, 54.47836574757, 57.38889043689, 54.47865180936, 57.38865111207, 57.3878380684, 54.47836564475, 74.04415839556, 57.38889250264, 54.478651651, 0.009492635966816, 0, 0.3508491506859, -0.01421655953812, 0.2574461311766, 0.0358417555317, 0.8376720302901, 0.8378732466987, -0.8366945205351, -0.8377328638572, 0.0005682827873436, 0.8381217707493, 0.8374588309931, 0.1156887573811, -0.837154257725, -0.8374797125791, -0, -5.551115123126e-17, -0, -0, -0.001436495760657, 0.3173134555745, 0.324023163666, 0, 0.3169684144936, 0.3237573123205
1.75, -0.4830580867491, 0.003890708622594, -0.3872736547047, -0.04590233453624, 0.8541543921396, 0.06430981102174, 0, 273.3314406545, -15.72080237167, 257.260988821, -25.75137658744, 519.1406221319, -10.59842128115, 399.7985688273, 34.77757348698, 4417.578337533, 2631.237334493, 4620.340420858, 2786.772390065, 6, 0, 0.001446513292576, -0.03817686626931, -0, -0, -0, -0, -0, 0.03964030072612, 0, 0, 0, 0, 0, 0.03964030952571, -0.0708535297302, 0.09128575626053, 0.0942462595602, -0.02647419798149, 28.56687905838, 28.50320849126, 28.56768724545, 28.50349795549, 58.22143372038, 0.5362889869871, 0.4408535031709, 11.37021647291, 1, 119.9221477577, 120, 119.9221865005, 58.22014494388, 55.31092007318, 58.22214947824, 55.31166461923, 58.22143372038, 58.22014109944, 55.31092010007, 74.87729295656, 58.22215371292, 55.31166448116, 0.02475155045104, 0, 0.5609928631054, 0.002983122519395, 0.4656683448641, 0.05290726955201, 0.8384899429012, 0.8379537412848, -0.8358679415406, -0.8376506953655, 0.001446513292576, 0.8388825735763, 0.8374372428239, 0.1874745667879, -0.8363889648831, -0.8375011714594, -0, -0, 5.551115123126e-17, -5.551115123126e-17, -0.001436800600771, 0.31751625596, 0.3241815387921, 0, 0.3167594952709, 0.3236015610148
1.775, -0.6981255706235, -0.0251755277194, -0.5980598509871, -0.07474061017989, 1.554958787582, 0.1006501045059, 0, 277.7659505934, -12.68336696241, 253.3699664847, -28.48334306989, 752.017360622, 7.610093132243, 662.3151962023, 54.31984310618, 4334.469925207, 2566.685793182, 4706.505321822, 2850.31524683, 6, 0, 0.00311821953182, -0.03800967282307, -0, -0, -0, -0, -0, 0.07709392707547, 0, 0, 0, 0, 0, 0.07709394403967, -0.05007124041886, 0.1210021440584, 0.1166211026614, 0.003623649506267, 28.97535887698, 28.91073510387, 28.97678725383, 28.91138993939, 59.05423154594, 0.7866438228987, 0.6873178548674, 16.77691841799, 1, 119.924246063, 120, 119.9243067566, 59.0521811816, 56.14327684226, 59.05570178759, 56.14490767469, 59.05423154594, 59.05217710532, 56.14327727282, 75.71038526213, 59.05571012501, 56.1449077053, 0.05429443758856, 0, 0.8409035923778, 0.0360057507036, 0.7416910715447, 0.08576757388249, 0.8400761420256, 0.8380847859699, -0.8342632192469, -0.8375172808581, 0.00311821953182, 0.8403538632913, 0.8373996426749, 0.2827917588142, -0.8349072506143, -0.8375377318981, -5.551115123126e-17, -0, -0, -0, -0.00143645168184, 0.3178264833922, 0.3244220907319, 0, 0.3164377574853, 0.3233644947009
1.8, -0.9530652840009, -0.07504967807296, -0.8457817419478, -0.1242966003405, 2.54909829418, 0.1468837590409, 0, 283.5929803223, -9.425133100831, 248.759827635, -31.69053543162, 1030.336694291, 38.12332670022, 995.271983123, 90.86394848335, 4221.743507005, 2479.374239231, 4823.841649564, 2935.370461879, 6, 0, 0.005961390493466, -0.03783112057767, -0, -0, -0, -0, -0, 0.1329966426375, 0, 0, 0, 0, 0, 0.1329966716286, -0.01581980407193, 0.164633459096, 0.1536208663805, 0.04773133197067, 29.38369438815, 29.31812913893, 29.3860321416, 29.31942825992, 59.88703882224, 1.084263249826, 0.9781967723743, 23.18194371496, 1, 119.9255818808, 120, 119.92566958, 59.88385330603, 56.97533091845, 59.88962816753, 56.97847894342, 59.88703882224, 59.88385148237, 56.97533242012, 76.54338181946, 59.88964418499, 56.97847960935, 0.1049443803889, 0, 1.189193839122, 0.09220503352028, 1.083246262317, 0.1417773878379, 0.8428057741845, 0.8382913988389, -0.8315000510664, -0.8373062303961, 0.005961390493466, 0.8428936257568, 0.8373582700186, 0.4011482475667, -0.8323471562303, -0.837575350054, -0, 5.551115123126e-17, -0, -0, -0.001434129310859, 0.3182472135893, 0.324747262958, 0, 0.3159994550312, 0.3230470130443
1.825, -1.245177305413, -0.1516735082367, -1.127072481454, -0.200587113632, 3.856299144022, 0.2004468360441, 0, 284.0408060882, -5.785319898135, 243.8108224237, -35.00631991205, 1313.749399683, 84.01738787651, 1390.915743555, 151.7960205188, 4080.639508427, 2369.775420237, 4969.008347952, 3038.75704077, 6, 0, 0.01042131570067, -0.03766254067596, -0, -0, -0, -0, -0, 0.2100070092805, 0, 0, 0, 0, 0, 0.2100070546517, 0.03416149732768, 0.2238914688336, 0.2077573091536, 0.1073536470775, 29.79184087887, 29.72533498806, 29.79545111404, 29.72766484323, 60.71984464057, 1.422668665853, 1.306265907694, 30.30040854499, 1, 119.9255616634, 120, 119.9256747223, 60.71504458203, 57.80696271406, 60.72401849267, 57.81248637499, 60.71984464057, 60.71504991227, 57.80696669923, 77.376188352, 60.72404825157, 57.81248879281, 0.1843668801128, 0, 1.607051943166, 0.1797061047655, 1.490778261137, 0.229142703036, 0.847118294407, 0.8386235031021, -0.8271312879117, -0.8369658391899, 0.01042131570067, 0.8469283065194, 0.837352912847, 0.5407608258362, -0.8282747677794, -0.8375703963872, -0, -0, -0, -0, -0.001428654983756, 0.3187736765169, 0.32515507188, 0, 0.3154568502135, 0.3226607879491
1.85, -1.568612435784, -0.2597986104693, -1.435852064859, -0.3084084946195, 5.457017882395, 0.2600482789898, 0, 290.731061994, -2.116153567469, 235.2213291921, -38.02329956978, 1583.639464599, 145.7417468821, 1840.233775793, 245.0948296578, 3914.738034796, 2240.368183488, 5132.290869983, 3154.36545899, 6, 0, 0.01698081314551, -0.03753895527492, -0, -0, -0, -0, -0, 0.309724194214, 0, 0, 0, 0, 0, 0.3097242606906, 0.1015089457809, 0.2996776233522, 0.2805684577816, 0.1829484365807, 30.19983743706, 30.1322943785, 30.2050965908, 30.13615074697, 61.55262842767, 1.789842150029, 1.659208389204, 37.84322073732, 1, 119.9231451892, 120, 119.9232781939, 61.54563664862, 58.63804805225, 61.55894572472, 58.64703282764, 61.55262842767, 61.54565728619, 58.6380571637, 78.20863928793, 61.55899844586, 58.64703922123, 0.3002190810102, 0, 2.090119291629, 0.3065098656569, 1.95963142901, 0.3560399299547, 0.8534927082553, 0.8391688127729, -0.8206705510238, -0.8364047813244, 0.01698081314551, 0.8529272279241, 0.8374656278994, 0.6998219255971, -0.8222114126627, -0.8374336569786, -5.551115123126e-17, -0, -0, -0, -0.001421677072053, 0.3193922672723, 0.3256359630158, 0, 0.3148458860386, 0.3222283369705
1.875, -1.932914724021, -0.402108902002, -1.781604978531, -0.4503483461024, 7.300932856931, 0.324092752623, 0, 300.5380016506, 1.15747280288, 235.1798855234, -40.65176440759, 1835.012044995, 221.3024596468, 2319.473800292, 377.5067291453, 3730.396164928, 2096.130993637, 5300.277045428, 3277.218108319, 6, 0, 0.02613275742977, -0.03751789798235, -0, -0, -0, -0, -0, 0.4328121304741, 0, 0, 0, 0, 0, 0.4328122232659, 0.186162958937, 0.3922092724395, 0.3719014701137, 0.2742479233824, 30.60767492371, 30.53895078612, 30.61505362381, 30.5449291121, 62.38536132163, 2.188601027174, 2.0397805403, 45.53783021023, 1, 119.9183278812, 120, 119.9184712978, 62.37549590017, 59.46847466811, 62.39448140849, 59.48220589496, 62.38536132163, 62.37554394688, 59.46849335745, 79.04070455743, 62.39457034912, 59.48222013101, 0.4592462119579, 0, 2.647961255249, 0.4795945219411, 2.499312768533, 0.529604360377, 0.8624114499537, 0.8400706604537, -0.8116235416672, -0.8354720581959, 0.02613275742977, 0.8613725702119, 0.8378379515552, 0.8765431034568, -0.8136611778812, -0.8370121555653, -0, -5.551115123126e-17, -5.551115123126e-17, -0, -0.001420689449304, 0.3200789217779, 0.3261709735685, 0, 0.3142162274738, 0.3217678881977
1.9, -2.332332251613, -0.5797596331886, -2.158987909858, -0.6274130403035, 9.348208110296, 0.3896360526903, 0, 308.1772289664, 4.212174615736, 237.7889400864, -42.75361252817, 2050.446906919, 304.6163827665, 2807.017028126, 551.0702186246, 3533.318887466, 1941.686316313, 5461.401474176, 3406.664864072, 6, 0, 0.03837888049786, -0.03757452564368, -0, -0, -0, -0, -0, 0.579834732829, 0, 0, 0, 0, 0, 0.5798348575188, 0.2888923691123, 0.5017544369646, 0.4820929955722, 0.3809952653697, 31.01535149415, 30.94525496064, 31.02532260274, 30.95403366786, 63.21800565677, 2.608791919731, 2.43830323621, 53.13001286074, 1, 119.9103553804, 120, 119.9105140752, 63.2045137149, 60.29814712161, 63.23065518688, 60.31807690692, 63.21800565677, 63.20460615481, 60.29818231618, 79.87224372277, 63.23079815654, 60.31810508515, 0.6670730580753, 0, 3.276055252729, 0.7047320750496, 3.105776238897, 0.755718278328, 0.8743687326858, 0.8415362933668, -0.7994814280995, -0.8339476835645, 0.03837888049786, 0.8727537894115, 0.8386750664824, 1.069111707526, -0.8021163680741, -0.8360839294287, -0, -0, -5.551115123126e-17, 5.551115123126e-17, -0.001443796973328, 0.3208118962561, 0.3267423725132, 0, 0.3136105345815, 0.3212814606824
1.925, -2.759738550049, -0.7922369101538, -2.561380210742, -0.8388060195234, 11.46360948475, 0.4503443171128, 0, 321.6928226557, 6.127552015237, 243.9669004762, -43.57298278998, 2156.988600799, 396.3039100095, 3273.495315843, 773.5486059532, 3333.806620064, 1781.797284937, 5609.739358102, 3543.643970988, 6, 0, 0.05417633420119, -0.03744101723414, -0, -0, -0, -0, -0, 0.7503013136896, 0, 0, 0, 0, 0, 0.7503014738963, 0.4101309871536, 0.6281000177975, 0.6111094243767, 0.5025413052896, 31.42293348519, 31.35116601141, 31.43590965241, 31.36348222013, 64.05051031129, 3.031877738806, 2.837087991393, 60.38827327267, 1, 119.8987967956, 120, 119.8990027931, 64.03261238542, 61.1269976094, 64.0674445769, 61.15468346146, 64.05051031129, 64.03277132147, 61.12705932684, 80.70314958811, 64.06766382934, 61.15473442746, 0.9272512848879, 0, 3.959423271338, 0.9854626426332, 3.764893194742, 1.037957502738, 0.889813293617, 0.8438345150634, -0.7837751252239, -0.8315440343527, 0.05417633420119, 0.8875170338263, 0.8402465552278, 1.275430997646, -0.7871070003368, -0.8343570757465, -0, -0, -0, 5.551115123126e-17, -0.00152185410451, 0.3215521848915, 0.3273318332125, 0, 0.313050329449, 0.3207651091721
1.95, -3.196475989228, -1.032771738391, -2.970937871134, -1.077629362322, 13.52634577868, 0.5100901994709, 0, 335.9381932484, 7.011254395103, 258.4054290861, -43.53360568581, 2202.507773378, 488.2782390625, 3743.230655091, 1037.84133686, 3145.506681314, 1622.835675994, 5747.882662573, 3687.213888146, 6, 0, 0.07388491893836, -0.03659838286277, -0, -0, -0, -0, -0, 0.9419520080578, 0, 0, 0, 0, 0, 0.9419522002415, 0.5492127711346, 0.7695486242927, 0.7579358879919, 0.636645061721, 31.83047599431, 31.75666300628, 31.84682765642, 31.77326577862, 64.88281549698, 3.435439722125, 3.21471020376, 67.03543209562, 1, 119.8834092237, 120, 119.8837085369, 64.85976309588, 61.95500907414, 64.90476536513, 61.99201141169, 64.88281549698, 64.86001490272, 61.95511067006, 81.53333057155, 64.90508653891, 61.99209687108, 1.239870656869, 0, 4.675741347648, 1.321711001686, 4.455332073982, 1.376196533558, 0.9091047454826, 0.8473122607787, -0.7641261886297, -0.8278919740482, 0.07388491893836, 0.9060259978559, 0.8429088890096, 1.491571470684, -0.7682481702971, -0.8314492573403, -0, -0, -0, -5.551115123126e-17, -0.001693925899939, 0.3222482296093, 0.3279150634962, 0, 0.3125253298286, 0.3202219698476
1.975, -3.625375917851, -1.298750266553, -3.37134342831, -1.340580785192, 15.42475078891, 0.5584001132888, 0, 353.4044301674, 6.802685476641, 278.4285351893, -41.69285242877, 2200.532835063, 550.9746213888, 4081.061716799, 1340.512261865, 2978.845827233, 1472.756298969, 5885.271641409, 3836.359746551, 6, 0, 0.09777590449596, -0.03436141324764, -0, -0, -0, -0, -0, 1.150874957364, 0, 0, 0, 0, 0, 1.150875164356, 0.704619433222, 0.9221212765926, 0.9206065983115, 0.7804014699295, 32.23809006575, 32.16174591318, 32.25803830593, 32.183350566, 65.71485688008, 3.794760429039, 3.547453489052, 72.80669849498, 1, 119.8643418244, 120, 119.864801886, 65.68597805227, 62.78220411547, 65.74248934502, 62.83000567025, 65.71485688008, 65.68635157098, 62.78236193528, 82.36274603091, 65.74293944428, 62.83013995054, 1.602341594917, 0, 5.397700816385, 1.71064743432, 5.150779872154, 1.767254876347, 0.9325174470582, 0.8523586663273, -0.740249138859, -0.8225679138983, 0.09777590449596, 0.9285643386853, 0.8470742798109, 1.712911292775, -0.7452424174444, -0.826920004827, 5.551115123126e-17, -0, -0, -0, -0.001996958384155, 0.3228604875328, 0.3284620972005, 0, 0.3119997526344, 0.3196555712726
2, -4.033822521379, -1.582584320772, -3.751425795658, -1.619869417232, 17.07198305062, 0.6011369454186, 0, 374.1501060422, 6.20967094851, 305.1879975902, -40.42919984857, 2180.004550845, 593.6178709157, 4359.477072557, 1657.18261638, 2846.213381778, 1341.407427784, 6018.203699691, 3986.499789605, 6, 0, 0.1259837460917, -0.03000547056384, -0, -0, -0, -0, -0, 1.370098144066, 0, 0, 0, 0, 0, 1.370098331981, 0.8715450962164, 1.080600765144, 1.093702719355, 0.9286001098206, 32.64589995995, 32.56643396825, 32.66950639831, 32.59367157452, 66.54657397853, 4.096468845882, 3.823347632903, 77.500851572, 1, 119.8418670878, 120, 119.842555681, 66.51130135833, 63.60864833379, 66.58046850097, 63.66856886207, 66.54657397853, 66.51182461463, 63.60888071004, 83.19137337867, 66.5810729421, 63.66876782883, 2.009304691366, 0, 6.106554648177, 2.146397151471, 5.833881731761, 2.204765541457, 0.9601888938421, 0.8593797784095, -0.7119887681969, -0.8151418198075, 0.1259837460917, 0.9552979568037, 0.8531796448356, 1.934856050859, -0.7179045826612, -0.8203098649161, -0, -0, -5.551115123126e-17, -0, -0.002455259130015, 0.3233423889817, 0.328936238232, 0, 0.3114872577236, 0.3190830892543
2.025, -4.405949238979, -1.876064028528, -4.097004546139, -1.907248947899, 18.4304738566, 0.6398775751144, 0, 398.7450148919, 5.279417389875, 336.93628332, -38.81734735378, 2156.541409599, 624.7365164212, 4584.092296938, 1981.517302345, 2751.056090892, 1230.523518954, 6141.469463614, 4130.254916665, 6, 0, 0.158582960504, -0.02290022087943, -0, -0, -0, -0, -0, 1.592411269416, 0, 0, 0, 0, 0, 1.592411396641, 1.045203658062, 1.239876986276, 1.271668181747, 1.076616300802, 33.0540343046, 32.97075438342, 33.08119705776, 33.00416563832, 67.37791279485, 4.328686571493, 4.032121237261, 80.94979701695, 1, 119.8162805055, 120, 119.8172625445, 67.33580235405, 64.43442692724, 67.41854456152, 64.50758157628, 67.37791279485, 67.33649989816, 64.43475293464, 84.01919925936, 67.41932462051, 64.50786156324, 2.45405214463, 0, 6.783686461814, 2.621469156132, 6.487617166731, 2.680870975431, 0.9922005741004, 0.8687949519665, -0.6792540795443, -0.8051717154309, 0.158582960504, 0.9863365929552, 0.8616745889146, 2.152839723117, -0.6861137499895, -0.8111512505214, -0, -5.551115123126e-17, -0, -5.551115123126e-17, -0.003072777348675, 0.3236810006614, 0.3293313685142, 0, 0.3110074509043, 0.3185323586247
2.05, -4.726540276785, -2.171184802593, -4.394528292475, -2.194475327671, 19.48539706645, 0.6768236581925, 0, 427.3737984944, 4.020644045679, 373.8559705364, -36.66872098859, 2137.58568377, 645.1208094337, 4764.44119868, 2328.43933959, 2688.560640265, 1136.554362129, 6254.437115454, 4263.594939613, 6, 0, 0.1956173440685, -0.01263907647569, -0, -0, -0, -0, -0, 1.811535197234, 0, 0, 0, 0, 0, 1.811535241325, 1.221558646309, 1.395351685085, 1.449953860032, 1.221810053459, 33.46261388947, 33.3747401741, 33.49308926558, 33.41476819116, 68.20882900382, 4.482155834426, 4.16602664439, 83.00443152062, 1, 119.788165202, 120, 119.7894940172, 68.15956526271, 65.25963333563, 68.2565620718, 65.34691055423, 68.20882900382, 68.16045628317, 65.26007147488, 84.84625872843, 68.25753326369, 65.3472876378, 2.929230392366, 0, 7.412444719116, 3.127775579265, 7.096834088545, 3.187018606117, 1.028606119302, 0.8810268421021, -0.6419878017169, -0.7922108667935, 0.1956173440685, 1.02175728906, 0.8730088152486, 2.362334926762, -0.6497885102598, -0.7989830298889, -0, -5.551115123126e-17, -0, -5.551115123126e-17, -0.003830796261556, 0.3238944299701, 0.3296613415908, 0, 0.31056307654, 0.3180187422058
2.075, -4.979483070086, -2.460869394456, -4.629344268121, -2.474476547075, 20.24108864206, 0.7049957027003, 0, 457.9970777902, 2.802389841206, 412.8413053055, -34.7043185184, 2120.289965136, 649.6552748551, 4901.815846536, 2602.70815698, 2649.658856466, 1054.46728795, 6357.441167884, 4386.570129361, 6, 0, 0.2371168145326, 0.0008314407959661, -0, -0, -0, -0, -0, 2.022724576944, 0, 0, 0, 0, 0, 2.022724577157, 1.39773347109, 1.54327413525, 1.625389087661, 1.35990694144, 33.87174202382, 33.7784299842, 33.90516289463, 33.82541059332, 69.03929078547, 4.547341142213, 4.216868633417, 83.54437891549, 1, 119.7583300303, 120, 119.7600229081, 68.9826912219, 66.08436556362, 69.09436952005, 66.18641362258, 69.03929078547, 68.98378816852, 66.08493255245, 85.67262730049, 69.09554042465, 66.18690195443, 3.427055818185, 0, 7.975467152892, 3.656992660273, 7.645502361876, 3.71425401157, 1.069448151306, 0.8965060623223, -0.6001521468841, -0.7758314746595, 0.2371168145326, 1.061618647106, 0.8876348548656, 2.559089800506, -0.6088748214113, -0.7833538868118, -0, -0, -0, -5.551115123126e-17, -0.004690673469132, 0.3240167751171, 0.3299456956171, 0, 0.3101533623544, 0.3175427372273
2.1, -5.18118489906, -2.74421281236, -4.816336402409, -2.74630085304, 20.76361090675, 0.7288976707423, 0, 485.6656429265, 1.83548127076, 444.8263062883, -33.06303280154, 2110.798473596, 648.3507623323, 5010.65708354, 2841.407809716, 2627.888320907, 984.3492773505, 6447.91408421, 4486.981105961, 6, 0, 0.2830977775867, 0.01707088226959, -0, -0, -0, -0, -0, 2.221483505551, 0, 0, 0, 0, 0, 2.221483604201, 1.568385740932, 1.680260613755, 1.793729175375, 1.489104247512, 34.28143300267, 34.18186183141, 34.3173842309, 34.23603383941, 69.86927863111, 4.546243768702, 4.205278831933, 82.53686975942, 1, 119.7270833965, 120, 119.7291538865, 69.80522837574, 66.90870380808, 69.93187709843, 67.02597053161, 69.86927863111, 69.80653811399, 66.90941354511, 86.49832778201, 69.93325205603, 67.02658230622, 3.941003268709, 0, 8.488194755489, 4.202169830005, 8.147696702106, 4.255473739293, 1.114737530588, 0.9155891865034, -0.5537277238865, -0.7556660523603, 0.2830977775867, 1.105961498406, 0.9059294156653, 2.740569783666, -0.5633313613467, -0.7638878457758, -0, -0, -0, -0, -0.005599796565388, 0.3240729933636, 0.3301850213485, 0, 0.3097887457611, 0.3171503905225
2.125, -5.287091304179, -3.019946709466, -4.91573146216, -3.00819131934, 21.09258552621, 0.7479770089019, 0, 509.0127527451, 1.050691076623, 469.0401174058, -31.40210839904, 2103.342553749, 645.1671275849, 5081.549026602, 3048.359361557, 2618.308464849, 927.5756425937, 6522.587714415, 4565.716425757, 6, 0.001870568045465, 0.3335706577665, 0.03536652612273, -0, -0, -0, -0, -0, 2.403788853931, 0, 0, 0, 0, 0, 2.403789312137, 1.732469486119, 1.803121526069, 1.953044669046, 1.608103458982, 34.69163633848, 34.58506783304, 34.72966158207, 34.64659189294, 70.69877804626, 4.44086108795, 4.096561754379, 79.97431254005, 1, 119.6944135066, 120, 119.6968251534, 70.62729365231, 67.73270667785, 70.76895218811, 67.86547127701, 70.69877804626, 70.62881141106, 67.73356930115, 87.32333709535, 70.77052362962, 67.86621628853, 4.465774183821, 0, 8.907296651403, 4.75762007897, 8.563387770215, 4.804528588368, 1.164514465291, 0.9385642478514, -0.5027031221987, -0.7314224566559, 0.3335706577665, 1.154830329451, 0.9281996060835, 2.904978944324, -0.5131388925018, -0.7402861603573, -5.551115123126e-17, -0, -0, -0, -0.00650080760421, 0.3240819827101, 0.3303752297265, 0, 0.3094821011466, 0.31683891042
2.15, -5.296416202327, -3.285071115898, -4.925024509452, -3.257578258687, 21.24759129261, 0.7618914153493, 0, 528.6736122907, 0.3232151289298, 487.7002033524, -30.02744773935, 2100.620425356, 641.9134593684, 5119.950960575, 3208.767625336, 2619.867234275, 887.3310214095, 6577.548443813, 4624.008581161, 6, 0.0108172173482, 0.3885290039411, 0.05472615099195, -0, -0, -0, -0, -0, 2.565853697011, 0, 0, 0, 0, 0, 2.565854868227, 1.88602536472, 1.908935681097, 2.100110951697, 1.714973903266, 35.10221926026, 34.98807502907, 35.14194010499, 35.05704460586, 71.52778119111, 4.231404186063, 3.89064872362, 75.83998817949, 1, 119.6607217967, 120, 119.6634758611, 71.44894691945, 68.55642106053, 71.60551722213, 68.70481337426, 71.52778119111, 71.45065815919, 68.55744206124, 88.14770839404, 71.60726929221, 68.70569822485, 4.996677868855, 0, 9.22827869192, 5.318195854863, 8.887808344931, 5.356039649872, 1.218779116949, 0.9656729858064, -0.4470886316996, -0.7028647560755, 0.3885290039411, 1.208246544313, 0.954704804822, 3.050547814157, -0.4582927143377, -0.712302781896, -5.551115123126e-17, -0, -0, -0, -0.007336459132733, 0.3240487348522, 0.3305055418366, 0, 0.3092490536471, 0.3166043574117
2.175, -5.219869392012, -3.537159716573, -4.85397779834, -3.492872794846, 21.25360267711, 0.772274711519, 0, 546.0039270854, -0.4165498989581, 503.5910260465, -28.67545161, 2099.351546743, 646.1830269743, 5127.715958554, 3340.444804713, 2628.131066495, 864.1934812652, 6613.464911891, 4655.883311096, 6, 0.03018925137425, 0.4479652383821, 0.07396197554353, -0, -0, -0, -0, -0, 2.705433648869, 0, 0, 0, 0, 0, 2.705435904676, 2.025289540086, 1.99647897153, 2.232471626684, 1.808324840096, 35.51304372339, 35.39090668756, 35.55419081507, 35.46736050229, 72.35628618068, 3.934042963045, 3.601866927592, 70.10429398551, 1, 119.6266183488, 120, 119.6296554669, 72.27021854974, 69.37988221732, 72.44152464616, 69.54391044431, 72.35628618068, 72.27210229644, 69.38106263363, 88.97151610665, 72.44343685513, 69.54493853598, 5.52970019885, 0, 9.463310946948, 5.879397923219, 9.131298005683, 5.906004367218, 1.277519570332, 0.9971238717929, -0.3868998919466, -0.6697955871954, 0.4479652383821, 1.266218292802, 0.9856609091803, 3.175513464721, -0.3987965947377, -0.6797340384881, 5.551115123126e-17, -0, -0, -0, -0.008053426919489, 0.3239910253678, 0.3305746068121, 0, 0.3090881160913, 0.3164696162372
2.2, -5.049222773809, -3.774481051384, -4.693617857162, -3.713055064734, 21.1295120315, 0.776900198608, 0, 562.7955181102, -1.254082181484, 518.65489215, -27.6509313435, 2093.140347176, 656.948454958, 5096.06910667, 3426.981763463, 2637.796231597, 857.0933797392, 6629.956877847, 4661.948861517, 6, 0.0632725481253, 0.5118676364316, 0.09178117135306, -0, -0, -0, -0, -0, 2.821691675816, 0, 0, 0, 0, 0, 2.821695299024, 2.149118991919, 2.065631656221, 2.349613679066, 1.88688878292, 35.92401529608, 35.79358367871, 35.96639191006, 35.87751499317, 73.1842975821, 3.54307179336, 3.223885307132, 62.72887739286, 1, 119.5930623938, 120, 119.5963101548, 73.09116830489, 70.20311924794, 73.27691396524, 70.38268517425, 73.1842975821, 73.09319620212, 70.20445602553, 89.79489621471, 73.2789594015, 70.38385640719, 6.061229885597, 0, 9.603107677788, 6.437120731597, 9.283953050703, 6.450915770699, 1.340731897611, 1.033099617899, -0.3221584049432, -0.6320531004123, 0.5118676364316, 1.328746202808, 1.021251279014, 3.278119777281, -0.3346711130517, -0.6424117702129, -0, -0, -0, -0, -0.008605870246546, 0.3239294683791, 0.3305869334479, 0, 0.3090013494817, 0.3164329980316
2.225, -4.783688182138, -3.994469421621, -4.441364858619, -3.916502330874, 20.86415805531, 0.7760473074252, 0, 580.0236836562, -2.374465546891, 534.344572024, -26.57886329455, 2075.179985771, 677.6076837078, 5012.666006148, 3488.571464961, 2646.061196734, 866.8171872898, 6622.422168445, 4645.666130629, 6, 0.1133421943627, 0.5802030245318, 0.1068331756124, -0, -0, -0, -0, -0, 2.914481815333, 0, 0, 0, 0, 0, 2.914486886101, 2.25642103344, 2.117036004653, 2.451361762185, 1.950725642287, 36.33506050059, 36.19612651879, 36.37853608805, 36.28749138159, 74.01182976778, 3.058487928856, 2.755043732425, 53.69367071071, 1, 119.5613092325, 120, 119.5646863767, 73.91185291037, 71.02616123069, 74.11164190196, 71.2210700102, 74.01182976778, 73.913990857, 71.0276476768, 90.61803620899, 74.11378900492, 71.22238137284, 6.587885241916, 0, 9.64433553919, 6.987498776517, 9.340789480968, 6.987668071774, 1.408385671452, 1.073750755417, -0.2529078652871, -0.5895054522709, 0.5802030245318, 1.39580458462, 1.06162274762, 3.356993557627, -0.2659611653898, -0.6002046811473, -0, -0, -0, -0, -0.008959619214748, 0.3238753193164, 0.3305398448242, 0, 0.3090064356315, 0.3164819080888
2.25, -4.434308565569, -4.193977190434, -4.105298920896, -4.101220277845, 20.43744157099, 0.7675643940784, 0, 597.4734131092, -3.927365682711, 550.4642417267, -25.4981760426, 2041.888844352, 709.4428332461, 4858.382173082, 3515.429000523, 2653.21489877, 894.1374005286, 6582.44813966, 4611.749478712, 6, 0.1836640942175, 0.6529012345898, 0.1179950853859, -0, -0, -0, -0, -0, 2.984252291615, 0, 0, 0, 0, 0, 2.984258625671, 2.345913508626, 2.151823987895, 2.537594066468, 1.999175058565, 36.74610720148, 36.59855866395, 36.79061502645, 36.69727691817, 74.83890803367, 2.491825199545, 2.204038925162, 43.19478842292, 1, 119.5327551848, 120, 119.5361848525, 74.73233023497, 71.84904672206, 74.94568065564, 72.0589970702, 74.83890803367, 74.73454142219, 71.85067290844, 91.44115592985, 74.94789627045, 72.06044199958, 7.105805216473, 0, 9.594732680211, 7.526171417071, 9.306712325676, 7.512771929297, 1.48040704141, 1.119215997391, -0.1792300384497, -0.5420447567267, 0.6529012345898, 1.467326404472, 1.106907334046, 3.414111014997, -0.1927500598093, -0.5530012115825, -0, -0, -0, -0, -0.00909922455454, 0.3238283211107, 0.330430495887, 0, 0.3091351865244, 0.3165991575917
2.275, -4.020178002752, -4.367846965265, -3.701610355432, -4.263210402525, 19.79503569529, 0.7515538250354, 0, 615.7666949169, -6.150421970829, 566.6477271873, -24.04804117231, 1990.808543457, 753.4735023172, 4619.05427253, 3524.968135713, 2663.457304573, 938.5599142879, 6506.418578633, 4563.903161651, 6, 0.2770617446568, 0.7298352470664, 0.1246642620405, -0, -0, -0, -0, -0, 3.031580938972, 0, 0, 0, 0, 0, 3.031588121614, 2.416243921817, 2.171267849122, 2.608109193367, 2.032395034303, 37.15708514826, 37.00090989641, 37.2026134574, 37.10685934799, 75.665568979, 1.862107207219, 1.586805993264, 31.55153215352, 1, 119.5087362419, 120, 119.5121632018, 75.55267229896, 72.6718277486, 75.77901138753, 72.89638904465, 75.665568979, 75.55491982858, 72.673580765, 92.26448053481, 75.7812630122, 72.89795777825, 7.61028424113, 0, 9.468681934425, 8.047891195287, 9.193015127176, 8.021920666603, 1.556664063838, 1.169622735525, -0.1012663556006, -0.4895764005671, 0.7298352470664, 1.543188110445, 1.157224578337, 3.453155648858, -0.115179052575, -0.5007076179355, -5.551115123126e-17, -0, -0, -0, -0.009032977228684, 0.323773608957, 0.3302606268594, 0, 0.3094014896098, 0.3167711155693
2.3, -3.561342898963, -4.508954628635, -3.248230060521, -4.396349931523, 18.86574429055, 0.7264575445026, 0, 633.0111789213, -9.289054676666, 584.3413513451, -22.13489781184, 1918.916783536, 807.304180318, 4282.431920024, 3512.14870726, 2684.121863851, 998.1307115988, 6397.503275783, 4505.876960602, 6, 0.3931922605714, 0.8108027660694, 0.1269421226274, -0, -0, -0, -0, -0, 3.057019974477, 0, 0, 0, 0, 0, 3.057027484613, 2.466407678527, 2.176402215499, 2.662653278978, 2.050177177882, 37.56791620782, 37.40322107845, 37.61450491603, 37.51622142519, 76.4918618125, 1.189979108828, 0.9215088664324, 19.1166790412, 1, 119.4905731085, 120, 119.4939659298, 76.37298680378, 73.49457668449, 76.61161061884, 73.73314286168, 76.4918618125, 76.37523525746, 73.49644052918, 93.08824596942, 76.61386727259, 73.7348218676, 8.095020505478, 0, 9.280573340705, 8.545848771364, 9.011601367779, 8.509047866207, 1.636955493792, 1.225106768774, -0.01923902639006, -0.4320104178662, 0.8108027660694, 1.623195753447, 1.212703396153, 3.477811101238, -0.03346832943927, -0.4432327856991, -0, -0, -5.551115123126e-17, -5.551115123126e-17, -0.008793945218959, 0.3236844882606, 0.3300373847122, 0, 0.3097938941808, 0.3169839886037
2.325, -3.079094864839, -4.609082438277, -2.765562839321, -4.493244340589, 17.57718818896, 0.6926273954421, 0, 649.578403811, -13.53966535764, 598.7196254651, -19.73304890475, 1823.798038401, 870.676900552, 3852.660180015, 3480.668261764, 2724.873006974, 1070.794202094, 6262.372872312, 4438.464580589, 6, 0.530324773602, 0.8955116289207, 0.125562787026, -0, -0, -0, -0, -0, 3.060575861834, 0, 0, 0, 0, 0, 3.060583218211, 2.495316656454, 2.167691659957, 2.700234330584, 2.052287317021, 37.97852993806, 37.80554918645, 38.02623286441, 37.925337506, 77.31785062438, 0.4984469118739, 0.2297430987857, 6.281097017274, 1, 119.4793299827, 120, 119.4826680081, 77.19342015341, 74.31738641184, 77.44345130242, 74.56912516212, 77.31785062438, 77.1956367459, 74.31934154352, 93.91266562551, 77.44568406409, 74.57089688249, 8.551975117108, 0, 9.045399837731, 9.011551093403, 8.776047618808, 8.96622220572, 1.720998265079, 1.285806428614, 0.06653354311174, -0.3692641687875, 0.8955116289207, 1.707074665174, 1.273478299463, 3.491756088434, 0.05207079113706, -0.380493211805, -0, -0, -0, 5.551115123126e-17, -0.00843426519427, 0.3235255000862, 0.3297683493217, 0, 0.3102880357941, 0.3172349478663
2.35, -2.596753355893, -4.657913433752, -2.2775323209, -4.544004475035, 15.88021781866, 0.6542232319837, 0, 658.5970585944, -18.95824657073, 614.8337515623, -17.10732880819, 1702.106145097, 941.7789303911, 3394.632603835, 3431.566146064, 2794.147740873, 1155.213801359, 6114.036990801, 4360.28305364, 6, 0.6867353678329, 0.9835880674828, 0.1215919943522, -0, -0, -0, -0, -0, 3.041938241396, 0, 0, 0, 0, 0, 3.041945097765, 2.501823212087, 2.145055375462, 2.719108785876, 2.038315800154, 38.38884863235, 38.20797153183, 38.43776999778, 38.33417331348, 78.14361344207, -0.1830390592554, -0.4590269072786, -6.526615442945, 1, 119.4757922257, 120, 119.4790352566, 78.0141470086, 75.14036566807, 78.27450712347, 75.40417002345, 78.14361344207, 78.01630368103, 75.14238856324, 94.73792389439, 78.27669073119, 75.40601260461, 8.971446568583, 0, 8.782927857727, 9.434980862693, 8.506133492082, 9.383755223437, 1.808434785655, 1.351865258447, 0.1556441969225, -0.3012612007524, 0.9835880674828, 1.794476019744, 1.339692068097, 3.498675665975, 0.1410440282053, -0.3124109491106, -0, -0, -0, -0, -0.008012089992224, 0.3232656554826, 0.3294584772484, 0, 0.3108360671012, 0.3175292480313
2.375, -2.137235120854, -4.645534487593, -1.808954404717, -4.538776754554, 13.72205111549, 0.6057739880716, 0, 665.0903041795, -25.66139303277, 627.0446791637, -14.06964137631, 1552.149933966, 1019.104176412, 2832.522298469, 3362.498961513, 2894.214532493, 1250.784254916, 5966.053542371, 4270.143433136, 6, 0.8607125070752, 1.074607653154, 0.1160457868562, -0, -0, -0, -0, -0, 3.00119909258, 0, 0, 0, 0, 0, 3.001205253938, 2.485728266924, 2.108515305043, 2.717686056774, 2.008145082007, 38.79887260757, 38.61058721776, 38.84903000989, 38.74268958325, 78.96923851564, -0.8259650776439, -1.114923903999, -18.86471062744, 1, 119.4807817964, 120, 119.4838586497, 78.83536690035, 75.96362900943, 79.10474878526, 76.23808909842, 78.96923851564, 78.83744146211, 75.96569253957, 95.56421888365, 79.10686236509, 76.23997677623, 9.342743744669, 0, 8.51099395876, 9.805375308526, 8.221065865964, 9.75095899894, 1.898867045297, 1.423426706915, 0.2476221356124, -0.2279343070832, 1.074607653154, 1.885004025281, 1.41148682022, 3.502097170684, 0.2329930102385, -0.2389188432603, -0, -0, -0, -0, -0.007577387632103, 0.3228965781897, 0.3291099153713, 0, 0.3113879895844, 0.3178712901611
2.4, -1.722407405281, -4.560688322478, -1.384506708744, -4.466217655878, 11.06640508841, 0.5536605855763, 0, 651.6484703629, -33.63748973027, 640.1593699922, -10.80801227874, 1381.557494887, 1103.666810182, 2254.349236968, 3269.56196809, 3026.423616928, 1360.50969427, 5817.371819368, 4164.685043548, 6, 1.050557457116, 1.168060423187, 0.1096347227458, -0, -0, -0, -0, -0, 2.937671029388, 0, 0, 0, 0, 0, 2.937676412155, 2.446251613123, 2.057335191341, 2.693051348793, 1.96094729932, 39.20862690228, 39.01351910548, 39.25995665222, 39.15084060984, 79.79482900373, -1.400196078059, -1.705286400602, -30.37454846812, 1, 119.4944239098, 120, 119.4972328716, 79.65730975457, 76.78730467363, 79.93414166368, 77.07066514181, 79.79482900373, 79.65928562673, 76.789377591, 96.39166690257, 79.9361689107, 77.07256783359, 9.653697475613, 0, 8.247587101138, 10.11060034923, 7.941377725224, 10.05563021793, 1.991819252542, 1.50062606666, 0.3419127987931, -0.1492354258848, 1.168060423187, 1.978187857009, 1.489001232616, 3.503656111949, 0.3273803144861, -0.1599651972035, -0, -0, -0, -0, -0.007163378875864, 0.3224132915728, 0.3287114482529, 0, 0.3119484858372, 0.318273634547
2.425, -1.348335807997, -4.392970969609, -1.003059498511, -4.315827856163, 7.955829421064, 0.5022551437996, 0, 639.6371589788, -42.33988136419, 655.8633312469, -7.988305545239, 1226.310445221, 1188.262312962, 1695.904179071, 3152.827889554, 3186.6327964, 1477.711386979, 5664.454027129, 4044.971357266, 6, 1.254381008057, 1.263423864856, 0.1026018082435, -0, -0, -0, -0, -0, 2.851653597826, 0, 0, 0, 0, 0, 2.851658173878, 2.384344045218, 1.99210551649, 2.644295118792, 1.896959142401, 39.61835272703, 39.41691227516, 39.67047235293, 39.5585777379, 80.62048573633, -1.896038269539, -2.217748548363, -40.77271949251, 1, 119.5171327905, 120, 119.5195392169, 80.48023122099, 77.61150921172, 80.76262790159, 77.90167596761, 80.62048573633, 80.48209400404, 77.61355844298, 97.22042173868, 80.7645537432, 77.90356091001, 9.892306456338, 0, 7.990408845978, 10.33840522014, 7.667460711757, 10.28575379132, 2.08681524997, 1.583580150956, 0.4379487931698, -0.0651396499851, 1.263423864856, 2.07354474166, 1.572346766598, 3.503814412436, 0.4236437808033, -0.07552649801403, -0, -0, -0, -0, -0.006782230131065, 0.3218307079942, 0.3282876231011, 0, 0.3125308403648, 0.3187320541199
2.45, -1.012874847263, -4.134699678988, -0.6652081038292, -4.079256747809, 4.443705781094, 0.4471721717208, 0, 632.7023573479, -51.02722956749, 652.1614242967, -5.707365304999, 1021.218541442, 1255.973872459, 1182.108620289, 3004.237013002, 3359.038605706, 1588.729969283, 5509.27317513, 3919.681853672, 6, 1.468580532124, 1.360214422614, 0.09464425871991, -0, -0, -0, -0, -0, 2.74539889263, 0, 0, 0, 0, 0, 2.74540264108, 2.302799718333, 1.915280152474, 2.572427053487, 1.817824493949, 40.02821981526, 39.82092430558, 40.08048606877, 39.96586057089, 81.44630275613, -2.302673864155, -2.638270784534, -49.80350379076, 1, 119.5496824545, 120, 119.5515256176, 81.30435781718, 78.43634534334, 81.5901614395, 78.73092521186, 81.44630275613, 81.3060973279, 78.4383393338, 98.05068131413, 81.59197399936, 78.73275941698, 10.04789497364, 0, 7.739613802167, 10.47782698416, 7.402711778468, 10.43075342065, 2.183410318448, 1.672373668766, 0.5352033524235, 0.02435125142665, 1.360214422614, 2.170611272132, 1.66159177453, 3.503019720165, 0.5212525841867, 0.01438757705069, -0, -0, -5.551115123126e-17, -0, -0.006428375732239, 0.3212066682758, 0.3278886218859, 0, 0.3131271491728, 0.3192135931954
2.475, -0.6972853347002, -3.783646471279, -0.3528660558795, -3.752825734727, 0.5917097665802, 0.3893286758053, 0, 599.3793963141, -59.18302432881, 656.7021557806, -3.979106478244, 787.3195046458, 1297.447640381, 709.7431416751, 2829.16340837, 3528.566314964, 1692.320560626, 5352.171730643, 3795.036434637, 6, 1.688670421429, 1.457948373928, 0.08513076998298, -0, -0, -0, -0, -0, 2.620651795923, 0, 0, 0, 0, 0, 2.62065469067, 2.204524256383, 1.828400207322, 2.479438630152, 1.724682341319, 40.43828956826, 40.22571215219, 40.49008059229, 40.37265837228, 82.27236568301, -2.630021037646, -2.975075208909, -57.23250675983, 1, 119.5915255472, 120, 119.5926662901, 82.12991847543, 79.26191335201, 82.41668310009, 79.55824796605, 82.27236568301, 82.13152420166, 79.26382218375, 98.88245822331, 82.41836919078, 79.55999913271, 10.11106180222, 0, 7.475875180789, 10.51964435124, 7.129509734224, 10.48147166204, 2.281163982321, 1.767017862068, 0.6331601469578, 0.119181702214, 1.457948373928, 2.268927469221, 1.756738398095, 3.501724025623, 0.6196800110597, 0.1097161706077, -0, -0, -0, -0, -0.006089942053673, 0.320596253001, 0.327518535929, 0, 0.313735219162, 0.319694525037
2.5, -0.3918182460213, -3.341598694634, -0.05787882031483, -3.337011596941, -3.513672996544, 0.3246689993556, 0, 578.7638336345, -66.81904071723, 660.9944549392, -2.877105241084, 511.4676151575, 1308.464717625, 258.5611620583, 2607.200254015, 3690.48579284, 1798.590960196, 5188.233673723, 3668.651669098, 6, 1.910148307256, 1.556135151781, 0.0734706774698, -0, -0, -0, -0, -0, 2.477083253513, 0, 0, 0, 0, 0, 2.477085291326, 2.089918018168, 1.730931219603, 2.365070275818, 1.615677449375, 40.84887365719, 40.63142185678, 40.8991950754, 40.778949375, 83.09874541266, -2.882587233492, -3.231015840745, -62.86192946663, 1, 119.6419043163, 120, 119.6422212878, 82.95709536702, 80.08830981517, 83.24215212225, 80.3835321935, 83.09874541266, 82.95855645552, 80.09010407861, 99.71572059151, 83.24369796624, 80.38516728253, 10.07445211026, 0, 7.187321280732, 10.45683271802, 6.837642083322, 10.43084146726, 2.379612729449, 1.867406196671, 0.7313064477342, 0.2191969298473, 1.556135151781, 2.368026404544, 1.857684345902, 3.5003843574, 0.7184146546654, 0.210314960293, -0, -0, -0, 5.551115123126e-17, -0.005760768480054, 0.3200165223533, 0.3271394975068, 0, 0.3143728996391, 0.320183657629
2.525, -0.1123621222347, -2.81344698793, 0.2021347849965, -2.83582002872, -7.772720248408, 0.2525624960198, 0, 558.4818447899, -72.87726270024, 651.9502695602, -2.414185468221, 222.5716762623, 1273.861421932, -169.1958552503, 2311.646983456, 3849.635027132, 1917.026001242, 5010.207978475, 3531.447310504, 6, 2.128499547508, 1.654262276514, 0.0593595419023, -0, -0, -0, -0, -0, 2.312119816597, 0, 0, 0, 0, 0, 2.312121058113, 1.956287552697, 1.620589653841, 2.225288024869, 1.486834866827, 41.26006745286, 41.03818456728, 41.30777324551, 41.18472206153, 83.92550398544, -3.040335312124, -3.383041696114, -66.5328497088, 1, 119.6997164811, 120, 119.699187885, 83.78599550982, 80.91563945291, 84.06657878473, 81.20673097099, 83.92550398544, 83.78730424493, 80.91728968343, 100.5503911917, 84.06797426194, 81.20821566048, 9.932833177488, 0, 6.888747729859, 10.28406421807, 6.544926138496, 10.27380355894, 2.478250320578, 1.973299609104, 0.8291159385811, 0.3241325842923, 1.654262276514, 2.467417679346, 1.964204598599, 3.49943502841, 0.8169527936835, 0.3159415792445, -0, -0, -0, -0, -0.005446847245653, 0.3194493943401, 0.3267161845818, 0, 0.3150674149803, 0.3207149410034
2.55, 0.1421066188036, -2.21246377007, 0.4280939969238, -2.261428062461, -11.9928646624, 0.1731594348159, 0, 531.7672770212, -76.91042453058, 643.1269647154, -3.052871169231, -88.54658854038, 1169.489279324, -516.5407397186, 1921.670926682, 4014.215332968, 2054.740633078, 4812.391532981, 3371.642434181, 6, 2.339190721175, 1.751818933757, 0.04290757805119, -0, -0, -0, -0, -0, 2.121555225258, 0, 0, 0, 0, 0, 2.121555820435, 1.800126530417, 1.493883206872, 2.055811747215, 1.333313272039, 41.67186650504, 41.44609640481, 41.71588470566, 41.58997817721, 84.75268191858, -3.100912051054, -3.427366920861, -68.17192429378, 1, 119.7619490329, 120, 119.7606496092, 84.61668402297, 81.74399995902, 84.88998497727, 82.0278871243, 84.75268191858, 84.61783252484, 81.74547718519, 101.3861054754, 84.89121992682, 82.02918695514, 9.684578025234, 0, 6.580829252571, 9.999322756651, 6.253458946765, 10.00871241095, 2.576562533553, 2.084271094193, 0.9260879756514, 0.4335725177336, 1.751818933757, 2.566607148672, 2.075892749199, 3.498983370662, 0.914818018744, 0.4262073599085, -0, -0, -0, -5.551115123126e-17, -0.005169155995091, 0.3188641445542, 0.3262221412633, 0, 0.3158398962101, 0.3213322201717
2.575, 0.3927737529601, -1.562176860494, 0.6440021531445, -1.636179962433, -15.89637973055, 0.08565124113125, 0, 507.8162573138, -73.99773272824, 632.0333331675, -4.786308725389, -400.9326926311, 961.6428216381, -792.0912748127, 1447.395174038, 4189.982245477, 2221.216454937, 4594.138319824, 3181.076858115, 6, 2.537821813736, 1.848351419604, 0.02451199273175, -0, -0, -0, -0, -0, 1.900855014828, 0, 0, 0, 0, 0, 1.900855188845, 1.618481718934, 1.346664849315, 1.853871717273, 1.151491589754, 42.08432556986, 41.85519458263, 42.12355749321, 41.99474627876, 85.58028967987, -3.084385696275, -3.384805872188, -67.83603092156, 1, 119.8252082396, 120, 119.8233194084, 85.44914542722, 82.57345950326, 85.7124227843, 82.84717940997, 85.58028967987, 85.45012402176, 82.57473699073, 102.2224173755, 85.7134847851, 82.84826343156, 9.334156148445, 0, 6.24788082505, 9.606952981221, 5.946781454382, 9.639864953378, 2.67408078295, 2.199624351563, 1.021805249497, 0.5468891882894, 1.848351419604, 2.665142244995, 2.192076962204, 3.498918564564, 1.011609900932, 0.5405070759304, -0, -0, -0, -0, -0.00496002966627, 0.3182387279295, 0.3256219172535, 0, 0.3166918447507, 0.3220652578415
2.6, 0.6258189805425, -0.884823011774, 0.8358624795838, -0.9821120656679, -19.29082929783, -0.003227823955733, 0, 490.4176010889, -67.42212010628, 617.1107759373, -6.541191628893, -720.4136114066, 701.0432972429, -1019.661104859, 966.3760544403, 4381.384256665, 2422.127977026, 4358.542834102, 2961.718900199, 6, 2.721575406355, 1.943482691364, 0.004701955105749, -0, -0, -0, -0, -0, 1.646380127732, 0, 0, 0, 0, 0, 1.646380133278, 1.408039751127, 1.178078806404, 1.615956754314, 0.9413479175169, 42.49739595039, 42.26540875861, 42.53082435283, 42.399089767, 86.40831283573, -2.984568212463, -3.249179999415, -65.70424863174, 1, 119.8858491763, 120, 119.8835431746, 86.2832125571, 83.40404442462, 86.53404284286, 83.66492102391, 86.40831283573, 86.28401582208, 83.40510314175, 103.0588049433, 86.53492370045, 83.66576725015, 8.892350210038, 0, 5.906789301572, 9.117654271467, 5.641743612111, 9.17753705321, 2.770380733126, 2.318421144512, 1.115940624165, 0.663254599238, 1.943482691364, 2.762616696488, 2.31182436896, 3.49912462578, 1.107023841168, 0.6580168303222, -0, -0, -0, -0, -0.004856474882705, 0.3175556369075, 0.3248935194416, 0, 0.3176104166021, 0.3229052238755
2.625, 0.8325603087974, -0.2039406695078, 0.9985774503698, -0.3239097351271, -21.98398136442, -0.09803096607404, 0, 475.1015186239, -55.47064042575, 596.0471255141, -8.919779140952, -1028.521713413, 313.2364992153, -1158.55941528, 425.9790814605, 4586.17217418, 2641.881982298, 4117.021429719, 2724.5000041, 6, 2.888566193175, 2.036921673336, -0.01608329835862, -0, -0, -0, -0, -0, 1.358144073027, 0, 0, 0, 0, 0, 1.358144126546, 1.16840702733, 0.988418723823, 1.342541640569, 0.7020569250237, 42.91092065159, 42.67657586381, 42.93775096949, 42.8030906551, 87.23671864193, -2.798992141409, -3.019215697198, -62.0346709784, 1, 119.9401713031, 120, 119.937668107, 87.11864994899, 84.23574892001, 87.35503103977, 84.4815081352, 87.23671864193, 87.11927765467, 84.23657981158, 103.8947281012, 87.35572767233, 84.48210394298, 8.373882330965, 0, 5.574651170339, 8.545667113558, 5.354214260406, 8.636012452233, 2.865111775602, 2.439582057487, 1.208266942887, 0.7817109143626, 2.036921673336, 2.85868064184, 2.434052583856, 3.499484822081, 1.200833947007, 0.7777879971735, -0, -0, -5.551115123126e-17, -0, -0.004892034850425, 0.3168215297642, 0.3240939998266, 0, 0.3185505099792, 0.323809645131
2.65, 1.034731609113, 0.4439883740645, 1.158717280122, 0.3032945704626, -23.75722483519, -0.1950674267392, 0, 462.3106369518, -43.83977033822, 568.2259216379, -12.33598946501, -1333.910864326, -193.248084783, -1261.759618806, -66.82485151291, 4801.657684749, 2891.724546901, 3879.111359793, 2479.345753581, 6, 3.036915344407, 2.128473121921, -0.03713507849413, -0, -0, -0, -0, -0, 1.037645061171, 0, 0, 0, 0, 0, 1.037645279137, 0.9015281936143, 0.7782457814774, 1.038388264332, 0.4387204599577, 43.32474385792, 43.08845029241, 43.34448014256, 43.20684771111, 88.06545569153, -2.565769157251, -2.738456978321, -57.20394584891, 1, 119.9842156461, 120, 119.9817392105, 87.95517438168, 85.06849862021, 88.17559135059, 85.2974383157, 88.06545569153, 87.95562806263, 85.06910298324, 104.7295861374, 88.17610220095, 85.29778591556, 7.799534550848, 0, 5.23403924825, 7.912913517463, 5.061300717414, 8.03560208122, 2.958018113434, 2.561797300406, 1.298670896074, 0.9011298805757, 2.128473121921, 2.953065598733, 2.557449089606, 3.499882383111, 1.292902932776, 0.8986676812375, -0, 5.551115123126e-17, 5.551115123126e-17, -0, -0.005095324016988, 0.3160442398932, 0.3231801679265, 0, 0.3194732306034, 0.32473918968
2.675, 1.227639812536, 1.033353744832, 1.314777509016, 0.8719553658961, -24.53996878159, -0.2905555166471, 0, 447.9161055347, -33.77255203693, 546.0149276395, -16.24345631864, -1640.946809801, -792.3562639019, -1332.558198643, -475.3439677896, 5029.201890785, 3170.447949914, 3648.034416658, 2235.547443216, 6, 3.164743210839, 2.217999639237, -0.05736270464769, -0, -0, -0, -0, -0, 0.6878299838108, 0, 0, 0, 0, 0, 0.6878303285464, 0.6092354078465, 0.5502478067279, 0.7077429325701, 0.1558739042879, 43.73871892039, 43.50078265027, 43.75121428371, 43.61047251488, 88.89446532443, -2.3002882308, -2.42636857088, -51.65442752149, 1, 120.0160648166, 120, 120.013805859, 88.79241431503, 85.90215328635, 88.99599982687, 86.11324664445, 88.89446532443, 88.79270024587, 85.90254344582, 105.5630494715, 88.99632874343, 86.11336075186, 7.193355840818, 0, 4.893549065293, 7.244501799183, 4.767510182261, 7.400004775347, 3.048890971743, 2.683652505616, 1.387090679712, 1.020254036873, 2.217999639237, 3.045551314633, 2.680583248949, 3.500207321382, 1.383146898506, 1.01937545909, 5.551115123126e-17, -0, -0, -5.551115123126e-17, -0.00548646528306, 0.3152165006172, 0.3221551136106, 0, 0.3203634887347, 0.3256571999335
2.7, 1.41377153742, 1.54683547694, 1.471656791255, 1.363591295208, -24.3797549422, -0.3759873553613, 0, 444.6777514071, -24.21982716151, 526.3853276545, -18.85527872634, -1946.753585549, -1371.091529782, -1381.279522118, -780.4760916093, 5267.516572527, 3448.813438478, 3427.612085939, 2000.472461738, 6, 3.270172850174, 2.305410895051, -0.07532447627833, -0, -0, -0, -0, -0, 0.3142214498753, 0, 0, 0, 0, 0, 0.3142217214176, 0.2957797256941, 0.3130454628965, 0.3575523193606, -0.1403865735169, 44.15274411714, 43.91332765296, 44.15807984071, 44.01407406179, 89.72369365748, -2.026230574152, -2.11069508332, -45.83660450756, 1, 120.035871143, 120, 120.0339411358, 89.63000682886, 86.73652412938, 89.81653480037, 86.92944264119, 89.72369365748, 89.63013567121, 86.73672473485, 106.3950743708, 89.8166910088, 86.92934855345, 6.579818490447, 0, 4.553948385516, 6.565244991233, 4.46955138401, 6.753498771138, 3.13758028584, 2.803785395227, 1.473499670196, 1.137825824751, 2.305410895051, 3.135962662931, 2.802042353043, 3.500417355963, 1.471501276736, 1.138620352419, 5.551115123126e-17, -0, -5.551115123126e-17, -0, -0.006073687395064, 0.3143408988317, 0.321126499989, 0, 0.3212041481711, 0.3265345703352
2.725, 1.589688230986, 1.986519354833, 1.627290610099, 1.782308252376, -23.53815853266, -0.4434017550914, 0, 440.1591577635, -19.3457698763, 508.9721297945, -21.0415623162, -2245.215462017, -1909.23023446, -1422.432192616, -878.0045261649, 5506.394507613, 3703.3596691, 3226.396875902, 1788.374934818, 6, 3.351609392687, 2.390654132974, -0.0895095827954, -0, -0, -0, -0, -0, -0.07325062775459, 0, 0, 0, 0, 0, -0.07325071714189, -0.0309048632171, 0.0745302693523, -0.002080608563636, -0.4375687601145, 44.56664970937, 44.32586354737, 44.5651990662, 44.41773449152, 90.55310070156, -1.758115419545, -1.809009377553, -40.13235446452, 1, 120.0450743777, 120, 120.0435437594, 90.46763949092, 87.57141579056, 90.63744790078, 87.74642649922, 90.55310070156, 90.46762704497, 87.57145858256, 107.2258151126, 90.63744705048, 87.74616013377, 5.979659299134, 0, 4.22149359347, 5.897204282178, 4.170645746141, 6.116804240982, 3.223987529294, 2.921040224991, 1.557883276004, 1.252800938346, 2.390654132974, 3.224156144903, 2.920625937615, 3.500512433415, 1.557894936572, 1.255286483239, -0, -0, 5.551115123126e-17, -0, -0.006851538796745, 0.3134537062386, 0.3201812228862, 0, 0.3219612054747, 0.3273174137349
2.75, 1.753628081959, 2.357160145724, 1.780554644873, 2.134666161087, -22.27326054152, -0.4957461690837, 0, 434.2923357945, -16.52007638338, 493.4702515117, -21.88055799128, -2538.428471615, -2296.689949628, -1463.617125251, -911.9624356016, 5730.753893649, 3934.307275887, 3060.073368321, 1615.618528723, 6, 3.410692019624, 2.47369139697, -0.09840291085502, -0, -0, -0, -0, -0, -0.4599363018065, 0, 0, 0, 0, 0, -0.4599369801476, -0.35863573029, -0.15525194968, -0.3572031527298, -0.7271327499365, 44.98031045039, 44.73824052007, 44.97264164119, 44.82151882385, 91.38265766651, -1.508258125285, -1.535712299851, -34.79223601421, 1, 120.0454315175, 120, 120.0443429186, 91.30510924834, 88.40665190535, 91.45890178078, 88.56443801865, 91.38265766651, 91.30497624099, 88.40657262648, 108.0554830719, 91.45876604315, 88.56403878708, 5.406467125847, 0, 3.897563290492, 5.257144980674, 3.870111335356, 5.504274962378, 3.308047199511, 3.034648946096, 1.640215915572, 1.364425927066, 2.47369139697, 3.309999445306, 3.035510552601, 3.50049306544, 1.642222411275, 1.368568865449, 5.551115123126e-17, -0, -0, -0, -0.00780230549751, 0.3126104658465, 0.3193185767094, 0, 0.3225755468546, 0.3279451617952
2.775, 1.910593176718, 2.666917446065, 1.935696673102, 2.42917412672, -20.78994950886, -0.5368801039869, 0, 431.7143681746, -14.99241736861, 484.4584035489, -21.78163290365, -2797.688923279, -2600.421066485, -1496.985910591, -908.4255579995, 5929.990402168, 4126.312851312, 2941.609079424, 1479.668014516, 6, 3.45114922644, 2.554476275952, -0.1008789754541, -0, -0, -0, -0, -0, -0.8300038523738, 0, 0, 0, 0, 0, -0.8300051389547, -0.6739299667145, -0.3695101559008, -0.6933209470294, -0.9983354881647, 45.39367097559, 45.15035698215, 45.38043503654, 45.22546592956, 92.21234971849, -1.289007548059, -1.30344635809, -29.9555667243, 1, 120.0395537243, 120, 120.038957062, 92.14230930817, 89.24208937503, 92.28098430752, 89.3835892382, 92.21234971849, 92.1420804105, 89.24192261339, 108.8844270882, 92.28074139059, 89.38309787145, 4.867834232804, 0, 3.577553205632, 4.655278974925, 3.563072889374, 4.925202296736, 3.38970284401, 3.144125591395, 1.720446038327, 1.472235962841, 2.554476275952, 3.393363955712, 3.146173525276, 3.500359615074, 1.724347212737, 1.477938035789, -0, -0, -0, -0, -0.008894116151961, 0.3118515963096, 0.3185966846401, 0, 0.3230001971802, 0.3284289881768
2.8, 2.048660087892, 2.916753962847, 2.078970491544, 2.668673880635, -19.20389042768, -0.5716929951098, 0, 434.5045958305, -14.24950672509, 478.515956958, -21.63090935908, -3033.865981397, -2833.239609858, -1543.063589519, -895.3871760905, 6097.872074946, 4279.778228768, 2877.075840712, 1376.282563671, 6, 3.476749506808, 2.63295083537, -0.096216355733, -0, -0, -0, -0, -0, -1.169332975721, 0, 0, 0, 0, 0, -1.169334624725, -0.9651918997411, -0.5633275962264, -0.9989510997703, -1.24151757243, 45.80671778152, 45.5621470232, 45.78860320795, 45.62959383173, 93.04217554211, -1.094180295231, -1.104998387198, -25.69152877883, 1, 120.0300172625, 120, 120.030028766, 92.97917401383, 90.07760360815, 93.10376587868, 90.20391596756, 93.04217554211, 92.97887479696, 90.07738013997, 109.7130128707, 93.10344530919, 90.2033711695, 4.367621073751, 0, 3.271669462486, 4.09834324893, 3.260779891887, 4.384992234486, 3.468892192233, 3.249178458211, 1.798494501042, 1.575935055675, 2.63295083537, 3.474126592217, 3.252297264738, 3.500112246808, 1.804121205456, 1.58303966624, -0, -0, -5.551115123126e-17, -0, -0.01007892741919, 0.3112025842033, 0.3180153068903, 0, 0.3232155108425, 0.3287874149287
2.825, 2.16575958623, 3.107159737788, 2.206084704812, 2.854485669607, -17.5861022175, -0.6001894742432, 0, 440.8780585117, -14.4346293515, 481.5583118982, -21.50836738502, -3237.738436806, -3007.118126484, -1594.757854017, -877.1677818105, 6233.681426051, 4403.214200132, 2863.117552159, 1299.568861, 6, 3.491265290845, 2.709016900938, -0.08444307199075, -0, -0, -0, -0, -0, -1.468296402623, 0, 0, 0, 0, 0, -1.468297997628, -1.223940820981, -0.735510155845, -1.266196915467, -1.449551573749, 46.21947298396, 45.97356948779, 46.19718730721, 46.03391557097, 93.87214917528, -0.9255959121338, -0.9403095223502, -22.022650157, 1, 120.0192674429, 120, 120.0199744181, 93.81569276406, 90.91309200278, 93.92728320735, 91.02541207078, 93.87214917528, 93.81534772966, 90.91283672639, 110.5415900667, 93.92691365851, 91.02484773783, 3.90734783634, 0, 2.979743619078, 3.590242693295, 2.964946680996, 3.886255869667, 3.545527771342, 3.349608790079, 1.874241067891, 1.675311253708, 2.709016900938, 3.552156257238, 3.353677348283, 3.49975620527, 1.881375997444, 1.683618554294, -0, -0, -0, -0, -0.01128869127402, 0.3106690979468, 0.3175439303654, 0, 0.3232377781686, 0.3290455295894
2.85, 2.262063866181, 3.241473674255, 2.31485922561, 2.98970339713, -15.99285700317, -0.62223603546, 0, 450.0632774752, -15.49189671468, 488.0234287821, -21.46730383328, -3392.736035692, -3122.879090389, -1657.865431698, -861.7499126931, 6338.460177676, 4486.485726727, 2888.810584469, 1244.145098623, 6, 3.498472375276, 2.782546776352, -0.06653021060296, -0, -0, -0, -0, -0, -1.721887819357, 0, 0, 0, 0, 0, -1.721888980534, -1.44536696508, -0.8845768833733, -1.491076368867, -1.618867657568, 46.63198125594, 46.38460781061, 46.60617143897, 46.43844123909, 94.70229826422, -0.7847394227769, -0.8084848064677, -18.93723083937, 1, 120.0093705187, 120, 120.0107605183, 94.65188510897, 91.7484874803, 94.75155865488, 91.8480496461, 94.70229826422, 94.65151630095, 91.74821990305, 111.3704594473, 94.75116589943, 91.84749301742, 3.487033796702, 0, 2.700374308316, 3.131683818531, 2.676549113006, 3.429642772461, 3.619501010393, 3.445289863477, 1.947535352944, 1.770203450893, 2.782546776352, 3.627320480024, 3.450180451943, 3.499360922823, 1.955936789762, 1.779491407823, -0, 5.551115123126e-17, -0, -0, -0.01243592399046, 0.3102502857261, 0.317221572045, 0, 0.3231114101577, 0.3292262097549
2.875, 2.33450547542, 3.323164087983, 2.400365106761, 3.078084046475, -14.46194719776, -0.6378834098281, 0, 457.7183297339, -16.93510750977, 493.6832678264, -21.48536364942, -3504.003492355, -3185.189491253, -1724.989881186, -847.4343051353, 6410.153406107, 4524.237824587, 2938.247796462, 1206.3520571, 6, 3.502003920469, 2.853398391579, -0.04431994014723, -0, -0, -0, -0, -0, -1.928941824115, 0, 0, 0, 0, 0, -1.928942401421, -1.627968898268, -1.010785953454, -1.672967724661, -1.748654191703, 47.0442614495, 46.79526850022, 47.01550192272, 46.84317945062, 95.53265835887, -0.6680140487706, -0.7037327488837, -16.39932347634, 1, 120.0015233207, 120, 120.0035258709, 95.48778400473, 92.58375360049, 95.57660804589, 92.6717860783, 95.53265835887, 95.48740956753, 92.58348797413, 112.1998147298, 95.57621307105, 92.67125734116, 3.105614589529, 0, 2.436080061433, 2.721582416978, 2.400293951345, 3.014360907201, 3.690690677397, 3.536144105706, 2.018214187359, 1.860499201277, 2.853398391579, 3.699492006248, 3.541731965537, 3.499038992991, 2.0276368459, 1.870539953569, -0, -0, -5.551115123126e-17, -0, -0.01342196417115, 0.3099563577021, 0.3170691694075, 0, 0.3228986930947, 0.3293452414102
2.9, 2.383360667947, 3.357851560562, 2.461693730989, 3.124272654917, -13.02431571961, -0.6469683639355, 0, 463.2102625765, -18.98858286407, 496.9186489712, -21.55123102423, -3573.46878972, -3197.145506836, -1784.969324611, -837.7302634019, 6444.585567272, 4519.626218978, 2992.53291718, 1184.819430226, 6, 3.503628386059, 2.921425008415, -0.02040051328569, -0, -0, -0, -0, -0, -2.09146876912, 0, 0, 0, 0, 0, -2.091468901753, -1.772853657592, -1.11560778619, -1.813685125572, -1.841044553174, 47.45633055191, 47.20557405419, 47.42511641191, 47.24813704564, 96.36326735838, -0.5738302266319, -0.6227321807997, -14.35696608794, 1, 119.9962839247, 120, 119.9986909985, 96.32343585333, 93.41887996167, 96.40242922763, 93.49656704018, 96.36326735838, 96.32307001212, 93.41862598081, 113.0297522193, 96.40204813392, 93.49607959861, 2.761199174804, 0, 2.186471486945, 2.357434014913, 2.137516092111, 2.638591813704, 3.758972152957, 3.622138450654, 2.086113819529, 1.94612775477, 2.921425008415, 3.768554249664, 3.628307793599, 3.498904262373, 2.096324236446, 1.956704835412, -0, -0, -0, -0, -0.01415027964841, 0.3098046738248, 0.3170756085611, 0, 0.3226721021333, 0.329408904076
2.925, 2.410342012137, 3.352806683829, 2.500018615619, 3.133444999561, -11.69806701391, -0.6487983636568, 0, 466.722672544, -21.00754082805, 497.503872521, -21.7244760939, -3601.759052075, -3155.947598306, -1826.549174364, -835.5860123136, 6439.75172114, 4463.920625639, 3032.717201762, 1180.489001124, 6, 3.50382637777, 2.986488036507, 0.002080456398401, -0, -0, -0, -0, -0, -2.21395600008, 0, 0, 0, 0, 0, -2.21395600154, -1.883468824262, -1.198555655237, -1.917111471433, -1.900702254105, 47.86820902059, 47.61556356054, 47.8349706885, 47.65331910502, 97.19416167446, -0.5003824680242, -0.5625085180295, -12.74848787802, 1, 119.9938426146, 120, 119.9963503187, 97.15889061211, 94.25388763727, 97.22900668901, 94.32233013177, 97.19416167446, 97.15854381193, 94.25365194431, 113.8603214409, 97.22865092606, 94.32189142291, 2.451350840381, 0, 1.950774625543, 2.034824325504, 1.888604473041, 2.299974474067, 3.824227086265, 3.703289446466, 2.151082613632, 2.027057898668, 2.986488036507, 3.834408942995, 3.70992320525, 3.499071123756, 2.161871708249, 2.037980916972, -5.551115123126e-17, -0, -0, -0, -0.01454259627344, 0.3098036108143, 0.3172741484978, 0, 0.3225032750308, 0.3294138501502
2.95, 2.417957146019, 3.314255377108, 2.518001224998, 3.110704769088, -10.48624587243, -0.6439645449551, 0, 468.7457635335, -22.56564629648, 496.0933205939, -22.02020939218, -3588.261658939, -3074.838676322, -1843.568908472, -842.9386128831, 6390.346487417, 4371.420913704, 3047.600636056, 1195.104904158, 6, 3.503053627552, 3.04847391784, 0.02012321113269, -0, -0, -0, -0, -0, -2.302289763511, 0, 0, 0, 0, 0, -2.302289905584, -1.964497870476, -1.261765949455, -1.988236270343, -1.933852326197, 48.27992074815, 48.02528301349, 48.24504467767, 48.05872975345, 98.02537046169, -0.44550530437, -0.5203678550412, -11.50842063874, 1, 119.9942014007, 120, 119.996557168, 97.99419595859, 95.08880418009, 98.05631399275, 95.14900798079, 98.02537046169, 97.99387529701, 95.08859061795, 114.6915589572, 98.05599103399, 95.14862066169, 2.173341810007, 0, 1.72827248367, 1.74940953476, 1.653366885723, 1.995961562215, 3.886357644354, 3.779646967315, 2.212998803023, 2.103300736502, 3.04847391784, 3.896985009638, 3.786639272953, 3.499654549894, 2.22418750959, 2.114414563665, 5.551115123126e-17, -5.551115123126e-17, -0, -0, -0.01455870166401, 0.3099731327768, 0.3176116967452, 0, 0.3224341243296, 0.329352964212
2.975, 2.409461783148, 3.246618061632, 2.519310644404, 3.059198568531, -9.361014840816, -0.6337507634694, 0, 470.0090507821, -23.63652879731, 493.4694915269, -22.48123200156, -3527.97199605, -2976.678799309, -1837.332416545, -859.2853366906, 6285.504027877, 4271.50021871, 3037.039414292, 1227.814467471, 6, 3.501766792203, 3.107305663206, 0.03175043756193, -0, -0, -0, -0, -0, -2.36326598166, 0, 0, 0, 0, 0, -2.363266344724, -2.021272693893, -1.30959279661, -2.032874002627, -1.947600204817, 48.69149225525, 48.43477463528, 48.65533525474, 48.46437245956, 98.85690897505, -0.4070452471952, -0.4941470554621, -10.57993714573, 1, 119.9972768671, 120, 119.9993084079, 98.82938784676, 95.92365083627, 98.88432016582, 95.9765355698, 98.85690897505, 98.82909758499, 95.92346086354, 115.5234795872, 98.88403424897, 95.97619868808, 1.924704151001, 0, 1.518533259645, 1.497532770467, 1.431381080591, 1.724344268664, 3.945296775726, 3.851278248702, 2.271781999577, 2.17489339248, 3.107305663206, 3.956246078329, 3.858544972697, 3.500746292854, 2.283224389583, 2.186083775549, 5.551115123126e-17, -0, -0, 5.551115123126e-17, -0.01421492452889, 0.3103534048688, 0.3179784876694, 0, 0.3224646887441, 0.3292283062925
3, 2.388311983471, 3.152055375705, 2.50769617948, 2.980183435826, -8.276231321964, -0.6204041925282, 0, 471.493614495, -24.30935279028, 490.4929520125, -23.12693078608, -3434.242380076, -2879.64767375, -1815.706612708, -878.1532135429, 6141.763842257, 4188.956588462, 3011.110842296, 1272.68879245, 6, 3.500423608358, 3.162955147402, 0.03676886707704, -0, -0, -0, -0, -0, -2.403610624373, 0, 0, 0, 0, 0, -2.4036111196, -2.059613516101, -1.346594295466, -2.056981667718, -1.948528269285, 49.10294738313, 48.84407179456, 49.06584599072, 48.87025098756, 99.68877309494, -0.3834691978157, -0.4825421004536, -9.946443344386, 1, 120.003027435, 120, 120.0047033616, 99.66448078615, 96.75843289092, 99.71299798318, 96.80485901832, 99.68877309494, 99.66422294655, 96.75826619503, 116.3560930063, 99.71275084328, 96.80456913638, 1.703881177228, 0, 1.321493260637, 1.27666742215, 1.222357336416, 1.483763446433, 4.001026194939, 3.918250591962, 2.327403922592, 2.241879807171, 3.162955147402, 4.012203324297, 3.925730527914, 3.502120016079, 2.338986399105, 2.253071145724, -5.551115123126e-17, -0, -0, -0, -0.01358581181214, 0.3108820033086, 0.3182816404834, 0, 0.3225565302794, 0.3290607802155
3.025, 2.357076936365, 3.032107286578, 2.485823874165, 2.874536953286, -7.201154084359, -0.6060242792046, 0, 473.25898203, -24.91116116506, 487.8661855851, -23.85380267114, -3329.335498064, -2789.82775342, -1789.622360119, -891.1157558104, 5994.185026466, 4132.005811388, 2985.720207314, 1318.857693032, 6, 3.499459439523, 3.215436083584, 0.03692826058227, -0, -0, -0, -0, -0, -2.429391753988, 0, 0, 0, 0, 0, -2.429392258883, -2.085002972271, -1.376307533965, -2.066261094455, -1.941900146786, 49.51429680474, 49.25319747439, 49.47657531884, 49.27637033834, 100.5209397431, -0.3744599186283, -0.4853739401409, -9.625693821401, 1, 120.0114539146, 120, 120.0128546569, 100.499469498, 97.59314023398, 100.542325156, 97.63393603911, 100.5209397431, 100.4992445418, 97.59299530136, 117.1893917788, 100.5421167364, 97.63368819678, 1.510242190242, 0, 1.136885339467, 1.08528132218, 1.025894483939, 1.273540454507, 4.053570006613, 3.98062561091, 2.379879054588, 2.304303425779, 3.215436083584, 4.06490567202, 3.988276193371, 3.503320873214, 2.391517957418, 2.315451859157, -0, -0, -0, -0, -0.01279068733491, 0.3114273212055, 0.3184901592664, 0, 0.3226493293386, 0.3288899000089
3.05, 2.315323654967, 2.889784184699, 2.453122899954, 2.745101909216, -6.144391995265, -0.5907975327202, 0, 474.6603285948, -25.71091402245, 485.9517190056, -24.41980833055, -3233.004513907, -2687.215683728, -1767.45916428, -892.8042682067, 5879.132017987, 4091.727092853, 2975.457853095, 1356.571059551, 6, 3.498993023998, 3.264787407586, 0.03496965029003, -0, -0, -0, -0, -0, -2.445291760953, 0, 0, 0, 0, 0, -2.445292216677, -2.101795174011, -1.400010815073, -2.065616324788, -1.931120069889, 49.92553500001, 49.66216880864, 49.88750726482, 49.68273620713, 101.3533765509, -0.3784534120694, -0.5009542044412, -9.642764125949, 1, 120.0225136821, 120, 120.0237661219, 101.3343397943, 98.42775884777, 101.3722828889, 98.46372884423, 101.3533765509, 101.3341468392, 98.42763352168, 118.0233440678, 101.3721115684, 98.46351740582, 1.343439432608, 0, 0.9660213854804, 0.922127941937, 0.8434317292258, 1.092984903323, 4.102975749108, 4.038478497612, 2.429244904798, 2.362222162696, 3.264787407586, 4.114419036803, 4.046264875068, 3.503886877716, 2.440882161903, 2.373304711704, -0, -0, -0, -0, -0.01195817433937, 0.3118529983838, 0.3186372152569, 0, 0.3226877278001, 0.3287513506639
3.075, 2.259793735663, 2.729827647555, 2.406024888191, 2.596986739205, -5.143987726392, -0.5755426721669, 0, 472.7183784135, -26.77045262661, 482.8513082468, -24.66717598565, -3148.514113804, -2578.012683038, -1752.321528312, -882.7561458396, 5810.184385688, 4056.506300919, 2988.962556591, 1384.085122639, 6, 3.49891490759, 3.311058055665, 0.03330705395461, -0, -0, -0, -0, -0, -2.453969224545, 0, 0, 0, 0, 0, -2.453969639434, -2.112327903799, -1.418599313282, -2.058473728347, -1.9175040239, 50.33664349598, 50.07100327494, 50.29860109335, 50.08935192596, 102.1860540079, -0.3909899959734, -0.5244356406643, -10.01062743132, 1, 120.0359588996, 120, 120.0371695117, 102.1690854994, 99.26228366423, 102.2028481862, 99.29419266357, 102.1860540079, 102.1689222779, 99.26217543502, 118.8578831067, 102.2027107896, 99.29401205175, 1.202428162982, 0, 0.8124077145816, 0.7855662704431, 0.6788634896631, 0.940539433696, 4.149295683896, 4.091920220729, 2.475545254968, 2.41574095319, 3.311058055665, 4.160806251613, 4.09981349352, 3.503354019955, 2.487140922161, 2.426742474953, 5.551115123126e-17, 5.551115123126e-17, -0, -0, -0.01119023743427, 0.3121079816546, 0.318766052608, 0, 0.3226388180046, 0.328651368644
3.1, 2.197525498188, 2.556801468562, 2.35119124587, 2.435114371359, -4.236644035674, -0.5600579204055, 0, 463.567539515, -28.01821518811, 474.5039777203, -24.53008323948, -3075.273960432, -2458.880909108, -1747.159023921, -858.8698644191, 5778.04177879, 4021.324033099, 3026.41276879, 1407.293093127, 6, 3.499110381464, 3.354297597157, 0.03315932558829, -0, -0, -0, -0, -0, -2.456405466184, 0, 0, 0, 0, 0, -2.45640587781, -2.116654789535, -1.432175633165, -2.046213122606, -1.900882833394, 50.74759607376, 50.47972202306, 50.70976830491, 50.49621560786, 103.0189515556, -0.4175063001401, -0.5608301646662, -10.72653722156, 1, 120.0509649325, 120, 120.0521702238, 103.0037261841, 100.0967210137, 103.0339724536, 100.1252741412, 103.0189515556, 103.0035914972, 100.0966273038, 119.6928640866, 103.0338668113, 100.1251192536, 1.085306152709, 0, 0.6687476531867, 0.6734508352887, 0.5253172240763, 0.8138353170828, 4.192581596822, 4.141103135948, 2.518824840533, 2.465009330534, 3.354297597157, 4.204120535271, 4.149075412915, 3.501256972194, 2.530346806844, 2.475913021823, -0, 5.551115123126e-17, -0, 5.551115123126e-17, -0.01054127288767, 0.3122269646861, 0.3188954092702, 0, 0.3225016416315, 0.3285679974752
3.125, 2.139261726533, 2.37673076206, 2.299084979998, 2.265432568892, -3.468567452417, -0.5440722443839, 0, 447.704876599, -29.44909738938, 460.4427757292, -23.94922328978, -3007.240833784, -2318.743210432, -1752.485084761, -833.4946952458, 5765.645773165, 3985.0126888, 3080.696914715, 1433.373575445, 6, 3.499464530352, 3.394546802672, 0.03452914298094, -0, -0, -0, -0, -0, -2.452679909781, 0, 0, 0, 0, 0, -2.45268035544, -2.113942276063, -1.440044482302, -2.029047634051, -1.881199286411, 51.15837572968, 50.88835006333, 51.1209080814, 50.90331818419, 103.8520548128, -0.4666723204407, -0.6184306849823, -11.77778095647, 1, 120.066349224, 120, 120.0675231006, 103.838299412, 100.9310910577, 103.8655867407, 100.9569059917, 103.8520548128, 103.8381941049, 100.9310094915, 120.5280996879, 103.8655126861, 100.9567723514, 0.9891670935534, 0, 0.5234596232268, 0.5827259753527, 0.3715886015805, 0.7097435403351, 4.232876470309, 4.186221959378, 2.559119986634, 2.510213272609, 3.394546802672, 4.244402638342, 4.194241573445, 3.496987529014, 2.570538405317, 2.521001163832, 5.551115123126e-17, -5.551115123126e-17, 5.551115123126e-17, -5.551115123126e-17, -0.01001931489225, 0.3122737329275, 0.3190297585947, 0, 0.3223026534348, 0.3284744615639
3.15, 2.092784485822, 2.194247500355, 2.25747772214, 2.092450390057, -2.861482487242, -0.5290736198325, 0, 427.6403364939, -30.82836305906, 442.1702685774, -22.93336177827, -2948.008254487, -2179.734612395, -1766.332001707, -804.5269078904, 5757.583271512, 3948.382678431, 3141.810447698, 1465.599432157, 6, 3.499862257871, 3.431833351844, 0.03675601685544, -0, -0, -0, -0, -0, -2.442746890923, 0, 0, 0, 0, 0, -2.442747393872, -2.103665762335, -1.44256291113, -2.006951884451, -1.858340917208, 51.56898634093, 51.29691590862, 51.53194601319, 51.31064136291, 104.6853502258, -0.5435477230846, -0.702168896183, -13.25443443352, 1, 120.0809754946, 120, 120.0820782699, 104.672848987, 101.7654247567, 104.6976114706, 101.7890066029, 104.6853502258, 104.6727753718, 101.7653532818, 121.3634166522, 104.6975703132, 101.7888904877, 0.9102296558227, 0, 0.3676749735546, 0.5095203143012, 0.2089380680188, 0.6244777425037, 4.270209005948, 4.227494942714, 2.596454448685, 2.551570269447, 3.431833351844, 4.281680513853, 4.235532117537, 3.488052716561, 2.60774075169, 2.562223409242, -0, -0, -0, -0, -0.009602482466114, 0.3123058589991, 0.3191660415918, 0, 0.3220791373101, 0.3283585571318
3.175, 2.064521524929, 2.014650896459, 2.233158222008, 1.921317224793, -2.442556829051, -0.5144628646518, 0, 405.1755102102, -31.97774594795, 421.9776919076, -21.09663838746, -2905.189588642, -2027.575810312, -1786.565101565, -771.7180354233, 5745.525839904, 3913.046702244, 3200.020941489, 1502.428340758, 6, 3.500192940274, 3.466165323184, 0.03912589856048, -0, -0, -0, -0, -0, -2.427235748442, 0, 0, 0, 0, 0, -2.427236314714, -2.086238906704, -1.43973497438, -1.980266953209, -1.8329099176, 51.97944808145, 51.70544712835, 51.94283939225, 51.71815645786, 105.5188211354, -0.6517712094865, -0.8159116957158, -15.32054280867, 1, 120.0939714407, 120, 120.0949768124, 105.5074212935, 102.5997584739, 105.5299578023, 102.6214853579, 105.5188211354, 105.5073828783, 102.5996955271, 122.198679026, 105.5299521336, 102.6213838447, 0.8442064162542, 0, 0.1934396682859, 0.4494202772519, 0.02918476345894, 0.5537482540678, 4.304588573243, 4.265153358384, 2.63083460534, 2.589303726905, 3.466165323184, 4.315966900085, 4.273178163925, 3.470628396558, 2.641963470092, 2.599806869008, -0, 5.551115123126e-17, -0, -0, -0.009258289040949, 0.3123542943483, 0.3192982469409, 0, 0.3218672852765, 0.3282259025243
3.2, 2.064586641788, 1.84344085416, 2.236953901865, 1.757626858918, -2.236993231226, -0.5029833980624, 0, 382.684970406, -33.23737173616, 401.9702963458, -18.99859317289, -2888.536847822, -1887.049535052, -1815.279451048, -738.5358640877, 5728.098016963, 3879.173113641, 3248.992589332, 1538.83528746, 6, 3.50040938758, 3.497525713818, 0.04120694576755, -0, -0, -0, -0, -0, -2.407446283098, 0, 0, 0, 0, 0, -2.407446906084, -2.062680714838, -1.433192327885, -1.949483366818, -1.806125502944, 52.38979912095, 52.11397125899, 52.3535662559, 52.12582070801, 106.3524462253, -0.7982562608356, -0.9671678067794, -18.12542343773, 1, 120.1046561317, 120, 120.1055736479, 106.3420749487, 103.4341386095, 106.3625167853, 103.4542384288, 106.3524462253, 106.3420771584, 103.4340832008, 123.0337758986, 106.3625512365, 103.4541495175, 0.7860239608188, 0, -0.01125135665743, 0.3972483347575, -0.1802704949408, 0.4923975893241, 4.336000999336, 4.299436000811, 2.662245427795, 2.623652185323, 3.497525713818, 4.347253300338, 4.307427561474, 3.440868269714, 2.673195090798, 2.633997715411, -0, -5.551115123126e-17, -0, -0, -0.00895795922849, 0.3124239334301, 0.3194255156929, 0, 0.3216905938145, 0.3280949975315
3.225, 2.102261377837, 1.684654435755, 2.279132680695, 1.605823559919, -2.258594368929, -0.4952765172639, 0, 361.3360543115, -34.66082210173, 383.9668070006, -16.50175568319, -2911.339735879, -1758.286881022, -1857.776680317, -695.4711172149, 5710.185296555, 3850.280528494, 3284.227384961, 1568.469645211, 6, 3.500510500379, 3.525862914395, 0.04293539440571, -0, -0, -0, -0, -0, -2.385780662964, 0, 0, 0, 0, 0, -2.385781333215, -2.035137023514, -1.425177950343, -1.915945662878, -1.779475470336, 52.8000829009, 52.52251781496, 52.76411986058, 52.53358477593, 107.1862000102, -0.9896449526714, -1.163521313657, -21.8084601282, 1, 120.1125792906, 120, 120.1134435853, 107.1768717429, 104.2686155119, 107.1951716334, 104.2871559289, 107.1862000102, 107.1769218426, 104.2685673003, 123.8686227304, 107.1952528271, 104.2870786347, 0.7302252456519, 0, -0.2585001580495, 0.347474579901, -0.4324715327295, 0.434615299298, 4.364397525814, 4.330570527924, 2.690639566765, 2.654844934445, 3.525862914395, 4.375501895351, 4.338520135377, 3.394935422707, 2.701396280635, 2.665034511537, -0, -0, -0, -0, -0.008683154474053, 0.3124961029765, 0.3195344052365, 0, 0.3215655484305, 0.3279892516065
3.25, 2.186362732783, 1.546527495642, 2.369753092468, 1.474305149685, -2.562714580923, -0.4919597750619, 0, 341.779235464, -36.42115205565, 369.5587776795, -13.31341253202, -2987.294367588, -1621.99593102, -1918.13667141, -652.8673891186, 5699.650647743, 3828.672848505, 3302.280144068, 1586.014536828, 6, 3.500496227668, 3.551080503956, 0.04447053751861, -0, -0, -0, -0, -0, -2.36533404931, 0, 0, 0, 0, 0, -2.365334762178, -2.006457067205, -1.417543024352, -1.881611379506, -1.755354595162, 53.21034967133, 52.93112030959, 53.17449881261, 52.94139367973, 108.0200544189, -1.231795714745, -1.41202954316, -26.48918228949, 1, 120.1173764808, 120, 120.1182288446, 108.011883864, 105.1032532053, 108.0277923412, 105.1201150897, 108.0200544189, 108.0119909731, 105.1032126881, 124.7031417584, 108.0279288984, 105.1200495629, 0.6704838195879, 0, -0.5604855149905, 0.2935166546848, -0.7407962391496, 0.3735838659575, 4.389683979388, 4.358789824487, 2.715926316693, 2.683109306799, 3.551080503956, 4.400632889991, 4.366698889392, 3.329005780539, 2.726487543541, 2.693158877407, 5.551115123126e-17, -0, -0, -0, -0.00842622004054, 0.3125409065735, 0.3196160627378, 0, 0.3215046120775, 0.3279280770691
3.275, 2.327859848087, 1.435671291535, 2.52118979319, 1.370166649322, -3.18141020553, -0.4958651857157, 0, 325.2942101587, -38.36263280336, 359.4904282885, -9.668989015504, -3114.696439523, -1512.781464968, -2001.93573905, -613.653068717, 5703.417264328, 3817.723747012, 3301.465067359, 1587.909103965, 6, 3.500366534314, 3.573028590082, 0.04604412044867, -0, -0, -0, -0, -0, -2.349449523753, 0, 0, 0, 0, 0, -2.349450282825, -1.979601520905, -1.413925241925, -1.848483349985, -1.736066628825, 53.62066102842, 53.33981979729, 53.58469662528, 53.349181702, 108.8539798797, -1.532097924006, -1.721489756912, -32.24319913436, 1, 120.1187696038, 120, 120.1196617096, 108.8472022845, 105.9381340319, 108.8602269025, 105.9529747282, 108.8539798797, 108.8473780258, 105.9381026893, 125.5372662282, 108.8604300141, 105.95292249, 0.5992238154998, 0, -0.9321656743105, 0.2276048208721, -1.121610448209, 0.3011357243401, 4.41171254655, 4.384325760557, 2.737963763832, 2.708685397723, 3.573028590082, 4.422513571264, 4.392215693807, 3.239525248234, 2.748338089959, 2.718624436725, -0, -0, 5.551115123126e-17, -0, -0.008187177508179, 0.3125319582835, 0.31965740392, 0, 0.3215137050247, 0.3279243755967
3.3, 2.523575976621, 1.357682444004, 2.731399151347, 1.299327802116, -4.120777196284, -0.5068272713637, 0, 313.1162817726, -40.44804365718, 354.0290839846, -5.828649601705, -3302.504923892, -1436.797837186, -2090.39709876, -578.9093781332, 5727.755362974, 3823.375351698, 3279.620173728, 1571.561135404, 6, 3.500121401989, 3.591503904513, 0.04786246442177, -0, -0, -0, -0, -0, -2.341825034649, 0, 0, 0, 0, 0, -2.341825852193, -1.958560237919, -1.417459018834, -1.819712182031, -1.724125879012, 54.03107122453, 53.74865911675, 53.99471472957, 53.75687597727, 109.6879456197, -1.882923579242, -2.085550202742, -38.92947845949, 1, 120.1165420578, 120, 120.1175136024, 109.6829052795, 106.7733469012, 109.6923384052, 106.7855884312, 109.6879456197, 109.6831614589, 106.7733273689, 126.37093362, 109.6926195108, 106.7855524811, 0.508457975397, 0, -1.373887437138, 0.1414955914307, -1.576537339558, 0.2086361192147, 4.430276502164, 4.407383290259, 2.756554074245, 2.731782511193, 3.591503904513, 4.440958006347, 4.415292455182, 3.126172028711, 2.766767659229, 2.741655115903, 5.551115123126e-17, -0, -0, -0, -0.007969781737632, 0.3124451435502, 0.3196358350642, 0, 0.3216003446623, 0.3279874121201
3.325, 2.764428247157, 1.317757839503, 2.992030859937, 1.26726709399, -5.378419398058, -0.526107370062, 0, 304.886152742, -42.64217134022, 353.9106941793, -1.928277509263, -3565.921364262, -1399.087048422, -2178.1153826, -552.2691063062, 5775.937078774, 3848.951191725, 3236.460947871, 1536.494270639, 6, 3.499765549876, 3.606260791789, 0.0500860480527, -0, -0, -0, -0, -0, -2.345830549645, 0, 0, 0, 0, 0, -2.34583144645, -1.947214225416, -1.430679121063, -1.798515299495, -1.721788026105, 54.4416282788, 54.15768042595, 54.40455948218, 54.16440226413, 110.5219186025, -2.270101743663, -2.490893903176, -46.26336134245, 1, 120.1105164907, 120, 120.1116007997, 110.5190606185, 107.6089825753, 110.523997174, 107.6178105847, 110.5219186025, 110.5194088111, 107.6089788355, 127.2040853803, 110.5243674483, 107.6177955322, 0.3901877307217, 0, -1.879467961942, 0.02684895587917, -2.100247620254, 0.0874402600101, 4.445123554133, 4.428125496904, 2.771455465929, 2.752568826147, 3.606260791789, 4.455734437498, 4.43610605311, 2.99083224503, 2.781552207181, 2.762432033331, 5.551115123126e-17, -0, -0, -0, -0.007778458069342, 0.312267574533, 0.3195385991452, 0, 0.3217650652098, 0.3281186021179
3.35, 3.043736464021, 1.320035968935, 3.296655008543, 1.278321227594, -6.904815565356, -0.5475044128268, 0, 303.1905774189, -44.35975750494, 355.6590583225, 1.509141360425, -3830.450676206, -1403.425501077, -2240.663613308, -537.3655777854, 5847.886239003, 3894.623956611, 3173.517869828, 1483.35287738, 6, 3.499367581244, 3.617026919847, 0.05285291346007, -0, -0, -0, -0, -0, -2.363927756553, 0, 0, 0, 0, 0, -2.36392876289, -1.948508772873, -1.455221888026, -1.78743266913, -1.730626949874, 54.85237474556, 54.56692238619, 54.81424630845, 54.57168855596, 111.3558620344, -2.678678753926, -2.922991035014, -53.9639185916, 1, 120.1006705743, 120, 120.1018978108, 111.3557242533, 108.4451260739, 111.3550777209, 108.4495036229, 111.3558620344, 111.356176421, 108.4451436599, 128.0366811748, 111.3555485768, 108.449515832, 0.236880254948, 0, -2.441479974346, -0.1241948035478, -2.685736726195, -0.07051833752403, 4.455976984748, 4.446663409317, 2.7824003154, 2.771162293519, 3.617026919847, 4.466581871347, 4.454776493679, 2.835430598202, 2.792437893176, 2.781082111293, -0, -0, -0, -0, -0.007616447742935, 0.3119990227959, 0.3193647855416, 0, 0.3220017614533, 0.3283152749646
3.375, 3.356447066668, 1.365758136351, 3.640104077554, 1.333962057316, -8.613659218291, -0.5706673063451, 0, 305.4152405859, -45.43000760217, 362.744482777, 4.160531133643, -4081.937739361, -1452.960680297, -2282.92912289, -534.8024591272, 5936.577519261, 3954.698354483, 3098.40566634, 1417.956977642, 6, 3.499042011835, 3.623568447671, 0.05625288605319, -0, -0, -0, -0, -0, -2.3960996465, 0, 0, 0, 0, 0, -2.396100802008, -1.962880329688, -1.490658305973, -1.786753997899, -1.750057253097, 55.26333505321, 54.97641089985, 55.22382452904, 54.97867330626, 112.1897354536, -3.094750197269, -3.367930487732, -61.7867114429, 1, 120.0870848274, 120, 120.0884819806, 112.1929219185, 109.2818365486, 112.1854775604, 109.2805602161, 112.1897354536, 112.193490564, 109.281882565, 128.8686912843, 112.1860606194, 109.2806077403, 0.04286751984931, 0, -3.051683783749, -0.3174743628909, -3.324756691276, -0.2712468094653, 4.462594023959, 4.463047545013, 2.789159135224, 2.787625106763, 3.623568447671, 4.473260322118, 4.471352209565, 2.661885832858, 2.799195753671, 2.797663610254, -0, -0, -0, 5.551115123126e-17, -0.007484375900102, 0.3116656071023, 0.3191356243091, 0, 0.3222820136048, 0.3285557927804
3.4, 3.697456217234, 1.453326845657, 4.016726849354, 1.432807889702, -10.42007849016, -0.5956838947964, 0, 314.3526955638, -45.91766752467, 373.4605056088, 6.051253470048, -4327.140589891, -1545.732674832, -2305.277532369, -540.3843846714, 6032.26718618, 4021.874465822, 3020.034020817, 1347.713501035, 6, 3.498904293891, 3.625694739186, 0.06030711503828, -0, -0, -0, -0, -0, -2.440495566205, 0, 0, 0, 0, 0, -2.440496918909, -1.988900274932, -1.53519102502, -1.795176251265, -1.778018891933, 55.67453700252, 55.38615554869, 55.63334600704, 55.38531146738, 113.0234954662, -3.507149193737, -3.814053416208, -69.53032554568, 1, 120.0699782199, 120, 120.0715686437, 113.0306477792, 110.1191429664, 113.0151199998, 110.1109091125, 113.0234954662, 113.0313458612, 110.1192259608, 129.7001022223, 113.0158268488, 110.1110014483, -0.1953272765527, 0, -3.7023882312, -0.5564287848695, -4.009122747533, -0.5183184913307, 4.464773063173, 4.477256412518, 2.791546226317, 2.801951439134, 3.625694739186, 4.475561090986, 4.485802129475, 2.472107518921, 2.801631561282, 2.812158111269, -0, -0, -0, -0, -0.007379331205302, 0.311303888262, 0.3188785059153, 0, 0.3225728202803, 0.3288128309152
3.425, 4.061395300094, 1.5785361974, 4.420297631205, 1.570758069791, -12.23624639794, -0.6215735128933, 0, 328.7172071069, -45.78528295148, 387.1841365523, 7.203413169166, -4550.531122421, -1679.990154146, -2309.603788135, -554.9112203117, 6125.784912322, 4090.943279113, 2944.468841411, 1277.828915144, 6, 3.499069745408, 3.623251188296, 0.06497708295516, -0, -0, -0, -0, -0, -2.494540327845, 0, 0, 0, 0, 0, -2.494541932976, -2.024405479303, -1.586860298097, -1.810926737291, -1.812319733242, 56.08598965556, 55.79615097908, 56.04288430454, 55.79157458667, 113.8570964657, -3.906722612869, -4.25134180367, -77.02695616902, 1, 120.0494920456, 120, 120.0512927248, 113.8688650429, 110.9570455496, 113.8439549902, 110.9405141898, 113.8570964657, 113.8697055584, 110.9571752844, 130.530887122, 113.8447967479, 110.9406619175, -0.4790617893246, 0, -4.385797382256, -0.842178765727, -4.730173071058, -0.8129380822823, 4.462348512801, 4.48919260712, 2.789411593131, 2.814061636608, 3.623251188296, 4.473307499022, 4.498018197506, 2.268120786702, 2.799584486362, 2.824472771293, -0, -0, 5.551115123126e-17, -0, -0.00729519240898, 0.3109484004036, 0.3186130487568, 0, 0.3228518476548, 0.3290672943317
3.45, 4.438018837661, 1.735008769694, 4.839065278365, 1.741439556021, -13.97447379521, -0.6472402876726, 0, 348.7260842767, -45.07085890088, 404.0184745558, 7.635054310399, -4740.349302826, -1851.155896416, -2298.823363227, -575.4888435798, 6209.873209084, 4158.860399052, 2874.171688903, 1210.508042085, 6, 3.499653484451, 3.616118769224, 0.07019662295899, -0, -0, -0, -0, -0, -2.555769055163, 0, 0, 0, 0, 0, -2.555770974571, -2.067456872518, -1.643926732426, -1.832801887106, -1.850994846591, 56.49769658416, 56.2063775424, 56.45253838749, 56.19744909639, 114.6904912828, -4.281737904227, -4.666568732921, -84.05558735279, 1, 120.0258089593, 120, 120.0278245839, 114.7075003187, 111.7955147516, 114.6719679994, 111.7693748542, 114.6904912828, 114.7084950532, 111.7957018808, 131.3610224751, 114.6729542771, 111.7695891875, -0.8074851720496, 0, -5.089324679897, -1.17357157093, -5.473827896053, -1.153987973815, 4.455189459461, 4.498680373769, 2.7826380087, 2.823799691803, 3.616118769224, 4.466358743379, 4.507815064216, 2.053475014148, 2.792930170854, 2.834439950461, -0, -0, 5.551115123126e-17, -5.551115123126e-17, -0.007224423130598, 0.3106264959293, 0.3183507817273, 0, 0.3231100955249, 0.3293112572723
3.475, 4.813800268504, 1.916244079182, 5.257537631177, 1.93825459034, -15.56637981328, -0.6703724804667, 0, 374.07557835, -43.88007423309, 423.1791623018, 7.500225801832, -4891.895009698, -2036.99171974, -2275.75855094, -592.2165134197, 6280.624825912, 4223.961379831, 2809.682142307, 1146.854084366, 6, 3.500746533952, 3.604215570679, 0.07589868345435, -0, -0, -0, -0, -0, -2.622048079804, 0, 0, 0, 0, 0, -2.622050381974, -2.116505916066, -1.704466773858, -1.860210179948, -1.892211188241, 56.90965542107, 56.61680301379, 56.86242409462, 56.60293562868, 115.5236331421, -4.619034487924, -5.044551065596, -90.37048315424, 1, 119.9991858585, 120, 120.0014111542, 115.5464493657, 112.6344937127, 115.499177378, 112.5975228906, 115.5236331421, 115.547607832, 112.634749337, 132.1904958024, 115.5003155642, 112.5978151636, -1.177708540095, 0, -5.796914498698, -1.547470920043, -6.222012936097, -1.538328870731, 4.443202568404, 4.505480214481, 2.771142580236, 2.830944731114, 3.604215570679, 4.454613569326, 4.514942515562, 1.832763831114, 2.78158240423, 2.841827957868, -5.551115123126e-17, -0, -0, -0, -0.00716029164896, 0.3103529641359, 0.3180981434391, 0, 0.3233456184152, 0.3295409015826
3.5, 5.175959044156, 2.116695254053, 5.660813488616, 2.155466421264, -16.97164998441, -0.6928322426579, 0, 403.7813030722, -42.01794947556, 444.9901233284, 6.900929322258, -5005.907841179, -2253.764038221, -2245.171595133, -610.8095516176, 6337.037156706, 4283.516306716, 2752.052834801, 1088.785031546, 6, 3.502120646175, 3.587496132706, 0.08200888362517, -0, -0, -0, -0, -0, -2.691212598558, 0, 0, 0, 0, 0, -2.691215357322, -2.169918364491, -1.767391021764, -1.892484760418, -1.934542840656, 57.32186157817, 57.02738844297, 57.27267326302, 57.00804740243, 116.3564777716, -4.907644434089, -5.372155095063, -95.75308322928, 1, 119.9699511138, 120, 119.9723787459, 116.385595442, 113.4739099024, 116.3256187563, 113.4250094965, 116.3564777716, 116.3869243655, 113.4742452823, 133.0193081529, 116.3269137787, 113.4253907369, -1.585627305754, 0, -6.493486727008, -1.959535591915, -6.95748825184, -1.961560261151, 4.42633259528, 4.509320539222, 2.754877676175, 2.835246909257, 3.587496132706, 4.438008207547, 4.519123044061, 1.610577150781, 2.765489876171, 2.846378318303, -0, -0, -0, -0, -0.007098518605526, 0.3101317941722, 0.3178654418234, 0, 0.3235545689811, 0.3297493199983
3.525, 5.510047709796, 2.327370830611, 6.032181593365, 2.383810682542, -18.13384911651, -0.7115198645264, 0, 433.2402402884, -39.74744187128, 466.4969505632, 6.018957080362, -5086.079434799, -2457.740603376, -2211.090190163, -622.5857996169, 6381.388430384, 4339.377887133, 2701.469509529, 1036.48277153, 6, 3.503320404464, 3.565943071615, 0.08848370866361, -0, -0, -0, -0, -0, -2.761687322931, 0, 0, 0, 0, 0, -2.761690618746, -2.226618431533, -1.830827265528, -1.92952750071, -1.97672938236, 57.7343012193, 57.43808645758, 57.6834067413, 57.41280687395, 117.1889850556, -5.137050460716, -5.636684679512, -100.017201738, 1, 119.9383986995, 120, 119.9410132921, 117.2248057825, 114.3136690059, 117.1513516071, 114.2519064123, 117.1889850556, 117.2263085084, 114.3140948888, 133.8474591239, 117.1528057595, 114.252386822, -2.025716216475, 0, -7.162988423859, -2.403943083561, -7.66203028315, -2.417889983842, 4.404554996556, 4.509897280108, 2.733821183677, 2.836413340928, 3.565943071615, 4.416512410453, 4.520041851031, 1.391483369653, 2.744630269649, 2.847790659554, -0, 5.551115123126e-17, -0, -0, -0.00703764291874, 0.3099546486164, 0.3176460552707, 0, 0.3237362262208, 0.3299360713719
3.55, 5.803520661372, 2.546302963998, 6.356981394153, 2.620931473286, -19.07962941125, -0.7276363395277, 0, 457.0939040887, -37.54861106739, 484.6454280848, 5.227462403837, -5143.828531928, -2645.430236822, -2177.456054974, -634.5112823096, 6416.590841288, 4387.57840559, 2658.594387063, 990.6917024982, 6, 3.503886622801, 3.539562247848, 0.09531880502547, -0, -0, -0, -0, -0, -2.831782675003, 0, 0, 0, 0, 0, -2.8317865969, -2.285343920513, -1.893122691941, -1.971018977665, -2.017839579189, 58.14691441257, 57.84884537226, 58.09466490021, 57.81724161519, 118.021117673, -5.298977143637, -5.827779492846, -102.9864649882, 1, 119.9043773454, 120, 119.9071685705, 118.0639503521, 115.1536728309, 117.9764380657, 115.0782851518, 118.021117673, 118.065626488, 115.1541991012, 134.6748910856, 117.9780508785, 115.0788738172, -2.492238611759, 0, -7.791393926054, -2.874864156638, -8.319538074279, -2.901279047707, 4.377870793849, 4.506915452514, 2.707972488483, 2.834158409295, 3.539562247848, 4.390120567733, 4.517395169675, 1.180043282604, 2.71900158803, 2.845773703917, -0, -0, -5.551115123126e-17, 5.551115123126e-17, -0.006979260765503, 0.3098108858127, 0.317455073503, 0, 0.3238881304288, 0.3300985720977
3.575, 6.042746537701, 2.768817802903, 6.619520968894, 2.861962845327, -19.81336170273, -0.7410501127461, 0, 476.5805315864, -35.33298142493, 499.7410409481, 4.459660461827, -5185.163230191, -2810.207420525, -2148.829559152, -641.0387533242, 6443.43376057, 4426.558496039, 2625.485694445, 952.5303487028, 6, 3.503361467761, 3.508374277018, 0.1025545103061, -0, -0, -0, -0, -0, -2.899675244331, 0, 0, 0, 0, 0, -2.899679893285, -2.344683176529, -1.952905282057, -2.016495083871, -2.056443794873, 58.55963117046, 58.2596177662, 58.50641822445, 58.22137782128, 118.8528391201, -5.384580688542, -5.934602857812, -104.4914465634, 1, 119.8676827865, 120, 119.8706451656, 118.9029047972, 115.9938207307, 118.8009376718, 115.9042070312, 118.8528391201, 118.9047494366, 115.9944560924, 135.5015398376, 118.8027052823, 115.9049115081, -2.979769457422, 0, -8.364415494091, -3.366655679608, -8.913742000554, -3.405995061097, 4.346297696951, 4.500110856093, 2.677343103194, 2.828227467614, 3.508374277018, 4.358843481966, 4.510911378232, 0.9806887244404, 2.688613142578, 2.840064241949, -0, -5.551115123126e-17, 5.551115123126e-17, -0, -0.006926721701964, 0.3096978384924, 0.3172985887334, 0, 0.3240026448204, 0.330232962487
3.6, 6.223904912572, 2.992121706668, 6.81586070634, 3.103788532826, -20.36237978464, -0.7529941086017, 0, 493.2515880763, -33.19393997369, 513.3197191533, 3.776143391876, -5209.363599652, -2961.46858796, -2127.667583854, -649.2275285222, 6462.537147292, 4456.058948251, 2602.555344973, 922.62225151, 6, 3.501288646499, 3.472402748935, 0.1101189337598, -0, -0, -0, -0, -0, -2.963869811349, 0, 0, 0, 0, 0, -2.963875290284, -2.403213887994, -2.009392740286, -2.06490085636, -2.091834699991, 58.97240178593, 58.67036000974, 58.91860752734, 58.62523968562, 119.6841157693, -5.394725684478, -5.957418777638, -104.453068413, 1, 119.8283733548, 120, 119.8315180778, 119.7415653686, 116.8340155676, 119.6248886919, 116.729721168, 119.6841157693, 119.7435707526, 116.8347674602, 136.327382169, 119.6268051399, 116.7305474538, -3.48339688097, 0, -8.877996779177, -3.874238779049, -9.439990832272, -3.926791947903, 4.30985878475, 4.489248211413, 2.641952994164, 2.81839004079, 3.472402748935, 4.322697154037, 4.500350932328, 0.7962913564167, 2.653479383951, 2.830427486427, -0, -0, -5.551115123126e-17, -0, -0.006881735502241, 0.3096135043128, 0.3171777593448, 0, 0.3240783968598, 0.33033709813
3.625, 6.355568389949, 3.212666286142, 6.954910527994, 3.342560638377, -20.74360730485, -0.7628306721304, 0, 509.226172286, -31.26442891434, 526.0823564019, 3.149870457686, -5225.576343938, -3086.570561425, -2111.506101045, -655.6582235288, 6475.662266017, 4479.637980812, 2587.008113669, 899.7734338895, 6, 3.497081228138, 3.431665667677, 0.1178233666156, -0, -0, -0, -0, -0, -3.023813287815, 0, 0, 0, 0, 0, -3.023819687326, -2.459981741336, -2.062103905162, -2.114802774018, -2.123826528084, 59.38520189191, 59.08103292918, 59.33116750757, 59.02884856422, 120.5149177656, -5.343509699944, -5.911634345589, -102.8579543993, 1, 119.7867498075, 120, 119.7900317069, 120.5798516503, 117.6741635812, 120.4483041154, 117.554867028, 120.5149177656, 120.5820103351, 117.6750380717, 137.1524221693, 120.450363833, 117.5558196527, -3.998634060674, 0, -9.34175666326, -4.392984901188, -9.909209699436, -4.45889385803, 4.268573129607, 4.474114937341, 2.601826247391, 2.804432493748, 3.431665667677, 4.281695458497, 4.485498175546, 0.6285494400929, 2.613616706845, 2.816648784518, -0, -0, -5.551115123126e-17, 5.551115123126e-17, -0.006843031253257, 0.3095515488363, 0.3170794629181, 0, 0.3241260697341, 0.3304155077753
3.65, 6.385971182138, 3.429054433481, 6.979840853302, 3.576511315382, -20.98108658655, -0.7715199473226, 0, 525.7493751305, -29.57735072103, 540.415617501, 2.540112082092, -5231.636914502, -3201.692523962, -2098.128003599, -662.928059872, 6483.594865594, 4499.166157411, 2575.624168657, 883.4242069362, 6, 3.488323833405, 3.386179829514, 0.1253555695354, -0, -0, -0, -0, -0, -3.079036067661, 0, 0, 0, 0, 0, -3.079043444087, -2.516304888483, -2.111092086323, -2.16986284248, -2.152485783775, 59.79799258581, 59.49160237921, 59.74409803492, 59.43222318633, 121.3452202698, -5.182481756058, -5.743421726752, -99.68335099495, 1, 119.7435273729, 120, 119.7469117083, 121.4176282452, 118.5141805157, 121.2712912146, 118.3796734627, 121.3452202698, 121.4199207723, 118.5151824967, 137.9767357848, 121.2734796264, 118.3807556226, -4.5216330974, 0, -9.703361660284, -4.919033719435, -10.26370864241, -4.998164613157, 4.222459261747, 4.454527169645, 2.556938694331, 2.786169932128, 3.386179829514, 4.235866361513, 4.466169326776, 0.4791109121295, 2.56902425568, 2.798543641661, -0, -0, -0, -0, -0.006806140903635, 0.3095087556147, 0.3169967687427, 0, 0.324156865043, 0.3304702988553
3.675, 6.339008034653, 3.638721949686, 6.919172669531, 3.80271212453, -21.08694471629, -0.7782338446892, 0, 543.3294333131, -28.23997114614, 556.1599405816, 1.869095180957, -5228.254581155, -3293.826181669, -2087.270006451, -671.6512967859, 6485.44042374, 4516.163609836, 2567.771911935, 874.1242413968, 6, 3.471274002878, 3.335962966504, 0.1323640770001, -0, -0, -0, -0, -0, -3.129179949973, 0, 0, 0, 0, 0, -3.129188308478, -2.571032227195, -2.155624643424, -2.227136407069, -2.177797706195, 60.21079222914, 59.90203998408, 60.15733881519, 59.83538072573, 122.1750061874, -4.938800753072, -5.483940400116, -94.89978327519, 1, 119.6997341043, 120, 119.7032142202, 122.2548551179, 119.3539901348, 122.0938383692, 119.2041664966, 122.1750061874, 122.2572650799, 119.3551229042, 138.8004526069, 122.096142598, 119.2053800333, -5.048881866001, 0, -9.986484032971, -5.448890347534, -10.53114415883, -5.540868052643, 4.171538306549, 4.430326674179, 2.507325424101, 2.763435647294, 3.335962966504, 4.185224758888, 4.442201958364, 0.3496136581969, 2.519720325586, 2.775945174864, -5.551115123126e-17, -0, -0, -5.551115123126e-17, -0.00676510577952, 0.3094887429889, 0.316924212348, 0, 0.3241737030893, 0.3304994556287
3.7, 6.208817762939, 3.840250381543, 6.76757666912, 4.01939609692, -21.0762331177, -0.7837973657978, 0, 562.2189928813, -27.2114594526, 573.7976334843, 1.117561496184, -5215.604060233, -3377.941672816, -2076.583869986, -681.5902720101, 6481.950757922, 4531.320793822, 2561.351559724, 870.5304341885, 6, 3.442173233771, 3.28103175982, 0.1385421164484, -0, -0, -0, -0, -0, -3.174214000243, 0, 0, 0, 0, 0, -3.174223289271, -2.624450010671, -2.195882364597, -2.286368373013, -2.200057178357, 60.62360413317, 60.31232348911, 60.57086177079, 60.23833812189, 123.0042649412, -4.609772567096, -5.131513339276, -88.46796052291, 1, 119.6564193323, 120, 119.6599739973, 123.0914723122, 120.1935254858, 122.9159814691, 120.0283679288, 123.0042649412, 123.0939808933, 120.1947911665, 139.6237057742, 122.918386116, 120.0297135882, -5.577305609384, 0, -10.18535774932, -5.979569298746, -10.70676188932, -6.083694514484, 4.115830641519, 4.401373328152, 2.452998548329, 2.736083032683, 3.28103175982, 4.129793221491, 4.413456921933, 0.2417002501243, 2.465716555457, 2.748708689037, -0, -0, -0, -0, -0.006713980435176, 0.3094886595606, 0.316859237189, 0, 0.3241844340346, 0.3305079477516
3.725, 5.988825152205, 4.031620221814, 6.520097296562, 4.224264296704, -20.95220915902, -0.7872878864298, 0, 582.2678976786, -26.43972856903, 593.7349589109, 0.2228776541883, -5190.522803817, -3445.314060408, -2064.568486861, -693.1255526287, 6473.357092497, 4545.112592817, 2555.947079773, 871.848552035, 6, 3.397277559889, 3.221407621131, 0.1436743596198, -0, -0, -0, -0, -0, -3.214083048242, 0, 0, 0, 0, 0, -3.214093163976, -2.676954179666, -2.231468857029, -2.347155203057, -2.219425970777, 61.0364277593, 60.72243692089, 60.98463270679, 60.64111291709, 123.8329929418, -4.191150799126, -4.683410037065, -80.35139789706, 1, 119.6147804937, 120, 119.6183989738, 123.927427979, 121.0327247611, 123.7377634823, 120.8522998978, 123.8329929418, 123.9300136837, 121.0341239528, 140.4466594659, 123.7402499843, 120.8537773243, -6.103987701841, 0, -10.29281689148, -6.508199211798, -10.78490610539, -6.623555525767, 4.055361863806, 4.367545616006, 2.393974774037, 2.703978104764, 3.221407621131, 4.069600224334, 4.379810558349, 0.1568870784919, 2.407028155766, 2.716701313863, 5.551115123126e-17, -0, -0, -0, -0.00664809460506, 0.3095075607782, 0.3168002069647, 0, 0.3241906686606, 0.3304987219398
3.75, 5.696671685774, 4.214103460223, 6.187284467863, 4.418315239986, -20.69807702976, -0.7832791981933, 0, 602.8036335317, -25.33319685799, 597.8507793166, -0.8330380830748, -5149.219971085, -3497.650965599, -1971.025401068, -710.2182617775, 6459.559379122, 4548.123589567, 2453.534000979, 882.4953761606, 6, 3.332857624744, 3.157151968273, 0.148688061717, -0, -0, -0, -0, -0, -3.245737198143, 0, 0, 0, 0, 0, -3.245748139128, -2.725346709327, -2.259815791992, -2.412827974435, -2.233483971525, 61.44926278718, 61.13236690457, 61.39861984744, 61.04372423504, 124.6611878738, -3.697621260159, -4.151104143422, -70.66530901456, 1, 119.5757983918, 120, 119.5795270754, 124.7627002222, 121.8715272445, 124.5592105507, 121.6759854159, 124.6611878738, 124.7653401169, 121.8730575834, 141.2694555231, 124.5617670752, 121.6775911891, -6.626078643757, 0, -10.3206579606, -7.031754259939, -10.77416290539, -7.15719982635, 3.990196836426, 4.328761637366, 2.330265703588, 2.66702659033, 3.157151968273, 4.004693525431, 4.341168398344, 0.09421120346144, 2.343700385648, 2.679814409481, -0, -0, 5.551115123126e-17, -0, -0.006609350490556, 0.3095466536184, 0.3167828344616, 0, 0.3245570243708, 0.3304558724936
3.775, 5.327909618525, 4.382732136275, 5.780184776111, 4.595883957026, -20.27223383761, -0.7768096984837, 0, 624.4224132076, -24.1456578372, 615.8508170265, -2.338442764562, -5078.081990591, -3526.905497858, -1884.344472861, -738.8307451186, 6435.917792934, 4531.179149925, 2369.000033276, 909.5064736721, 6, 3.245388762848, 3.088393636831, 0.1543596015551, -0, -0, -0, -0, -0, -3.264981510731, 0, 0, 0, 0, 0, -3.264993372366, -2.765974823167, -2.277324169279, -2.47285681993, -2.239009372424, 61.86208083716, 61.54209851773, 61.81299953466, 61.4461940843, 125.4888638266, -3.125760052385, -3.538361998557, -59.68194056602, 1, 119.5405143246, 120, 119.5445539843, 125.5972480029, 122.7098598169, 125.3803990164, 122.4994647592, 125.4888638266, 125.5999127976, 122.7115145023, 142.0922741022, 125.38299764, 122.5011909182, -7.139707474801, 0, -10.26153917461, -7.546061550501, -10.67436393123, -7.680170563104, 3.920469929631, 4.284960067418, 2.262037666237, 2.625145493659, 3.088393636831, 3.935189506888, 4.297451045676, 0.05049222936939, 2.275824301965, 2.637945803324, -5.551115123126e-17, -0, -0, -0, -0.006637550279168, 0.3096242393249, 0.3168421752813, 0, 0.3248576496535, 0.3303539173299
3.8, 4.895294607645, 4.533110845555, 5.313251624487, 4.752142827199, -19.70108512093, -0.7711942368564, 0, 647.7628320711, -23.50258347411, 653.0251150701, -4.328395249119, -4969.135870681, -3527.160124596, -1863.9507352, -782.7158286043, 6403.036417145, 4491.444303065, 2377.322359909, 955.841208836, 6, 3.134334119107, 3.015273336307, 0.1615261483539, -0, -0, -0, -0, -0, -3.268187141265, 0, 0, 0, 0, 0, -3.268200142665, -2.794823225813, -2.281314572867, -2.518351245225, -2.233560698534, 62.27486857949, 61.95161695121, 62.22771161443, 61.84855057131, 126.3160487046, -2.494461224035, -2.870423494471, -47.67793334061, 1, 119.5111528757, 120, 119.5155495927, 126.4310656659, 123.5476526993, 126.2013856124, 123.3227850126, 126.3160487046, 126.4337252199, 123.5494203803, 142.9154305925, 126.2039906745, 123.3246190532, -7.640875689172, 0, -10.13033977907, -8.046706830887, -10.50672583301, -8.18769381488, 3.846330843285, 4.236087845128, 2.189464951231, 2.578253832696, 3.015273336307, 3.861215836506, 4.248591581324, 0.02248363893056, 2.203511406183, 2.591000585146, 5.551115123126e-17, -0, -0, -0, -0.006780754638235, 0.3097392140699, 0.3169894438143, 0, 0.3248153840479, 0.3301823846786
3.825, 4.398778528557, 4.65895124807, 4.788821606394, 4.880458971572, -19.00332148554, -0.7652315072595, 0, 670.520239857, -23.41388761522, 699.1553242171, -6.880563249601, -4808.80822306, -3516.183757602, -1897.965868162, -833.4101076738, 6368.227773421, 4443.971641347, 2469.899805583, 1012.993944314, 6, 3.001500249628, 2.937867580414, 0.1697610384062, -0, -0, -0, -0, -0, -3.256999469543, 0, 0, 0, 0, 0, -3.257013781144, -2.813452130794, -2.274316948987, -2.54987386894, -2.219166880579, 62.68759130913, 62.36091942875, 62.64239379025, 62.25082885231, 127.1427862145, -1.811245854348, -2.157220806549, -34.9138452216, 1, 119.4894711952, 120, 119.4941134967, 127.2641514074, 124.3848551201, 127.0222429647, 124.1459913576, 127.1427862145, 127.2667776908, 124.3867235535, 143.7391908668, 127.0248210373, 124.1479201935, -8.12620932865, 0, -9.931247595462, -8.530214531156, -10.27784686903, -8.675939281644, 3.76786890414, 4.182062123005, 2.112622977615, 2.526243195789, 2.937867580414, 3.782868526057, 4.194519162526, 0.006955663049262, 2.126840440502, 2.53888369411, -0, -0, -0, -0, -0.00703814805845, 0.3098640078543, 0.3171679810001, 0, 0.3244623789172, 0.3299725129322
3.85, 3.849576291502, 4.755665683567, 4.220075795785, 4.976006799101, -18.15649864758, -0.7549133646966, 0, 690.2547285149, -23.56113520625, 738.726185734, -10.01688571274, -4571.994430033, -3510.708661096, -1945.853938874, -881.6810558454, 6337.458471357, 4412.486498193, 2607.440698704, 1067.937177941, 6, 2.848744256009, 2.856215271607, 0.1772149406765, -0, -0, -0, -0, -0, -3.237553866625, 0, 0, 0, 0, 0, -3.237569369302, -2.827499643294, -2.262014830296, -2.571994083264, -2.201416718278, 63.10019212048, 62.77001424347, 63.05656863638, 62.65307349599, 127.9691341563, -1.090414554315, -1.415309184024, -21.65097628698, 1, 119.4764514311, 120, 119.4811002395, 128.0965156303, 125.2214220287, 127.8430390771, 124.9691328532, 127.9691341563, 128.0990885812, 125.2233812088, 144.5637314118, 127.8455661616, 124.9711468758, -8.592253236819, 0, -9.675219822045, -8.993517503944, -10.00093716427, -9.141647860341, 3.685140039889, 4.122767971817, 2.031550540474, 2.468970208136, 2.856215271607, 3.700231720567, 4.135146812727, 0.0006806971714207, 2.045880977656, 2.481485908923, -0, -5.551115123126e-17, -0, -0, -0.007345935630072, 0.3099749361143, 0.3172880686232, 0, 0.3239440809914, 0.3297715976766
3.875, 3.269575968734, 4.819989188976, 3.630040786891, 5.035197447694, -17.08039378116, -0.7345335179713, 0, 704.5631691369, -23.24164070935, 760.0164239218, -13.7788156445, -4229.555617698, -3515.742598183, -1952.857811991, -922.0483137539, 6307.766012297, 4407.261730373, 2742.837617431, 1114.417974943, 6, 2.677910092662, 2.770406427068, 0.181600910505, -0, -0, -0, -0, -0, -3.215701788244, 0, 0, 0, 0, 0, -3.215717957674, -2.842111104754, -2.24836414859, -2.589152171969, -2.184997938719, 63.51259087159, 63.17891060065, 63.4698880204, 63.05534095749, 128.7951611931, -0.3507717031762, -0.6649474397738, -8.20690802272, 1, 119.4720830882, 120, 119.4764804857, 128.9281648262, 126.0572886872, 128.6638642108, 125.7922730225, 128.7951611931, 128.9306728176, 126.0593304183, 145.3891168161, 128.6663263872, 125.7943660809, -9.034257416687, 0, -9.376439616232, -9.432640067732, -9.691635130136, -9.580783904099, 3.598255477616, 4.058086660066, 1.946332770239, 2.406280747234, 2.770406427068, 3.61344378291, 4.070376304715, 0, 1.960749768729, 2.418680941798, -0, -0, -0, -0, -0.007607103080094, 0.3100816783294, 0.317310525972, 0, 0.3234350121518, 0.3296019070874
3.9, 2.695914908026, 4.847213025887, 3.055497608299, 5.052905172772, -15.65522041498, -0.7028869408547, 0, 708.0920502615, -21.78321373847, 761.9982705207, -18.33411463827, -3798.38079729, -3525.824292483, -1885.002395935, -957.6518694731, 6264.432318154, 4415.352307478, 2849.359527285, 1156.685944971, 6, 2.490828700408, 2.680676552554, 0.181306268898, -0, -0, -0, -0, -0, -3.192467126777, 0, 0, 0, 0, 0, -3.192483127087, -2.856966542506, -2.23252394531, -2.600867148052, -2.170124918469, 63.92470069279, 63.58760413565, 63.88226075917, 63.45770168796, 129.6209474757, 0.3756243756963, 0.06161271258129, 4.964661054052, 1, 119.4757906766, 120, 119.4797588924, 129.7590996404, 126.8923409052, 129.4848435527, 126.6154998182, 129.6209474757, 129.7615375871, 126.8944549686, 146.215358433, 129.4872338612, 126.6176648049, -9.444940355343, 0, -9.059804745196, -9.840944983082, -9.375031233707, -9.986722526294, 3.507476976515, 3.987924729914, 1.857197152597, 2.338031962779, 2.680676552554, 3.522766261792, 4.000111919486, 0, 1.871674988349, 2.35032687215, -0, -0, -5.551115123126e-17, -0, -0.007731479176268, 0.310239168529, 0.3172837922493, 0, 0.3230349545688, 0.3294475572053
3.925, 2.153244491351, 4.829709483881, 2.51772468226, 5.021433789429, -13.79665817815, -0.6615095555142, 0, 714.0726575181, -19.28501188331, 748.3620222114, -23.83150779583, -3318.462586639, -3518.148275971, -1737.799944553, -996.9307801154, 6188.280749, 4408.449554204, 2918.88568297, 1205.479973201, 6, 2.289390479138, 2.587427044942, 0.1761181728595, -0, -0, -0, -0, -0, -3.163077947433, 0, 0, 0, 0, 0, -3.16309290587, -2.86624344313, -2.209045782333, -2.602762676047, -2.152114618522, 64.33650081039, 63.9960671309, 64.29382587226, 63.86024275318, 130.446580952, 1.063959787327, 0.7416320515772, 17.61234748515, 1, 119.4872002187, 120, 119.490676298, 130.589291355, 127.7264034514, 130.3061696492, 127.4389213726, 130.446580952, 130.5916537857, 127.7285727859, 147.0425082157, 130.3084811542, 127.441144366, -9.814361043189, 0, -8.740258010378, -10.20850182139, -9.063988056217, -10.34967098017, 3.413238342894, 3.912227161355, 1.764514689667, 2.264100243625, 2.587427044942, 3.428604678827, 3.924273558868, 0, 1.7790042082, 2.276272592211, -0, -0, -0, -0, -0.007671518639456, 0.3105204498381, 0.3173145715504, 0, 0.3227753106093, 0.3292695263106
3.95, 1.663569614239, 4.757325393218, 2.036151780112, 4.930503642598, -11.40940296972, -0.6060845072576, 0, 711.9153401799, -15.61846307567, 737.466857599, -30.7619828678, -2714.205316767, -3469.857051442, -1536.003456032, -1048.967284518, 6066.303486156, 4358.452355024, 2970.581123423, 1272.574297616, 6, 2.076831120926, 2.491201963017, 0.1670843700051, -0, -0, -0, -0, -0, -3.118584122839, 0, 0, 0, 0, 0, -3.118597396312, -2.859982829346, -2.170470940661, -2.58690026521, -2.123236724627, 64.74790875224, 64.40425143352, 64.70487337895, 64.26307026329, 131.2721606227, 1.691755828875, 1.355644458208, 29.48240211217, 1, 119.5068009353, 120, 119.5098252567, 131.4186973873, 128.5592545634, 131.1280852532, 128.2626618044, 131.2721606227, 131.4209744992, 128.5614521816, 147.8707474639, 131.1303064428, 128.2649176743, -10.13060274413, 0, -8.428394901019, -10.52261236315, -8.766075584122, -10.65711125415, 3.31612997061, 3.830984553137, 1.668788847269, 2.184391180179, 2.491201963017, 3.33149783804, 3.842815778853, 0, 1.683193266734, 2.196379214452, -0, -0, -0, -0, -0.007434807133262, 0.3109767189071, 0.3175091632965, 0, 0.3225866635458, 0.3290255409186
3.975, 1.241748990067, 4.616775536156, 1.622415850813, 4.766878661496, -8.488620948748, -0.5471483249498, 0, 718.6360703798, -11.78205327879, 710.7516988188, -39.19063708022, -2099.490806079, -3361.351024092, -1334.178647726, -1119.382807512, 5892.998967123, 4250.077424332, 3058.607812623, 1366.102447561, 6, 1.857594952513, 2.39265986099, 0.1556666266059, -0, -0, -0, -0, -0, -3.049060995276, 0, 0, 0, 0, 0, -3.049072259297, -2.826848404257, -2.109818246697, -2.542978138855, -2.075751309751, 65.15892784423, 64.81209327443, 65.11562774068, 64.66631581919, 132.0978006689, 2.232956932465, 1.880240050296, 40.28275594265, 1, 119.5350857634, 120, 119.5376872622, 132.247271908, 129.3906385484, 131.9508650873, 129.0868610294, 132.0978006689, 132.2494498205, 129.3928268879, 148.7002572331, 131.952978467, 129.0891125586, -10.38009488373, 0, -8.136730995308, -10.76843374075, -8.491147963135, -10.89419756995, 3.216858001512, 3.744223925621, 1.570644322561, 2.098829779208, 2.39265986099, 3.23209080066, 3.755730039529, 0, 1.584800236855, 2.110528185114, -5.551115123126e-17, -0, -0, -0, -0.00706803940809, 0.3116315230081, 0.3179258339644, 0, 0.3222696071562, 0.3286867810679
4, 0.8776918915322, 4.395749877219, 1.262171155684, 4.518548618134, -5.134626692782, -0.4902272935865, 0, 723.6760332882, -8.87689200079, 696.8276194313, -48.37407172781, -1521.808368483, -3203.343300484, -1168.479196528, -1196.00894918, 5680.844045419, 4094.260484544, 3200.898922343, 1477.606151477, 6, 1.636170637359, 2.292411073439, 0.1429252453678, -0, -0, -0, -0, -0, -2.949646294118, 0, 0, 0, 0, 0, -2.949655479508, -2.761343780391, -2.025679664356, -2.467763723183, -2.007028808224, 65.56947604542, 65.21953203789, 65.52641533496, 65.07013552703, 132.9236053685, 2.678216070419, 2.310033347919, 49.75186782471, 1, 119.5731664235, 120, 119.5752647656, 133.0749602372, 130.2203227543, 132.7747800857, 129.9116369567, 132.9236053685, 133.0770217, 130.2224594285, 149.5312810303, 132.7767656819, 129.9138413944, -10.55074646983, 0, -7.862518261818, -10.93272922804, -8.232474799438, -11.04727017042, 3.116081381987, 3.651994114841, 1.470640308265, 2.007368623491, 2.292411073439, 3.1310092686, 3.663055673281, 0, 1.484364285865, 2.018659730256, -5.551115123126e-17, -5.551115123126e-17, 5.551115123126e-17, -0, -0.006633218805294, 0.3124396153285, 0.3185237338726, 0, 0.3217576738569, 0.3282850302556
4.025, 0.5493684687418, 4.085031625048, 0.9310221544162, 4.176807858522, -1.422310374846, -0.4306284789827, 0, 718.3266400144, -6.753650868293, 687.2335899901, -57.45566016262, -1002.342891602, -3007.334207668, -956.0471813012, -1260.025637428, 5457.197843853, 3923.100730485, 3377.503676843, 1588.907759512, 6, 1.417055058343, 2.190959170659, 0.1288699588165, -0, -0, -0, -0, -0, -2.822323975785, 0, 0, 0, 0, 0, -2.82233112054, -2.665688460034, -1.921628466286, -2.365737230655, -1.920602355998, 65.97955608424, 65.62652803183, 65.93735006235, 65.47469691183, 133.7496641298, 3.033095240823, 2.654044995833, 57.67615836612, 1, 119.621319597, 120, 119.6227420528, 133.9017061103, 131.0481261654, 133.6000706547, 130.7370865582, 133.7496641298, 133.9036328724, 131.0501704968, 150.3639338594, 133.6019104209, 130.7392043934, -10.6327785514, 0, -7.590388269721, -11.00524403943, -7.971212526002, -11.10544281108, 3.014344764366, 3.554351575831, 1.36922957128, 1.909981208165, 2.190959170659, 3.028803676682, 3.564863612427, 0, 1.382368083046, 1.920770479257, -5.551115123126e-17, -0, -0, -0, -0.006179953444382, 0.3132979362627, 0.3191819647729, 0, 0.3211234451134, 0.3278869389343
4.05, 0.2307134243723, 3.682982212126, 0.6025416557816, 3.741351034568, 2.566302887001, -0.3673940982513, 0, 719.7568147973, -5.439969854719, 646.4799212699, -65.58615820325, -524.9677849776, -2784.409354765, -705.0041766915, -1294.23962057, 5243.671027056, 3762.794251334, 3560.867414038, 1695.708066689, 6, 1.204757474531, 2.088773814749, 0.1127532759098, -0, -0, -0, -0, -0, -2.671093631756, 0, 0, 0, 0, 0, -2.671098807677, -2.544873595684, -1.800938234787, -2.24319130108, -1.820779459398, 66.38923421746, 66.03305889668, 66.34851174905, 65.8801632458, 134.5760544087, 3.314713509975, 2.93069940495, 63.87536093306, 1, 119.6787524812, 120, 119.6792951933, 134.7274520198, 131.8739201641, 134.4269509663, 131.5633060232, 134.5760544087, 134.7292248568, 131.8758350869, 151.1981787411, 134.4286287504, 131.5653033831, -10.6181744945, 0, -7.295165426932, -10.97828669682, -7.680875790715, -11.06057693142, 2.912145359792, 3.45140042366, 1.266835426802, 1.806713316022, 2.088773814749, 2.92599378897, 3.461271818393, 0, 1.279275857093, 1.816931153386, 5.551115123126e-17, -0, -5.551115123126e-17, -0, -0.005741498419261, 0.314123953626, 0.3198016775167, 0, 0.3204674170465, 0.3275072900809
4.075, -0.05912397152736, 3.191920026141, 0.2932622920717, 3.215852046149, 6.758433697798, -0.297665100091, 0, 716.5760242597, -4.703012049792, 622.3620593649, -73.12746230586, -68.62520703559, -2517.859066128, -417.8702406098, -1293.275319518, 5045.504541038, 3618.631345084, 3734.706376746, 1811.01339874, 6, 1.003750474709, 1.986331343724, 0.0939183533025, -0, -0, -0, -0, -0, -2.498193571937, 0, 0, 0, 0, 0, -2.4981969303, -2.39949695126, -1.663058327486, -2.102786246474, -1.709357441292, 66.79842856893, 66.43911378111, 66.76020719583, 66.2866795975, 135.4028362174, 3.499704427681, 3.120074815642, 68.20652925206, 1, 119.74401703, 120, 119.7435533998, 135.5521952335, 132.6976370261, 135.2555374576, 132.3903946244, 135.4028362174, 135.5538020297, 132.6993873764, 152.0338853007, 135.2570450256, 132.3922417107, -10.50099128448, 0, -6.994268340646, -10.84666063457, -7.375425347876, -10.90738574604, 2.809979160998, 3.343343978867, 1.163919313017, 1.697735961742, 1.986331343724, 2.823076297006, 3.352479211184, 0, 1.175566052971, 1.707321090612, -0, -0, -0, -0, -0.005344116366332, 0.3148971456843, 0.3203626441465, 0, 0.3198490003982, 0.3270968649848
4.1, -0.3151969257262, 2.619333222162, 0.007905756141721, 2.608726528394, 11.04047120182, -0.2208055866173, 0, 700.6381669608, -4.563977788762, 595.9062604408, -78.4090903579, 340.522843076, -2176.868153296, -106.5210418687, -1239.330938373, 4854.59149656, 3475.932900542, 3900.487906288, 1947.152169351, 6, 0.8171979989718, 1.884142504348, 0.07236450175808, -0, -0, -0, -0, -0, -2.302438458612, 0, 0, 0, 0, 0, -2.302440295988, -2.227658128657, -1.503851073549, -1.943708285636, -1.584879053543, 67.20711954304, 66.84468866254, 67.17249279212, 66.69436947204, 136.2300571275, 3.579813164287, 3.215633448889, 70.56278672307, 1, 119.8147135957, 120, 119.813290623, 136.3759366676, 133.5192755572, 136.0859268677, 133.2184634381, 136.2300571275, 136.3773675211, 133.5208264148, 152.8707919363, 136.0872580951, 133.2201323375, -10.27739233254, 0, -6.692047250888, -10.60718355928, -7.057503859106, -10.64240599966, 2.708355097899, 3.230504809513, 1.060988979457, 1.583366071931, 1.884142504348, 2.720549980299, 3.238786001384, 0, 1.07174172807, 1.592247397446, 5.551115123126e-17, -0, -0, 5.551115123126e-17, -0.005015039605795, 0.3156471279612, 0.3209195265567, 0, 0.319262141864, 0.3266095142308
4.125, -0.5455338196796, 1.983321849593, -0.2594988960173, 1.93918673802, 15.17252444791, -0.1338789859212, 0, 687.0808765172, -5.562995786893, 562.3560823828, -79.45200951057, 662.2618267657, -1721.096519359, 225.6133490515, -1086.85625188, 4657.188001154, 3311.079355025, 4074.024046229, 2110.360574281, 6, 0.6469088238515, 1.782715166421, 0.04882493980997, -0, -0, -0, -0, -0, -2.079743972793, 0, 0, 0, 0, 0, -2.079744728248, -2.025498289773, -1.317326022591, -1.762159344237, -1.44302034065, 67.61537839721, 67.24979209901, 67.58538244767, 67.10330900751, 137.057738094, 3.559206286727, 3.221480248053, 70.91815300177, 1, 119.8872809935, 120, 119.8851122067, 137.1987040573, 134.3389385213, 136.9181485824, 134.0476114084, 137.057738094, 137.1999485282, 134.3402556845, 153.7084481227, 136.9192963257, 134.0490751008, -9.947947441609, 0, -6.384782903728, -10.26068997165, -6.723483422721, -10.26620897313, 2.60775445518, 3.113393047259, 0.9585680480315, 1.464151406787, 1.782715166421, 2.618875827041, 3.120669301838, 0, 0.9683038820832, 1.472232674925, -0, -0, -0, -0, -0.004785402391072, 0.3164246061104, 0.3215602164352, 0, 0.318647653958, 0.3260220938296
4.15, -0.7693520318204, 1.310142924799, -0.5258519492129, 1.234741627901, 18.87570689832, -0.04040248469868, 0, 669.4743114647, -7.015613998579, 538.2730988707, -75.02259828284, 936.4596639666, -1240.827579432, 566.3759341918, -825.7002202018, 4441.789174847, 3106.900175101, 4270.661471218, 2306.68245148, 6, 0.4946407250444, 1.682501436186, 0.02428073807482, -0, -0, -0, -0, -0, -1.824662165061, 0, 0, 0, 0, 0, -1.824662328961, -1.789327301862, -1.101488303128, -1.553602882239, -1.279311935465, 68.02320376781, 67.65446314502, 67.9989269792, 67.51348282627, 137.8858722019, 3.46065072462, 3.158429406653, 69.37911229149, 1, 119.9578988175, 120, 119.9552371194, 138.0205759145, 135.1568774095, 137.7521320191, 134.8779011753, 137.8858722019, 138.0216217687, 135.1579338634, 154.5463218018, 137.7530872751, 134.8791360193, -9.520186769372, 0, -6.057085998207, -9.814405382045, -6.359969207447, -9.786390969138, 2.508577343641, 2.992752024706, 0.8571409729978, 1.340945480757, 1.682501436186, 2.518433507769, 2.998859085623, 0, 0.8657113224896, 1.348104602548, -0, -0, -0, -0, -0.004685576128498, 0.317271380903, 0.3223475122974, 0, 0.3179477747036, 0.3253118671651
4.175, -0.9462232034309, 0.6200320151303, -0.7513879291208, 0.5153052221993, 21.97864436134, 0.05488865508388, 0, 647.7369123789, -8.585766333402, 517.678541759, -62.51601886122, 1119.132905198, -683.4282087066, 896.7192612908, -513.7683715346, 4206.711320002, 2867.451237306, 4486.96514479, 2533.134541194, 6, 0.3621595099227, 1.58387523251, -0.000484307768414, -0, -0, -0, -0, -0, -1.534023763521, 0, 0, 0, 0, 0, -1.534023763576, -1.514052175882, -0.853951026534, -1.314096685656, -1.093851174509, 68.43065780179, 68.05877037751, 68.41298783372, 67.92476661892, 138.7144325536, 3.247788032144, 2.992164118742, 66.15730280218, 1, 120.0225946155, 120, 120.0196890041, 138.8417587705, 135.9734602862, 138.5876291609, 135.7093567113, 138.7144325536, 138.8426025631, 135.9742373278, 155.3838338042, 138.5883914676, 135.710348968, -9.007031560504, 0, -5.758121004466, -9.280403502565, -6.014112351306, -9.215793886785, 2.411141704994, 2.869522759634, 0.75714687109, 1.214794950976, 1.58387523251, 2.419509517947, 2.874278067762, 0, 0.7643825906949, 1.220910646675, -0, -5.551115123126e-17, -0, 5.551115123126e-17, -0.004740511346499, 0.3181921882733, 0.3232646472613, 0, 0.317174153114, 0.3244888619506
4.2, -1.119645813079, -0.05163960885152, -0.9727128001408, -0.1831368192352, 24.20498246142, 0.1568518356215, 0, 612.7165143559, -11.49107738385, 499.5156748764, -52.10732638522, 1244.515679433, -135.83129271, 1226.414023089, -36.13804765389, 3963.229167664, 2606.419272912, 4710.994627822, 2781.658860762, 6, 0.2512360100656, 1.487093640214, -0.02506986505912, -0, -0, -0, -0, -0, -1.208392660198, 0, 0, 0, 0, 0, -1.208392775889, -1.204437178916, -0.5788049399234, -1.045450551098, -0.8850971834388, 68.83783325624, 68.46280036143, 68.82741697614, 68.33691433611, 139.5433735906, 2.97447025886, 2.770666082201, 61.57518552759, 1, 120.0772143531, 120, 120.074305715, 139.6624150879, 136.789156402, 139.4244105668, 136.5419496893, 139.5433735906, 139.6630526392, 136.789650569, 156.2203604954, 139.424979587, 136.5426948969, -8.426965844787, 0, -5.452365179161, -8.676458589924, -5.656307056886, -8.57302974292, 2.315619136248, 2.744777824941, 0.6588971654855, 1.08696198444, 1.487093640214, 2.322298561702, 2.748016119406, 0, 0.6646423401408, 1.09190517646, -5.551115123126e-17, -0, -0, -0, -0.004967438046915, 0.319141304363, 0.3242580087478, 0, 0.3163689890991, 0.3235820628272
4.225, -1.287374484962, -0.6732016715925, -1.183633834199, -0.829301653964, 25.42120111004, 0.2588379127909, 0, 586.0613959269, -15.06379654392, 478.9129218366, -38.93792198314, 1331.992152531, 335.5460043054, 1554.747421775, 557.1582595317, 3719.289876306, 2340.450712856, 4945.977010736, 3067.558819404, 6, 0.1635660376541, 1.3923329876, -0.04874955592783, -0, -0, -0, -0, -0, -0.849947710259, 0, 0, 0, 0, 0, -0.8499480179327, -0.8642460035296, -0.2815498482121, -0.748458982098, -0.6547730994565, 69.24496641446, 68.86665933324, 69.24204243667, 68.74966337263, 140.3726346442, 2.65861602573, 2.507295250076, 56.06254722423, 1, 120.1186813634, 120, 120.1159830467, 140.4828171272, 137.6045191221, 140.2621021409, 137.3755722581, 140.3726346442, 140.4832501938, 137.6047422811, 157.0554100674, 140.262482669, 137.3760778385, -7.8039191833, 0, -5.145735748978, -8.025783000135, -5.297050450658, -7.883572826099, 2.222103393606, 2.619784945052, 0.5626495484901, 0.9588991669937, 1.3923329876, 2.226912451848, 2.621367636124, 0, 0.5667538143625, 0.9625503778096, -0, -0, -5.551115123126e-17, -5.551115123126e-17, -0.005380340187621, 0.3200856354746, 0.3252630478297, 0, 0.3155179393816, 0.3225328227918
4.25, -1.456155183862, -1.220152315566, -1.387533331575, -1.400899141349, 25.61245924983, 0.3561539575482, 0, 561.0786621076, -17.98979284137, 471.0053822843, -27.87628282823, 1388.333516364, 717.7321539835, 1886.94508489, 1198.691141716, 3482.061534112, 2082.973672341, 5196.465253225, 3368.856480999, 6, 0.09858198138455, 1.299709364379, -0.07039007499602, -0, -0, -0, -0, -0, -0.4635522055122, 0, 0, 0, 0, 0, -0.4635525553414, -0.5002749346909, 0.03197493727513, -0.4263468703803, -0.4095530039385, 69.65219105457, 69.27045960381, 69.65677293107, 69.16274280503, 141.2021551679, 2.330124014889, 2.226904911263, 50.08911177174, 1, 120.1462597602, 120, 120.1439115659, 141.3032508907, 138.4201065407, 141.1003184146, 138.2100527383, 141.2021551679, 141.3034870851, 138.420083238, 157.888809552, 141.1005198943, 138.2103396527, -7.163660698235, 0, -4.834061597822, -7.353808124758, -4.937217141505, -7.173656274262, 2.130634200848, 2.495874778521, 0.4685932050198, 0.8320756203783, 1.299709364379, 2.133427052353, 2.495694218786, 0, 0.4709255610299, 0.8343552105244, -0, -0, -0, -0, -0.005986623624853, 0.3209949966642, 0.3262276593777, 0, 0.3146014942079, 0.3214214283725
4.275, -1.623111636109, -1.6862015516, -1.580022424207, -1.891567379221, 24.95978728097, 0.4314364872545, 0, 540.4226569041, -20.52248888125, 465.7164014317, -21.49250180133, 1432.148595309, 866.888265587, 2210.345793527, 1772.013800339, 3260.068205529, 1844.897436933, 5452.565150416, 3650.822691761, 6, 0.05312695389887, 1.209294155681, -0.08850581318751, -0, -0, -0, -0, -0, -0.05786449880007, 0, 0, 0, 0, 0, -0.05786456783694, -0.1218447352654, 0.3497825830989, -0.08589062151561, -0.1606218001958, 70.05964370832, 69.674295593, 70.0714295977, 69.57590117245, 142.0318855554, 2.009013604512, 1.94585743337, 44.09520708831, 1, 120.1613010226, 120, 120.1593559667, 142.124002096, 139.2364011562, 141.938695286, 139.0451880807, 142.0318855554, 142.1240560482, 139.2361687068, 158.7206849952, 141.9387328673, 139.0452892503, -6.530139412304, 0, -4.521308332991, -6.684393661005, -4.584410408884, -6.467734069488, 2.041229986607, 2.374249508528, 0.3768566937637, 0.7078095629602, 1.209294155681, 2.041912269137, 2.372266098675, 0, 0.3773253807989, 0.708701985251, -5.551115123126e-17, -0, -5.551115123126e-17, -0, -0.006783967352641, 0.3218348386641, 0.3271099586675, 0, 0.3136542552218, 0.3203762683572
4.3, -1.789572729918, -2.081606315538, -1.761116718957, -2.308556599022, 23.78186904499, 0.4925926770138, 0, 524.9367914968, -21.86518363672, 462.8518188864, -17.6781093426, 1474.079013241, 911.8416127426, 2530.843453659, 2248.516596449, 3068.031598914, 1647.629331385, 5695.795357209, 3904.077137636, 6, 0.02389335010341, 1.1211317285, -0.1014578799348, -0, -0, -0, -0, -0, 0.3527544583967, 0, 0, 0, 0, 0, 0.3527550114601, 0.256956340158, 0.6621922491576, 0.2608875143186, 0.08344843294214, 70.46743766585, 70.07823838148, 70.48587236396, 69.98895205922, 142.8617898317, 1.714161860076, 1.6802004424, 38.39045850273, 1, 120.165850587, 120, 120.164360525, 142.9452681579, 140.053715331, 142.7769832093, 139.8807924099, 142.8617898317, 142.9451620764, 140.0533169807, 159.551284349, 142.7768779373, 139.8807455137, -5.920131050207, 0, -4.205496278931, -6.034776276362, -4.239450390427, -5.785285623626, 1.953911179261, 2.255809888834, 0.2875205978959, 0.5870580143737, 1.1211317285, 1.95246851852, 2.25204184138, 0, 0.286100453777, 0.5865951466588, 5.551115123126e-17, -0, -0, 5.551115123126e-17, -0.007758320091448, 0.3225488771853, 0.3278302332942, 0, 0.3127437901689, 0.3194322091964
4.325, -1.959909562596, -2.416642935627, -1.935630458141, -2.662100827466, 22.32862209506, 0.5384714079793, 0, 515.6780627072, -21.75274872954, 462.0506080158, -15.71161169972, 1502.108504614, 913.073700253, 2816.399016903, 2594.799189467, 2921.714345483, 1491.925832926, 5913.675736094, 4120.177383673, 6, 0.007566345897657, 1.035265436774, -0.1079380798133, -0, -0, -0, -0, -0, 0.7512341389479, 0, 0, 0, 0, 0, 0.7512354720854, 0.62027114295, 0.9584672247689, 0.5995908390154, 0.3125342699231, 70.87563578171, 70.4823367762, 70.90003212114, 70.40177295662, 143.6918493188, 1.460278669541, 1.443758100462, 33.15426580677, 1, 120.1628601421, 120, 120.1618509513, 143.7671631325, 140.8722102409, 143.6150438507, 140.7167072194, 143.6918493188, 143.7669263411, 140.8716916506, 160.3809952843, 143.6148219212, 140.7165515362, -5.343358271627, 0, -3.881826119971, -5.41642553022, -3.898393440138, -5.139163820411, 1.868720345384, 2.141127646917, 0.2006452400802, 0.4704027514749, 1.035265436774, 1.865230651456, 2.135658270374, 0, 0.1973885144925, 0.4686717198719, -0, -0, -0, -0, -0.008882042438783, 0.3230791478617, 0.3283871593297, 0, 0.311916965538, 0.318621463551
4.35, -2.119845955756, -2.694952974708, -2.091050091607, -2.954083063043, 20.73865850404, 0.5770856560484, 0, 507.6099076221, -21.53025899978, 462.6290886288, -14.50427379649, 1539.259261747, 898.4098828603, 3080.979968605, 2864.338915144, 2831.315138216, 1373.274528881, 6099.100288639, 4293.839812581, 6, 0.0008261747772202, 0.9517430239679, -0.1069708448162, -0, -0, -0, -0, -0, 1.121153138447, 0, 0, 0, 0, 0, 1.121155092681, 0.9545402556376, 1.227535456517, 0.9167914356763, 0.5210301761486, 71.28427625393, 70.88661258013, 71.31387608515, 70.81428389065, 144.5220591292, 1.240727907586, 1.230573647937, 28.47614661324, 1, 120.1548222207, 120, 120.1544182786, 144.5897706239, 141.6919443812, 144.452794226, 141.5527979133, 144.5220591292, 144.5894358612, 141.6913504068, 161.210172779, 144.4524839335, 141.5525691681, -4.804734026008, 0, -3.562054105935, -4.836108084619, -3.572296106069, -4.537295152845, 1.785725190784, 2.030544463285, 0.1162875326, 0.3581932913685, 0.9517430239679, 1.780347457751, 2.023524072598, 0, 0.1113172264447, 0.3553107972837, 5.551115123126e-17, -0, -0, -0, -0.01011404984915, 0.3233905073603, 0.3288003654293, 0, 0.3112023198303, 0.3179650621037
4.375, -2.265601776688, -2.917905202991, -2.226147800985, -3.184623350374, 19.0938337392, 0.6085126329744, 0, 506.6026096131, -21.27044461904, 464.2719679913, -14.12682367705, 1584.998160431, 877.870249746, 3308.239583949, 3064.944599828, 2797.368850465, 1284.308643655, 6250.40948918, 4435.71052583, 6, 0, 0.8706520332973, -0.09812313643685, -0, -0, -0, -0, -0, 1.450497859244, 0, 0, 0, 0, 0, 1.450499986786, 1.249813741939, 1.460802191648, 1.201869612117, 0.7068881985992, 71.69338087552, 71.29107976743, 71.72741679807, 71.226430936, 145.3524276252, 1.056781970252, 1.043901713022, 24.39260972042, 1, 120.1441599383, 120, 120.1445069433, 145.4131333147, 142.5129217855, 145.2902119843, 142.3889429037, 145.3524276252, 145.4127335423, 142.5122929021, 162.0391647007, 145.2898413792, 142.3886707416, -4.306467558496, 0, -3.24729778902, -4.297423657708, -3.260285316771, -3.984827260206, 1.705036219571, 1.924302422294, 0.03452567681908, 0.2506605821996, 0.8706520332973, 1.697990133887, 1.915933508169, 0, 0.02801974816808, 0.24675361609, -5.551115123126e-17, -0, -0, -5.551115123126e-17, -0.01139595142389, 0.3234850804648, 0.3291008108657, 0, 0.3106092273334, 0.3174246814601
4.4, -2.393344124539, -3.087825421906, -2.339972812111, -3.356021631727, 17.45245583776, 0.6339935222907, 0, 508.5548057944, -21.06599878519, 468.4124757704, -14.66124373402, 1649.619125645, 857.6995940521, 3483.838569279, 3212.644804714, 2812.126102077, 1218.659786429, 6368.179122325, 4538.649620291, 6, 0, 0.7921120384, -0.08185327261714, -0, -0, -0, -0, -0, 1.732205611155, 0, 0, 0, 0, 0, 1.732207379345, 1.500524470015, 1.653025186202, 1.448119072361, 0.8689575691915, 72.10289856373, 71.69574802188, 72.1406848408, 71.6381838453, 146.1829760436, 0.9069739337893, 0.885023802799, 20.90599807006, 1, 120.1330345844, 120, 120.1341871496, 146.2372785962, 143.3351168758, 146.1273053872, 143.2250510988, 146.1829760436, 146.2368441511, 143.3344867507, 162.8682798143, 146.1269002943, 143.2247589263, -3.849059573595, 0, -2.939636463832, -3.801704681237, -2.961693378963, -3.483552073423, 1.626798331103, 1.822583371344, -0.04453958619138, 0.1479577575288, 0.7921120384, 1.61833809235, 1.813100649292, 0, -0.05236937617019, 0.1431581686146, -0, -0, -5.551115123126e-17, -0, -0.01264878629985, 0.3233960568588, 0.3293156590694, 0, 0.3101390531877, 0.3170282764582
4.425, -2.495939640556, -3.2079655365, -2.427658878552, -3.471226667683, 15.86315876811, 0.6530739982204, 0, 511.2738983432, -20.86492171077, 472.5774514281, -15.84480611492, 1723.958017426, 839.0176325359, 3617.396917211, 3299.162882129, 2861.013255969, 1171.817903257, 6453.090976804, 4593.432614262, 6, 0, 0.716267281928, -0.05963323931163, -0, -0, -0, -0, -0, 1.963849996644, 0, 0, 0, 0, 0, 1.963851060738, 1.705159616811, 1.802320888197, 1.652880971754, 1.006776881496, 72.5127575899, 72.1006243708, 72.55369432459, 72.04953695753, 147.0137355635, 0.7845305818438, 0.7497352200274, 17.9948751518, 1, 120.1229901642, 120, 120.1249205206, 147.0622276639, 144.1584869737, 146.9640981772, 144.0610648236, 147.0137355635, 147.0617836492, 144.1578814127, 163.6977523025, 146.9636801766, 144.0607702425, -3.43183834362, 0, -2.645192281721, -3.348624346381, -2.680080661226, -3.033013448654, 1.551179699369, 1.725526193263, -0.1207861120121, 0.05018415400455, 0.716267281928, 1.541569021573, 1.715176697084, 0, -0.1297157703254, 0.04462450547364, 5.551115123126e-17, 5.551115123126e-17, -5.551115123126e-17, -0, -0.01377610703178, 0.3231814042858, 0.3294644741666, 0, 0.3097923499909, 0.3168114104083
4.45, -2.573041179733, -3.283592029179, -2.490488019691, -3.535891365874, 14.37188608436, 0.6654300180011, 0, 512.9522109057, -20.75543021658, 476.0265592812, -17.7678128356, 1794.448575019, 825.7165718744, 3709.599601933, 3328.495054592, 2924.113400133, 1141.079656603, 6502.975996327, 4602.937401894, 6, 0, 0.6432790864666, -0.03395073566329, -0, -0, -0, -0, -0, 2.146857278556, 0, 0, 0, 0, 0, 2.146857655633, 1.865036743142, 1.910270600605, 1.816533647527, 1.122118303539, 72.92288573919, 72.50571332769, 72.9664665865, 72.46050527894, 147.8447437706, 0.6874413465855, 0.6382146315218, 15.61472097698, 1, 120.1149808199, 120, 120.1175306479, 147.8879774554, 144.9829733053, 147.8006377679, 144.8969591988, 147.8447437706, 147.8875437216, 144.9824102208, 164.5277341384, 147.8002243303, 144.8966743932, -3.052964195754, 0, -2.36406103964, -2.936432489765, -2.41336230639, -2.630972898763, 1.478361290756, 1.633222476179, -0.1940785483572, -0.04260873395309, 0.6432790864666, 1.467855212696, 1.62224517017, 0, -0.2038881911714, -0.0488067039907, -0, -0, -0, -5.551115123126e-17, -0.01467424685591, 0.3229179764956, 0.3295589880224, 0, 0.309579508228, 0.3167641018904
4.475, -2.625680218949, -3.319818068518, -2.530336158963, -3.557419712397, 12.99843382738, 0.6705325569989, 0, 512.8149819576, -20.76400600563, 478.4852438696, -20.04738736489, 1847.905022247, 819.6240036343, 3758.690076315, 3305.697136263, 2979.033800505, 1127.062554565, 6512.85110379, 4560.049157199, 6, 0, 0.5733079496141, -0.008154554959015, -0, -0, -0, -0, -0, 2.28563744171, 0, 0, 0, 0, 0, 2.285637464872, 1.983997653066, 1.981322410413, 1.942222537888, 1.215245867349, 73.33323477659, 72.91101824206, 73.3790275042, 72.87112448161, 148.6760402022, 0.6127806511247, 0.5490858279163, 13.70681916713, 1, 120.1094773443, 120, 120.1123112587, 148.7145117238, 145.8085070297, 148.6369784147, 145.732747983, 148.6760402022, 148.7141028054, 145.8079972355, 165.3583056548, 148.6365827797, 145.7324813537, -2.709839619071, 0, -2.096417372781, -2.562553124505, -2.160171466335, -2.272986765065, 1.408519606204, 1.545719315699, -0.2642797906056, -0.1304219170421, 0.5733079496141, 1.397348716934, 1.534328497649, 0, -0.2747685298399, -0.1371393862572, -0, -0, -0, -5.551115123126e-17, -0.01524897277479, 0.3226906445386, 0.3295973752524, 0, 0.3095203987408, 0.3169135935363
4.5, -2.65657405363, -3.32213202202, -2.549971741258, -3.542876392556, 11.75035982183, 0.6685579301287, 0, 510.9082385456, -20.92742564253, 480.0088088437, -21.83771261413, 1877.580445789, 823.7844737586, 3764.920141458, 3236.517087043, 3008.082228336, 1132.607073923, 6479.750605752, 4469.09897112, 6, 0, 0.50649306848, 0.01412194037375, -0, -0, -0, -0, -0, 2.386445453214, 0, 0, 0, 0, 0, 2.386445525744, 2.067371578013, 2.022049425527, 2.034969810253, 1.286951665894, 73.74378492763, 73.31654183112, 73.79140615495, 73.28144363366, 149.5076606744, 0.5577887729142, 0.4803751072466, 12.20822811756, 1, 120.1066720864, 120, 120.1094679115, 149.5418041792, 146.6350156901, 149.4731731541, 146.5684633315, 149.5076606744, 149.5414299145, 146.6345641048, 166.1895312176, 149.4728046712, 146.568220322, -2.399566177922, 0, -1.841932530959, -2.224212708561, -1.919398747285, -1.953995777602, 1.341805005616, 1.463024525721, -0.3312699035089, -0.2132956163872, 0.50649306848, 1.330167009868, 1.451397520137, 0, -0.3422653355898, -0.2204184656451, -0, 5.551115123126e-17, -0, -0, -0.0154358862001, 0.3225657175958, 0.3295685114312, 0, 0.3096264339819, 0.3172442125674
4.525, -2.669787237625, -3.294159892136, -2.55287707805, -3.497248295421, 10.6053807479, 0.6609070573107, 0, 507.7278860385, -21.31429381288, 480.9637962926, -23.11365981807, 1880.826556099, 839.2289150316, 3725.831033478, 3145.387440489, 3005.406871708, 1158.635571496, 6392.336859748, 4361.639851847, 6, 0, 0.4429396118174, 0.03000537641852, -0, -0, -0, -0, -0, 2.456655249555, 0, 0, 0, 0, 0, 2.456655586635, 2.121366396531, 2.040258887697, 2.100638632847, 1.341628493147, 74.15453827882, 73.72228665826, 74.20363299326, 73.69151021818, 150.3396291283, 0.5205261544043, 0.430219902469, 11.06039598824, 1, 120.1065811243, 120, 120.1090942591, 150.3698218931, 147.4624280106, 150.3092660115, 147.4041316172, 150.3396291283, 150.3694883581, 147.4620349981, 167.0214477754, 150.3089307431, 147.4039148451, -2.119365939423, 0, -1.599603147206, -1.918894392718, -1.689965595459, -1.669805348893, 1.278327782111, 1.385115546473, -0.3949561302166, -0.2912876679467, 0.4429396118174, 1.266384079965, 1.3733850728, 0, -0.406319612923, -0.2987236303923, -0, -0, -0, -0, -0.01522478481129, 0.3225645770256, 0.3294677370729, 0, 0.3099395727718, 0.3176381238353
4.55, -2.669336835589, -3.237213559671, -2.542588555293, -3.423003321871, 9.510815874556, 0.6493225341146, 0, 504.001242542, -21.97762505748, 482.056842163, -23.84951561239, 1863.262751742, 862.2780581955, 3643.514800577, 3053.758564026, 2977.82040585, 1200.429099033, 6254.815577841, 4269.583879414, 6, 0, 0.3827048833267, 0.03840772670793, -0, -0, -0, -0, -0, 2.503888358603, 0, 0, 0, 0, 0, 2.503888921532, 2.152573487593, 2.043693133537, 2.145653121809, 1.38443486346, 74.56550902156, 74.12825638978, 74.61573601482, 74.10136322802, 151.1719494203, 0.4991905819813, 0.3964813858531, 10.22441673393, 1, 120.1091982851, 120, 120.1113276071, 151.1985358449, 148.2906836985, 151.1452780393, 148.2397633837, 151.1719494203, 151.1982460372, 148.2903463623, 167.8540782547, 151.1449792448, 148.2395732952, -1.867356345582, 0, -1.3692662363, -1.644982865102, -1.472043481023, -1.417406085358, 1.218145854028, 1.311963675324, -0.4552906875664, -0.3644551573688, 0.3827048833267, 1.20602140419, 1.300217276067, 0, -0.4669179892773, -0.3721375356044, -0, -0, -5.551115123126e-17, -0, -0.01467082430646, 0.3226608832476, 0.3293111861704, 0, 0.31044332484, 0.3179758694948
4.575, -2.657480299257, -3.151834625983, -2.521102877658, -3.321600096089, 8.420851829992, 0.635810199439, 0, 500.6546011497, -22.81040861056, 483.7403012345, -24.42874838723, 1836.18000173, 884.6239273349, 3540.269755401, 2965.820465248, 2941.94965649, 1247.139726376, 6099.530811873, 4207.314639457, 6, 0, 0.325793139212, 0.04054774563195, -0, -0, -0, -0, -0, 2.534948184429, 0, 0, 0, 0, 0, 2.53494881963, 2.167209594222, 2.038569832711, 2.176204627646, 1.419308180296, 74.97671016558, 74.53445732262, 75.02773182068, 74.51102910555, 152.0046023078, 0.4921640142195, 0.3772328838916, 9.687484714014, 1, 120.1145966912, 120, 120.1163838563, 152.0279259519, 149.1197375797, 151.981203124, 149.075348251, 152.0046023078, 152.0276803826, 149.1194509563, 168.6874333989, 151.9809418107, 149.0751838088, -1.642881506424, 0, -1.151909737619, -1.401887311971, -1.266924522178, -1.195142677692, 1.161262182277, 1.243544313798, -0.5122798954876, -0.4328458305021, 0.325793139212, 1.149049253679, 1.231832224903, 0, -0.5240956830412, -0.4407281359284, -5.551115123126e-17, 5.551115123126e-17, -0, -0, -0.01388681749889, 0.3227915250086, 0.3291380525554, 0, 0.3110160815736, 0.3182034098793
4.6, -2.63448943971, -3.039384700355, -2.488736951964, -3.194779281835, 7.322623963396, 0.622258403994, 0, 498.1838550973, -23.56716680339, 485.5756635457, -24.9994855905, 1811.545589415, 897.6593182182, 3439.766811276, 2882.366389429, 2916.709792152, 1286.971566518, 5966.972350983, 4166.531619535, 6, 0, 0.2721713038579, 0.03926465851268, -0, -0, -0, -0, -0, 2.555127254795, 0, 0, 0, 0, 0, 2.555127855179, 2.170554333362, 2.028904059306, 2.197214640384, 1.448315168718, 75.38813793954, 74.94089786342, 75.43961888298, 74.92052535946, 152.8375533216, 0.4981988018419, 0.3711936966492, 9.451406151991, 1, 120.1228612763, 120, 120.1244348537, 152.8579762274, 149.9495530597, 152.8170205695, 149.9108657591, 152.8375533216, 152.8577735635, 149.9493111451, 169.5215026068, 152.8167961346, 149.9107250066, -1.445946102733, 0, -0.9488889559129, -1.189353098127, -1.075992977809, -1.001984479805, 1.107643586995, 1.179824208775, -0.565966981097, -0.4965092276112, 0.2721713038579, 1.095407457565, 1.168171911686, 0, -0.5779165606814, -0.5045569586725, -0, -0, -0, -5.551115123126e-17, -0.0130123955464, 0.3228849223902, 0.3289914911932, 0, 0.3115059842948, 0.3183515045099
4.625, -2.597310694596, -2.903161859328, -2.442668916532, -3.045456304262, 6.241689472503, 0.608816208842, 0, 496.4743624743, -24.06516648239, 486.54576717, -25.82983441513, 1796.021071029, 892.9542272904, 3353.750213164, 2795.686137978, 2914.860096089, 1314.608418704, 5882.118477294, 4134.069481552, 6, 0, 0.2217914706438, 0.03753406213739, -0, -0, -0, -0, -0, 2.567881364274, 0, 0, 0, 0, 0, 2.567881915642, 2.166668001904, 2.016448045487, 2.211818169956, 1.472399642879, 75.79976403303, 75.34758538962, 75.85138012587, 75.32986599255, 153.6707671629, 0.5141288161414, 0.3754823318074, 9.515736755262, 1, 120.1339682697, 120, 120.1354614919, 153.6886715018, 150.7800938405, 153.6527105936, 150.7462956742, 153.6707671629, 153.688508758, 150.7798903981, 170.3562479256, 153.6525209894, 150.7461760859, -1.276380971264, 0, -0.7633169430302, -1.006678019392, -0.9020755650481, -0.8370678813957, 1.057245833892, 1.12074255711, -0.6164056976768, -0.5555151979863, 0.2217914706438, 1.045030750471, 1.109164687381, 0, -0.6284475078326, -0.5637002180594, -5.551115123126e-17, -0, -0, -0, -0.01217152232641, 0.3228926486459, 0.3288909584301, 0, 0.3118193109778, 0.3184691803624
4.65, -2.542887654881, -2.748432878984, -2.38025712678, -2.878460795681, 5.224529113969, 0.5942136169278, 0, 494.5654220383, -24.31162688474, 485.6219290656, -27.05524594664, 1788.291982548, 878.3013911735, 3276.677536784, 2686.168322184, 2939.581347932, 1334.204090242, 5842.077277083, 4102.477507561, 6, 0, 0.1746044221083, 0.03718313096537, -0, -0, -0, -0, -0, 2.574739838161, 0, 0, 0, 0, 0, 2.574740380714, 2.15800506366, 2.001634770038, 2.221095093315, 1.491429841169, 76.21153543276, 75.75452361734, 76.26299502295, 75.73906785668, 154.5042190914, 0.535855309818, 0.386483224666, 9.863514895224, 1, 120.1476852333, 120, 120.1491554407, 154.5199888646, 151.6113161771, 154.4882698749, 151.5816308858, 154.5042190914, 154.5198618488, 151.611145246, 171.1916017915, 154.4881119624, 151.581529693, -1.133116973685, 0, -0.5982966339473, -0.8522394731181, -0.7477926365733, -0.6990050315285, 1.0100267598, 1.066193995924, -0.6636458557232, -0.6099781997752, 0.1746044221083, 0.9978635494024, 1.054703196064, 0, -0.6757444057747, -0.6182723200551, -5.551115123126e-17, -0, -0, -5.551115123126e-17, -0.01144161586593, 0.322802313944, 0.3288208676846, 0, 0.3119666521409, 0.3185842845021
4.675, -2.476885712266, -2.580470592446, -2.307560021153, -2.699001123191, 4.309103453226, 0.5791820650293, 0, 491.1825001301, -24.34320715682, 481.9990943455, -28.51554404, 1784.229869552, 860.1458109971, 3203.104718239, 2567.522175886, 2986.299068231, 1355.340100788, 5828.740402793, 4069.316969755, 6, 0, 0.1305603229306, 0.03850238720873, -0, -0, -0, -0, -0, 2.575586789283, 0, 0, 0, 0, 0, 2.575587371211, 2.144968855886, 1.983902622691, 2.224197504405, 1.505171875905, 76.62338385384, 76.16171196891, 76.67445534174, 76.14815421782, 155.337897519, 0.5668047827252, 0.4080873587658, 10.45773906517, 1, 120.1635094301, 120, 120.1649333893, 155.3518821077, 152.4431661074, 155.3237239298, 152.4168834722, 155.337897519, 155.3517875708, 152.4430222964, 172.0274716009, 155.3235955262, 152.4167978995, -1.013995210666, 0, -0.4482510513518, -0.7235941471389, -0.6071032008776, -0.5854796710518, 0.9659429925298, 1.016019841584, -0.7077377342406, -0.6600596737683, 0.1305603229306, 0.9538594590424, 1.004633174259, 0, -0.7198554579945, -0.6684336344481, -0, -0, -0, -0, -0.0108455010653, 0.3226308754604, 0.3287455901152, 0, 0.3120157234886, 0.3187059765547
4.7, -2.403902607927, -2.402953247363, -2.229430653599, -2.510987467576, 3.512928919725, 0.5629396346463, 0, 481.8931216064, -24.15260032243, 470.7374585607, -29.97461408723, 1783.30455888, 837.382165546, 3127.81224555, 2434.981765169, 3045.613638275, 1385.246128885, 5822.691033022, 4035.782612435, 6, 0, 0.08961147599419, 0.04079356961767, -0, -0, -0, -0, -0, 2.569819464775, 0, 0, 0, 0, 0, 2.569820116557, 2.127307105471, 1.962596204122, 2.220111855314, 1.512745173782, 77.0352345146, 76.569145024, 77.08575404407, 76.55715282566, 156.1717980049, 0.6090495597473, 0.4427009020144, 11.25094154791, 1, 120.1805622251, 120, 120.1818824822, 156.184300016, 153.2755847507, 156.1591064693, 153.252075915, 156.1717980049, 156.1842355621, 153.2754632806, 172.8637261274, 156.159006214, 153.2520033658, -0.9162934922878, 0, -0.3083573137612, -0.6180219755964, -0.4748497040985, -0.4936937228433, 0.924953132949, 0.9700365937037, -0.7487290413612, -0.7059493876607, 0.08961147599419, 0.9129770719829, 0.9587757454813, 0, -0.7608256551163, -0.7143689024511, -0, -5.551115123126e-17, -0, -0, -0.01036594836043, 0.3224134145737, 0.3286382778518, 0, 0.3120391421669, 0.3188299514401
4.725, -2.326393261632, -2.220748222141, -2.148370111923, -2.319636809375, 2.857224887746, 0.5451140663885, 0, 464.3319231769, -23.59770089213, 450.6729152729, -31.24787965332, 1780.975859924, 817.1174329694, 3043.042921788, 2288.122393974, 3108.365693073, 1424.578254627, 5810.541368989, 4000.443133072, 6, 0, 0.05171329697493, 0.04320547920873, -0, -0, -0, -0, -0, 2.556899089863, 0, 0, 0, 0, 0, 2.556899817315, 2.104685856032, 1.937724644218, 2.20828617405, 1.513339334743, 77.44699337302, 76.97681121872, 77.496874134, 76.96609189736, 157.0059124535, 0.6617115039261, 0.489607113622, 12.18594768717, 1, 120.1974308008, 120, 120.1986102605, 157.0171837278, 154.108502934, 156.9944512448, 154.087235983, 157.0059124535, 157.0171473115, 154.1083996506, 173.7001638786, 156.994378052, 154.0871741684, -0.8367699286975, 0, -0.1762200926237, -0.5324678355278, -0.3484739818768, -0.420305383846, 0.8870175381428, 0.9280414951247, -0.7866645889123, -0.7478594451858, 0.05171329697493, 0.8751772536519, 0.9169280940352, 0, -0.7986987381545, -0.756285834579, -0, -5.551115123126e-17, -0, -5.551115123126e-17, -0.009969319694138, 0.3221841263457, 0.3284964576607, 0, 0.3120869332116, 0.3189616818442
4.75, -2.244496244146, -2.037561854883, -2.064468587337, -2.128610323755, 2.335362078905, 0.5249861142084, 0, 441.1125185759, -22.58496671642, 425.5481680844, -31.95000918526, 1774.292042539, 789.7484432386, 2939.702306232, 2137.824644918, 3169.804081871, 1469.977977547, 5786.198901255, 3960.783116968, 6, 0, 0.01681614956664, 0.04525138223504, -0, -0, -0, -0, -0, 2.536456952072, 0, 0, 0, 0, 0, 2.536457743661, 2.076828105935, 1.90889038301, 2.188662341581, 1.507007722742, 77.85858676651, 77.38469059533, 77.9078099263, 77.37499652251, 157.8402232587, 0.7207237432072, 0.5447416959824, 13.20246107097, 1, 120.2128889601, 120, 120.2139332266, 157.8504691345, 154.9418432405, 157.8297840619, 154.9223873594, 157.8402232587, 157.8504584453, 154.9417546925, 174.5366028735, 157.8297364619, 154.9223343332, -0.7719894408157, 0, -0.05245605766718, -0.4636314346447, -0.2285894353709, -0.3618943585382, 0.8520898898448, 0.8898128035614, -0.8215942726063, -0.7860125723496, 0.01681614956664, 0.840414512444, 0.8788702417924, 0, -0.8335251276532, -0.7944076651983, 5.551115123126e-17, -0, 5.551115123126e-17, -0, -0.009624062968544, 0.3219607480151, 0.3283327012109, 0, 0.3121818005272, 0.3191105450497
4.775, -2.156007684638, -1.858762519927, -1.975316817059, -1.943160422233, 1.958323186729, 0.5025204187182, 0, 415.6493817504, -21.0512276429, 397.0279147224, -32.42047905531, 1760.469923929, 760.1116655082, 2825.567516375, 1973.556600534, 3229.949348485, 1518.932318237, 5748.827670657, 3913.436117935, 6, 0, -0.01514292855805, 0.04683197431745, -0, -0, -0, -0, -0, 2.508137949062, 0, 0, 0, 0, 0, 2.508138787438, 2.043474842621, 1.87580930527, 2.161405740701, 1.493318543009, 78.26997429387, 77.79275331098, 78.31857245641, 77.78388401538, 158.674705508, 0.7794270324111, 0.6012625564282, 14.24077357549, 1, 120.2261787593, 120, 120.2271169749, 158.6840906799, 155.7755248446, 158.6651227244, 155.7575495609, 158.674705508, 158.6841026472, 155.7754483036, 175.372916199, 158.6650983271, 155.75750379, -0.7184985043957, 0, 0.05972796770968, -0.4080545673934, -0.1185863063886, -0.315066529629, 0.8201094842279, 0.8551148202115, -0.8535802322495, -0.8206493287851, -0.01514292855805, 0.8086295337201, 0.8443677244532, 0, -0.8653679044567, -0.8289728247513, -5.551115123126e-17, -0, -5.551115123126e-17, -0, -0.009308875932402, 0.3217432100699, 0.328156397074, 0, 0.3123267866452, 0.3192891496532
4.8, -2.064026596925, -1.687370750432, -1.883824026738, -1.765925383731, 1.711293170661, 0.4795325668835, 0, 390.2067439421, -19.6844868763, 370.1249312817, -32.55157667349, 1732.469568742, 726.6158831526, 2704.798627154, 1826.230539406, 3291.395925365, 1570.033792153, 5700.26574056, 3857.725901807, 6, 0, -0.04423750628428, 0.04804301409334, -0, -0, -0, -0, -0, 2.471729492941, 0, 0, 0, 0, 0, 2.471730362413, 2.004196270523, 1.838052316176, 2.126524094869, 1.473466529844, 78.68113468254, 78.20096082209, 78.72919450972, 78.19276920382, 159.5093312574, 0.8367878771765, 0.6579084355105, 15.24058032676, 1, 120.2369430683, 120, 120.2378163902, 159.5179711957, 156.6094652475, 159.5004904134, 156.5927414345, 159.5093312574, 159.5180031687, 156.6093987275, 176.2090279782, 159.5004871309, 156.5927017728, -0.6727732872249, 0, 0.1628177920695, -0.3621227654196, -0.01620722474012, -0.2765099966314, 0.7910023634473, 0.8236951525416, -0.8826970268507, -0.8520149625076, -0.04423750628428, 0.779751041261, 0.8131703623807, 0, -0.8943013009678, -0.8602332051308, -5.551115123126e-17, -5.551115123126e-17, -0, -0, -0.009012959906239, 0.3215218664243, 0.3279728291282, 0, 0.3125149815526, 0.3194998196863
4.825, -1.96667516271, -1.526564911875, -1.788053635691, -1.599891591786, 1.588838130876, 0.4543809394436, 0, 364.9156282268, -18.25736797675, 344.9124230708, -32.71470700652, 1699.794459, 687.7557631891, 2578.860273964, 1662.07334477, 3355.365620131, 1623.055590459, 5644.755729329, 3797.086638315, 6, 0, -0.07054908628126, 0.04899603589908, -0, -0, -0, -0, -0, 2.427648673782, 0, 0, 0, 0, 0, 2.427649561945, 1.959449501929, 1.795622679854, 2.084826825409, 1.447400354754, 79.09207353715, 78.60927713938, 79.13969658798, 78.60166430454, 160.3440735039, 0.8875384842422, 0.7092898478661, 16.1504130669, 1, 120.2451103588, 120, 120.2459416958, 160.3520473659, 157.4435909361, 160.3358997921, 157.427977284, 160.3440735039, 160.3520962124, 157.4435330842, 177.0448987394, 160.3359149371, 157.4279429804, -0.6317410695313, 0, 0.2546108747543, -0.3225679606914, 0.07622239394299, -0.2432893042142, 0.7646884584303, 0.7953145105398, -0.9090260450555, -0.8803527654987, -0.07054908628126, 0.7536964658292, 0.7850387511243, 0, -0.9204104073648, -0.8884313920165, -0, -0, 5.551115123126e-17, 5.551115123126e-17, -0.008732164660494, 0.3212920021249, 0.327782787967, 0, 0.3127303336609, 0.3197297191933
4.85, -1.866982447009, -1.381041586875, -1.690999869965, -1.449747365483, 1.602716749941, 0.4289995801812, 0, 344.0113130348, -16.81027283649, 322.462918553, -32.69307345099, 1664.785239721, 651.5959512787, 2443.554584309, 1503.02299975, 3422.053526485, 1678.409013666, 5585.654117849, 3732.668538442, 6, 0, -0.09416365563569, 0.04971304224658, -0, -0, -0, -0, -0, 2.376404942551, 0, 0, 0, 0, 0, 2.376405837576, 1.909623214999, 1.748999118857, 2.036925525149, 1.416185558711, 79.50281446904, 79.01766675727, 79.55010468302, 79.01058420803, 161.1789076202, 0.9310657780298, 0.7547204653341, 16.91367201235, 1, 120.2508362452, 120, 120.2516396429, 161.1862466047, 158.2778264183, 161.1713748439, 158.2632802379, 161.1789076202, 161.1863097252, 158.2777765064, 177.8805242373, 161.1714061946, 158.2632509608, -0.5920375075166, 0, 0.3378573242062, -0.2858927187887, 0.1613789165344, -0.2120557092753, 0.7410819318581, 0.7697166526545, -0.9326543510479, -0.9059162323434, -0.09416365563569, 0.7303777189545, 0.7597138903968, 0, -0.9437850600668, -0.9138266278096, -0, 5.551115123126e-17, 5.551115123126e-17, -0, -0.008465168153054, 0.3210527424481, 0.3275845949164, 0, 0.3129601311612, 0.3199743656511
4.875, -1.765309493344, -1.251897392424, -1.593040108157, -1.316501415487, 1.724267643892, 0.4042845435131, 0, 326.0950481083, -15.61792955383, 303.4033217936, -32.50492883172, 1628.272653551, 615.1735979886, 2300.843453851, 1362.294536367, 3489.919270946, 1735.182999771, 5525.443548426, 3668.536201789, 6, 0, -0.1151728478578, 0.05015368533157, -0, -0, -0, -0, -0, 2.318829663114, 0, 0, 0, 0, 0, 2.318830551981, 1.855583412705, 1.69875152851, 1.983821282303, 1.381106619847, 79.91336637901, 79.42609413562, 79.960446576, 79.41954312209, 162.0138128528, 0.9643142504814, 0.7910960152767, 17.47962643468, 1, 120.2544528288, 120, 120.2552338901, 162.0205075412, 159.1121046815, 162.0069358434, 159.0986728123, 162.0138128528, 162.0205823794, 159.112062501, 178.7159286709, 162.0069811377, 159.098648586, -0.5505984107445, 0, 0.4125655054342, -0.2489129612082, 0.2392214103362, -0.1797936023459, 0.7200920615641, 0.7466531152846, -0.953673369191, -0.9289503319054, -0.1151728478578, 0.7096989445229, 0.7369438909831, 0, -0.9645217352213, -0.9366706077374, -5.551115123126e-17, -0, 5.551115123126e-17, -0, -0.008210813052576, 0.3208095981406, 0.3273814912046, 0, 0.3131948448559, 0.3202183790434
4.9, -1.662260379436, -1.140100708007, -1.494581870212, -1.201194596654, 1.933133380485, 0.3801998754835, 0, 310.8104326002, -14.63254526472, 287.2760164317, -32.21205866128, 1586.438991105, 580.5585791169, 2159.507454103, 1232.215398768, 3556.100883251, 1791.681125266, 5466.514052822, 3608.030447287, 6, 0, -0.1336731050749, 0.05025928123017, -0, -0, -0, -0, -0, 2.256141138992, 0, 0, 0, 0, 0, 2.256142007449, 1.798506623749, 1.645910301696, 1.926820614562, 1.342950728666, 80.32373734741, 79.83452910702, 80.37074538318, 79.8285517068, 162.8487718441, 0.9852097269381, 0.816126138233, 17.80982220301, 1, 120.2563013826, 120, 120.2570577677, 162.8547799914, 159.9463723199, 162.8425975703, 159.9341730259, 162.8487718441, 162.8548641573, 159.9463380142, 179.5511409786, 162.8426545969, 159.9341541459, -0.5050090085863, 0, 0.4790768185242, -0.2090742846785, 0.3098746587893, -0.1439952306372, 0.701622573508, 0.7259039522412, -0.9721790313729, -0.9496768836839, -0.1336731050749, 0.6915568777738, 0.7165026868074, 0, -0.9827231439905, -0.9571892152455, 5.551115123126e-17, -0, -5.551115123126e-17, -5.551115123126e-17, -0.007967206269322, 0.3205729679563, 0.3271795795018, 0, 0.3134252443004, 0.3204491550758
4.925, -1.558453296606, -1.046230271019, -1.3961069018, -1.10444491802, 2.205563150283, 0.3569264659094, 0, 298.6722968969, -13.94330166618, 273.9156546649, -31.71089041919, 1529.244873418, 551.0915874071, 2021.625081403, 1119.964803674, 3618.602945317, 1845.663958646, 5410.348521076, 3551.819389129, 6, 0, -0.1497658063378, 0.04999485193626, -0, -0, -0, -0, -0, 2.189560101771, 0, 0, 0, 0, 0, 2.189560935728, 1.739503873286, 1.59156810158, 1.867194322459, 1.302665283863, 80.73393949883, 80.24294665186, 80.78101917974, 80.23761872849, 163.6837698635, 0.9918547654099, 0.8277681366964, 17.87499554545, 1, 120.2567428505, 120, 120.257473153, 163.6890232219, 160.7805863319, 163.6783707142, 160.7697961167, 163.6837698635, 163.6891144758, 160.7805602766, 180.3861966903, 163.6784373195, 160.7697830603, -0.4533364092031, 0, 0.5374268377371, -0.1643140969364, 0.373228658342, -0.1025912006893, 0.6855713422448, 0.7072689917704, -0.988272245007, -0.968295932928, -0.1497658063378, 0.6758429308383, 0.6981836134452, 0, -0.9984969438905, -0.9755877307689, -0, -0, -5.551115123126e-17, -0, -0.007732075218309, 0.3203500547371, 0.3269869982601, 0, 0.313645509338, 0.3206640464518
4.95, -1.458413359042, -0.969084125387, -1.30191272647, -1.024965541767, 2.505226840975, 0.3355344763638, 0, 288.3549251447, -13.50618073016, 262.8364845897, -30.81147584995, 1467.568151962, 526.8159666208, 1889.813012039, 1027.719088152, 3676.911227986, 1895.977238126, 5357.182043615, 3500.138132501, 6, 0, -0.1635633629168, 0.04936282194237, -0, -0, -0, -0, -0, 2.120106824284, 0, 0, 0, 0, 0, 2.120107611476, 1.679207737529, 1.536450760489, 1.805772928322, 1.260973104317, 81.14397749144, 80.65132709041, 81.19128246833, 80.64674791632, 164.5187946855, 0.9868679027995, 0.8283997703191, 17.66161348114, 1, 120.2561256517, 120, 120.256828979, 164.5232042337, 161.6147190758, 164.5142617501, 161.6055483162, 164.5187946855, 164.5233010986, 161.6147017358, 181.2211320437, 164.5143364902, 161.6055416165, -0.3944621716432, 0, 0.5913534767378, -0.1133392558259, 0.4327805872597, -0.0543509494169, 0.6718241098923, 0.6905769338246, -1.002065776327, -0.9849774751177, -0.1635633629168, 0.6624392767603, 0.6818111278467, 0, -1.011960425652, -0.9920401870153, -5.551115123126e-17, -0, -0, -0, -0.007503291242743, 0.3201426408598, 0.3268079183205, 0, 0.3138545741425, 0.3208620613661
4.975, -1.365054916776, -0.906924308811, -1.214791042146, -0.9609359892484, 2.805233190645, 0.315783731512, 0, 279.4690198011, -13.54836650376, 253.687843825, -30.0336286003, 1407.14803859, 507.5901335323, 1757.279309489, 953.1505974514, 3730.360838827, 1941.997875722, 5307.349993877, 3453.150067059, 6, 0, -0.1751818666507, 0.04838384021248, -0, -0, -0, -0, -0, 2.048815236014, 0, 0, 0, 0, 0, 2.048815966839, 1.618272173785, 1.481228439014, 1.743384005258, 1.218477509208, 81.55385943102, 81.05965745919, 81.60154346289, 81.05593498308, 165.3538360764, 0.972982459569, 0.8206012880721, 17.17074460239, 1, 120.2546803494, 120, 120.2553532732, 165.357303405, 162.4487569107, 165.350268153, 162.4414269324, 165.3538360764, 165.357404992, 162.4487487139, 182.0559684755, 165.3503501423, 162.4414270743, -0.3280456215491, 0, 0.6439307682605, -0.0556024145921, 0.4914514870318, 0.001190517306537, 0.6602626273665, 0.6756916294246, -1.013676379997, -0.9998565199939, -0.1751818666507, 0.6512239827883, 0.6672452343043, 0, -1.023234857278, -1.006684981925, -0, -0, -0, -0, -0.007279169477904, 0.3199530820488, 0.3266445537109, 0, 0.3140510170011, 0.3210425004004
5, -1.272536950556, -0.8578040026223, -1.128720441823, -0.9103148336376, 3.082250022149, 0.2975524764141, 0, 271.744920863, -13.83866316583, 246.2096531396, -29.19572949018, 1343.598492548, 491.9332982027, 1630.706398103, 893.7605477974, 3778.921442224, 1983.793112123, 5261.066645089, 3410.689532031, 6, 0, -0.18473967153, 0.04708966873247, -0, -0, -0, -0, -0, 1.976574185006, 0, 0, 0, 0, 0, 1.976574852829, 1.557661526416, 1.426377760634, 1.681137061278, 1.17566280451, 81.96360215236, 81.46793372365, 82.01180093138, 81.4651745609, 166.1888851909, 0.9444811525538, 0.7984757382682, 16.41536959237, 1, 120.252598538, 120, 120.2532373187, 166.1913243497, 163.2826972938, 166.1863697882, 163.277421579, 166.1888851909, 166.1914289386, 163.282698544, 182.8907237074, 166.1864571987, 163.2774289251, -0.2543832582028, 0, 0.6891413820452, 0.008810385815138, 0.5430437455597, 0.06385235958055, 0.6507684939834, 0.6625065525408, -1.023220191137, -1.013037807219, -0.18473967153, 0.6420733020706, 0.6543767443696, 0, -1.032442477279, -1.019629612462, -0, -0, -0, -5.551115123126e-17, -0.007058657454618, 0.3197813358817, 0.3264965859275, 0, 0.3142338412375, 0.3212059148656
5.025, -1.179824287211, -0.8195403957524, -1.042463478003, -0.8708618276462, 3.312559752266, 0.2799200092984, 0, 264.9031459822, -14.37725225107, 240.0649524343, -28.22266464321, 1268.606159484, 480.2338990219, 1507.29239912, 846.8060605569, 3824.006510835, 2022.301551716, 5217.813870147, 3371.931559995, 6, 0, -0.1923596815497, 0.0455154017226, -0, -0, -0, -0, -0, 1.903960173967, 0, 0, 0, 0, 0, 1.903960774946, 1.497763631239, 1.372152279052, 1.619588930171, 1.132753503018, 82.37321977795, 81.87615770012, 82.42205011645, 81.87445921732, 167.0239345968, 0.9005747347612, 0.7610261963521, 15.41911768453, 1, 120.2500585922, 120, 120.2506596457, 167.0252729978, 164.1165473481, 167.0225453393, 164.113514928, 167.0239345968, 167.0253787921, 164.1165581575, 183.7254151031, 167.022636212, 164.1135296638, -0.1743324894141, 0, 0.7253374182104, 0.0792255386952, 0.5857016545033, 0.132874165508, 0.6432169085081, 0.6509396500426, -1.03081949656, -1.02460188008, -0.1923596815497, 0.6348604634424, 0.6431222943184, 0, -1.039708733163, -1.030955975612, 5.551115123126e-17, -0, -0, -0, -0.006841198307123, 0.3196220814902, 0.3263604868586, 0, 0.3144048935954, 0.3213553524877
5.05, -1.086627391905, -0.7896931066505, -0.9556272733287, -0.8401065738904, 3.476987781926, 0.262787351629, 0, 258.6475348427, -15.08440261991, 233.1278429419, -27.14294231939, 1190.266880001, 470.566013655, 1384.613794014, 807.2040486148, 3867.560387236, 2059.01095917, 5176.173449397, 3335.24789551, 6, 0, -0.1981751118365, 0.04369439455587, -0, -0, -0, -0, -0, 1.831114228639, 0, 0, 0, 0, 0, 1.831114761286, 1.438539814195, 1.318413289225, 1.55881564447, 1.089557270342, 82.78272606654, 82.2843362746, 82.83228928236, 82.28377798822, 167.8589780594, 0.8416816170526, 0.7085451969244, 14.21690378088, 1, 120.2471280202, 120, 120.2476886926, 167.8591631633, 164.9503235838, 167.8587677119, 164.9496819482, 167.8589780594, 167.8592683872, 164.950343808, 184.5600459334, 167.8588600867, 164.949704027, -0.08932565638644, 0, 0.75150437691, 0.1543350190291, 0.6182848874593, 0.2068919119629, 0.6374734967048, 0.6409280222816, -1.036607161228, -1.034610507176, -0.1981751118365, 0.6294515338841, 0.6334199421129, 0, -1.04516709826, -1.040724905842, -0, -0, 5.551115123126e-17, -0, -0.006626511968389, 0.3194680858335, 0.3262307362485, 0, 0.3145694631859, 0.3214969062265
5.075, -0.9966044551807, -0.765495735421, -0.8717316440972, -0.8152576477999, 3.564158778894, 0.2466610198636, 0, 251.1593557619, -15.91231663392, 228.347706704, -26.01529520578, 1112.019154259, 463.8470002386, 1265.836686637, 774.9501767933, 3910.598984469, 2094.940538363, 5134.855653152, 3299.337175589, 6, 0, -0.2023236147096, 0.0416590261378, -0, -0, -0, -0, -0, 1.75802853154, 0, 0, 0, 0, 0, 1.758028996382, 1.379624269926, 1.265052308923, 1.498509620739, 1.045985786031, 83.19213189278, 82.69248002446, 83.24252837146, 82.69311716203, 168.6940101133, 0.7733138135764, 0.6463858003182, 12.85072503978, 1, 120.2438945889, 120, 120.2444122948, 168.6930074342, 165.7840482149, 168.695011418, 165.7858922433, 168.6940101133, 168.6931109628, 165.7840774255, 185.394622932, 168.6951040084, 165.7859213645, -0.001163340253519, 0, 0.7713546288194, 0.232408908358, 0.6443472597721, 0.2841313986046, 0.6333983257773, 0.6324244006779, -1.040721737054, -1.043109874736, -0.2023236147096, 0.625708739992, 0.6252231423388, 0, -1.048954582373, -1.048982197959, -5.551115123126e-17, 5.551115123126e-17, -5.551115123126e-17, -0, -0.006414387021453, 0.3193156211664, 0.3261035543364, 0, 0.3147324172836, 0.321635435981
5.1, -0.9106283842161, -0.7441701933392, -0.7915825654521, -0.7935053711024, 3.567786506728, 0.231052239289, 0, 244.8371010678, -16.80415275751, 224.4387148874, -24.85943258747, 1035.469598124, 458.6445218778, 1146.551833694, 747.1757752383, 3952.919170667, 2129.944540618, 5093.728435453, 3264.190137199, 6, 0, -0.2049397351425, 0.03943683471145, -0, -0, -0, -0, -0, 1.684869297557, 0, 0, 0, 0, 0, 1.684869696784, 1.320980889863, 1.212112880236, 1.438662548635, 1.002102679693, 83.6014744551, 83.10060180056, 83.65275708325, 83.10246149368, 169.5290259953, 0.6986502191358, 0.5776507276988, 11.36629466266, 1, 120.2403326224, 120, 120.2408045253, 169.5268258692, 166.6177466381, 169.5312458134, 166.6221122411, 169.5290259953, 169.5269268371, 166.6177841339, 186.229137735, 169.5313375977, 166.6221478592, 0.08814270127018, 0, 0.7860552358985, 0.3114816785874, 0.6649798766261, 0.3625896781614, 0.6308556260083, 0.6253954175757, -1.043298667607, -1.050132929714, -0.2049397351425, 0.6234965062485, 0.618498276914, 0, -1.051206602411, -1.055761162273, -5.551115123126e-17, -0, -0, -0, -0.00620454771763, 0.3191654558921, 0.3259794861956, 0, 0.3148942569676, 0.3217709649459
5.125, -0.8291007738761, -0.7232221428374, -0.7154962075828, -0.7723206362558, 3.484469879655, 0.2159791636989, 0, 239.4571526683, -17.73381628497, 221.4075905082, -23.73979273351, 959.5900702034, 453.4370037144, 1032.223749949, 721.3546509105, 3993.982014611, 2163.851303168, 5053.16364544, 3230.052407553, 6, 0, -0.2061561938832, 0.0370506213058, -0, -0, -0, -0, -0, 1.611884531416, 0, 0, 0, 0, 0, 1.61188486852, 1.262689708089, 1.159699233586, 1.379377358317, 0.9580455812126, 84.01078537164, 83.50871587753, 84.06296342845, 83.51179491101, 170.3640218872, 0.6203297104906, 0.5048928735889, 9.811748678699, 1, 120.2365914038, 120, 120.2370137676, 170.3606422158, 167.4514465408, 170.3674386359, 167.4583066753, 170.3640218872, 170.3607399147, 167.4514913787, 187.0636071327, 170.367528747, 167.4583480261, 0.1764422818389, 0, 0.7960945490799, 0.3894571473633, 0.6805852588695, 0.4401320154994, 0.6297117332293, 0.6198166284597, -1.044471283324, -1.055703966375, -0.2061561938832, 0.6226806900834, 0.613220304732, 0, -1.052057027067, -1.061086857968, -0, -0, -0, -0, -0.005996870329647, 0.319019596029, 0.3258591674759, 0, 0.3150535887541, 0.3219025594678
5.15, -0.7529162872438, -0.7006239594998, -0.6442871718863, -0.7496460522354, 3.317632810977, 0.201249184132, 0, 234.4773297706, -18.63243528988, 218.9616048685, -22.67915244628, 882.143235299, 446.9281832447, 925.7728777744, 695.3831056149, 4033.680889967, 2196.802542508, 5013.557747558, 3197.008301381, 6, 0, -0.2061024518668, 0.03451917617917, -0, -0, -0, -0, -0, 1.539334174053, 0, 0, 0, 0, 0, 1.53933445349, 1.204786402661, 1.107909601604, 1.320728226577, 0.9139434346452, 84.42008001587, 83.91683734045, 84.47313502434, 83.92110165649, 171.1989951122, 0.5416760745479, 0.4313510934703, 8.234794998712, 1, 120.2327207268, 120, 120.2330905491, 171.194480222, 168.2851758857, 171.2035598047, 168.29444103, 171.1989951122, 171.1945741663, 168.2852269297, 187.8980354662, 171.2036476068, 168.2944871736, 0.2615977142946, 0, 0.802658423843, 0.4642620741881, 0.6922644992764, 0.5146482949267, 0.6298360020407, 0.6156662988497, -1.044370120086, -1.059844878126, -0.2061024518668, 0.6231304585683, 0.6093669535028, 0, -1.051636775635, -1.064981909126, -5.551115123126e-17, 5.551115123126e-17, -0, -5.551115123126e-17, -0.005791411724207, 0.318878442014, 0.3257420675081, 0, 0.3152089331071, 0.3220298908073
5.175, -0.6819098183773, -0.6748317667752, -0.5777839000043, -0.7239108672942, 3.077212828716, 0.1870007850267, 0, 229.8466122542, -19.43051412472, 216.9059604135, -21.735083491, 808.4710791856, 438.0727564825, 826.9772377141, 667.3354244009, 4072.08931131, 2229.05731987, 4975.105240627, 3164.847817122, 6, 0, -0.2049031839701, 0.03186766235737, -0, -0, -0, -0, -0, 1.467423022353, 0, 0, 0, 0, 0, 1.467423249379, 1.147316292814, 1.056801530372, 1.262777996823, 0.8698685744465, 84.8293725197, 84.32498072068, 84.88325941998, 84.33036704726, 172.0339435297, 0.4649630777138, 0.3592764556807, 6.679892752392, 1, 120.2287492623, 120, 120.2290654453, 172.0283635007, 169.1189602943, 172.0395810616, 169.1304831434, 172.0339435297, 172.028453301, 169.1190162744, 188.7324248415, 172.0396660236, 169.1305330149, 0.3416307734116, 0, 0.8060416543648, 0.5339768081066, 0.7002897866179, 0.5841906630513, 0.6311034213153, 0.6129196579565, -1.043120947066, -1.062581002854, -0.2049031839701, 0.6247205730729, 0.6069131521557, 0, -1.050071962792, -1.067472085202, -0, -0, -0, -0, -0.005588537397716, 0.3187417219352, 0.3256272239671, 0, 0.315359566732, 0.3221537353318
5.2, -0.6164197635053, -0.6448540930419, -0.5163285517177, -0.6940925130535, 2.777754924179, 0.1731918903674, 0, 225.5215385835, -20.08911357722, 215.1113587095, -20.92513456448, 739.2997563496, 426.0787319892, 736.2708558008, 636.311977785, 4109.094699278, 2260.695066105, 4937.992564539, 3133.358414273, 6, 0, -0.2026744386694, 0.02912911574476, -0, -0, -0, -0, -0, 1.396351856406, 0, 0, 0, 0, 0, 1.396352036899, 1.090316156464, 1.006447475851, 1.205557168059, 0.8259267108928, 85.23867402628, 84.73315870431, 85.29332616982, 84.73957848953, 172.8688653133, 0.3928938823407, 0.2913658330215, 5.185120395982, 1, 120.2246942028, 120, 120.2249576327, 172.8623108844, 169.9528207392, 172.8754797312, 169.9664054265, 172.8688653133, 172.8623963184, 169.9528803218, 189.5667760957, 172.8755615058, 169.9664578989, 0.4148789331817, 0, 0.8072840092794, 0.5969894615753, 0.7056946927468, 0.6471238394878, 0.6333974847122, 0.6115447903615, -1.040841120443, -1.063944958362, -0.2026744386694, 0.6273343342667, 0.6058265855024, 0, -1.047480114881, -1.068590621478, -0, -5.551115123126e-17, -0, -0, -0.005388818595186, 0.3186098599398, 0.3255143441461, 0, 0.3155048013865, 0.322274877467
5.225, -0.5546378479106, -0.610227771804, -0.4581384943385, -0.6596924757286, 2.434909030765, 0.1595819352272, 0, 221.4721024324, -20.60158887239, 213.5140435007, -20.25328954452, 673.5623815197, 410.4607933992, 652.1699184844, 601.8900897952, 4144.687187069, 2291.736052431, 4902.338845666, 3102.39499362, 6, 0, -0.1995229733852, 0.02633947957784, -0, -0, -0, -0, -0, 1.326287469741, 0, 0, 0, 0, 0, 1.326287609911, 1.033927221327, 0.9569089421272, 1.149193701047, 0.7822291183676, 85.64799463888, 85.14138133381, 85.7033257767, 85.14872596581, 173.7037588544, 0.325551033957, 0.2277242769147, 3.780855899496, 1, 120.2205674405, 120, 120.2207807114, 173.6963396044, 170.7867726364, 173.7112359435, 170.8021859284, 173.7037588544, 173.6964203765, 170.7868344906, 190.4010895087, 173.7113141063, 170.8022398726, 0.4800644669859, 0, 0.8051889396742, 0.6520642100078, 0.7073051209047, 0.7021883488584, 0.636611760078, 0.6114997400298, -1.037638121845, -1.063979452673, -0.1995229733852, 0.6308645417306, 0.6060649562835, 0, -1.043969431492, -1.068380869148, -0, -0, -0, -0, -0.005192888199323, 0.3184828872483, 0.3254033583419, 0, 0.3156441896915, 0.3223938514432
5.25, -0.496050456332, -0.5709230002776, -0.4027277372053, -0.6206516872599, 2.063043797401, 0.1459408230067, 0, 217.7655359689, -20.98253034687, 212.1244427597, -19.7058790376, 610.3695822278, 391.0658675549, 572.5084578986, 563.9395515455, 4179.19462907, 2322.420702556, 4867.920249181, 3071.657814552, 6, 0, -0.1955483781891, 0.02353122793795, -0, -0, -0, -0, -0, 1.257282801548, 0, 0, 0, 0, 0, 1.2572829076, 0.9781471891473, 0.9081666366082, 1.093667833196, 0.7388085448488, 86.05734129595, 85.54965585362, 86.11325181736, 85.55780211943, 174.538622771, 0.2637135386498, 0.1691553080979, 2.490056967436, 1, 120.2163817607, 120, 120.2165483984, 174.5304606351, 171.6208261373, 174.5468364154, 171.6378083958, 174.538622771, 174.5305364922, 171.6208889839, 191.2353656041, 174.5469105921, 171.6378627247, 0.5362865462138, 0, 0.7996336436101, 0.6983295056427, 0.7050227762621, 0.7484917424216, 0.6406467809014, 0.6127307729759, -1.033612436245, -1.062738965605, -0.1955483781891, 0.6352117825612, 0.6075746620114, 0, -1.039640326645, -1.066897515019, -0, -0, -0, -5.551115123126e-17, -0.005001353783207, 0.3183595917004, 0.3252933837557, 0, 0.3157785818693, 0.3225117760825
5.275, -0.4406666844207, -0.5271959752425, -0.3501438713229, -0.5772078926358, 1.674492495569, 0.1321680226928, 0, 214.429983004, -21.25477921209, 210.956625159, -19.26348983208, 549.7161225666, 367.9826612897, 495.5814822031, 522.626234103, 4213.170030835, 2353.198446201, 4834.161903233, 3040.700373416, 6, 0, -0.1908455993011, 0.02072836605272, -0, -0, -0, -0, -0, 1.189243349731, 0, 0, 0, 0, 0, 1.189243427568, 0.9228416620411, 0.8601021149756, 1.038816819431, 0.6955951842972, 86.46671863175, 85.95798695757, 86.52310053168, 85.96680202156, 175.3734559754, 0.2082120483743, 0.1165252396758, 1.329210290482, 1, 120.2121533268, 120, 120.2122771905, 175.3646802724, 172.4549869477, 175.3822730971, 172.4732618165, 175.3734559754, 175.3647510294, 172.455049591, 192.0696055852, 175.3823429947, 172.4733155135, 0.5829785331779, 0, 0.7908814585657, 0.7352275113563, 0.6991466703354, 0.7854620920554, 0.6454077816915, 0.6151720642481, -1.02885981164, -1.060290016271, -0.1908455993011, 0.6402820875599, 0.6102905813686, 0, -1.034587708377, -1.064206710313, 5.551115123126e-17, 5.551115123126e-17, 5.551115123126e-17, -0, -0.004814716051672, 0.3182379326596, 0.32518276561, 0, 0.3159101515619, 0.3226303253904
5.3, -0.3883644628379, -0.4794834281554, -0.3003087560341, -0.5297851286274, 1.281735289052, 0.1183814447934, 0, 211.4268023718, -21.41781124035, 209.9321399802, -18.92793276297, 490.779823757, 341.420649153, 423.3694574679, 478.3294716916, 4247.149821706, 2384.495160129, 4800.427708782, 3009.140677767, 6, 0, -0.1855053970398, 0.01794580827053, -0, -0, -0, -0, -0, 1.12198667794, 0, 0, 0, 0, 0, 1.121986732982, 0.8678215334017, 0.8125543600886, 0.9844169219836, 0.6524708290091, 86.87612914152, 86.36637708491, 86.9328700358, 86.37572291118, 176.2082576649, 0.1595632161488, 0.07039737410241, 0.3088909842932, 1, 120.2078910597, 120, 120.2079761803, 176.1990010441, 173.2892568581, 176.2175422795, 173.3085401135, 176.2082576649, 176.1990665729, 173.2893182106, 192.9038099121, 176.2176076746, 173.3085922548, 0.6198793468692, 0, 0.7791874695509, 0.7624859875319, 0.6899785500673, 0.8128201075185, 0.6508042586054, 0.6187466446754, -1.023471457704, -1.056710174539, -0.1855053970398, 0.6459860426403, 0.6141366835855, 0, -1.028901603972, -1.060385375121, 5.551115123126e-17, -0, -0, -5.551115123126e-17, -0.004633338574911, 0.3181159327903, 0.3250699379014, 0, 0.3160413032493, 0.3227509346517
5.325, -0.3390415015838, -0.4283966124392, -0.2531586405304, -0.4789855162764, 0.8957561557072, 0.1045914478756, 0, 208.7236930322, -21.48610846026, 208.9963891736, -18.6843279278, 433.1873989446, 311.5607665432, 355.6245628158, 431.6382571961, 4281.373681343, 2416.39860013, 4766.436925693, 2976.95019799, 6, 0, -0.1796129979438, 0.01519256336966, -0, -0, -0, -0, -0, 1.055359287914, 0, 0, 0, 0, 0, 1.05535932502, 0.8129488746808, 0.7654171053653, 0.9302992652609, 0.6093712603046, 87.28557316792, 86.7748264522, 87.34256011262, 86.784564145, 177.0430272064, 0.1179906909402, 0.03104008864343, -0.5661692825009, 1, 120.203593515, 120, 120.20364406, 177.0334216901, 174.1236338518, 177.0526443818, 174.143642053, 177.0430272064, 177.0334819191, 174.1236929601, 193.7379777703, 177.0527051179, 174.1436918324, 0.6470251652327, 0, 0.7648111050775, 0.7801181458753, 0.6778225729463, 0.8305762345223, 0.6567512886362, 0.6233680327183, -1.017532960657, -1.052086344782, -0.1796129979438, 0.6522395054348, 0.6190270927045, 0, -1.022666687385, -1.055520048102, -0, -5.551115123126e-17, -0, -0, -0.004457476914342, 0.3179927136593, 0.3249545887794, 0, 0.3161731061492, 0.3228737151466
5.35, -0.2924748717663, -0.3748033695421, -0.208503172249, -0.4256577267552, 0.527997373283, 0.09086204356951, 0, 206.3280050626, -21.45098839003, 208.1257659122, -18.54334725893, 378.2316682576, 277.4660467593, 292.1372238727, 383.3337683435, 4315.716821039, 2448.793567766, 4732.271221752, 2944.365418447, 6, 0, -0.1732479399201, 0.0124773265494, -0, -0, -0, -0, -0, 0.9892871719526, 0, 0, 0, 0, 0, 0.9892871954129, 0.7581826606048, 0.7186189783606, 0.8763945534798, 0.5663114987934, 87.69504909892, 87.18333319358, 87.75217209992, 87.1933269966, 177.877764026, 0.08339978336393, -0.001601360015283, -1.296673091727, 1, 120.1992527136, 120, 120.199273242, 177.8679374409, 174.9581123921, 177.8875834965, 174.9785709291, 177.877764026, 177.8679923536, 174.958168456, 194.5721075318, 177.8876394795, 174.9786176788, 0.6647267260656, 0, 0.747968015699, 0.7884164641755, 0.6629343140626, 0.8390171789326, 0.6631697106968, 0.6289410717087, -1.01112402829, -1.046513555394, -0.1732479399201, 0.6589635352104, 0.6248670493409, 0, -1.015962277787, -1.049705827237, -0, -0, -0, 5.551115123126e-17, -0.004287368702958, 0.317868746543, 0.3248371590754, 0, 0.3163052655013, 0.3229977838435
5.375, -0.2484891916386, -0.3197910049697, -0.1661880496645, -0.3708876945844, 0.1890906862384, 0.07725266664029, 0, 204.2462947334, -21.32420701126, 207.3140848723, -18.49705899876, 325.7480198199, 241.0735777955, 232.7504020278, 332.6482105919, 4349.830315454, 2481.359071238, 4698.292136473, 2911.736542729, 6, 0, -0.1664833166166, 0.009811547633626, -0, -0, -0, -0, -0, 0.9237944199193, 0, 0, 0, 0, 0, 0.9237944334653, 0.7035825058943, 0.6722527650668, 0.8227417545619, 0.5233353394239, 88.10455338216, 87.59189329686, 88.16170866994, 87.60201469329, 178.7124675456, 0.05545410722987, -0.02783223229308, -1.888937506968, 1, 120.1948585201, 120, 120.1948536132, 178.7025397486, 175.7926832605, 178.7223675308, 175.813334686, 178.7124675456, 178.702589389, 175.7927356578, 195.4061972141, 178.7224187331, 175.813377889, 0.6735764588604, 0, 0.7289138483388, 0.7879652234499, 0.6456005006069, 0.8387201994405, 0.6699866538829, 0.6353631050028, -1.00431775572, -1.040094987192, -0.1664833166166, 0.6660849144502, 0.6315533564128, 0, -1.008861665151, -1.043046123557, -0, -0, -0, -0, -0.004123263230914, 0.3177453312769, 0.3247188451891, 0, 0.3164364323074, 0.3231218321411
5.4, -0.2060272136755, -0.2645089197751, -0.1251653348938, -0.3158152199356, -0.1134753819991, 0.06387570308691, 0, 202.4656185804, -21.13852088489, 206.617569034, -18.51317402017, 274.9698605082, 203.1342704922, 176.4648999724, 282.2211278696, 4383.378818224, 2513.63849124, 4664.922264249, 2879.399583542, 6, 0, -0.1593865220069, 0.007208439112948, -0, -0, -0, -0, -0, 0.8589708767433, 0, 0, 0, 0, 0, 0.8589708835418, 0.6493186752322, 0.626428288685, 0.7695025366581, 0.4806221121648, 88.51408148557, 88.00050084394, 88.57117288357, 88.01063219366, 179.5471372058, 0.03261668820138, -0.04917204060937, -2.3539764061, 1, 120.1904019186, 120, 120.1903764407, 179.5372183028, 176.627334215, 179.5570063315, 176.6479451682, 179.5471372058, 179.5372627162, 176.6273825038, 196.2402450448, 179.5570527204, 176.6479844714, 0.6744013681755, 0, 0.7069382379297, 0.7795893728298, 0.6251281343618, 0.8305076343636, 0.6771350914637, 0.6425248291907, -0.997181147261, -1.032939372184, -0.1593865220069, 0.6735356616295, 0.6389760730774, 0, -1.001432729781, -1.035650668305, -0, 5.551115123126e-17, -0, -0, -0.00396540317476, 0.3176237113993, 0.3246013502148, 0, 0.3165650213856, 0.3232445986716
5.425, -0.1654725248311, -0.2099673452086, -0.08582864416601, -0.2614394980769, -0.3768927797102, 0.05077253070316, 0, 200.9977018653, -20.93077112521, 206.0449794848, -18.56148249079, 225.4986038723, 164.4063912537, 122.4414795623, 233.0976530257, 4416.15730911, 2545.314340533, 4632.462283575, 2847.730276843, 6, 0, -0.1520210883362, 0.004681317872755, -0, -0, -0, -0, -0, 0.7949367106451, 0, 0, 0, 0, 0, 0.7949367132986, 0.5955203917222, 0.5812600673786, 0.7168014884278, 0.438331851213, 88.92362694179, 88.40914868928, 88.98056880434, 88.41918553183, 180.3817725377, 0.01448367913562, -0.06601390950273, -2.705322676062, 1, 120.185878465, 120, 120.1858367967, 180.3719594918, 177.4620515481, 180.3915130097, 177.4824163896, 180.3817725377, 180.3719988075, 177.4620954576, 197.0742498706, 180.3915546441, 177.4824515923, 0.6681515047244, 0, 0.6825872201589, 0.7642489271505, 0.6020739210613, 0.8153272308253, 0.6845513855482, 0.6503143249948, -0.9897775975739, -1.025158083458, -0.1520210883362, 0.681251423735, 0.6470226276649, 0, -0.9937395492167, -1.027631729042, -0, 5.551115123126e-17, 5.551115123126e-17, 5.551115123126e-17, -0.003813971082157, 0.3175046501562, 0.3244858598288, 0, 0.3166899081909, 0.3233646776463
5.45, -0.1274800595455, -0.1570638484232, -0.04884242285767, -0.2086529511252, -0.6002648744886, 0.03810516740497, 0, 199.8364807654, -20.71624043692, 205.4970189841, -18.6298947389, 178.0504536746, 125.6298773245, 70.79746926073, 186.0439339449, 4447.969214383, 2576.158572593, 4601.126013971, 2817.004836139, 6, 0, -0.1444478326855, 0.002240984599389, -0, -0, -0, -0, -0, 0.7318316184914, 0, 0, 0, 0, 0, 0.7318316190512, 0.5423168262313, 0.536865819316, 0.6647633755282, 0.3966164836241, 89.33318248495, 88.81782919396, 89.38990077787, 88.82768116871, 181.2163732122, 0.000918572141532, -0.07848514923353, -2.957472962495, 1, 120.181284603, 120, 120.1812305508, 181.2067488217, 178.2968211812, 181.2259017474, 178.3167633041, 181.2163732122, 181.2067832552, 178.2968605931, 197.9082107887, 181.2259387845, 178.3167943414, 0.655819772316, 0, 0.6567171685495, 0.7429537702988, 0.577303392119, 0.7941768679795, 0.6921745102423, 0.6586200733371, -0.982167793808, -1.016862058809, -0.1444478326855, 0.6891704641089, 0.6555808380554, 0, -0.9858435032985, -1.01910110045, -5.551115123126e-17, -5.551115123126e-17, 5.551115123126e-17, -5.551115123126e-17, -0.003669027196202, 0.3173888819362, 0.3243732277783, 0, 0.3168102946693, 0.3234810375313
5.475, -0.09225402561871, -0.1065618432468, -0.01441830430742, -0.158215386386, -0.7840810723394, 0.02599555025284, 0, 198.9615755096, -20.5068554748, 204.7475478949, -18.70632381471, 133.0183973854, 87.50031069543, 21.58148554125, 141.6783254883, 4478.568534164, 2605.917348617, 4571.114081559, 2787.466126889, 6, 0, -0.1367245741615, -0.0001034665472007, -0, -0, -0, -0, -0, 0.6698239488137, 0, 0, 0, 0, 0, 0.6698239488148, 0.4898830145179, 0.4933807311436, 0.6135607676118, 0.3556388317929, 89.74274076771, 89.22653458899, 89.79917489406, 89.23612567365, 182.0509389888, -0.008654742361322, -0.08715591155615, -3.125210494009, 1, 120.1766103443, 120, 120.1765472766, 182.0415723884, 179.1316290824, 182.0601863127, 179.1510011115, 182.0509389888, 182.0416022048, 179.1316640115, 198.7421261105, 182.0602189657, 179.1510280364, 0.6384043475392, 0, 0.6297502161722, 0.7167231556551, 0.5512445884791, 0.7680652418694, 0.6999465133273, 0.66733320355, -0.974409303389, -1.008159582792, -0.1367245741615, 0.6972338672438, 0.6645410738723, 0, -0.9778031213292, -1.010167990647, -0, -0, -0, -0, -0.003530495629382, 0.3172773259498, 0.3242644051094, 0, 0.3169254315449, 0.3235927732465
5.5, -0.05981678376523, -0.05908216860181, 0.01741800991404, -0.1107436051465, -0.9299913864678, 0.01458554112124, 0, 198.348293543, -20.31821719522, 203.848657928, -18.78450005067, 90.37223006557, 50.66302898858, -24.23847900193, 100.4724555592, 4507.68029997, 2634.297853136, 4542.653929183, 2759.354009117, 6, 0, -0.1289059281933, -0.002343771423444, -0, -0, -0, -0, -0, 0.6091145800733, 0, 0, 0, 0, 0, 0.6091145805829, 0.4384274774701, 0.4509603650896, 0.5634027767674, 0.3155788021539, 90.15229460571, 89.63525725047, 90.20840213069, 89.64452546199, 182.8854696246, -0.01495185885898, -0.0927404170605, -3.222995582439, 1, 120.1718411888, 120, 120.1717720574, 182.8764168664, 179.9664616015, 182.8943798689, 179.985144602, 182.8854696246, 182.876442364, 179.9664921737, 199.5759935214, 182.8944083887, 179.9851675655, 0.6168749828989, 0, 0.6019406875235, 0.6865522459901, 0.5241531590713, 0.7379773965463, 0.7078126402998, 0.6763494256049, -0.9665564309846, -0.9991543824567, -0.1289059281933, 0.7053857333322, 0.6737981721299, 0, -0.9696738749826, -1.000937150767, -0, -0, -5.551115123126e-17, -0, -0.003398190643573, 0.3171710114807, 0.3241604894956, 0, 0.3170344707295, 0.3236989928863
5.525, -0.03011372912289, -0.01511824950397, 0.04672082533116, -0.0667271604964, -1.039946466135, 0.004016498266, 0, 197.9466030699, -20.27553116727, 203.2637081513, -18.87162300118, 49.88431436126, 15.72334106843, -65.32945237088, 62.76995033709, 4535.001897117, 2660.981451314, 4516.037852053, 2732.937250927, 6, 0, -0.1210427041127, -0.004473762013277, -0, -0, -0, -0, -0, 0.5499451569246, 0, 0, 0, 0, 0, 0.5499451586011, 0.3881906804706, 0.4097867138074, 0.5145343049396, 0.276640287139, 90.56183795451, 90.04399016382, 90.61759648932, 90.05288665939, 183.7199648967, -0.0186589540783, -0.09592683060106, -3.264673268545, 1, 120.1669817659, 120, 120.1669089106, 183.7112695535, 180.8013056889, 183.7284949485, 180.8192078608, 183.7199648967, 183.711291057, 180.80133212, 200.4098133565, 183.7285196165, 180.8192270934, 0.5921550336104, 0, 0.5735260366951, 0.6533951788515, 0.4962645297896, 0.7048575877862, 0.7157219028781, 0.6855705476685, -0.9586596990612, -0.9899441336668, -0.1210427041127, 0.7135737559501, 0.6832529213172, 0, -0.9615076537486, -0.9915074195421, -5.551115123126e-17, -0, -5.551115123126e-17, 5.551115123126e-17, -0.003271826208729, 0.3170710736693, 0.3240626761802, 0, 0.3171363241577, 0.3237986986574
5.55, -0.002565200809235, 0.02488119594885, 0.07406932890551, -0.02660775598788, -1.115963148213, -0.005751551870071, 0, 197.6624340304, -19.70450700897, 203.0911414323, -19.00407071433, 11.30469984578, -17.6796376707, -101.9750604751, 28.85639993927, 4560.202677352, 2685.689721965, 4491.590665591, 2708.51400896, 6, 0, -0.113181282678, -0.006491526270183, -0, -0, -0, -0, -0, 0.492590550979, 0, 0, 0, 0, 0, 0.4925905541407, 0.3394641226677, 0.3700324866805, 0.4672539848315, 0.2390461407352, 90.97136788838, 90.452728507, 91.02676810517, 90.4612152275, 184.5544247231, -0.0209258840002, -0.09786740060024, -3.263462342902, 1, 120.1620593319, 120, 120.1619844608, 184.5461191847, 181.6361490761, 184.5625428596, 181.6532043052, 184.5544247231, 184.5461370233, 181.6361716498, 201.2435892315, 184.5625639596, 181.6532200976, 0.5651187334592, 0, 0.5442310180071, 0.6181633301787, 0.4673010277601, 0.6696064108425, 0.72362786982, 0.6949050512466, -0.9507651759204, -0.9806196927207, -0.113181282678, 0.7217499074165, 0.6928128402628, 0, -0.953352194337, -0.9819709266998, -0, -0, 5.551115123126e-17, -0, -0.003151005372898, 0.3169787548563, 0.3239720132298, 0, 0.3172297842046, 0.3238907854774
5.575, 0.0227644214989, 0.06065723887352, 0.09939032132164, 0.009344880037981, -1.162170968263, -0.01463797146641, 0, 197.5585322911, -19.73782586218, 203.2265926165, -19.19595920712, -24.94465821885, -47.52830723639, -135.0960112061, -1.619069702227, 4583.079601203, 2708.256903877, 4469.451200584, 2686.258905907, 6, 0, -0.105364515885, -0.008401095068154, -0, -0, -0, -0, -0, 0.4373035579814, 0, 0, 0, 0, 0, 0.4373035626824, 0.2924848063417, 0.3319187832696, 0.4218029502504, 0.2029714765092, 91.38088479275, 90.86146114364, 91.4359229603, 90.86951803097, 185.3888493635, -0.02230719876794, -0.09911371193291, -3.231462064434, 1, 120.1571066, 120, 120.1570304908, 185.380955047, 182.4709806108, 185.3965348934, 182.4871464961, 185.3888493635, 185.3809695678, 182.4709996599, 202.0773258206, 185.3965527315, 182.4871591766, 0.5365676709713, 0, 0.5143031390445, 0.5816925954317, 0.4375131245326, 0.6330558870101, 0.7314875065548, 0.7042691579811, -0.9429156370649, -0.9712648938737, -0.105364515885, 0.7298698657069, 0.7023929194742, 0, -0.9452516318547, -0.9724125153464, -0, -5.551115123126e-17, -0, -0, -0.003035217140441, 0.3168948276516, 0.3238891289004, 0, 0.3173143443699, 0.3239746130109
5.6, 0.04569286621175, 0.09203022967176, 0.1224889472601, 0.04094525747537, -1.182133190324, -0.02257968240735, 0, 197.8156883943, -19.68008822293, 203.5815051881, -18.95904191948, -57.80167951217, -74.34368187004, -164.9390607535, -28.03930851708, 4603.492827539, 2728.563570681, 4449.637236823, 2666.179524502, 6, 0, -0.09763204699349, -0.01021073477427, -0, -0, -0, -0, -0, 0.3843079340746, 0, 0, 0, 0, 0, 0.3843079401773, 0.2474496336752, 0.2955742944908, 0.3783773276485, 0.1685771967592, 91.79039046545, 91.27018277628, 91.84506497227, 91.27779958032, 186.2232392135, -0.02307429347637, -0.099929078743, -3.179082032948, 1, 120.1521616676, 120, 120.1520846024, 186.2157676507, 183.3057907453, 186.2304813157, 183.3210455288, 186.2232392135, 186.2157792131, 183.3058066264, 202.9110287416, 186.2304962172, 183.3210554454, 0.5072010437142, 0, 0.4841706990178, 0.5447130141697, 0.4073372168958, 0.5959393675498, 0.7392609837448, 0.7135870838312, -0.9351507408039, -0.9619550797558, -0.09763204699349, 0.7378927391611, 0.7119166682772, 0, -0.937246739407, -0.9629084601249, -0, -0, -0, -0, -0.002923916084668, 0.3168198332521, 0.3238144838188, 0, 0.3173899548677, 0.3240501663308
5.625, 0.06614987762721, 0.1190820983548, 0.1432816742341, 0.06827596807556, -1.181001406661, -0.02954691394899, 0, 198.4160811416, -19.6260129637, 204.130506513, -19.10743305641, -86.91472641595, -97.91849221164, -191.608959098, -50.42591149532, 4621.332722361, 2746.597481957, 4432.138227849, 2648.399100014, 6, 0, -0.09001990303604, -0.01193081534212, -0, -0, -0, -0, -0, 0.3338069175572, 0, 0, 0, 0, 0, 0.3338069247943, 0.2045388482526, 0.261128653859, 0.3371536035795, 0.1360070596969, 92.19988497495, 91.67888983763, 92.25419731626, 91.68606036063, 187.0575949329, -0.02349654170011, -0.100572870411, -3.114978857393, 1, 120.1472444335, 120, 120.1471665841, 187.0505493065, 184.1405715605, 187.0643910807, 184.1549109172, 187.0575949329, 187.0505582695, 184.1405846386, 203.7447014029, 187.0644033759, 184.1549184218, 0.4776108962757, 0, 0.4541568558721, 0.5078464074692, 0.3771064896685, 0.5588772460843, 0.7469121136335, 0.7227922907685, -0.9275065582066, -0.9527565937938, -0.09001990303604, 0.7457813710156, 0.7213168386311, 0, -0.9293745942085, -0.9535259381736, -0, -0, -0, -5.551115123126e-17, -0.002816588764708, 0.316754202814, 0.3237481395681, 0, 0.3174566744834, 0.3241170006384
5.65, 0.08411529900105, 0.1419261421418, 0.161733926666, 0.09143616551595, -1.162904251478, -0.03558240858057, 0, 199.2422759977, -19.5969211203, 204.8147432227, -19.16636244954, -112.3981995231, -118.1880327642, -215.1938847397, -69.27306232202, 4636.525298183, 2762.320138528, 4416.979401565, 2632.946449373, 6, 0, -0.08256046266471, -0.01357124336586, -0, -0, -0, -0, -0, 0.2859850762234, 0, 0, 0, 0, 0, 0.2859850842459, 0.1639152884364, 0.2287004744074, 0.2982887776209, 0.1053642342077, 92.60936645784, 92.08757886424, 92.66332257423, 92.09430571028, 187.8919172524, -0.02377954469843, -0.1012388177403, -3.045864576766, 1, 120.1423860487, 120, 120.1423074554, 187.8852940243, 184.9753168232, 187.8982715727, 184.9887505119, 187.8919172524, 187.8853007374, 184.9753274576, 204.5783488435, 187.8982815869, 184.9887559469, 0.448271552675, 0, 0.4245307895285, 0.4715914730649, 0.3471020167188, 0.522374880598, 0.7544083738512, 0.731827941038, -0.9200155563816, -0.9437263318163, -0.08256046266471, 0.7535023664653, 0.7305359435912, 0, -0.9216685596203, -0.9443224502818, -5.551115123126e-17, -0, -0, -5.551115123126e-17, -0.002712855791051, 0.3166982364522, 0.32369025666, 0, 0.3175144306199, 0.3241750248103
5.675, 0.09960253430383, 0.1607508814955, 0.1778422422544, 0.1106043387827, -1.131813818152, -0.04071618932286, 0, 200.2016678163, -19.59315289823, 205.5966033412, -19.1991423086, -134.4057179509, -135.1710892843, -235.7663434816, -84.77537116912, 4649.116075337, 2775.760553446, 4404.136188302, 2619.740762205, 6, 0, -0.07528260949519, -0.01513925984312, -0, -0, -0, -0, -0, 0.2409843615808, 0, 0, 0, 0, 0, 0.2409843699933, 0.125701983584, 0.1983737712824, 0.2618970585495, 0.0767237021121, 93.01883253956, 92.49624712593, 93.07244287766, 92.50253910043, 188.7262070148, -0.02407745951277, -0.1020664401531, -2.976816795749, 1, 120.137610137, 120, 120.1375310165, 188.7199973379, 185.810021809, 188.7321289021, 185.8225706742, 188.7262070148, 188.7200021334, 185.8100303425, 205.4119752116, 188.7321369474, 185.8225743632, 0.4195569688151, 0, 0.3955127135423, 0.4363418862727, 0.3175586672307, 0.4868354686262, 0.7617207737068, 0.7406458590351, -0.9127067378034, -0.934912537083, -0.07528260949519, 0.7610260825106, 0.7395253536439, 0, -0.9141582968321, -0.9353466846843, -0, -0, -0, -0, -0.00261252149707, 0.316651789893, 0.3236407446947, 0, 0.3175633384436, 0.3242245572122
5.7, 0.1126727947731, 0.1758189913391, 0.1916481795633, 0.1260333701397, -1.091470853074, -0.04498880757072, 0, 201.2362882743, -19.61193827451, 206.4446773344, -19.21568729984, -153.0702075867, -148.979533976, -253.4181040169, -97.18673444736, 4659.256426968, 2787.027938435, 4393.521742517, 2608.648502318, 6, 0, -0.06821191835466, -0.01663954672057, -0, -0, -0, -0, -0, 0.1988969706808, 0, 0, 0, 0, 0, 0.1988969790684, 0.08997743619397, 0.17019246762, 0.2280441349163, 0.05012179774763, 93.42828123967, 92.90489266671, 93.48155985269, 92.91076303961, 189.5604651043, -0.02450373848388, -0.1031512967851, -2.911333044121, 1, 120.1329321075, 120, 120.1328527666, 189.5546561987, 186.6446832007, 189.5659678737, 186.6563763082, 189.5604651043, 189.5546593859, 186.6446899514, 206.2455835441, 189.5659742423, 186.6563785488, 0.3917443026308, 0, 0.3672667079909, 0.4023892095952, 0.2886584256492, 0.4525605227484, 0.7688236784123, 0.7492061661916, -0.9056058163105, -0.9263552014398, -0.06821191835466, 0.7683264762873, 0.7482449618401, 0, -0.9068699082822, -0.9266388575453, -0, -0, -0, -0, -0.002515579250182, 0.3166143244129, 0.3235992143947, 0, 0.3176037465, 0.324266112858
5.725, 0.1234288215398, 0.1874512018841, 0.2032328658513, 0.1380339796478, -1.04523132471, -0.04845159020489, 0, 202.309915408, -19.64961776768, 207.3355700142, -19.21896498425, -168.5317006154, -159.8054005304, -268.2724729929, -106.7974555884, 4667.160124694, 2796.287820258, 4385.005500722, 2599.515588128, 6, 0, -0.0613707367343, -0.01807547188476, -0, -0, -0, -0, -0, 0.1597679797979, 0, 0, 0, 0, 0, 0.1597679877484, 0.05677894025278, 0.144165524084, 0.1967507959302, 0.0255608248347, 93.8377112271, 93.31351424973, 93.89067462347, 93.31897937646, 190.3946924167, -0.02512825588065, -0.1045426221009, -2.851471633938, 1, 120.1283624295, 120, 120.1282831761, 190.3892688208, 187.4792989595, 190.3997920685, 187.4901709551, 190.3946924167, 190.389270682, 187.479304216, 207.0791761912, 190.3997970285, 187.490172015, 0.3650217958225, 0, 0.3399114793833, 0.3699300253256, 0.2605406444729, 0.4197570423663, 0.7756947244223, 0.7574768065639, -0.8987352904768, -0.9180865287955, -0.0613707367343, 0.7753810005429, 0.7566626793476, 0, -0.8998260299449, -0.918231201944, 5.551115123126e-17, -0, -0, -0, -0.002422171667726, 0.3165850679656, 0.3235650659626, 0, 0.3176361663832, 0.324300282698
5.75, 0.1320050265251, 0.196007194759, 0.2127082035973, 0.1469556220549, -0.9959838208452, -0.05116534233972, 0, 203.3995154573, -19.7021244231, 208.2529723731, -19.21155706189, -180.9563029248, -167.9016129282, -280.4824544848, -113.9180985252, 4673.061333352, 2803.72883774, 4378.435901985, 2592.188761487, 6, 0, -0.0547782355156, -0.01944988433663, -0, -0, -0, -0, -0, 0.1236028484328, 0, 0, 0, 0, 0, 0.1236028555546, 0.02610977029021, 0.1202751714484, 0.1680011985085, 0.003016427271608, 94.24712180336, 93.72211127293, 94.29978785936, 93.7271894002, 191.2288898426, -0.02597871418568, -0.1062457665415, -2.798047574676, 1, 120.1239080667, 120, 120.1238291765, 191.2238345045, 188.3138681676, 191.2336039776, 188.3239569509, 191.2288898426, 191.2238352939, 188.313872187, 207.912755006, 191.2336077705, 188.3239570667, 0.3394995362095, 0, 0.3135297187877, 0.3390767675897, 0.2333103693696, 0.3885483543765, 0.7823147609511, 0.7654329476693, -0.8921144860714, -0.9101315252013, -0.0547782355156, 0.7821705048022, 0.7647537891369, 0, -0.8930459189114, -0.9101485995529, -5.551115123126e-17, -0, -5.551115123126e-17, -0, -0.002332534811869, 0.3165631711107, 0.3235376123755, 0, 0.3176611870306, 0.3243276534256
5.775, 0.1385566896104, 0.2018658471062, 0.2202071793659, 0.153167247567, -0.9461128634109, -0.05319748997735, 0, 204.4905795304, -19.76527329146, 209.1857659671, -19.19624935738, -190.5384041722, -173.5604959991, -290.2228996722, -118.8653781964, 4677.188546489, 2809.53897653, 4373.654540573, 2586.518759489, 6, 0, -0.04845048786966, -0.02076528106018, -0, -0, -0, -0, -0, 0.0903751887432, 0, 0, 0, 0, 0, 0.0903751946786, -0.00205398380715, 0.09848359695439, 0.1417511041648, -0.01755585932671, 94.65651280502, 94.13068367113, 94.7088998417, 94.13539392323, 192.0630582556, -0.02704520799483, -0.1082279524589, -2.750853615934, 1, 120.1195734037, 120, 120.1194951354, 192.0583534516, 189.1483908524, 192.0674051609, 189.1577356135, 192.0630582556, 192.0583533945, 189.1483938598, 208.7463214688, 192.067408001, 189.1577349908, 0.3152216793143, 0, 0.2881757603144, 0.3098707831563, 0.207044805961, 0.3589868532312, 0.7886677616936, 0.7730562702373, -0.8857596274924, -0.9025086975491, -0.04845048786966, 0.7886791094028, 0.7725001978432, 0, -0.8865455703137, -0.9024093165775, -0, -0, -5.551115123126e-17, -0, -0.002246942500567, 0.3165478037276, 0.3235161676967, 0, 0.317679421278, 0.3243487953731
5.8, 0.1432507401924, 0.2054076341537, 0.2258755891538, 0.1570404643906, -0.8974948306508, -0.05461876886841, 0, 205.5741774378, -19.83500793759, 210.1261518627, -19.17590582827, -197.4942186505, -177.0936412331, -297.6812464936, -121.9500400257, 4679.755476147, 2813.895336099, 4370.499583045, 2582.355007729, 6, 0, -0.04240059801977, -0.02202366675043, -0, -0, -0, -0, -0, 0.06003244053348, 0, 0, 0, 0, 0, 0.06003244496844, -0.02775881650318, 0.07873673331671, 0.1179338742647, -0.03621598938883, 95.06588449187, 94.53923181397, 95.11801053776, 94.54359336459, 192.8971985039, -0.02828703572945, -0.1104262011757, -2.708887099737, 1, 120.1153609195, 120, 120.1152835436, 192.8928265808, 189.9828678041, 192.9011964153, 189.9915074371, 192.8971985039, 192.8928258745, 189.9828699944, 209.5798767739, 192.9011984901, 189.9915062524, 0.2921791575142, 0, 0.2638814795002, 0.2822961607306, 0.1817981027821, 0.3310671678387, 0.7947406874089, 0.7803341802054, -0.8796839599378, -0.8952308273979, -0.04240059801977, 0.7948940430848, 0.7798896265749, 0, -0.8803378728994, -0.8950258039396, -0, -0, -0, 5.551115123126e-17, -0.002165658700709, 0.3165381886858, 0.323500085077, 0, 0.3176914927455, 0.3243642821885
5.825, 0.1462591879, 0.207000675854, 0.2298663008342, 0.1589362045002, -0.8515175375959, -0.05550035170956, 0, 206.6449365827, -19.90761489316, 211.0682690963, -19.15329015213, -202.0535029993, -178.815315231, -303.0500411151, -123.4676013482, 4680.961238923, 2816.963868296, 4368.805308475, 2579.541282528, 6, 0, -0.03663887322158, -0.02322649715365, -0, -0, -0, -0, -0, 0.03249940091467, 0, 0, 0, 0, 0, 0.03249940358502, -0.05107112272894, 0.06096598570943, 0.0964644175096, -0.0530364438174, 95.47523744018, 94.94775640591, 95.52711967559, 94.95178783331, 193.7313114077, -0.02964090169618, -0.112756491147, -2.670570159121, 1, 120.1112716825, 120, 120.1111954909, 193.7272553528, 190.8173003982, 193.7349779431, 190.8252722855, 193.7313114077, 193.7272541677, 190.8173019379, 210.4134218926, 193.7349794144, 190.8252706885, 0.2703221791483, 0, 0.2406605916181, 0.2562932042942, 0.1576046938436, 0.3047389092149, 0.800523307518, 0.7872589897355, -0.8738979151718, -0.8883057762519, -0.03663887322158, 0.8008054502552, 0.7869147825133, 0, -0.8744327969623, -0.8880055195376, -0, -0, -0, -0, -0.00208890047742, 0.3165336009741, 0.32348875766, 0, 0.3176980373838, 0.3243747069908
5.85, 0.1477549956542, 0.2069905762598, 0.2323357524989, 0.1591948703932, -0.8091173834872, -0.05591174947961, 0, 207.699695207, -19.97986675181, 212.0073152464, -19.13091915796, -204.4525332224, -179.0298563022, -306.5224968153, -123.6921021278, 4680.992638656, 2818.903005664, 4368.404292831, 2577.916330301, 6, 0, -0.03117302175193, -0.02437489339078, -0, -0, -0, -0, -0, 0.007680640514225, 0, 0, 0, 0, 0, 0.007680641209262, -0.0720753106619, 0.04508935829124, 0.07724220722342, -0.06810014537561, 95.88457244668, 95.356258393, 95.93622681556, 95.35997720903, 194.5653977605, -0.03102962419956, -0.115123273977, -2.633954939528, 1, 120.1073057148, 120, 120.1072310019, 194.5616416103, 191.6516904288, 194.5687495123, 191.6590295731, 194.5653977605, 194.5616400917, 191.6516914586, 211.2469576219, 194.5687505175, 191.6590276895, 0.2495720077898, 0, 0.2185117238479, 0.2317709146371, 0.1344815641386, 0.2799185881109, 0.8060079980482, 0.793827112341, -0.8684093034849, -0.881737280326, -0.03117302175193, 0.8064061789702, 0.793572548012, 0, -0.8688376033209, -0.8813517350304, -0, 5.551115123126e-17, -0, -0, -0.002016810938015, 0.3165333591093, 0.3234816050362, 0, 0.317699695279, 0.3243806800884
5.875, 0.1479096185676, 0.2056935068373, 0.2334416940934, 0.1581293831501, -0.7708292602788, -0.05591938278575, 0, 208.7366501886, -20.04909717753, 212.9390842387, -19.11096363185, -204.9289623955, -178.0225575909, -308.2899550428, -122.8723453636, 4680.024894312, 2819.865941178, 4369.126759661, 2577.318569564, 6, 0, -0.02600836097803, -0.0254700142303, -0, -0, -0, -0, -0, -0.01453706368498, 0, 0, 0, 0, 0, -0.01453706512133, -0.0908716570684, 0.03101309507379, 0.06015397376419, -0.08149851147265, 96.29389044472, 95.76473887888, 96.345331416, 95.76816121722, 195.3994583335, -0.0323706053798, -0.117428360068, -2.596907880136, 1, 120.103462261, 120, 120.1033892914, 195.3959874344, 192.4860399578, 195.4025106025, 192.4927784299, 195.3994583335, 195.3959857046, 192.4860405953, 212.0804846239, 195.402511257, 192.4927763643, 0.2298316441113, 0, 0.1974206278294, 0.2086181089127, 0.1124300480121, 0.2565004899277, 0.811189531255, 0.8000383069574, -0.8632235179931, -0.8755257014686, -0.02600836097803, 0.8116915591389, 0.7998632156934, 0, -0.8635570628754, -0.8750642980385, -0, -0, -0, -0, -0.001949443222487, 0.3165368224306, 0.3234780647727, 0, 0.317697113118, 0.3243828115083
5.9, 0.1468916274333, 0.2033917809707, 0.2333418833824, 0.1560205134264, -0.7368452738294, -0.05558567200184, 0, 209.7548403476, -20.11322092342, 213.8598524285, -19.09518011946, -203.7182862449, -176.0532623214, -308.540873909, -121.2298220929, 4678.220396261, 2819.999780343, 4370.801792109, 2577.591841603, 6, 0, -0.0211480271688, -0.02651339878406, -0, -0, -0, -0, -0, -0.03428177956983, 0, 0, 0, 0, 0, -0.03428178324028, -0.1075735131006, 0.01863408947241, 0.04507669072536, -0.09332935284122, 96.70319243368, 96.17319905169, 96.75443289128, 96.17633949642, 196.2334938803, -0.03358373089418, -0.1195789791265, -2.557268666949, 1, 120.0997399923, 120, 120.0996689747, 196.2302950214, 193.3203511827, 196.2362605339, 193.3265178446, 196.2334938803, 196.2302931817, 193.3203515256, 212.9140034601, 196.2362609328, 193.3265156832, 0.2109951441131, 0, 0.1773615986245, 0.1867130274995, 0.09143708883165, 0.2343663369179, 0.8160648646053, 0.8058949913722, -0.858343742438, -0.8696687132721, -0.0211480271688, 0.8166591764777, 0.8057897885332, 0, -0.8585936812831, -0.8691403304326, -0, -0, -5.551115123126e-17, -0, -0.001886755168806, 0.3165433958286, 0.3234775956525, 0, 0.317690939771, 0.3243816896477
5.925, 0.1448661043935, 0.2003314196078, 0.2321934247373, 0.153114148896, -0.7070795638152, -0.05496853156311, 0, 210.7538021857, -20.17072819548, 214.766386497, -19.08486193372, -201.0516167882, -173.3521664641, -307.4609915513, -118.9577926979, 4675.72692289, 2819.442364204, 4373.262206484, 2578.589944086, 6, 0, -0.0165931849677, -0.0275071163401, -0, -0, -0, -0, -0, -0.05169297129708, 0, 0, 0, 0, 0, -0.05169297725434, -0.1223039582785, 0.007842775913082, 0.03188092650074, -0.1036946174674, 97.11247942201, 96.5816401224, 97.16353066019, 96.58451165578, 197.0675051397, -0.03459854812881, -0.121494970409, -2.512980564879, 1, 120.0961371661, 120, 120.0960682448, 197.0645665803, 194.1546263253, 197.069998573, 194.1602467831, 197.0675051397, 197.0645647134, 194.1546264535, 213.7475146181, 197.0699987935, 194.1602445967, 0.1929553883074, 0, 0.1582980666719, 0.1659313662437, 0.07147581989961, 0.2133935522408, 0.8206329307186, 0.8114016349814, -0.8537711599189, -0.864161910657, -0.0165931849677, 0.8213086443505, 0.8113573565351, 0, -0.8539479265784, -0.8635748509766, -0, -5.551115123126e-17, -0, -0, -0.001828614653687, 0.3165525365559, 0.3234796896404, 0, 0.3176818082596, 0.3243778644932
5.95, 0.1419951071526, 0.1967213881257, 0.230153039545, 0.1496202656439, -0.6812369352244, -0.05412122040741, 0, 211.7332836768, -20.22067526555, 215.6559754907, -19.08080743799, -197.154874041, -170.1175548114, -305.234397895, -116.2212496024, 4672.676877438, 2818.3188826, 4376.350240267, 2580.179162316, 6, 0, -0.01234323907499, -0.02845369549876, -0, -0, -0, -0, -0, -0.06691793591587, 0, 0, 0, 0, 0, -0.0669179441676, -0.1351922972932, -0.001474012578558, 0.0204341585715, -0.1126982072368, 97.52175238409, 96.99006327547, 97.57262418283, 96.99267732127, 197.9014928366, -0.03536111604219, -0.1231154989598, -2.462189686017, 1, 120.0926517447, 120, 120.0925850074, 197.8988042534, 194.988867542, 197.9037240142, 194.9939642813, 197.9014928366, 197.8988024259, 194.9888675207, 214.5810185321, 197.9037241181, 194.993962127, 0.1756101783553, 0, 0.1401818465543, 0.1461526704495, 0.05250494711127, 0.193461938732, 0.8248944256059, 0.8165642338351, -0.849505165004, -0.8589993382761, -0.01234323907499, 0.8256413729951, 0.816572555875, 0, -0.8496184599655, -0.8583613163533, 5.551115123126e-17, -0, -0, -0, -0.001774813943844, 0.3165637572839, 0.3234838846594, 0, 0.3176703147214, 0.3243718383283
5.975, 0.1384402750186, 0.1927343910799, 0.2273793689843, 0.145713499859, -0.6588837978834, -0.05309264100404, 0, 212.6929533386, -20.26268716174, 216.5264802816, -19.0832935373, -192.2503061678, -166.5153548389, -302.0461515489, -113.1576901717, 4669.188323178, 2816.740349623, 4379.921472082, 2582.238909256, 6, 0, -0.00839605317299, -0.02935592659082, -0, -0, -0, -0, -0, -0.080108640055, 0, 0, 0, 0, 0, -0.08010865056968, -0.1463708512137, -0.009430707798961, 0.01060361783447, -0.1204442043166, 97.9310122319, 97.39846963212, 97.98171298477, 97.40083616988, 198.7354576817, -0.03584161511603, -0.124406405131, -2.403311504509, 1, 120.0892814742, 120, 120.0892169669, 198.7330100633, 195.8230768591, 198.7374362349, 195.8276695093, 198.7354576817, 198.7330083279, 195.8230767408, 215.4145155938, 198.7374362702, 195.8276674331, 0.1588665869473, 0, 0.1229498797542, 0.1272650071901, 0.03446575191373, 0.1744586213367, 0.8288515904072, 0.821389866779, -0.8455435837552, -0.8541739379578, -0.00839605317299, 0.8296603338123, 0.8214431120621, 0, -0.8456023719056, -0.8534920788695, -0, 5.551115123126e-17, -0, -0, -0.001725089368624, 0.3165766224781, 0.3234897704328, 0, 0.3176570039926, 0.3243640635014
6, 0.1343668724176, 0.1885092275346, 0.224036644661, 0.1415352858401, -0.6395217069495, -0.05192826138314, 0, 213.6351727485, -20.29701317466, 217.3793032854, -19.09205878335, -186.5617065937, -162.6804268982, -298.0876910339, -109.8787371194, 4665.367928302, 2814.804846305, 4383.845578466, 2584.660793886, 6, 0, -0.004748183021935, -0.03021665839449, -0, -0, -0, -0, -0, -0.09141940213782, 0, 0, 0, 0, 0, -0.09141941485106, -0.1559724846925, -0.01614149572637, 0.00225827677851, -0.1270358102781, 98.34025980277, 97.80686022669, 98.39079667046, 97.8089879512, 199.5694003707, -0.03604237664678, -0.1253678826924, -2.335063130591, 1, 120.0860239805, 120, 120.0859617182, 199.5671858863, 196.6572561329, 199.5711347227, 196.6613618097, 199.5694003707, 199.5671842841, 196.6572559593, 216.2480061649, 199.5711347265, 196.6613598481, 0.1426435041607, 0, 0.1065187548196, 0.1091678027775, 0.01727696223802, 0.1562811317131, 0.8325079795588, 0.825886329302, -0.8418829083284, -0.8496779183673, -0.004748183021935, 0.8333698140786, 0.8259774654361, 0, -0.8418954280001, -0.8489587622972, -0, -0, -5.551115123126e-17, -0, -0.001679142197289, 0.3165907376552, 0.3234969840046, 0, 0.3176423669978, 0.3243549460491
6.025, 0.1298873191267, 0.1841552688536, 0.2202376763739, 0.1371979861031, -0.622650724563, -0.05066691193843, 0, 214.5880848211, -20.3247562292, 218.2402417967, -19.10689291778, -180.2879218769, -158.7197383134, -293.5304739012, -106.4729402113, 4661.314290947, 2812.601075467, 4388.004085004, 2587.347767954, 6, 0, -0.001395125960755, -0.03103880538055, -0, -0, -0, -0, -0, -0.1010052575088, 0, 0, 0, 0, 0, -0.1010052723299, -0.164131912844, -0.02171934935301, -0.004733005891235, -0.1325748880713, 98.74949587363, 98.21523599787, 98.79987501855, 98.21713249745, 200.4033215899, -0.03594477980766, -0.1259808555547, -2.256461246761, 1, 120.0828785477, 120, 120.082818489, 200.401333379, 197.4914070416, 200.4048191646, 197.4950407124, 200.4033215899, 200.401331941, 197.4914068451, 217.0814908245, 200.4048191642, 197.4950388938, 0.1268723826274, 0, 0.09083855654647, 0.09177279829204, 0.0008891217305748, 0.1388386511582, 0.8358681965702, 0.8300618432393, -0.8385185645478, -0.845503049408, -0.001395125960755, 0.8367751600941, 0.8301844755478, 0, -0.8384923264938, -0.8447525590069, 5.551115123126e-17, -0, -0, -0, -0.001636654984979, 0.3166057371623, 0.3235051966243, 0, 0.3176268493454, 0.3243448490128
6.05, 0.1249816079038, 0.1797578690214, 0.2159637994418, 0.1327900015298, -0.6077237290191, -0.04932626227188, 0, 215.5538025423, -20.34595929829, 219.1068342873, -19.12822140858, -173.4895047741, -154.7168745561, -288.4171610164, -103.0101684572, 4657.109431779, 2810.205944505, 4392.296840377, 2590.221676102, 6, 0, 0.001668491742619, -0.03182563395505, -0, -0, -0, -0, -0, -0.1090177829591, 0, 0, 0, 0, 0, -0.1090177997772, -0.17098650336, -0.02627277554576, -0.01050281073121, -0.1371593314387, 99.15872111846, 98.62359779404, 99.20894805901, 98.62526973271, 201.2372220369, -0.03541692814281, -0.1261141286879, -2.166815071252, 1, 120.0798466169, 120, 120.0797886574, 201.2354538708, 198.3255310972, 201.2384895894, 198.3287059577, 201.2372220369, 201.2354526177, 198.325530903, 217.9149704615, 201.2384896043, 198.3287043038, 0.1114975012016, 0, 0.07598545378049, 0.07500461639631, -0.01462229683429, 0.1220529143164, 0.8389376841628, 0.8339248516071, -0.8354451253852, -0.8416408721054, 0.001668491742619, 0.8398825719939, 0.8340731977387, 0, -0.8353869045815, -0.8408644549267, -0, -0, -0, 5.551115123126e-17, -0.001597300430967, 0.3166213160948, 0.3235141229117, 0, 0.317610827349, 0.3243340644178
6.075, 0.1196871471416, 0.1753775570267, 0.2112547701921, 0.1283747850563, -0.5940438941658, -0.04791479048672, 0, 216.5150398843, -20.35930242266, 219.9597673276, -19.15675702509, -166.173117337, -150.7328960297, -282.7491503969, -99.54331564823, 4652.799009367, 2807.666519263, 4396.664192425, 2593.23603848, 6, 0, 0.004448921370625, -0.03258044153345, -0, -0, -0, -0, -0, -0.1155969537701, 0, 0, 0, 0, 0, -0.1155969724591, -0.1766593379036, -0.02989909814423, -0.01516856362029, -0.1408767812273, 99.56793608813, 99.0319463621, 99.61801584986, 99.03339969113, 202.0711024202, -0.03439064843518, -0.1257013759978, -2.065776761959, 1, 120.0769281916, 120, 120.0768722194, 202.0695485567, 199.1596296039, 202.0721461772, 199.1623575371, 202.0711024202, 202.0695475005, 199.1596294306, 218.748445784, 202.0721462201, 199.1623560637, 0.09647867003447, 0, 0.06198741690912, 0.05880402362588, -0.02923116328133, 0.1058617244366, 0.8417227771762, 0.8374838806364, -0.8326562607743, -0.8380828402316, 0.004448921370625, 0.8426990634155, 0.8376527073699, 0, -0.8325721803709, -0.8372854069513, -0, -0, -0, -0, -0.001560757658482, 0.3166373045791, 0.3235235883407, 0, 0.3175945254656, 0.3243227657729
6.1, 0.1140833822648, 0.1710470385179, 0.206192930961, 0.1239879346081, -0.5808701811302, -0.04644860206473, 0, 217.4576950755, -20.36445644621, 220.7830684473, -19.19217887653, -158.4222959875, -146.8040400016, -276.6085070584, -96.10557308293, 4648.396787762, 2804.996886419, 4401.086187974, 2596.371292373, 6, 0, 0.006953315859635, -0.03330595910951, -0, -0, -0, -0, -0, -0.1208671561031, 0, 0, 0, 0, 0, -0.1208671765241, -0.1812556999123, -0.0326819896717, -0.01882948443547, -0.1438021795587, 99.97714117623, 99.4402823181, 100.0270784684, 99.44152253422, 202.904963441, -0.03286523034065, -0.1247445267671, -1.953394598996, 1, 120.0741212802, 120, 120.0740672191, 202.9036184469, 199.9937035978, 202.9057892816, 199.9959957197, 202.904963441, 202.9036175933, 199.9937034589, 219.5819172215, 202.9057893598, 199.9959944379, 0.08179402426592, 0, 0.04882327811002, 0.04313135325349, -0.04296127835816, 0.09022247352203, 0.8442307196446, 0.8407474149316, -0.8301447232352, -0.8348204469239, 0.006953315859635, 0.8452324592199, 0.8409319611248, 0, -0.830040355532, -0.8340064834368, -0, -0, -0, -0, -0.001526730535972, 0.3166536513587, 0.323533541074, 0, 0.3175780194625, 0.3243110259632
6.125, 0.1082048856355, 0.1667740584075, 0.2008158749327, 0.1196401831312, -0.5675123108976, -0.04493815868952, 0, 218.3740660983, -20.3617193894, 221.5668658296, -19.23377608261, -150.3003596157, -142.9435259623, -270.058730063, -92.71024808988, 4643.905289234, 2802.197112591, 4405.562132788, 2599.616641943, 6, 0, 0.009189614280319, -0.03400409092441, -0, -0, -0, -0, -0, -0.1249392828436, 0, 0, 0, 0, 0, -0.1249393048469, -0.1848699710238, -0.03469479368328, -0.02157394206118, -0.1460007110553, 100.3863365896, 99.84860613662, 100.4361360755, 99.84963854819, 203.7388057798, -0.03082237573182, -0.1232282035513, -1.830098504797, 1, 120.0714225224, 120, 120.0713703394, 203.7376642495, 200.8277538371, 203.7394195255, 200.829621033, 203.7388057798, 203.7376635985, 200.8277537415, 220.4153849936, 203.7394196419, 200.8296199497, 0.0674396369996, 0, 0.03650739460796, 0.02796657506391, -0.05580120054826, 0.07511215109409, 0.8464695278286, 0.8437237962631, -0.8279024884102, -0.8318453258345, 0.009189614280319, 0.8474912964407, 0.843919714563, 0, -0.8277829150927, -0.8310189485689, -0, -5.551115123126e-17, -0, 5.551115123126e-17, -0.001494958148036, 0.3166703467736, 0.3235439813066, 0, 0.3175613128136, 0.3242988850173
6.15, 0.1020814495481, 0.1625468089306, 0.1951564085832, 0.1153227367864, -0.5533395512535, -0.04338855121059, 0, 219.2608467711, -20.35163923351, 222.3064632529, -19.2808422909, -141.8479494883, -139.1462770366, -263.142910063, -89.35387318239, 4639.328994925, 2799.268762328, 4410.094434392, 2602.960879813, 6, 0, 0.01116642182337, -0.03467608203609, -0, -0, -0, -0, -0, -0.1279140439406, 0, 0, 0, 0, 0, -0.1279140673669, -0.1875870589456, -0.03600400588827, -0.02348115130436, -0.1475310469058, 100.7955223951, 100.2569181553, 100.8451888968, 100.2577481312, 204.572630091, -0.02826195465394, -0.1211552951327, -1.69666664937, 1, 120.0688278443, 120, 120.0687775259, 204.571686432, 201.661780814, 204.5730377278, 201.6632342343, 204.572630091, 204.5716859786, 201.6617807668, 221.2488491918, 204.5730378817, 201.6632333522, 0.05342812489401, 0, 0.02505249859254, 0.01330789009436, -0.06774121273631, 0.06052591557103, 0.8484478816328, 0.8464211741779, -0.825920866374, -0.8291493009117, 0.01116642182337, 0.8494847234405, 0.8466244923623, 0, -0.8257907293324, -0.8283142937047, -0, 5.551115123126e-17, -0, -0, -0.001465215946325, 0.3166873735966, 0.3235549034233, 0, 0.3175443970856, 0.3242863843714
6.175, 0.09573379440639, 0.1583398263435, 0.1892381482182, 0.1110129591004, -0.5377982964424, -0.04180150261104, 0, 220.1178062777, -20.33502186842, 223.0007813597, -19.33259576956, -133.0934764797, -135.3940353728, -255.8931944563, -86.02054318103, 4634.676701816, 2796.21872722, 4414.682385116, 2606.393506043, 6, 0, 0.01289292944483, -0.03532288280269, -0, -0, -0, -0, -0, -0.1298839057195, 0, 0, 0, 0, 0, -0.1298839304023, -0.1894845311588, -0.03667065907523, -0.02462345837746, -0.1484468823674, 101.2046985381, 100.6652185854, 101.2542372297, 100.6658517802, 205.4064370031, -0.02519408327406, -0.1185388750642, -1.554188815919, 1, 120.0663329198, 120, 120.0662844426, 205.4056852334, 202.4957847773, 205.4066448873, 202.496836281, 205.4064370031, 205.4056849688, 202.4957847803, 222.0823098424, 205.4066450749, 202.4968355995, 0.03978694255173, 0, 0.01447591257184, -0.0008302833666516, -0.07876694663711, 0.04647519334042, 0.8501750429914, 0.8488475154824, -0.8241905850498, -0.8267243789069, 0.01289292944483, 0.8512224300528, 0.8490546056124, 0, -0.8240541245146, -0.8258842211902, -0, 5.551115123126e-17, -0, -0, -0.001437310827638, 0.3167046982934, 0.3235662817615, 0, 0.3175272752105, 0.3242735627191
6.2, 0.08918049936472, 0.1541189583433, 0.1830824277421, 0.106679146561, -0.5204234334941, -0.04017647646525, 0, 220.9461580723, -20.31278835881, 223.651036878, -19.38822992197, -124.0569168072, -131.6597924339, -248.3345403117, -82.68604742459, 4629.956697949, 2793.055252727, 4419.324245956, 2609.908956757, 6, 0, 0.0143788628296, -0.03594544334872, -0, -0, -0, -0, -0, -0.1309332979361, 0, 0, 0, 0, 0, -0.130933323703, -0.1906324627004, -0.03674998715775, -0.02506621587043, -0.1487969628299, 101.6138648683, 101.0735075262, 101.6632814369, 101.0739500758, 206.2402271214, -0.02164208861599, -0.1154051059605, -1.404024703709, 1, 120.0639334647, 120, 120.0638867788, 206.2396606997, 203.3297657634, 206.2402421487, 203.3304282993, 206.2402271214, 206.2396606115, 203.3297658157, 222.9157669518, 206.2402423641, 203.3304278145, 0.02655630243176, 0, 0.00479450466476, -0.01441967954516, -0.08886436628641, 0.03298549533817, 0.8516608067583, 0.8510106618149, -0.8227018402846, -0.8245626945863, 0.0143788628296, 0.8527145976843, 0.8512182074987, 0, -0.8225629336488, -0.8237205894685, 5.551115123126e-17, -0, 5.551115123126e-17, -0, -0.001411074502197, 0.3167222891025, 0.3235780854813, 0, 0.3175099537719, 0.3242604402705
6.225, 0.08244115553589, 0.1498447956951, 0.1767109107571, 0.1022839289694, -0.5008492438306, -0.03851198995527, 0, 221.7473690083, -20.28589222525, 224.2596557319, -19.44686097084, -114.7563346262, -127.9110740964, -240.4909576225, -79.32097497972, 4625.166535567, 2789.782758821, 4424.021343075, 2613.508455484, 6, 0, 0.01563444616974, -0.03654476549382, -0, -0, -0, -0, -0, -0.1311381454051, 0, 0, 0, 0, 0, -0.1311381720801, -0.1910925709982, -0.03629075803599, -0.02486718501454, -0.148624662947, 102.0230211647, 101.4817849819, 102.0723219354, 101.482043667, 207.0740010287, -0.01764296273416, -0.1117934979682, -1.247758217878, 1, 120.0616253754, 120, 120.0615804166, 207.0736127193, 204.1637236308, 207.0738307694, 204.1640115496, 207.0740010287, 207.0736127926, 204.1637237288, 223.749220531, 207.0738310051, 204.1640112546, 0.01378682678656, 0, -0.00397811237658, -0.02742066407926, -0.09802237339587, 0.02009407113687, 0.8529154661146, 0.8529184138325, -0.8214443321578, -0.8226564285612, 0.01563444616974, 0.8539718600621, 0.8531233737359, 0, -0.8213065361115, -0.8218153333114, -0, -0, -0, -0, -0.001386360127772, 0.3167401542708, 0.3235902979301, 0, 0.3174924277723, 0.3242470118811
6.25, 0.07553929067416, 0.1454750297905, 0.1701472005069, 0.09778713803733, -0.4788197631299, -0.03680635479835, 0, 222.5226406774, -20.25531819599, 224.8295742029, -19.50745179739, -105.2118737302, -124.1121794963, -232.3880187496, -75.8927192081, 4620.256781626, 2786.401513293, 4428.78016128, 2617.19621752, 6, 0, 0.01667035519227, -0.03712133204278, -0, -0, -0, -0, -0, -0.1305667653654, 0, 0, 0, 0, 0, -0.1305667927688, -0.1909169271335, -0.03533618016869, -0.02407741162389, -0.1479686479698, 102.4321671652, 101.8900508805, 102.4813591795, 101.8901332526, 207.9077592823, -0.01324879703507, -0.1077570511017, -1.087146134236, 1, 120.0594047645, 120, 120.0593615231, 207.907541064, 204.9976580972, 207.9074120804, 204.9975873868, 207.9077592823, 207.907541282, 204.9976582358, 224.5826706049, 207.9074123278, 204.9975872721, 0.001536932204005, 0, -0.01183562735627, -0.0397848818888, -0.1062355646894, 0.007847186071141, 0.8539497746999, 0.8545786172305, -0.8204073122277, -0.820997720635, 0.01667035519227, 0.8550052586847, 0.8547781937054, 0, -0.820273900033, -0.8201603733834, -0, -0, 5.551115123126e-17, -5.551115123126e-17, -0.001363059673466, 0.3167584773834, 0.3236029178853, 0, 0.3174746728588, 0.3242332612299
6.275, 0.06849944215057, 0.1409671864223, 0.1634166998352, 0.09315160034035, -0.4541965454645, -0.03505834776478, 0, 223.2733412686, -20.22209476832, 225.3638868652, -19.56902085258, -95.44738125971, -120.2264977202, -224.0538833193, -72.37025591845, 4615.1893043, 2782.908041186, 4433.610129917, 2621.003472573, 6, 0, 0.01749765732669, -0.03767418518876, -0, -0, -0, -0, -0, -0.1292818306149, 0, 0, 0, 0, 0, -0.1292818585629, -0.1901522490955, -0.03392602167222, -0.02274327802156, -0.1468610800068, 102.8413025982, 102.2983050925, 102.8903936417, 102.2982195594, 208.7415024072, -0.008523439025492, -0.1033601778871, -0.9240614053967, 1, 120.0572679755, 120, 120.0572266473, 208.7414454243, 205.8315687805, 208.7409874466, 205.8311572122, 208.7415024072, 208.7414457689, 205.8315689526, 225.4161172193, 208.7409876962, 205.8311572659, -0.01013003157687, 0, -0.01877854749141, -0.05145809074122, -0.113505016103, -0.003704366288556, 0.8547748774122, 0.8559992475986, -0.8195796440881, -0.8195785652035, 0.01749765732669, 0.8558261966101, 0.8561908672773, 0, -0.8194536314706, -0.8187475220177, -0, -0, -0, -0, -0.001341120786707, 0.3167773998352, 0.3236159580407, 0, 0.3174566536096, 0.3242190712269
6.3, 0.06134970241173, 0.1362835985041, 0.1565485599403, 0.08834040891471, -0.4269585337085, -0.03326743614777, 0, 223.999590929, -20.1872786862, 225.8653793269, -19.63103177715, -85.49130413063, -116.219025566, -215.5198736357, -68.72334332188, 4609.978506415, 2779.273846312, 4438.51805897, 2624.960763165, 6, 0, 0.01812773669376, -0.03820027701667, -0, -0, -0, -0, -0, -0.1273435981086, 0, 0, 0, 0, 0, -0.1273436264118, -0.1888443650712, -0.03209710272988, -0.02090959665168, -0.1453317612754, 103.250427204, 102.706547453, 103.2994257911, 102.7063033191, 209.5752308922, -0.00354130661871, -0.09867828656307, -0.7604340245565, 1, 120.0552115046, 120, 120.0551723917, 209.5753254499, 206.6654552443, 209.5745582226, 206.6647224305, 209.5752308922, 209.5753259022, 206.6654554417, 226.2495603911, 209.5745584649, 206.6647226387, -0.02114872306044, 0, -0.02481595456618, -0.0623842673246, -0.119840808962, -0.01450780453822, 0.8554022306134, 0.8571884985427, -0.8189498778704, -0.8183907417394, 0.01812773669376, 0.8564463828131, 0.8573697957535, 0, -0.8188340317545, -0.8175683899738, -0, -0, -0, -5.551115123126e-17, -0.001320559585336, 0.3167968669211, 0.3236295244189, 0, 0.317438344313, 0.3242043273312
