# Blender 5.1.2
# www.blender.org
mtllib speedbump1.mtl
o Cube_Material_0
v -1.000000 -0.208169 0.496200
v -1.000000 -0.136078 0.496200
v -1.000000 -0.136078 -0.496200
v -1.000000 -0.208169 -0.496200
v -1.000000 -0.208169 -0.496200
v 1.000000 -0.208169 -0.496200
v 1.000000 -0.208169 0.496200
v -1.000000 -0.208169 0.496200
v 1.000000 -0.208169 -0.496200
v 1.000000 -0.136078 -0.496200
v 1.000000 -0.136078 0.496200
v 1.000000 -0.208169 0.496200
v -0.467085 0.061588 -0.496200
v -0.467085 0.061588 0.496200
v -0.158342 0.103186 0.496200
v -0.158342 0.103186 -0.496200
v 0.158342 0.103186 0.496200
v 0.158342 0.103186 -0.496200
v 0.467085 0.061588 0.496200
v 0.467085 0.061588 -0.496200
v 0.752407 -0.019523 -0.234175
v -0.752407 -0.019523 -0.234176
v -0.709447 -0.007310 -0.231746
v 0.709447 -0.007310 -0.231746
v 0.778542 -0.031826 -0.241901
v -0.778542 -0.031826 -0.241901
v 0.794507 -0.039341 -0.253149
v -0.794507 -0.039341 -0.253149
v 0.800113 -0.041980 -0.266417
v -0.800113 -0.041981 -0.266417
v 0.794507 -0.039341 -0.279684
v -0.794507 -0.039341 -0.279684
v 0.778542 -0.031826 -0.290932
v -0.778542 -0.031826 -0.290932
v 0.752407 -0.019523 -0.298658
v -0.752407 -0.019523 -0.298658
v 0.709447 -0.007310 -0.301087
v -0.709447 -0.007310 -0.301087
v 0.662775 0.005958 -0.298448
v -0.662776 0.005958 -0.298448
v 0.623209 0.017205 -0.290932
v -0.623209 0.017205 -0.290932
v 0.596771 0.024721 -0.279684
v -0.596771 0.024721 -0.279684
v -0.587488 0.027360 -0.266417
v 0.587488 0.027360 -0.266417
v 0.596771 0.024721 -0.253149
v -0.596771 0.024721 -0.253149
v 0.623209 0.017205 -0.241901
v -0.623209 0.017205 -0.241901
v 0.662775 0.005958 -0.234385
v -0.662776 0.005958 -0.234385
v -0.623209 0.017205 -0.241901
v 0.623209 0.017205 -0.241901
v 0.752407 -0.019522 0.234175
v 0.709447 -0.007310 0.231746
v -0.709447 -0.007310 0.231746
v -0.752407 -0.019522 0.234176
v -0.778542 -0.031826 0.241901
v 0.778542 -0.031826 0.241901
v -0.794507 -0.039341 0.253149
v 0.794507 -0.039341 0.253149
v -0.800113 -0.041980 0.266417
v 0.800113 -0.041980 0.266417
v -0.794507 -0.039341 0.279684
v 0.794507 -0.039341 0.279684
v -0.778542 -0.031826 0.290932
v 0.778542 -0.031826 0.290932
v -0.752407 -0.019522 0.298658
v 0.752407 -0.019522 0.298658
v -0.709447 -0.007310 0.301087
v 0.709447 -0.007310 0.301087
v -0.662776 0.005958 0.298448
v 0.662775 0.005958 0.298448
v 0.709447 -0.007310 0.301087
v -0.709447 -0.007310 0.301087
v -0.623209 0.017206 0.290932
v 0.623209 0.017206 0.290932
v -0.596771 0.024721 0.279684
v 0.596771 0.024721 0.279684
v -0.587488 0.027360 0.266417
v 0.587488 0.027360 0.266417
v -0.596771 0.024721 0.253149
v 0.596771 0.024721 0.253149
v -0.623209 0.017206 0.241901
v 0.623209 0.017206 0.241901
v -0.662776 0.005958 0.234385
v 0.662775 0.005958 0.234385
v -1.000000 -0.208169 1.488601
v -1.000000 -0.136077 1.488601
v -1.000000 -0.136078 0.496200
v -1.000000 -0.208169 0.496200
v -1.000000 -0.208169 0.496200
v 1.000000 -0.208169 0.496200
v 1.000000 -0.208169 1.488601
v -1.000000 -0.208169 1.488601
v 1.000000 -0.208169 0.496200
v 1.000000 -0.136078 0.496200
v 1.000000 -0.136077 1.488601
v 1.000000 -0.208169 1.488601
v -0.467085 0.061588 0.496200
v -0.467085 0.061588 1.488601
v -0.158342 0.103187 1.488601
v -0.158342 0.103186 0.496200
v 0.158342 0.103187 1.488601
v 0.158342 0.103186 0.496200
v 0.467085 0.061588 1.488601
v 0.467085 0.061588 0.496200
v 0.752407 -0.019522 0.758225
v -0.752407 -0.019522 0.758225
v -0.709447 -0.007310 0.760654
v 0.709447 -0.007310 0.760654
v 0.778542 -0.031825 0.750500
v -0.778542 -0.031825 0.750499
v 0.794507 -0.039341 0.739252
v -0.794507 -0.039341 0.739252
v 0.800113 -0.041980 0.725984
v -0.800113 -0.041980 0.725984
v 0.794507 -0.039341 0.712716
v -0.794507 -0.039341 0.712716
v 0.778542 -0.031825 0.701468
v -0.778542 -0.031826 0.701468
v 0.752407 -0.019522 0.693743
v -0.752407 -0.019522 0.693743
v 0.709447 -0.007310 0.691314
v -0.709447 -0.007310 0.691314
v 0.662775 0.005958 0.693953
v -0.662776 0.005958 0.693953
v 0.623209 0.017206 0.701468
v -0.623209 0.017206 0.701468
v 0.596771 0.024721 0.712716
v -0.596771 0.024721 0.712716
v -0.587488 0.027360 0.725984
v 0.587488 0.027360 0.725984
v 0.596771 0.024721 0.739252
v -0.596771 0.024721 0.739252
v 0.623209 0.017206 0.750500
v -0.623209 0.017206 0.750499
v 0.662775 0.005958 0.758015
v -0.662776 0.005958 0.758015
v -0.623209 0.017206 0.750499
v 0.623209 0.017206 0.750500
v 0.752407 -0.019522 1.226576
v 0.709447 -0.007310 1.224147
v -0.709447 -0.007310 1.224147
v -0.752407 -0.019522 1.226576
v -0.778542 -0.031825 1.234302
v 0.778542 -0.031825 1.234301
v -0.794507 -0.039341 1.245549
v 0.794507 -0.039341 1.245549
v -0.800113 -0.041980 1.258817
v 0.800113 -0.041980 1.258817
v -0.794507 -0.039341 1.272085
v 0.794507 -0.039341 1.272085
v -0.778542 -0.031825 1.283333
v 0.778542 -0.031825 1.283333
v -0.752407 -0.019522 1.291058
v 0.752407 -0.019522 1.291058
v -0.709447 -0.007310 1.293487
v 0.709447 -0.007310 1.293487
v -0.662776 0.005958 1.290848
v 0.662775 0.005958 1.290848
v 0.709447 -0.007310 1.293487
v -0.709447 -0.007310 1.293487
v -0.623209 0.017206 1.283333
v 0.623209 0.017206 1.283333
v -0.596771 0.024721 1.272085
v 0.596771 0.024722 1.272085
v -0.587488 0.027361 1.258817
v 0.587488 0.027361 1.258817
v -0.596771 0.024721 1.245549
v 0.596771 0.024722 1.245549
v -0.623209 0.017206 1.234302
v 0.623209 0.017206 1.234301
v -0.662776 0.005958 1.226786
v 0.662775 0.005958 1.226786
v -1.000000 -0.208170 -1.488601
v -1.000000 -0.136078 -1.488601
v -1.000000 -0.136079 -2.481001
v -1.000000 -0.208170 -2.481001
v -1.000000 -0.208170 -2.481001
v 1.000000 -0.208170 -2.481001
v 1.000000 -0.208170 -1.488601
v -1.000000 -0.208170 -1.488601
v 1.000000 -0.208170 -2.481001
v 1.000000 -0.136079 -2.481001
v 1.000000 -0.136078 -1.488601
v 1.000000 -0.208170 -1.488601
v -0.467085 0.061587 -2.481001
v -0.467085 0.061587 -1.488601
v -0.158342 0.103186 -1.488601
v -0.158342 0.103185 -2.481001
v 0.158342 0.103186 -1.488601
v 0.158342 0.103185 -2.481001
v 0.467085 0.061587 -1.488601
v 0.467085 0.061587 -2.481001
v 0.752407 -0.019523 -2.218976
v -0.752407 -0.019523 -2.218977
v -0.709447 -0.007311 -2.216547
v 0.709447 -0.007311 -2.216547
v 0.778542 -0.031826 -2.226702
v -0.778542 -0.031826 -2.226702
v 0.794507 -0.039342 -2.237950
v -0.794507 -0.039342 -2.237950
v 0.800113 -0.041981 -2.251218
v -0.800113 -0.041981 -2.251218
v 0.794507 -0.039342 -2.264485
v -0.794507 -0.039342 -2.264485
v 0.778542 -0.031826 -2.275733
v -0.778542 -0.031826 -2.275733
v 0.752407 -0.019523 -2.283459
v -0.752407 -0.019523 -2.283459
v 0.709447 -0.007311 -2.285888
v -0.709447 -0.007311 -2.285888
v 0.662775 0.005957 -2.283249
v -0.662776 0.005957 -2.283249
v 0.623209 0.017205 -2.275733
v -0.623209 0.017205 -2.275733
v 0.596771 0.024720 -2.264485
v -0.596771 0.024720 -2.264485
v -0.587488 0.027359 -2.251218
v 0.587488 0.027360 -2.251218
v 0.596771 0.024720 -2.237950
v -0.596771 0.024720 -2.237950
v 0.623209 0.017205 -2.226702
v -0.623209 0.017205 -2.226702
v 0.662775 0.005957 -2.219187
v -0.662776 0.005957 -2.219187
v -0.623209 0.017205 -2.226702
v 0.623209 0.017205 -2.226702
v 0.752407 -0.019523 -1.750626
v 0.709447 -0.007311 -1.753055
v -0.709447 -0.007311 -1.753055
v -0.752407 -0.019523 -1.750626
v -0.778542 -0.031826 -1.742900
v 0.778542 -0.031826 -1.742900
v -0.794507 -0.039342 -1.731652
v 0.794507 -0.039342 -1.731652
v -0.800113 -0.041981 -1.718385
v 0.800113 -0.041981 -1.718385
v -0.794507 -0.039342 -1.705117
v 0.794507 -0.039342 -1.705117
v -0.778542 -0.031826 -1.693869
v 0.778542 -0.031826 -1.693869
v -0.752407 -0.019523 -1.686143
v 0.752407 -0.019523 -1.686143
v -0.709447 -0.007311 -1.683714
v 0.709447 -0.007311 -1.683714
v -0.662776 0.005957 -1.686353
v 0.662775 0.005957 -1.686353
v 0.709447 -0.007311 -1.683714
v -0.709447 -0.007311 -1.683714
v -0.623209 0.017205 -1.693869
v 0.623209 0.017205 -1.693869
v -0.596771 0.024721 -1.705117
v 0.596771 0.024721 -1.705117
v -0.587488 0.027360 -1.718385
v 0.587488 0.027360 -1.718385
v -0.596771 0.024721 -1.731652
v 0.596771 0.024721 -1.731652
v -0.623209 0.017205 -1.742900
v 0.623209 0.017205 -1.742900
v -0.662776 0.005957 -1.750416
v 0.662775 0.005957 -1.750416
v -1.000000 -0.208169 -0.496200
v -1.000000 -0.136078 -0.496200
v -1.000000 -0.136078 -1.488601
v -1.000000 -0.208170 -1.488601
v -1.000000 -0.208170 -1.488601
v 1.000000 -0.208170 -1.488601
v 1.000000 -0.208169 -0.496200
v -1.000000 -0.208169 -0.496200
v 1.000000 -0.208170 -1.488601
v 1.000000 -0.136078 -1.488601
v 1.000000 -0.136078 -0.496200
v 1.000000 -0.208169 -0.496200
v -0.467085 0.061587 -1.488601
v -0.467085 0.061588 -0.496200
v -0.158342 0.103186 -0.496200
v -0.158342 0.103186 -1.488601
v 0.158342 0.103186 -0.496200
v 0.158342 0.103186 -1.488601
v 0.467085 0.061588 -0.496200
v 0.467085 0.061587 -1.488601
v 0.752407 -0.019523 -1.226576
v -0.752407 -0.019523 -1.226576
v -0.709447 -0.007310 -1.224147
v 0.709447 -0.007310 -1.224147
v 0.778542 -0.031826 -1.234301
v -0.778542 -0.031826 -1.234302
v 0.794507 -0.039342 -1.245549
v -0.794507 -0.039342 -1.245549
v 0.800113 -0.041981 -1.258817
v -0.800113 -0.041981 -1.258817
v 0.794507 -0.039342 -1.272085
v -0.794507 -0.039342 -1.272085
v 0.778542 -0.031826 -1.283333
v -0.778542 -0.031826 -1.283333
v 0.752407 -0.019523 -1.291058
v -0.752407 -0.019523 -1.291058
v 0.709447 -0.007310 -1.293487
v -0.709447 -0.007311 -1.293487
v 0.662775 0.005957 -1.290848
v -0.662776 0.005957 -1.290848
v 0.623209 0.017205 -1.283333
v -0.623209 0.017205 -1.283333
v 0.596771 0.024721 -1.272085
v -0.596771 0.024721 -1.272085
v -0.587488 0.027360 -1.258817
v 0.587488 0.027360 -1.258817
v 0.596771 0.024721 -1.245549
v -0.596771 0.024721 -1.245549
v 0.623209 0.017205 -1.234301
v -0.623209 0.017205 -1.234302
v 0.662775 0.005957 -1.226786
v -0.662776 0.005957 -1.226786
v -0.623209 0.017205 -1.234302
v 0.623209 0.017205 -1.234301
v 0.752407 -0.019523 -0.758225
v 0.709447 -0.007310 -0.760654
v -0.709447 -0.007310 -0.760654
v -0.752407 -0.019523 -0.758225
v -0.778542 -0.031826 -0.750499
v 0.778542 -0.031826 -0.750500
v -0.794507 -0.039342 -0.739252
v 0.794507 -0.039341 -0.739252
v -0.800113 -0.041981 -0.725984
v 0.800113 -0.041981 -0.725984
v -0.794507 -0.039342 -0.712716
v 0.794507 -0.039341 -0.712716
v -0.778542 -0.031826 -0.701468
v 0.778542 -0.031826 -0.701468
v -0.752407 -0.019523 -0.693743
v 0.752407 -0.019523 -0.693743
v -0.709447 -0.007310 -0.691314
v 0.709447 -0.007310 -0.691314
v -0.662776 0.005957 -0.693953
v 0.662775 0.005958 -0.693953
v 0.709447 -0.007310 -0.691314
v -0.709447 -0.007310 -0.691314
v -0.623209 0.017205 -0.701468
v 0.623209 0.017205 -0.701468
v -0.596771 0.024721 -0.712716
v 0.596771 0.024721 -0.712716
v -0.587488 0.027360 -0.725984
v 0.587488 0.027360 -0.725984
v -0.596771 0.024721 -0.739252
v 0.596771 0.024721 -0.739252
v -0.623209 0.017205 -0.750499
v 0.623209 0.017205 -0.750500
v -0.662776 0.005957 -0.758015
v 0.662775 0.005957 -0.758015
v -1.000000 -0.208170 -3.473402
v -1.000000 -0.136079 -3.473402
v -1.000000 -0.136079 -4.465802
v -1.000000 -0.208171 -4.465802
v -1.000000 -0.208171 -4.465802
v 1.000000 -0.208171 -4.465802
v 1.000000 -0.208170 -3.473402
v -1.000000 -0.208170 -3.473402
v 1.000000 -0.208171 -4.465802
v 1.000000 -0.136079 -4.465802
v 1.000000 -0.136079 -3.473402
v 1.000000 -0.208170 -3.473402
v -0.467085 0.061587 -4.465802
v -0.467085 0.061587 -3.473402
v -0.158342 0.103185 -3.473402
v -0.158342 0.103185 -4.465802
v 0.158342 0.103185 -3.473402
v 0.158342 0.103185 -4.465802
v 0.467085 0.061587 -3.473402
v 0.467085 0.061587 -4.465802
v 0.752407 -0.019524 -4.203777
v -0.752407 -0.019524 -4.203777
v -0.709447 -0.007311 -4.201348
v 0.709447 -0.007311 -4.201348
v 0.778542 -0.031827 -4.211503
v -0.778542 -0.031827 -4.211503
v 0.794507 -0.039342 -4.222751
v -0.794507 -0.039343 -4.222751
v 0.800113 -0.041982 -4.236019
v -0.800113 -0.041982 -4.236019
v 0.794507 -0.039342 -4.249286
v -0.794507 -0.039343 -4.249286
v 0.778542 -0.031827 -4.260534
v -0.778542 -0.031827 -4.260534
v 0.752407 -0.019524 -4.268260
v -0.752407 -0.019524 -4.268260
v 0.709447 -0.007311 -4.270689
v -0.709447 -0.007311 -4.270689
v 0.662775 0.005956 -4.268050
v -0.662776 0.005956 -4.268050
v 0.623209 0.017204 -4.260534
v -0.623209 0.017204 -4.260534
v 0.596771 0.024720 -4.249286
v -0.596771 0.024720 -4.249286
v -0.587488 0.027359 -4.236019
v 0.587488 0.027359 -4.236019
v 0.596771 0.024720 -4.222751
v -0.596771 0.024720 -4.222751
v 0.623209 0.017204 -4.211503
v -0.623209 0.017204 -4.211503
v 0.662775 0.005956 -4.203988
v -0.662776 0.005956 -4.203988
v -0.623209 0.017204 -4.211503
v 0.623209 0.017204 -4.211503
v 0.752407 -0.019524 -3.735427
v 0.709447 -0.007311 -3.737856
v -0.709447 -0.007311 -3.737856
v -0.752407 -0.019524 -3.735426
v -0.778542 -0.031827 -3.727701
v 0.778542 -0.031827 -3.727701
v -0.794507 -0.039342 -3.716453
v 0.794507 -0.039342 -3.716453
v -0.800113 -0.041982 -3.703186
v 0.800113 -0.041981 -3.703186
v -0.794507 -0.039342 -3.689918
v 0.794507 -0.039342 -3.689918
v -0.778542 -0.031827 -3.678670
v 0.778542 -0.031827 -3.678670
v -0.752407 -0.019524 -3.670944
v 0.752407 -0.019524 -3.670944
v -0.709447 -0.007311 -3.668515
v 0.709447 -0.007311 -3.668515
v -0.662776 0.005957 -3.671154
v 0.662775 0.005957 -3.671154
v 0.709447 -0.007311 -3.668515
v -0.709447 -0.007311 -3.668515
v -0.623209 0.017204 -3.678670
v 0.623209 0.017204 -3.678670
v -0.596771 0.024720 -3.689918
v 0.596771 0.024720 -3.689918
v -0.587488 0.027359 -3.703186
v 0.587488 0.027359 -3.703186
v -0.596771 0.024720 -3.716453
v 0.596771 0.024720 -3.716453
v -0.623209 0.017204 -3.727701
v 0.623209 0.017204 -3.727701
v -0.662776 0.005956 -3.735217
v 0.662775 0.005957 -3.735217
v -1.000000 -0.208170 -2.481001
v -1.000000 -0.136079 -2.481001
v -1.000000 -0.136079 -3.473402
v -1.000000 -0.208170 -3.473402
v -1.000000 -0.208170 -3.473402
v 1.000000 -0.208170 -3.473402
v 1.000000 -0.208170 -2.481001
v -1.000000 -0.208170 -2.481001
v 1.000000 -0.208170 -3.473402
v 1.000000 -0.136079 -3.473402
v 1.000000 -0.136079 -2.481001
v 1.000000 -0.208170 -2.481001
v -0.467085 0.061587 -3.473402
v -0.467085 0.061587 -2.481001
v -0.158342 0.103185 -2.481001
v -0.158342 0.103185 -3.473402
v 0.158342 0.103185 -2.481001
v 0.158342 0.103185 -3.473402
v 0.467085 0.061587 -2.481001
v 0.467085 0.061587 -3.473402
v 0.752407 -0.019523 -3.211377
v -0.752407 -0.019523 -3.211377
v -0.709447 -0.007311 -3.208948
v 0.709447 -0.007311 -3.208948
v 0.778542 -0.031827 -3.219103
v -0.778542 -0.031827 -3.219103
v 0.794507 -0.039342 -3.230350
v -0.794507 -0.039342 -3.230350
v 0.800113 -0.041981 -3.243618
v -0.800113 -0.041981 -3.243618
v 0.794507 -0.039342 -3.256886
v -0.794507 -0.039342 -3.256886
v 0.778542 -0.031827 -3.268134
v -0.778542 -0.031827 -3.268134
v 0.752407 -0.019524 -3.275859
v -0.752407 -0.019524 -3.275859
v 0.709447 -0.007311 -3.278288
v -0.709447 -0.007311 -3.278288
v 0.662775 0.005957 -3.275649
v -0.662776 0.005957 -3.275649
v 0.623209 0.017205 -3.268134
v -0.623209 0.017204 -3.268134
v 0.596771 0.024720 -3.256886
v -0.596771 0.024720 -3.256886
v -0.587488 0.027359 -3.243618
v 0.587488 0.027359 -3.243618
v 0.596771 0.024720 -3.230350
v -0.596771 0.024720 -3.230350
v 0.623209 0.017205 -3.219103
v -0.623209 0.017204 -3.219103
v 0.662775 0.005957 -3.211587
v -0.662776 0.005957 -3.211587
v -0.623209 0.017204 -3.219103
v 0.623209 0.017205 -3.219103
v 0.752407 -0.019523 -2.743026
v 0.709447 -0.007311 -2.745455
v -0.709447 -0.007311 -2.745455
v -0.752407 -0.019523 -2.743026
v -0.778542 -0.031827 -2.735301
v 0.778542 -0.031826 -2.735301
v -0.794507 -0.039342 -2.724053
v 0.794507 -0.039342 -2.724053
v -0.800113 -0.041981 -2.710785
v 0.800113 -0.041981 -2.710785
v -0.794507 -0.039342 -2.697517
v 0.794507 -0.039342 -2.697517
v -0.778542 -0.031827 -2.686270
v 0.778542 -0.031826 -2.686270
v -0.752407 -0.019523 -2.678544
v 0.752407 -0.019523 -2.678544
v -0.709447 -0.007311 -2.676115
v 0.709447 -0.007311 -2.676115
v -0.662776 0.005957 -2.678754
v 0.662775 0.005957 -2.678754
v 0.709447 -0.007311 -2.676115
v -0.709447 -0.007311 -2.676115
v -0.623209 0.017205 -2.686270
v 0.623209 0.017205 -2.686270
v -0.596771 0.024720 -2.697517
v 0.596771 0.024720 -2.697517
v -0.587488 0.027359 -2.710785
v 0.587488 0.027359 -2.710785
v -0.596771 0.024720 -2.724053
v 0.596771 0.024720 -2.724053
v -0.623209 0.017205 -2.735301
v 0.623209 0.017205 -2.735301
v -0.662776 0.005957 -2.742816
v 0.662775 0.005957 -2.742816
v -1.000000 -0.208171 -5.458203
v -1.000000 -0.136080 -5.458203
v -1.000000 -0.136080 -6.450603
v -1.000000 -0.208171 -6.450603
v -1.000000 -0.208171 -6.450603
v 1.000000 -0.208171 -6.450603
v 1.000000 -0.208171 -5.458203
v -1.000000 -0.208171 -5.458203
v 1.000000 -0.208171 -6.450603
v 1.000000 -0.136080 -6.450603
v 1.000000 -0.136080 -5.458203
v 1.000000 -0.208171 -5.458203
v -0.467085 0.061586 -6.450603
v -0.467085 0.061586 -5.458203
v -0.158342 0.103184 -5.458203
v -0.158342 0.103184 -6.450603
v 0.158342 0.103184 -5.458203
v 0.158342 0.103184 -6.450603
v 0.467085 0.061586 -5.458203
v 0.467085 0.061586 -6.450603
v 0.752407 -0.019524 -6.188579
v -0.752407 -0.019524 -6.188579
v -0.709447 -0.007312 -6.186150
v 0.709447 -0.007312 -6.186150
v 0.778542 -0.031827 -6.196304
v -0.778542 -0.031828 -6.196304
v 0.794507 -0.039343 -6.207552
v -0.794507 -0.039343 -6.207552
v 0.800113 -0.041982 -6.220819
v -0.800113 -0.041982 -6.220820
v 0.794507 -0.039343 -6.234087
v -0.794507 -0.039343 -6.234087
v 0.778542 -0.031828 -6.245335
v -0.778542 -0.031828 -6.245335
v 0.752407 -0.019524 -6.253061
v -0.752407 -0.019524 -6.253061
v 0.709447 -0.007312 -6.255490
v -0.709447 -0.007312 -6.255490
v 0.662775 0.005956 -6.252851
v -0.662776 0.005956 -6.252851
v 0.623209 0.017204 -6.245335
v -0.623209 0.017204 -6.245335
v 0.596771 0.024719 -6.234087
v -0.596771 0.024719 -6.234087
v -0.587488 0.027358 -6.220820
v 0.587488 0.027358 -6.220819
v 0.596771 0.024719 -6.207552
v -0.596771 0.024719 -6.207552
v 0.623209 0.017204 -6.196304
v -0.623209 0.017204 -6.196304
v 0.662775 0.005956 -6.188788
v -0.662776 0.005956 -6.188788
v -0.623209 0.017204 -6.196304
v 0.623209 0.017204 -6.196304
v 0.752407 -0.019524 -5.720228
v 0.709447 -0.007312 -5.722657
v -0.709447 -0.007312 -5.722657
v -0.752407 -0.019524 -5.720228
v -0.778542 -0.031827 -5.712502
v 0.778542 -0.031827 -5.712502
v -0.794507 -0.039343 -5.701254
v 0.794507 -0.039343 -5.701254
v -0.800113 -0.041982 -5.687986
v 0.800113 -0.041982 -5.687987
v -0.794507 -0.039343 -5.674719
v 0.794507 -0.039343 -5.674719
v -0.778542 -0.031827 -5.663471
v 0.778542 -0.031827 -5.663471
v -0.752407 -0.019524 -5.655746
v 0.752407 -0.019524 -5.655746
v -0.709447 -0.007312 -5.653316
v 0.709447 -0.007312 -5.653316
v -0.662776 0.005956 -5.655955
v 0.662775 0.005956 -5.655955
v 0.709447 -0.007312 -5.653316
v -0.709447 -0.007312 -5.653316
v -0.623209 0.017204 -5.663471
v 0.623209 0.017204 -5.663471
v -0.596771 0.024719 -5.674719
v 0.596771 0.024719 -5.674719
v -0.587488 0.027358 -5.687986
v 0.587488 0.027359 -5.687987
v -0.596771 0.024719 -5.701254
v 0.596771 0.024719 -5.701254
v -0.623209 0.017204 -5.712502
v 0.623209 0.017204 -5.712502
v -0.662776 0.005956 -5.720018
v 0.662775 0.005956 -5.720018
v -1.000000 -0.208171 -4.465802
v -1.000000 -0.136079 -4.465802
v -1.000000 -0.136080 -5.458203
v -1.000000 -0.208171 -5.458203
v -1.000000 -0.208171 -5.458203
v 1.000000 -0.208171 -5.458203
v 1.000000 -0.208171 -4.465802
v -1.000000 -0.208171 -4.465802
v 1.000000 -0.208171 -5.458203
v 1.000000 -0.136080 -5.458203
v 1.000000 -0.136079 -4.465802
v 1.000000 -0.208171 -4.465802
v -0.467085 0.061586 -5.458203
v -0.467085 0.061587 -4.465802
v -0.158342 0.103185 -4.465802
v -0.158342 0.103184 -5.458203
v 0.158342 0.103185 -4.465802
v 0.158342 0.103184 -5.458203
v 0.467085 0.061587 -4.465802
v 0.467085 0.061586 -5.458203
v 0.752407 -0.019524 -5.196178
v -0.752407 -0.019524 -5.196178
v -0.709447 -0.007312 -5.193749
v 0.709447 -0.007312 -5.193749
v 0.778542 -0.031827 -5.203904
v -0.778542 -0.031827 -5.203904
v 0.794507 -0.039343 -5.215151
v -0.794507 -0.039343 -5.215151
v 0.800113 -0.041982 -5.228419
v -0.800113 -0.041982 -5.228419
v 0.794507 -0.039343 -5.241687
v -0.794507 -0.039343 -5.241687
v 0.778542 -0.031827 -5.252935
v -0.778542 -0.031827 -5.252935
v 0.752407 -0.019524 -5.260661
v -0.752407 -0.019524 -5.260661
v 0.709447 -0.007312 -5.263090
v -0.709447 -0.007312 -5.263090
v 0.662775 0.005956 -5.260450
v -0.662776 0.005956 -5.260450
v 0.623209 0.017204 -5.252935
v -0.623209 0.017204 -5.252935
v 0.596771 0.024720 -5.241687
v -0.596771 0.024719 -5.241687
v -0.587488 0.027359 -5.228419
v 0.587488 0.027359 -5.228419
v 0.596771 0.024720 -5.215151
v -0.596771 0.024719 -5.215151
v 0.623209 0.017204 -5.203904
v -0.623209 0.017204 -5.203904
v 0.662775 0.005956 -5.196388
v -0.662776 0.005956 -5.196388
v -0.623209 0.017204 -5.203904
v 0.623209 0.017204 -5.203904
v 0.752407 -0.019524 -4.727827
v 0.709447 -0.007311 -4.730256
v -0.709447 -0.007312 -4.730256
v -0.752407 -0.019524 -4.727827
v -0.778542 -0.031827 -4.720102
v 0.778542 -0.031827 -4.720102
v -0.794507 -0.039343 -4.708854
v 0.794507 -0.039343 -4.708854
v -0.800113 -0.041982 -4.695586
v 0.800113 -0.041982 -4.695586
v -0.794507 -0.039343 -4.682318
v 0.794507 -0.039343 -4.682318
v -0.778542 -0.031827 -4.671071
v 0.778542 -0.031827 -4.671071
v -0.752407 -0.019524 -4.663345
v 0.752407 -0.019524 -4.663345
v -0.709447 -0.007312 -4.660916
v 0.709447 -0.007311 -4.660916
v -0.662776 0.005956 -4.663555
v 0.662775 0.005956 -4.663555
v 0.709447 -0.007311 -4.660916
v -0.709447 -0.007312 -4.660916
v -0.623209 0.017204 -4.671071
v 0.623209 0.017204 -4.671071
v -0.596771 0.024720 -4.682318
v 0.596771 0.024720 -4.682318
v -0.587488 0.027359 -4.695586
v 0.587488 0.027359 -4.695586
v -0.596771 0.024720 -4.708854
v 0.596771 0.024720 -4.708854
v -0.623209 0.017204 -4.720102
v 0.623209 0.017204 -4.720102
v -0.662776 0.005956 -4.727617
v 0.662775 0.005956 -4.727617
v -1.000000 -0.208172 -7.443004
v -1.000000 -0.136080 -7.443004
v -1.000000 -0.136080 -8.435405
v -1.000000 -0.208172 -8.435405
v -1.000000 -0.208172 -8.435405
v 1.000000 -0.208172 -8.435405
v 1.000000 -0.208172 -7.443004
v -1.000000 -0.208172 -7.443004
v 1.000000 -0.208172 -8.435405
v 1.000000 -0.136080 -8.435405
v 1.000000 -0.136080 -7.443004
v 1.000000 -0.208172 -7.443004
v -0.467085 0.061585 -8.435405
v -0.467085 0.061586 -7.443004
v -0.158342 0.103184 -7.443004
v -0.158342 0.103184 -8.435405
v 0.158342 0.103184 -7.443004
v 0.158342 0.103184 -8.435405
v 0.467085 0.061586 -7.443004
v 0.467085 0.061585 -8.435405
v 0.752407 -0.019525 -8.173380
v -0.752407 -0.019525 -8.173380
v -0.709447 -0.007313 -8.170950
v 0.709447 -0.007313 -8.170950
v 0.778542 -0.031828 -8.181106
v -0.778542 -0.031828 -8.181106
v 0.794507 -0.039344 -8.192352
v -0.794507 -0.039344 -8.192352
v 0.800113 -0.041983 -8.205621
v -0.800113 -0.041983 -8.205621
v 0.794507 -0.039344 -8.218888
v -0.794507 -0.039344 -8.218888
v 0.778542 -0.031828 -8.230137
v -0.778542 -0.031828 -8.230137
v 0.752407 -0.019525 -8.237862
v -0.752407 -0.019525 -8.237862
v 0.709447 -0.007313 -8.240291
v -0.709447 -0.007313 -8.240291
v 0.662775 0.005955 -8.237653
v -0.662776 0.005955 -8.237653
v 0.623209 0.017203 -8.230137
v -0.623209 0.017203 -8.230137
v 0.596771 0.024719 -8.218888
v -0.596771 0.024719 -8.218888
v -0.587488 0.027358 -8.205621
v 0.587488 0.027358 -8.205621
v 0.596771 0.024719 -8.192352
v -0.596771 0.024719 -8.192352
v 0.623209 0.017203 -8.181106
v -0.623209 0.017203 -8.181106
v 0.662775 0.005955 -8.173590
v -0.662776 0.005955 -8.173590
v -0.623209 0.017203 -8.181106
v 0.623209 0.017203 -8.181106
v 0.752407 -0.019525 -7.705029
v 0.709447 -0.007312 -7.707458
v -0.709447 -0.007312 -7.707458
v -0.752407 -0.019525 -7.705029
v -0.778542 -0.031828 -7.697303
v 0.778542 -0.031828 -7.697303
v -0.794507 -0.039344 -7.686055
v 0.794507 -0.039344 -7.686055
v -0.800113 -0.041983 -7.672787
v 0.800113 -0.041983 -7.672788
v -0.794507 -0.039344 -7.659520
v 0.794507 -0.039344 -7.659520
v -0.778542 -0.031828 -7.648272
v 0.778542 -0.031828 -7.648272
v -0.752407 -0.019525 -7.640546
v 0.752407 -0.019525 -7.640546
v -0.709447 -0.007312 -7.638117
v 0.709447 -0.007312 -7.638117
v -0.662776 0.005955 -7.640757
v 0.662775 0.005955 -7.640757
v 0.709447 -0.007312 -7.638117
v -0.709447 -0.007312 -7.638117
v -0.623209 0.017203 -7.648272
v 0.623209 0.017203 -7.648272
v -0.596771 0.024719 -7.659520
v 0.596771 0.024719 -7.659520
v -0.587488 0.027358 -7.672787
v 0.587488 0.027358 -7.672788
v -0.596771 0.024719 -7.686055
v 0.596771 0.024719 -7.686055
v -0.623209 0.017203 -7.697303
v 0.623209 0.017203 -7.697303
v -0.662776 0.005955 -7.704819
v 0.662775 0.005955 -7.704819
v -1.000000 -0.208171 -6.450603
v -1.000000 -0.136080 -6.450603
v -1.000000 -0.136080 -7.443004
v -1.000000 -0.208172 -7.443004
v -1.000000 -0.208172 -7.443004
v 1.000000 -0.208172 -7.443004
v 1.000000 -0.208171 -6.450603
v -1.000000 -0.208171 -6.450603
v 1.000000 -0.208172 -7.443004
v 1.000000 -0.136080 -7.443004
v 1.000000 -0.136080 -6.450603
v 1.000000 -0.208171 -6.450603
v -0.467085 0.061586 -7.443004
v -0.467085 0.061586 -6.450603
v -0.158342 0.103184 -6.450603
v -0.158342 0.103184 -7.443004
v 0.158342 0.103184 -6.450603
v 0.158342 0.103184 -7.443004
v 0.467085 0.061586 -6.450603
v 0.467085 0.061586 -7.443004
v 0.752407 -0.019525 -7.180979
v -0.752407 -0.019525 -7.180979
v -0.709447 -0.007312 -7.178550
v 0.709447 -0.007312 -7.178550
v 0.778542 -0.031828 -7.188704
v -0.778542 -0.031828 -7.188704
v 0.794507 -0.039343 -7.199953
v -0.794507 -0.039343 -7.199953
v 0.800113 -0.041982 -7.213220
v -0.800113 -0.041983 -7.213221
v 0.794507 -0.039343 -7.226488
v -0.794507 -0.039343 -7.226488
v 0.778542 -0.031828 -7.237736
v -0.778542 -0.031828 -7.237736
v 0.752407 -0.019525 -7.245461
v -0.752407 -0.019525 -7.245461
v 0.709447 -0.007312 -7.247890
v -0.709447 -0.007312 -7.247890
v 0.662775 0.005956 -7.245251
v -0.662776 0.005955 -7.245251
v 0.623209 0.017203 -7.237736
v -0.623209 0.017203 -7.237736
v 0.596771 0.024719 -7.226488
v -0.596771 0.024719 -7.226488
v -0.587488 0.027358 -7.213220
v 0.587488 0.027358 -7.213220
v 0.596771 0.024719 -7.199953
v -0.596771 0.024719 -7.199953
v 0.623209 0.017203 -7.188704
v -0.623209 0.017203 -7.188704
v 0.662775 0.005956 -7.181189
v -0.662776 0.005955 -7.181189
v -0.623209 0.017203 -7.188704
v 0.623209 0.017203 -7.188704
v 0.752407 -0.019525 -6.712628
v 0.709447 -0.007312 -6.715057
v -0.709447 -0.007312 -6.715057
v -0.752407 -0.019525 -6.712628
v -0.778542 -0.031828 -6.704903
v 0.778542 -0.031828 -6.704903
v -0.794507 -0.039343 -6.693655
v 0.794507 -0.039343 -6.693655
v -0.800113 -0.041982 -6.680387
v 0.800113 -0.041982 -6.680387
v -0.794507 -0.039343 -6.667120
v 0.794507 -0.039343 -6.667120
v -0.778542 -0.031828 -6.655871
v 0.778542 -0.031828 -6.655871
v -0.752407 -0.019525 -6.648146
v 0.752407 -0.019525 -6.648146
v -0.709447 -0.007312 -6.645717
v 0.709447 -0.007312 -6.645717
v -0.662776 0.005956 -6.648356
v 0.662775 0.005956 -6.648356
v 0.709447 -0.007312 -6.645717
v -0.709447 -0.007312 -6.645717
v -0.623209 0.017203 -6.655871
v 0.623209 0.017204 -6.655871
v -0.596771 0.024719 -6.667120
v 0.596771 0.024719 -6.667120
v -0.587488 0.027358 -6.680387
v 0.587488 0.027358 -6.680387
v -0.596771 0.024719 -6.693655
v 0.596771 0.024719 -6.693655
v -0.623209 0.017203 -6.704903
v 0.623209 0.017204 -6.704903
v -0.662776 0.005956 -6.712418
v 0.662775 0.005956 -6.712418
v -0.752407 -0.019523 -0.496200
v -1.000000 -0.136078 -0.496200
v -1.000000 -0.136078 0.496200
v -0.752407 -0.019522 0.496200
v -0.752407 -0.019522 0.298658
v -0.778542 -0.031826 0.290932
v -0.794507 -0.039341 0.279684
v -0.800113 -0.041980 0.266417
v -0.794507 -0.039341 0.253149
v -0.778542 -0.031826 0.241901
v -0.752407 -0.019522 0.234176
v -0.752407 -0.019523 -0.234176
v -0.778542 -0.031826 -0.241901
v -0.794507 -0.039341 -0.253149
v -0.800113 -0.041981 -0.266417
v -0.794507 -0.039341 -0.279684
v -0.778542 -0.031826 -0.290932
v -0.752407 -0.019523 -0.298658
v -0.709447 -0.007310 -0.301087
v -0.662776 0.005958 -0.298448
v -0.623209 0.017205 -0.290932
v -0.596771 0.024721 -0.279684
v -0.587488 0.027360 -0.266417
v -0.596771 0.024721 -0.253149
v -0.623209 0.017205 -0.241901
v -0.662776 0.005958 -0.234385
v -0.709447 -0.007310 -0.231746
v -0.709447 -0.007310 0.231746
v -0.662776 0.005958 0.234385
v -0.623209 0.017206 0.241901
v -0.596771 0.024721 0.253149
v -0.587488 0.027360 0.266417
v -0.596771 0.024721 0.279684
v -0.623209 0.017206 0.290932
v -0.662776 0.005958 0.298448
v -0.709447 -0.007310 0.301087
v 0.752407 -0.019523 -0.496200
v 0.752407 -0.019522 0.496200
v 0.752407 -0.019522 0.298658
v 0.709447 -0.007310 0.301087
v 0.662775 0.005958 0.298448
v 0.623209 0.017206 0.290932
v 0.596771 0.024721 0.279684
v 0.587488 0.027360 0.266417
v 0.596771 0.024721 0.253149
v 0.623209 0.017206 0.241901
v 0.662775 0.005958 0.234385
v 0.709447 -0.007310 0.231746
v 0.752407 -0.019522 0.234175
v 0.752407 -0.019523 -0.234175
v 0.709447 -0.007310 -0.231746
v 0.662775 0.005958 -0.234385
v 0.623209 0.017205 -0.241901
v 0.596771 0.024721 -0.253149
v 0.587488 0.027360 -0.266417
v 0.596771 0.024721 -0.279684
v 0.623209 0.017205 -0.290932
v 0.662775 0.005958 -0.298448
v 0.709447 -0.007310 -0.301087
v 0.752407 -0.019523 -0.298658
v 1.000000 -0.136078 0.496200
v 1.000000 -0.136078 -0.496200
v 0.778542 -0.031826 -0.290932
v 0.794507 -0.039341 -0.279684
v 0.800113 -0.041980 -0.266417
v 0.794507 -0.039341 -0.253149
v 0.778542 -0.031826 -0.241901
v 0.778542 -0.031826 0.241901
v 0.794507 -0.039341 0.253149
v 0.800113 -0.041980 0.266417
v 0.794507 -0.039341 0.279684
v 0.778542 -0.031826 0.290932
v -1.000000 -0.136078 -0.496200
v -0.752407 -0.019523 -0.496200
v -0.467085 0.061588 -0.496200
v -0.158342 0.103186 -0.496200
v 0.158342 0.103186 -0.496200
v 0.467085 0.061588 -0.496200
v 0.752407 -0.019523 -0.496200
v 1.000000 -0.136078 -0.496200
v 1.000000 -0.208169 -0.496200
v -1.000000 -0.208169 -0.496200
v 1.000000 -0.136078 0.496200
v 0.752407 -0.019522 0.496200
v 0.467085 0.061588 0.496200
v 0.158342 0.103186 0.496200
v -0.158342 0.103186 0.496200
v -0.467085 0.061588 0.496200
v -0.752407 -0.019522 0.496200
v -1.000000 -0.136078 0.496200
v -1.000000 -0.208169 0.496200
v 1.000000 -0.208169 0.496200
v -0.752407 -0.019522 0.496200
v -1.000000 -0.136078 0.496200
v -1.000000 -0.136077 1.488601
v -0.752407 -0.019522 1.488601
v -0.752407 -0.019522 1.291058
v -0.778542 -0.031825 1.283333
v -0.794507 -0.039341 1.272085
v -0.800113 -0.041980 1.258817
v -0.794507 -0.039341 1.245549
v -0.778542 -0.031825 1.234302
v -0.752407 -0.019522 1.226576
v -0.752407 -0.019522 0.758225
v -0.778542 -0.031825 0.750499
v -0.794507 -0.039341 0.739252
v -0.800113 -0.041980 0.725984
v -0.794507 -0.039341 0.712716
v -0.778542 -0.031826 0.701468
v -0.752407 -0.019522 0.693743
v -0.709447 -0.007310 0.691314
v -0.662776 0.005958 0.693953
v -0.623209 0.017206 0.701468
v -0.596771 0.024721 0.712716
v -0.587488 0.027360 0.725984
v -0.596771 0.024721 0.739252
v -0.623209 0.017206 0.750499
v -0.662776 0.005958 0.758015
v -0.709447 -0.007310 0.760654
v -0.709447 -0.007310 1.224147
v -0.662776 0.005958 1.226786
v -0.623209 0.017206 1.234302
v -0.596771 0.024721 1.245549
v -0.587488 0.027361 1.258817
v -0.596771 0.024721 1.272085
v -0.623209 0.017206 1.283333
v -0.662776 0.005958 1.290848
v -0.709447 -0.007310 1.293487
v 0.752407 -0.019522 0.496200
v 0.752407 -0.019522 1.488601
v 0.752407 -0.019522 1.291058
v 0.709447 -0.007310 1.293487
v 0.662775 0.005958 1.290848
v 0.623209 0.017206 1.283333
v 0.596771 0.024722 1.272085
v 0.587488 0.027361 1.258817
v 0.596771 0.024722 1.245549
v 0.623209 0.017206 1.234301
v 0.662775 0.005958 1.226786
v 0.709447 -0.007310 1.224147
v 0.752407 -0.019522 1.226576
v 0.752407 -0.019522 0.758225
v 0.709447 -0.007310 0.760654
v 0.662775 0.005958 0.758015
v 0.623209 0.017206 0.750500
v 0.596771 0.024721 0.739252
v 0.587488 0.027360 0.725984
v 0.596771 0.024721 0.712716
v 0.623209 0.017206 0.701468
v 0.662775 0.005958 0.693953
v 0.709447 -0.007310 0.691314
v 0.752407 -0.019522 0.693743
v 1.000000 -0.136077 1.488601
v 1.000000 -0.136078 0.496200
v 0.778542 -0.031825 0.701468
v 0.794507 -0.039341 0.712716
v 0.800113 -0.041980 0.725984
v 0.794507 -0.039341 0.739252
v 0.778542 -0.031825 0.750500
v 0.778542 -0.031825 1.234301
v 0.794507 -0.039341 1.245549
v 0.800113 -0.041980 1.258817
v 0.794507 -0.039341 1.272085
v 0.778542 -0.031825 1.283333
v -1.000000 -0.136078 0.496200
v -0.752407 -0.019522 0.496200
v -0.467085 0.061588 0.496200
v -0.158342 0.103186 0.496200
v 0.158342 0.103186 0.496200
v 0.467085 0.061588 0.496200
v 0.752407 -0.019522 0.496200
v 1.000000 -0.136078 0.496200
v 1.000000 -0.208169 0.496200
v -1.000000 -0.208169 0.496200
v 1.000000 -0.136077 1.488601
v 0.752407 -0.019522 1.488601
v 0.467085 0.061588 1.488601
v 0.158342 0.103187 1.488601
v -0.158342 0.103187 1.488601
v -0.467085 0.061588 1.488601
v -0.752407 -0.019522 1.488601
v -1.000000 -0.136077 1.488601
v -1.000000 -0.208169 1.488601
v 1.000000 -0.208169 1.488601
v -0.752407 -0.019523 -2.481001
v -1.000000 -0.136079 -2.481001
v -1.000000 -0.136078 -1.488601
v -0.752407 -0.019523 -1.488601
v -0.752407 -0.019523 -1.686143
v -0.778542 -0.031826 -1.693869
v -0.794507 -0.039342 -1.705117
v -0.800113 -0.041981 -1.718385
v -0.794507 -0.039342 -1.731652
v -0.778542 -0.031826 -1.742900
v -0.752407 -0.019523 -1.750626
v -0.752407 -0.019523 -2.218977
v -0.778542 -0.031826 -2.226702
v -0.794507 -0.039342 -2.237950
v -0.800113 -0.041981 -2.251218
v -0.794507 -0.039342 -2.264485
v -0.778542 -0.031826 -2.275733
v -0.752407 -0.019523 -2.283459
v -0.709447 -0.007311 -2.285888
v -0.662776 0.005957 -2.283249
v -0.623209 0.017205 -2.275733
v -0.596771 0.024720 -2.264485
v -0.587488 0.027359 -2.251218
v -0.596771 0.024720 -2.237950
v -0.623209 0.017205 -2.226702
v -0.662776 0.005957 -2.219187
v -0.709447 -0.007311 -2.216547
v -0.709447 -0.007311 -1.753055
v -0.662776 0.005957 -1.750416
v -0.623209 0.017205 -1.742900
v -0.596771 0.024721 -1.731652
v -0.587488 0.027360 -1.718385
v -0.596771 0.024721 -1.705117
v -0.623209 0.017205 -1.693869
v -0.662776 0.005957 -1.686353
v -0.709447 -0.007311 -1.683714
v 0.752407 -0.019523 -2.481001
v 0.752407 -0.019523 -1.488601
v 0.752407 -0.019523 -1.686143
v 0.709447 -0.007311 -1.683714
v 0.662775 0.005957 -1.686353
v 0.623209 0.017205 -1.693869
v 0.596771 0.024721 -1.705117
v 0.587488 0.027360 -1.718385
v 0.596771 0.024721 -1.731652
v 0.623209 0.017205 -1.742900
v 0.662775 0.005957 -1.750416
v 0.709447 -0.007311 -1.753055
v 0.752407 -0.019523 -1.750626
v 0.752407 -0.019523 -2.218976
v 0.709447 -0.007311 -2.216547
v 0.662775 0.005957 -2.219187
v 0.623209 0.017205 -2.226702
v 0.596771 0.024720 -2.237950
v 0.587488 0.027360 -2.251218
v 0.596771 0.024720 -2.264485
v 0.623209 0.017205 -2.275733
v 0.662775 0.005957 -2.283249
v 0.709447 -0.007311 -2.285888
v 0.752407 -0.019523 -2.283459
v 1.000000 -0.136078 -1.488601
v 1.000000 -0.136079 -2.481001
v 0.778542 -0.031826 -2.275733
v 0.794507 -0.039342 -2.264485
v 0.800113 -0.041981 -2.251218
v 0.794507 -0.039342 -2.237950
v 0.778542 -0.031826 -2.226702
v 0.778542 -0.031826 -1.742900
v 0.794507 -0.039342 -1.731652
v 0.800113 -0.041981 -1.718385
v 0.794507 -0.039342 -1.705117
v 0.778542 -0.031826 -1.693869
v -1.000000 -0.136079 -2.481001
v -0.752407 -0.019523 -2.481001
v -0.467085 0.061587 -2.481001
v -0.158342 0.103185 -2.481001
v 0.158342 0.103185 -2.481001
v 0.467085 0.061587 -2.481001
v 0.752407 -0.019523 -2.481001
v 1.000000 -0.136079 -2.481001
v 1.000000 -0.208170 -2.481001
v -1.000000 -0.208170 -2.481001
v 1.000000 -0.136078 -1.488601
v 0.752407 -0.019523 -1.488601
v 0.467085 0.061587 -1.488601
v 0.158342 0.103186 -1.488601
v -0.158342 0.103186 -1.488601
v -0.467085 0.061587 -1.488601
v -0.752407 -0.019523 -1.488601
v -1.000000 -0.136078 -1.488601
v -1.000000 -0.208170 -1.488601
v 1.000000 -0.208170 -1.488601
v -0.752407 -0.019523 -1.488601
v -1.000000 -0.136078 -1.488601
v -1.000000 -0.136078 -0.496200
v -0.752407 -0.019523 -0.496200
v -0.752407 -0.019523 -0.693743
v -0.778542 -0.031826 -0.701468
v -0.794507 -0.039342 -0.712716
v -0.800113 -0.041981 -0.725984
v -0.794507 -0.039342 -0.739252
v -0.778542 -0.031826 -0.750499
v -0.752407 -0.019523 -0.758225
v -0.752407 -0.019523 -1.226576
v -0.778542 -0.031826 -1.234302
v -0.794507 -0.039342 -1.245549
v -0.800113 -0.041981 -1.258817
v -0.794507 -0.039342 -1.272085
v -0.778542 -0.031826 -1.283333
v -0.752407 -0.019523 -1.291058
v -0.709447 -0.007311 -1.293487
v -0.662776 0.005957 -1.290848
v -0.623209 0.017205 -1.283333
v -0.596771 0.024721 -1.272085
v -0.587488 0.027360 -1.258817
v -0.596771 0.024721 -1.245549
v -0.623209 0.017205 -1.234302
v -0.662776 0.005957 -1.226786
v -0.709447 -0.007310 -1.224147
v -0.709447 -0.007310 -0.760654
v -0.662776 0.005957 -0.758015
v -0.623209 0.017205 -0.750499
v -0.596771 0.024721 -0.739252
v -0.587488 0.027360 -0.725984
v -0.596771 0.024721 -0.712716
v -0.623209 0.017205 -0.701468
v -0.662776 0.005957 -0.693953
v -0.709447 -0.007310 -0.691314
v 0.752407 -0.019523 -1.488601
v 0.752407 -0.019523 -0.496200
v 0.752407 -0.019523 -0.693743
v 0.709447 -0.007310 -0.691314
v 0.662775 0.005958 -0.693953
v 0.623209 0.017205 -0.701468
v 0.596771 0.024721 -0.712716
v 0.587488 0.027360 -0.725984
v 0.596771 0.024721 -0.739252
v 0.623209 0.017205 -0.750500
v 0.662775 0.005957 -0.758015
v 0.709447 -0.007310 -0.760654
v 0.752407 -0.019523 -0.758225
v 0.752407 -0.019523 -1.226576
v 0.709447 -0.007310 -1.224147
v 0.662775 0.005957 -1.226786
v 0.623209 0.017205 -1.234301
v 0.596771 0.024721 -1.245549
v 0.587488 0.027360 -1.258817
v 0.596771 0.024721 -1.272085
v 0.623209 0.017205 -1.283333
v 0.662775 0.005957 -1.290848
v 0.709447 -0.007310 -1.293487
v 0.752407 -0.019523 -1.291058
v 1.000000 -0.136078 -0.496200
v 1.000000 -0.136078 -1.488601
v 0.778542 -0.031826 -1.283333
v 0.794507 -0.039342 -1.272085
v 0.800113 -0.041981 -1.258817
v 0.794507 -0.039342 -1.245549
v 0.778542 -0.031826 -1.234301
v 0.778542 -0.031826 -0.750500
v 0.794507 -0.039341 -0.739252
v 0.800113 -0.041981 -0.725984
v 0.794507 -0.039341 -0.712716
v 0.778542 -0.031826 -0.701468
v -1.000000 -0.136078 -1.488601
v -0.752407 -0.019523 -1.488601
v -0.467085 0.061587 -1.488601
v -0.158342 0.103186 -1.488601
v 0.158342 0.103186 -1.488601
v 0.467085 0.061587 -1.488601
v 0.752407 -0.019523 -1.488601
v 1.000000 -0.136078 -1.488601
v 1.000000 -0.208170 -1.488601
v -1.000000 -0.208170 -1.488601
v 1.000000 -0.136078 -0.496200
v 0.752407 -0.019523 -0.496200
v 0.467085 0.061588 -0.496200
v 0.158342 0.103186 -0.496200
v -0.158342 0.103186 -0.496200
v -0.467085 0.061588 -0.496200
v -0.752407 -0.019523 -0.496200
v -1.000000 -0.136078 -0.496200
v -1.000000 -0.208169 -0.496200
v 1.000000 -0.208169 -0.496200
v -0.752407 -0.019524 -4.465802
v -1.000000 -0.136079 -4.465802
v -1.000000 -0.136079 -3.473402
v -0.752407 -0.019524 -3.473402
v -0.752407 -0.019524 -3.670944
v -0.778542 -0.031827 -3.678670
v -0.794507 -0.039342 -3.689918
v -0.800113 -0.041982 -3.703186
v -0.794507 -0.039342 -3.716453
v -0.778542 -0.031827 -3.727701
v -0.752407 -0.019524 -3.735426
v -0.752407 -0.019524 -4.203777
v -0.778542 -0.031827 -4.211503
v -0.794507 -0.039343 -4.222751
v -0.800113 -0.041982 -4.236019
v -0.794507 -0.039343 -4.249286
v -0.778542 -0.031827 -4.260534
v -0.752407 -0.019524 -4.268260
v -0.709447 -0.007311 -4.270689
v -0.662776 0.005956 -4.268050
v -0.623209 0.017204 -4.260534
v -0.596771 0.024720 -4.249286
v -0.587488 0.027359 -4.236019
v -0.596771 0.024720 -4.222751
v -0.623209 0.017204 -4.211503
v -0.662776 0.005956 -4.203988
v -0.709447 -0.007311 -4.201348
v -0.709447 -0.007311 -3.737856
v -0.662776 0.005956 -3.735217
v -0.623209 0.017204 -3.727701
v -0.596771 0.024720 -3.716453
v -0.587488 0.027359 -3.703186
v -0.596771 0.024720 -3.689918
v -0.623209 0.017204 -3.678670
v -0.662776 0.005957 -3.671154
v -0.709447 -0.007311 -3.668515
v 0.752407 -0.019524 -4.465802
v 0.752407 -0.019524 -3.473402
v 0.752407 -0.019524 -3.670944
v 0.709447 -0.007311 -3.668515
v 0.662775 0.005957 -3.671154
v 0.623209 0.017204 -3.678670
v 0.596771 0.024720 -3.689918
v 0.587488 0.027359 -3.703186
v 0.596771 0.024720 -3.716453
v 0.623209 0.017204 -3.727701
v 0.662775 0.005957 -3.735217
v 0.709447 -0.007311 -3.737856
v 0.752407 -0.019524 -3.735427
v 0.752407 -0.019524 -4.203777
v 0.709447 -0.007311 -4.201348
v 0.662775 0.005956 -4.203988
v 0.623209 0.017204 -4.211503
v 0.596771 0.024720 -4.222751
v 0.587488 0.027359 -4.236019
v 0.596771 0.024720 -4.249286
v 0.623209 0.017204 -4.260534
v 0.662775 0.005956 -4.268050
v 0.709447 -0.007311 -4.270689
v 0.752407 -0.019524 -4.268260
v 1.000000 -0.136079 -3.473402
v 1.000000 -0.136079 -4.465802
v 0.778542 -0.031827 -4.260534
v 0.794507 -0.039342 -4.249286
v 0.800113 -0.041982 -4.236019
v 0.794507 -0.039342 -4.222751
v 0.778542 -0.031827 -4.211503
v 0.778542 -0.031827 -3.727701
v 0.794507 -0.039342 -3.716453
v 0.800113 -0.041981 -3.703186
v 0.794507 -0.039342 -3.689918
v 0.778542 -0.031827 -3.678670
v -1.000000 -0.136079 -4.465802
v -0.752407 -0.019524 -4.465802
v -0.467085 0.061587 -4.465802
v -0.158342 0.103185 -4.465802
v 0.158342 0.103185 -4.465802
v 0.467085 0.061587 -4.465802
v 0.752407 -0.019524 -4.465802
v 1.000000 -0.136079 -4.465802
v 1.000000 -0.208171 -4.465802
v -1.000000 -0.208171 -4.465802
v 1.000000 -0.136079 -3.473402
v 0.752407 -0.019524 -3.473402
v 0.467085 0.061587 -3.473402
v 0.158342 0.103185 -3.473402
v -0.158342 0.103185 -3.473402
v -0.467085 0.061587 -3.473402
v -0.752407 -0.019524 -3.473402
v -1.000000 -0.136079 -3.473402
v -1.000000 -0.208170 -3.473402
v 1.000000 -0.208170 -3.473402
v -0.752407 -0.019524 -3.473402
v -1.000000 -0.136079 -3.473402
v -1.000000 -0.136079 -2.481001
v -0.752407 -0.019523 -2.481001
v -0.752407 -0.019523 -2.678544
v -0.778542 -0.031827 -2.686270
v -0.794507 -0.039342 -2.697517
v -0.800113 -0.041981 -2.710785
v -0.794507 -0.039342 -2.724053
v -0.778542 -0.031827 -2.735301
v -0.752407 -0.019523 -2.743026
v -0.752407 -0.019523 -3.211377
v -0.778542 -0.031827 -3.219103
v -0.794507 -0.039342 -3.230350
v -0.800113 -0.041981 -3.243618
v -0.794507 -0.039342 -3.256886
v -0.778542 -0.031827 -3.268134
v -0.752407 -0.019524 -3.275859
v -0.709447 -0.007311 -3.278288
v -0.662776 0.005957 -3.275649
v -0.623209 0.017204 -3.268134
v -0.596771 0.024720 -3.256886
v -0.587488 0.027359 -3.243618
v -0.596771 0.024720 -3.230350
v -0.623209 0.017204 -3.219103
v -0.662776 0.005957 -3.211587
v -0.709447 -0.007311 -3.208948
v -0.709447 -0.007311 -2.745455
v -0.662776 0.005957 -2.742816
v -0.623209 0.017205 -2.735301
v -0.596771 0.024720 -2.724053
v -0.587488 0.027359 -2.710785
v -0.596771 0.024720 -2.697517
v -0.623209 0.017205 -2.686270
v -0.662776 0.005957 -2.678754
v -0.709447 -0.007311 -2.676115
v 0.752407 -0.019524 -3.473402
v 0.752407 -0.019523 -2.481001
v 0.752407 -0.019523 -2.678544
v 0.709447 -0.007311 -2.676115
v 0.662775 0.005957 -2.678754
v 0.623209 0.017205 -2.686270
v 0.596771 0.024720 -2.697517
v 0.587488 0.027359 -2.710785
v 0.596771 0.024720 -2.724053
v 0.623209 0.017205 -2.735301
v 0.662775 0.005957 -2.742816
v 0.709447 -0.007311 -2.745455
v 0.752407 -0.019523 -2.743026
v 0.752407 -0.019523 -3.211377
v 0.709447 -0.007311 -3.208948
v 0.662775 0.005957 -3.211587
v 0.623209 0.017205 -3.219103
v 0.596771 0.024720 -3.230350
v 0.587488 0.027359 -3.243618
v 0.596771 0.024720 -3.256886
v 0.623209 0.017205 -3.268134
v 0.662775 0.005957 -3.275649
v 0.709447 -0.007311 -3.278288
v 0.752407 -0.019524 -3.275859
v 1.000000 -0.136079 -2.481001
v 1.000000 -0.136079 -3.473402
v 0.778542 -0.031827 -3.268134
v 0.794507 -0.039342 -3.256886
v 0.800113 -0.041981 -3.243618
v 0.794507 -0.039342 -3.230350
v 0.778542 -0.031827 -3.219103
v 0.778542 -0.031826 -2.735301
v 0.794507 -0.039342 -2.724053
v 0.800113 -0.041981 -2.710785
v 0.794507 -0.039342 -2.697517
v 0.778542 -0.031826 -2.686270
v -1.000000 -0.136079 -3.473402
v -0.752407 -0.019524 -3.473402
v -0.467085 0.061587 -3.473402
v -0.158342 0.103185 -3.473402
v 0.158342 0.103185 -3.473402
v 0.467085 0.061587 -3.473402
v 0.752407 -0.019524 -3.473402
v 1.000000 -0.136079 -3.473402
v 1.000000 -0.208170 -3.473402
v -1.000000 -0.208170 -3.473402
v 1.000000 -0.136079 -2.481001
v 0.752407 -0.019523 -2.481001
v 0.467085 0.061587 -2.481001
v 0.158342 0.103185 -2.481001
v -0.158342 0.103185 -2.481001
v -0.467085 0.061587 -2.481001
v -0.752407 -0.019523 -2.481001
v -1.000000 -0.136079 -2.481001
v -1.000000 -0.208170 -2.481001
v 1.000000 -0.208170 -2.481001
v -0.752407 -0.019524 -6.450603
v -1.000000 -0.136080 -6.450603
v -1.000000 -0.136080 -5.458203
v -0.752407 -0.019524 -5.458203
v -0.752407 -0.019524 -5.655746
v -0.778542 -0.031827 -5.663471
v -0.794507 -0.039343 -5.674719
v -0.800113 -0.041982 -5.687986
v -0.794507 -0.039343 -5.701254
v -0.778542 -0.031827 -5.712502
v -0.752407 -0.019524 -5.720228
v -0.752407 -0.019524 -6.188579
v -0.778542 -0.031828 -6.196304
v -0.794507 -0.039343 -6.207552
v -0.800113 -0.041982 -6.220820
v -0.794507 -0.039343 -6.234087
v -0.778542 -0.031828 -6.245335
v -0.752407 -0.019524 -6.253061
v -0.709447 -0.007312 -6.255490
v -0.662776 0.005956 -6.252851
v -0.623209 0.017204 -6.245335
v -0.596771 0.024719 -6.234087
v -0.587488 0.027358 -6.220820
v -0.596771 0.024719 -6.207552
v -0.623209 0.017204 -6.196304
v -0.662776 0.005956 -6.188788
v -0.709447 -0.007312 -6.186150
v -0.709447 -0.007312 -5.722657
v -0.662776 0.005956 -5.720018
v -0.623209 0.017204 -5.712502
v -0.596771 0.024719 -5.701254
v -0.587488 0.027358 -5.687986
v -0.596771 0.024719 -5.674719
v -0.623209 0.017204 -5.663471
v -0.662776 0.005956 -5.655955
v -0.709447 -0.007312 -5.653316
v 0.752407 -0.019524 -6.450603
v 0.752407 -0.019524 -5.458203
v 0.752407 -0.019524 -5.655746
v 0.709447 -0.007312 -5.653316
v 0.662775 0.005956 -5.655955
v 0.623209 0.017204 -5.663471
v 0.596771 0.024719 -5.674719
v 0.587488 0.027359 -5.687987
v 0.596771 0.024719 -5.701254
v 0.623209 0.017204 -5.712502
v 0.662775 0.005956 -5.720018
v 0.709447 -0.007312 -5.722657
v 0.752407 -0.019524 -5.720228
v 0.752407 -0.019524 -6.188579
v 0.709447 -0.007312 -6.186150
v 0.662775 0.005956 -6.188788
v 0.623209 0.017204 -6.196304
v 0.596771 0.024719 -6.207552
v 0.587488 0.027358 -6.220819
v 0.596771 0.024719 -6.234087
v 0.623209 0.017204 -6.245335
v 0.662775 0.005956 -6.252851
v 0.709447 -0.007312 -6.255490
v 0.752407 -0.019524 -6.253061
v 1.000000 -0.136080 -5.458203
v 1.000000 -0.136080 -6.450603
v 0.778542 -0.031828 -6.245335
v 0.794507 -0.039343 -6.234087
v 0.800113 -0.041982 -6.220819
v 0.794507 -0.039343 -6.207552
v 0.778542 -0.031827 -6.196304
v 0.778542 -0.031827 -5.712502
v 0.794507 -0.039343 -5.701254
v 0.800113 -0.041982 -5.687987
v 0.794507 -0.039343 -5.674719
v 0.778542 -0.031827 -5.663471
v -1.000000 -0.136080 -6.450603
v -0.752407 -0.019524 -6.450603
v -0.467085 0.061586 -6.450603
v -0.158342 0.103184 -6.450603
v 0.158342 0.103184 -6.450603
v 0.467085 0.061586 -6.450603
v 0.752407 -0.019524 -6.450603
v 1.000000 -0.136080 -6.450603
v 1.000000 -0.208171 -6.450603
v -1.000000 -0.208171 -6.450603
v 1.000000 -0.136080 -5.458203
v 0.752407 -0.019524 -5.458203
v 0.467085 0.061586 -5.458203
v 0.158342 0.103184 -5.458203
v -0.158342 0.103184 -5.458203
v -0.467085 0.061586 -5.458203
v -0.752407 -0.019524 -5.458203
v -1.000000 -0.136080 -5.458203
v -1.000000 -0.208171 -5.458203
v 1.000000 -0.208171 -5.458203
v -0.752407 -0.019524 -5.458203
v -1.000000 -0.136080 -5.458203
v -1.000000 -0.136079 -4.465802
v -0.752407 -0.019524 -4.465802
v -0.752407 -0.019524 -4.663345
v -0.778542 -0.031827 -4.671071
v -0.794507 -0.039343 -4.682318
v -0.800113 -0.041982 -4.695586
v -0.794507 -0.039343 -4.708854
v -0.778542 -0.031827 -4.720102
v -0.752407 -0.019524 -4.727827
v -0.752407 -0.019524 -5.196178
v -0.778542 -0.031827 -5.203904
v -0.794507 -0.039343 -5.215151
v -0.800113 -0.041982 -5.228419
v -0.794507 -0.039343 -5.241687
v -0.778542 -0.031827 -5.252935
v -0.752407 -0.019524 -5.260661
v -0.709447 -0.007312 -5.263090
v -0.662776 0.005956 -5.260450
v -0.623209 0.017204 -5.252935
v -0.596771 0.024719 -5.241687
v -0.587488 0.027359 -5.228419
v -0.596771 0.024719 -5.215151
v -0.623209 0.017204 -5.203904
v -0.662776 0.005956 -5.196388
v -0.709447 -0.007312 -5.193749
v -0.709447 -0.007312 -4.730256
v -0.662776 0.005956 -4.727617
v -0.623209 0.017204 -4.720102
v -0.596771 0.024720 -4.708854
v -0.587488 0.027359 -4.695586
v -0.596771 0.024720 -4.682318
v -0.623209 0.017204 -4.671071
v -0.662776 0.005956 -4.663555
v -0.709447 -0.007312 -4.660916
v 0.752407 -0.019524 -5.458203
v 0.752407 -0.019524 -4.465802
v 0.752407 -0.019524 -4.663345
v 0.709447 -0.007311 -4.660916
v 0.662775 0.005956 -4.663555
v 0.623209 0.017204 -4.671071
v 0.596771 0.024720 -4.682318
v 0.587488 0.027359 -4.695586
v 0.596771 0.024720 -4.708854
v 0.623209 0.017204 -4.720102
v 0.662775 0.005956 -4.727617
v 0.709447 -0.007311 -4.730256
v 0.752407 -0.019524 -4.727827
v 0.752407 -0.019524 -5.196178
v 0.709447 -0.007312 -5.193749
v 0.662775 0.005956 -5.196388
v 0.623209 0.017204 -5.203904
v 0.596771 0.024720 -5.215151
v 0.587488 0.027359 -5.228419
v 0.596771 0.024720 -5.241687
v 0.623209 0.017204 -5.252935
v 0.662775 0.005956 -5.260450
v 0.709447 -0.007312 -5.263090
v 0.752407 -0.019524 -5.260661
v 1.000000 -0.136079 -4.465802
v 1.000000 -0.136080 -5.458203
v 0.778542 -0.031827 -5.252935
v 0.794507 -0.039343 -5.241687
v 0.800113 -0.041982 -5.228419
v 0.794507 -0.039343 -5.215151
v 0.778542 -0.031827 -5.203904
v 0.778542 -0.031827 -4.720102
v 0.794507 -0.039343 -4.708854
v 0.800113 -0.041982 -4.695586
v 0.794507 -0.039343 -4.682318
v 0.778542 -0.031827 -4.671071
v -1.000000 -0.136080 -5.458203
v -0.752407 -0.019524 -5.458203
v -0.467085 0.061586 -5.458203
v -0.158342 0.103184 -5.458203
v 0.158342 0.103184 -5.458203
v 0.467085 0.061586 -5.458203
v 0.752407 -0.019524 -5.458203
v 1.000000 -0.136080 -5.458203
v 1.000000 -0.208171 -5.458203
v -1.000000 -0.208171 -5.458203
v 1.000000 -0.136079 -4.465802
v 0.752407 -0.019524 -4.465802
v 0.467085 0.061587 -4.465802
v 0.158342 0.103185 -4.465802
v -0.158342 0.103185 -4.465802
v -0.467085 0.061587 -4.465802
v -0.752407 -0.019524 -4.465802
v -1.000000 -0.136079 -4.465802
v -1.000000 -0.208171 -4.465802
v 1.000000 -0.208171 -4.465802
v -0.752407 -0.019525 -8.435405
v -1.000000 -0.136080 -8.435405
v -1.000000 -0.136080 -7.443004
v -0.752407 -0.019525 -7.443004
v -0.752407 -0.019525 -7.640546
v -0.778542 -0.031828 -7.648272
v -0.794507 -0.039344 -7.659520
v -0.800113 -0.041983 -7.672787
v -0.794507 -0.039344 -7.686055
v -0.778542 -0.031828 -7.697303
v -0.752407 -0.019525 -7.705029
v -0.752407 -0.019525 -8.173380
v -0.778542 -0.031828 -8.181106
v -0.794507 -0.039344 -8.192352
v -0.800113 -0.041983 -8.205621
v -0.794507 -0.039344 -8.218888
v -0.778542 -0.031828 -8.230137
v -0.752407 -0.019525 -8.237862
v -0.709447 -0.007313 -8.240291
v -0.662776 0.005955 -8.237653
v -0.623209 0.017203 -8.230137
v -0.596771 0.024719 -8.218888
v -0.587488 0.027358 -8.205621
v -0.596771 0.024719 -8.192352
v -0.623209 0.017203 -8.181106
v -0.662776 0.005955 -8.173590
v -0.709447 -0.007313 -8.170950
v -0.709447 -0.007312 -7.707458
v -0.662776 0.005955 -7.704819
v -0.623209 0.017203 -7.697303
v -0.596771 0.024719 -7.686055
v -0.587488 0.027358 -7.672787
v -0.596771 0.024719 -7.659520
v -0.623209 0.017203 -7.648272
v -0.662776 0.005955 -7.640757
v -0.709447 -0.007312 -7.638117
v 0.752407 -0.019525 -8.435405
v 0.752407 -0.019525 -7.443004
v 0.752407 -0.019525 -7.640546
v 0.709447 -0.007312 -7.638117
v 0.662775 0.005955 -7.640757
v 0.623209 0.017203 -7.648272
v 0.596771 0.024719 -7.659520
v 0.587488 0.027358 -7.672788
v 0.596771 0.024719 -7.686055
v 0.623209 0.017203 -7.697303
v 0.662775 0.005955 -7.704819
v 0.709447 -0.007312 -7.707458
v 0.752407 -0.019525 -7.705029
v 0.752407 -0.019525 -8.173380
v 0.709447 -0.007313 -8.170950
v 0.662775 0.005955 -8.173590
v 0.623209 0.017203 -8.181106
v 0.596771 0.024719 -8.192352
v 0.587488 0.027358 -8.205621
v 0.596771 0.024719 -8.218888
v 0.623209 0.017203 -8.230137
v 0.662775 0.005955 -8.237653
v 0.709447 -0.007313 -8.240291
v 0.752407 -0.019525 -8.237862
v 1.000000 -0.136080 -7.443004
v 1.000000 -0.136080 -8.435405
v 0.778542 -0.031828 -8.230137
v 0.794507 -0.039344 -8.218888
v 0.800113 -0.041983 -8.205621
v 0.794507 -0.039344 -8.192352
v 0.778542 -0.031828 -8.181106
v 0.778542 -0.031828 -7.697303
v 0.794507 -0.039344 -7.686055
v 0.800113 -0.041983 -7.672788
v 0.794507 -0.039344 -7.659520
v 0.778542 -0.031828 -7.648272
v -1.000000 -0.136080 -8.435405
v -0.752407 -0.019525 -8.435405
v -0.467085 0.061585 -8.435405
v -0.158342 0.103184 -8.435405
v 0.158342 0.103184 -8.435405
v 0.467085 0.061585 -8.435405
v 0.752407 -0.019525 -8.435405
v 1.000000 -0.136080 -8.435405
v 1.000000 -0.208172 -8.435405
v -1.000000 -0.208172 -8.435405
v 1.000000 -0.136080 -7.443004
v 0.752407 -0.019525 -7.443004
v 0.467085 0.061586 -7.443004
v 0.158342 0.103184 -7.443004
v -0.158342 0.103184 -7.443004
v -0.467085 0.061586 -7.443004
v -0.752407 -0.019525 -7.443004
v -1.000000 -0.136080 -7.443004
v -1.000000 -0.208172 -7.443004
v 1.000000 -0.208172 -7.443004
v -0.752407 -0.019525 -7.443004
v -1.000000 -0.136080 -7.443004
v -1.000000 -0.136080 -6.450603
v -0.752407 -0.019524 -6.450603
v -0.752407 -0.019525 -6.648146
v -0.778542 -0.031828 -6.655871
v -0.794507 -0.039343 -6.667120
v -0.800113 -0.041982 -6.680387
v -0.794507 -0.039343 -6.693655
v -0.778542 -0.031828 -6.704903
v -0.752407 -0.019525 -6.712628
v -0.752407 -0.019525 -7.180979
v -0.778542 -0.031828 -7.188704
v -0.794507 -0.039343 -7.199953
v -0.800113 -0.041983 -7.213221
v -0.794507 -0.039343 -7.226488
v -0.778542 -0.031828 -7.237736
v -0.752407 -0.019525 -7.245461
v -0.709447 -0.007312 -7.247890
v -0.662776 0.005955 -7.245251
v -0.623209 0.017203 -7.237736
v -0.596771 0.024719 -7.226488
v -0.587488 0.027358 -7.213220
v -0.596771 0.024719 -7.199953
v -0.623209 0.017203 -7.188704
v -0.662776 0.005955 -7.181189
v -0.709447 -0.007312 -7.178550
v -0.709447 -0.007312 -6.715057
v -0.662776 0.005956 -6.712418
v -0.623209 0.017203 -6.704903
v -0.596771 0.024719 -6.693655
v -0.587488 0.027358 -6.680387
v -0.596771 0.024719 -6.667120
v -0.623209 0.017203 -6.655871
v -0.662776 0.005956 -6.648356
v -0.709447 -0.007312 -6.645717
v 0.752407 -0.019525 -7.443004
v 0.752407 -0.019524 -6.450603
v 0.752407 -0.019525 -6.648146
v 0.709447 -0.007312 -6.645717
v 0.662775 0.005956 -6.648356
v 0.623209 0.017204 -6.655871
v 0.596771 0.024719 -6.667120
v 0.587488 0.027358 -6.680387
v 0.596771 0.024719 -6.693655
v 0.623209 0.017204 -6.704903
v 0.662775 0.005956 -6.712418
v 0.709447 -0.007312 -6.715057
v 0.752407 -0.019525 -6.712628
v 0.752407 -0.019525 -7.180979
v 0.709447 -0.007312 -7.178550
v 0.662775 0.005956 -7.181189
v 0.623209 0.017203 -7.188704
v 0.596771 0.024719 -7.199953
v 0.587488 0.027358 -7.213220
v 0.596771 0.024719 -7.226488
v 0.623209 0.017203 -7.237736
v 0.662775 0.005956 -7.245251
v 0.709447 -0.007312 -7.247890
v 0.752407 -0.019525 -7.245461
v 1.000000 -0.136080 -6.450603
v 1.000000 -0.136080 -7.443004
v 0.778542 -0.031828 -7.237736
v 0.794507 -0.039343 -7.226488
v 0.800113 -0.041982 -7.213220
v 0.794507 -0.039343 -7.199953
v 0.778542 -0.031828 -7.188704
v 0.778542 -0.031828 -6.704903
v 0.794507 -0.039343 -6.693655
v 0.800113 -0.041982 -6.680387
v 0.794507 -0.039343 -6.667120
v 0.778542 -0.031828 -6.655871
v -1.000000 -0.136080 -7.443004
v -0.752407 -0.019525 -7.443004
v -0.467085 0.061586 -7.443004
v -0.158342 0.103184 -7.443004
v 0.158342 0.103184 -7.443004
v 0.467085 0.061586 -7.443004
v 0.752407 -0.019525 -7.443004
v 1.000000 -0.136080 -7.443004
v 1.000000 -0.208172 -7.443004
v -1.000000 -0.208172 -7.443004
v 1.000000 -0.136080 -6.450603
v 0.752407 -0.019524 -6.450603
v 0.467085 0.061586 -6.450603
v 0.158342 0.103184 -6.450603
v -0.158342 0.103184 -6.450603
v -0.467085 0.061586 -6.450603
v -0.752407 -0.019524 -6.450603
v -1.000000 -0.136080 -6.450603
v -1.000000 -0.208171 -6.450603
v 1.000000 -0.208171 -6.450603
vn -1.0000 -0.0000 -0.0000
vn -0.0000 -1.0000 -0.0000
vn 1.0000 -0.0000 -0.0000
vn -0.1999 0.9798 -0.0000
vn -0.0664 0.9978 -0.0000
vn 0.0664 0.9978 -0.0000
vn 0.1999 0.9798 -0.0000
vn -0.0000 0.3865 -0.9223
vn -0.0000 0.3866 -0.9222
vn -0.0000 -0.0019 -1.0000
vn -0.0000 0.6937 -0.7203
vn -0.0000 0.9244 -0.3814
vn -0.0000 1.0000 -0.0000
vn -0.0000 0.9244 0.3814
vn -0.0000 0.6937 0.7203
vn -0.0000 0.3866 0.9222
vn -0.0000 0.3865 0.9223
vn -0.0000 -0.0019 1.0000
vn -0.0000 -0.3767 0.9263
vn -0.0000 -0.3767 0.9264
vn -0.0000 -0.7034 0.7108
vn -0.0000 -0.9227 0.3854
vn -0.0000 -0.9227 -0.3854
vn -0.0000 -0.7034 -0.7108
vn -0.0000 -0.3767 -0.9264
vn -0.0000 -0.3767 -0.9263
vn -0.0000 -0.3766 0.9264
vn -0.0000 -0.7033 -0.7109
vn -0.0000 -0.7033 0.7109
vn -0.0000 -0.0020 -1.0000
vn -0.0000 -0.0018 1.0000
vn -0.0000 0.3866 0.9223
vn -0.0000 -0.3768 -0.9263
vn -0.3497 0.9369 -0.0000
vn -0.4259 0.9048 -0.0000
vn -0.2734 0.9619 -0.0000
vn 0.3497 0.9369 -0.0000
vn 0.2734 0.9619 -0.0000
vn 0.4259 0.9048 -0.0000
vn -0.0000 -0.0000 -1.0000
vn -0.0000 -0.0000 1.0000
vn 0.3496 0.9369 -0.0000
vn 0.4260 0.9047 -0.0000
vn -0.2735 0.9619 -0.0000
vn -0.4258 0.9048 -0.0000
vn -0.4260 0.9047 -0.0000
vn -0.4259 0.9047 -0.0000
vn 0.2735 0.9619 -0.0000
vn 0.4258 0.9048 -0.0000
vn 0.4259 0.9047 -0.0000
vt 0.579971 0.090778
vt 0.579971 0.134156
vt 0.830486 0.134156
vt 0.830486 0.090778
vt 0.865428 0.665871
vt 0.990428 0.665871
vt 0.990428 0.415871
vt 0.865428 0.415871
vt 0.830486 0.583681
vt 0.830486 0.540303
vt 0.579971 0.540303
vt 0.579971 0.583681
vt 0.830486 0.271330
vt 0.579971 0.271330
vt 0.579971 0.317396
vt 0.830486 0.317396
vt 0.579971 0.357063
vt 0.830486 0.357063
vt 0.579971 0.403129
vt 0.830486 0.403129
vt 0.555891 0.823286
vt 0.971208 0.823286
vt 0.976086 0.829302
vt 0.551013 0.829302
vt 0.560341 0.817799
vt 0.966758 0.817799
vt 0.563388 0.814041
vt 0.963712 0.814041
vt 0.565404 0.811555
vt 0.961696 0.811555
vt 0.567420 0.809069
vt 0.959680 0.809069
vt 0.570467 0.805311
vt 0.956633 0.805311
vt 0.574916 0.799824
vt 0.952183 0.799824
vt 0.579795 0.793807
vt 0.947305 0.793808
vt 0.585094 0.787271
vt 0.942006 0.787271
vt 0.589690 0.781603
vt 0.937410 0.781603
vt 0.593048 0.777462
vt 0.934052 0.777463
vt 0.931976 0.774902
vt 0.595124 0.774902
vt 0.597200 0.772342
vt 0.929900 0.772342
vt 0.600558 0.768201
vt 0.926543 0.768201
vt 0.545713 0.835838
vt 0.981385 0.835838
vt 0.985981 0.841506
vt 0.541117 0.841506
vt 0.967481 0.731776
vt 0.965253 0.725670
vt 0.565753 0.725670
vt 0.563525 0.731776
vt 0.561493 0.737346
vt 0.969513 0.737346
vt 0.560101 0.741160
vt 0.970904 0.741160
vt 0.559181 0.743683
vt 0.971825 0.743684
vt 0.558260 0.746207
vt 0.972746 0.746207
vt 0.556868 0.750021
vt 0.974137 0.750021
vt 0.554836 0.755590
vt 0.976169 0.755591
vt 0.552608 0.761697
vt 0.978397 0.761697
vt 0.577335 0.693927
vt 0.953671 0.693927
vt 0.951251 0.687293
vt 0.579755 0.687294
vt 0.575236 0.699680
vt 0.955770 0.699680
vt 0.573702 0.703883
vt 0.957304 0.703883
vt 0.572754 0.706482
vt 0.958252 0.706482
vt 0.571806 0.709081
vt 0.959200 0.709080
vt 0.570272 0.713283
vt 0.960733 0.713283
vt 0.568173 0.719036
vt 0.962832 0.719036
vt 0.235828 0.090778
vt 0.235828 0.134156
vt 0.486342 0.134156
vt 0.486342 0.090778
vt 0.028322 0.665871
vt 0.153322 0.665871
vt 0.153322 0.415871
vt 0.028322 0.415871
vt 0.486342 0.583681
vt 0.486342 0.540303
vt 0.235828 0.540303
vt 0.235828 0.583681
vt 0.486342 0.271330
vt 0.235828 0.271330
vt 0.235828 0.317396
vt 0.486342 0.317396
vt 0.235828 0.357063
vt 0.486342 0.357063
vt 0.235828 0.403129
vt 0.486342 0.403129
vt 0.021073 0.823286
vt 0.436390 0.823286
vt 0.441268 0.829302
vt 0.016195 0.829302
vt 0.025523 0.817799
vt 0.431941 0.817799
vt 0.028570 0.814041
vt 0.428894 0.814041
vt 0.030586 0.811555
vt 0.426878 0.811555
vt 0.032602 0.809069
vt 0.424862 0.809069
vt 0.035649 0.805311
vt 0.421815 0.805311
vt 0.040099 0.799824
vt 0.417366 0.799824
vt 0.044977 0.793807
vt 0.412488 0.793808
vt 0.050277 0.787271
vt 0.407188 0.787271
vt 0.054873 0.781603
vt 0.402592 0.781603
vt 0.058230 0.777462
vt 0.399234 0.777463
vt 0.397158 0.774902
vt 0.060306 0.774902
vt 0.062383 0.772342
vt 0.395083 0.772342
vt 0.065740 0.768201
vt 0.391725 0.768201
vt 0.010895 0.835838
vt 0.446567 0.835838
vt 0.451163 0.841506
vt 0.006299 0.841506
vt 0.432663 0.731776
vt 0.430435 0.725670
vt 0.030935 0.725670
vt 0.028707 0.731776
vt 0.026675 0.737346
vt 0.434695 0.737346
vt 0.025284 0.741160
vt 0.436087 0.741160
vt 0.024363 0.743683
vt 0.437007 0.743684
vt 0.023442 0.746207
vt 0.437928 0.746207
vt 0.022051 0.750021
vt 0.439320 0.750021
vt 0.020019 0.755590
vt 0.441352 0.755591
vt 0.017791 0.761697
vt 0.443580 0.761697
vt 0.042517 0.693927
vt 0.418853 0.693927
vt 0.416433 0.687293
vt 0.044937 0.687294
vt 0.040418 0.699680
vt 0.420952 0.699680
vt 0.038884 0.703883
vt 0.422486 0.703883
vt 0.037936 0.706482
vt 0.423434 0.706482
vt 0.036988 0.709081
vt 0.424382 0.709080
vt 0.035455 0.713283
vt 0.425916 0.713283
vt 0.033356 0.719036
vt 0.428015 0.719036
vt 0.629838 0.210839
vt 0.579971 0.210839
vt 0.631788 0.202745
vt 0.634627 0.197800
vt 0.637976 0.196064
vt 0.641325 0.197800
vt 0.644165 0.202745
vt 0.646115 0.210839
vt 0.769132 0.197800
vt 0.766292 0.202745
vt 0.764342 0.210839
vt 0.772481 0.196064
vt 0.775830 0.197800
vt 0.778669 0.202745
vt 0.780620 0.210839
vt 0.830486 0.210839
vt 0.634627 0.243836
vt 0.637976 0.245804
vt 0.631788 0.238231
vt 0.629891 0.229842
vt 0.629224 0.219947
vt 0.641326 0.243836
vt 0.644165 0.238230
vt 0.646062 0.229842
vt 0.646728 0.219947
vt 0.772481 0.245804
vt 0.769132 0.243836
vt 0.766292 0.238231
vt 0.764395 0.229842
vt 0.763729 0.219947
vt 0.775830 0.243836
vt 0.778669 0.238231
vt 0.780567 0.229842
vt 0.781233 0.219947
vt 0.629838 0.463620
vt 0.579971 0.463620
vt 0.629224 0.454512
vt 0.764342 0.463620
vt 0.646728 0.454512
vt 0.646115 0.463620
vt 0.763729 0.454512
vt 0.830486 0.463620
vt 0.781233 0.454512
vt 0.780620 0.463620
vt 0.637976 0.428655
vt 0.634627 0.430623
vt 0.631788 0.436228
vt 0.629891 0.444617
vt 0.641325 0.430623
vt 0.644165 0.436228
vt 0.646062 0.444617
vt 0.772481 0.428655
vt 0.769132 0.430623
vt 0.766292 0.436228
vt 0.764395 0.444617
vt 0.775830 0.430623
vt 0.778669 0.436228
vt 0.780567 0.444617
vt 0.637976 0.478395
vt 0.634627 0.476659
vt 0.631788 0.471714
vt 0.641325 0.476659
vt 0.644165 0.471714
vt 0.769132 0.476659
vt 0.766292 0.471714
vt 0.772481 0.478395
vt 0.775830 0.476659
vt 0.778669 0.471714
vt 0.597039 0.968148
vt 0.995468 0.982509
vt 0.597039 0.982509
vt 0.995468 0.968148
vt 0.646363 0.944928
vt 0.946144 0.944928
vt 0.703203 0.928770
vt 0.889303 0.928770
vt 0.764709 0.920483
vt 0.827797 0.920483
vt 0.993917 0.896838
vt 0.595489 0.911200
vt 0.993917 0.911200
vt 0.595489 0.896838
vt 0.944593 0.873619
vt 0.644813 0.873619
vt 0.887753 0.857461
vt 0.701653 0.857461
vt 0.826247 0.849174
vt 0.763159 0.849174
vt 0.285694 0.210839
vt 0.235828 0.210839
vt 0.287644 0.202745
vt 0.290484 0.197800
vt 0.293833 0.196064
vt 0.297182 0.197800
vt 0.300021 0.202745
vt 0.301971 0.210839
vt 0.424988 0.197800
vt 0.422149 0.202745
vt 0.420199 0.210839
vt 0.428337 0.196064
vt 0.431687 0.197800
vt 0.434526 0.202745
vt 0.436476 0.210839
vt 0.486342 0.210839
vt 0.290484 0.243836
vt 0.293833 0.245804
vt 0.287644 0.238231
vt 0.285747 0.229842
vt 0.285081 0.219947
vt 0.297182 0.243836
vt 0.300021 0.238230
vt 0.301918 0.229842
vt 0.302585 0.219947
vt 0.428337 0.245804
vt 0.424988 0.243836
vt 0.422149 0.238231
vt 0.420252 0.229842
vt 0.419585 0.219947
vt 0.431687 0.243836
vt 0.434526 0.238231
vt 0.436423 0.229842
vt 0.437089 0.219947
vt 0.285694 0.463620
vt 0.235828 0.463620
vt 0.285081 0.454512
vt 0.420199 0.463620
vt 0.302585 0.454512
vt 0.301971 0.463620
vt 0.419585 0.454512
vt 0.486342 0.463620
vt 0.437089 0.454512
vt 0.436476 0.463620
vt 0.293833 0.428655
vt 0.290484 0.430623
vt 0.287644 0.436228
vt 0.285747 0.444617
vt 0.297182 0.430623
vt 0.300021 0.436228
vt 0.301918 0.444617
vt 0.428337 0.428655
vt 0.424988 0.430623
vt 0.422149 0.436228
vt 0.420252 0.444617
vt 0.431686 0.430623
vt 0.434526 0.436228
vt 0.436423 0.444617
vt 0.293833 0.478395
vt 0.290484 0.476659
vt 0.287644 0.471714
vt 0.297182 0.476659
vt 0.300021 0.471714
vt 0.424988 0.476659
vt 0.422149 0.471714
vt 0.428337 0.478395
vt 0.431686 0.476659
vt 0.434526 0.471714
vt 0.074623 0.968148
vt 0.473051 0.982509
vt 0.074623 0.982509
vt 0.473051 0.968148
vt 0.123947 0.944928
vt 0.423727 0.944928
vt 0.180787 0.928770
vt 0.366887 0.928770
vt 0.242293 0.920483
vt 0.305381 0.920483
vt 0.471501 0.896838
vt 0.073073 0.911200
vt 0.471501 0.911200
vt 0.073073 0.896838
vt 0.422177 0.873619
vt 0.122397 0.873619
vt 0.365337 0.857461
vt 0.179237 0.857461
vt 0.303831 0.849174
vt 0.240743 0.849174
s 0
usemtl Material.001
f 1/1/1 2/2/1 3/3/1
f 1/1/1 3/3/1 4/4/1
f 5/5/2 6/6/2 7/7/2
f 5/5/2 7/7/2 8/8/2
f 9/9/3 10/10/3 11/11/3
f 9/9/3 11/11/3 12/12/3
s 1
f 13/13/4 14/14/4 15/15/5
f 13/13/4 15/15/5 16/16/5
f 16/16/5 15/15/5 17/17/6
f 16/16/5 17/17/6 18/18/6
f 18/18/6 17/17/6 19/19/7
f 18/18/6 19/19/7 20/20/7
f 21/21/8 22/22/9 23/23/10
f 21/21/8 23/23/10 24/24/10
f 25/25/11 26/26/11 22/22/9
f 25/25/11 22/22/9 21/21/8
f 27/27/12 28/28/12 26/26/11
f 27/27/12 26/26/11 25/25/11
f 29/29/13 30/30/13 28/28/12
f 29/29/13 28/28/12 27/27/12
f 31/31/14 32/32/14 30/30/13
f 31/31/14 30/30/13 29/29/13
f 33/33/15 34/34/15 32/32/14
f 33/33/15 32/32/14 31/31/14
f 35/35/16 36/36/17 34/34/15
f 35/35/16 34/34/15 33/33/15
f 36/36/17 35/35/16 37/37/18
f 36/36/17 37/37/18 38/38/18
f 39/39/19 40/40/20 38/38/18
f 39/39/19 38/38/18 37/37/18
f 41/41/21 42/42/21 40/40/20
f 41/41/21 40/40/20 39/39/19
f 43/43/22 44/44/22 42/42/21
f 43/43/22 42/42/21 41/41/21
f 45/45/2 44/44/22 43/43/22
f 45/45/2 43/43/22 46/46/2
f 47/47/23 48/48/23 45/45/2
f 47/47/23 45/45/2 46/46/2
f 49/49/24 50/50/24 48/48/23
f 49/49/24 48/48/23 47/47/23
f 51/51/25 52/52/26 53/53/24
f 51/51/25 53/53/24 54/54/24
f 24/24/10 23/23/10 52/52/26
f 24/24/10 52/52/26 51/51/25
f 55/55/17 56/56/18 57/57/18
f 55/55/17 57/57/18 58/58/16
f 58/58/16 59/59/15 60/60/15
f 58/58/16 60/60/15 55/55/17
f 59/59/15 61/61/14 62/62/14
f 59/59/15 62/62/14 60/60/15
f 61/61/14 63/63/13 64/64/13
f 61/61/14 64/64/13 62/62/14
f 63/63/13 65/65/12 66/66/12
f 63/63/13 66/66/12 64/64/13
f 67/67/11 68/68/11 66/66/12
f 67/67/11 66/66/12 65/65/12
f 69/69/9 70/70/8 68/68/11
f 69/69/9 68/68/11 67/67/11
f 70/70/8 69/69/9 71/71/10
f 70/70/8 71/71/10 72/72/10
f 73/73/26 74/74/25 75/75/10
f 73/73/26 75/75/10 76/76/10
f 77/77/24 78/78/24 74/74/25
f 77/77/24 74/74/25 73/73/26
f 79/79/23 80/80/23 78/78/24
f 79/79/23 78/78/24 77/77/24
f 81/81/2 82/82/2 80/80/23
f 81/81/2 80/80/23 79/79/23
f 83/83/22 84/84/22 82/82/2
f 83/83/22 82/82/2 81/81/2
f 83/83/22 85/85/21 86/86/21
f 83/83/22 86/86/21 84/84/22
f 85/85/21 87/87/19 88/88/27
f 85/85/21 88/88/27 86/86/21
f 88/88/27 87/87/19 57/57/18
f 88/88/27 57/57/18 56/56/18
s 0
f 89/89/1 90/90/1 91/91/1
f 89/89/1 91/91/1 92/92/1
f 93/93/2 94/94/2 95/95/2
f 93/93/2 95/95/2 96/96/2
f 97/97/3 98/98/3 99/99/3
f 97/97/3 99/99/3 100/100/3
s 1
f 101/101/4 102/102/4 103/103/5
f 101/101/4 103/103/5 104/104/5
f 104/104/5 103/103/5 105/105/6
f 104/104/5 105/105/6 106/106/6
f 106/106/6 105/105/6 107/107/7
f 106/106/6 107/107/7 108/108/7
f 109/109/8 110/110/9 111/111/10
f 109/109/8 111/111/10 112/112/10
f 113/113/11 114/114/11 110/110/9
f 113/113/11 110/110/9 109/109/8
f 115/115/12 116/116/12 114/114/11
f 115/115/12 114/114/11 113/113/11
f 117/117/13 118/118/13 116/116/12
f 117/117/13 116/116/12 115/115/12
f 119/119/14 120/120/14 118/118/13
f 119/119/14 118/118/13 117/117/13
f 121/121/15 122/122/15 120/120/14
f 121/121/15 120/120/14 119/119/14
f 123/123/16 124/124/17 122/122/15
f 123/123/16 122/122/15 121/121/15
f 124/124/17 123/123/16 125/125/18
f 124/124/17 125/125/18 126/126/18
f 127/127/19 128/128/20 126/126/18
f 127/127/19 126/126/18 125/125/18
f 129/129/21 130/130/21 128/128/20
f 129/129/21 128/128/20 127/127/19
f 131/131/22 132/132/22 130/130/21
f 131/131/22 130/130/21 129/129/21
f 133/133/2 132/132/22 131/131/22
f 133/133/2 131/131/22 134/134/2
f 135/135/23 136/136/23 133/133/2
f 135/135/23 133/133/2 134/134/2
f 137/137/24 138/138/24 136/136/23
f 137/137/24 136/136/23 135/135/23
f 139/139/25 140/140/26 141/141/28
f 139/139/25 141/141/28 142/142/28
f 112/112/10 111/111/10 140/140/26
f 112/112/10 140/140/26 139/139/25
f 143/143/16 144/144/18 145/145/18
f 143/143/16 145/145/18 146/146/16
f 146/146/16 147/147/15 148/148/15
f 146/146/16 148/148/15 143/143/16
f 147/147/15 149/149/14 150/150/14
f 147/147/15 150/150/14 148/148/15
f 149/149/14 151/151/13 152/152/13
f 149/149/14 152/152/13 150/150/14
f 151/151/13 153/153/12 154/154/12
f 151/151/13 154/154/12 152/152/13
f 155/155/11 156/156/11 154/154/12
f 155/155/11 154/154/12 153/153/12
f 157/157/9 158/158/8 156/156/11
f 157/157/9 156/156/11 155/155/11
f 158/158/8 157/157/9 159/159/10
f 158/158/8 159/159/10 160/160/10
f 161/161/26 162/162/25 163/163/10
f 161/161/26 163/163/10 164/164/10
f 165/165/24 166/166/24 162/162/25
f 165/165/24 162/162/25 161/161/26
f 167/167/23 168/168/23 166/166/24
f 167/167/23 166/166/24 165/165/24
f 169/169/2 170/170/2 168/168/23
f 169/169/2 168/168/23 167/167/23
f 171/171/22 172/172/22 170/170/2
f 171/171/22 170/170/2 169/169/2
f 171/171/22 173/173/21 174/174/21
f 171/171/22 174/174/21 172/172/22
f 173/173/21 175/175/19 176/176/27
f 173/173/21 176/176/27 174/174/21
f 176/176/27 175/175/19 145/145/18
f 176/176/27 145/145/18 144/144/18
s 0
f 177/1/1 178/2/1 179/3/1
f 177/1/1 179/3/1 180/4/1
f 181/5/2 182/6/2 183/7/2
f 181/5/2 183/7/2 184/8/2
f 185/9/3 186/10/3 187/11/3
f 185/9/3 187/11/3 188/12/3
s 1
f 189/13/4 190/14/4 191/15/5
f 189/13/4 191/15/5 192/16/5
f 192/16/5 191/15/5 193/17/6
f 192/16/5 193/17/6 194/18/6
f 194/18/6 193/17/6 195/19/7
f 194/18/6 195/19/7 196/20/7
f 197/21/8 198/22/9 199/23/10
f 197/21/8 199/23/10 200/24/10
f 201/25/11 202/26/11 198/22/9
f 201/25/11 198/22/9 197/21/8
f 203/27/12 204/28/12 202/26/11
f 203/27/12 202/26/11 201/25/11
f 205/29/13 206/30/13 204/28/12
f 205/29/13 204/28/12 203/27/12
f 207/31/14 208/32/14 206/30/13
f 207/31/14 206/30/13 205/29/13
f 209/33/15 210/34/15 208/32/14
f 209/33/15 208/32/14 207/31/14
f 211/35/16 212/36/17 210/34/15
f 211/35/16 210/34/15 209/33/15
f 212/36/17 211/35/16 213/37/18
f 212/36/17 213/37/18 214/38/18
f 215/39/19 216/40/20 214/38/18
f 215/39/19 214/38/18 213/37/18
f 217/41/21 218/42/21 216/40/20
f 217/41/21 216/40/20 215/39/19
f 219/43/22 220/44/22 218/42/21
f 219/43/22 218/42/21 217/41/21
f 221/45/2 220/44/22 219/43/22
f 221/45/2 219/43/22 222/46/2
f 223/47/23 224/48/23 221/45/2
f 223/47/23 221/45/2 222/46/2
f 225/49/24 226/50/24 224/48/23
f 225/49/24 224/48/23 223/47/23
f 227/51/25 228/52/26 229/53/24
f 227/51/25 229/53/24 230/54/24
f 200/24/10 199/23/10 228/52/26
f 200/24/10 228/52/26 227/51/25
f 231/55/16 232/56/18 233/57/18
f 231/55/16 233/57/18 234/58/16
f 234/58/16 235/59/15 236/60/15
f 234/58/16 236/60/15 231/55/16
f 235/59/15 237/61/14 238/62/14
f 235/59/15 238/62/14 236/60/15
f 237/61/14 239/63/13 240/64/13
f 237/61/14 240/64/13 238/62/14
f 239/63/13 241/65/12 242/66/12
f 239/63/13 242/66/12 240/64/13
f 243/67/11 244/68/11 242/66/12
f 243/67/11 242/66/12 241/65/12
f 245/69/9 246/70/8 244/68/11
f 245/69/9 244/68/11 243/67/11
f 246/70/8 245/69/9 247/71/10
f 246/70/8 247/71/10 248/72/10
f 249/73/26 250/74/25 251/75/10
f 249/73/26 251/75/10 252/76/10
f 253/77/24 254/78/24 250/74/25
f 253/77/24 250/74/25 249/73/26
f 255/79/23 256/80/23 254/78/24
f 255/79/23 254/78/24 253/77/24
f 257/81/2 258/82/2 256/80/23
f 257/81/2 256/80/23 255/79/23
f 259/83/22 260/84/22 258/82/2
f 259/83/22 258/82/2 257/81/2
f 259/83/22 261/85/21 262/86/21
f 259/83/22 262/86/21 260/84/22
f 261/85/21 263/87/19 264/88/27
f 261/85/21 264/88/27 262/86/21
f 264/88/27 263/87/19 233/57/18
f 264/88/27 233/57/18 232/56/18
s 0
f 265/89/1 266/90/1 267/91/1
f 265/89/1 267/91/1 268/92/1
f 269/93/2 270/94/2 271/95/2
f 269/93/2 271/95/2 272/96/2
f 273/97/3 274/98/3 275/99/3
f 273/97/3 275/99/3 276/100/3
s 1
f 277/101/4 278/102/4 279/103/5
f 277/101/4 279/103/5 280/104/5
f 280/104/5 279/103/5 281/105/6
f 280/104/5 281/105/6 282/106/6
f 282/106/6 281/105/6 283/107/7
f 282/106/6 283/107/7 284/108/7
f 285/109/8 286/110/9 287/111/10
f 285/109/8 287/111/10 288/112/10
f 289/113/11 290/114/11 286/110/9
f 289/113/11 286/110/9 285/109/8
f 291/115/12 292/116/12 290/114/11
f 291/115/12 290/114/11 289/113/11
f 293/117/13 294/118/13 292/116/12
f 293/117/13 292/116/12 291/115/12
f 295/119/14 296/120/14 294/118/13
f 295/119/14 294/118/13 293/117/13
f 297/121/15 298/122/15 296/120/14
f 297/121/15 296/120/14 295/119/14
f 299/123/16 300/124/16 298/122/15
f 299/123/16 298/122/15 297/121/15
f 300/124/16 299/123/16 301/125/18
f 300/124/16 301/125/18 302/126/18
f 303/127/19 304/128/20 302/126/18
f 303/127/19 302/126/18 301/125/18
f 305/129/21 306/130/21 304/128/20
f 305/129/21 304/128/20 303/127/19
f 307/131/22 308/132/22 306/130/21
f 307/131/22 306/130/21 305/129/21
f 309/133/2 308/132/22 307/131/22
f 309/133/2 307/131/22 310/134/2
f 311/135/23 312/136/23 309/133/2
f 311/135/23 309/133/2 310/134/2
f 313/137/24 314/138/24 312/136/23
f 313/137/24 312/136/23 311/135/23
f 315/139/25 316/140/26 317/141/28
f 315/139/25 317/141/28 318/142/28
f 288/112/10 287/111/10 316/140/26
f 288/112/10 316/140/26 315/139/25
f 319/143/17 320/144/18 321/145/18
f 319/143/17 321/145/18 322/146/16
f 322/146/16 323/147/15 324/148/15
f 322/146/16 324/148/15 319/143/17
f 323/147/15 325/149/14 326/150/14
f 323/147/15 326/150/14 324/148/15
f 325/149/14 327/151/13 328/152/13
f 325/149/14 328/152/13 326/150/14
f 327/151/13 329/153/12 330/154/12
f 327/151/13 330/154/12 328/152/13
f 331/155/11 332/156/11 330/154/12
f 331/155/11 330/154/12 329/153/12
f 333/157/9 334/158/8 332/156/11
f 333/157/9 332/156/11 331/155/11
f 334/158/8 333/157/9 335/159/10
f 334/158/8 335/159/10 336/160/10
f 337/161/26 338/162/25 339/163/10
f 337/161/26 339/163/10 340/164/10
f 341/165/24 342/166/24 338/162/25
f 341/165/24 338/162/25 337/161/26
f 343/167/23 344/168/23 342/166/24
f 343/167/23 342/166/24 341/165/24
f 345/169/2 346/170/2 344/168/23
f 345/169/2 344/168/23 343/167/23
f 347/171/22 348/172/22 346/170/2
f 347/171/22 346/170/2 345/169/2
f 347/171/22 349/173/21 350/174/21
f 347/171/22 350/174/21 348/172/22
f 349/173/21 351/175/19 352/176/27
f 349/173/21 352/176/27 350/174/21
f 352/176/27 351/175/19 321/145/18
f 352/176/27 321/145/18 320/144/18
s 0
f 353/1/1 354/2/1 355/3/1
f 353/1/1 355/3/1 356/4/1
f 357/5/2 358/6/2 359/7/2
f 357/5/2 359/7/2 360/8/2
f 361/9/3 362/10/3 363/11/3
f 361/9/3 363/11/3 364/12/3
s 1
f 365/13/4 366/14/4 367/15/5
f 365/13/4 367/15/5 368/16/5
f 368/16/5 367/15/5 369/17/6
f 368/16/5 369/17/6 370/18/6
f 370/18/6 369/17/6 371/19/7
f 370/18/6 371/19/7 372/20/7
f 373/21/9 374/22/9 375/23/10
f 373/21/9 375/23/10 376/24/10
f 377/25/11 378/26/11 374/22/9
f 377/25/11 374/22/9 373/21/9
f 379/27/12 380/28/12 378/26/11
f 379/27/12 378/26/11 377/25/11
f 381/29/13 382/30/13 380/28/12
f 381/29/13 380/28/12 379/27/12
f 383/31/14 384/32/14 382/30/13
f 383/31/14 382/30/13 381/29/13
f 385/33/15 386/34/15 384/32/14
f 385/33/15 384/32/14 383/31/14
f 387/35/16 388/36/17 386/34/15
f 387/35/16 386/34/15 385/33/15
f 388/36/17 387/35/16 389/37/18
f 388/36/17 389/37/18 390/38/18
f 391/39/19 392/40/20 390/38/18
f 391/39/19 390/38/18 389/37/18
f 393/41/29 394/42/21 392/40/20
f 393/41/29 392/40/20 391/39/19
f 395/43/22 396/44/22 394/42/21
f 395/43/22 394/42/21 393/41/29
f 397/45/2 396/44/22 395/43/22
f 397/45/2 395/43/22 398/46/2
f 399/47/23 400/48/23 397/45/2
f 399/47/23 397/45/2 398/46/2
f 401/49/24 402/50/24 400/48/23
f 401/49/24 400/48/23 399/47/23
f 403/51/25 404/52/26 405/53/24
f 403/51/25 405/53/24 406/54/24
f 376/24/10 375/23/10 404/52/26
f 376/24/10 404/52/26 403/51/25
f 407/55/17 408/56/18 409/57/18
f 407/55/17 409/57/18 410/58/16
f 410/58/16 411/59/15 412/60/15
f 410/58/16 412/60/15 407/55/17
f 411/59/15 413/61/14 414/62/14
f 411/59/15 414/62/14 412/60/15
f 413/61/14 415/63/13 416/64/13
f 413/61/14 416/64/13 414/62/14
f 415/63/13 417/65/12 418/66/12
f 415/63/13 418/66/12 416/64/13
f 419/67/11 420/68/11 418/66/12
f 419/67/11 418/66/12 417/65/12
f 421/69/9 422/70/9 420/68/11
f 421/69/9 420/68/11 419/67/11
f 422/70/9 421/69/9 423/71/10
f 422/70/9 423/71/10 424/72/10
f 425/73/26 426/74/25 427/75/30
f 425/73/26 427/75/30 428/76/30
f 429/77/28 430/78/24 426/74/25
f 429/77/28 426/74/25 425/73/26
f 431/79/23 432/80/23 430/78/24
f 431/79/23 430/78/24 429/77/28
f 433/81/2 434/82/2 432/80/23
f 433/81/2 432/80/23 431/79/23
f 435/83/22 436/84/22 434/82/2
f 435/83/22 434/82/2 433/81/2
f 435/83/22 437/85/21 438/86/21
f 435/83/22 438/86/21 436/84/22
f 437/85/21 439/87/19 440/88/27
f 437/85/21 440/88/27 438/86/21
f 440/88/27 439/87/19 409/57/18
f 440/88/27 409/57/18 408/56/18
s 0
f 441/89/1 442/90/1 443/91/1
f 441/89/1 443/91/1 444/92/1
f 445/93/2 446/94/2 447/95/2
f 445/93/2 447/95/2 448/96/2
f 449/97/3 450/98/3 451/99/3
f 449/97/3 451/99/3 452/100/3
s 1
f 453/101/4 454/102/4 455/103/5
f 453/101/4 455/103/5 456/104/5
f 456/104/5 455/103/5 457/105/6
f 456/104/5 457/105/6 458/106/6
f 458/106/6 457/105/6 459/107/7
f 458/106/6 459/107/7 460/108/7
f 461/109/8 462/110/9 463/111/10
f 461/109/8 463/111/10 464/112/10
f 465/113/11 466/114/11 462/110/9
f 465/113/11 462/110/9 461/109/8
f 467/115/12 468/116/12 466/114/11
f 467/115/12 466/114/11 465/113/11
f 469/117/13 470/118/13 468/116/12
f 469/117/13 468/116/12 467/115/12
f 471/119/14 472/120/14 470/118/13
f 471/119/14 470/118/13 469/117/13
f 473/121/15 474/122/15 472/120/14
f 473/121/15 472/120/14 471/119/14
f 475/123/16 476/124/17 474/122/15
f 475/123/16 474/122/15 473/121/15
f 476/124/17 475/123/16 477/125/18
f 476/124/17 477/125/18 478/126/18
f 479/127/19 480/128/20 478/126/18
f 479/127/19 478/126/18 477/125/18
f 481/129/21 482/130/21 480/128/20
f 481/129/21 480/128/20 479/127/19
f 483/131/22 484/132/22 482/130/21
f 483/131/22 482/130/21 481/129/21
f 485/133/2 484/132/22 483/131/22
f 485/133/2 483/131/22 486/134/2
f 487/135/23 488/136/23 485/133/2
f 487/135/23 485/133/2 486/134/2
f 489/137/24 490/138/24 488/136/23
f 489/137/24 488/136/23 487/135/23
f 491/139/25 492/140/26 493/141/28
f 491/139/25 493/141/28 494/142/28
f 464/112/10 463/111/10 492/140/26
f 464/112/10 492/140/26 491/139/25
f 495/143/17 496/144/18 497/145/18
f 495/143/17 497/145/18 498/146/16
f 498/146/16 499/147/15 500/148/15
f 498/146/16 500/148/15 495/143/17
f 499/147/15 501/149/14 502/150/14
f 499/147/15 502/150/14 500/148/15
f 501/149/14 503/151/13 504/152/13
f 501/149/14 504/152/13 502/150/14
f 503/151/13 505/153/12 506/154/12
f 503/151/13 506/154/12 504/152/13
f 507/155/11 508/156/11 506/154/12
f 507/155/11 506/154/12 505/153/12
f 509/157/9 510/158/8 508/156/11
f 509/157/9 508/156/11 507/155/11
f 510/158/8 509/157/9 511/159/10
f 510/158/8 511/159/10 512/160/10
f 513/161/26 514/162/25 515/163/10
f 513/161/26 515/163/10 516/164/10
f 517/165/24 518/166/24 514/162/25
f 517/165/24 514/162/25 513/161/26
f 519/167/23 520/168/23 518/166/24
f 519/167/23 518/166/24 517/165/24
f 521/169/2 522/170/2 520/168/23
f 521/169/2 520/168/23 519/167/23
f 523/171/22 524/172/22 522/170/2
f 523/171/22 522/170/2 521/169/2
f 523/171/22 525/173/29 526/174/21
f 523/171/22 526/174/21 524/172/22
f 525/173/29 527/175/19 528/176/27
f 525/173/29 528/176/27 526/174/21
f 528/176/27 527/175/19 497/145/18
f 528/176/27 497/145/18 496/144/18
s 0
f 529/1/1 530/2/1 531/3/1
f 529/1/1 531/3/1 532/4/1
f 533/5/2 534/6/2 535/7/2
f 533/5/2 535/7/2 536/8/2
f 537/9/3 538/10/3 539/11/3
f 537/9/3 539/11/3 540/12/3
s 1
f 541/13/4 542/14/4 543/15/5
f 541/13/4 543/15/5 544/16/5
f 544/16/5 543/15/5 545/17/6
f 544/16/5 545/17/6 546/18/6
f 546/18/6 545/17/6 547/19/7
f 546/18/6 547/19/7 548/20/7
f 549/21/9 550/22/9 551/23/10
f 549/21/9 551/23/10 552/24/10
f 553/25/11 554/26/11 550/22/9
f 553/25/11 550/22/9 549/21/9
f 555/27/12 556/28/12 554/26/11
f 555/27/12 554/26/11 553/25/11
f 557/29/13 558/30/13 556/28/12
f 557/29/13 556/28/12 555/27/12
f 559/31/14 560/32/14 558/30/13
f 559/31/14 558/30/13 557/29/13
f 561/33/15 562/34/15 560/32/14
f 561/33/15 560/32/14 559/31/14
f 563/35/16 564/36/17 562/34/15
f 563/35/16 562/34/15 561/33/15
f 564/36/17 563/35/16 565/37/18
f 564/36/17 565/37/18 566/38/18
f 567/39/27 568/40/20 566/38/18
f 567/39/27 566/38/18 565/37/18
f 569/41/21 570/42/21 568/40/20
f 569/41/21 568/40/20 567/39/27
f 571/43/22 572/44/22 570/42/21
f 571/43/22 570/42/21 569/41/21
f 573/45/2 572/44/22 571/43/22
f 573/45/2 571/43/22 574/46/2
f 575/47/23 576/48/23 573/45/2
f 575/47/23 573/45/2 574/46/2
f 577/49/24 578/50/24 576/48/23
f 577/49/24 576/48/23 575/47/23
f 579/51/25 580/52/26 581/53/24
f 579/51/25 581/53/24 582/54/24
f 552/24/10 551/23/10 580/52/26
f 552/24/10 580/52/26 579/51/25
f 583/55/17 584/56/31 585/57/18
f 583/55/17 585/57/18 586/58/16
f 586/58/16 587/59/15 588/60/15
f 586/58/16 588/60/15 583/55/17
f 587/59/15 589/61/14 590/62/14
f 587/59/15 590/62/14 588/60/15
f 589/61/14 591/63/13 592/64/13
f 589/61/14 592/64/13 590/62/14
f 591/63/13 593/65/12 594/66/12
f 591/63/13 594/66/12 592/64/13
f 595/67/11 596/68/11 594/66/12
f 595/67/11 594/66/12 593/65/12
f 597/69/9 598/70/8 596/68/11
f 597/69/9 596/68/11 595/67/11
f 598/70/8 597/69/9 599/71/10
f 598/70/8 599/71/10 600/72/10
f 601/73/26 602/74/25 603/75/10
f 601/73/26 603/75/10 604/76/10
f 605/77/28 606/78/24 602/74/25
f 605/77/28 602/74/25 601/73/26
f 607/79/23 608/80/23 606/78/24
f 607/79/23 606/78/24 605/77/28
f 609/81/2 610/82/2 608/80/23
f 609/81/2 608/80/23 607/79/23
f 611/83/22 612/84/22 610/82/2
f 611/83/22 610/82/2 609/81/2
f 611/83/22 613/85/21 614/86/21
f 611/83/22 614/86/21 612/84/22
f 613/85/21 615/87/19 616/88/27
f 613/85/21 616/88/27 614/86/21
f 616/88/27 615/87/19 585/57/18
f 616/88/27 585/57/18 584/56/31
s 0
f 617/89/1 618/90/1 619/91/1
f 617/89/1 619/91/1 620/92/1
f 621/93/2 622/94/2 623/95/2
f 621/93/2 623/95/2 624/96/2
f 625/97/3 626/98/3 627/99/3
f 625/97/3 627/99/3 628/100/3
s 1
f 629/101/4 630/102/4 631/103/5
f 629/101/4 631/103/5 632/104/5
f 632/104/5 631/103/5 633/105/6
f 632/104/5 633/105/6 634/106/6
f 634/106/6 633/105/6 635/107/7
f 634/106/6 635/107/7 636/108/7
f 637/109/8 638/110/9 639/111/10
f 637/109/8 639/111/10 640/112/10
f 641/113/11 642/114/11 638/110/9
f 641/113/11 638/110/9 637/109/8
f 643/115/12 644/116/12 642/114/11
f 643/115/12 642/114/11 641/113/11
f 645/117/13 646/118/13 644/116/12
f 645/117/13 644/116/12 643/115/12
f 647/119/14 648/120/14 646/118/13
f 647/119/14 646/118/13 645/117/13
f 649/121/15 650/122/15 648/120/14
f 649/121/15 648/120/14 647/119/14
f 651/123/17 652/124/17 650/122/15
f 651/123/17 650/122/15 649/121/15
f 652/124/17 651/123/17 653/125/18
f 652/124/17 653/125/18 654/126/18
f 655/127/19 656/128/20 654/126/18
f 655/127/19 654/126/18 653/125/18
f 657/129/21 658/130/21 656/128/20
f 657/129/21 656/128/20 655/127/19
f 659/131/22 660/132/22 658/130/21
f 659/131/22 658/130/21 657/129/21
f 661/133/2 660/132/22 659/131/22
f 661/133/2 659/131/22 662/134/2
f 663/135/23 664/136/23 661/133/2
f 663/135/23 661/133/2 662/134/2
f 665/137/24 666/138/24 664/136/23
f 665/137/24 664/136/23 663/135/23
f 667/139/25 668/140/26 669/141/28
f 667/139/25 669/141/28 670/142/28
f 640/112/10 639/111/10 668/140/26
f 640/112/10 668/140/26 667/139/25
f 671/143/17 672/144/18 673/145/18
f 671/143/17 673/145/18 674/146/16
f 674/146/16 675/147/15 676/148/15
f 674/146/16 676/148/15 671/143/17
f 675/147/15 677/149/14 678/150/14
f 675/147/15 678/150/14 676/148/15
f 677/149/14 679/151/13 680/152/13
f 677/149/14 680/152/13 678/150/14
f 679/151/13 681/153/12 682/154/12
f 679/151/13 682/154/12 680/152/13
f 683/155/11 684/156/11 682/154/12
f 683/155/11 682/154/12 681/153/12
f 685/157/9 686/158/8 684/156/11
f 685/157/9 684/156/11 683/155/11
f 686/158/8 685/157/9 687/159/10
f 686/158/8 687/159/10 688/160/10
f 689/161/26 690/162/25 691/163/10
f 689/161/26 691/163/10 692/164/10
f 693/165/24 694/166/24 690/162/25
f 693/165/24 690/162/25 689/161/26
f 695/167/23 696/168/23 694/166/24
f 695/167/23 694/166/24 693/165/24
f 697/169/2 698/170/2 696/168/23
f 697/169/2 696/168/23 695/167/23
f 699/171/22 700/172/22 698/170/2
f 699/171/22 698/170/2 697/169/2
f 699/171/22 701/173/21 702/174/21
f 699/171/22 702/174/21 700/172/22
f 701/173/21 703/175/19 704/176/27
f 701/173/21 704/176/27 702/174/21
f 704/176/27 703/175/19 673/145/18
f 704/176/27 673/145/18 672/144/18
s 0
f 705/1/1 706/2/1 707/3/1
f 705/1/1 707/3/1 708/4/1
f 709/5/2 710/6/2 711/7/2
f 709/5/2 711/7/2 712/8/2
f 713/9/3 714/10/3 715/11/3
f 713/9/3 715/11/3 716/12/3
s 1
f 717/13/4 718/14/4 719/15/5
f 717/13/4 719/15/5 720/16/5
f 720/16/5 719/15/5 721/17/6
f 720/16/5 721/17/6 722/18/6
f 722/18/6 721/17/6 723/19/7
f 722/18/6 723/19/7 724/20/7
f 725/21/9 726/22/9 727/23/10
f 725/21/9 727/23/10 728/24/10
f 729/25/11 730/26/11 726/22/9
f 729/25/11 726/22/9 725/21/9
f 731/27/12 732/28/12 730/26/11
f 731/27/12 730/26/11 729/25/11
f 733/29/13 734/30/13 732/28/12
f 733/29/13 732/28/12 731/27/12
f 735/31/14 736/32/14 734/30/13
f 735/31/14 734/30/13 733/29/13
f 737/33/15 738/34/15 736/32/14
f 737/33/15 736/32/14 735/31/14
f 739/35/32 740/36/16 738/34/15
f 739/35/32 738/34/15 737/33/15
f 740/36/16 739/35/32 741/37/18
f 740/36/16 741/37/18 742/38/31
f 743/39/20 744/40/27 742/38/31
f 743/39/20 742/38/31 741/37/18
f 745/41/21 746/42/21 744/40/27
f 745/41/21 744/40/27 743/39/20
f 747/43/22 748/44/22 746/42/21
f 747/43/22 746/42/21 745/41/21
f 749/45/2 748/44/22 747/43/22
f 749/45/2 747/43/22 750/46/2
f 751/47/23 752/48/23 749/45/2
f 751/47/23 749/45/2 750/46/2
f 753/49/24 754/50/24 752/48/23
f 753/49/24 752/48/23 751/47/23
f 755/51/33 756/52/26 757/53/24
f 755/51/33 757/53/24 758/54/24
f 728/24/10 727/23/10 756/52/26
f 728/24/10 756/52/26 755/51/33
f 759/55/17 760/56/18 761/57/18
f 759/55/17 761/57/18 762/58/16
f 762/58/16 763/59/15 764/60/15
f 762/58/16 764/60/15 759/55/17
f 763/59/15 765/61/14 766/62/14
f 763/59/15 766/62/14 764/60/15
f 765/61/14 767/63/13 768/64/13
f 765/61/14 768/64/13 766/62/14
f 767/63/13 769/65/12 770/66/12
f 767/63/13 770/66/12 768/64/13
f 771/67/11 772/68/11 770/66/12
f 771/67/11 770/66/12 769/65/12
f 773/69/9 774/70/9 772/68/11
f 773/69/9 772/68/11 771/67/11
f 774/70/9 773/69/9 775/71/10
f 774/70/9 775/71/10 776/72/10
f 777/73/26 778/74/25 779/75/30
f 777/73/26 779/75/30 780/76/30
f 781/77/24 782/78/24 778/74/25
f 781/77/24 778/74/25 777/73/26
f 783/79/23 784/80/23 782/78/24
f 783/79/23 782/78/24 781/77/24
f 785/81/2 786/82/2 784/80/23
f 785/81/2 784/80/23 783/79/23
f 787/83/22 788/84/22 786/82/2
f 787/83/22 786/82/2 785/81/2
f 787/83/22 789/85/21 790/86/21
f 787/83/22 790/86/21 788/84/22
f 789/85/21 791/87/19 792/88/27
f 789/85/21 792/88/27 790/86/21
f 792/88/27 791/87/19 761/57/18
f 792/88/27 761/57/18 760/56/18
s 0
f 793/89/1 794/90/1 795/91/1
f 793/89/1 795/91/1 796/92/1
f 797/93/2 798/94/2 799/95/2
f 797/93/2 799/95/2 800/96/2
f 801/97/3 802/98/3 803/99/3
f 801/97/3 803/99/3 804/100/3
s 1
f 805/101/4 806/102/4 807/103/5
f 805/101/4 807/103/5 808/104/5
f 808/104/5 807/103/5 809/105/6
f 808/104/5 809/105/6 810/106/6
f 810/106/6 809/105/6 811/107/7
f 810/106/6 811/107/7 812/108/7
f 813/109/8 814/110/9 815/111/10
f 813/109/8 815/111/10 816/112/10
f 817/113/11 818/114/11 814/110/9
f 817/113/11 814/110/9 813/109/8
f 819/115/12 820/116/12 818/114/11
f 819/115/12 818/114/11 817/113/11
f 821/117/13 822/118/13 820/116/12
f 821/117/13 820/116/12 819/115/12
f 823/119/14 824/120/14 822/118/13
f 823/119/14 822/118/13 821/117/13
f 825/121/15 826/122/15 824/120/14
f 825/121/15 824/120/14 823/119/14
f 827/123/16 828/124/17 826/122/15
f 827/123/16 826/122/15 825/121/15
f 828/124/17 827/123/16 829/125/18
f 828/124/17 829/125/18 830/126/18
f 831/127/19 832/128/20 830/126/18
f 831/127/19 830/126/18 829/125/18
f 833/129/21 834/130/21 832/128/20
f 833/129/21 832/128/20 831/127/19
f 835/131/22 836/132/22 834/130/21
f 835/131/22 834/130/21 833/129/21
f 837/133/2 836/132/22 835/131/22
f 837/133/2 835/131/22 838/134/2
f 839/135/23 840/136/23 837/133/2
f 839/135/23 837/133/2 838/134/2
f 841/137/24 842/138/24 840/136/23
f 841/137/24 840/136/23 839/135/23
f 843/139/25 844/140/26 845/141/28
f 843/139/25 845/141/28 846/142/28
f 816/112/10 815/111/10 844/140/26
f 816/112/10 844/140/26 843/139/25
f 847/143/17 848/144/18 849/145/18
f 847/143/17 849/145/18 850/146/16
f 850/146/16 851/147/15 852/148/15
f 850/146/16 852/148/15 847/143/17
f 851/147/15 853/149/14 854/150/14
f 851/147/15 854/150/14 852/148/15
f 853/149/14 855/151/13 856/152/13
f 853/149/14 856/152/13 854/150/14
f 855/151/13 857/153/12 858/154/12
f 855/151/13 858/154/12 856/152/13
f 859/155/11 860/156/11 858/154/12
f 859/155/11 858/154/12 857/153/12
f 861/157/9 862/158/8 860/156/11
f 861/157/9 860/156/11 859/155/11
f 862/158/8 861/157/9 863/159/10
f 862/158/8 863/159/10 864/160/10
f 865/161/26 866/162/26 867/163/30
f 865/161/26 867/163/30 868/164/30
f 869/165/24 870/166/24 866/162/26
f 869/165/24 866/162/26 865/161/26
f 871/167/23 872/168/23 870/166/24
f 871/167/23 870/166/24 869/165/24
f 873/169/2 874/170/2 872/168/23
f 873/169/2 872/168/23 871/167/23
f 875/171/22 876/172/22 874/170/2
f 875/171/22 874/170/2 873/169/2
f 875/171/22 877/173/21 878/174/21
f 875/171/22 878/174/21 876/172/22
f 877/173/21 879/175/27 880/176/27
f 877/173/21 880/176/27 878/174/21
f 880/176/27 879/175/27 849/145/18
f 880/176/27 849/145/18 848/144/18
f 885/177/34 883/2/35 884/178/34
f 883/2/35 885/177/34 886/179/35
s 0
f 883/2/35 886/179/35 887/180/35
f 883/2/35 887/180/35 888/181/35
f 883/2/35 888/181/35 882/3/35
f 882/3/35 888/181/35 889/182/35
f 882/3/35 889/182/35 890/183/35
s 1
f 882/3/35 890/183/35 891/184/34
f 882/3/35 891/184/34 894/185/35
f 894/185/35 891/184/34 893/186/35
f 893/186/35 891/184/34 892/187/34
s 0
f 882/3/35 894/185/35 895/188/35
f 882/3/35 895/188/35 896/189/35
f 882/3/35 896/189/35 897/190/35
s 1
f 882/3/35 897/190/35 898/191/34
f 882/3/35 898/191/34 881/192/34
f 14/14/4 913/193/36 884/178/34
f 913/193/36 14/14/4 912/194/36
f 912/194/36 14/14/4 13/13/4
f 884/178/34 913/193/36 914/195/36
f 884/178/34 914/195/36 915/196/36
f 884/178/34 915/196/36 916/197/36
f 912/194/36 13/13/4 911/198/36
f 911/198/36 13/13/4 910/199/36
f 910/199/36 13/13/4 909/200/36
f 909/200/36 13/13/4 908/201/36
f 908/201/36 13/13/4 903/202/36
s 0
f 908/201/36 903/202/36 904/203/36
f 908/201/36 904/203/36 905/204/36
f 908/201/36 905/204/36 906/205/36
f 908/201/36 906/205/36 907/206/36
s 1
f 903/202/36 13/13/4 902/207/36
f 902/207/36 13/13/4 901/208/36
f 901/208/36 13/13/4 900/209/36
f 900/209/36 13/13/4 899/210/36
f 899/210/36 881/192/34 898/191/34
f 881/192/34 899/210/36 13/13/4
f 908/201/36 892/187/34 891/184/34
f 892/187/34 908/201/36 907/206/36
f 885/177/34 884/178/34 916/197/36
f 919/211/37 19/19/7 918/212/37
f 19/19/7 919/211/37 920/213/38
f 930/214/37 928/215/38 929/216/37
f 928/215/38 930/214/37 931/217/38
f 917/218/37 939/219/38 940/220/37
f 19/19/7 924/221/38 20/20/7
f 924/221/38 19/19/7 923/222/38
f 923/222/38 19/19/7 922/223/38
f 922/223/38 19/19/7 921/224/38
f 921/224/38 19/19/7 920/213/38
f 20/20/7 924/221/38 925/225/38
f 20/20/7 925/225/38 926/226/38
f 20/20/7 926/226/38 927/227/38
f 20/20/7 927/227/38 928/215/38
f 20/20/7 928/215/38 935/228/38
s 0
f 935/228/38 928/215/38 934/229/38
f 934/229/38 928/215/38 933/230/38
f 933/230/38 928/215/38 932/231/38
f 932/231/38 928/215/38 931/217/38
s 1
f 20/20/7 935/228/38 936/232/38
f 20/20/7 936/232/38 937/233/38
f 20/20/7 937/233/38 938/234/38
f 20/20/7 938/234/38 939/219/38
f 20/20/7 939/219/38 917/218/37
f 942/10/39 918/212/37 941/11/39
f 918/212/37 942/10/39 950/235/39
f 918/212/37 950/235/39 951/236/39
f 918/212/37 951/236/39 952/237/39
f 918/212/37 952/237/39 919/211/37
s 0
f 950/235/39 942/10/39 949/238/39
f 949/238/39 942/10/39 948/239/39
s 1
f 948/239/39 942/10/39 929/216/37
f 929/216/37 942/10/39 946/240/39
f 929/216/37 946/240/39 947/241/39
f 929/216/37 947/241/39 930/214/37
s 0
f 946/240/39 942/10/39 945/242/39
f 945/242/39 942/10/39 944/243/39
f 944/243/39 942/10/39 943/244/39
s 1
f 943/244/39 942/10/39 940/220/37
f 940/220/37 942/10/39 917/218/37
s 0
f 953/245/40 961/246/40 962/247/40
f 961/246/40 953/245/40 960/248/40
f 960/248/40 953/245/40 954/249/40
f 960/248/40 954/249/40 959/250/40
f 959/250/40 954/249/40 955/251/40
f 959/250/40 955/251/40 958/252/40
f 958/252/40 955/251/40 956/253/40
f 958/252/40 956/253/40 957/254/40
f 963/255/41 971/256/41 972/257/41
f 971/256/41 963/255/41 970/258/41
f 970/258/41 963/255/41 964/259/41
f 970/258/41 964/259/41 969/260/41
f 969/260/41 964/259/41 965/261/41
f 969/260/41 965/261/41 968/262/41
f 968/262/41 965/261/41 966/263/41
f 968/262/41 966/263/41 967/264/41
s 1
f 977/265/34 975/90/35 976/266/34
f 975/90/35 977/265/34 978/267/35
s 0
f 975/90/35 978/267/35 979/268/35
f 975/90/35 979/268/35 980/269/35
f 975/90/35 980/269/35 974/91/35
f 974/91/35 980/269/35 981/270/35
f 974/91/35 981/270/35 982/271/35
s 1
f 974/91/35 982/271/35 983/272/34
f 974/91/35 983/272/34 986/273/35
f 986/273/35 983/272/34 985/274/35
f 985/274/35 983/272/34 984/275/34
s 0
f 974/91/35 986/273/35 987/276/35
f 974/91/35 987/276/35 988/277/35
f 974/91/35 988/277/35 989/278/35
s 1
f 974/91/35 989/278/35 990/279/34
f 974/91/35 990/279/34 973/280/34
f 102/102/4 1005/281/36 976/266/34
f 1005/281/36 102/102/4 1004/282/36
f 1004/282/36 102/102/4 101/101/4
f 976/266/34 1005/281/36 1006/283/36
f 976/266/34 1006/283/36 1007/284/36
f 976/266/34 1007/284/36 1008/285/36
f 1004/282/36 101/101/4 1003/286/36
f 1003/286/36 101/101/4 1002/287/36
f 1002/287/36 101/101/4 1001/288/36
f 1001/288/36 101/101/4 1000/289/36
f 1000/289/36 101/101/4 995/290/36
s 0
f 1000/289/36 995/290/36 996/291/36
f 1000/289/36 996/291/36 997/292/36
f 1000/289/36 997/292/36 998/293/36
f 1000/289/36 998/293/36 999/294/36
s 1
f 995/290/36 101/101/4 994/295/36
f 994/295/36 101/101/4 993/296/36
f 993/296/36 101/101/4 992/297/36
f 992/297/36 101/101/4 991/298/36
f 991/298/36 973/280/34 990/279/34
f 973/280/34 991/298/36 101/101/4
f 1000/289/36 984/275/34 983/272/34
f 984/275/34 1000/289/36 999/294/36
f 977/265/34 976/266/34 1008/285/36
f 1011/299/37 107/107/7 1010/300/37
f 107/107/7 1011/299/37 1012/301/38
f 1022/302/37 1020/303/38 1021/304/42
f 1020/303/38 1022/302/37 1023/305/38
f 1009/306/37 1031/307/38 1032/308/37
f 107/107/7 1016/309/38 108/108/7
f 1016/309/38 107/107/7 1015/310/38
f 1015/310/38 107/107/7 1014/311/38
f 1014/311/38 107/107/7 1013/312/38
f 1013/312/38 107/107/7 1012/301/38
f 108/108/7 1016/309/38 1017/313/38
f 108/108/7 1017/313/38 1018/314/38
f 108/108/7 1018/314/38 1019/315/38
f 108/108/7 1019/315/38 1020/303/38
f 108/108/7 1020/303/38 1027/316/38
s 0
f 1027/316/38 1020/303/38 1026/317/38
f 1026/317/38 1020/303/38 1025/318/38
f 1025/318/38 1020/303/38 1024/319/38
s 1
f 1024/319/38 1020/303/38 1023/305/38
f 108/108/7 1027/316/38 1028/320/38
f 108/108/7 1028/320/38 1029/321/38
f 108/108/7 1029/321/38 1030/322/38
f 108/108/7 1030/322/38 1031/307/38
f 108/108/7 1031/307/38 1009/306/37
f 1034/98/39 1010/300/37 1033/99/39
f 1010/300/37 1034/98/39 1042/323/39
f 1010/300/37 1042/323/39 1043/324/39
f 1010/300/37 1043/324/39 1044/325/39
f 1010/300/37 1044/325/39 1011/299/37
s 0
f 1042/323/39 1034/98/39 1041/326/39
f 1041/326/39 1034/98/39 1040/327/39
s 1
f 1040/327/39 1034/98/39 1021/304/42
f 1021/304/42 1034/98/39 1038/328/39
f 1021/304/42 1038/328/39 1039/329/39
f 1021/304/42 1039/329/39 1022/302/37
s 0
f 1038/328/39 1034/98/39 1037/330/39
f 1037/330/39 1034/98/39 1036/331/39
f 1036/331/39 1034/98/39 1035/332/39
s 1
f 1035/332/39 1034/98/39 1032/308/37
f 1032/308/37 1034/98/39 1009/306/37
s 0
f 1045/333/40 1053/334/40 1054/335/40
f 1053/334/40 1045/333/40 1052/336/40
f 1052/336/40 1045/333/40 1046/337/40
f 1052/336/40 1046/337/40 1051/338/40
f 1051/338/40 1046/337/40 1047/339/40
f 1051/338/40 1047/339/40 1050/340/40
f 1050/340/40 1047/339/40 1048/341/40
f 1050/340/40 1048/341/40 1049/342/40
f 1055/343/41 1063/344/41 1064/345/41
f 1063/344/41 1055/343/41 1062/346/41
f 1062/346/41 1055/343/41 1056/347/41
f 1062/346/41 1056/347/41 1061/348/41
f 1061/348/41 1056/347/41 1057/349/41
f 1061/348/41 1057/349/41 1060/350/41
f 1060/350/41 1057/349/41 1058/351/41
f 1060/350/41 1058/351/41 1059/352/41
s 1
f 1069/177/34 1067/2/35 1068/178/34
f 1067/2/35 1069/177/34 1070/179/35
s 0
f 1067/2/35 1070/179/35 1071/180/35
f 1067/2/35 1071/180/35 1072/181/35
f 1067/2/35 1072/181/35 1066/3/35
f 1066/3/35 1072/181/35 1073/182/35
f 1066/3/35 1073/182/35 1074/183/35
s 1
f 1066/3/35 1074/183/35 1075/184/34
f 1066/3/35 1075/184/34 1078/185/35
f 1078/185/35 1075/184/34 1077/186/35
f 1077/186/35 1075/184/34 1076/187/34
s 0
f 1066/3/35 1078/185/35 1079/188/35
f 1066/3/35 1079/188/35 1080/189/35
f 1066/3/35 1080/189/35 1081/190/35
s 1
f 1066/3/35 1081/190/35 1082/191/34
f 1066/3/35 1082/191/34 1065/192/34
f 190/14/4 1097/193/36 1068/178/34
f 1097/193/36 190/14/4 1096/194/36
f 1096/194/36 190/14/4 189/13/4
f 1068/178/34 1097/193/36 1098/195/36
f 1068/178/34 1098/195/36 1099/196/36
f 1068/178/34 1099/196/36 1100/197/36
f 1096/194/36 189/13/4 1095/198/36
f 1095/198/36 189/13/4 1094/199/36
f 1094/199/36 189/13/4 1093/200/36
f 1093/200/36 189/13/4 1092/201/36
f 1092/201/36 189/13/4 1087/202/36
s 0
f 1092/201/36 1087/202/36 1088/203/36
f 1092/201/36 1088/203/36 1089/204/36
f 1092/201/36 1089/204/36 1090/205/36
f 1092/201/36 1090/205/36 1091/206/36
s 1
f 1087/202/36 189/13/4 1086/207/36
f 1086/207/36 189/13/4 1085/208/36
f 1085/208/36 189/13/4 1084/209/36
f 1084/209/36 189/13/4 1083/210/36
f 1083/210/36 1065/192/34 1082/191/34
f 1065/192/34 1083/210/36 189/13/4
f 1092/201/36 1076/187/34 1075/184/34
f 1076/187/34 1092/201/36 1091/206/36
f 1069/177/34 1068/178/34 1100/197/36
f 1103/211/37 195/19/7 1102/212/37
f 195/19/7 1103/211/37 1104/213/38
f 1114/214/37 1112/215/38 1113/216/37
f 1112/215/38 1114/214/37 1115/217/38
f 1101/218/37 1123/219/38 1124/220/37
f 195/19/7 1108/221/38 196/20/7
f 1108/221/38 195/19/7 1107/222/38
f 1107/222/38 195/19/7 1106/223/38
f 1106/223/38 195/19/7 1105/224/38
f 1105/224/38 195/19/7 1104/213/38
f 196/20/7 1108/221/38 1109/225/38
f 196/20/7 1109/225/38 1110/226/38
f 196/20/7 1110/226/38 1111/227/38
f 196/20/7 1111/227/38 1112/215/38
f 196/20/7 1112/215/38 1119/228/38
s 0
f 1119/228/38 1112/215/38 1118/229/38
f 1118/229/38 1112/215/38 1117/230/38
f 1117/230/38 1112/215/38 1116/231/38
f 1116/231/38 1112/215/38 1115/217/38
s 1
f 196/20/7 1119/228/38 1120/232/38
f 196/20/7 1120/232/38 1121/233/38
f 196/20/7 1121/233/38 1122/234/38
f 196/20/7 1122/234/38 1123/219/38
f 196/20/7 1123/219/38 1101/218/37
f 1126/10/39 1102/212/37 1125/11/39
f 1102/212/37 1126/10/39 1134/235/39
f 1102/212/37 1134/235/39 1135/236/39
f 1102/212/37 1135/236/39 1136/237/39
f 1102/212/37 1136/237/39 1103/211/37
s 0
f 1134/235/39 1126/10/39 1133/238/39
f 1133/238/39 1126/10/39 1132/239/39
s 1
f 1132/239/39 1126/10/39 1113/216/37
f 1113/216/37 1126/10/39 1130/240/39
f 1113/216/37 1130/240/39 1131/241/39
f 1113/216/37 1131/241/39 1114/214/37
s 0
f 1130/240/39 1126/10/39 1129/242/39
f 1129/242/39 1126/10/39 1128/243/39
f 1128/243/39 1126/10/39 1127/244/39
s 1
f 1127/244/39 1126/10/39 1124/220/37
f 1124/220/37 1126/10/39 1101/218/37
s 0
f 1137/245/40 1145/246/40 1146/247/40
f 1145/246/40 1137/245/40 1144/248/40
f 1144/248/40 1137/245/40 1138/249/40
f 1144/248/40 1138/249/40 1143/250/40
f 1143/250/40 1138/249/40 1139/251/40
f 1143/250/40 1139/251/40 1142/252/40
f 1142/252/40 1139/251/40 1140/253/40
f 1142/252/40 1140/253/40 1141/254/40
f 1147/255/41 1155/256/41 1156/257/41
f 1155/256/41 1147/255/41 1154/258/41
f 1154/258/41 1147/255/41 1148/259/41
f 1154/258/41 1148/259/41 1153/260/41
f 1153/260/41 1148/259/41 1149/261/41
f 1153/260/41 1149/261/41 1152/262/41
f 1152/262/41 1149/261/41 1150/263/41
f 1152/262/41 1150/263/41 1151/264/41
s 1
f 1161/265/34 1159/90/35 1160/266/34
f 1159/90/35 1161/265/34 1162/267/35
s 0
f 1159/90/35 1162/267/35 1163/268/35
f 1159/90/35 1163/268/35 1164/269/35
f 1159/90/35 1164/269/35 1158/91/35
f 1158/91/35 1164/269/35 1165/270/35
f 1158/91/35 1165/270/35 1166/271/35
s 1
f 1158/91/35 1166/271/35 1167/272/34
f 1158/91/35 1167/272/34 1170/273/35
f 1170/273/35 1167/272/34 1169/274/35
f 1169/274/35 1167/272/34 1168/275/34
s 0
f 1158/91/35 1170/273/35 1171/276/35
f 1158/91/35 1171/276/35 1172/277/35
f 1158/91/35 1172/277/35 1173/278/35
s 1
f 1158/91/35 1173/278/35 1174/279/34
f 1158/91/35 1174/279/34 1157/280/34
f 278/102/4 1189/281/36 1160/266/34
f 1189/281/36 278/102/4 1188/282/36
f 1188/282/36 278/102/4 277/101/4
f 1160/266/34 1189/281/36 1190/283/36
f 1160/266/34 1190/283/36 1191/284/36
f 1160/266/34 1191/284/36 1192/285/36
f 1188/282/36 277/101/4 1187/286/36
f 1187/286/36 277/101/4 1186/287/36
f 1186/287/36 277/101/4 1185/288/36
f 1185/288/36 277/101/4 1184/289/36
f 1184/289/36 277/101/4 1179/290/36
s 0
f 1184/289/36 1179/290/36 1180/291/36
f 1184/289/36 1180/291/36 1181/292/36
f 1184/289/36 1181/292/36 1182/293/36
f 1184/289/36 1182/293/36 1183/294/36
s 1
f 1179/290/36 277/101/4 1178/295/36
f 1178/295/36 277/101/4 1177/296/36
f 1177/296/36 277/101/4 1176/297/36
f 1176/297/36 277/101/4 1175/298/36
f 1175/298/36 1157/280/34 1174/279/34
f 1157/280/34 1175/298/36 277/101/4
f 1184/289/36 1168/275/34 1167/272/34
f 1168/275/34 1184/289/36 1183/294/36
f 1161/265/34 1160/266/34 1192/285/36
f 1195/299/37 283/107/7 1194/300/37
f 283/107/7 1195/299/37 1196/301/38
f 1206/302/37 1204/303/38 1205/304/42
f 1204/303/38 1206/302/37 1207/305/38
f 1193/306/37 1215/307/38 1216/308/37
f 283/107/7 1200/309/38 284/108/7
f 1200/309/38 283/107/7 1199/310/38
f 1199/310/38 283/107/7 1198/311/38
f 1198/311/38 283/107/7 1197/312/38
f 1197/312/38 283/107/7 1196/301/38
f 284/108/7 1200/309/38 1201/313/38
f 284/108/7 1201/313/38 1202/314/38
f 284/108/7 1202/314/38 1203/315/38
f 284/108/7 1203/315/38 1204/303/38
f 284/108/7 1204/303/38 1211/316/38
f 1211/316/38 1204/303/38 1210/317/38
s 0
f 1210/317/38 1204/303/38 1209/318/38
f 1209/318/38 1204/303/38 1208/319/38
f 1208/319/38 1204/303/38 1207/305/38
s 1
f 284/108/7 1211/316/38 1212/320/38
f 284/108/7 1212/320/38 1213/321/38
f 284/108/7 1213/321/38 1214/322/38
f 284/108/7 1214/322/38 1215/307/38
f 284/108/7 1215/307/38 1193/306/37
f 1218/98/39 1194/300/37 1217/99/39
f 1194/300/37 1218/98/39 1226/323/39
f 1194/300/37 1226/323/39 1227/324/39
f 1194/300/37 1227/324/39 1228/325/39
f 1194/300/37 1228/325/39 1195/299/37
s 0
f 1226/323/39 1218/98/39 1225/326/39
f 1225/326/39 1218/98/39 1224/327/39
s 1
f 1224/327/39 1218/98/39 1205/304/42
f 1205/304/42 1218/98/39 1222/328/39
f 1205/304/42 1222/328/39 1223/329/39
f 1205/304/42 1223/329/39 1206/302/37
s 0
f 1222/328/39 1218/98/39 1221/330/39
f 1221/330/39 1218/98/39 1220/331/39
f 1220/331/39 1218/98/39 1219/332/39
s 1
f 1219/332/39 1218/98/39 1216/308/37
f 1216/308/37 1218/98/39 1193/306/37
s 0
f 1229/333/40 1237/334/40 1238/335/40
f 1237/334/40 1229/333/40 1236/336/40
f 1236/336/40 1229/333/40 1230/337/40
f 1236/336/40 1230/337/40 1235/338/40
f 1235/338/40 1230/337/40 1231/339/40
f 1235/338/40 1231/339/40 1234/340/40
f 1234/340/40 1231/339/40 1232/341/40
f 1234/340/40 1232/341/40 1233/342/40
f 1239/343/41 1247/344/41 1248/345/41
f 1247/344/41 1239/343/41 1246/346/41
f 1246/346/41 1239/343/41 1240/347/41
f 1246/346/41 1240/347/41 1245/348/41
f 1245/348/41 1240/347/41 1241/349/41
f 1245/348/41 1241/349/41 1244/350/41
f 1244/350/41 1241/349/41 1242/351/41
f 1244/350/41 1242/351/41 1243/352/41
s 1
f 1253/177/34 1251/2/35 1252/178/34
f 1251/2/35 1253/177/34 1254/179/35
s 0
f 1251/2/35 1254/179/35 1255/180/35
f 1251/2/35 1255/180/35 1256/181/35
f 1251/2/35 1256/181/35 1250/3/35
f 1250/3/35 1256/181/35 1257/182/35
f 1250/3/35 1257/182/35 1258/183/35
s 1
f 1250/3/35 1258/183/35 1259/184/34
f 1250/3/35 1259/184/34 1262/185/35
f 1262/185/35 1259/184/34 1261/186/35
f 1261/186/35 1259/184/34 1260/187/34
s 0
f 1250/3/35 1262/185/35 1263/188/35
f 1250/3/35 1263/188/35 1264/189/35
f 1250/3/35 1264/189/35 1265/190/35
s 1
f 1250/3/35 1265/190/35 1266/191/34
f 1250/3/35 1266/191/34 1249/192/34
f 366/14/4 1281/193/36 1252/178/34
f 1281/193/36 366/14/4 1280/194/36
f 1280/194/36 366/14/4 365/13/4
f 1252/178/34 1281/193/36 1282/195/36
f 1252/178/34 1282/195/36 1283/196/36
f 1252/178/34 1283/196/36 1284/197/36
f 1280/194/36 365/13/4 1279/198/36
f 1279/198/36 365/13/4 1278/199/36
f 1278/199/36 365/13/4 1277/200/36
f 1277/200/36 365/13/4 1276/201/36
f 1276/201/36 365/13/4 1271/202/36
s 0
f 1276/201/36 1271/202/36 1272/203/36
f 1276/201/36 1272/203/36 1273/204/36
f 1276/201/36 1273/204/36 1274/205/36
f 1276/201/36 1274/205/36 1275/206/36
s 1
f 1271/202/36 365/13/4 1270/207/36
f 1270/207/36 365/13/4 1269/208/36
f 1269/208/36 365/13/4 1268/209/36
f 1268/209/36 365/13/4 1267/210/36
f 1267/210/36 1249/192/34 1266/191/34
f 1249/192/34 1267/210/36 365/13/4
f 1276/201/36 1260/187/34 1259/184/34
f 1260/187/34 1276/201/36 1275/206/36
f 1253/177/34 1252/178/34 1284/197/36
f 1287/211/37 371/19/7 1286/212/37
f 371/19/7 1287/211/37 1288/213/38
f 1298/214/37 1296/215/38 1297/216/37
f 1296/215/38 1298/214/37 1299/217/38
f 1285/218/37 1307/219/38 1308/220/37
f 371/19/7 1292/221/38 372/20/7
f 1292/221/38 371/19/7 1291/222/38
f 1291/222/38 371/19/7 1290/223/38
f 1290/223/38 371/19/7 1289/224/38
f 1289/224/38 371/19/7 1288/213/38
f 372/20/7 1292/221/38 1293/225/38
f 372/20/7 1293/225/38 1294/226/38
f 372/20/7 1294/226/38 1295/227/38
f 372/20/7 1295/227/38 1296/215/38
f 372/20/7 1296/215/38 1303/228/38
s 0
f 1303/228/38 1296/215/38 1302/229/38
f 1302/229/38 1296/215/38 1301/230/38
f 1301/230/38 1296/215/38 1300/231/38
s 1
f 1300/231/38 1296/215/38 1299/217/38
f 372/20/7 1303/228/38 1304/232/38
f 372/20/7 1304/232/38 1305/233/38
f 372/20/7 1305/233/38 1306/234/38
f 372/20/7 1306/234/38 1307/219/38
f 372/20/7 1307/219/38 1285/218/37
f 1310/10/39 1286/212/37 1309/11/39
f 1286/212/37 1310/10/39 1318/235/39
f 1286/212/37 1318/235/39 1319/236/39
f 1286/212/37 1319/236/39 1320/237/39
f 1286/212/37 1320/237/39 1287/211/37
f 1318/235/39 1310/10/39 1317/238/39
s 0
f 1317/238/39 1310/10/39 1316/239/39
s 1
f 1316/239/39 1310/10/39 1297/216/37
f 1297/216/37 1310/10/39 1314/240/39
f 1297/216/37 1314/240/39 1315/241/39
f 1297/216/37 1315/241/39 1298/214/37
s 0
f 1314/240/43 1310/10/43 1313/242/43
s 1
f 1313/242/39 1310/10/39 1312/243/39
s 0
f 1312/243/39 1310/10/39 1311/244/39
s 1
f 1311/244/39 1310/10/39 1308/220/37
f 1308/220/37 1310/10/39 1285/218/37
s 0
f 1321/245/40 1329/246/40 1330/247/40
f 1329/246/40 1321/245/40 1328/248/40
f 1328/248/40 1321/245/40 1322/249/40
f 1328/248/40 1322/249/40 1327/250/40
f 1327/250/40 1322/249/40 1323/251/40
f 1327/250/40 1323/251/40 1326/252/40
f 1326/252/40 1323/251/40 1324/253/40
f 1326/252/40 1324/253/40 1325/254/40
f 1331/255/41 1339/256/41 1340/257/41
f 1339/256/41 1331/255/41 1338/258/41
f 1338/258/41 1331/255/41 1332/259/41
f 1338/258/41 1332/259/41 1337/260/41
f 1337/260/41 1332/259/41 1333/261/41
f 1337/260/41 1333/261/41 1336/262/41
f 1336/262/41 1333/261/41 1334/263/41
f 1336/262/41 1334/263/41 1335/264/41
s 1
f 1345/265/34 1343/90/35 1344/266/34
f 1343/90/35 1345/265/34 1346/267/35
s 0
f 1343/90/35 1346/267/35 1347/268/35
f 1343/90/35 1347/268/35 1348/269/35
f 1343/90/35 1348/269/35 1342/91/35
f 1342/91/35 1348/269/35 1349/270/35
f 1342/91/35 1349/270/35 1350/271/35
s 1
f 1342/91/35 1350/271/35 1351/272/34
f 1342/91/35 1351/272/34 1354/273/35
f 1354/273/35 1351/272/34 1353/274/35
f 1353/274/35 1351/272/34 1352/275/34
s 0
f 1342/91/35 1354/273/35 1355/276/35
f 1342/91/35 1355/276/35 1356/277/35
f 1342/91/35 1356/277/35 1357/278/35
s 1
f 1342/91/35 1357/278/35 1358/279/34
f 1342/91/35 1358/279/34 1341/280/34
f 454/102/4 1373/281/36 1344/266/34
f 1373/281/36 454/102/4 1372/282/36
f 1372/282/36 454/102/4 453/101/4
f 1344/266/34 1373/281/36 1374/283/36
f 1344/266/34 1374/283/36 1375/284/36
f 1344/266/34 1375/284/36 1376/285/36
f 1372/282/36 453/101/4 1371/286/36
f 1371/286/36 453/101/4 1370/287/36
f 1370/287/36 453/101/4 1369/288/36
f 1369/288/36 453/101/4 1368/289/36
f 1368/289/36 453/101/4 1363/290/36
s 0
f 1368/289/36 1363/290/36 1364/291/36
f 1368/289/36 1364/291/36 1365/292/36
f 1368/289/36 1365/292/36 1366/293/36
f 1368/289/36 1366/293/36 1367/294/36
s 1
f 1363/290/36 453/101/4 1362/295/36
f 1362/295/36 453/101/4 1361/296/36
f 1361/296/36 453/101/4 1360/297/36
f 1360/297/36 453/101/4 1359/298/36
f 1359/298/36 1341/280/34 1358/279/34
f 1341/280/34 1359/298/36 453/101/4
f 1368/289/36 1352/275/34 1351/272/34
f 1352/275/34 1368/289/36 1367/294/36
f 1345/265/34 1344/266/34 1376/285/36
f 1379/299/42 459/107/7 1378/300/37
f 459/107/7 1379/299/42 1380/301/38
f 1390/302/37 1388/303/38 1389/304/37
f 1388/303/38 1390/302/37 1391/305/38
f 1377/306/37 1399/307/38 1400/308/42
f 459/107/7 1384/309/38 460/108/7
f 1384/309/38 459/107/7 1383/310/38
f 1383/310/38 459/107/7 1382/311/38
f 1382/311/38 459/107/7 1381/312/38
f 1381/312/38 459/107/7 1380/301/38
f 460/108/7 1384/309/38 1385/313/38
f 460/108/7 1385/313/38 1386/314/38
f 460/108/7 1386/314/38 1387/315/38
f 460/108/7 1387/315/38 1388/303/38
f 460/108/7 1388/303/38 1395/316/38
s 0
f 1395/316/38 1388/303/38 1394/317/38
f 1394/317/38 1388/303/38 1393/318/38
f 1393/318/38 1388/303/38 1392/319/38
f 1392/319/38 1388/303/38 1391/305/38
s 1
f 460/108/7 1395/316/38 1396/320/38
f 460/108/7 1396/320/38 1397/321/38
f 460/108/7 1397/321/38 1398/322/38
f 460/108/7 1398/322/38 1399/307/38
f 460/108/7 1399/307/38 1377/306/37
f 1402/98/39 1378/300/37 1401/99/39
f 1378/300/37 1402/98/39 1410/323/39
f 1378/300/37 1410/323/39 1411/324/39
f 1378/300/37 1411/324/39 1412/325/39
f 1378/300/37 1412/325/39 1379/299/42
s 0
f 1410/323/39 1402/98/39 1409/326/39
f 1409/326/39 1402/98/39 1408/327/39
s 1
f 1408/327/39 1402/98/39 1389/304/37
f 1389/304/37 1402/98/39 1406/328/39
f 1389/304/37 1406/328/39 1407/329/39
f 1389/304/37 1407/329/39 1390/302/37
s 0
f 1406/328/39 1402/98/39 1405/330/39
f 1405/330/39 1402/98/39 1404/331/39
f 1404/331/39 1402/98/39 1403/332/39
s 1
f 1403/332/39 1402/98/39 1400/308/42
f 1400/308/42 1402/98/39 1377/306/37
s 0
f 1413/333/40 1421/334/40 1422/335/40
f 1421/334/40 1413/333/40 1420/336/40
f 1420/336/40 1413/333/40 1414/337/40
f 1420/336/40 1414/337/40 1419/338/40
f 1419/338/40 1414/337/40 1415/339/40
f 1419/338/40 1415/339/40 1418/340/40
f 1418/340/40 1415/339/40 1416/341/40
f 1418/340/40 1416/341/40 1417/342/40
f 1423/343/41 1431/344/41 1432/345/41
f 1431/344/41 1423/343/41 1430/346/41
f 1430/346/41 1423/343/41 1424/347/41
f 1430/346/41 1424/347/41 1429/348/41
f 1429/348/41 1424/347/41 1425/349/41
f 1429/348/41 1425/349/41 1428/350/41
f 1428/350/41 1425/349/41 1426/351/41
f 1428/350/41 1426/351/41 1427/352/41
s 1
f 1437/177/34 1435/2/35 1436/178/34
f 1435/2/35 1437/177/34 1438/179/35
s 0
f 1435/2/35 1438/179/35 1439/180/35
f 1435/2/35 1439/180/35 1440/181/35
f 1435/2/35 1440/181/35 1434/3/35
f 1434/3/35 1440/181/35 1441/182/35
f 1434/3/35 1441/182/35 1442/183/35
s 1
f 1434/3/35 1442/183/35 1443/184/34
f 1434/3/35 1443/184/34 1446/185/35
f 1446/185/35 1443/184/34 1445/186/35
f 1445/186/35 1443/184/34 1444/187/34
s 0
f 1434/3/35 1446/185/35 1447/188/35
f 1434/3/35 1447/188/35 1448/189/35
f 1434/3/35 1448/189/35 1449/190/35
s 1
f 1434/3/35 1449/190/35 1450/191/34
f 1434/3/35 1450/191/34 1433/192/34
f 542/14/4 1465/193/36 1436/178/34
f 1465/193/36 542/14/4 1464/194/36
f 1464/194/36 542/14/4 541/13/4
f 1436/178/34 1465/193/36 1466/195/36
f 1436/178/34 1466/195/36 1467/196/36
f 1436/178/34 1467/196/36 1468/197/36
f 1464/194/36 541/13/4 1463/198/36
f 1463/198/36 541/13/4 1462/199/36
f 1462/199/36 541/13/4 1461/200/36
f 1461/200/36 541/13/4 1460/201/36
f 1460/201/36 541/13/4 1455/202/36
s 0
f 1460/201/44 1455/202/44 1456/203/44
f 1460/201/36 1456/203/36 1457/204/36
f 1460/201/36 1457/204/36 1458/205/36
f 1460/201/36 1458/205/36 1459/206/36
s 1
f 1455/202/36 541/13/4 1454/207/36
f 1454/207/36 541/13/4 1453/208/36
f 1453/208/36 541/13/4 1452/209/36
f 1452/209/36 541/13/4 1451/210/36
f 1451/210/36 1433/192/34 1450/191/34
f 1433/192/34 1451/210/36 541/13/4
f 1460/201/36 1444/187/34 1443/184/34
f 1444/187/34 1460/201/36 1459/206/36
f 1437/177/34 1436/178/34 1468/197/36
f 1471/211/37 547/19/7 1470/212/37
f 547/19/7 1471/211/37 1472/213/38
f 1482/214/37 1480/215/38 1481/216/37
f 1480/215/38 1482/214/37 1483/217/38
f 1469/218/37 1491/219/38 1492/220/37
f 547/19/7 1476/221/38 548/20/7
f 1476/221/38 547/19/7 1475/222/38
f 1475/222/38 547/19/7 1474/223/38
f 1474/223/38 547/19/7 1473/224/38
f 1473/224/38 547/19/7 1472/213/38
f 548/20/7 1476/221/38 1477/225/38
f 548/20/7 1477/225/38 1478/226/38
f 548/20/7 1478/226/38 1479/227/38
f 548/20/7 1479/227/38 1480/215/38
f 548/20/7 1480/215/38 1487/228/38
s 0
f 1487/228/38 1480/215/38 1486/229/38
f 1486/229/38 1480/215/38 1485/230/38
f 1485/230/38 1480/215/38 1484/231/38
f 1484/231/38 1480/215/38 1483/217/38
s 1
f 548/20/7 1487/228/38 1488/232/38
f 548/20/7 1488/232/38 1489/233/38
f 548/20/7 1489/233/38 1490/234/38
f 548/20/7 1490/234/38 1491/219/38
f 548/20/7 1491/219/38 1469/218/37
f 1494/10/39 1470/212/37 1493/11/39
f 1470/212/37 1494/10/39 1502/235/39
f 1470/212/37 1502/235/39 1503/236/39
f 1470/212/37 1503/236/39 1504/237/39
f 1470/212/37 1504/237/39 1471/211/37
s 0
f 1502/235/39 1494/10/39 1501/238/39
f 1501/238/39 1494/10/39 1500/239/39
s 1
f 1500/239/39 1494/10/39 1481/216/37
f 1481/216/37 1494/10/39 1498/240/39
f 1481/216/37 1498/240/39 1499/241/39
f 1481/216/37 1499/241/39 1482/214/37
s 0
f 1498/240/39 1494/10/39 1497/242/39
f 1497/242/39 1494/10/39 1496/243/39
f 1496/243/39 1494/10/39 1495/244/39
s 1
f 1495/244/39 1494/10/39 1492/220/37
f 1492/220/37 1494/10/39 1469/218/37
s 0
f 1505/245/40 1513/246/40 1514/247/40
f 1513/246/40 1505/245/40 1512/248/40
f 1512/248/40 1505/245/40 1506/249/40
f 1512/248/40 1506/249/40 1511/250/40
f 1511/250/40 1506/249/40 1507/251/40
f 1511/250/40 1507/251/40 1510/252/40
f 1510/252/40 1507/251/40 1508/253/40
f 1510/252/40 1508/253/40 1509/254/40
f 1515/255/41 1523/256/41 1524/257/41
f 1523/256/41 1515/255/41 1522/258/41
f 1522/258/41 1515/255/41 1516/259/41
f 1522/258/41 1516/259/41 1521/260/41
f 1521/260/41 1516/259/41 1517/261/41
f 1521/260/41 1517/261/41 1520/262/41
f 1520/262/41 1517/261/41 1518/263/41
f 1520/262/41 1518/263/41 1519/264/41
s 1
f 1529/265/34 1527/90/35 1528/266/34
f 1527/90/35 1529/265/34 1530/267/35
s 0
f 1527/90/35 1530/267/35 1531/268/35
f 1527/90/35 1531/268/35 1532/269/35
f 1527/90/35 1532/269/35 1526/91/35
f 1526/91/35 1532/269/35 1533/270/35
f 1526/91/35 1533/270/35 1534/271/35
s 1
f 1526/91/35 1534/271/35 1535/272/34
f 1526/91/35 1535/272/34 1538/273/35
f 1538/273/35 1535/272/34 1537/274/35
f 1537/274/35 1535/272/34 1536/275/34
s 0
f 1526/91/35 1538/273/35 1539/276/35
f 1526/91/35 1539/276/35 1540/277/35
f 1526/91/35 1540/277/35 1541/278/35
s 1
f 1526/91/35 1541/278/35 1542/279/34
f 1526/91/35 1542/279/34 1525/280/34
f 630/102/4 1557/281/36 1528/266/34
f 1557/281/36 630/102/4 1556/282/36
f 1556/282/36 630/102/4 629/101/4
f 1528/266/34 1557/281/36 1558/283/36
f 1528/266/34 1558/283/36 1559/284/36
f 1528/266/34 1559/284/36 1560/285/36
f 1556/282/36 629/101/4 1555/286/36
f 1555/286/36 629/101/4 1554/287/36
f 1554/287/36 629/101/4 1553/288/36
f 1553/288/36 629/101/4 1552/289/36
f 1552/289/36 629/101/4 1547/290/36
s 0
f 1552/289/44 1547/290/44 1548/291/44
f 1552/289/36 1548/291/36 1549/292/36
f 1552/289/36 1549/292/36 1550/293/36
f 1552/289/36 1550/293/36 1551/294/36
s 1
f 1547/290/36 629/101/4 1546/295/36
f 1546/295/36 629/101/4 1545/296/36
f 1545/296/36 629/101/4 1544/297/36
f 1544/297/36 629/101/4 1543/298/36
f 1543/298/36 1525/280/34 1542/279/34
f 1525/280/34 1543/298/36 629/101/4
f 1552/289/36 1536/275/34 1535/272/34
f 1536/275/34 1552/289/36 1551/294/36
f 1529/265/34 1528/266/34 1560/285/36
f 1563/299/37 635/107/7 1562/300/37
f 635/107/7 1563/299/37 1564/301/38
f 1574/302/37 1572/303/38 1573/304/37
f 1572/303/38 1574/302/37 1575/305/38
f 1561/306/37 1583/307/38 1584/308/37
f 635/107/7 1568/309/38 636/108/7
f 1568/309/38 635/107/7 1567/310/38
f 1567/310/38 635/107/7 1566/311/38
f 1566/311/38 635/107/7 1565/312/38
f 1565/312/38 635/107/7 1564/301/38
f 636/108/7 1568/309/38 1569/313/38
f 636/108/7 1569/313/38 1570/314/38
f 636/108/7 1570/314/38 1571/315/38
f 636/108/7 1571/315/38 1572/303/38
f 636/108/7 1572/303/38 1579/316/38
s 0
f 1579/316/38 1572/303/38 1578/317/38
f 1578/317/38 1572/303/38 1577/318/38
f 1577/318/38 1572/303/38 1576/319/38
f 1576/319/38 1572/303/38 1575/305/38
s 1
f 636/108/7 1579/316/38 1580/320/38
f 636/108/7 1580/320/38 1581/321/38
f 636/108/7 1581/321/38 1582/322/38
f 636/108/7 1582/322/38 1583/307/38
f 636/108/7 1583/307/38 1561/306/37
f 1586/98/39 1562/300/37 1585/99/39
f 1562/300/37 1586/98/39 1594/323/39
f 1562/300/37 1594/323/39 1595/324/39
f 1562/300/37 1595/324/39 1596/325/39
f 1562/300/37 1596/325/39 1563/299/37
s 0
f 1594/323/39 1586/98/39 1593/326/39
f 1593/326/39 1586/98/39 1592/327/39
s 1
f 1592/327/39 1586/98/39 1573/304/37
f 1573/304/37 1586/98/39 1590/328/39
f 1573/304/37 1590/328/39 1591/329/39
f 1573/304/37 1591/329/39 1574/302/37
s 0
f 1590/328/39 1586/98/39 1589/330/39
f 1589/330/39 1586/98/39 1588/331/39
f 1588/331/39 1586/98/39 1587/332/39
s 1
f 1587/332/39 1586/98/39 1584/308/37
f 1584/308/37 1586/98/39 1561/306/37
s 0
f 1597/333/40 1605/334/40 1606/335/40
f 1605/334/40 1597/333/40 1604/336/40
f 1604/336/40 1597/333/40 1598/337/40
f 1604/336/40 1598/337/40 1603/338/40
f 1603/338/40 1598/337/40 1599/339/40
f 1603/338/40 1599/339/40 1602/340/40
f 1602/340/40 1599/339/40 1600/341/40
f 1602/340/40 1600/341/40 1601/342/40
f 1607/343/41 1615/344/41 1616/345/41
f 1615/344/41 1607/343/41 1614/346/41
f 1614/346/41 1607/343/41 1608/347/41
f 1614/346/41 1608/347/41 1613/348/41
f 1613/348/41 1608/347/41 1609/349/41
f 1613/348/41 1609/349/41 1612/350/41
f 1612/350/41 1609/349/41 1610/351/41
f 1612/350/41 1610/351/41 1611/352/41
s 1
f 1621/177/34 1619/2/35 1620/178/34
f 1619/2/35 1621/177/34 1622/179/35
s 0
f 1619/2/35 1622/179/35 1623/180/35
f 1619/2/35 1623/180/35 1624/181/35
f 1619/2/35 1624/181/35 1618/3/35
f 1618/3/35 1624/181/35 1625/182/35
f 1618/3/35 1625/182/35 1626/183/35
s 1
f 1618/3/35 1626/183/35 1627/184/34
f 1618/3/35 1627/184/34 1630/185/35
f 1630/185/35 1627/184/34 1629/186/35
f 1629/186/35 1627/184/34 1628/187/34
s 0
f 1618/3/45 1630/185/45 1631/188/45
f 1618/3/46 1631/188/46 1632/189/46
f 1618/3/35 1632/189/35 1633/190/35
s 1
f 1618/3/35 1633/190/47 1634/191/34
f 1618/3/35 1634/191/34 1617/192/34
f 718/14/4 1649/193/36 1620/178/34
f 1649/193/36 718/14/4 1648/194/36
f 1648/194/36 718/14/4 717/13/4
f 1620/178/34 1649/193/36 1650/195/36
f 1620/178/34 1650/195/36 1651/196/36
f 1620/178/34 1651/196/36 1652/197/36
f 1648/194/36 717/13/4 1647/198/36
f 1647/198/36 717/13/4 1646/199/36
f 1646/199/36 717/13/4 1645/200/36
f 1645/200/36 717/13/4 1644/201/36
f 1644/201/36 717/13/4 1639/202/36
s 0
f 1644/201/44 1639/202/44 1640/203/44
f 1644/201/36 1640/203/36 1641/204/36
f 1644/201/36 1641/204/36 1642/205/36
f 1644/201/36 1642/205/36 1643/206/36
s 1
f 1639/202/36 717/13/4 1638/207/44
f 1638/207/44 717/13/4 1637/208/36
f 1637/208/36 717/13/4 1636/209/36
f 1636/209/36 717/13/4 1635/210/36
f 1635/210/36 1617/192/34 1634/191/34
f 1617/192/34 1635/210/36 717/13/4
f 1644/201/36 1628/187/34 1627/184/34
f 1628/187/34 1644/201/36 1643/206/36
f 1621/177/34 1620/178/34 1652/197/36
f 1655/211/37 723/19/7 1654/212/37
f 723/19/7 1655/211/37 1656/213/38
f 1666/214/37 1664/215/38 1665/216/37
f 1664/215/38 1666/214/37 1667/217/38
f 1653/218/37 1675/219/38 1676/220/37
f 723/19/7 1660/221/38 724/20/7
f 1660/221/38 723/19/7 1659/222/48
f 1659/222/48 723/19/7 1658/223/38
f 1658/223/38 723/19/7 1657/224/38
f 1657/224/38 723/19/7 1656/213/38
f 724/20/7 1660/221/38 1661/225/38
f 724/20/7 1661/225/38 1662/226/38
f 724/20/7 1662/226/38 1663/227/38
f 724/20/7 1663/227/38 1664/215/38
f 724/20/7 1664/215/38 1671/228/38
s 0
f 1671/228/48 1664/215/48 1670/229/48
f 1670/229/38 1664/215/38 1669/230/38
f 1669/230/38 1664/215/38 1668/231/38
f 1668/231/38 1664/215/38 1667/217/38
s 1
f 724/20/7 1671/228/38 1672/232/38
f 724/20/7 1672/232/38 1673/233/38
f 724/20/7 1673/233/38 1674/234/38
f 724/20/7 1674/234/38 1675/219/38
f 724/20/7 1675/219/38 1653/218/37
f 1678/10/39 1654/212/37 1677/11/39
f 1654/212/37 1678/10/39 1686/235/39
f 1654/212/37 1686/235/39 1687/236/39
f 1654/212/37 1687/236/39 1688/237/39
f 1654/212/37 1688/237/39 1655/211/37
s 0
f 1686/235/39 1678/10/39 1685/238/39
f 1685/238/39 1678/10/39 1684/239/39
s 1
f 1684/239/39 1678/10/39 1665/216/37
f 1665/216/37 1678/10/39 1682/240/39
f 1665/216/37 1682/240/39 1683/241/39
f 1665/216/37 1683/241/39 1666/214/37
f 1682/240/39 1678/10/39 1681/242/49
s 0
f 1681/242/43 1678/10/43 1680/243/43
f 1680/243/39 1678/10/39 1679/244/39
s 1
f 1679/244/50 1678/10/39 1676/220/37
f 1676/220/37 1678/10/39 1653/218/37
s 0
f 1689/245/40 1697/246/40 1698/247/40
f 1697/246/40 1689/245/40 1696/248/40
f 1696/248/40 1689/245/40 1690/249/40
f 1696/248/40 1690/249/40 1695/250/40
f 1695/250/40 1690/249/40 1691/251/40
f 1695/250/40 1691/251/40 1694/252/40
f 1694/252/40 1691/251/40 1692/253/40
f 1694/252/40 1692/253/40 1693/254/40
f 1699/255/41 1707/256/41 1708/257/41
f 1707/256/41 1699/255/41 1706/258/41
f 1706/258/41 1699/255/41 1700/259/41
f 1706/258/41 1700/259/41 1705/260/41
f 1705/260/41 1700/259/41 1701/261/41
f 1705/260/41 1701/261/41 1704/262/41
f 1704/262/41 1701/261/41 1702/263/41
f 1704/262/41 1702/263/41 1703/264/41
s 1
f 1713/265/34 1711/90/35 1712/266/34
f 1711/90/35 1713/265/34 1714/267/35
s 0
f 1711/90/35 1714/267/35 1715/268/35
f 1711/90/35 1715/268/35 1716/269/35
f 1711/90/35 1716/269/35 1710/91/35
f 1710/91/35 1716/269/35 1717/270/35
f 1710/91/35 1717/270/35 1718/271/35
s 1
f 1710/91/35 1718/271/35 1719/272/34
f 1710/91/35 1719/272/34 1722/273/35
f 1722/273/35 1719/272/34 1721/274/35
f 1721/274/35 1719/272/34 1720/275/34
s 0
f 1710/91/35 1722/273/35 1723/276/35
f 1710/91/35 1723/276/35 1724/277/35
f 1710/91/35 1724/277/35 1725/278/35
s 1
f 1710/91/35 1725/278/35 1726/279/34
f 1710/91/35 1726/279/34 1709/280/34
f 806/102/4 1741/281/36 1712/266/34
f 1741/281/36 806/102/4 1740/282/36
f 1740/282/36 806/102/4 805/101/4
f 1712/266/34 1741/281/36 1742/283/36
f 1712/266/34 1742/283/36 1743/284/36
f 1712/266/34 1743/284/36 1744/285/36
f 1740/282/36 805/101/4 1739/286/36
f 1739/286/36 805/101/4 1738/287/36
f 1738/287/36 805/101/4 1737/288/36
f 1737/288/36 805/101/4 1736/289/36
f 1736/289/36 805/101/4 1731/290/36
s 0
f 1736/289/44 1731/290/44 1732/291/44
s 1
f 1736/289/36 1732/291/36 1733/292/36
s 0
f 1736/289/36 1733/292/36 1734/293/36
f 1736/289/36 1734/293/36 1735/294/36
s 1
f 1731/290/36 805/101/4 1730/295/36
f 1730/295/36 805/101/4 1729/296/36
f 1729/296/36 805/101/4 1728/297/36
f 1728/297/36 805/101/4 1727/298/36
f 1727/298/36 1709/280/34 1726/279/34
f 1709/280/34 1727/298/36 805/101/4
f 1736/289/36 1720/275/34 1719/272/34
f 1720/275/34 1736/289/36 1735/294/36
f 1713/265/34 1712/266/34 1744/285/36
f 1747/299/37 811/107/7 1746/300/37
f 811/107/7 1747/299/37 1748/301/38
f 1758/302/37 1756/303/38 1757/304/37
f 1756/303/38 1758/302/37 1759/305/38
f 1745/306/37 1767/307/38 1768/308/37
f 811/107/7 1752/309/38 812/108/7
f 1752/309/38 811/107/7 1751/310/38
f 1751/310/38 811/107/7 1750/311/38
f 1750/311/38 811/107/7 1749/312/38
f 1749/312/38 811/107/7 1748/301/38
f 812/108/7 1752/309/38 1753/313/38
f 812/108/7 1753/313/38 1754/314/38
f 812/108/7 1754/314/38 1755/315/38
f 812/108/7 1755/315/38 1756/303/38
f 812/108/7 1756/303/38 1763/316/38
s 0
f 1763/316/38 1756/303/38 1762/317/38
f 1762/317/38 1756/303/38 1761/318/38
f 1761/318/38 1756/303/38 1760/319/38
f 1760/319/38 1756/303/38 1759/305/38
s 1
f 812/108/7 1763/316/38 1764/320/38
f 812/108/7 1764/320/38 1765/321/38
f 812/108/7 1765/321/38 1766/322/38
f 812/108/7 1766/322/38 1767/307/38
f 812/108/7 1767/307/38 1745/306/37
f 1770/98/39 1746/300/37 1769/99/39
f 1746/300/37 1770/98/39 1778/323/39
f 1746/300/37 1778/323/39 1779/324/39
f 1746/300/37 1779/324/39 1780/325/39
f 1746/300/37 1780/325/39 1747/299/37
s 0
f 1778/323/39 1770/98/39 1777/326/39
f 1777/326/39 1770/98/39 1776/327/39
s 1
f 1776/327/39 1770/98/39 1757/304/37
f 1757/304/37 1770/98/39 1774/328/39
f 1757/304/37 1774/328/39 1775/329/39
f 1757/304/37 1775/329/39 1758/302/37
s 0
f 1774/328/43 1770/98/43 1773/330/43
f 1773/330/39 1770/98/39 1772/331/39
f 1772/331/39 1770/98/39 1771/332/39
s 1
f 1771/332/39 1770/98/39 1768/308/37
f 1768/308/37 1770/98/39 1745/306/37
s 0
f 1781/333/40 1789/334/40 1790/335/40
f 1789/334/40 1781/333/40 1788/336/40
f 1788/336/40 1781/333/40 1782/337/40
f 1788/336/40 1782/337/40 1787/338/40
f 1787/338/40 1782/337/40 1783/339/40
f 1787/338/40 1783/339/40 1786/340/40
f 1786/340/40 1783/339/40 1784/341/40
f 1786/340/40 1784/341/40 1785/342/40
f 1791/343/41 1799/344/41 1800/345/41
f 1799/344/41 1791/343/41 1798/346/41
f 1798/346/41 1791/343/41 1792/347/41
f 1798/346/41 1792/347/41 1797/348/41
f 1797/348/41 1792/347/41 1793/349/41
f 1797/348/41 1793/349/41 1796/350/41
f 1796/350/41 1793/349/41 1794/351/41
f 1796/350/41 1794/351/41 1795/352/41
