PARSFILE
#FullDataName Scene: External Import`City Advanced Intersection`VS Scene Builder
#VehCode VS Terrain Scene
ADD_REFERENCE_FRAME Straight_01
add_obj Animator/3D_Shape_Files/VS_SceneBuilder/Resources/Tilesets/Urban/Mesh/VsV/Straight_01_Buildings.OSG
SET_ANGLE_Z -270.000000
SET_OFFSET_X -49.999000
SET_OFFSET_Y 250.000000
SET_OFFSET_Z 0.000000
ADD_REFERENCE_FRAME Straight_01
add_obj Animator/3D_Shape_Files/VS_SceneBuilder/Resources/Tilesets/Urban/Mesh/VsV/Straight_01.OSG
vsv_enable_shadows_recursive
SET_ANGLE_Z -270.000000
SET_OFFSET_X -49.999000
SET_OFFSET_Y 250.000000
SET_OFFSET_Z 0.000000
ADD_REFERENCE_FRAME Straight_01
add_obj Animator/3D_Shape_Files/VS_SceneBuilder/Resources/Tilesets/Urban/Mesh/VsV/Straight_01_Buildings.OSG
SET_ANGLE_Z -180.000000
SET_OFFSET_X 50.000001
SET_OFFSET_Y -50.001000
SET_OFFSET_Z 0.000000
ADD_REFERENCE_FRAME Straight_01
add_obj Animator/3D_Shape_Files/VS_SceneBuilder/Resources/Tilesets/Urban/Mesh/VsV/Straight_01.OSG
vsv_enable_shadows_recursive
SET_ANGLE_Z -180.000000
SET_OFFSET_X 50.000001
SET_OFFSET_Y -50.001000
SET_OFFSET_Z 0.000000
ADD_REFERENCE_FRAME Straight_01
add_obj Animator/3D_Shape_Files/VS_SceneBuilder/Resources/Tilesets/Urban/Mesh/VsV/Straight_01_Buildings.OSG
SET_ANGLE_Z -90.000000
SET_OFFSET_X 350.000000
SET_OFFSET_Y 250.000000
SET_OFFSET_Z 0.000000
ADD_REFERENCE_FRAME Straight_01
add_obj Animator/3D_Shape_Files/VS_SceneBuilder/Resources/Tilesets/Urban/Mesh/VsV/Straight_01.OSG
vsv_enable_shadows_recursive
SET_ANGLE_Z -90.000000
SET_OFFSET_X 350.000000
SET_OFFSET_Y 250.000000
SET_OFFSET_Z 0.000000
ADD_REFERENCE_FRAME Straight_01
add_obj Animator/3D_Shape_Files/VS_SceneBuilder/Resources/Tilesets/Urban/Mesh/VsV/Straight_01_Buildings.OSG
SET_ANGLE_Z -180.000000
SET_OFFSET_X 250.000000
SET_OFFSET_Y 349.999000
SET_OFFSET_Z 0.000000
ADD_REFERENCE_FRAME Straight_01
add_obj Animator/3D_Shape_Files/VS_SceneBuilder/Resources/Tilesets/Urban/Mesh/VsV/Straight_01.OSG
vsv_enable_shadows_recursive
SET_ANGLE_Z -180.000000
SET_OFFSET_X 250.000000
SET_OFFSET_Y 349.999000
SET_OFFSET_Z 0.000000
ADD_REFERENCE_FRAME Straight_02
add_obj Animator/3D_Shape_Files/VS_SceneBuilder/Resources/Tilesets/Urban/Mesh/VsV/Straight_02.OSG
vsv_enable_shadows_recursive
SET_ANGLE_Z -180.000000
SET_OFFSET_X 50.000000
SET_OFFSET_Y 350.000000
SET_OFFSET_Z 0.000000
ADD_REFERENCE_FRAME Straight_02
add_obj Animator/3D_Shape_Files/VS_SceneBuilder/Resources/Tilesets/Urban/Mesh/VsV/Straight_02_Buildings.OSG
SET_ANGLE_Z -180.000000
SET_OFFSET_X 50.000000
SET_OFFSET_Y 350.000000
SET_OFFSET_Z 0.000000
ADD_REFERENCE_FRAME Straight_02
add_obj Animator/3D_Shape_Files/VS_SceneBuilder/Resources/Tilesets/Urban/Mesh/VsV/Straight_02.OSG
vsv_enable_shadows_recursive
SET_ANGLE_Z -180.000000
SET_OFFSET_X 250.000000
SET_OFFSET_Y -50.000000
SET_OFFSET_Z 0.000000
ADD_REFERENCE_FRAME Straight_02
add_obj Animator/3D_Shape_Files/VS_SceneBuilder/Resources/Tilesets/Urban/Mesh/VsV/Straight_02_Buildings.OSG
SET_ANGLE_Z -180.000000
SET_OFFSET_X 250.000000
SET_OFFSET_Y -50.000000
SET_OFFSET_Z 0.000000
ADD_REFERENCE_FRAME Straight_02
add_obj Animator/3D_Shape_Files/VS_SceneBuilder/Resources/Tilesets/Urban/Mesh/VsV/Straight_02.OSG
vsv_enable_shadows_recursive
SET_ANGLE_Z -90.000000
SET_OFFSET_X 350.001000
SET_OFFSET_Y 50.000000
SET_OFFSET_Z 0.000000
ADD_REFERENCE_FRAME Straight_02
add_obj Animator/3D_Shape_Files/VS_SceneBuilder/Resources/Tilesets/Urban/Mesh/VsV/Straight_02_Buildings.OSG
SET_ANGLE_Z -90.000000
SET_OFFSET_X 350.001000
SET_OFFSET_Y 50.000000
SET_OFFSET_Z 0.000000
ADD_REFERENCE_FRAME Straight_02
add_obj Animator/3D_Shape_Files/VS_SceneBuilder/Resources/Tilesets/Urban/Mesh/VsV/Straight_02.OSG
vsv_enable_shadows_recursive
SET_ANGLE_Z -90.000000
SET_OFFSET_X -50.000000
SET_OFFSET_Y 50.000000
SET_OFFSET_Z 0.000000
ADD_REFERENCE_FRAME Straight_02
add_obj Animator/3D_Shape_Files/VS_SceneBuilder/Resources/Tilesets/Urban/Mesh/VsV/Straight_02_Buildings.OSG
SET_ANGLE_Z -90.000000
SET_OFFSET_X -50.000000
SET_OFFSET_Y 50.000000
SET_OFFSET_Z 0.000000
ADD_REFERENCE_FRAME 90_Turn_01
add_obj Animator/3D_Shape_Files/VS_SceneBuilder/Resources/Tilesets/Urban/Mesh/VsV/90_Turn_01.OSG
vsv_enable_shadows_recursive
SET_ANGLE_Z -180.000000
SET_OFFSET_X -50.000000
SET_OFFSET_Y -50.000000
SET_OFFSET_Z 0.000000
ADD_REFERENCE_FRAME 90_Turn_01
add_obj Animator/3D_Shape_Files/VS_SceneBuilder/Resources/Tilesets/Urban/Mesh/VsV/90_Turn_01_Buildings.OSG
SET_ANGLE_Z -180.000000
SET_OFFSET_X -50.000000
SET_OFFSET_Y -50.000000
SET_OFFSET_Z 0.000000
ADD_REFERENCE_FRAME 90_Turn_02
add_obj Animator/3D_Shape_Files/VS_SceneBuilder/Resources/Tilesets/Urban/Mesh/VsV/90_Turn_02.OSG
vsv_enable_shadows_recursive
SET_ANGLE_Z -90.000000
SET_OFFSET_X 350.000000
SET_OFFSET_Y -50.000000
SET_OFFSET_Z 0.000000
ADD_REFERENCE_FRAME 90_Turn_02
add_obj Animator/3D_Shape_Files/VS_SceneBuilder/Resources/Tilesets/Urban/Mesh/VsV/90_Turn_02_Buildings.OSG
SET_ANGLE_Z -90.000000
SET_OFFSET_X 350.000000
SET_OFFSET_Y -50.000000
SET_OFFSET_Z 0.000000
ADD_REFERENCE_FRAME 90_Turn_02
add_obj Animator/3D_Shape_Files/VS_SceneBuilder/Resources/Tilesets/Urban/Mesh/VsV/90_Turn_02.OSG
vsv_enable_shadows_recursive
SET_ANGLE_Z -270.000000
SET_OFFSET_X -50.000000
SET_OFFSET_Y 350.000000
SET_OFFSET_Z 0.000000
ADD_REFERENCE_FRAME 90_Turn_02
add_obj Animator/3D_Shape_Files/VS_SceneBuilder/Resources/Tilesets/Urban/Mesh/VsV/90_Turn_02_Buildings.OSG
SET_ANGLE_Z -270.000000
SET_OFFSET_X -50.000000
SET_OFFSET_Y 350.000000
SET_OFFSET_Z 0.000000
ADD_REFERENCE_FRAME 90_Turn_01
add_obj Animator/3D_Shape_Files/VS_SceneBuilder/Resources/Tilesets/Urban/Mesh/VsV/90_Turn_01.OSG
vsv_enable_shadows_recursive
SET_ANGLE_Z 0.000000
SET_OFFSET_X 350.000000
SET_OFFSET_Y 350.000000
SET_OFFSET_Z 0.000000
ADD_REFERENCE_FRAME 90_Turn_01
add_obj Animator/3D_Shape_Files/VS_SceneBuilder/Resources/Tilesets/Urban/Mesh/VsV/90_Turn_01_Buildings.OSG
SET_ANGLE_Z 0.000000
SET_OFFSET_X 350.000000
SET_OFFSET_Y 350.000000
SET_OFFSET_Z 0.000000
ADD_REFERENCE_FRAME T_01
add_obj Animator/3D_Shape_Files/VS_SceneBuilder/Resources/Tilesets/Urban/Mesh/VsV/T_01_Buildings.OSG
SET_ANGLE_Z -180.000000
SET_OFFSET_X 150.000000
SET_OFFSET_Y -50.000000
SET_OFFSET_Z 0.000000
ADD_REFERENCE_FRAME T_01
add_obj Animator/3D_Shape_Files/VS_SceneBuilder/Resources/Tilesets/Urban/Mesh/VsV/T_01.OSG
vsv_enable_shadows_recursive
SET_ANGLE_Z -180.000000
SET_OFFSET_X 150.000000
SET_OFFSET_Y -50.000000
SET_OFFSET_Z 0.000000
ADD_REFERENCE_FRAME T_01
add_obj Animator/3D_Shape_Files/VS_SceneBuilder/Resources/Tilesets/Urban/Mesh/VsV/T_01_Buildings.OSG
SET_ANGLE_Z -90.000000
SET_OFFSET_X 350.000000
SET_OFFSET_Y 149.999999
SET_OFFSET_Z 0.000000
ADD_REFERENCE_FRAME T_01
add_obj Animator/3D_Shape_Files/VS_SceneBuilder/Resources/Tilesets/Urban/Mesh/VsV/T_01.OSG
vsv_enable_shadows_recursive
SET_ANGLE_Z -90.000000
SET_OFFSET_X 350.000000
SET_OFFSET_Y 149.999999
SET_OFFSET_Z 0.000000
ADD_REFERENCE_FRAME T_02
add_obj Animator/3D_Shape_Files/VS_SceneBuilder/Resources/Tilesets/Urban/Mesh/VsV/T_02_Buildings.OSG
SET_ANGLE_Z -270.000000
SET_OFFSET_X -50.000000
SET_OFFSET_Y 149.999999
SET_OFFSET_Z 0.000000
ADD_REFERENCE_FRAME T_02
add_obj Animator/3D_Shape_Files/VS_SceneBuilder/Resources/Tilesets/Urban/Mesh/VsV/T_02.OSG
vsv_enable_shadows_recursive
SET_ANGLE_Z -270.000000
SET_OFFSET_X -50.000000
SET_OFFSET_Y 149.999999
SET_OFFSET_Z 0.000000
ADD_REFERENCE_FRAME T_02
add_obj Animator/3D_Shape_Files/VS_SceneBuilder/Resources/Tilesets/Urban/Mesh/VsV/T_02_Buildings.OSG
SET_ANGLE_Z 0.000000
SET_OFFSET_X 150.000000
SET_OFFSET_Y 350.000000
SET_OFFSET_Z 0.000000
ADD_REFERENCE_FRAME T_02
add_obj Animator/3D_Shape_Files/VS_SceneBuilder/Resources/Tilesets/Urban/Mesh/VsV/T_02.OSG
vsv_enable_shadows_recursive
SET_ANGLE_Z 0.000000
SET_OFFSET_X 150.000000
SET_OFFSET_Y 350.000000
SET_OFFSET_Z 0.000000
ADD_REFERENCE_FRAME Background Buildings
add_obj Animator/3D_Shape_Files/VS_SceneBuilder/Resources/Tilesets/Urban/Mesh/VsV/BG_Buildings_01.OSG
vsv_enable_shadows_recursive
SET_ANGLE_Z 0.000000
SET_OFFSET_X 250.000000
SET_OFFSET_Y 250.000000
SET_OFFSET_Z 0.000000
ADD_REFERENCE_FRAME Background Buildings
add_obj Animator/3D_Shape_Files/VS_SceneBuilder/Resources/Tilesets/Urban/Mesh/VsV/BG_Buildings_01.OSG
vsv_enable_shadows_recursive
SET_ANGLE_Z -180.000000
SET_OFFSET_X 250.000000
SET_OFFSET_Y 50.000000
SET_OFFSET_Z 0.000000
ADD_REFERENCE_FRAME Background Buildings
add_obj Animator/3D_Shape_Files/VS_SceneBuilder/Resources/Tilesets/Urban/Mesh/VsV/BG_Buildings_01.OSG
vsv_enable_shadows_recursive
SET_ANGLE_Z -180.000000
SET_OFFSET_X 50.000000
SET_OFFSET_Y 250.000000
SET_OFFSET_Z 0.000000
ADD_REFERENCE_FRAME Background Buildings
add_obj Animator/3D_Shape_Files/VS_SceneBuilder/Resources/Tilesets/Urban/Mesh/VsV/BG_Buildings_01.OSG
vsv_enable_shadows_recursive
SET_ANGLE_Z 0.000000
SET_OFFSET_X 50.000000
SET_OFFSET_Y 50.000000
SET_OFFSET_Z 0.000000
ADD_REFERENCE_FRAME Straight_02
add_obj Animator/3D_Shape_Files/VS_SceneBuilder/Resources/Tilesets/Urban/Mesh/VsV/Straight_02.OSG
vsv_enable_shadows_recursive
SET_ANGLE_Z -270.000000
SET_OFFSET_X 150.000000
SET_OFFSET_Y 50.000000
SET_OFFSET_Z 0.000000
ADD_REFERENCE_FRAME Straight_02
add_obj Animator/3D_Shape_Files/VS_SceneBuilder/Resources/Tilesets/Urban/Mesh/VsV/Straight_02_Buildings.OSG
SET_ANGLE_Z -270.000000
SET_OFFSET_X 150.000000
SET_OFFSET_Y 50.000000
SET_OFFSET_Z 0.000000
ADD_REFERENCE_FRAME Straight_01
add_obj Animator/3D_Shape_Files/VS_SceneBuilder/Resources/Tilesets/Urban/Mesh/VsV/Straight_01_Buildings.OSG
SET_ANGLE_Z -90.000000
SET_OFFSET_X 150.000000
SET_OFFSET_Y 250.000000
SET_OFFSET_Z 0.000000
ADD_REFERENCE_FRAME Straight_01
add_obj Animator/3D_Shape_Files/VS_SceneBuilder/Resources/Tilesets/Urban/Mesh/VsV/Straight_01.OSG
vsv_enable_shadows_recursive
SET_ANGLE_Z -90.000000
SET_OFFSET_X 150.000000
SET_OFFSET_Y 250.000000
SET_OFFSET_Z 0.000000
ADD_REFERENCE_FRAME Straight_01
add_obj Animator/3D_Shape_Files/VS_SceneBuilder/Resources/Tilesets/Urban/Mesh/VsV/Straight_01_Buildings.OSG
SET_ANGLE_Z 0.000000
SET_OFFSET_X 250.000000
SET_OFFSET_Y 150.000000
SET_OFFSET_Z 0.000000
ADD_REFERENCE_FRAME Straight_01
add_obj Animator/3D_Shape_Files/VS_SceneBuilder/Resources/Tilesets/Urban/Mesh/VsV/Straight_01.OSG
vsv_enable_shadows_recursive
SET_ANGLE_Z 0.000000
SET_OFFSET_X 250.000000
SET_OFFSET_Y 150.000000
SET_OFFSET_Z 0.000000
ADD_REFERENCE_FRAME Straight_02
add_obj Animator/3D_Shape_Files/VS_SceneBuilder/Resources/Tilesets/Urban/Mesh/VsV/Straight_02.OSG
vsv_enable_shadows_recursive
SET_ANGLE_Z 0.000000
SET_OFFSET_X 50.000000
SET_OFFSET_Y 150.000000
SET_OFFSET_Z 0.000000
ADD_REFERENCE_FRAME Straight_02
add_obj Animator/3D_Shape_Files/VS_SceneBuilder/Resources/Tilesets/Urban/Mesh/VsV/Straight_02_Buildings.OSG
SET_ANGLE_Z 0.000000
SET_OFFSET_X 50.000000
SET_OFFSET_Y 150.000000
SET_OFFSET_Z 0.000000
ADD_REFERENCE_FRAME 4_Way_02
add_obj Animator/3D_Shape_Files/VS_SceneBuilder/Resources/Tilesets/Urban/Mesh/VsV/4_Way_02_Buildings.OSG
SET_ANGLE_Z 0.000000
SET_OFFSET_X 150.000000
SET_OFFSET_Y 150.000000
SET_OFFSET_Z 0.000000
ADD_REFERENCE_FRAME 4_Way_02
add_obj Animator/3D_Shape_Files/VS_SceneBuilder/Resources/Tilesets/Urban/Mesh/VsV/4_Way_02.OSG
vsv_enable_shadows_recursive
SET_ANGLE_Z 0.000000
SET_OFFSET_X 150.000000
SET_OFFSET_Y 150.000000
SET_OFFSET_Z 0.000000


SET_IPATH_FOR_ID 1000
OPT_PATH_START 0
OPT_PATH_LOOP 0
SPATH_START 0
PATH_ID_DM  = PATH_ID
set_description path_id SW Loop, CW
NSEGMENTS   1
IPATHSEG 1
SEGMENT_TYPE 1
DEFINE_XY_TABLES 1
ITAB_XY = NTAB_XY
XY_TABLE_ID = ITAB_XY
SET_DESCRIPTION XY_TABLE_ID SW Loop, CW Segment 1
XY_SEGMENT_ID = XY_TABLE_ID
SEGMENT_XY_TABLE
0.000000, 146.342000, -0.000001, 0.000000
100.000000, 146.342000, 0.000000, 100.000000
139.157800, 146.342500, 0.000000, 139.157800
141.670100, 145.890700, 0.000000, 141.710402
144.227700, 144.244300, 0.000000, 144.752103
145.549600, 142.431900, 0.000000, 146.995363
146.343000, 139.133500, 0.000000, 150.387844
146.343000, 100.000000, 0.000000, 189.521344
146.342000, 0.000000, 0.000000, 289.521344
146.342000, -39.133500, 0.000000, 328.654844
145.589400, -42.315800, 0.000000, 331.924926
144.017800, -44.401600, 0.000000, 334.536533
141.548700, -45.907200, 0.000000, 337.428468
139.069300, -46.343000, 0.000000, 339.945876
100.000000, -46.343000, 0.000000, 379.015176
0.000001, -46.343000, 0.000000, 479.015175
-0.871700, -46.343000, 0.000000, 479.886876
-2.874100, -46.251300, 0.000000, 481.891375
-4.900600, -46.082700, 0.000000, 483.924876
-6.929400, -45.823800, 0.000000, 485.970129
-8.944600, -45.466900, 0.000000, 488.016689
-10.945900, -45.028400, 0.000000, 490.065465
-12.938200, -44.506200, 0.000000, 492.125065
-14.903100, -43.887200, 0.000000, 494.185161
-16.922000, -43.145700, 0.000000, 496.335923
-18.738700, -42.388900, 0.000000, 498.303954
-20.608900, -41.509500, 0.000000, 500.370592
-22.434800, -40.549100, 0.000000, 502.433667
-24.226700, -39.501600, 0.000000, 504.509278
-25.970000, -38.375000, 0.000000, 506.584928
-27.650800, -37.179500, 0.000000, 508.647526
-29.284800, -35.904300, 0.000001, 510.720227
-30.873000, -34.546600, 0.000001, 512.809660
-32.378000, -33.139500, 0.000001, 514.869989
-33.824600, -31.661700, 0.000001, 516.937969
-35.216900, -30.106800, 0.000001, 519.025124
-36.523500, -28.510000, 0.000001, 521.088367
-37.766200, -26.845700, 0.000001, 523.165432
-38.926300, -25.138300, 0.000001, 525.229662
-40.020000, -23.362800, 0.000001, 527.314987
-41.016500, -21.570800, 0.000001, 529.365420
-41.943300, -19.713600, 0.000001, 531.441029
-42.781800, -17.825900, 0.000001, 533.506578
-43.534100, -15.904000, 0.000001, 535.570471
-44.197800, -13.955500, 0.000001, 537.628905
-44.775400, -11.972500, 0.000002, 539.694313
-45.256600, -9.996700, 0.000002, 541.727866
-45.653600, -7.980100, 0.000002, 543.783173
-45.959900, -5.951600, 0.000002, 545.834668
-46.173700, -3.940500, 0.000002, 547.857101
-46.300600, -1.902600, 0.000002, 549.898948
-46.342000, -0.706800, 0.000000, 551.095464
-46.342000, 0.000000, 0.000000, 551.802264
-46.342000, 100.000000, 0.000000, 651.802264
-46.342500, 139.157799, 0.000000, 690.960063
-45.890700, 141.670099, 0.000000, 693.512665
-44.244300, 144.227699, 0.000000, 696.554367
-42.431900, 145.549599, 0.000000, 698.797626
-39.133500, 146.342999, 0.000000, 702.190107
0.000000, 146.342000, -0.000001, 741.323607
ENDTABLE

SET_IPATH_FOR_ID 1001
OPT_PATH_START 0
OPT_PATH_LOOP 0
SPATH_START 0
PATH_ID_DM  = PATH_ID
set_description path_id SW Loop, CCW
NSEGMENTS   1
IPATHSEG 1
SEGMENT_TYPE 1
DEFINE_XY_TABLES 1
ITAB_XY = NTAB_XY
XY_TABLE_ID = ITAB_XY
SET_DESCRIPTION XY_TABLE_ID SW Loop, CCW Segment 1
XY_SEGMENT_ID = XY_TABLE_ID
SEGMENT_XY_TABLE
153.658000, 0.000000, -0.000001, 0.000000
153.658000, 100.000000, 0.000000, 100.000000
153.658000, 102.565800, 0.000000, 102.565800
153.372600, 107.219000, 0.000000, 107.227744
152.543700, 111.662200, 0.000000, 111.747601
150.582900, 119.965400, 0.000000, 120.279181
150.128000, 123.630700, 0.000000, 123.972602
150.000000, 127.085400, 0.000000, 127.429672
150.000000, 142.505100, 0.000000, 142.849372
149.136400, 146.816000, 0.000000, 147.245924
146.697600, 150.424200, 0.000000, 151.601019
143.448000, 152.663400, 0.000000, 155.547399
138.825500, 153.658000, 0.000000, 160.275690
100.000000, 153.658000, 0.000000, 199.101190
0.000000, 153.658000, 0.000000, 299.101190
-2.565800, 153.657999, 0.000000, 301.666990
-7.227200, 153.371499, 0.000000, 306.337186
-13.782900, 152.010199, 0.000000, 313.032732
-19.913200, 150.591899, 0.000000, 319.324962
-27.085400, 149.999999, 0.000000, 326.521544
-42.505100, 149.999999, 0.000000, 341.941244
-47.201300, 148.965899, 0.000000, 346.749951
-50.438400, 146.683299, 0.000000, 350.710895
-52.712500, 143.338199, 0.000000, 354.755796
-53.658000, 138.825499, 0.000000, 359.366483
-53.658000, 99.999999, 0.000000, 398.191983
-53.658000, 0.000000, 0.000000, 498.191982
-53.658000, -1.389400, 0.000002, 499.581382
-53.494000, -3.914800, 0.000002, 502.112101
-53.150900, -7.293300, 0.000002, 505.507978
-52.284200, -11.976700, 0.000002, 510.270898
-51.075600, -16.447100, 0.000002, 514.901793
-49.433800, -20.869400, 0.000001, 519.619022
-47.398400, -25.146100, 0.000001, 524.355372
-44.995800, -29.221600, 0.000001, 529.086354
-42.240200, -33.074100, 0.000001, 533.822923
-39.150500, -36.676300, 0.000001, 538.568667
-35.772700, -39.978300, 0.000001, 543.292303
-32.091700, -42.992300, 0.000001, 548.049819
-28.179400, -45.656900, 0.000000, 552.783336
-24.047000, -47.966300, 0.000000, 557.517263
-19.731900, -49.899000, 0.000000, 562.245414
-15.282300, -51.435600, 0.000000, 566.952864
-10.716500, -52.564200, 0.000000, 571.656082
-6.088400, -53.300800, 0.000000, 576.342434
-1.443500, -53.657000, 0.000000, 581.000972
0.000000, -53.657000, 0.000000, 582.444472
100.000001, -53.659000, 0.000000, 682.444473
103.582300, -53.658000, 0.000000, 686.026772
108.599500, -53.229200, 0.000000, 691.062262
114.180700, -51.918400, 0.000000, 696.795324
120.700400, -50.481000, 0.000000, 703.471595
127.265800, -50.000000, 0.000000, 710.054592
142.434800, -50.000000, 0.000000, 725.223592
146.201500, -49.355800, 0.000000, 729.044982
149.776300, -47.285100, 0.000000, 733.176204
152.514200, -43.768000, 0.000000, 737.633343
153.658000, -38.866100, 0.000000, 742.666920
153.658000, 0.000000, -0.000001, 781.533020
ENDTABLE

SET_IPATH_FOR_ID 1002
OPT_PATH_START 0
OPT_PATH_LOOP 0
SPATH_START 0
PATH_ID_DM  = PATH_ID
set_description path_id NW Loop, CW
NSEGMENTS   1
IPATHSEG 1
SEGMENT_TYPE 1
DEFINE_XY_TABLES 1
ITAB_XY = NTAB_XY
XY_TABLE_ID = ITAB_XY
SET_DESCRIPTION XY_TABLE_ID NW Loop, CW Segment 1
XY_SEGMENT_ID = XY_TABLE_ID
SEGMENT_XY_TABLE
146.342000, 300.000000, -0.000001, 0.000000
146.342000, 200.000000, 0.000000, 100.000000
146.342500, 160.842200, 0.000000, 139.157800
145.890700, 158.329900, 0.000000, 141.710402
144.244300, 155.772300, 0.000000, 144.752103
142.431900, 154.450400, 0.000000, 146.995363
139.133500, 153.657000, 0.000000, 150.387844
100.000000, 153.657000, 0.000000, 189.521344
0.000000, 153.658000, 0.000000, 289.521344
-39.133500, 153.657999, 0.000000, 328.654844
-42.315800, 154.410599, 0.000000, 331.924926
-44.401600, 155.982199, 0.000000, 334.536533
-45.907200, 158.451299, 0.000000, 337.428468
-46.343000, 160.930699, 0.000000, 339.945876
-46.343000, 199.999999, 0.000000, 379.015176
-46.341000, 300.000000, 0.000000, 479.015177
-46.343000, 300.871700, 0.000000, 479.886879
-46.251300, 302.874100, 0.000000, 481.891378
-46.082700, 304.900600, 0.000000, 483.924880
-45.823800, 306.929400, 0.000000, 485.970132
-45.466900, 308.944600, 0.000000, 488.016692
-45.028400, 310.945900, 0.000000, 490.065469
-44.506200, 312.938200, 0.000000, 492.125069
-43.887200, 314.903100, 0.000000, 494.185164
-43.145700, 316.922000, 0.000000, 496.335927
-42.388900, 318.738700, 0.000000, 498.303957
-41.509500, 320.608900, 0.000000, 500.370595
-40.549100, 322.434800, 0.000000, 502.433670
-39.501600, 324.226700, 0.000000, 504.509282
-38.375000, 325.970000, 0.000000, 506.584931
-37.179500, 327.650800, 0.000000, 508.647529
-35.904300, 329.284800, 0.000001, 510.720230
-34.546600, 330.873000, 0.000001, 512.809663
-33.139500, 332.378000, 0.000001, 514.869992
-31.661700, 333.824600, 0.000001, 516.937973
-30.106800, 335.216900, 0.000001, 519.025127
-28.510000, 336.523500, 0.000001, 521.088371
-26.845700, 337.766200, 0.000001, 523.165435
-25.138300, 338.926300, 0.000001, 525.229666
-23.362800, 340.020000, 0.000001, 527.314991
-21.570800, 341.016500, 0.000001, 529.365424
-19.713600, 341.943300, 0.000001, 531.441032
-17.825900, 342.781800, 0.000001, 533.506581
-15.904000, 343.534100, 0.000001, 535.570474
-13.955500, 344.197800, 0.000001, 537.628908
-11.972500, 344.775400, 0.000002, 539.694316
-9.996700, 345.256600, 0.000002, 541.727870
-7.980100, 345.653600, 0.000002, 543.783176
-5.951600, 345.959900, 0.000002, 545.834671
-3.940500, 346.173700, 0.000002, 547.857104
-1.902600, 346.300600, 0.000002, 549.898951
-0.706800, 346.342000, 0.000000, 551.095467
0.000000, 346.342000, 0.000000, 551.802267
100.000000, 346.342000, 0.000000, 651.802267
139.157800, 346.342500, 0.000000, 690.960067
141.670100, 345.890700, 0.000000, 693.512669
144.227700, 344.244300, 0.000000, 696.554371
145.549600, 342.431900, 0.000000, 698.797630
146.343000, 339.133500, 0.000000, 702.190111
146.342000, 300.000000, -0.000001, 741.323611
ENDTABLE

SET_IPATH_FOR_ID 1003
OPT_PATH_START 0
OPT_PATH_LOOP 0
SPATH_START 0
PATH_ID_DM  = PATH_ID
set_description path_id NW Loop, CCW
NSEGMENTS   1
IPATHSEG 1
SEGMENT_TYPE 1
DEFINE_XY_TABLES 1
ITAB_XY = NTAB_XY
XY_TABLE_ID = ITAB_XY
SET_DESCRIPTION XY_TABLE_ID NW Loop, CCW Segment 1
XY_SEGMENT_ID = XY_TABLE_ID
SEGMENT_XY_TABLE
0.000000, 146.342000, -0.000001, 0.000000
100.000000, 146.342000, 0.000000, 100.000000
103.582300, 146.342000, 0.000000, 103.582300
108.599500, 146.770800, 0.000000, 108.617791
114.180700, 148.081600, 0.000000, 114.350852
120.700400, 149.519000, 0.000000, 121.027124
127.265800, 150.000000, 0.000000, 127.610120
142.434800, 150.000000, 0.000000, 142.779120
146.201500, 150.644200, 0.000000, 146.600510
149.776300, 152.714900, 0.000000, 150.731732
152.514200, 156.232000, 0.000000, 155.188871
153.658000, 161.133900, 0.000000, 160.222448
153.658000, 200.000000, 0.000000, 199.088548
153.658000, 300.000000, 0.000000, 299.088548
153.658000, 302.565800, 0.000000, 301.654348
153.371500, 307.227200, 0.000000, 306.324544
152.010200, 313.782900, 0.000000, 313.020091
150.591900, 319.913200, 0.000000, 319.312320
150.000000, 327.085400, 0.000000, 326.508903
150.000000, 342.505100, 0.000000, 341.928603
148.965900, 347.201300, 0.000000, 346.737309
146.683300, 350.438400, 0.000000, 350.698253
143.338200, 352.712500, 0.000000, 354.743154
138.825500, 353.658000, 0.000000, 359.353841
100.000000, 353.658000, 0.000000, 398.179341
0.000000, 353.658000, 0.000000, 498.179341
-1.389400, 353.658000, 0.000002, 499.568741
-3.914800, 353.494000, 0.000002, 502.099461
-7.293300, 353.150900, 0.000002, 505.495337
-11.976700, 352.284200, 0.000002, 510.258257
-16.447100, 351.075600, 0.000002, 514.889152
-20.869400, 349.433800, 0.000001, 519.606381
-25.146100, 347.398400, 0.000001, 524.342731
-29.221600, 344.995800, 0.000001, 529.073713
-33.074100, 342.240200, 0.000001, 533.810282
-36.676300, 339.150500, 0.000001, 538.556027
-39.978300, 335.772700, 0.000001, 543.279663
-42.992300, 332.091700, 0.000001, 548.037178
-45.656900, 328.179400, 0.000000, 552.770696
-47.966300, 324.047000, 0.000000, 557.504622
-49.899000, 319.731900, 0.000000, 562.232773
-51.435600, 315.282300, 0.000000, 566.940223
-52.564200, 310.716500, 0.000000, 571.643442
-53.300800, 306.088400, 0.000000, 576.329793
-53.657000, 301.443500, 0.000000, 580.988331
-53.657000, 300.000000, 0.000000, 582.431831
-53.657000, 200.000000, 0.000000, 682.431831
-53.658000, 196.417699, 0.000000, 686.014132
-53.229200, 191.400499, 0.000000, 691.049623
-51.918400, 185.819299, 0.000000, 696.782684
-50.481000, 179.299599, 0.000000, 703.458956
-50.000000, 172.734199, 0.000000, 710.041952
-50.000000, 157.565199, 0.000000, 725.210952
-49.355800, 153.798499, 0.000000, 729.032342
-47.285100, 150.223699, 0.000000, 733.163564
-43.768000, 147.485799, 0.000000, 737.620703
-38.866100, 146.341999, 0.000000, 742.654280
0.000000, 146.342000, -0.000001, 781.520380
ENDTABLE

SET_IPATH_FOR_ID 1004
OPT_PATH_START 0
OPT_PATH_LOOP 0
SPATH_START 0
PATH_ID_DM  = PATH_ID
set_description path_id NE Loop, CW
NSEGMENTS   1
IPATHSEG 1
SEGMENT_TYPE 1
DEFINE_XY_TABLES 1
ITAB_XY = NTAB_XY
XY_TABLE_ID = ITAB_XY
SET_DESCRIPTION XY_TABLE_ID NE Loop, CW Segment 1
XY_SEGMENT_ID = XY_TABLE_ID
SEGMENT_XY_TABLE
300.000000, 153.658000, -0.000001, 0.000000
200.000000, 153.658000, 0.000000, 100.000000
160.842200, 153.657500, 0.000000, 139.157800
158.329900, 154.109300, 0.000000, 141.710402
155.772300, 155.755700, 0.000000, 144.752103
154.450400, 157.568100, 0.000000, 146.995363
153.657000, 160.866500, 0.000000, 150.387844
153.657000, 200.000000, 0.000000, 189.521344
153.658000, 300.000000, 0.000000, 289.521344
153.658000, 339.133500, 0.000000, 328.654844
154.410600, 342.315800, 0.000000, 331.924926
155.982200, 344.401600, 0.000000, 334.536533
158.451300, 345.907200, 0.000000, 337.428468
160.930700, 346.343000, 0.000000, 339.945876
200.000000, 346.343000, 0.000000, 379.015176
300.000000, 346.341000, 0.000000, 479.015176
300.871700, 346.343000, 0.000000, 479.886878
302.874100, 346.251300, 0.000000, 481.891377
304.900600, 346.082700, 0.000000, 483.924879
306.929400, 345.823800, 0.000000, 485.970131
308.944600, 345.466900, 0.000000, 488.016691
310.945900, 345.028400, 0.000000, 490.065468
312.938200, 344.506200, 0.000000, 492.125068
314.903100, 343.887200, 0.000000, 494.185163
316.922000, 343.145700, 0.000000, 496.335926
318.738700, 342.388900, 0.000000, 498.303956
320.608900, 341.509500, 0.000000, 500.370594
322.434800, 340.549100, 0.000000, 502.433669
324.226700, 339.501600, 0.000000, 504.509281
325.970000, 338.375000, 0.000000, 506.584930
327.650800, 337.179500, 0.000000, 508.647528
329.284800, 335.904300, 0.000001, 510.720229
330.873000, 334.546600, 0.000001, 512.809662
332.378000, 333.139500, 0.000001, 514.869991
333.824600, 331.661700, 0.000001, 516.937972
335.216900, 330.106800, 0.000001, 519.025126
336.523500, 328.510000, 0.000001, 521.088370
337.766200, 326.845700, 0.000001, 523.165434
338.926300, 325.138300, 0.000001, 525.229665
340.020000, 323.362800, 0.000001, 527.314990
341.016500, 321.570800, 0.000001, 529.365423
341.943300, 319.713600, 0.000001, 531.441031
342.781800, 317.825900, 0.000001, 533.506580
343.534100, 315.904000, 0.000001, 535.570473
344.197800, 313.955500, 0.000001, 537.628907
344.775400, 311.972500, 0.000002, 539.694315
345.256600, 309.996700, 0.000002, 541.727869
345.653600, 307.980100, 0.000002, 543.783175
345.959900, 305.951600, 0.000002, 545.834670
346.173700, 303.940500, 0.000002, 547.857103
346.300600, 301.902600, 0.000002, 549.898950
346.342000, 300.706800, 0.000000, 551.095466
346.342000, 300.000000, 0.000000, 551.802266
346.342000, 200.000000, 0.000000, 651.802266
346.342500, 160.842199, 0.000000, 690.960067
345.890700, 158.329899, 0.000000, 693.512669
344.244300, 155.772299, 0.000000, 696.554371
342.431900, 154.450399, 0.000000, 698.797630
339.133500, 153.656999, 0.000000, 702.190111
300.000000, 153.658000, -0.000001, 741.323611
ENDTABLE

SET_IPATH_FOR_ID 1005
OPT_PATH_START 0
OPT_PATH_LOOP 0
SPATH_START 0
PATH_ID_DM  = PATH_ID
set_description path_id NE Loop, CCW
NSEGMENTS   1
IPATHSEG 1
SEGMENT_TYPE 1
DEFINE_XY_TABLES 1
ITAB_XY = NTAB_XY
XY_TABLE_ID = ITAB_XY
SET_DESCRIPTION XY_TABLE_ID NE Loop, CCW Segment 1
XY_SEGMENT_ID = XY_TABLE_ID
SEGMENT_XY_TABLE
146.342000, 300.000000, -0.000001, 0.000000
146.342000, 200.000000, 0.000000, 100.000000
146.342000, 196.417700, 0.000000, 103.582300
146.770800, 191.400500, 0.000000, 108.617791
148.081600, 185.819300, 0.000000, 114.350852
149.519000, 179.299600, 0.000000, 121.027124
150.000000, 172.734200, 0.000000, 127.610120
150.000000, 157.565200, 0.000000, 142.779120
150.644200, 153.798500, 0.000000, 146.600510
152.714900, 150.223700, 0.000000, 150.731732
156.232000, 147.485800, 0.000000, 155.188871
161.133900, 146.342000, 0.000000, 160.222448
200.000000, 146.342000, 0.000000, 199.088548
300.000000, 146.342000, 0.000000, 299.088548
302.565800, 146.341999, 0.000000, 301.654348
307.957700, 146.728699, 0.000000, 307.060097
312.321300, 147.616599, 0.000000, 311.513116
320.100300, 149.439999, 0.000000, 319.502961
327.085400, 149.999999, 0.000000, 326.510473
342.505100, 149.999999, 0.000000, 341.930173
346.748500, 150.835599, 0.000000, 346.255062
350.472500, 153.351499, 0.000000, 350.749273
352.641800, 156.504399, 0.000000, 354.576366
353.658000, 161.174499, 0.000000, 359.355748
353.658000, 199.999999, 0.000000, 398.181248
353.658000, 300.000000, 0.000000, 498.181249
353.658000, 301.389400, 0.000002, 499.570649
353.494000, 303.914800, 0.000002, 502.101369
353.150900, 307.293300, 0.000002, 505.497246
352.284200, 311.976700, 0.000002, 510.260166
351.075600, 316.447100, 0.000002, 514.891061
349.433800, 320.869400, 0.000001, 519.608289
347.398400, 325.146100, 0.000001, 524.344640
344.995800, 329.221600, 0.000001, 529.075621
342.240200, 333.074100, 0.000001, 533.812190
339.150500, 336.676300, 0.000001, 538.557935
335.772700, 339.978300, 0.000001, 543.281571
332.091700, 342.992300, 0.000001, 548.039087
328.179400, 345.656900, 0.000000, 552.772604
324.047000, 347.966300, 0.000000, 557.506530
319.731900, 349.899000, 0.000000, 562.234682
315.282300, 351.435600, 0.000000, 566.942131
310.716500, 352.564200, 0.000000, 571.645350
306.088400, 353.300800, 0.000000, 576.331701
301.443500, 353.657000, 0.000000, 580.990239
300.000000, 353.657000, 0.000000, 582.433739
200.000000, 353.657000, 0.000000, 682.433739
196.417700, 353.658000, 0.000000, 686.016039
191.400500, 353.229200, 0.000000, 691.051530
185.819300, 351.918400, 0.000000, 696.784591
179.299600, 350.481000, 0.000000, 703.460863
172.734200, 350.000000, 0.000000, 710.043859
157.565200, 350.000000, 0.000000, 725.212859
153.798500, 349.355800, 0.000000, 729.034249
150.223700, 347.285100, 0.000000, 733.165471
147.485800, 343.768000, 0.000000, 737.622610
146.342000, 338.866100, 0.000000, 742.656188
146.342000, 300.000000, -0.000001, 781.522288
ENDTABLE

SET_IPATH_FOR_ID 1006
OPT_PATH_START 0
OPT_PATH_LOOP 0
SPATH_START 0
PATH_ID_DM  = PATH_ID
set_description path_id SE Loop, CW
NSEGMENTS   1
IPATHSEG 1
SEGMENT_TYPE 1
DEFINE_XY_TABLES 1
ITAB_XY = NTAB_XY
XY_TABLE_ID = ITAB_XY
SET_DESCRIPTION XY_TABLE_ID SE Loop, CW Segment 1
XY_SEGMENT_ID = XY_TABLE_ID
SEGMENT_XY_TABLE
153.658000, 0.000000, -0.000001, 0.000000
153.658000, 100.000000, 0.000000, 100.000000
153.658000, 139.133500, 0.000000, 139.133500
154.410600, 142.315800, 0.000000, 142.403583
155.982200, 144.401600, 0.000000, 145.015189
158.451300, 145.907200, 0.000000, 147.907124
160.930700, 146.343000, 0.000000, 150.424532
200.000000, 146.343000, 0.000000, 189.493832
300.000000, 146.342000, 0.000000, 289.493832
339.133500, 146.341999, 0.000000, 328.627332
342.315800, 145.589399, 0.000000, 331.897415
344.401600, 144.017799, 0.000000, 334.509021
345.907200, 141.548699, 0.000000, 337.400956
346.343000, 139.069299, 0.000000, 339.918365
346.343000, 99.999999, 0.000000, 378.987665
346.343000, 0.000000, 0.000000, 478.987664
346.343000, -0.871700, 0.000000, 479.859364
346.251300, -2.874100, 0.000000, 481.863862
346.082700, -4.900600, 0.000000, 483.897364
345.823800, -6.929400, 0.000000, 485.942616
345.466900, -8.944600, 0.000000, 487.989177
345.028400, -10.945900, 0.000000, 490.037953
344.506200, -12.938200, 0.000000, 492.097553
343.887200, -14.903100, 0.000000, 494.157648
343.145700, -16.922000, 0.000000, 496.308411
342.388900, -18.738700, 0.000000, 498.276441
341.509500, -20.608900, 0.000000, 500.343079
340.549100, -22.434800, 0.000000, 502.406155
339.501600, -24.226700, 0.000000, 504.481766
338.375000, -25.970000, 0.000000, 506.557416
337.179500, -27.650800, 0.000000, 508.620013
335.904300, -29.284800, 0.000001, 510.692715
334.546600, -30.873000, 0.000001, 512.782147
333.139500, -32.378000, 0.000001, 514.842476
331.661700, -33.824600, 0.000001, 516.910457
330.106800, -35.216900, 0.000001, 518.997611
328.510000, -36.523500, 0.000001, 521.060855
326.845700, -37.766200, 0.000001, 523.137919
325.138300, -38.926300, 0.000001, 525.202150
323.362800, -40.020000, 0.000001, 527.287475
321.570800, -41.016500, 0.000001, 529.337908
319.713600, -41.943300, 0.000001, 531.413516
317.825900, -42.781800, 0.000001, 533.479065
315.904000, -43.534100, 0.000001, 535.542959
313.955500, -44.197800, 0.000001, 537.601392
311.972500, -44.775400, 0.000002, 539.666801
309.996700, -45.256600, 0.000002, 541.700354
307.980100, -45.653600, 0.000002, 543.755660
305.951600, -45.959900, 0.000002, 545.807155
303.940500, -46.173700, 0.000002, 547.829588
301.902600, -46.300600, 0.000002, 549.871435
300.706800, -46.342000, 0.000000, 551.067952
300.000000, -46.342000, 0.000000, 551.774752
200.000000, -46.342000, 0.000000, 651.774752
160.842200, -46.342500, 0.000000, 690.932552
158.329900, -45.890700, 0.000000, 693.485153
155.772300, -44.244300, 0.000000, 696.526855
154.450400, -42.431900, 0.000000, 698.770115
153.657000, -39.133500, 0.000000, 702.162595
153.658000, 0.000000, -0.000001, 741.296095
ENDTABLE

SET_IPATH_FOR_ID 1007
OPT_PATH_START 0
OPT_PATH_LOOP 0
SPATH_START 0
PATH_ID_DM  = PATH_ID
set_description path_id SE Loop, CCW
NSEGMENTS   1
IPATHSEG 1
SEGMENT_TYPE 1
DEFINE_XY_TABLES 1
ITAB_XY = NTAB_XY
XY_TABLE_ID = ITAB_XY
SET_DESCRIPTION XY_TABLE_ID SE Loop, CCW Segment 1
XY_SEGMENT_ID = XY_TABLE_ID
SEGMENT_XY_TABLE
300.000000, 153.658000, -0.000001, 0.000000
200.000000, 153.658000, 0.000000, 100.000000
196.417700, 153.658000, 0.000000, 103.582300
191.400500, 153.229200, 0.000000, 108.617791
185.819300, 151.918400, 0.000000, 114.350852
179.299600, 150.481000, 0.000000, 121.027124
172.734200, 150.000000, 0.000000, 127.610120
157.565200, 150.000000, 0.000000, 142.779120
153.798500, 149.355800, 0.000000, 146.600510
150.223700, 147.285100, 0.000000, 150.731732
147.485800, 143.768000, 0.000000, 155.188871
146.342000, 138.866100, 0.000000, 160.222448
146.342000, 100.000000, 0.000000, 199.088548
146.342000, 0.000000, 0.000000, 299.088548
146.342000, -2.565800, 0.000000, 301.654348
146.728700, -7.957700, 0.000000, 307.060097
147.616600, -12.321300, 0.000000, 311.513116
149.440000, -20.100300, 0.000000, 319.502961
150.000000, -27.085400, 0.000000, 326.510473
150.000000, -42.505100, 0.000000, 341.930173
150.835600, -46.748500, 0.000000, 346.255062
153.351500, -50.472500, 0.000000, 350.749273
156.504400, -52.641800, 0.000000, 354.576366
161.174500, -53.658000, 0.000000, 359.355748
200.000000, -53.658000, 0.000000, 398.181248
300.000000, -53.658000, 0.000000, 498.181248
301.389400, -53.658000, 0.000002, 499.570648
303.914800, -53.494000, 0.000002, 502.101368
307.293300, -53.150900, 0.000002, 505.497245
311.976700, -52.284200, 0.000002, 510.260165
316.447100, -51.075600, 0.000002, 514.891060
320.869400, -49.433800, 0.000001, 519.608288
325.146100, -47.398400, 0.000001, 524.344639
329.221600, -44.995800, 0.000001, 529.075620
333.074100, -42.240200, 0.000001, 533.812189
336.676300, -39.150500, 0.000001, 538.557934
339.978300, -35.772700, 0.000001, 543.281570
342.992300, -32.091700, 0.000001, 548.039086
345.656900, -28.179400, 0.000000, 552.772603
347.966300, -24.047000, 0.000000, 557.506529
349.899000, -19.731900, 0.000000, 562.234681
351.435600, -15.282300, 0.000000, 566.942130
352.564200, -10.716500, 0.000000, 571.645349
353.300800, -6.088400, 0.000000, 576.331700
353.657000, -1.443500, 0.000000, 580.990238
353.657000, 0.000000, 0.000000, 582.433738
353.659000, 100.000000, 0.000000, 682.433738
353.658000, 103.582299, 0.000000, 686.016037
353.229200, 108.599499, 0.000000, 691.051528
351.918400, 114.180699, 0.000000, 696.784589
350.481000, 120.700399, 0.000000, 703.460861
350.000000, 127.265799, 0.000000, 710.043857
350.000000, 142.434799, 0.000000, 725.212857
349.355800, 146.201499, 0.000000, 729.034247
347.285100, 149.776299, 0.000000, 733.165469
343.768000, 152.514199, 0.000000, 737.622608
338.866100, 153.657999, 0.000000, 742.656186
300.000000, 153.658000, -0.000001, 781.522286
ENDTABLE

SET_IPATH_FOR_ID 1008
OPT_PATH_START 0
OPT_PATH_LOOP 0
SPATH_START 0
PATH_ID_DM  = PATH_ID
set_description path_id E Loop, CW
NSEGMENTS   1
IPATHSEG 1
SEGMENT_TYPE 1
DEFINE_XY_TABLES 1
ITAB_XY = NTAB_XY
XY_TABLE_ID = ITAB_XY
SET_DESCRIPTION XY_TABLE_ID E Loop, CW Segment 1
XY_SEGMENT_ID = XY_TABLE_ID
SEGMENT_XY_TABLE
153.658000, 0.000000, -0.000001, 0.000000
153.658000, 100.000000, 0.000000, 100.000000
153.658000, 200.000000, 0.000000, 200.000000
153.658000, 300.000000, 0.000000, 300.000000
153.658000, 339.133500, 0.000000, 339.133500
154.410600, 342.315800, 0.000000, 342.403583
155.982200, 344.401600, 0.000000, 345.015189
158.451300, 345.907200, 0.000000, 347.907124
160.930700, 346.343000, 0.000000, 350.424532
200.000000, 346.343000, 0.000000, 389.493832
300.000000, 346.341000, 0.000000, 489.493832
300.871700, 346.343000, 0.000000, 490.365535
302.874100, 346.251300, 0.000000, 492.370033
304.900600, 346.082700, 0.000000, 494.403535
306.929400, 345.823800, 0.000000, 496.448787
308.944600, 345.466900, 0.000000, 498.495348
310.945900, 345.028400, 0.000000, 500.544124
312.938200, 344.506200, 0.000000, 502.603724
314.903100, 343.887200, 0.000000, 504.663819
316.922000, 343.145700, 0.000000, 506.814582
318.738700, 342.388900, 0.000000, 508.782612
320.608900, 341.509500, 0.000000, 510.849250
322.434800, 340.549100, 0.000000, 512.912326
324.226700, 339.501600, 0.000000, 514.987937
325.970000, 338.375000, 0.000000, 517.063587
327.650800, 337.179500, 0.000000, 519.126184
329.284800, 335.904300, 0.000001, 521.198886
330.873000, 334.546600, 0.000001, 523.288318
332.378000, 333.139500, 0.000001, 525.348647
333.824600, 331.661700, 0.000001, 527.416628
335.216900, 330.106800, 0.000001, 529.503782
336.523500, 328.510000, 0.000001, 531.567026
337.766200, 326.845700, 0.000001, 533.644090
338.926300, 325.138300, 0.000001, 535.708321
340.020000, 323.362800, 0.000001, 537.793646
341.016500, 321.570800, 0.000001, 539.844079
341.943300, 319.713600, 0.000001, 541.919687
342.781800, 317.825900, 0.000001, 543.985236
343.534100, 315.904000, 0.000001, 546.049130
344.197800, 313.955500, 0.000001, 548.107563
344.775400, 311.972500, 0.000002, 550.172972
345.256600, 309.996700, 0.000002, 552.206525
345.653600, 307.980100, 0.000002, 554.261831
345.959900, 305.951600, 0.000002, 556.313326
346.173700, 303.940500, 0.000002, 558.335759
346.300600, 301.902600, 0.000002, 560.377606
346.342000, 300.706800, 0.000000, 561.574123
346.342000, 300.000000, 0.000000, 562.280923
346.342000, 200.000000, 0.000000, 662.280923
346.342000, 99.999999, 0.000000, 762.280924
346.343000, 0.000000, 0.000000, 862.280923
346.343000, -0.871700, 0.000000, 863.152623
346.251300, -2.874100, 0.000000, 865.157121
346.082700, -4.900600, 0.000000, 867.190623
345.823800, -6.929400, 0.000000, 869.235875
345.466900, -8.944600, 0.000000, 871.282436
345.028400, -10.945900, 0.000000, 873.331212
344.506200, -12.938200, 0.000000, 875.390812
343.887200, -14.903100, 0.000000, 877.450907
343.145700, -16.922000, 0.000000, 879.601670
342.388900, -18.738700, 0.000000, 881.569701
341.509500, -20.608900, 0.000000, 883.636338
340.549100, -22.434800, 0.000000, 885.699414
339.501600, -24.226700, 0.000000, 887.775025
338.375000, -25.970000, 0.000000, 889.850675
337.179500, -27.650800, 0.000000, 891.913272
335.904300, -29.284800, 0.000001, 893.985974
334.546600, -30.873000, 0.000001, 896.075406
333.139500, -32.378000, 0.000001, 898.135735
331.661700, -33.824600, 0.000001, 900.203716
330.106800, -35.216900, 0.000001, 902.290870
328.510000, -36.523500, 0.000001, 904.354114
326.845700, -37.766200, 0.000001, 906.431179
325.138300, -38.926300, 0.000001, 908.495409
323.362800, -40.020000, 0.000001, 910.580734
321.570800, -41.016500, 0.000001, 912.631167
319.713600, -41.943300, 0.000001, 914.706775
317.825900, -42.781800, 0.000001, 916.772325
315.904000, -43.534100, 0.000001, 918.836218
313.955500, -44.197800, 0.000001, 920.894652
311.972500, -44.775400, 0.000002, 922.960060
309.996700, -45.256600, 0.000002, 924.993613
307.980100, -45.653600, 0.000002, 927.048919
305.951600, -45.959900, 0.000002, 929.100414
303.940500, -46.173700, 0.000002, 931.122847
301.902600, -46.300600, 0.000002, 933.164694
300.706800, -46.342000, 0.000000, 934.361211
300.000000, -46.342000, 0.000000, 935.068011
200.000000, -46.342000, 0.000000, 1035.068011
160.842200, -46.342500, 0.000000, 1074.225811
158.329900, -45.890700, 0.000000, 1076.778412
155.772300, -44.244300, 0.000000, 1079.820114
154.450400, -42.431900, 0.000000, 1082.063374
153.657000, -39.133500, 0.000000, 1085.455855
153.658000, 0.000000, -0.000001, 1124.589355
ENDTABLE

SET_IPATH_FOR_ID 1009
OPT_PATH_START 0
OPT_PATH_LOOP 0
SPATH_START 0
PATH_ID_DM  = PATH_ID
set_description path_id W Loop, CW
NSEGMENTS   1
IPATHSEG 1
SEGMENT_TYPE 1
DEFINE_XY_TABLES 1
ITAB_XY = NTAB_XY
XY_TABLE_ID = ITAB_XY
SET_DESCRIPTION XY_TABLE_ID W Loop, CW Segment 1
XY_SEGMENT_ID = XY_TABLE_ID
SEGMENT_XY_TABLE
146.342000, 300.000000, -0.000001, 0.000000
146.342000, 200.000000, 0.000000, 100.000000
146.342000, 100.000000, 0.000000, 200.000000
146.342000, 0.000000, 0.000000, 300.000000
146.342000, -39.133500, 0.000000, 339.133500
145.589400, -42.315800, 0.000000, 342.403583
144.017800, -44.401600, 0.000000, 345.015189
141.548700, -45.907200, 0.000000, 347.907124
139.069300, -46.343000, 0.000000, 350.424532
100.000000, -46.343000, 0.000000, 389.493832
0.000001, -46.343000, 0.000000, 489.493831
-0.871700, -46.343000, 0.000000, 490.365532
-2.874100, -46.251300, 0.000000, 492.370031
-4.900600, -46.082700, 0.000000, 494.403532
-6.929400, -45.823800, 0.000000, 496.448785
-8.944600, -45.466900, 0.000000, 498.495345
-10.945900, -45.028400, 0.000000, 500.544121
-12.938200, -44.506200, 0.000000, 502.603721
-14.903100, -43.887200, 0.000000, 504.663817
-16.922000, -43.145700, 0.000000, 506.814579
-18.738700, -42.388900, 0.000000, 508.782610
-20.608900, -41.509500, 0.000000, 510.849248
-22.434800, -40.549100, 0.000000, 512.912323
-24.226700, -39.501600, 0.000000, 514.987934
-25.970000, -38.375000, 0.000000, 517.063584
-27.650800, -37.179500, 0.000000, 519.126182
-29.284800, -35.904300, 0.000001, 521.198883
-30.873000, -34.546600, 0.000001, 523.288316
-32.378000, -33.139500, 0.000001, 525.348645
-33.824600, -31.661700, 0.000001, 527.416626
-35.216900, -30.106800, 0.000001, 529.503780
-36.523500, -28.510000, 0.000001, 531.567023
-37.766200, -26.845700, 0.000001, 533.644088
-38.926300, -25.138300, 0.000001, 535.708318
-40.020000, -23.362800, 0.000001, 537.793643
-41.016500, -21.570800, 0.000001, 539.844077
-41.943300, -19.713600, 0.000001, 541.919685
-42.781800, -17.825900, 0.000001, 543.985234
-43.534100, -15.904000, 0.000001, 546.049127
-44.197800, -13.955500, 0.000001, 548.107561
-44.775400, -11.972500, 0.000002, 550.172969
-45.256600, -9.996700, 0.000002, 552.206523
-45.653600, -7.980100, 0.000002, 554.261829
-45.959900, -5.951600, 0.000002, 556.313324
-46.173700, -3.940500, 0.000002, 558.335757
-46.300600, -1.902600, 0.000002, 560.377604
-46.342000, -0.706800, 0.000000, 561.574120
-46.342000, 0.000000, 0.000000, 562.280920
-46.342000, 100.000000, 0.000000, 662.280920
-46.342000, 199.999999, 0.000000, 762.280919
-46.341000, 300.000000, 0.000000, 862.280920
-46.343000, 300.871700, 0.000000, 863.152623
-46.251300, 302.874100, 0.000000, 865.157121
-46.082700, 304.900600, 0.000000, 867.190623
-45.823800, 306.929400, 0.000000, 869.235875
-45.466900, 308.944600, 0.000000, 871.282436
-45.028400, 310.945900, 0.000000, 873.331212
-44.506200, 312.938200, 0.000000, 875.390812
-43.887200, 314.903100, 0.000000, 877.450907
-43.145700, 316.922000, 0.000000, 879.601670
-42.388900, 318.738700, 0.000000, 881.569701
-41.509500, 320.608900, 0.000000, 883.636338
-40.549100, 322.434800, 0.000000, 885.699414
-39.501600, 324.226700, 0.000000, 887.775025
-38.375000, 325.970000, 0.000000, 889.850675
-37.179500, 327.650800, 0.000000, 891.913272
-35.904300, 329.284800, 0.000001, 893.985974
-34.546600, 330.873000, 0.000001, 896.075406
-33.139500, 332.378000, 0.000001, 898.135735
-31.661700, 333.824600, 0.000001, 900.203716
-30.106800, 335.216900, 0.000001, 902.290870
-28.510000, 336.523500, 0.000001, 904.354114
-26.845700, 337.766200, 0.000001, 906.431179
-25.138300, 338.926300, 0.000001, 908.495409
-23.362800, 340.020000, 0.000001, 910.580734
-21.570800, 341.016500, 0.000001, 912.631167
-19.713600, 341.943300, 0.000001, 914.706775
-17.825900, 342.781800, 0.000001, 916.772324
-15.904000, 343.534100, 0.000001, 918.836218
-13.955500, 344.197800, 0.000001, 920.894651
-11.972500, 344.775400, 0.000002, 922.960060
-9.996700, 345.256600, 0.000002, 924.993613
-7.980100, 345.653600, 0.000002, 927.048919
-5.951600, 345.959900, 0.000002, 929.100414
-3.940500, 346.173700, 0.000002, 931.122847
-1.902600, 346.300600, 0.000002, 933.164694
-0.706800, 346.342000, 0.000000, 934.361211
0.000000, 346.342000, 0.000000, 935.068011
100.000000, 346.342000, 0.000000, 1035.068011
139.157800, 346.342500, 0.000000, 1074.225811
141.670100, 345.890700, 0.000000, 1076.778412
144.227700, 344.244300, 0.000000, 1079.820114
145.549600, 342.431900, 0.000000, 1082.063374
146.343000, 339.133500, 0.000000, 1085.455855
146.342000, 300.000000, -0.000001, 1124.589355
ENDTABLE

SET_IPATH_FOR_ID 1010
OPT_PATH_START 0
OPT_PATH_LOOP 0
SPATH_START 0
PATH_ID_DM  = PATH_ID
set_description path_id N Loop, CW
NSEGMENTS   1
IPATHSEG 1
SEGMENT_TYPE 1
DEFINE_XY_TABLES 1
ITAB_XY = NTAB_XY
XY_TABLE_ID = ITAB_XY
SET_DESCRIPTION XY_TABLE_ID N Loop, CW Segment 1
XY_SEGMENT_ID = XY_TABLE_ID
SEGMENT_XY_TABLE
300.000000, 153.658000, -0.000001, 0.000000
200.000000, 153.658000, 0.000000, 100.000000
100.000000, 153.658000, 0.000000, 200.000000
0.000000, 153.658000, 0.000000, 300.000000
-39.133500, 153.657999, 0.000000, 339.133500
-42.315800, 154.410599, 0.000000, 342.403583
-44.401600, 155.982199, 0.000000, 345.015189
-45.907200, 158.451299, 0.000000, 347.907124
-46.343000, 160.930699, 0.000000, 350.424532
-46.343000, 199.999999, 0.000000, 389.493832
-46.341000, 300.000000, 0.000000, 489.493833
-46.343000, 300.871700, 0.000000, 490.365536
-46.251300, 302.874100, 0.000000, 492.370034
-46.082700, 304.900600, 0.000000, 494.403536
-45.823800, 306.929400, 0.000000, 496.448788
-45.466900, 308.944600, 0.000000, 498.495349
-45.028400, 310.945900, 0.000000, 500.544125
-44.506200, 312.938200, 0.000000, 502.603725
-43.887200, 314.903100, 0.000000, 504.663820
-43.145700, 316.922000, 0.000000, 506.814583
-42.388900, 318.738700, 0.000000, 508.782613
-41.509500, 320.608900, 0.000000, 510.849251
-40.549100, 322.434800, 0.000000, 512.912327
-39.501600, 324.226700, 0.000000, 514.987938
-38.375000, 325.970000, 0.000000, 517.063588
-37.179500, 327.650800, 0.000000, 519.126185
-35.904300, 329.284800, 0.000001, 521.198887
-34.546600, 330.873000, 0.000001, 523.288319
-33.139500, 332.378000, 0.000001, 525.348648
-31.661700, 333.824600, 0.000001, 527.416629
-30.106800, 335.216900, 0.000001, 529.503783
-28.510000, 336.523500, 0.000001, 531.567027
-26.845700, 337.766200, 0.000001, 533.644091
-25.138300, 338.926300, 0.000001, 535.708322
-23.362800, 340.020000, 0.000001, 537.793647
-21.570800, 341.016500, 0.000001, 539.844080
-19.713600, 341.943300, 0.000001, 541.919688
-17.825900, 342.781800, 0.000001, 543.985237
-15.904000, 343.534100, 0.000001, 546.049131
-13.955500, 344.197800, 0.000001, 548.107564
-11.972500, 344.775400, 0.000002, 550.172973
-9.996700, 345.256600, 0.000002, 552.206526
-7.980100, 345.653600, 0.000002, 554.261832
-5.951600, 345.959900, 0.000002, 556.313327
-3.940500, 346.173700, 0.000002, 558.335760
-1.902600, 346.300600, 0.000002, 560.377607
-0.706800, 346.342000, 0.000000, 561.574124
0.000000, 346.342000, 0.000000, 562.280924
100.000000, 346.342000, 0.000000, 662.280924
200.000000, 346.342000, 0.000000, 762.280924
300.000000, 346.341000, 0.000000, 862.280924
300.871700, 346.343000, 0.000000, 863.152626
302.874100, 346.251300, 0.000000, 865.157125
304.900600, 346.082700, 0.000000, 867.190626
306.929400, 345.823800, 0.000000, 869.235879
308.944600, 345.466900, 0.000000, 871.282439
310.945900, 345.028400, 0.000000, 873.331215
312.938200, 344.506200, 0.000000, 875.390815
314.903100, 343.887200, 0.000000, 877.450911
316.922000, 343.145700, 0.000000, 879.601673
318.738700, 342.388900, 0.000000, 881.569704
320.608900, 341.509500, 0.000000, 883.636342
322.434800, 340.549100, 0.000000, 885.699417
324.226700, 339.501600, 0.000000, 887.775028
325.970000, 338.375000, 0.000000, 889.850678
327.650800, 337.179500, 0.000000, 891.913276
329.284800, 335.904300, 0.000001, 893.985977
330.873000, 334.546600, 0.000001, 896.075410
332.378000, 333.139500, 0.000001, 898.135739
333.824600, 331.661700, 0.000001, 900.203719
335.216900, 330.106800, 0.000001, 902.290874
336.523500, 328.510000, 0.000001, 904.354117
337.766200, 326.845700, 0.000001, 906.431182
338.926300, 325.138300, 0.000001, 908.495412
340.020000, 323.362800, 0.000001, 910.580737
341.016500, 321.570800, 0.000001, 912.631170
341.943300, 319.713600, 0.000001, 914.706779
342.781800, 317.825900, 0.000001, 916.772328
343.534100, 315.904000, 0.000001, 918.836221
344.197800, 313.955500, 0.000001, 920.894655
344.775400, 311.972500, 0.000002, 922.960063
345.256600, 309.996700, 0.000002, 924.993616
345.653600, 307.980100, 0.000002, 927.048923
345.959900, 305.951600, 0.000002, 929.100418
346.173700, 303.940500, 0.000002, 931.122850
346.300600, 301.902600, 0.000002, 933.164698
346.342000, 300.706800, 0.000000, 934.361214
346.342000, 300.000000, 0.000000, 935.068014
346.342000, 200.000000, 0.000000, 1035.068014
346.342500, 160.842199, 0.000000, 1074.225815
345.890700, 158.329899, 0.000000, 1076.778417
344.244300, 155.772299, 0.000000, 1079.820118
342.431900, 154.450399, 0.000000, 1082.063378
339.133500, 153.656999, 0.000000, 1085.455859
300.000000, 153.658000, -0.000001, 1124.589359
ENDTABLE

SET_IPATH_FOR_ID 1011
OPT_PATH_START 0
OPT_PATH_LOOP 0
SPATH_START 0
PATH_ID_DM  = PATH_ID
set_description path_id S Loop, CW
NSEGMENTS   1
IPATHSEG 1
SEGMENT_TYPE 1
DEFINE_XY_TABLES 1
ITAB_XY = NTAB_XY
XY_TABLE_ID = ITAB_XY
SET_DESCRIPTION XY_TABLE_ID S Loop, CW Segment 1
XY_SEGMENT_ID = XY_TABLE_ID
SEGMENT_XY_TABLE
0.000000, 146.342000, -0.000001, 0.000000
100.000000, 146.342000, 0.000000, 100.000000
200.000000, 146.342000, 0.000000, 200.000000
300.000000, 146.342000, 0.000000, 300.000000
339.133500, 146.341999, 0.000000, 339.133500
342.315800, 145.589399, 0.000000, 342.403583
344.401600, 144.017799, 0.000000, 345.015189
345.907200, 141.548699, 0.000000, 347.907124
346.343000, 139.069299, 0.000000, 350.424532
346.343000, 99.999999, 0.000000, 389.493832
346.343000, 0.000000, 0.000000, 489.493831
346.343000, -0.871700, 0.000000, 490.365531
346.251300, -2.874100, 0.000000, 492.370030
346.082700, -4.900600, 0.000000, 494.403531
345.823800, -6.929400, 0.000000, 496.448784
345.466900, -8.944600, 0.000000, 498.495344
345.028400, -10.945900, 0.000000, 500.544120
344.506200, -12.938200, 0.000000, 502.603720
343.887200, -14.903100, 0.000000, 504.663816
343.145700, -16.922000, 0.000000, 506.814578
342.388900, -18.738700, 0.000000, 508.782609
341.509500, -20.608900, 0.000000, 510.849247
340.549100, -22.434800, 0.000000, 512.912322
339.501600, -24.226700, 0.000000, 514.987933
338.375000, -25.970000, 0.000000, 517.063583
337.179500, -27.650800, 0.000000, 519.126181
335.904300, -29.284800, 0.000001, 521.198882
334.546600, -30.873000, 0.000001, 523.288315
333.139500, -32.378000, 0.000001, 525.348644
331.661700, -33.824600, 0.000001, 527.416625
330.106800, -35.216900, 0.000001, 529.503779
328.510000, -36.523500, 0.000001, 531.567022
326.845700, -37.766200, 0.000001, 533.644087
325.138300, -38.926300, 0.000001, 535.708317
323.362800, -40.020000, 0.000001, 537.793642
321.570800, -41.016500, 0.000001, 539.844076
319.713600, -41.943300, 0.000001, 541.919684
317.825900, -42.781800, 0.000001, 543.985233
315.904000, -43.534100, 0.000001, 546.049126
313.955500, -44.197800, 0.000001, 548.107560
311.972500, -44.775400, 0.000002, 550.172968
309.996700, -45.256600, 0.000002, 552.206522
307.980100, -45.653600, 0.000002, 554.261828
305.951600, -45.959900, 0.000002, 556.313323
303.940500, -46.173700, 0.000002, 558.335756
301.902600, -46.300600, 0.000002, 560.377603
300.706800, -46.342000, 0.000000, 561.574119
300.000000, -46.342000, 0.000000, 562.280919
200.000000, -46.342000, 0.000000, 662.280919
100.000000, -46.342000, 0.000000, 762.280919
0.000001, -46.343000, 0.000000, 862.280918
-0.871700, -46.343000, 0.000000, 863.152619
-2.874100, -46.251300, 0.000000, 865.157118
-4.900600, -46.082700, 0.000000, 867.190619
-6.929400, -45.823800, 0.000000, 869.235872
-8.944600, -45.466900, 0.000000, 871.282432
-10.945900, -45.028400, 0.000000, 873.331209
-12.938200, -44.506200, 0.000000, 875.390809
-14.903100, -43.887200, 0.000000, 877.450904
-16.922000, -43.145700, 0.000000, 879.601666
-18.738700, -42.388900, 0.000000, 881.569697
-20.608900, -41.509500, 0.000000, 883.636335
-22.434800, -40.549100, 0.000000, 885.699410
-24.226700, -39.501600, 0.000000, 887.775021
-25.970000, -38.375000, 0.000000, 889.850671
-27.650800, -37.179500, 0.000000, 891.913269
-29.284800, -35.904300, 0.000001, 893.985970
-30.873000, -34.546600, 0.000001, 896.075403
-32.378000, -33.139500, 0.000001, 898.135732
-33.824600, -31.661700, 0.000001, 900.203713
-35.216900, -30.106800, 0.000001, 902.290867
-36.523500, -28.510000, 0.000001, 904.354111
-37.766200, -26.845700, 0.000001, 906.431175
-38.926300, -25.138300, 0.000001, 908.495406
-40.020000, -23.362800, 0.000001, 910.580730
-41.016500, -21.570800, 0.000001, 912.631164
-41.943300, -19.713600, 0.000001, 914.706772
-42.781800, -17.825900, 0.000001, 916.772321
-43.534100, -15.904000, 0.000001, 918.836214
-44.197800, -13.955500, 0.000001, 920.894648
-44.775400, -11.972500, 0.000002, 922.960056
-45.256600, -9.996700, 0.000002, 924.993610
-45.653600, -7.980100, 0.000002, 927.048916
-45.959900, -5.951600, 0.000002, 929.100411
-46.173700, -3.940500, 0.000002, 931.122844
-46.300600, -1.902600, 0.000002, 933.164691
-46.342000, -0.706800, 0.000000, 934.361207
-46.342000, 0.000000, 0.000000, 935.068007
-46.342000, 100.000000, 0.000000, 1035.068007
-46.342500, 139.157799, 0.000000, 1074.225806
-45.890700, 141.670099, 0.000000, 1076.778408
-44.244300, 144.227699, 0.000000, 1079.820110
-42.431900, 145.549599, 0.000000, 1082.063369
-39.133500, 146.342999, 0.000000, 1085.455850
0.000000, 146.342000, -0.000001, 1124.589350
ENDTABLE

SET_IPATH_FOR_ID 1012
OPT_PATH_START 0
OPT_PATH_LOOP 0
SPATH_START 0
PATH_ID_DM  = PATH_ID
set_description path_id E Loop, CCW
NSEGMENTS   1
IPATHSEG 1
SEGMENT_TYPE 1
DEFINE_XY_TABLES 1
ITAB_XY = NTAB_XY
XY_TABLE_ID = ITAB_XY
SET_DESCRIPTION XY_TABLE_ID E Loop, CCW Segment 1
XY_SEGMENT_ID = XY_TABLE_ID
SEGMENT_XY_TABLE
146.342000, 300.000000, -0.000001, 0.000000
146.342000, 200.000000, 0.000000, 100.000000
146.342000, 100.000000, 0.000000, 200.000000
146.342000, 0.000000, 0.000000, 300.000000
146.342000, -2.565800, 0.000000, 302.565800
146.728700, -7.957700, 0.000000, 307.971549
147.616600, -12.321300, 0.000000, 312.424567
149.440000, -20.100300, 0.000000, 320.414413
150.000000, -27.085400, 0.000000, 327.421924
150.000000, -42.505100, 0.000000, 342.841624
150.835600, -46.748500, 0.000000, 347.166514
153.351500, -50.472500, 0.000000, 351.660725
156.504400, -52.641800, 0.000000, 355.487818
161.174500, -53.658000, 0.000000, 360.267200
200.000000, -53.658000, 0.000000, 399.092700
300.000000, -53.658000, 0.000000, 499.092700
301.389400, -53.658000, 0.000002, 500.482100
303.914800, -53.494000, 0.000002, 503.012820
307.293300, -53.150900, 0.000002, 506.408697
311.976700, -52.284200, 0.000002, 511.171616
316.447100, -51.075600, 0.000002, 515.802511
320.869400, -49.433800, 0.000001, 520.519740
325.146100, -47.398400, 0.000001, 525.256090
329.221600, -44.995800, 0.000001, 529.987072
333.074100, -42.240200, 0.000001, 534.723641
336.676300, -39.150500, 0.000001, 539.469386
339.978300, -35.772700, 0.000001, 544.193022
342.992300, -32.091700, 0.000001, 548.950538
345.656900, -28.179400, 0.000000, 553.684055
347.966300, -24.047000, 0.000000, 558.417981
349.899000, -19.731900, 0.000000, 563.146133
351.435600, -15.282300, 0.000000, 567.853582
352.564200, -10.716500, 0.000000, 572.556801
353.300800, -6.088400, 0.000000, 577.243152
353.657000, -1.443500, 0.000000, 581.901690
353.657000, 0.000000, 0.000000, 583.345190
353.659000, 100.000000, 0.000000, 683.345190
353.658000, 199.999999, 0.000000, 783.345189
353.658000, 300.000000, 0.000000, 883.345190
353.658000, 301.389400, 0.000002, 884.734590
353.494000, 303.914800, 0.000002, 887.265309
353.150900, 307.293300, 0.000002, 890.661186
352.284200, 311.976700, 0.000002, 895.424106
351.075600, 316.447100, 0.000002, 900.055001
349.433800, 320.869400, 0.000001, 904.772230
347.398400, 325.146100, 0.000001, 909.508580
344.995800, 329.221600, 0.000001, 914.239562
342.240200, 333.074100, 0.000001, 918.976131
339.150500, 336.676300, 0.000001, 923.721876
335.772700, 339.978300, 0.000001, 928.445512
332.091700, 342.992300, 0.000001, 933.203027
328.179400, 345.656900, 0.000000, 937.936545
324.047000, 347.966300, 0.000000, 942.670471
319.731900, 349.899000, 0.000000, 947.398622
315.282300, 351.435600, 0.000000, 952.106072
310.716500, 352.564200, 0.000000, 956.809291
306.088400, 353.300800, 0.000000, 961.495642
301.443500, 353.657000, 0.000000, 966.154180
300.000000, 353.657000, 0.000000, 967.597680
200.000000, 353.657000, 0.000000, 1067.597680
196.417700, 353.658000, 0.000000, 1071.179980
191.400500, 353.229200, 0.000000, 1076.215471
185.819300, 351.918400, 0.000000, 1081.948532
179.299600, 350.481000, 0.000000, 1088.624804
172.734200, 350.000000, 0.000000, 1095.207800
157.565200, 350.000000, 0.000000, 1110.376800
153.798500, 349.355800, 0.000000, 1114.198190
150.223700, 347.285100, 0.000000, 1118.329412
147.485800, 343.768000, 0.000000, 1122.786551
146.342000, 338.866100, 0.000000, 1127.820128
146.342000, 300.000000, -0.000001, 1166.686228
ENDTABLE

SET_IPATH_FOR_ID 1013
OPT_PATH_START 0
OPT_PATH_LOOP 0
SPATH_START 0
PATH_ID_DM  = PATH_ID
set_description path_id W Loop, CCW
NSEGMENTS   1
IPATHSEG 1
SEGMENT_TYPE 1
DEFINE_XY_TABLES 1
ITAB_XY = NTAB_XY
XY_TABLE_ID = ITAB_XY
SET_DESCRIPTION XY_TABLE_ID W Loop, CCW Segment 1
XY_SEGMENT_ID = XY_TABLE_ID
SEGMENT_XY_TABLE
153.658000, 0.000000, -0.000001, 0.000000
153.658000, 100.000000, 0.000000, 100.000000
153.658000, 200.000000, 0.000000, 200.000000
153.658000, 300.000000, 0.000000, 300.000000
153.658000, 302.565800, 0.000000, 302.565800
153.371500, 307.227200, 0.000000, 307.235996
152.010200, 313.782900, 0.000000, 313.931542
150.591900, 319.913200, 0.000000, 320.223772
150.000000, 327.085400, 0.000000, 327.420354
150.000000, 342.505100, 0.000000, 342.840054
148.965900, 347.201300, 0.000000, 347.648761
146.683300, 350.438400, 0.000000, 351.609705
143.338200, 352.712500, 0.000000, 355.654606
138.825500, 353.658000, 0.000000, 360.265293
100.000000, 353.658000, 0.000000, 399.090793
0.000000, 353.658000, 0.000000, 499.090793
-1.389400, 353.658000, 0.000002, 500.480193
-3.914800, 353.494000, 0.000002, 503.010912
-7.293300, 353.150900, 0.000002, 506.406789
-11.976700, 352.284200, 0.000002, 511.169709
-16.447100, 351.075600, 0.000002, 515.800604
-20.869400, 349.433800, 0.000001, 520.517833
-25.146100, 347.398400, 0.000001, 525.254183
-29.221600, 344.995800, 0.000001, 529.985165
-33.074100, 342.240200, 0.000001, 534.721734
-36.676300, 339.150500, 0.000001, 539.467478
-39.978300, 335.772700, 0.000001, 544.191114
-42.992300, 332.091700, 0.000001, 548.948630
-45.656900, 328.179400, 0.000000, 553.682147
-47.966300, 324.047000, 0.000000, 558.416074
-49.899000, 319.731900, 0.000000, 563.144225
-51.435600, 315.282300, 0.000000, 567.851675
-52.564200, 310.716500, 0.000000, 572.554893
-53.300800, 306.088400, 0.000000, 577.241245
-53.657000, 301.443500, 0.000000, 581.899783
-53.657000, 300.000000, 0.000000, 583.343283
-53.657000, 200.000000, 0.000000, 683.343283
-53.658000, 99.999999, 0.000000, 783.343284
-53.658000, 0.000000, 0.000000, 883.343283
-53.658000, -1.389400, 0.000002, 884.732683
-53.494000, -3.914800, 0.000002, 887.263402
-53.150900, -7.293300, 0.000002, 890.659279
-52.284200, -11.976700, 0.000002, 895.422199
-51.075600, -16.447100, 0.000002, 900.053094
-49.433800, -20.869400, 0.000001, 904.770322
-47.398400, -25.146100, 0.000001, 909.506673
-44.995800, -29.221600, 0.000001, 914.237655
-42.240200, -33.074100, 0.000001, 918.974224
-39.150500, -36.676300, 0.000001, 923.719968
-35.772700, -39.978300, 0.000001, 928.443604
-32.091700, -42.992300, 0.000001, 933.201120
-28.179400, -45.656900, 0.000000, 937.934637
-24.047000, -47.966300, 0.000000, 942.668563
-19.731900, -49.899000, 0.000000, 947.396715
-15.282300, -51.435600, 0.000000, 952.104164
-10.716500, -52.564200, 0.000000, 956.807383
-6.088400, -53.300800, 0.000000, 961.493735
-1.443500, -53.657000, 0.000000, 966.152272
0.000000, -53.657000, 0.000000, 967.595772
100.000001, -53.659000, 0.000000, 1067.595773
103.582300, -53.658000, 0.000000, 1071.178073
108.599500, -53.229200, 0.000000, 1076.213563
114.180700, -51.918400, 0.000000, 1081.946624
120.700400, -50.481000, 0.000000, 1088.622896
127.265800, -50.000000, 0.000000, 1095.205892
142.434800, -50.000000, 0.000000, 1110.374892
146.201500, -49.355800, 0.000000, 1114.196283
149.776300, -47.285100, 0.000000, 1118.327504
152.514200, -43.768000, 0.000000, 1122.784643
153.658000, -38.866100, 0.000000, 1127.818221
153.658000, 0.000000, -0.000001, 1166.684321
ENDTABLE

SET_IPATH_FOR_ID 1014
OPT_PATH_START 0
OPT_PATH_LOOP 0
SPATH_START 0
PATH_ID_DM  = PATH_ID
set_description path_id N Loop, CCW
NSEGMENTS   1
IPATHSEG 1
SEGMENT_TYPE 1
DEFINE_XY_TABLES 1
ITAB_XY = NTAB_XY
XY_TABLE_ID = ITAB_XY
SET_DESCRIPTION XY_TABLE_ID N Loop, CCW Segment 1
XY_SEGMENT_ID = XY_TABLE_ID
SEGMENT_XY_TABLE
0.000000, 146.342000, -0.000001, 0.000000
100.000000, 146.342000, 0.000000, 100.000000
200.000000, 146.342000, 0.000000, 200.000000
300.000000, 146.342000, 0.000000, 300.000000
302.565800, 146.341999, 0.000000, 302.565800
307.957700, 146.728699, 0.000000, 307.971549
312.321300, 147.616599, 0.000000, 312.424567
320.100300, 149.439999, 0.000000, 320.414413
327.085400, 149.999999, 0.000000, 327.421924
342.505100, 149.999999, 0.000000, 342.841624
346.748500, 150.835599, 0.000000, 347.166514
350.472500, 153.351499, 0.000000, 351.660725
352.641800, 156.504399, 0.000000, 355.487818
353.658000, 161.174499, 0.000000, 360.267200
353.658000, 199.999999, 0.000000, 399.092700
353.658000, 300.000000, 0.000000, 499.092701
353.658000, 301.389400, 0.000002, 500.482101
353.494000, 303.914800, 0.000002, 503.012821
353.150900, 307.293300, 0.000002, 506.408698
352.284200, 311.976700, 0.000002, 511.171617
351.075600, 316.447100, 0.000002, 515.802512
349.433800, 320.869400, 0.000001, 520.519741
347.398400, 325.146100, 0.000001, 525.256091
344.995800, 329.221600, 0.000001, 529.987073
342.240200, 333.074100, 0.000001, 534.723642
339.150500, 336.676300, 0.000001, 539.469387
335.772700, 339.978300, 0.000001, 544.193023
332.091700, 342.992300, 0.000001, 548.950539
328.179400, 345.656900, 0.000000, 553.684056
324.047000, 347.966300, 0.000000, 558.417982
319.731900, 349.899000, 0.000000, 563.146134
315.282300, 351.435600, 0.000000, 567.853583
310.716500, 352.564200, 0.000000, 572.556802
306.088400, 353.300800, 0.000000, 577.243153
301.443500, 353.657000, 0.000000, 581.901691
300.000000, 353.657000, 0.000000, 583.345191
200.000000, 353.657000, 0.000000, 683.345191
100.000000, 353.658000, 0.000000, 783.345191
0.000000, 353.658000, 0.000000, 883.345191
-1.389400, 353.658000, 0.000002, 884.734591
-3.914800, 353.494000, 0.000002, 887.265310
-7.293300, 353.150900, 0.000002, 890.661187
-11.976700, 352.284200, 0.000002, 895.424107
-16.447100, 351.075600, 0.000002, 900.055002
-20.869400, 349.433800, 0.000001, 904.772231
-25.146100, 347.398400, 0.000001, 909.508581
-29.221600, 344.995800, 0.000001, 914.239563
-33.074100, 342.240200, 0.000001, 918.976132
-36.676300, 339.150500, 0.000001, 923.721877
-39.978300, 335.772700, 0.000001, 928.445513
-42.992300, 332.091700, 0.000001, 933.203028
-45.656900, 328.179400, 0.000000, 937.936546
-47.966300, 324.047000, 0.000000, 942.670472
-49.899000, 319.731900, 0.000000, 947.398623
-51.435600, 315.282300, 0.000000, 952.106073
-52.564200, 310.716500, 0.000000, 956.809292
-53.300800, 306.088400, 0.000000, 961.495643
-53.657000, 301.443500, 0.000000, 966.154181
-53.657000, 300.000000, 0.000000, 967.597681
-53.657000, 200.000000, 0.000000, 1067.597681
-53.658000, 196.417699, 0.000000, 1071.179982
-53.229200, 191.400499, 0.000000, 1076.215472
-51.918400, 185.819299, 0.000000, 1081.948534
-50.481000, 179.299599, 0.000000, 1088.624806
-50.000000, 172.734199, 0.000000, 1095.207802
-50.000000, 157.565199, 0.000000, 1110.376802
-49.355800, 153.798499, 0.000000, 1114.198192
-47.285100, 150.223699, 0.000000, 1118.329414
-43.768000, 147.485799, 0.000000, 1122.786553
-38.866100, 146.341999, 0.000000, 1127.820130
0.000000, 146.342000, -0.000001, 1166.686230
ENDTABLE

SET_IPATH_FOR_ID 1015
OPT_PATH_START 0
OPT_PATH_LOOP 0
SPATH_START 0
PATH_ID_DM  = PATH_ID
set_description path_id S Loop, CCW
NSEGMENTS   1
IPATHSEG 1
SEGMENT_TYPE 1
DEFINE_XY_TABLES 1
ITAB_XY = NTAB_XY
XY_TABLE_ID = ITAB_XY
SET_DESCRIPTION XY_TABLE_ID S Loop, CCW Segment 1
XY_SEGMENT_ID = XY_TABLE_ID
SEGMENT_XY_TABLE
300.000000, 153.658000, -0.000001, 0.000000
200.000000, 153.658000, 0.000000, 100.000000
100.000000, 153.658000, 0.000000, 200.000000
0.000000, 153.658000, 0.000000, 300.000000
-2.565800, 153.657999, 0.000000, 302.565800
-7.227200, 153.371499, 0.000000, 307.235996
-13.782900, 152.010199, 0.000000, 313.931542
-19.913200, 150.591899, 0.000000, 320.223772
-27.085400, 149.999999, 0.000000, 327.420354
-42.505100, 149.999999, 0.000000, 342.840054
-47.201300, 148.965899, 0.000000, 347.648761
-50.438400, 146.683299, 0.000000, 351.609705
-52.712500, 143.338199, 0.000000, 355.654606
-53.658000, 138.825499, 0.000000, 360.265293
-53.658000, 99.999999, 0.000000, 399.090793
-53.658000, 0.000000, 0.000000, 499.090792
-53.658000, -1.389400, 0.000002, 500.480192
-53.494000, -3.914800, 0.000002, 503.010911
-53.150900, -7.293300, 0.000002, 506.406788
-52.284200, -11.976700, 0.000002, 511.169708
-51.075600, -16.447100, 0.000002, 515.800603
-49.433800, -20.869400, 0.000001, 520.517832
-47.398400, -25.146100, 0.000001, 525.254182
-44.995800, -29.221600, 0.000001, 529.985164
-42.240200, -33.074100, 0.000001, 534.721733
-39.150500, -36.676300, 0.000001, 539.467477
-35.772700, -39.978300, 0.000001, 544.191113
-32.091700, -42.992300, 0.000001, 548.948629
-28.179400, -45.656900, 0.000000, 553.682146
-24.047000, -47.966300, 0.000000, 558.416073
-19.731900, -49.899000, 0.000000, 563.144224
-15.282300, -51.435600, 0.000000, 567.851674
-10.716500, -52.564200, 0.000000, 572.554892
-6.088400, -53.300800, 0.000000, 577.241244
-1.443500, -53.657000, 0.000000, 581.899782
0.000000, -53.657000, 0.000000, 583.343282
100.000001, -53.659000, 0.000000, 683.343283
200.000000, -53.658000, 0.000000, 783.343282
300.000000, -53.658000, 0.000000, 883.343282
301.389400, -53.658000, 0.000002, 884.732682
303.914800, -53.494000, 0.000002, 887.263401
307.293300, -53.150900, 0.000002, 890.659278
311.976700, -52.284200, 0.000002, 895.422198
316.447100, -51.075600, 0.000002, 900.053093
320.869400, -49.433800, 0.000001, 904.770321
325.146100, -47.398400, 0.000001, 909.506672
329.221600, -44.995800, 0.000001, 914.237654
333.074100, -42.240200, 0.000001, 918.974223
336.676300, -39.150500, 0.000001, 923.719967
339.978300, -35.772700, 0.000001, 928.443603
342.992300, -32.091700, 0.000001, 933.201119
345.656900, -28.179400, 0.000000, 937.934636
347.966300, -24.047000, 0.000000, 942.668562
349.899000, -19.731900, 0.000000, 947.396714
351.435600, -15.282300, 0.000000, 952.104163
352.564200, -10.716500, 0.000000, 956.807382
353.300800, -6.088400, 0.000000, 961.493734
353.657000, -1.443500, 0.000000, 966.152271
353.657000, 0.000000, 0.000000, 967.595771
353.659000, 100.000000, 0.000000, 1067.595771
353.658000, 103.582299, 0.000000, 1071.178071
353.229200, 108.599499, 0.000000, 1076.213561
351.918400, 114.180699, 0.000000, 1081.946622
350.481000, 120.700399, 0.000000, 1088.622894
350.000000, 127.265799, 0.000000, 1095.205890
350.000000, 142.434799, 0.000000, 1110.374890
349.355800, 146.201499, 0.000000, 1114.196281
347.285100, 149.776299, 0.000000, 1118.327502
343.768000, 152.514199, 0.000000, 1122.784641
338.866100, 153.657999, 0.000000, 1127.818219
300.000000, 153.658000, -0.000001, 1166.684319
ENDTABLE
#CheckBox0 0    
#CheckBox1 0    
#CheckBox2 0    
#CheckBox3 0    
SMTH_MULT 1
SMTH_MINACC 1.0
JSON_FILENAME Scene_Import\VS_Scene_Builder\City_Advanced_Intersection.vsscene
VS_TERRAIN_FILE Scene_Import\VS_Scene_Builder\City_Advanced_Intersection.vsterrain
#RingCtrl0 1
SMTH_PASS 1

!!!!!!!!!!!!!!!!!!!!!!!!!!!!!!!!!!!!!!!!!!!!!!!!!!!!!!!!!!!!!!
!!!!!!!!!!!!!!!!!!!  Warning: Raw Data Below  !!!!!!!!!!!!!!!!
!!!!!!!!!!!!!!!!!!!!!!!!!  Do Not Edit  !!!!!!!!!!!!!!!!!!!!!!
!!!!!!!!!!!!!!!!!!!!!!!!!!!!!!!!!!!!!!!!!!!!!!!!!!!!!!!!!!!!!!
! Table Columns:
!   NOTE: Label columns are not written to parsfile.
!
! 0: (Text) Describes the import object type (PATH or SEGM)
! 1: (Text) Describes the import object internal ID
! 2: (Text) Describes the import object name
! 3: (Text) Id of segment linked to by a path
! 4: (Text) X Coordinate of Segment definition
! 5: (Text) Y Coordinate of Segment definition
! 6: (Text) Z Coordinate of Segment definition
! 7: (Text) S Coordinate of Segment definition
! 8: (Text) Heading of a segment linked to by a path
! 9: (Text) RenderObject Title
! 10: (Text) RenderObject Path
! 11: (Text) RenderObject Z Angle
! 12: (Text) RenderObject X Offset
! 13: (Text) RenderObject Y Offset
! 14: (Text) RenderObject Z Offset
! 15: (Text) RenderObject No Shadows
! 16: (Text) SensorObject Title
! 17: (Text) SensorObject X
! 18: (Text) SensorObject Y
! 19: (Text) SensorObject Height
! 20: (Text) SensorObject Diameter
! 21: (Text) SensorObject Type
! 22: (Text) SensorObject Message
! 23: (Text) Path is looped
#MIXTABLE0
#NUMROWS 1200
#SEGM, 0, , , 0.000000, 146.342000, -0.000001, 0.000000, , , , , , , , , , , , , , , , 
#SEGM, 0, , , 100.000000, 146.342000, 0.000000, 100.000000, , , , , , , , , , , , , , , , 
#SEGM, 0, , , 139.157800, 146.342500, 0.000000, 139.157800, , , , , , , , , , , , , , , , 
#SEGM, 0, , , 141.670100, 145.890700, 0.000000, 141.710402, , , , , , , , , , , , , , , , 
#SEGM, 0, , , 144.227700, 144.244300, -0.000000, 144.752103, , , , , , , , , , , , , , , , 
#SEGM, 0, , , 145.549600, 142.431900, 0.000000, 146.995363, , , , , , , , , , , , , , , , 
#SEGM, 0, , , 146.343000, 139.133500, 0.000000, 150.387844, , , , , , , , , , , , , , , , 
#SEGM, 0, , , 146.343000, 100.000000, 0.000000, 189.521344, , , , , , , , , , , , , , , , 
#SEGM, 0, , , 146.342000, 0.000000, 0.000000, 289.521344, , , , , , , , , , , , , , , , 
#SEGM, 0, , , 146.342000, -39.133500, 0.000000, 328.654844, , , , , , , , , , , , , , , , 
#SEGM, 0, , , 145.589400, -42.315800, 0.000000, 331.924927, , , , , , , , , , , , , , , , 
#SEGM, 0, , , 144.017800, -44.401600, 0.000000, 334.536533, , , , , , , , , , , , , , , , 
#SEGM, 0, , , 141.548700, -45.907200, 0.000000, 337.428468, , , , , , , , , , , , , , , , 
#SEGM, 0, , , 139.069300, -46.343000, 0.000000, 339.945876, , , , , , , , , , , , , , , , 
#SEGM, 0, , , 100.000000, -46.343000, 0.000000, 379.015176, , , , , , , , , , , , , , , , 
#SEGM, 0, , , 0.000001, -46.343000, 0.000000, 479.015176, , , , , , , , , , , , , , , , 
#SEGM, 0, , , -0.871700, -46.343000, 0.000000, 479.886876, , , , , , , , , , , , , , , , 
#SEGM, 0, , , -2.874100, -46.251300, 0.000000, 481.891375, , , , , , , , , , , , , , , , 
#SEGM, 0, , , -4.900600, -46.082700, 0.000000, 483.924877, , , , , , , , , , , , , , , , 
#SEGM, 0, , , -6.929400, -45.823800, 0.000000, 485.970129, , , , , , , , , , , , , , , , 
#SEGM, 0, , , -8.944600, -45.466900, 0.000000, 488.016689, , , , , , , , , , , , , , , , 
#SEGM, 0, , , -10.945900, -45.028400, 0.000000, 490.065466, , , , , , , , , , , , , , , , 
#SEGM, 0, , , -12.938200, -44.506200, 0.000000, 492.125066, , , , , , , , , , , , , , , , 
#SEGM, 0, , , -14.903100, -43.887200, 0.000000, 494.185161, , , , , , , , , , , , , , , , 
#SEGM, 0, , , -16.922000, -43.145700, 0.000000, 496.335924, , , , , , , , , , , , , , , , 
#SEGM, 0, , , -18.738700, -42.388900, 0.000000, 498.303954, , , , , , , , , , , , , , , , 
#SEGM, 0, , , -20.608900, -41.509500, 0.000000, 500.370592, , , , , , , , , , , , , , , , 
#SEGM, 0, , , -22.434800, -40.549100, 0.000000, 502.433667, , , , , , , , , , , , , , , , 
#SEGM, 0, , , -24.226700, -39.501600, 0.000000, 504.509279, , , , , , , , , , , , , , , , 
#SEGM, 0, , , -25.970000, -38.375000, 0.000000, 506.584928, , , , , , , , , , , , , , , , 
#SEGM, 0, , , -27.650800, -37.179500, 0.000000, 508.647526, , , , , , , , , , , , , , , , 
#SEGM, 0, , , -29.284800, -35.904300, 0.000001, 510.720227, , , , , , , , , , , , , , , , 
#SEGM, 0, , , -30.873000, -34.546600, 0.000001, 512.809660, , , , , , , , , , , , , , , , 
#SEGM, 0, , , -32.378000, -33.139500, 0.000001, 514.869989, , , , , , , , , , , , , , , , 
#SEGM, 0, , , -33.824600, -31.661700, 0.000001, 516.937970, , , , , , , , , , , , , , , , 
#SEGM, 0, , , -35.216900, -30.106800, 0.000001, 519.025124, , , , , , , , , , , , , , , , 
#SEGM, 0, , , -36.523500, -28.510000, 0.000001, 521.088368, , , , , , , , , , , , , , , , 
#SEGM, 0, , , -37.766200, -26.845700, 0.000001, 523.165432, , , , , , , , , , , , , , , , 
#SEGM, 0, , , -38.926300, -25.138300, 0.000001, 525.229663, , , , , , , , , , , , , , , , 
#SEGM, 0, , , -40.020000, -23.362800, 0.000001, 527.314988, , , , , , , , , , , , , , , , 
#SEGM, 0, , , -41.016500, -21.570800, 0.000001, 529.365421, , , , , , , , , , , , , , , , 
#SEGM, 0, , , -41.943300, -19.713600, 0.000001, 531.441029, , , , , , , , , , , , , , , , 
#SEGM, 0, , , -42.781800, -17.825900, 0.000001, 533.506578, , , , , , , , , , , , , , , , 
#SEGM, 0, , , -43.534100, -15.904000, 0.000001, 535.570471, , , , , , , , , , , , , , , , 
#SEGM, 0, , , -44.197800, -13.955500, 0.000001, 537.628905, , , , , , , , , , , , , , , , 
#SEGM, 0, , , -44.775400, -11.972500, 0.000002, 539.694313, , , , , , , , , , , , , , , , 
#SEGM, 0, , , -45.256600, -9.996700, 0.000002, 541.727867, , , , , , , , , , , , , , , , 
#SEGM, 0, , , -45.653600, -7.980100, 0.000002, 543.783173, , , , , , , , , , , , , , , , 
#SEGM, 0, , , -45.959900, -5.951600, 0.000002, 545.834668, , , , , , , , , , , , , , , , 
#SEGM, 0, , , -46.173700, -3.940500, 0.000002, 547.857101, , , , , , , , , , , , , , , , 
#SEGM, 0, , , -46.300600, -1.902600, 0.000002, 549.898948, , , , , , , , , , , , , , , , 
#SEGM, 0, , , -46.342000, -0.706800, 0.000000, 551.095465, , , , , , , , , , , , , , , , 
#SEGM, 0, , , -46.342000, 0.000000, 0.000000, 551.802265, , , , , , , , , , , , , , , , 
#SEGM, 0, , , -46.342000, 100.000000, 0.000000, 651.802265, , , , , , , , , , , , , , , , 
#SEGM, 0, , , -46.342500, 139.157799, 0.000000, 690.960064, , , , , , , , , , , , , , , , 
#SEGM, 0, , , -45.890700, 141.670099, 0.000000, 693.512665, , , , , , , , , , , , , , , , 
#SEGM, 0, , , -44.244300, 144.227699, -0.000000, 696.554367, , , , , , , , , , , , , , , , 
#SEGM, 0, , , -42.431900, 145.549599, 0.000000, 698.797627, , , , , , , , , , , , , , , , 
#SEGM, 0, , , -39.133500, 146.342999, 0.000000, 702.190108, , , , , , , , , , , , , , , , 
#SEGM, 0, , , 0.000000, 146.342000, -0.000001, 741.323607, , , , , , , , , , , , , , , , 
#SEGM, 1, , , 153.658000, 0.000000, -0.000001, 0.000000, , , , , , , , , , , , , , , , 
#SEGM, 1, , , 153.658000, 100.000000, 0.000000, 100.000000, , , , , , , , , , , , , , , , 
#SEGM, 1, , , 153.658000, 102.565800, 0.000000, 102.565800, , , , , , , , , , , , , , , , 
#SEGM, 1, , , 153.372600, 107.219000, 0.000000, 107.227744, , , , , , , , , , , , , , , , 
#SEGM, 1, , , 152.543700, 111.662200, 0.000000, 111.747601, , , , , , , , , , , , , , , , 
#SEGM, 1, , , 150.582900, 119.965400, -0.000000, 120.279181, , , , , , , , , , , , , , , , 
#SEGM, 1, , , 150.128000, 123.630700, 0.000000, 123.972602, , , , , , , , , , , , , , , , 
#SEGM, 1, , , 150.000000, 127.085400, 0.000000, 127.429672, , , , , , , , , , , , , , , , 
#SEGM, 1, , , 150.000000, 142.505100, 0.000000, 142.849372, , , , , , , , , , , , , , , , 
#SEGM, 1, , , 149.136400, 146.816000, 0.000000, 147.245924, , , , , , , , , , , , , , , , 
#SEGM, 1, , , 146.697600, 150.424200, -0.000000, 151.601019, , , , , , , , , , , , , , , , 
#SEGM, 1, , , 143.448000, 152.663400, 0.000000, 155.547399, , , , , , , , , , , , , , , , 
#SEGM, 1, , , 138.825500, 153.658000, 0.000000, 160.275690, , , , , , , , , , , , , , , , 
#SEGM, 1, , , 100.000000, 153.658000, 0.000000, 199.101190, , , , , , , , , , , , , , , , 
#SEGM, 1, , , 0.000000, 153.658000, 0.000000, 299.101190, , , , , , , , , , , , , , , , 
#SEGM, 1, , , -2.565800, 153.657999, 0.000000, 301.666990, , , , , , , , , , , , , , , , 
#SEGM, 1, , , -7.227200, 153.371499, 0.000000, 306.337186, , , , , , , , , , , , , , , , 
#SEGM, 1, , , -13.782900, 152.010199, 0.000000, 313.032732, , , , , , , , , , , , , , , , 
#SEGM, 1, , , -19.913200, 150.591899, 0.000000, 319.324962, , , , , , , , , , , , , , , , 
#SEGM, 1, , , -27.085400, 149.999999, 0.000000, 326.521544, , , , , , , , , , , , , , , , 
#SEGM, 1, , , -42.505100, 149.999999, 0.000000, 341.941244, , , , , , , , , , , , , , , , 
#SEGM, 1, , , -47.201300, 148.965899, 0.000000, 346.749950, , , , , , , , , , , , , , , , 
#SEGM, 1, , , -50.438400, 146.683299, -0.000000, 350.710895, , , , , , , , , , , , , , , , 
#SEGM, 1, , , -52.712500, 143.338199, 0.000000, 354.755796, , , , , , , , , , , , , , , , 
#SEGM, 1, , , -53.658000, 138.825499, 0.000000, 359.366482, , , , , , , , , , , , , , , , 
#SEGM, 1, , , -53.658000, 99.999999, 0.000000, 398.191982, , , , , , , , , , , , , , , , 
#SEGM, 1, , , -53.658000, 0.000000, 0.000000, 498.191982, , , , , , , , , , , , , , , , 
#SEGM, 1, , , -53.658000, -1.389400, 0.000002, 499.581382, , , , , , , , , , , , , , , , 
#SEGM, 1, , , -53.494000, -3.914800, 0.000002, 502.112101, , , , , , , , , , , , , , , , 
#SEGM, 1, , , -53.150900, -7.293300, 0.000002, 505.507978, , , , , , , , , , , , , , , , 
#SEGM, 1, , , -52.284200, -11.976700, 0.000002, 510.270898, , , , , , , , , , , , , , , , 
#SEGM, 1, , , -51.075600, -16.447100, 0.000002, 514.901793, , , , , , , , , , , , , , , , 
#SEGM, 1, , , -49.433800, -20.869400, 0.000001, 519.619022, , , , , , , , , , , , , , , , 
#SEGM, 1, , , -47.398400, -25.146100, 0.000001, 524.355372, , , , , , , , , , , , , , , , 
#SEGM, 1, , , -44.995800, -29.221600, 0.000001, 529.086354, , , , , , , , , , , , , , , , 
#SEGM, 1, , , -42.240200, -33.074100, 0.000001, 533.822923, , , , , , , , , , , , , , , , 
#SEGM, 1, , , -39.150500, -36.676300, 0.000001, 538.568667, , , , , , , , , , , , , , , , 
#SEGM, 1, , , -35.772700, -39.978300, 0.000001, 543.292303, , , , , , , , , , , , , , , , 
#SEGM, 1, , , -32.091700, -42.992300, 0.000001, 548.049819, , , , , , , , , , , , , , , , 
#SEGM, 1, , , -28.179400, -45.656900, 0.000000, 552.783336, , , , , , , , , , , , , , , , 
#SEGM, 1, , , -24.047000, -47.966300, 0.000000, 557.517263, , , , , , , , , , , , , , , , 
#SEGM, 1, , , -19.731900, -49.899000, 0.000000, 562.245414, , , , , , , , , , , , , , , , 
#SEGM, 1, , , -15.282300, -51.435600, 0.000000, 566.952864, , , , , , , , , , , , , , , , 
#SEGM, 1, , , -10.716500, -52.564200, 0.000000, 571.656082, , , , , , , , , , , , , , , , 
#SEGM, 1, , , -6.088400, -53.300800, 0.000000, 576.342434, , , , , , , , , , , , , , , , 
#SEGM, 1, , , -1.443500, -53.657000, 0.000000, 581.000972, , , , , , , , , , , , , , , , 
#SEGM, 1, , , 0.000000, -53.657000, 0.000000, 582.444472, , , , , , , , , , , , , , , , 
#SEGM, 1, , , 100.000001, -53.659000, 0.000000, 682.444472, , , , , , , , , , , , , , , , 
#SEGM, 1, , , 103.582300, -53.658000, 0.000000, 686.026772, , , , , , , , , , , , , , , , 
#SEGM, 1, , , 108.599500, -53.229200, 0.000000, 691.062263, , , , , , , , , , , , , , , , 
#SEGM, 1, , , 114.180700, -51.918400, 0.000000, 696.795324, , , , , , , , , , , , , , , , 
#SEGM, 1, , , 120.700400, -50.481000, 0.000000, 703.471596, , , , , , , , , , , , , , , , 
#SEGM, 1, , , 127.265800, -50.000000, 0.000000, 710.054592, , , , , , , , , , , , , , , , 
#SEGM, 1, , , 142.434800, -50.000000, -0.000000, 725.223592, , , , , , , , , , , , , , , , 
#SEGM, 1, , , 146.201500, -49.355800, -0.000000, 729.044982, , , , , , , , , , , , , , , , 
#SEGM, 1, , , 149.776300, -47.285100, 0.000000, 733.176204, , , , , , , , , , , , , , , , 
#SEGM, 1, , , 152.514200, -43.768000, 0.000000, 737.633343, , , , , , , , , , , , , , , , 
#SEGM, 1, , , 153.658000, -38.866100, 0.000000, 742.666920, , , , , , , , , , , , , , , , 
#SEGM, 1, , , 153.658000, 0.000000, -0.000001, 781.533020, , , , , , , , , , , , , , , , 
#SEGM, 2, , , 146.342000, 300.000000, -0.000001, 0.000000, , , , , , , , , , , , , , , , 
#SEGM, 2, , , 146.342000, 200.000000, 0.000000, 100.000000, , , , , , , , , , , , , , , , 
#SEGM, 2, , , 146.342500, 160.842200, 0.000000, 139.157800, , , , , , , , , , , , , , , , 
#SEGM, 2, , , 145.890700, 158.329900, 0.000000, 141.710402, , , , , , , , , , , , , , , , 
#SEGM, 2, , , 144.244300, 155.772300, 0.000000, 144.752103, , , , , , , , , , , , , , , , 
#SEGM, 2, , , 142.431900, 154.450400, 0.000000, 146.995363, , , , , , , , , , , , , , , , 
#SEGM, 2, , , 139.133500, 153.657000, 0.000000, 150.387844, , , , , , , , , , , , , , , , 
#SEGM, 2, , , 100.000000, 153.657000, 0.000000, 189.521344, , , , , , , , , , , , , , , , 
#SEGM, 2, , , 0.000000, 153.658000, 0.000000, 289.521344, , , , , , , , , , , , , , , , 
#SEGM, 2, , , -39.133500, 153.657999, 0.000000, 328.654843, , , , , , , , , , , , , , , , 
#SEGM, 2, , , -42.315800, 154.410599, 0.000000, 331.924926, , , , , , , , , , , , , , , , 
#SEGM, 2, , , -44.401600, 155.982199, 0.000000, 334.536532, , , , , , , , , , , , , , , , 
#SEGM, 2, , , -45.907200, 158.451299, 0.000000, 337.428467, , , , , , , , , , , , , , , , 
#SEGM, 2, , , -46.343000, 160.930699, 0.000000, 339.945876, , , , , , , , , , , , , , , , 
#SEGM, 2, , , -46.343000, 199.999999, 0.000000, 379.015176, , , , , , , , , , , , , , , , 
#SEGM, 2, , , -46.341000, 300.000000, 0.000000, 479.015176, , , , , , , , , , , , , , , , 
#SEGM, 2, , , -46.343000, 300.871700, 0.000000, 479.886879, , , , , , , , , , , , , , , , 
#SEGM, 2, , , -46.251300, 302.874100, 0.000000, 481.891377, , , , , , , , , , , , , , , , 
#SEGM, 2, , , -46.082700, 304.900600, 0.000000, 483.924879, , , , , , , , , , , , , , , , 
#SEGM, 2, , , -45.823800, 306.929400, 0.000000, 485.970132, , , , , , , , , , , , , , , , 
#SEGM, 2, , , -45.466900, 308.944600, 0.000000, 488.016692, , , , , , , , , , , , , , , , 
#SEGM, 2, , , -45.028400, 310.945900, 0.000000, 490.065468, , , , , , , , , , , , , , , , 
#SEGM, 2, , , -44.506200, 312.938200, 0.000000, 492.125068, , , , , , , , , , , , , , , , 
#SEGM, 2, , , -43.887200, 314.903100, 0.000000, 494.185163, , , , , , , , , , , , , , , , 
#SEGM, 2, , , -43.145700, 316.922000, 0.000000, 496.335926, , , , , , , , , , , , , , , , 
#SEGM, 2, , , -42.388900, 318.738700, 0.000000, 498.303957, , , , , , , , , , , , , , , , 
#SEGM, 2, , , -41.509500, 320.608900, 0.000000, 500.370595, , , , , , , , , , , , , , , , 
#SEGM, 2, , , -40.549100, 322.434800, 0.000000, 502.433670, , , , , , , , , , , , , , , , 
#SEGM, 2, , , -39.501600, 324.226700, 0.000000, 504.509281, , , , , , , , , , , , , , , , 
#SEGM, 2, , , -38.375000, 325.970000, 0.000000, 506.584931, , , , , , , , , , , , , , , , 
#SEGM, 2, , , -37.179500, 327.650800, 0.000000, 508.647528, , , , , , , , , , , , , , , , 
#SEGM, 2, , , -35.904300, 329.284800, 0.000001, 510.720230, , , , , , , , , , , , , , , , 
#SEGM, 2, , , -34.546600, 330.873000, 0.000001, 512.809662, , , , , , , , , , , , , , , , 
#SEGM, 2, , , -33.139500, 332.378000, 0.000001, 514.869991, , , , , , , , , , , , , , , , 
#SEGM, 2, , , -31.661700, 333.824600, 0.000001, 516.937972, , , , , , , , , , , , , , , , 
#SEGM, 2, , , -30.106800, 335.216900, 0.000001, 519.025126, , , , , , , , , , , , , , , , 
#SEGM, 2, , , -28.510000, 336.523500, 0.000001, 521.088370, , , , , , , , , , , , , , , , 
#SEGM, 2, , , -26.845700, 337.766200, 0.000001, 523.165435, , , , , , , , , , , , , , , , 
#SEGM, 2, , , -25.138300, 338.926300, 0.000001, 525.229665, , , , , , , , , , , , , , , , 
#SEGM, 2, , , -23.362800, 340.020000, 0.000001, 527.314990, , , , , , , , , , , , , , , , 
#SEGM, 2, , , -21.570800, 341.016500, 0.000001, 529.365423, , , , , , , , , , , , , , , , 
#SEGM, 2, , , -19.713600, 341.943300, 0.000001, 531.441031, , , , , , , , , , , , , , , , 
#SEGM, 2, , , -17.825900, 342.781800, 0.000001, 533.506581, , , , , , , , , , , , , , , , 
#SEGM, 2, , , -15.904000, 343.534100, 0.000001, 535.570474, , , , , , , , , , , , , , , , 
#SEGM, 2, , , -13.955500, 344.197800, 0.000001, 537.628908, , , , , , , , , , , , , , , , 
#SEGM, 2, , , -11.972500, 344.775400, 0.000002, 539.694316, , , , , , , , , , , , , , , , 
#SEGM, 2, , , -9.996700, 345.256600, 0.000002, 541.727869, , , , , , , , , , , , , , , , 
#SEGM, 2, , , -7.980100, 345.653600, 0.000002, 543.783175, , , , , , , , , , , , , , , , 
#SEGM, 2, , , -5.951600, 345.959900, 0.000002, 545.834671, , , , , , , , , , , , , , , , 
#SEGM, 2, , , -3.940500, 346.173700, 0.000002, 547.857103, , , , , , , , , , , , , , , , 
#SEGM, 2, , , -1.902600, 346.300600, 0.000002, 549.898950, , , , , , , , , , , , , , , , 
#SEGM, 2, , , -0.706800, 346.342000, 0.000000, 551.095467, , , , , , , , , , , , , , , , 
#SEGM, 2, , , 0.000000, 346.342000, 0.000000, 551.802267, , , , , , , , , , , , , , , , 
#SEGM, 2, , , 100.000000, 346.342000, 0.000000, 651.802266, , , , , , , , , , , , , , , , 
#SEGM, 2, , , 139.157800, 346.342500, 0.000000, 690.960067, , , , , , , , , , , , , , , , 
#SEGM, 2, , , 141.670100, 345.890700, 0.000000, 693.512668, , , , , , , , , , , , , , , , 
#SEGM, 2, , , 144.227700, 344.244300, -0.000000, 696.554370, , , , , , , , , , , , , , , , 
#SEGM, 2, , , 145.549600, 342.431900, 0.000000, 698.797630, , , , , , , , , , , , , , , , 
#SEGM, 2, , , 146.343000, 339.133500, 0.000000, 702.190110, , , , , , , , , , , , , , , , 
#SEGM, 2, , , 146.342000, 300.000000, -0.000001, 741.323610, , , , , , , , , , , , , , , , 
#SEGM, 3, , , 0.000000, 146.342000, -0.000001, 0.000000, , , , , , , , , , , , , , , , 
#SEGM, 3, , , 100.000000, 146.342000, 0.000000, 100.000000, , , , , , , , , , , , , , , , 
#SEGM, 3, , , 103.582300, 146.342000, 0.000000, 103.582300, , , , , , , , , , , , , , , , 
#SEGM, 3, , , 108.599500, 146.770800, 0.000000, 108.617791, , , , , , , , , , , , , , , , 
#SEGM, 3, , , 114.180700, 148.081600, 0.000000, 114.350852, , , , , , , , , , , , , , , , 
#SEGM, 3, , , 120.700400, 149.519000, 0.000000, 121.027124, , , , , , , , , , , , , , , , 
#SEGM, 3, , , 127.265800, 150.000000, 0.000000, 127.610120, , , , , , , , , , , , , , , , 
#SEGM, 3, , , 142.434800, 150.000000, 0.000000, 142.779120, , , , , , , , , , , , , , , , 
#SEGM, 3, , , 146.201500, 150.644200, -0.000000, 146.600510, , , , , , , , , , , , , , , , 
#SEGM, 3, , , 149.776300, 152.714900, 0.000000, 150.731732, , , , , , , , , , , , , , , , 
#SEGM, 3, , , 152.514200, 156.232000, 0.000000, 155.188871, , , , , , , , , , , , , , , , 
#SEGM, 3, , , 153.658000, 161.133900, 0.000000, 160.222448, , , , , , , , , , , , , , , , 
#SEGM, 3, , , 153.658000, 200.000000, 0.000000, 199.088548, , , , , , , , , , , , , , , , 
#SEGM, 3, , , 153.658000, 300.000000, 0.000000, 299.088548, , , , , , , , , , , , , , , , 
#SEGM, 3, , , 153.658000, 302.565800, 0.000000, 301.654348, , , , , , , , , , , , , , , , 
#SEGM, 3, , , 153.371500, 307.227200, 0.000000, 306.324544, , , , , , , , , , , , , , , , 
#SEGM, 3, , , 152.010200, 313.782900, 0.000000, 313.020091, , , , , , , , , , , , , , , , 
#SEGM, 3, , , 150.591900, 319.913200, 0.000000, 319.312320, , , , , , , , , , , , , , , , 
#SEGM, 3, , , 150.000000, 327.085400, 0.000000, 326.508903, , , , , , , , , , , , , , , , 
#SEGM, 3, , , 150.000000, 342.505100, 0.000000, 341.928603, , , , , , , , , , , , , , , , 
#SEGM, 3, , , 148.965900, 347.201300, 0.000000, 346.737309, , , , , , , , , , , , , , , , 
#SEGM, 3, , , 146.683300, 350.438400, -0.000000, 350.698253, , , , , , , , , , , , , , , , 
#SEGM, 3, , , 143.338200, 352.712500, 0.000000, 354.743154, , , , , , , , , , , , , , , , 
#SEGM, 3, , , 138.825500, 353.658000, 0.000000, 359.353841, , , , , , , , , , , , , , , , 
#SEGM, 3, , , 100.000000, 353.658000, 0.000000, 398.179341, , , , , , , , , , , , , , , , 
#SEGM, 3, , , -0.000000, 353.658000, 0.000000, 498.179341, , , , , , , , , , , , , , , , 
#SEGM, 3, , , -1.389400, 353.658000, 0.000002, 499.568741, , , , , , , , , , , , , , , , 
#SEGM, 3, , , -3.914800, 353.494000, 0.000002, 502.099460, , , , , , , , , , , , , , , , 
#SEGM, 3, , , -7.293300, 353.150900, 0.000002, 505.495337, , , , , , , , , , , , , , , , 
#SEGM, 3, , , -11.976700, 352.284200, 0.000002, 510.258257, , , , , , , , , , , , , , , , 
#SEGM, 3, , , -16.447100, 351.075600, 0.000002, 514.889152, , , , , , , , , , , , , , , , 
#SEGM, 3, , , -20.869400, 349.433800, 0.000001, 519.606381, , , , , , , , , , , , , , , , 
#SEGM, 3, , , -25.146100, 347.398400, 0.000001, 524.342731, , , , , , , , , , , , , , , , 
#SEGM, 3, , , -29.221600, 344.995800, 0.000001, 529.073713, , , , , , , , , , , , , , , , 
#SEGM, 3, , , -33.074100, 342.240200, 0.000001, 533.810282, , , , , , , , , , , , , , , , 
#SEGM, 3, , , -36.676300, 339.150500, 0.000001, 538.556026, , , , , , , , , , , , , , , , 
#SEGM, 3, , , -39.978300, 335.772700, 0.000001, 543.279662, , , , , , , , , , , , , , , , 
#SEGM, 3, , , -42.992300, 332.091700, 0.000001, 548.037178, , , , , , , , , , , , , , , , 
#SEGM, 3, , , -45.656900, 328.179400, 0.000000, 552.770695, , , , , , , , , , , , , , , , 
#SEGM, 3, , , -47.966300, 324.047000, 0.000000, 557.504622, , , , , , , , , , , , , , , , 
#SEGM, 3, , , -49.899000, 319.731900, 0.000000, 562.232773, , , , , , , , , , , , , , , , 
#SEGM, 3, , , -51.435600, 315.282300, 0.000000, 566.940223, , , , , , , , , , , , , , , , 
#SEGM, 3, , , -52.564200, 310.716500, 0.000000, 571.643441, , , , , , , , , , , , , , , , 
#SEGM, 3, , , -53.300800, 306.088400, 0.000000, 576.329793, , , , , , , , , , , , , , , , 
#SEGM, 3, , , -53.657000, 301.443500, 0.000000, 580.988331, , , , , , , , , , , , , , , , 
#SEGM, 3, , , -53.657000, 300.000000, 0.000000, 582.431831, , , , , , , , , , , , , , , , 
#SEGM, 3, , , -53.657000, 200.000000, 0.000000, 682.431831, , , , , , , , , , , , , , , , 
#SEGM, 3, , , -53.658000, 196.417699, 0.000000, 686.014131, , , , , , , , , , , , , , , , 
#SEGM, 3, , , -53.229200, 191.400499, 0.000000, 691.049622, , , , , , , , , , , , , , , , 
#SEGM, 3, , , -51.918400, 185.819299, 0.000000, 696.782683, , , , , , , , , , , , , , , , 
#SEGM, 3, , , -50.481000, 179.299599, 0.000000, 703.458955, , , , , , , , , , , , , , , , 
#SEGM, 3, , , -50.000000, 172.734199, 0.000000, 710.041951, , , , , , , , , , , , , , , , 
#SEGM, 3, , , -50.000000, 157.565199, -0.000000, 725.210951, , , , , , , , , , , , , , , , 
#SEGM, 3, , , -49.355800, 153.798499, -0.000000, 729.032341, , , , , , , , , , , , , , , , 
#SEGM, 3, , , -47.285100, 150.223699, 0.000000, 733.163563, , , , , , , , , , , , , , , , 
#SEGM, 3, , , -43.768000, 147.485799, 0.000000, 737.620702, , , , , , , , , , , , , , , , 
#SEGM, 3, , , -38.866100, 146.341999, 0.000000, 742.654280, , , , , , , , , , , , , , , , 
#SEGM, 3, , , 0.000000, 146.342000, -0.000001, 781.520379, , , , , , , , , , , , , , , , 
#SEGM, 4, , , 300.000000, 153.658000, -0.000001, 0.000000, , , , , , , , , , , , , , , , 
#SEGM, 4, , , 200.000000, 153.658000, 0.000000, 100.000000, , , , , , , , , , , , , , , , 
#SEGM, 4, , , 160.842200, 153.657500, 0.000000, 139.157800, , , , , , , , , , , , , , , , 
#SEGM, 4, , , 158.329900, 154.109300, 0.000000, 141.710402, , , , , , , , , , , , , , , , 
#SEGM, 4, , , 155.772300, 155.755700, 0.000000, 144.752103, , , , , , , , , , , , , , , , 
#SEGM, 4, , , 154.450400, 157.568100, 0.000000, 146.995363, , , , , , , , , , , , , , , , 
#SEGM, 4, , , 153.657000, 160.866500, 0.000000, 150.387844, , , , , , , , , , , , , , , , 
#SEGM, 4, , , 153.657000, 200.000000, 0.000000, 189.521344, , , , , , , , , , , , , , , , 
#SEGM, 4, , , 153.658000, 300.000000, 0.000000, 289.521344, , , , , , , , , , , , , , , , 
#SEGM, 4, , , 153.658000, 339.133500, 0.000000, 328.654844, , , , , , , , , , , , , , , , 
#SEGM, 4, , , 154.410600, 342.315800, 0.000000, 331.924926, , , , , , , , , , , , , , , , 
#SEGM, 4, , , 155.982200, 344.401600, 0.000000, 334.536533, , , , , , , , , , , , , , , , 
#SEGM, 4, , , 158.451300, 345.907200, 0.000000, 337.428467, , , , , , , , , , , , , , , , 
#SEGM, 4, , , 160.930700, 346.343000, 0.000000, 339.945876, , , , , , , , , , , , , , , , 
#SEGM, 4, , , 200.000000, 346.343000, 0.000000, 379.015176, , , , , , , , , , , , , , , , 
#SEGM, 4, , , 300.000000, 346.341000, 0.000000, 479.015176, , , , , , , , , , , , , , , , 
#SEGM, 4, , , 300.871700, 346.343000, 0.000000, 479.886879, , , , , , , , , , , , , , , , 
#SEGM, 4, , , 302.874100, 346.251300, 0.000000, 481.891377, , , , , , , , , , , , , , , , 
#SEGM, 4, , , 304.900600, 346.082700, 0.000000, 483.924879, , , , , , , , , , , , , , , , 
#SEGM, 4, , , 306.929400, 345.823800, 0.000000, 485.970131, , , , , , , , , , , , , , , , 
#SEGM, 4, , , 308.944600, 345.466900, 0.000000, 488.016692, , , , , , , , , , , , , , , , 
#SEGM, 4, , , 310.945900, 345.028400, 0.000000, 490.065468, , , , , , , , , , , , , , , , 
#SEGM, 4, , , 312.938200, 344.506200, 0.000000, 492.125068, , , , , , , , , , , , , , , , 
#SEGM, 4, , , 314.903100, 343.887200, 0.000000, 494.185163, , , , , , , , , , , , , , , , 
#SEGM, 4, , , 316.922000, 343.145700, 0.000000, 496.335926, , , , , , , , , , , , , , , , 
#SEGM, 4, , , 318.738700, 342.388900, 0.000000, 498.303956, , , , , , , , , , , , , , , , 
#SEGM, 4, , , 320.608900, 341.509500, 0.000000, 500.370594, , , , , , , , , , , , , , , , 
#SEGM, 4, , , 322.434800, 340.549100, 0.000000, 502.433669, , , , , , , , , , , , , , , , 
#SEGM, 4, , , 324.226700, 339.501600, 0.000000, 504.509281, , , , , , , , , , , , , , , , 
#SEGM, 4, , , 325.970000, 338.375000, 0.000000, 506.584931, , , , , , , , , , , , , , , , 
#SEGM, 4, , , 327.650800, 337.179500, 0.000000, 508.647528, , , , , , , , , , , , , , , , 
#SEGM, 4, , , 329.284800, 335.904300, 0.000001, 510.720230, , , , , , , , , , , , , , , , 
#SEGM, 4, , , 330.873000, 334.546600, 0.000001, 512.809662, , , , , , , , , , , , , , , , 
#SEGM, 4, , , 332.378000, 333.139500, 0.000001, 514.869991, , , , , , , , , , , , , , , , 
#SEGM, 4, , , 333.824600, 331.661700, 0.000001, 516.937972, , , , , , , , , , , , , , , , 
#SEGM, 4, , , 335.216900, 330.106800, 0.000001, 519.025126, , , , , , , , , , , , , , , , 
#SEGM, 4, , , 336.523500, 328.510000, 0.000001, 521.088370, , , , , , , , , , , , , , , , 
#SEGM, 4, , , 337.766200, 326.845700, 0.000001, 523.165434, , , , , , , , , , , , , , , , 
#SEGM, 4, , , 338.926300, 325.138300, 0.000001, 525.229665, , , , , , , , , , , , , , , , 
#SEGM, 4, , , 340.020000, 323.362800, 0.000001, 527.314990, , , , , , , , , , , , , , , , 
#SEGM, 4, , , 341.016500, 321.570800, 0.000001, 529.365423, , , , , , , , , , , , , , , , 
#SEGM, 4, , , 341.943300, 319.713600, 0.000001, 531.441031, , , , , , , , , , , , , , , , 
#SEGM, 4, , , 342.781800, 317.825900, 0.000001, 533.506580, , , , , , , , , , , , , , , , 
#SEGM, 4, , , 343.534100, 315.904000, 0.000001, 535.570474, , , , , , , , , , , , , , , , 
#SEGM, 4, , , 344.197800, 313.955500, 0.000001, 537.628907, , , , , , , , , , , , , , , , 
#SEGM, 4, , , 344.775400, 311.972500, 0.000002, 539.694316, , , , , , , , , , , , , , , , 
#SEGM, 4, , , 345.256600, 309.996700, 0.000002, 541.727869, , , , , , , , , , , , , , , , 
#SEGM, 4, , , 345.653600, 307.980100, 0.000002, 543.783175, , , , , , , , , , , , , , , , 
#SEGM, 4, , , 345.959900, 305.951600, 0.000002, 545.834670, , , , , , , , , , , , , , , , 
#SEGM, 4, , , 346.173700, 303.940500, 0.000002, 547.857103, , , , , , , , , , , , , , , , 
#SEGM, 4, , , 346.300600, 301.902600, 0.000002, 549.898950, , , , , , , , , , , , , , , , 
#SEGM, 4, , , 346.342000, 300.706800, 0.000000, 551.095467, , , , , , , , , , , , , , , , 
#SEGM, 4, , , 346.342000, 300.000000, 0.000000, 551.802267, , , , , , , , , , , , , , , , 
#SEGM, 4, , , 346.342000, 200.000000, 0.000000, 651.802267, , , , , , , , , , , , , , , , 
#SEGM, 4, , , 346.342500, 160.842199, 0.000000, 690.960068, , , , , , , , , , , , , , , , 
#SEGM, 4, , , 345.890700, 158.329899, 0.000000, 693.512669, , , , , , , , , , , , , , , , 
#SEGM, 4, , , 344.244300, 155.772299, -0.000000, 696.554371, , , , , , , , , , , , , , , , 
#SEGM, 4, , , 342.431900, 154.450399, 0.000000, 698.797631, , , , , , , , , , , , , , , , 
#SEGM, 4, , , 339.133500, 153.656999, 0.000000, 702.190111, , , , , , , , , , , , , , , , 
#SEGM, 4, , , 300.000000, 153.658000, -0.000001, 741.323611, , , , , , , , , , , , , , , , 
#SEGM, 5, , , 146.342000, 300.000000, -0.000001, 0.000000, , , , , , , , , , , , , , , , 
#SEGM, 5, , , 146.342000, 200.000000, 0.000000, 100.000000, , , , , , , , , , , , , , , , 
#SEGM, 5, , , 146.342000, 196.417700, 0.000000, 103.582300, , , , , , , , , , , , , , , , 
#SEGM, 5, , , 146.770800, 191.400500, 0.000000, 108.617791, , , , , , , , , , , , , , , , 
#SEGM, 5, , , 148.081600, 185.819300, 0.000000, 114.350852, , , , , , , , , , , , , , , , 
#SEGM, 5, , , 149.519000, 179.299600, 0.000000, 121.027124, , , , , , , , , , , , , , , , 
#SEGM, 5, , , 150.000000, 172.734200, 0.000000, 127.610120, , , , , , , , , , , , , , , , 
#SEGM, 5, , , 150.000000, 157.565200, 0.000000, 142.779120, , , , , , , , , , , , , , , , 
#SEGM, 5, , , 150.644200, 153.798500, 0.000000, 146.600510, , , , , , , , , , , , , , , , 
#SEGM, 5, , , 152.714900, 150.223700, -0.000000, 150.731732, , , , , , , , , , , , , , , , 
#SEGM, 5, , , 156.232000, 147.485800, 0.000000, 155.188871, , , , , , , , , , , , , , , , 
#SEGM, 5, , , 161.133900, 146.342000, 0.000000, 160.222448, , , , , , , , , , , , , , , , 
#SEGM, 5, , , 200.000000, 146.342000, 0.000000, 199.088548, , , , , , , , , , , , , , , , 
#SEGM, 5, , , 300.000000, 146.342000, 0.000000, 299.088548, , , , , , , , , , , , , , , , 
#SEGM, 5, , , 302.565800, 146.341999, 0.000000, 301.654348, , , , , , , , , , , , , , , , 
#SEGM, 5, , , 307.957700, 146.728699, 0.000000, 307.060097, , , , , , , , , , , , , , , , 
#SEGM, 5, , , 312.321300, 147.616599, 0.000000, 311.513115, , , , , , , , , , , , , , , , 
#SEGM, 5, , , 320.100300, 149.439999, 0.000000, 319.502961, , , , , , , , , , , , , , , , 
#SEGM, 5, , , 327.085400, 149.999999, 0.000000, 326.510472, , , , , , , , , , , , , , , , 
#SEGM, 5, , , 342.505100, 149.999999, 0.000000, 341.930172, , , , , , , , , , , , , , , , 
#SEGM, 5, , , 346.748500, 150.835599, 0.000000, 346.255062, , , , , , , , , , , , , , , , 
#SEGM, 5, , , 350.472500, 153.351499, -0.000000, 350.749273, , , , , , , , , , , , , , , , 
#SEGM, 5, , , 352.641800, 156.504399, 0.000000, 354.576366, , , , , , , , , , , , , , , , 
#SEGM, 5, , , 353.658000, 161.174499, 0.000000, 359.355748, , , , , , , , , , , , , , , , 
#SEGM, 5, , , 353.658000, 199.999999, 0.000000, 398.181248, , , , , , , , , , , , , , , , 
#SEGM, 5, , , 353.658000, 300.000000, 0.000000, 498.181249, , , , , , , , , , , , , , , , 
#SEGM, 5, , , 353.658000, 301.389400, 0.000002, 499.570649, , , , , , , , , , , , , , , , 
#SEGM, 5, , , 353.494000, 303.914800, 0.000002, 502.101369, , , , , , , , , , , , , , , , 
#SEGM, 5, , , 353.150900, 307.293300, 0.000002, 505.497245, , , , , , , , , , , , , , , , 
#SEGM, 5, , , 352.284200, 311.976700, 0.000002, 510.260165, , , , , , , , , , , , , , , , 
#SEGM, 5, , , 351.075600, 316.447100, 0.000002, 514.891060, , , , , , , , , , , , , , , , 
#SEGM, 5, , , 349.433800, 320.869400, 0.000001, 519.608289, , , , , , , , , , , , , , , , 
#SEGM, 5, , , 347.398400, 325.146100, 0.000001, 524.344639, , , , , , , , , , , , , , , , 
#SEGM, 5, , , 344.995800, 329.221600, 0.000001, 529.075621, , , , , , , , , , , , , , , , 
#SEGM, 5, , , 342.240200, 333.074100, 0.000001, 533.812190, , , , , , , , , , , , , , , , 
#SEGM, 5, , , 339.150500, 336.676300, 0.000001, 538.557935, , , , , , , , , , , , , , , , 
#SEGM, 5, , , 335.772700, 339.978300, 0.000001, 543.281571, , , , , , , , , , , , , , , , 
#SEGM, 5, , , 332.091700, 342.992300, 0.000001, 548.039086, , , , , , , , , , , , , , , , 
#SEGM, 5, , , 328.179400, 345.656900, 0.000000, 552.772604, , , , , , , , , , , , , , , , 
#SEGM, 5, , , 324.047000, 347.966300, 0.000000, 557.506530, , , , , , , , , , , , , , , , 
#SEGM, 5, , , 319.731900, 349.899000, 0.000000, 562.234681, , , , , , , , , , , , , , , , 
#SEGM, 5, , , 315.282300, 351.435600, 0.000000, 566.942131, , , , , , , , , , , , , , , , 
#SEGM, 5, , , 310.716500, 352.564200, 0.000000, 571.645350, , , , , , , , , , , , , , , , 
#SEGM, 5, , , 306.088400, 353.300800, 0.000000, 576.331701, , , , , , , , , , , , , , , , 
#SEGM, 5, , , 301.443500, 353.657000, 0.000000, 580.990239, , , , , , , , , , , , , , , , 
#SEGM, 5, , , 300.000000, 353.657000, 0.000000, 582.433739, , , , , , , , , , , , , , , , 
#SEGM, 5, , , 200.000000, 353.657000, 0.000000, 682.433739, , , , , , , , , , , , , , , , 
#SEGM, 5, , , 196.417700, 353.658000, 0.000000, 686.016039, , , , , , , , , , , , , , , , 
#SEGM, 5, , , 191.400500, 353.229200, 0.000000, 691.051530, , , , , , , , , , , , , , , , 
#SEGM, 5, , , 185.819300, 351.918400, 0.000000, 696.784591, , , , , , , , , , , , , , , , 
#SEGM, 5, , , 179.299600, 350.481000, 0.000000, 703.460863, , , , , , , , , , , , , , , , 
#SEGM, 5, , , 172.734200, 350.000000, 0.000000, 710.043859, , , , , , , , , , , , , , , , 
#SEGM, 5, , , 157.565200, 350.000000, -0.000000, 725.212859, , , , , , , , , , , , , , , , 
#SEGM, 5, , , 153.798500, 349.355800, -0.000000, 729.034249, , , , , , , , , , , , , , , , 
#SEGM, 5, , , 150.223700, 347.285100, 0.000000, 733.165471, , , , , , , , , , , , , , , , 
#SEGM, 5, , , 147.485800, 343.768000, 0.000000, 737.622610, , , , , , , , , , , , , , , , 
#SEGM, 5, , , 146.342000, 338.866100, 0.000000, 742.656187, , , , , , , , , , , , , , , , 
#SEGM, 5, , , 146.342000, 300.000000, -0.000001, 781.522287, , , , , , , , , , , , , , , , 
#SEGM, 6, , , 153.658000, 0.000000, -0.000001, 0.000000, , , , , , , , , , , , , , , , 
#SEGM, 6, , , 153.658000, 100.000000, 0.000000, 100.000000, , , , , , , , , , , , , , , , 
#SEGM, 6, , , 153.658000, 139.133500, 0.000000, 139.133500, , , , , , , , , , , , , , , , 
#SEGM, 6, , , 154.410600, 142.315800, 0.000000, 142.403583, , , , , , , , , , , , , , , , 
#SEGM, 6, , , 155.982200, 144.401600, 0.000000, 145.015189, , , , , , , , , , , , , , , , 
#SEGM, 6, , , 158.451300, 145.907200, 0.000000, 147.907124, , , , , , , , , , , , , , , , 
#SEGM, 6, , , 160.930700, 146.343000, 0.000000, 150.424532, , , , , , , , , , , , , , , , 
#SEGM, 6, , , 200.000000, 146.343000, 0.000000, 189.493832, , , , , , , , , , , , , , , , 
#SEGM, 6, , , 300.000000, 146.342000, 0.000000, 289.493832, , , , , , , , , , , , , , , , 
#SEGM, 6, , , 339.133500, 146.341999, 0.000000, 328.627332, , , , , , , , , , , , , , , , 
#SEGM, 6, , , 342.315800, 145.589399, 0.000000, 331.897415, , , , , , , , , , , , , , , , 
#SEGM, 6, , , 344.401600, 144.017799, 0.000000, 334.509021, , , , , , , , , , , , , , , , 
#SEGM, 6, , , 345.907200, 141.548699, 0.000000, 337.400956, , , , , , , , , , , , , , , , 
#SEGM, 6, , , 346.343000, 139.069299, 0.000000, 339.918364, , , , , , , , , , , , , , , , 
#SEGM, 6, , , 346.343000, 99.999999, 0.000000, 378.987664, , , , , , , , , , , , , , , , 
#SEGM, 6, , , 346.343000, 0.000000, 0.000000, 478.987663, , , , , , , , , , , , , , , , 
#SEGM, 6, , , 346.343000, -0.871700, 0.000000, 479.859363, , , , , , , , , , , , , , , , 
#SEGM, 6, , , 346.251300, -2.874100, 0.000000, 481.863862, , , , , , , , , , , , , , , , 
#SEGM, 6, , , 346.082700, -4.900600, 0.000000, 483.897363, , , , , , , , , , , , , , , , 
#SEGM, 6, , , 345.823800, -6.929400, 0.000000, 485.942616, , , , , , , , , , , , , , , , 
#SEGM, 6, , , 345.466900, -8.944600, 0.000000, 487.989176, , , , , , , , , , , , , , , , 
#SEGM, 6, , , 345.028400, -10.945900, 0.000000, 490.037952, , , , , , , , , , , , , , , , 
#SEGM, 6, , , 344.506200, -12.938200, 0.000000, 492.097552, , , , , , , , , , , , , , , , 
#SEGM, 6, , , 343.887200, -14.903100, 0.000000, 494.157648, , , , , , , , , , , , , , , , 
#SEGM, 6, , , 343.145700, -16.922000, 0.000000, 496.308410, , , , , , , , , , , , , , , , 
#SEGM, 6, , , 342.388900, -18.738700, 0.000000, 498.276441, , , , , , , , , , , , , , , , 
#SEGM, 6, , , 341.509500, -20.608900, 0.000000, 500.343079, , , , , , , , , , , , , , , , 
#SEGM, 6, , , 340.549100, -22.434800, 0.000000, 502.406154, , , , , , , , , , , , , , , , 
#SEGM, 6, , , 339.501600, -24.226700, 0.000000, 504.481765, , , , , , , , , , , , , , , , 
#SEGM, 6, , , 338.375000, -25.970000, 0.000000, 506.557415, , , , , , , , , , , , , , , , 
#SEGM, 6, , , 337.179500, -27.650800, 0.000000, 508.620013, , , , , , , , , , , , , , , , 
#SEGM, 6, , , 335.904300, -29.284800, 0.000001, 510.692714, , , , , , , , , , , , , , , , 
#SEGM, 6, , , 334.546600, -30.873000, 0.000001, 512.782147, , , , , , , , , , , , , , , , 
#SEGM, 6, , , 333.139500, -32.378000, 0.000001, 514.842476, , , , , , , , , , , , , , , , 
#SEGM, 6, , , 331.661700, -33.824600, 0.000001, 516.910457, , , , , , , , , , , , , , , , 
#SEGM, 6, , , 330.106800, -35.216900, 0.000001, 518.997611, , , , , , , , , , , , , , , , 
#SEGM, 6, , , 328.510000, -36.523500, 0.000001, 521.060854, , , , , , , , , , , , , , , , 
#SEGM, 6, , , 326.845700, -37.766200, 0.000001, 523.137919, , , , , , , , , , , , , , , , 
#SEGM, 6, , , 325.138300, -38.926300, 0.000001, 525.202149, , , , , , , , , , , , , , , , 
#SEGM, 6, , , 323.362800, -40.020000, 0.000001, 527.287474, , , , , , , , , , , , , , , , 
#SEGM, 6, , , 321.570800, -41.016500, 0.000001, 529.337908, , , , , , , , , , , , , , , , 
#SEGM, 6, , , 319.713600, -41.943300, 0.000001, 531.413516, , , , , , , , , , , , , , , , 
#SEGM, 6, , , 317.825900, -42.781800, 0.000001, 533.479065, , , , , , , , , , , , , , , , 
#SEGM, 6, , , 315.904000, -43.534100, 0.000001, 535.542958, , , , , , , , , , , , , , , , 
#SEGM, 6, , , 313.955500, -44.197800, 0.000001, 537.601392, , , , , , , , , , , , , , , , 
#SEGM, 6, , , 311.972500, -44.775400, 0.000002, 539.666800, , , , , , , , , , , , , , , , 
#SEGM, 6, , , 309.996700, -45.256600, 0.000002, 541.700354, , , , , , , , , , , , , , , , 
#SEGM, 6, , , 307.980100, -45.653600, 0.000002, 543.755660, , , , , , , , , , , , , , , , 
#SEGM, 6, , , 305.951600, -45.959900, 0.000002, 545.807155, , , , , , , , , , , , , , , , 
#SEGM, 6, , , 303.940500, -46.173700, 0.000002, 547.829588, , , , , , , , , , , , , , , , 
#SEGM, 6, , , 301.902600, -46.300600, 0.000002, 549.871435, , , , , , , , , , , , , , , , 
#SEGM, 6, , , 300.706800, -46.342000, 0.000000, 551.067951, , , , , , , , , , , , , , , , 
#SEGM, 6, , , 300.000000, -46.342000, 0.000000, 551.774751, , , , , , , , , , , , , , , , 
#SEGM, 6, , , 200.000000, -46.342000, 0.000000, 651.774751, , , , , , , , , , , , , , , , 
#SEGM, 6, , , 160.842200, -46.342500, 0.000000, 690.932551, , , , , , , , , , , , , , , , 
#SEGM, 6, , , 158.329900, -45.890700, 0.000000, 693.485153, , , , , , , , , , , , , , , , 
#SEGM, 6, , , 155.772300, -44.244300, -0.000000, 696.526855, , , , , , , , , , , , , , , , 
#SEGM, 6, , , 154.450400, -42.431900, 0.000000, 698.770114, , , , , , , , , , , , , , , , 
#SEGM, 6, , , 153.657000, -39.133500, 0.000000, 702.162595, , , , , , , , , , , , , , , , 
#SEGM, 6, , , 153.658000, 0.000000, -0.000001, 741.296095, , , , , , , , , , , , , , , , 
#SEGM, 7, , , 300.000000, 153.658000, -0.000001, 0.000000, , , , , , , , , , , , , , , , 
#SEGM, 7, , , 200.000000, 153.658000, 0.000000, 100.000000, , , , , , , , , , , , , , , , 
#SEGM, 7, , , 196.417700, 153.658000, 0.000000, 103.582300, , , , , , , , , , , , , , , , 
#SEGM, 7, , , 191.400500, 153.229200, 0.000000, 108.617791, , , , , , , , , , , , , , , , 
#SEGM, 7, , , 185.819300, 151.918400, 0.000000, 114.350852, , , , , , , , , , , , , , , , 
#SEGM, 7, , , 179.299600, 150.481000, 0.000000, 121.027124, , , , , , , , , , , , , , , , 
#SEGM, 7, , , 172.734200, 150.000000, 0.000000, 127.610120, , , , , , , , , , , , , , , , 
#SEGM, 7, , , 157.565200, 150.000000, -0.000000, 142.779120, , , , , , , , , , , , , , , , 
#SEGM, 7, , , 153.798500, 149.355800, -0.000000, 146.600510, , , , , , , , , , , , , , , , 
#SEGM, 7, , , 150.223700, 147.285100, 0.000000, 150.731732, , , , , , , , , , , , , , , , 
#SEGM, 7, , , 147.485800, 143.768000, 0.000000, 155.188871, , , , , , , , , , , , , , , , 
#SEGM, 7, , , 146.342000, 138.866100, 0.000000, 160.222448, , , , , , , , , , , , , , , , 
#SEGM, 7, , , 146.342000, 100.000000, 0.000000, 199.088548, , , , , , , , , , , , , , , , 
#SEGM, 7, , , 146.342000, 0.000000, 0.000000, 299.088548, , , , , , , , , , , , , , , , 
#SEGM, 7, , , 146.342000, -2.565800, 0.000000, 301.654348, , , , , , , , , , , , , , , , 
#SEGM, 7, , , 146.728700, -7.957700, 0.000000, 307.060097, , , , , , , , , , , , , , , , 
#SEGM, 7, , , 147.616600, -12.321300, 0.000000, 311.513116, , , , , , , , , , , , , , , , 
#SEGM, 7, , , 149.440000, -20.100300, 0.000000, 319.502961, , , , , , , , , , , , , , , , 
#SEGM, 7, , , 150.000000, -27.085400, 0.000000, 326.510473, , , , , , , , , , , , , , , , 
#SEGM, 7, , , 150.000000, -42.505100, 0.000000, 341.930173, , , , , , , , , , , , , , , , 
#SEGM, 7, , , 150.835600, -46.748500, 0.000000, 346.255063, , , , , , , , , , , , , , , , 
#SEGM, 7, , , 153.351500, -50.472500, -0.000000, 350.749273, , , , , , , , , , , , , , , , 
#SEGM, 7, , , 156.504400, -52.641800, 0.000000, 354.576366, , , , , , , , , , , , , , , , 
#SEGM, 7, , , 161.174500, -53.658000, 0.000000, 359.355749, , , , , , , , , , , , , , , , 
#SEGM, 7, , , 200.000000, -53.658000, 0.000000, 398.181249, , , , , , , , , , , , , , , , 
#SEGM, 7, , , 300.000000, -53.658000, 0.000000, 498.181248, , , , , , , , , , , , , , , , 
#SEGM, 7, , , 301.389400, -53.658000, 0.000002, 499.570648, , , , , , , , , , , , , , , , 
#SEGM, 7, , , 303.914800, -53.494000, 0.000002, 502.101368, , , , , , , , , , , , , , , , 
#SEGM, 7, , , 307.293300, -53.150900, 0.000002, 505.497245, , , , , , , , , , , , , , , , 
#SEGM, 7, , , 311.976700, -52.284200, 0.000002, 510.260165, , , , , , , , , , , , , , , , 
#SEGM, 7, , , 316.447100, -51.075600, 0.000002, 514.891060, , , , , , , , , , , , , , , , 
#SEGM, 7, , , 320.869400, -49.433800, 0.000001, 519.608288, , , , , , , , , , , , , , , , 
#SEGM, 7, , , 325.146100, -47.398400, 0.000001, 524.344639, , , , , , , , , , , , , , , , 
#SEGM, 7, , , 329.221600, -44.995800, 0.000001, 529.075620, , , , , , , , , , , , , , , , 
#SEGM, 7, , , 333.074100, -42.240200, 0.000001, 533.812190, , , , , , , , , , , , , , , , 
#SEGM, 7, , , 336.676300, -39.150500, 0.000001, 538.557934, , , , , , , , , , , , , , , , 
#SEGM, 7, , , 339.978300, -35.772700, 0.000001, 543.281570, , , , , , , , , , , , , , , , 
#SEGM, 7, , , 342.992300, -32.091700, 0.000001, 548.039086, , , , , , , , , , , , , , , , 
#SEGM, 7, , , 345.656900, -28.179400, 0.000000, 552.772603, , , , , , , , , , , , , , , , 
#SEGM, 7, , , 347.966300, -24.047000, 0.000000, 557.506529, , , , , , , , , , , , , , , , 
#SEGM, 7, , , 349.899000, -19.731900, 0.000000, 562.234681, , , , , , , , , , , , , , , , 
#SEGM, 7, , , 351.435600, -15.282300, 0.000000, 566.942130, , , , , , , , , , , , , , , , 
#SEGM, 7, , , 352.564200, -10.716500, 0.000000, 571.645349, , , , , , , , , , , , , , , , 
#SEGM, 7, , , 353.300800, -6.088400, 0.000000, 576.331700, , , , , , , , , , , , , , , , 
#SEGM, 7, , , 353.657000, -1.443500, 0.000000, 580.990238, , , , , , , , , , , , , , , , 
#SEGM, 7, , , 353.657000, 0.000000, 0.000000, 582.433738, , , , , , , , , , , , , , , , 
#SEGM, 7, , , 353.659000, 100.000000, 0.000000, 682.433738, , , , , , , , , , , , , , , , 
#SEGM, 7, , , 353.658000, 103.582299, 0.000000, 686.016037, , , , , , , , , , , , , , , , 
#SEGM, 7, , , 353.229200, 108.599499, 0.000000, 691.051528, , , , , , , , , , , , , , , , 
#SEGM, 7, , , 351.918400, 114.180699, 0.000000, 696.784589, , , , , , , , , , , , , , , , 
#SEGM, 7, , , 350.481000, 120.700399, 0.000000, 703.460861, , , , , , , , , , , , , , , , 
#SEGM, 7, , , 350.000000, 127.265799, 0.000000, 710.043857, , , , , , , , , , , , , , , , 
#SEGM, 7, , , 350.000000, 142.434799, -0.000000, 725.212857, , , , , , , , , , , , , , , , 
#SEGM, 7, , , 349.355800, 146.201499, -0.000000, 729.034247, , , , , , , , , , , , , , , , 
#SEGM, 7, , , 347.285100, 149.776299, 0.000000, 733.165469, , , , , , , , , , , , , , , , 
#SEGM, 7, , , 343.768000, 152.514199, 0.000000, 737.622608, , , , , , , , , , , , , , , , 
#SEGM, 7, , , 338.866100, 153.657999, 0.000000, 742.656186, , , , , , , , , , , , , , , , 
#SEGM, 7, , , 300.000000, 153.658000, -0.000001, 781.522285, , , , , , , , , , , , , , , , 
#SEGM, 8, , , 153.658000, 0.000000, -0.000001, 0.000000, , , , , , , , , , , , , , , , 
#SEGM, 8, , , 153.658000, 100.000000, 0.000000, 100.000000, , , , , , , , , , , , , , , , 
#SEGM, 8, , , 153.658000, 200.000000, 0.000000, 200.000000, , , , , , , , , , , , , , , , 
#SEGM, 8, , , 153.658000, 300.000000, 0.000000, 300.000000, , , , , , , , , , , , , , , , 
#SEGM, 8, , , 153.658000, 339.133500, 0.000000, 339.133500, , , , , , , , , , , , , , , , 
#SEGM, 8, , , 154.410600, 342.315800, 0.000000, 342.403583, , , , , , , , , , , , , , , , 
#SEGM, 8, , , 155.982200, 344.401600, 0.000000, 345.015189, , , , , , , , , , , , , , , , 
#SEGM, 8, , , 158.451300, 345.907200, 0.000000, 347.907124, , , , , , , , , , , , , , , , 
#SEGM, 8, , , 160.930700, 346.343000, 0.000000, 350.424532, , , , , , , , , , , , , , , , 
#SEGM, 8, , , 200.000000, 346.343000, 0.000000, 389.493832, , , , , , , , , , , , , , , , 
#SEGM, 8, , , 300.000000, 346.341000, 0.000000, 489.493832, , , , , , , , , , , , , , , , 
#SEGM, 8, , , 300.871700, 346.343000, 0.000000, 490.365535, , , , , , , , , , , , , , , , 
#SEGM, 8, , , 302.874100, 346.251300, 0.000000, 492.370033, , , , , , , , , , , , , , , , 
#SEGM, 8, , , 304.900600, 346.082700, 0.000000, 494.403535, , , , , , , , , , , , , , , , 
#SEGM, 8, , , 306.929400, 345.823800, 0.000000, 496.448787, , , , , , , , , , , , , , , , 
#SEGM, 8, , , 308.944600, 345.466900, 0.000000, 498.495348, , , , , , , , , , , , , , , , 
#SEGM, 8, , , 310.945900, 345.028400, 0.000000, 500.544124, , , , , , , , , , , , , , , , 
#SEGM, 8, , , 312.938200, 344.506200, 0.000000, 502.603724, , , , , , , , , , , , , , , , 
#SEGM, 8, , , 314.903100, 343.887200, 0.000000, 504.663819, , , , , , , , , , , , , , , , 
#SEGM, 8, , , 316.922000, 343.145700, 0.000000, 506.814582, , , , , , , , , , , , , , , , 
#SEGM, 8, , , 318.738700, 342.388900, 0.000000, 508.782613, , , , , , , , , , , , , , , , 
#SEGM, 8, , , 320.608900, 341.509500, 0.000000, 510.849251, , , , , , , , , , , , , , , , 
#SEGM, 8, , , 322.434800, 340.549100, 0.000000, 512.912326, , , , , , , , , , , , , , , , 
#SEGM, 8, , , 324.226700, 339.501600, 0.000000, 514.987937, , , , , , , , , , , , , , , , 
#SEGM, 8, , , 325.970000, 338.375000, 0.000000, 517.063587, , , , , , , , , , , , , , , , 
#SEGM, 8, , , 327.650800, 337.179500, 0.000000, 519.126184, , , , , , , , , , , , , , , , 
#SEGM, 8, , , 329.284800, 335.904300, 0.000001, 521.198886, , , , , , , , , , , , , , , , 
#SEGM, 8, , , 330.873000, 334.546600, 0.000001, 523.288318, , , , , , , , , , , , , , , , 
#SEGM, 8, , , 332.378000, 333.139500, 0.000001, 525.348647, , , , , , , , , , , , , , , , 
#SEGM, 8, , , 333.824600, 331.661700, 0.000001, 527.416628, , , , , , , , , , , , , , , , 
#SEGM, 8, , , 335.216900, 330.106800, 0.000001, 529.503782, , , , , , , , , , , , , , , , 
#SEGM, 8, , , 336.523500, 328.510000, 0.000001, 531.567026, , , , , , , , , , , , , , , , 
#SEGM, 8, , , 337.766200, 326.845700, 0.000001, 533.644091, , , , , , , , , , , , , , , , 
#SEGM, 8, , , 338.926300, 325.138300, 0.000001, 535.708321, , , , , , , , , , , , , , , , 
#SEGM, 8, , , 340.020000, 323.362800, 0.000001, 537.793646, , , , , , , , , , , , , , , , 
#SEGM, 8, , , 341.016500, 321.570800, 0.000001, 539.844079, , , , , , , , , , , , , , , , 
#SEGM, 8, , , 341.943300, 319.713600, 0.000001, 541.919687, , , , , , , , , , , , , , , , 
#SEGM, 8, , , 342.781800, 317.825900, 0.000001, 543.985237, , , , , , , , , , , , , , , , 
#SEGM, 8, , , 343.534100, 315.904000, 0.000001, 546.049130, , , , , , , , , , , , , , , , 
#SEGM, 8, , , 344.197800, 313.955500, 0.000001, 548.107564, , , , , , , , , , , , , , , , 
#SEGM, 8, , , 344.775400, 311.972500, 0.000002, 550.172972, , , , , , , , , , , , , , , , 
#SEGM, 8, , , 345.256600, 309.996700, 0.000002, 552.206525, , , , , , , , , , , , , , , , 
#SEGM, 8, , , 345.653600, 307.980100, 0.000002, 554.261831, , , , , , , , , , , , , , , , 
#SEGM, 8, , , 345.959900, 305.951600, 0.000002, 556.313327, , , , , , , , , , , , , , , , 
#SEGM, 8, , , 346.173700, 303.940500, 0.000002, 558.335759, , , , , , , , , , , , , , , , 
#SEGM, 8, , , 346.300600, 301.902600, 0.000002, 560.377606, , , , , , , , , , , , , , , , 
#SEGM, 8, , , 346.342000, 300.706800, 0.000000, 561.574123, , , , , , , , , , , , , , , , 
#SEGM, 8, , , 346.342000, 300.000000, 0.000000, 562.280923, , , , , , , , , , , , , , , , 
#SEGM, 8, , , 346.342000, 200.000000, 0.000000, 662.280923, , , , , , , , , , , , , , , , 
#SEGM, 8, , , 346.342000, 99.999999, 0.000000, 762.280924, , , , , , , , , , , , , , , , 
#SEGM, 8, , , 346.343000, 0.000000, 0.000000, 862.280923, , , , , , , , , , , , , , , , 
#SEGM, 8, , , 346.343000, -0.871700, 0.000000, 863.152623, , , , , , , , , , , , , , , , 
#SEGM, 8, , , 346.251300, -2.874100, 0.000000, 865.157121, , , , , , , , , , , , , , , , 
#SEGM, 8, , , 346.082700, -4.900600, 0.000000, 867.190623, , , , , , , , , , , , , , , , 
#SEGM, 8, , , 345.823800, -6.929400, 0.000000, 869.235876, , , , , , , , , , , , , , , , 
#SEGM, 8, , , 345.466900, -8.944600, 0.000000, 871.282436, , , , , , , , , , , , , , , , 
#SEGM, 8, , , 345.028400, -10.945900, 0.000000, 873.331212, , , , , , , , , , , , , , , , 
#SEGM, 8, , , 344.506200, -12.938200, 0.000000, 875.390812, , , , , , , , , , , , , , , , 
#SEGM, 8, , , 343.887200, -14.903100, 0.000000, 877.450907, , , , , , , , , , , , , , , , 
#SEGM, 8, , , 343.145700, -16.922000, 0.000000, 879.601670, , , , , , , , , , , , , , , , 
#SEGM, 8, , , 342.388900, -18.738700, 0.000000, 881.569701, , , , , , , , , , , , , , , , 
#SEGM, 8, , , 341.509500, -20.608900, 0.000000, 883.636339, , , , , , , , , , , , , , , , 
#SEGM, 8, , , 340.549100, -22.434800, 0.000000, 885.699414, , , , , , , , , , , , , , , , 
#SEGM, 8, , , 339.501600, -24.226700, 0.000000, 887.775025, , , , , , , , , , , , , , , , 
#SEGM, 8, , , 338.375000, -25.970000, 0.000000, 889.850675, , , , , , , , , , , , , , , , 
#SEGM, 8, , , 337.179500, -27.650800, 0.000000, 891.913272, , , , , , , , , , , , , , , , 
#SEGM, 8, , , 335.904300, -29.284800, 0.000001, 893.985974, , , , , , , , , , , , , , , , 
#SEGM, 8, , , 334.546600, -30.873000, 0.000001, 896.075406, , , , , , , , , , , , , , , , 
#SEGM, 8, , , 333.139500, -32.378000, 0.000001, 898.135735, , , , , , , , , , , , , , , , 
#SEGM, 8, , , 331.661700, -33.824600, 0.000001, 900.203716, , , , , , , , , , , , , , , , 
#SEGM, 8, , , 330.106800, -35.216900, 0.000001, 902.290870, , , , , , , , , , , , , , , , 
#SEGM, 8, , , 328.510000, -36.523500, 0.000001, 904.354114, , , , , , , , , , , , , , , , 
#SEGM, 8, , , 326.845700, -37.766200, 0.000001, 906.431179, , , , , , , , , , , , , , , , 
#SEGM, 8, , , 325.138300, -38.926300, 0.000001, 908.495409, , , , , , , , , , , , , , , , 
#SEGM, 8, , , 323.362800, -40.020000, 0.000001, 910.580734, , , , , , , , , , , , , , , , 
#SEGM, 8, , , 321.570800, -41.016500, 0.000001, 912.631167, , , , , , , , , , , , , , , , 
#SEGM, 8, , , 319.713600, -41.943300, 0.000001, 914.706775, , , , , , , , , , , , , , , , 
#SEGM, 8, , , 317.825900, -42.781800, 0.000001, 916.772325, , , , , , , , , , , , , , , , 
#SEGM, 8, , , 315.904000, -43.534100, 0.000001, 918.836218, , , , , , , , , , , , , , , , 
#SEGM, 8, , , 313.955500, -44.197800, 0.000001, 920.894652, , , , , , , , , , , , , , , , 
#SEGM, 8, , , 311.972500, -44.775400, 0.000002, 922.960060, , , , , , , , , , , , , , , , 
#SEGM, 8, , , 309.996700, -45.256600, 0.000002, 924.993613, , , , , , , , , , , , , , , , 
#SEGM, 8, , , 307.980100, -45.653600, 0.000002, 927.048920, , , , , , , , , , , , , , , , 
#SEGM, 8, , , 305.951600, -45.959900, 0.000002, 929.100415, , , , , , , , , , , , , , , , 
#SEGM, 8, , , 303.940500, -46.173700, 0.000002, 931.122847, , , , , , , , , , , , , , , , 
#SEGM, 8, , , 301.902600, -46.300600, 0.000002, 933.164694, , , , , , , , , , , , , , , , 
#SEGM, 8, , , 300.706800, -46.342000, 0.000000, 934.361211, , , , , , , , , , , , , , , , 
#SEGM, 8, , , 300.000000, -46.342000, 0.000000, 935.068011, , , , , , , , , , , , , , , , 
#SEGM, 8, , , 200.000000, -46.342000, 0.000000, 1035.068011, , , , , , , , , , , , , , , , 
#SEGM, 8, , , 160.842200, -46.342500, 0.000000, 1074.225811, , , , , , , , , , , , , , , , 
#SEGM, 8, , , 158.329900, -45.890700, 0.000000, 1076.778412, , , , , , , , , , , , , , , , 
#SEGM, 8, , , 155.772300, -44.244300, -0.000000, 1079.820114, , , , , , , , , , , , , , , , 
#SEGM, 8, , , 154.450400, -42.431900, 0.000000, 1082.063374, , , , , , , , , , , , , , , , 
#SEGM, 8, , , 153.657000, -39.133500, 0.000000, 1085.455855, , , , , , , , , , , , , , , , 
#SEGM, 8, , , 153.658000, 0.000000, -0.000001, 1124.589355, , , , , , , , , , , , , , , , 
#SEGM, 9, , , 146.342000, 300.000000, -0.000001, 0.000000, , , , , , , , , , , , , , , , 
#SEGM, 9, , , 146.342000, 200.000000, 0.000000, 100.000000, , , , , , , , , , , , , , , , 
#SEGM, 9, , , 146.342000, 100.000000, 0.000000, 200.000000, , , , , , , , , , , , , , , , 
#SEGM, 9, , , 146.342000, 0.000000, 0.000000, 300.000000, , , , , , , , , , , , , , , , 
#SEGM, 9, , , 146.342000, -39.133500, 0.000000, 339.133500, , , , , , , , , , , , , , , , 
#SEGM, 9, , , 145.589400, -42.315800, 0.000000, 342.403583, , , , , , , , , , , , , , , , 
#SEGM, 9, , , 144.017800, -44.401600, 0.000000, 345.015189, , , , , , , , , , , , , , , , 
#SEGM, 9, , , 141.548700, -45.907200, 0.000000, 347.907124, , , , , , , , , , , , , , , , 
#SEGM, 9, , , 139.069300, -46.343000, 0.000000, 350.424532, , , , , , , , , , , , , , , , 
#SEGM, 9, , , 100.000000, -46.343000, 0.000000, 389.493832, , , , , , , , , , , , , , , , 
#SEGM, 9, , , 0.000001, -46.343000, 0.000000, 489.493832, , , , , , , , , , , , , , , , 
#SEGM, 9, , , -0.871700, -46.343000, 0.000000, 490.365533, , , , , , , , , , , , , , , , 
#SEGM, 9, , , -2.874100, -46.251300, 0.000000, 492.370031, , , , , , , , , , , , , , , , 
#SEGM, 9, , , -4.900600, -46.082700, 0.000000, 494.403533, , , , , , , , , , , , , , , , 
#SEGM, 9, , , -6.929400, -45.823800, 0.000000, 496.448785, , , , , , , , , , , , , , , , 
#SEGM, 9, , , -8.944600, -45.466900, 0.000000, 498.495346, , , , , , , , , , , , , , , , 
#SEGM, 9, , , -10.945900, -45.028400, 0.000000, 500.544122, , , , , , , , , , , , , , , , 
#SEGM, 9, , , -12.938200, -44.506200, 0.000000, 502.603722, , , , , , , , , , , , , , , , 
#SEGM, 9, , , -14.903100, -43.887200, 0.000000, 504.663817, , , , , , , , , , , , , , , , 
#SEGM, 9, , , -16.922000, -43.145700, 0.000000, 506.814580, , , , , , , , , , , , , , , , 
#SEGM, 9, , , -18.738700, -42.388900, 0.000000, 508.782610, , , , , , , , , , , , , , , , 
#SEGM, 9, , , -20.608900, -41.509500, 0.000000, 510.849248, , , , , , , , , , , , , , , , 
#SEGM, 9, , , -22.434800, -40.549100, 0.000000, 512.912324, , , , , , , , , , , , , , , , 
#SEGM, 9, , , -24.226700, -39.501600, 0.000000, 514.987935, , , , , , , , , , , , , , , , 
#SEGM, 9, , , -25.970000, -38.375000, 0.000000, 517.063585, , , , , , , , , , , , , , , , 
#SEGM, 9, , , -27.650800, -37.179500, 0.000000, 519.126182, , , , , , , , , , , , , , , , 
#SEGM, 9, , , -29.284800, -35.904300, 0.000001, 521.198884, , , , , , , , , , , , , , , , 
#SEGM, 9, , , -30.873000, -34.546600, 0.000001, 523.288316, , , , , , , , , , , , , , , , 
#SEGM, 9, , , -32.378000, -33.139500, 0.000001, 525.348645, , , , , , , , , , , , , , , , 
#SEGM, 9, , , -33.824600, -31.661700, 0.000001, 527.416626, , , , , , , , , , , , , , , , 
#SEGM, 9, , , -35.216900, -30.106800, 0.000001, 529.503780, , , , , , , , , , , , , , , , 
#SEGM, 9, , , -36.523500, -28.510000, 0.000001, 531.567024, , , , , , , , , , , , , , , , 
#SEGM, 9, , , -37.766200, -26.845700, 0.000001, 533.644089, , , , , , , , , , , , , , , , 
#SEGM, 9, , , -38.926300, -25.138300, 0.000001, 535.708319, , , , , , , , , , , , , , , , 
#SEGM, 9, , , -40.020000, -23.362800, 0.000001, 537.793644, , , , , , , , , , , , , , , , 
#SEGM, 9, , , -41.016500, -21.570800, 0.000001, 539.844077, , , , , , , , , , , , , , , , 
#SEGM, 9, , , -41.943300, -19.713600, 0.000001, 541.919685, , , , , , , , , , , , , , , , 
#SEGM, 9, , , -42.781800, -17.825900, 0.000001, 543.985234, , , , , , , , , , , , , , , , 
#SEGM, 9, , , -43.534100, -15.904000, 0.000001, 546.049128, , , , , , , , , , , , , , , , 
#SEGM, 9, , , -44.197800, -13.955500, 0.000001, 548.107561, , , , , , , , , , , , , , , , 
#SEGM, 9, , , -44.775400, -11.972500, 0.000002, 550.172970, , , , , , , , , , , , , , , , 
#SEGM, 9, , , -45.256600, -9.996700, 0.000002, 552.206523, , , , , , , , , , , , , , , , 
#SEGM, 9, , , -45.653600, -7.980100, 0.000002, 554.261829, , , , , , , , , , , , , , , , 
#SEGM, 9, , , -45.959900, -5.951600, 0.000002, 556.313324, , , , , , , , , , , , , , , , 
#SEGM, 9, , , -46.173700, -3.940500, 0.000002, 558.335757, , , , , , , , , , , , , , , , 
#SEGM, 9, , , -46.300600, -1.902600, 0.000002, 560.377604, , , , , , , , , , , , , , , , 
#SEGM, 9, , , -46.342000, -0.706800, 0.000000, 561.574121, , , , , , , , , , , , , , , , 
#SEGM, 9, , , -46.342000, 0.000000, 0.000000, 562.280921, , , , , , , , , , , , , , , , 
#SEGM, 9, , , -46.342000, 100.000000, 0.000000, 662.280921, , , , , , , , , , , , , , , , 
#SEGM, 9, , , -46.342000, 199.999999, 0.000000, 762.280920, , , , , , , , , , , , , , , , 
#SEGM, 9, , , -46.341000, 300.000000, 0.000000, 862.280921, , , , , , , , , , , , , , , , 
#SEGM, 9, , , -46.343000, 300.871700, 0.000000, 863.152623, , , , , , , , , , , , , , , , 
#SEGM, 9, , , -46.251300, 302.874100, 0.000000, 865.157122, , , , , , , , , , , , , , , , 
#SEGM, 9, , , -46.082700, 304.900600, 0.000000, 867.190623, , , , , , , , , , , , , , , , 
#SEGM, 9, , , -45.823800, 306.929400, 0.000000, 869.235876, , , , , , , , , , , , , , , , 
#SEGM, 9, , , -45.466900, 308.944600, 0.000000, 871.282436, , , , , , , , , , , , , , , , 
#SEGM, 9, , , -45.028400, 310.945900, 0.000000, 873.331212, , , , , , , , , , , , , , , , 
#SEGM, 9, , , -44.506200, 312.938200, 0.000000, 875.390812, , , , , , , , , , , , , , , , 
#SEGM, 9, , , -43.887200, 314.903100, 0.000000, 877.450908, , , , , , , , , , , , , , , , 
#SEGM, 9, , , -43.145700, 316.922000, 0.000000, 879.601670, , , , , , , , , , , , , , , , 
#SEGM, 9, , , -42.388900, 318.738700, 0.000000, 881.569701, , , , , , , , , , , , , , , , 
#SEGM, 9, , , -41.509500, 320.608900, 0.000000, 883.636339, , , , , , , , , , , , , , , , 
#SEGM, 9, , , -40.549100, 322.434800, 0.000000, 885.699414, , , , , , , , , , , , , , , , 
#SEGM, 9, , , -39.501600, 324.226700, 0.000000, 887.775025, , , , , , , , , , , , , , , , 
#SEGM, 9, , , -38.375000, 325.970000, 0.000000, 889.850675, , , , , , , , , , , , , , , , 
#SEGM, 9, , , -37.179500, 327.650800, 0.000000, 891.913273, , , , , , , , , , , , , , , , 
#SEGM, 9, , , -35.904300, 329.284800, 0.000001, 893.985974, , , , , , , , , , , , , , , , 
#SEGM, 9, , , -34.546600, 330.873000, 0.000001, 896.075407, , , , , , , , , , , , , , , , 
#SEGM, 9, , , -33.139500, 332.378000, 0.000001, 898.135736, , , , , , , , , , , , , , , , 
#SEGM, 9, , , -31.661700, 333.824600, 0.000001, 900.203716, , , , , , , , , , , , , , , , 
#SEGM, 9, , , -30.106800, 335.216900, 0.000001, 902.290871, , , , , , , , , , , , , , , , 
#SEGM, 9, , , -28.510000, 336.523500, 0.000001, 904.354114, , , , , , , , , , , , , , , , 
#SEGM, 9, , , -26.845700, 337.766200, 0.000001, 906.431179, , , , , , , , , , , , , , , , 
#SEGM, 9, , , -25.138300, 338.926300, 0.000001, 908.495409, , , , , , , , , , , , , , , , 
#SEGM, 9, , , -23.362800, 340.020000, 0.000001, 910.580734, , , , , , , , , , , , , , , , 
#SEGM, 9, , , -21.570800, 341.016500, 0.000001, 912.631167, , , , , , , , , , , , , , , , 
#SEGM, 9, , , -19.713600, 341.943300, 0.000001, 914.706776, , , , , , , , , , , , , , , , 
#SEGM, 9, , , -17.825900, 342.781800, 0.000001, 916.772325, , , , , , , , , , , , , , , , 
#SEGM, 9, , , -15.904000, 343.534100, 0.000001, 918.836218, , , , , , , , , , , , , , , , 
#SEGM, 9, , , -13.955500, 344.197800, 0.000001, 920.894652, , , , , , , , , , , , , , , , 
#SEGM, 9, , , -11.972500, 344.775400, 0.000002, 922.960060, , , , , , , , , , , , , , , , 
#SEGM, 9, , , -9.996700, 345.256600, 0.000002, 924.993613, , , , , , , , , , , , , , , , 
#SEGM, 9, , , -7.980100, 345.653600, 0.000002, 927.048920, , , , , , , , , , , , , , , , 
#SEGM, 9, , , -5.951600, 345.959900, 0.000002, 929.100415, , , , , , , , , , , , , , , , 
#SEGM, 9, , , -3.940500, 346.173700, 0.000002, 931.122847, , , , , , , , , , , , , , , , 
#SEGM, 9, , , -1.902600, 346.300600, 0.000002, 933.164695, , , , , , , , , , , , , , , , 
#SEGM, 9, , , -0.706800, 346.342000, 0.000000, 934.361211, , , , , , , , , , , , , , , , 
#SEGM, 9, , , 0.000000, 346.342000, 0.000000, 935.068011, , , , , , , , , , , , , , , , 
#SEGM, 9, , , 100.000000, 346.342000, 0.000000, 1035.068011, , , , , , , , , , , , , , , , 
#SEGM, 9, , , 139.157800, 346.342500, 0.000000, 1074.225811, , , , , , , , , , , , , , , , 
#SEGM, 9, , , 141.670100, 345.890700, 0.000000, 1076.778412, , , , , , , , , , , , , , , , 
#SEGM, 9, , , 144.227700, 344.244300, -0.000000, 1079.820114, , , , , , , , , , , , , , , , 
#SEGM, 9, , , 145.549600, 342.431900, 0.000000, 1082.063374, , , , , , , , , , , , , , , , 
#SEGM, 9, , , 146.343000, 339.133500, 0.000000, 1085.455855, , , , , , , , , , , , , , , , 
#SEGM, 9, , , 146.342000, 300.000000, -0.000001, 1124.589355, , , , , , , , , , , , , , , , 
#SEGM, 10, , , 300.000000, 153.658000, -0.000001, 0.000000, , , , , , , , , , , , , , , , 
#SEGM, 10, , , 200.000000, 153.658000, 0.000000, 100.000000, , , , , , , , , , , , , , , , 
#SEGM, 10, , , 100.000000, 153.658000, 0.000000, 200.000000, , , , , , , , , , , , , , , , 
#SEGM, 10, , , 0.000000, 153.658000, 0.000000, 300.000000, , , , , , , , , , , , , , , , 
#SEGM, 10, , , -39.133500, 153.657999, 0.000000, 339.133500, , , , , , , , , , , , , , , , 
#SEGM, 10, , , -42.315800, 154.410599, 0.000000, 342.403582, , , , , , , , , , , , , , , , 
#SEGM, 10, , , -44.401600, 155.982199, 0.000000, 345.015189, , , , , , , , , , , , , , , , 
#SEGM, 10, , , -45.907200, 158.451299, 0.000000, 347.907123, , , , , , , , , , , , , , , , 
#SEGM, 10, , , -46.343000, 160.930699, 0.000000, 350.424532, , , , , , , , , , , , , , , , 
#SEGM, 10, , , -46.343000, 199.999999, 0.000000, 389.493832, , , , , , , , , , , , , , , , 
#SEGM, 10, , , -46.341000, 300.000000, 0.000000, 489.493833, , , , , , , , , , , , , , , , 
#SEGM, 10, , , -46.343000, 300.871700, 0.000000, 490.365535, , , , , , , , , , , , , , , , 
#SEGM, 10, , , -46.251300, 302.874100, 0.000000, 492.370033, , , , , , , , , , , , , , , , 
#SEGM, 10, , , -46.082700, 304.900600, 0.000000, 494.403535, , , , , , , , , , , , , , , , 
#SEGM, 10, , , -45.823800, 306.929400, 0.000000, 496.448788, , , , , , , , , , , , , , , , 
#SEGM, 10, , , -45.466900, 308.944600, 0.000000, 498.495348, , , , , , , , , , , , , , , , 
#SEGM, 10, , , -45.028400, 310.945900, 0.000000, 500.544124, , , , , , , , , , , , , , , , 
#SEGM, 10, , , -44.506200, 312.938200, 0.000000, 502.603724, , , , , , , , , , , , , , , , 
#SEGM, 10, , , -43.887200, 314.903100, 0.000000, 504.663819, , , , , , , , , , , , , , , , 
#SEGM, 10, , , -43.145700, 316.922000, 0.000000, 506.814582, , , , , , , , , , , , , , , , 
#SEGM, 10, , , -42.388900, 318.738700, 0.000000, 508.782613, , , , , , , , , , , , , , , , 
#SEGM, 10, , , -41.509500, 320.608900, 0.000000, 510.849251, , , , , , , , , , , , , , , , 
#SEGM, 10, , , -40.549100, 322.434800, 0.000000, 512.912326, , , , , , , , , , , , , , , , 
#SEGM, 10, , , -39.501600, 324.226700, 0.000000, 514.987937, , , , , , , , , , , , , , , , 
#SEGM, 10, , , -38.375000, 325.970000, 0.000000, 517.063587, , , , , , , , , , , , , , , , 
#SEGM, 10, , , -37.179500, 327.650800, 0.000000, 519.126185, , , , , , , , , , , , , , , , 
#SEGM, 10, , , -35.904300, 329.284800, 0.000001, 521.198886, , , , , , , , , , , , , , , , 
#SEGM, 10, , , -34.546600, 330.873000, 0.000001, 523.288319, , , , , , , , , , , , , , , , 
#SEGM, 10, , , -33.139500, 332.378000, 0.000001, 525.348647, , , , , , , , , , , , , , , , 
#SEGM, 10, , , -31.661700, 333.824600, 0.000001, 527.416628, , , , , , , , , , , , , , , , 
#SEGM, 10, , , -30.106800, 335.216900, 0.000001, 529.503783, , , , , , , , , , , , , , , , 
#SEGM, 10, , , -28.510000, 336.523500, 0.000001, 531.567026, , , , , , , , , , , , , , , , 
#SEGM, 10, , , -26.845700, 337.766200, 0.000001, 533.644091, , , , , , , , , , , , , , , , 
#SEGM, 10, , , -25.138300, 338.926300, 0.000001, 535.708321, , , , , , , , , , , , , , , , 
#SEGM, 10, , , -23.362800, 340.020000, 0.000001, 537.793646, , , , , , , , , , , , , , , , 
#SEGM, 10, , , -21.570800, 341.016500, 0.000001, 539.844079, , , , , , , , , , , , , , , , 
#SEGM, 10, , , -19.713600, 341.943300, 0.000001, 541.919688, , , , , , , , , , , , , , , , 
#SEGM, 10, , , -17.825900, 342.781800, 0.000001, 543.985237, , , , , , , , , , , , , , , , 
#SEGM, 10, , , -15.904000, 343.534100, 0.000001, 546.049130, , , , , , , , , , , , , , , , 
#SEGM, 10, , , -13.955500, 344.197800, 0.000001, 548.107564, , , , , , , , , , , , , , , , 
#SEGM, 10, , , -11.972500, 344.775400, 0.000002, 550.172972, , , , , , , , , , , , , , , , 
#SEGM, 10, , , -9.996700, 345.256600, 0.000002, 552.206525, , , , , , , , , , , , , , , , 
#SEGM, 10, , , -7.980100, 345.653600, 0.000002, 554.261832, , , , , , , , , , , , , , , , 
#SEGM, 10, , , -5.951600, 345.959900, 0.000002, 556.313327, , , , , , , , , , , , , , , , 
#SEGM, 10, , , -3.940500, 346.173700, 0.000002, 558.335759, , , , , , , , , , , , , , , , 
#SEGM, 10, , , -1.902600, 346.300600, 0.000002, 560.377607, , , , , , , , , , , , , , , , 
#SEGM, 10, , , -0.706800, 346.342000, 0.000000, 561.574123, , , , , , , , , , , , , , , , 
#SEGM, 10, , , 0.000000, 346.342000, 0.000000, 562.280923, , , , , , , , , , , , , , , , 
#SEGM, 10, , , 100.000000, 346.342000, 0.000000, 662.280923, , , , , , , , , , , , , , , , 
#SEGM, 10, , , 200.000000, 346.342000, 0.000000, 762.280923, , , , , , , , , , , , , , , , 
#SEGM, 10, , , 300.000000, 346.341000, 0.000000, 862.280923, , , , , , , , , , , , , , , , 
#SEGM, 10, , , 300.871700, 346.343000, 0.000000, 863.152625, , , , , , , , , , , , , , , , 
#SEGM, 10, , , 302.874100, 346.251300, 0.000000, 865.157124, , , , , , , , , , , , , , , , 
#SEGM, 10, , , 304.900600, 346.082700, 0.000000, 867.190625, , , , , , , , , , , , , , , , 
#SEGM, 10, , , 306.929400, 345.823800, 0.000000, 869.235878, , , , , , , , , , , , , , , , 
#SEGM, 10, , , 308.944600, 345.466900, 0.000000, 871.282438, , , , , , , , , , , , , , , , 
#SEGM, 10, , , 310.945900, 345.028400, 0.000000, 873.331214, , , , , , , , , , , , , , , , 
#SEGM, 10, , , 312.938200, 344.506200, 0.000000, 875.390814, , , , , , , , , , , , , , , , 
#SEGM, 10, , , 314.903100, 343.887200, 0.000000, 877.450910, , , , , , , , , , , , , , , , 
#SEGM, 10, , , 316.922000, 343.145700, 0.000000, 879.601672, , , , , , , , , , , , , , , , 
#SEGM, 10, , , 318.738700, 342.388900, 0.000000, 881.569703, , , , , , , , , , , , , , , , 
#SEGM, 10, , , 320.608900, 341.509500, 0.000000, 883.636341, , , , , , , , , , , , , , , , 
#SEGM, 10, , , 322.434800, 340.549100, 0.000000, 885.699416, , , , , , , , , , , , , , , , 
#SEGM, 10, , , 324.226700, 339.501600, 0.000000, 887.775027, , , , , , , , , , , , , , , , 
#SEGM, 10, , , 325.970000, 338.375000, 0.000000, 889.850677, , , , , , , , , , , , , , , , 
#SEGM, 10, , , 327.650800, 337.179500, 0.000000, 891.913275, , , , , , , , , , , , , , , , 
#SEGM, 10, , , 329.284800, 335.904300, 0.000001, 893.985976, , , , , , , , , , , , , , , , 
#SEGM, 10, , , 330.873000, 334.546600, 0.000001, 896.075409, , , , , , , , , , , , , , , , 
#SEGM, 10, , , 332.378000, 333.139500, 0.000001, 898.135738, , , , , , , , , , , , , , , , 
#SEGM, 10, , , 333.824600, 331.661700, 0.000001, 900.203719, , , , , , , , , , , , , , , , 
#SEGM, 10, , , 335.216900, 330.106800, 0.000001, 902.290873, , , , , , , , , , , , , , , , 
#SEGM, 10, , , 336.523500, 328.510000, 0.000001, 904.354116, , , , , , , , , , , , , , , , 
#SEGM, 10, , , 337.766200, 326.845700, 0.000001, 906.431181, , , , , , , , , , , , , , , , 
#SEGM, 10, , , 338.926300, 325.138300, 0.000001, 908.495411, , , , , , , , , , , , , , , , 
#SEGM, 10, , , 340.020000, 323.362800, 0.000001, 910.580736, , , , , , , , , , , , , , , , 
#SEGM, 10, , , 341.016500, 321.570800, 0.000001, 912.631170, , , , , , , , , , , , , , , , 
#SEGM, 10, , , 341.943300, 319.713600, 0.000001, 914.706778, , , , , , , , , , , , , , , , 
#SEGM, 10, , , 342.781800, 317.825900, 0.000001, 916.772327, , , , , , , , , , , , , , , , 
#SEGM, 10, , , 343.534100, 315.904000, 0.000001, 918.836220, , , , , , , , , , , , , , , , 
#SEGM, 10, , , 344.197800, 313.955500, 0.000001, 920.894654, , , , , , , , , , , , , , , , 
#SEGM, 10, , , 344.775400, 311.972500, 0.000002, 922.960062, , , , , , , , , , , , , , , , 
#SEGM, 10, , , 345.256600, 309.996700, 0.000002, 924.993616, , , , , , , , , , , , , , , , 
#SEGM, 10, , , 345.653600, 307.980100, 0.000002, 927.048922, , , , , , , , , , , , , , , , 
#SEGM, 10, , , 345.959900, 305.951600, 0.000002, 929.100417, , , , , , , , , , , , , , , , 
#SEGM, 10, , , 346.173700, 303.940500, 0.000002, 931.122850, , , , , , , , , , , , , , , , 
#SEGM, 10, , , 346.300600, 301.902600, 0.000002, 933.164697, , , , , , , , , , , , , , , , 
#SEGM, 10, , , 346.342000, 300.706800, 0.000000, 934.361213, , , , , , , , , , , , , , , , 
#SEGM, 10, , , 346.342000, 300.000000, 0.000000, 935.068013, , , , , , , , , , , , , , , , 
#SEGM, 10, , , 346.342000, 200.000000, 0.000000, 1035.068013, , , , , , , , , , , , , , , , 
#SEGM, 10, , , 346.342500, 160.842199, 0.000000, 1074.225814, , , , , , , , , , , , , , , , 
#SEGM, 10, , , 345.890700, 158.329899, 0.000000, 1076.778416, , , , , , , , , , , , , , , , 
#SEGM, 10, , , 344.244300, 155.772299, -0.000000, 1079.820118, , , , , , , , , , , , , , , , 
#SEGM, 10, , , 342.431900, 154.450399, 0.000000, 1082.063377, , , , , , , , , , , , , , , , 
#SEGM, 10, , , 339.133500, 153.656999, 0.000000, 1085.455858, , , , , , , , , , , , , , , , 
#SEGM, 10, , , 300.000000, 153.658000, -0.000001, 1124.589358, , , , , , , , , , , , , , , , 
#SEGM, 11, , , 0.000000, 146.342000, -0.000001, 0.000000, , , , , , , , , , , , , , , , 
#SEGM, 11, , , 100.000000, 146.342000, 0.000000, 100.000000, , , , , , , , , , , , , , , , 
#SEGM, 11, , , 200.000000, 146.342000, 0.000000, 200.000000, , , , , , , , , , , , , , , , 
#SEGM, 11, , , 300.000000, 146.342000, 0.000000, 300.000000, , , , , , , , , , , , , , , , 
#SEGM, 11, , , 339.133500, 146.341999, 0.000000, 339.133500, , , , , , , , , , , , , , , , 
#SEGM, 11, , , 342.315800, 145.589399, 0.000000, 342.403582, , , , , , , , , , , , , , , , 
#SEGM, 11, , , 344.401600, 144.017799, 0.000000, 345.015189, , , , , , , , , , , , , , , , 
#SEGM, 11, , , 345.907200, 141.548699, 0.000000, 347.907123, , , , , , , , , , , , , , , , 
#SEGM, 11, , , 346.343000, 139.069299, 0.000000, 350.424532, , , , , , , , , , , , , , , , 
#SEGM, 11, , , 346.343000, 99.999999, 0.000000, 389.493832, , , , , , , , , , , , , , , , 
#SEGM, 11, , , 346.343000, 0.000000, 0.000000, 489.493831, , , , , , , , , , , , , , , , 
#SEGM, 11, , , 346.343000, -0.871700, 0.000000, 490.365531, , , , , , , , , , , , , , , , 
#SEGM, 11, , , 346.251300, -2.874100, 0.000000, 492.370030, , , , , , , , , , , , , , , , 
#SEGM, 11, , , 346.082700, -4.900600, 0.000000, 494.403531, , , , , , , , , , , , , , , , 
#SEGM, 11, , , 345.823800, -6.929400, 0.000000, 496.448784, , , , , , , , , , , , , , , , 
#SEGM, 11, , , 345.466900, -8.944600, 0.000000, 498.495344, , , , , , , , , , , , , , , , 
#SEGM, 11, , , 345.028400, -10.945900, 0.000000, 500.544120, , , , , , , , , , , , , , , , 
#SEGM, 11, , , 344.506200, -12.938200, 0.000000, 502.603720, , , , , , , , , , , , , , , , 
#SEGM, 11, , , 343.887200, -14.903100, 0.000000, 504.663816, , , , , , , , , , , , , , , , 
#SEGM, 11, , , 343.145700, -16.922000, 0.000000, 506.814578, , , , , , , , , , , , , , , , 
#SEGM, 11, , , 342.388900, -18.738700, 0.000000, 508.782609, , , , , , , , , , , , , , , , 
#SEGM, 11, , , 341.509500, -20.608900, 0.000000, 510.849247, , , , , , , , , , , , , , , , 
#SEGM, 11, , , 340.549100, -22.434800, 0.000000, 512.912322, , , , , , , , , , , , , , , , 
#SEGM, 11, , , 339.501600, -24.226700, 0.000000, 514.987933, , , , , , , , , , , , , , , , 
#SEGM, 11, , , 338.375000, -25.970000, 0.000000, 517.063583, , , , , , , , , , , , , , , , 
#SEGM, 11, , , 337.179500, -27.650800, 0.000000, 519.126181, , , , , , , , , , , , , , , , 
#SEGM, 11, , , 335.904300, -29.284800, 0.000001, 521.198882, , , , , , , , , , , , , , , , 
#SEGM, 11, , , 334.546600, -30.873000, 0.000001, 523.288315, , , , , , , , , , , , , , , , 
#SEGM, 11, , , 333.139500, -32.378000, 0.000001, 525.348644, , , , , , , , , , , , , , , , 
#SEGM, 11, , , 331.661700, -33.824600, 0.000001, 527.416624, , , , , , , , , , , , , , , , 
#SEGM, 11, , , 330.106800, -35.216900, 0.000001, 529.503779, , , , , , , , , , , , , , , , 
#SEGM, 11, , , 328.510000, -36.523500, 0.000001, 531.567022, , , , , , , , , , , , , , , , 
#SEGM, 11, , , 326.845700, -37.766200, 0.000001, 533.644087, , , , , , , , , , , , , , , , 
#SEGM, 11, , , 325.138300, -38.926300, 0.000001, 535.708317, , , , , , , , , , , , , , , , 
#SEGM, 11, , , 323.362800, -40.020000, 0.000001, 537.793642, , , , , , , , , , , , , , , , 
#SEGM, 11, , , 321.570800, -41.016500, 0.000001, 539.844075, , , , , , , , , , , , , , , , 
#SEGM, 11, , , 319.713600, -41.943300, 0.000001, 541.919684, , , , , , , , , , , , , , , , 
#SEGM, 11, , , 317.825900, -42.781800, 0.000001, 543.985233, , , , , , , , , , , , , , , , 
#SEGM, 11, , , 315.904000, -43.534100, 0.000001, 546.049126, , , , , , , , , , , , , , , , 
#SEGM, 11, , , 313.955500, -44.197800, 0.000001, 548.107560, , , , , , , , , , , , , , , , 
#SEGM, 11, , , 311.972500, -44.775400, 0.000002, 550.172968, , , , , , , , , , , , , , , , 
#SEGM, 11, , , 309.996700, -45.256600, 0.000002, 552.206521, , , , , , , , , , , , , , , , 
#SEGM, 11, , , 307.980100, -45.653600, 0.000002, 554.261828, , , , , , , , , , , , , , , , 
#SEGM, 11, , , 305.951600, -45.959900, 0.000002, 556.313323, , , , , , , , , , , , , , , , 
#SEGM, 11, , , 303.940500, -46.173700, 0.000002, 558.335755, , , , , , , , , , , , , , , , 
#SEGM, 11, , , 301.902600, -46.300600, 0.000002, 560.377603, , , , , , , , , , , , , , , , 
#SEGM, 11, , , 300.706800, -46.342000, 0.000000, 561.574119, , , , , , , , , , , , , , , , 
#SEGM, 11, , , 300.000000, -46.342000, 0.000000, 562.280919, , , , , , , , , , , , , , , , 
#SEGM, 11, , , 200.000000, -46.342000, 0.000000, 662.280919, , , , , , , , , , , , , , , , 
#SEGM, 11, , , 100.000000, -46.342000, 0.000000, 762.280919, , , , , , , , , , , , , , , , 
#SEGM, 11, , , 0.000001, -46.343000, 0.000000, 862.280919, , , , , , , , , , , , , , , , 
#SEGM, 11, , , -0.871700, -46.343000, 0.000000, 863.152619, , , , , , , , , , , , , , , , 
#SEGM, 11, , , -2.874100, -46.251300, 0.000000, 865.157118, , , , , , , , , , , , , , , , 
#SEGM, 11, , , -4.900600, -46.082700, 0.000000, 867.190619, , , , , , , , , , , , , , , , 
#SEGM, 11, , , -6.929400, -45.823800, 0.000000, 869.235872, , , , , , , , , , , , , , , , 
#SEGM, 11, , , -8.944600, -45.466900, 0.000000, 871.282432, , , , , , , , , , , , , , , , 
#SEGM, 11, , , -10.945900, -45.028400, 0.000000, 873.331208, , , , , , , , , , , , , , , , 
#SEGM, 11, , , -12.938200, -44.506200, 0.000000, 875.390808, , , , , , , , , , , , , , , , 
#SEGM, 11, , , -14.903100, -43.887200, 0.000000, 877.450904, , , , , , , , , , , , , , , , 
#SEGM, 11, , , -16.922000, -43.145700, 0.000000, 879.601666, , , , , , , , , , , , , , , , 
#SEGM, 11, , , -18.738700, -42.388900, 0.000000, 881.569697, , , , , , , , , , , , , , , , 
#SEGM, 11, , , -20.608900, -41.509500, 0.000000, 883.636335, , , , , , , , , , , , , , , , 
#SEGM, 11, , , -22.434800, -40.549100, 0.000000, 885.699410, , , , , , , , , , , , , , , , 
#SEGM, 11, , , -24.226700, -39.501600, 0.000000, 887.775021, , , , , , , , , , , , , , , , 
#SEGM, 11, , , -25.970000, -38.375000, 0.000000, 889.850671, , , , , , , , , , , , , , , , 
#SEGM, 11, , , -27.650800, -37.179500, 0.000000, 891.913269, , , , , , , , , , , , , , , , 
#SEGM, 11, , , -29.284800, -35.904300, 0.000001, 893.985970, , , , , , , , , , , , , , , , 
#SEGM, 11, , , -30.873000, -34.546600, 0.000001, 896.075403, , , , , , , , , , , , , , , , 
#SEGM, 11, , , -32.378000, -33.139500, 0.000001, 898.135732, , , , , , , , , , , , , , , , 
#SEGM, 11, , , -33.824600, -31.661700, 0.000001, 900.203712, , , , , , , , , , , , , , , , 
#SEGM, 11, , , -35.216900, -30.106800, 0.000001, 902.290867, , , , , , , , , , , , , , , , 
#SEGM, 11, , , -36.523500, -28.510000, 0.000001, 904.354110, , , , , , , , , , , , , , , , 
#SEGM, 11, , , -37.766200, -26.845700, 0.000001, 906.431175, , , , , , , , , , , , , , , , 
#SEGM, 11, , , -38.926300, -25.138300, 0.000001, 908.495405, , , , , , , , , , , , , , , , 
#SEGM, 11, , , -40.020000, -23.362800, 0.000001, 910.580730, , , , , , , , , , , , , , , , 
#SEGM, 11, , , -41.016500, -21.570800, 0.000001, 912.631163, , , , , , , , , , , , , , , , 
#SEGM, 11, , , -41.943300, -19.713600, 0.000001, 914.706772, , , , , , , , , , , , , , , , 
#SEGM, 11, , , -42.781800, -17.825900, 0.000001, 916.772321, , , , , , , , , , , , , , , , 
#SEGM, 11, , , -43.534100, -15.904000, 0.000001, 918.836214, , , , , , , , , , , , , , , , 
#SEGM, 11, , , -44.197800, -13.955500, 0.000001, 920.894648, , , , , , , , , , , , , , , , 
#SEGM, 11, , , -44.775400, -11.972500, 0.000002, 922.960056, , , , , , , , , , , , , , , , 
#SEGM, 11, , , -45.256600, -9.996700, 0.000002, 924.993609, , , , , , , , , , , , , , , , 
#SEGM, 11, , , -45.653600, -7.980100, 0.000002, 927.048916, , , , , , , , , , , , , , , , 
#SEGM, 11, , , -45.959900, -5.951600, 0.000002, 929.100411, , , , , , , , , , , , , , , , 
#SEGM, 11, , , -46.173700, -3.940500, 0.000002, 931.122843, , , , , , , , , , , , , , , , 
#SEGM, 11, , , -46.300600, -1.902600, 0.000002, 933.164691, , , , , , , , , , , , , , , , 
#SEGM, 11, , , -46.342000, -0.706800, 0.000000, 934.361207, , , , , , , , , , , , , , , , 
#SEGM, 11, , , -46.342000, 0.000000, 0.000000, 935.068007, , , , , , , , , , , , , , , , 
#SEGM, 11, , , -46.342000, 100.000000, 0.000000, 1035.068007, , , , , , , , , , , , , , , , 
#SEGM, 11, , , -46.342500, 139.157799, 0.000000, 1074.225806, , , , , , , , , , , , , , , , 
#SEGM, 11, , , -45.890700, 141.670099, 0.000000, 1076.778408, , , , , , , , , , , , , , , , 
#SEGM, 11, , , -44.244300, 144.227699, -0.000000, 1079.820110, , , , , , , , , , , , , , , , 
#SEGM, 11, , , -42.431900, 145.549599, 0.000000, 1082.063369, , , , , , , , , , , , , , , , 
#SEGM, 11, , , -39.133500, 146.342999, 0.000000, 1085.455850, , , , , , , , , , , , , , , , 
#SEGM, 11, , , 0.000000, 146.342000, -0.000001, 1124.589350, , , , , , , , , , , , , , , , 
#SEGM, 12, , , 146.342000, 300.000000, -0.000001, 0.000000, , , , , , , , , , , , , , , , 
#SEGM, 12, , , 146.342000, 200.000000, 0.000000, 100.000000, , , , , , , , , , , , , , , , 
#SEGM, 12, , , 146.342000, 100.000000, 0.000000, 200.000000, , , , , , , , , , , , , , , , 
#SEGM, 12, , , 146.342000, 0.000000, 0.000000, 300.000000, , , , , , , , , , , , , , , , 
#SEGM, 12, , , 146.342000, -2.565800, 0.000000, 302.565800, , , , , , , , , , , , , , , , 
#SEGM, 12, , , 146.728700, -7.957700, 0.000000, 307.971549, , , , , , , , , , , , , , , , 
#SEGM, 12, , , 147.616600, -12.321300, 0.000000, 312.424567, , , , , , , , , , , , , , , , 
#SEGM, 12, , , 149.440000, -20.100300, 0.000000, 320.414413, , , , , , , , , , , , , , , , 
#SEGM, 12, , , 150.000000, -27.085400, 0.000000, 327.421925, , , , , , , , , , , , , , , , 
#SEGM, 12, , , 150.000000, -42.505100, 0.000000, 342.841625, , , , , , , , , , , , , , , , 
#SEGM, 12, , , 150.835600, -46.748500, 0.000000, 347.166514, , , , , , , , , , , , , , , , 
#SEGM, 12, , , 153.351500, -50.472500, -0.000000, 351.660725, , , , , , , , , , , , , , , , 
#SEGM, 12, , , 156.504400, -52.641800, 0.000000, 355.487818, , , , , , , , , , , , , , , , 
#SEGM, 12, , , 161.174500, -53.658000, 0.000000, 360.267200, , , , , , , , , , , , , , , , 
#SEGM, 12, , , 200.000000, -53.658000, 0.000000, 399.092700, , , , , , , , , , , , , , , , 
#SEGM, 12, , , 300.000000, -53.658000, 0.000000, 499.092700, , , , , , , , , , , , , , , , 
#SEGM, 12, , , 301.389400, -53.658000, 0.000002, 500.482100, , , , , , , , , , , , , , , , 
#SEGM, 12, , , 303.914800, -53.494000, 0.000002, 503.012820, , , , , , , , , , , , , , , , 
#SEGM, 12, , , 307.293300, -53.150900, 0.000002, 506.408697, , , , , , , , , , , , , , , , 
#SEGM, 12, , , 311.976700, -52.284200, 0.000002, 511.171616, , , , , , , , , , , , , , , , 
#SEGM, 12, , , 316.447100, -51.075600, 0.000002, 515.802511, , , , , , , , , , , , , , , , 
#SEGM, 12, , , 320.869400, -49.433800, 0.000001, 520.519740, , , , , , , , , , , , , , , , 
#SEGM, 12, , , 325.146100, -47.398400, 0.000001, 525.256090, , , , , , , , , , , , , , , , 
#SEGM, 12, , , 329.221600, -44.995800, 0.000001, 529.987072, , , , , , , , , , , , , , , , 
#SEGM, 12, , , 333.074100, -42.240200, 0.000001, 534.723641, , , , , , , , , , , , , , , , 
#SEGM, 12, , , 336.676300, -39.150500, 0.000001, 539.469386, , , , , , , , , , , , , , , , 
#SEGM, 12, , , 339.978300, -35.772700, 0.000001, 544.193022, , , , , , , , , , , , , , , , 
#SEGM, 12, , , 342.992300, -32.091700, 0.000001, 548.950538, , , , , , , , , , , , , , , , 
#SEGM, 12, , , 345.656900, -28.179400, 0.000000, 553.684055, , , , , , , , , , , , , , , , 
#SEGM, 12, , , 347.966300, -24.047000, 0.000000, 558.417981, , , , , , , , , , , , , , , , 
#SEGM, 12, , , 349.899000, -19.731900, 0.000000, 563.146133, , , , , , , , , , , , , , , , 
#SEGM, 12, , , 351.435600, -15.282300, 0.000000, 567.853582, , , , , , , , , , , , , , , , 
#SEGM, 12, , , 352.564200, -10.716500, 0.000000, 572.556801, , , , , , , , , , , , , , , , 
#SEGM, 12, , , 353.300800, -6.088400, 0.000000, 577.243152, , , , , , , , , , , , , , , , 
#SEGM, 12, , , 353.657000, -1.443500, 0.000000, 581.901690, , , , , , , , , , , , , , , , 
#SEGM, 12, , , 353.657000, 0.000000, 0.000000, 583.345190, , , , , , , , , , , , , , , , 
#SEGM, 12, , , 353.659000, 100.000000, 0.000000, 683.345190, , , , , , , , , , , , , , , , 
#SEGM, 12, , , 353.658000, 199.999999, 0.000000, 783.345189, , , , , , , , , , , , , , , , 
#SEGM, 12, , , 353.658000, 300.000000, 0.000000, 883.345190, , , , , , , , , , , , , , , , 
#SEGM, 12, , , 353.658000, 301.389400, 0.000002, 884.734590, , , , , , , , , , , , , , , , 
#SEGM, 12, , , 353.494000, 303.914800, 0.000002, 887.265310, , , , , , , , , , , , , , , , 
#SEGM, 12, , , 353.150900, 307.293300, 0.000002, 890.661186, , , , , , , , , , , , , , , , 
#SEGM, 12, , , 352.284200, 311.976700, 0.000002, 895.424106, , , , , , , , , , , , , , , , 
#SEGM, 12, , , 351.075600, 316.447100, 0.000002, 900.055001, , , , , , , , , , , , , , , , 
#SEGM, 12, , , 349.433800, 320.869400, 0.000001, 904.772230, , , , , , , , , , , , , , , , 
#SEGM, 12, , , 347.398400, 325.146100, 0.000001, 909.508580, , , , , , , , , , , , , , , , 
#SEGM, 12, , , 344.995800, 329.221600, 0.000001, 914.239562, , , , , , , , , , , , , , , , 
#SEGM, 12, , , 342.240200, 333.074100, 0.000001, 918.976131, , , , , , , , , , , , , , , , 
#SEGM, 12, , , 339.150500, 336.676300, 0.000001, 923.721876, , , , , , , , , , , , , , , , 
#SEGM, 12, , , 335.772700, 339.978300, 0.000001, 928.445512, , , , , , , , , , , , , , , , 
#SEGM, 12, , , 332.091700, 342.992300, 0.000001, 933.203027, , , , , , , , , , , , , , , , 
#SEGM, 12, , , 328.179400, 345.656900, 0.000000, 937.936545, , , , , , , , , , , , , , , , 
#SEGM, 12, , , 324.047000, 347.966300, 0.000000, 942.670471, , , , , , , , , , , , , , , , 
#SEGM, 12, , , 319.731900, 349.899000, 0.000000, 947.398622, , , , , , , , , , , , , , , , 
#SEGM, 12, , , 315.282300, 351.435600, 0.000000, 952.106072, , , , , , , , , , , , , , , , 
#SEGM, 12, , , 310.716500, 352.564200, 0.000000, 956.809291, , , , , , , , , , , , , , , , 
#SEGM, 12, , , 306.088400, 353.300800, 0.000000, 961.495642, , , , , , , , , , , , , , , , 
#SEGM, 12, , , 301.443500, 353.657000, 0.000000, 966.154180, , , , , , , , , , , , , , , , 
#SEGM, 12, , , 300.000000, 353.657000, 0.000000, 967.597680, , , , , , , , , , , , , , , , 
#SEGM, 12, , , 200.000000, 353.657000, 0.000000, 1067.597680, , , , , , , , , , , , , , , , 
#SEGM, 12, , , 196.417700, 353.658000, 0.000000, 1071.179980, , , , , , , , , , , , , , , , 
#SEGM, 12, , , 191.400500, 353.229200, 0.000000, 1076.215471, , , , , , , , , , , , , , , , 
#SEGM, 12, , , 185.819300, 351.918400, 0.000000, 1081.948532, , , , , , , , , , , , , , , , 
#SEGM, 12, , , 179.299600, 350.481000, 0.000000, 1088.624804, , , , , , , , , , , , , , , , 
#SEGM, 12, , , 172.734200, 350.000000, 0.000000, 1095.207800, , , , , , , , , , , , , , , , 
#SEGM, 12, , , 157.565200, 350.000000, -0.000000, 1110.376800, , , , , , , , , , , , , , , , 
#SEGM, 12, , , 153.798500, 349.355800, -0.000000, 1114.198190, , , , , , , , , , , , , , , , 
#SEGM, 12, , , 150.223700, 347.285100, 0.000000, 1118.329412, , , , , , , , , , , , , , , , 
#SEGM, 12, , , 147.485800, 343.768000, 0.000000, 1122.786551, , , , , , , , , , , , , , , , 
#SEGM, 12, , , 146.342000, 338.866100, 0.000000, 1127.820128, , , , , , , , , , , , , , , , 
#SEGM, 12, , , 146.342000, 300.000000, -0.000001, 1166.686228, , , , , , , , , , , , , , , , 
#SEGM, 13, , , 153.658000, 0.000000, -0.000001, 0.000000, , , , , , , , , , , , , , , , 
#SEGM, 13, , , 153.658000, 100.000000, 0.000000, 100.000000, , , , , , , , , , , , , , , , 
#SEGM, 13, , , 153.658000, 200.000000, 0.000000, 200.000000, , , , , , , , , , , , , , , , 
#SEGM, 13, , , 153.658000, 300.000000, 0.000000, 300.000000, , , , , , , , , , , , , , , , 
#SEGM, 13, , , 153.658000, 302.565800, 0.000000, 302.565800, , , , , , , , , , , , , , , , 
#SEGM, 13, , , 153.371500, 307.227200, 0.000000, 307.235996, , , , , , , , , , , , , , , , 
#SEGM, 13, , , 152.010200, 313.782900, 0.000000, 313.931542, , , , , , , , , , , , , , , , 
#SEGM, 13, , , 150.591900, 319.913200, 0.000000, 320.223772, , , , , , , , , , , , , , , , 
#SEGM, 13, , , 150.000000, 327.085400, 0.000000, 327.420354, , , , , , , , , , , , , , , , 
#SEGM, 13, , , 150.000000, 342.505100, 0.000000, 342.840054, , , , , , , , , , , , , , , , 
#SEGM, 13, , , 148.965900, 347.201300, 0.000000, 347.648761, , , , , , , , , , , , , , , , 
#SEGM, 13, , , 146.683300, 350.438400, -0.000000, 351.609705, , , , , , , , , , , , , , , , 
#SEGM, 13, , , 143.338200, 352.712500, 0.000000, 355.654606, , , , , , , , , , , , , , , , 
#SEGM, 13, , , 138.825500, 353.658000, 0.000000, 360.265293, , , , , , , , , , , , , , , , 
#SEGM, 13, , , 100.000000, 353.658000, 0.000000, 399.090793, , , , , , , , , , , , , , , , 
#SEGM, 13, , , -0.000000, 353.658000, 0.000000, 499.090793, , , , , , , , , , , , , , , , 
#SEGM, 13, , , -1.389400, 353.658000, 0.000002, 500.480193, , , , , , , , , , , , , , , , 
#SEGM, 13, , , -3.914800, 353.494000, 0.000002, 503.010912, , , , , , , , , , , , , , , , 
#SEGM, 13, , , -7.293300, 353.150900, 0.000002, 506.406789, , , , , , , , , , , , , , , , 
#SEGM, 13, , , -11.976700, 352.284200, 0.000002, 511.169709, , , , , , , , , , , , , , , , 
#SEGM, 13, , , -16.447100, 351.075600, 0.000002, 515.800604, , , , , , , , , , , , , , , , 
#SEGM, 13, , , -20.869400, 349.433800, 0.000001, 520.517832, , , , , , , , , , , , , , , , 
#SEGM, 13, , , -25.146100, 347.398400, 0.000001, 525.254183, , , , , , , , , , , , , , , , 
#SEGM, 13, , , -29.221600, 344.995800, 0.000001, 529.985164, , , , , , , , , , , , , , , , 
#SEGM, 13, , , -33.074100, 342.240200, 0.000001, 534.721734, , , , , , , , , , , , , , , , 
#SEGM, 13, , , -36.676300, 339.150500, 0.000001, 539.467478, , , , , , , , , , , , , , , , 
#SEGM, 13, , , -39.978300, 335.772700, 0.000001, 544.191114, , , , , , , , , , , , , , , , 
#SEGM, 13, , , -42.992300, 332.091700, 0.000001, 548.948630, , , , , , , , , , , , , , , , 
#SEGM, 13, , , -45.656900, 328.179400, 0.000000, 553.682147, , , , , , , , , , , , , , , , 
#SEGM, 13, , , -47.966300, 324.047000, 0.000000, 558.416073, , , , , , , , , , , , , , , , 
#SEGM, 13, , , -49.899000, 319.731900, 0.000000, 563.144225, , , , , , , , , , , , , , , , 
#SEGM, 13, , , -51.435600, 315.282300, 0.000000, 567.851674, , , , , , , , , , , , , , , , 
#SEGM, 13, , , -52.564200, 310.716500, 0.000000, 572.554893, , , , , , , , , , , , , , , , 
#SEGM, 13, , , -53.300800, 306.088400, 0.000000, 577.241245, , , , , , , , , , , , , , , , 
#SEGM, 13, , , -53.657000, 301.443500, 0.000000, 581.899782, , , , , , , , , , , , , , , , 
#SEGM, 13, , , -53.657000, 300.000000, 0.000000, 583.343282, , , , , , , , , , , , , , , , 
#SEGM, 13, , , -53.657000, 200.000000, 0.000000, 683.343282, , , , , , , , , , , , , , , , 
#SEGM, 13, , , -53.658000, 99.999999, 0.000000, 783.343283, , , , , , , , , , , , , , , , 
#SEGM, 13, , , -53.658000, 0.000000, 0.000000, 883.343282, , , , , , , , , , , , , , , , 
#SEGM, 13, , , -53.658000, -1.389400, 0.000002, 884.732682, , , , , , , , , , , , , , , , 
#SEGM, 13, , , -53.494000, -3.914800, 0.000002, 887.263402, , , , , , , , , , , , , , , , 
#SEGM, 13, , , -53.150900, -7.293300, 0.000002, 890.659279, , , , , , , , , , , , , , , , 
#SEGM, 13, , , -52.284200, -11.976700, 0.000002, 895.422199, , , , , , , , , , , , , , , , 
#SEGM, 13, , , -51.075600, -16.447100, 0.000002, 900.053094, , , , , , , , , , , , , , , , 
#SEGM, 13, , , -49.433800, -20.869400, 0.000001, 904.770322, , , , , , , , , , , , , , , , 
#SEGM, 13, , , -47.398400, -25.146100, 0.000001, 909.506673, , , , , , , , , , , , , , , , 
#SEGM, 13, , , -44.995800, -29.221600, 0.000001, 914.237654, , , , , , , , , , , , , , , , 
#SEGM, 13, , , -42.240200, -33.074100, 0.000001, 918.974223, , , , , , , , , , , , , , , , 
#SEGM, 13, , , -39.150500, -36.676300, 0.000001, 923.719968, , , , , , , , , , , , , , , , 
#SEGM, 13, , , -35.772700, -39.978300, 0.000001, 928.443604, , , , , , , , , , , , , , , , 
#SEGM, 13, , , -32.091700, -42.992300, 0.000001, 933.201120, , , , , , , , , , , , , , , , 
#SEGM, 13, , , -28.179400, -45.656900, 0.000000, 937.934637, , , , , , , , , , , , , , , , 
#SEGM, 13, , , -24.047000, -47.966300, 0.000000, 942.668563, , , , , , , , , , , , , , , , 
#SEGM, 13, , , -19.731900, -49.899000, 0.000000, 947.396715, , , , , , , , , , , , , , , , 
#SEGM, 13, , , -15.282300, -51.435600, 0.000000, 952.104164, , , , , , , , , , , , , , , , 
#SEGM, 13, , , -10.716500, -52.564200, 0.000000, 956.807383, , , , , , , , , , , , , , , , 
#SEGM, 13, , , -6.088400, -53.300800, 0.000000, 961.493734, , , , , , , , , , , , , , , , 
#SEGM, 13, , , -1.443500, -53.657000, 0.000000, 966.152272, , , , , , , , , , , , , , , , 
#SEGM, 13, , , 0.000000, -53.657000, 0.000000, 967.595772, , , , , , , , , , , , , , , , 
#SEGM, 13, , , 100.000001, -53.659000, 0.000000, 1067.595773, , , , , , , , , , , , , , , , 
#SEGM, 13, , , 103.582300, -53.658000, 0.000000, 1071.178073, , , , , , , , , , , , , , , , 
#SEGM, 13, , , 108.599500, -53.229200, 0.000000, 1076.213563, , , , , , , , , , , , , , , , 
#SEGM, 13, , , 114.180700, -51.918400, 0.000000, 1081.946624, , , , , , , , , , , , , , , , 
#SEGM, 13, , , 120.700400, -50.481000, 0.000000, 1088.622896, , , , , , , , , , , , , , , , 
#SEGM, 13, , , 127.265800, -50.000000, 0.000000, 1095.205892, , , , , , , , , , , , , , , , 
#SEGM, 13, , , 142.434800, -50.000000, -0.000000, 1110.374892, , , , , , , , , , , , , , , , 
#SEGM, 13, , , 146.201500, -49.355800, -0.000000, 1114.196282, , , , , , , , , , , , , , , , 
#SEGM, 13, , , 149.776300, -47.285100, 0.000000, 1118.327504, , , , , , , , , , , , , , , , 
#SEGM, 13, , , 152.514200, -43.768000, 0.000000, 1122.784643, , , , , , , , , , , , , , , , 
#SEGM, 13, , , 153.658000, -38.866100, 0.000000, 1127.818221, , , , , , , , , , , , , , , , 
#SEGM, 13, , , 153.658000, 0.000000, -0.000001, 1166.684321, , , , , , , , , , , , , , , , 
#SEGM, 14, , , 0.000000, 146.342000, -0.000001, 0.000000, , , , , , , , , , , , , , , , 
#SEGM, 14, , , 100.000000, 146.342000, 0.000000, 100.000000, , , , , , , , , , , , , , , , 
#SEGM, 14, , , 200.000000, 146.342000, 0.000000, 200.000000, , , , , , , , , , , , , , , , 
#SEGM, 14, , , 300.000000, 146.342000, 0.000000, 300.000000, , , , , , , , , , , , , , , , 
#SEGM, 14, , , 302.565800, 146.341999, 0.000000, 302.565800, , , , , , , , , , , , , , , , 
#SEGM, 14, , , 307.957700, 146.728699, 0.000000, 307.971549, , , , , , , , , , , , , , , , 
#SEGM, 14, , , 312.321300, 147.616599, 0.000000, 312.424567, , , , , , , , , , , , , , , , 
#SEGM, 14, , , 320.100300, 149.439999, 0.000000, 320.414412, , , , , , , , , , , , , , , , 
#SEGM, 14, , , 327.085400, 149.999999, 0.000000, 327.421924, , , , , , , , , , , , , , , , 
#SEGM, 14, , , 342.505100, 149.999999, 0.000000, 342.841624, , , , , , , , , , , , , , , , 
#SEGM, 14, , , 346.748500, 150.835599, 0.000000, 347.166514, , , , , , , , , , , , , , , , 
#SEGM, 14, , , 350.472500, 153.351499, -0.000000, 351.660724, , , , , , , , , , , , , , , , 
#SEGM, 14, , , 352.641800, 156.504399, 0.000000, 355.487817, , , , , , , , , , , , , , , , 
#SEGM, 14, , , 353.658000, 161.174499, 0.000000, 360.267200, , , , , , , , , , , , , , , , 
#SEGM, 14, , , 353.658000, 199.999999, 0.000000, 399.092700, , , , , , , , , , , , , , , , 
#SEGM, 14, , , 353.658000, 300.000000, 0.000000, 499.092701, , , , , , , , , , , , , , , , 
#SEGM, 14, , , 353.658000, 301.389400, 0.000002, 500.482101, , , , , , , , , , , , , , , , 
#SEGM, 14, , , 353.494000, 303.914800, 0.000002, 503.012820, , , , , , , , , , , , , , , , 
#SEGM, 14, , , 353.150900, 307.293300, 0.000002, 506.408697, , , , , , , , , , , , , , , , 
#SEGM, 14, , , 352.284200, 311.976700, 0.000002, 511.171617, , , , , , , , , , , , , , , , 
#SEGM, 14, , , 351.075600, 316.447100, 0.000002, 515.802512, , , , , , , , , , , , , , , , 
#SEGM, 14, , , 349.433800, 320.869400, 0.000001, 520.519741, , , , , , , , , , , , , , , , 
#SEGM, 14, , , 347.398400, 325.146100, 0.000001, 525.256091, , , , , , , , , , , , , , , , 
#SEGM, 14, , , 344.995800, 329.221600, 0.000001, 529.987073, , , , , , , , , , , , , , , , 
#SEGM, 14, , , 342.240200, 333.074100, 0.000001, 534.723642, , , , , , , , , , , , , , , , 
#SEGM, 14, , , 339.150500, 336.676300, 0.000001, 539.469386, , , , , , , , , , , , , , , , 
#SEGM, 14, , , 335.772700, 339.978300, 0.000001, 544.193022, , , , , , , , , , , , , , , , 
#SEGM, 14, , , 332.091700, 342.992300, 0.000001, 548.950538, , , , , , , , , , , , , , , , 
#SEGM, 14, , , 328.179400, 345.656900, 0.000000, 553.684055, , , , , , , , , , , , , , , , 
#SEGM, 14, , , 324.047000, 347.966300, 0.000000, 558.417982, , , , , , , , , , , , , , , , 
#SEGM, 14, , , 319.731900, 349.899000, 0.000000, 563.146133, , , , , , , , , , , , , , , , 
#SEGM, 14, , , 315.282300, 351.435600, 0.000000, 567.853583, , , , , , , , , , , , , , , , 
#SEGM, 14, , , 310.716500, 352.564200, 0.000000, 572.556801, , , , , , , , , , , , , , , , 
#SEGM, 14, , , 306.088400, 353.300800, 0.000000, 577.243153, , , , , , , , , , , , , , , , 
#SEGM, 14, , , 301.443500, 353.657000, 0.000000, 581.901691, , , , , , , , , , , , , , , , 
#SEGM, 14, , , 300.000000, 353.657000, 0.000000, 583.345191, , , , , , , , , , , , , , , , 
#SEGM, 14, , , 200.000000, 353.657000, 0.000000, 683.345191, , , , , , , , , , , , , , , , 
#SEGM, 14, , , 100.000000, 353.658000, 0.000000, 783.345191, , , , , , , , , , , , , , , , 
#SEGM, 14, , , -0.000000, 353.658000, 0.000000, 883.345191, , , , , , , , , , , , , , , , 
#SEGM, 14, , , -1.389400, 353.658000, 0.000002, 884.734591, , , , , , , , , , , , , , , , 
#SEGM, 14, , , -3.914800, 353.494000, 0.000002, 887.265310, , , , , , , , , , , , , , , , 
#SEGM, 14, , , -7.293300, 353.150900, 0.000002, 890.661187, , , , , , , , , , , , , , , , 
#SEGM, 14, , , -11.976700, 352.284200, 0.000002, 895.424107, , , , , , , , , , , , , , , , 
#SEGM, 14, , , -16.447100, 351.075600, 0.000002, 900.055002, , , , , , , , , , , , , , , , 
#SEGM, 14, , , -20.869400, 349.433800, 0.000001, 904.772230, , , , , , , , , , , , , , , , 
#SEGM, 14, , , -25.146100, 347.398400, 0.000001, 909.508581, , , , , , , , , , , , , , , , 
#SEGM, 14, , , -29.221600, 344.995800, 0.000001, 914.239562, , , , , , , , , , , , , , , , 
#SEGM, 14, , , -33.074100, 342.240200, 0.000001, 918.976132, , , , , , , , , , , , , , , , 
#SEGM, 14, , , -36.676300, 339.150500, 0.000001, 923.721876, , , , , , , , , , , , , , , , 
#SEGM, 14, , , -39.978300, 335.772700, 0.000001, 928.445512, , , , , , , , , , , , , , , , 
#SEGM, 14, , , -42.992300, 332.091700, 0.000001, 933.203028, , , , , , , , , , , , , , , , 
#SEGM, 14, , , -45.656900, 328.179400, 0.000000, 937.936545, , , , , , , , , , , , , , , , 
#SEGM, 14, , , -47.966300, 324.047000, 0.000000, 942.670471, , , , , , , , , , , , , , , , 
#SEGM, 14, , , -49.899000, 319.731900, 0.000000, 947.398623, , , , , , , , , , , , , , , , 
#SEGM, 14, , , -51.435600, 315.282300, 0.000000, 952.106072, , , , , , , , , , , , , , , , 
#SEGM, 14, , , -52.564200, 310.716500, 0.000000, 956.809291, , , , , , , , , , , , , , , , 
#SEGM, 14, , , -53.300800, 306.088400, 0.000000, 961.495643, , , , , , , , , , , , , , , , 
#SEGM, 14, , , -53.657000, 301.443500, 0.000000, 966.154180, , , , , , , , , , , , , , , , 
#SEGM, 14, , , -53.657000, 300.000000, 0.000000, 967.597680, , , , , , , , , , , , , , , , 
#SEGM, 14, , , -53.657000, 200.000000, 0.000000, 1067.597680, , , , , , , , , , , , , , , , 
#SEGM, 14, , , -53.658000, 196.417699, 0.000000, 1071.179981, , , , , , , , , , , , , , , , 
#SEGM, 14, , , -53.229200, 191.400499, 0.000000, 1076.215472, , , , , , , , , , , , , , , , 
#SEGM, 14, , , -51.918400, 185.819299, 0.000000, 1081.948533, , , , , , , , , , , , , , , , 
#SEGM, 14, , , -50.481000, 179.299599, 0.000000, 1088.624805, , , , , , , , , , , , , , , , 
#SEGM, 14, , , -50.000000, 172.734199, 0.000000, 1095.207801, , , , , , , , , , , , , , , , 
#SEGM, 14, , , -50.000000, 157.565199, -0.000000, 1110.376801, , , , , , , , , , , , , , , , 
#SEGM, 14, , , -49.355800, 153.798499, -0.000000, 1114.198191, , , , , , , , , , , , , , , , 
#SEGM, 14, , , -47.285100, 150.223699, 0.000000, 1118.329413, , , , , , , , , , , , , , , , 
#SEGM, 14, , , -43.768000, 147.485799, 0.000000, 1122.786552, , , , , , , , , , , , , , , , 
#SEGM, 14, , , -38.866100, 146.341999, 0.000000, 1127.820129, , , , , , , , , , , , , , , , 
#SEGM, 14, , , 0.000000, 146.342000, -0.000001, 1166.686229, , , , , , , , , , , , , , , , 
#SEGM, 15, , , 300.000000, 153.658000, -0.000001, 0.000000, , , , , , , , , , , , , , , , 
#SEGM, 15, , , 200.000000, 153.658000, 0.000000, 100.000000, , , , , , , , , , , , , , , , 
#SEGM, 15, , , 100.000000, 153.658000, 0.000000, 200.000000, , , , , , , , , , , , , , , , 
#SEGM, 15, , , 0.000000, 153.658000, 0.000000, 300.000000, , , , , , , , , , , , , , , , 
#SEGM, 15, , , -2.565800, 153.657999, 0.000000, 302.565800, , , , , , , , , , , , , , , , 
#SEGM, 15, , , -7.227200, 153.371499, 0.000000, 307.235996, , , , , , , , , , , , , , , , 
#SEGM, 15, , , -13.782900, 152.010199, 0.000000, 313.931542, , , , , , , , , , , , , , , , 
#SEGM, 15, , , -19.913200, 150.591899, 0.000000, 320.223772, , , , , , , , , , , , , , , , 
#SEGM, 15, , , -27.085400, 149.999999, 0.000000, 327.420354, , , , , , , , , , , , , , , , 
#SEGM, 15, , , -42.505100, 149.999999, 0.000000, 342.840054, , , , , , , , , , , , , , , , 
#SEGM, 15, , , -47.201300, 148.965899, 0.000000, 347.648760, , , , , , , , , , , , , , , , 
#SEGM, 15, , , -50.438400, 146.683299, -0.000000, 351.609705, , , , , , , , , , , , , , , , 
#SEGM, 15, , , -52.712500, 143.338199, 0.000000, 355.654606, , , , , , , , , , , , , , , , 
#SEGM, 15, , , -53.658000, 138.825499, 0.000000, 360.265292, , , , , , , , , , , , , , , , 
#SEGM, 15, , , -53.658000, 99.999999, 0.000000, 399.090792, , , , , , , , , , , , , , , , 
#SEGM, 15, , , -53.658000, 0.000000, 0.000000, 499.090792, , , , , , , , , , , , , , , , 
#SEGM, 15, , , -53.658000, -1.389400, 0.000002, 500.480192, , , , , , , , , , , , , , , , 
#SEGM, 15, , , -53.494000, -3.914800, 0.000002, 503.010911, , , , , , , , , , , , , , , , 
#SEGM, 15, , , -53.150900, -7.293300, 0.000002, 506.406788, , , , , , , , , , , , , , , , 
#SEGM, 15, , , -52.284200, -11.976700, 0.000002, 511.169708, , , , , , , , , , , , , , , , 
#SEGM, 15, , , -51.075600, -16.447100, 0.000002, 515.800603, , , , , , , , , , , , , , , , 
#SEGM, 15, , , -49.433800, -20.869400, 0.000001, 520.517832, , , , , , , , , , , , , , , , 
#SEGM, 15, , , -47.398400, -25.146100, 0.000001, 525.254182, , , , , , , , , , , , , , , , 
#SEGM, 15, , , -44.995800, -29.221600, 0.000001, 529.985164, , , , , , , , , , , , , , , , 
#SEGM, 15, , , -42.240200, -33.074100, 0.000001, 534.721733, , , , , , , , , , , , , , , , 
#SEGM, 15, , , -39.150500, -36.676300, 0.000001, 539.467477, , , , , , , , , , , , , , , , 
#SEGM, 15, , , -35.772700, -39.978300, 0.000001, 544.191113, , , , , , , , , , , , , , , , 
#SEGM, 15, , , -32.091700, -42.992300, 0.000001, 548.948629, , , , , , , , , , , , , , , , 
#SEGM, 15, , , -28.179400, -45.656900, 0.000000, 553.682146, , , , , , , , , , , , , , , , 
#SEGM, 15, , , -24.047000, -47.966300, 0.000000, 558.416073, , , , , , , , , , , , , , , , 
#SEGM, 15, , , -19.731900, -49.899000, 0.000000, 563.144224, , , , , , , , , , , , , , , , 
#SEGM, 15, , , -15.282300, -51.435600, 0.000000, 567.851674, , , , , , , , , , , , , , , , 
#SEGM, 15, , , -10.716500, -52.564200, 0.000000, 572.554892, , , , , , , , , , , , , , , , 
#SEGM, 15, , , -6.088400, -53.300800, 0.000000, 577.241244, , , , , , , , , , , , , , , , 
#SEGM, 15, , , -1.443500, -53.657000, 0.000000, 581.899782, , , , , , , , , , , , , , , , 
#SEGM, 15, , , 0.000000, -53.657000, 0.000000, 583.343282, , , , , , , , , , , , , , , , 
#SEGM, 15, , , 100.000001, -53.659000, 0.000000, 683.343282, , , , , , , , , , , , , , , , 
#SEGM, 15, , , 200.000000, -53.658000, 0.000000, 783.343282, , , , , , , , , , , , , , , , 
#SEGM, 15, , , 300.000000, -53.658000, 0.000000, 883.343282, , , , , , , , , , , , , , , , 
#SEGM, 15, , , 301.389400, -53.658000, 0.000002, 884.732682, , , , , , , , , , , , , , , , 
#SEGM, 15, , , 303.914800, -53.494000, 0.000002, 887.263401, , , , , , , , , , , , , , , , 
#SEGM, 15, , , 307.293300, -53.150900, 0.000002, 890.659278, , , , , , , , , , , , , , , , 
#SEGM, 15, , , 311.976700, -52.284200, 0.000002, 895.422198, , , , , , , , , , , , , , , , 
#SEGM, 15, , , 316.447100, -51.075600, 0.000002, 900.053093, , , , , , , , , , , , , , , , 
#SEGM, 15, , , 320.869400, -49.433800, 0.000001, 904.770321, , , , , , , , , , , , , , , , 
#SEGM, 15, , , 325.146100, -47.398400, 0.000001, 909.506672, , , , , , , , , , , , , , , , 
#SEGM, 15, , , 329.221600, -44.995800, 0.000001, 914.237654, , , , , , , , , , , , , , , , 
#SEGM, 15, , , 333.074100, -42.240200, 0.000001, 918.974223, , , , , , , , , , , , , , , , 
#SEGM, 15, , , 336.676300, -39.150500, 0.000001, 923.719967, , , , , , , , , , , , , , , , 
#SEGM, 15, , , 339.978300, -35.772700, 0.000001, 928.443603, , , , , , , , , , , , , , , , 
#SEGM, 15, , , 342.992300, -32.091700, 0.000001, 933.201119, , , , , , , , , , , , , , , , 
#SEGM, 15, , , 345.656900, -28.179400, 0.000000, 937.934636, , , , , , , , , , , , , , , , 
#SEGM, 15, , , 347.966300, -24.047000, 0.000000, 942.668562, , , , , , , , , , , , , , , , 
#SEGM, 15, , , 349.899000, -19.731900, 0.000000, 947.396714, , , , , , , , , , , , , , , , 
#SEGM, 15, , , 351.435600, -15.282300, 0.000000, 952.104163, , , , , , , , , , , , , , , , 
#SEGM, 15, , , 352.564200, -10.716500, 0.000000, 956.807382, , , , , , , , , , , , , , , , 
#SEGM, 15, , , 353.300800, -6.088400, 0.000000, 961.493734, , , , , , , , , , , , , , , , 
#SEGM, 15, , , 353.657000, -1.443500, 0.000000, 966.152271, , , , , , , , , , , , , , , , 
#SEGM, 15, , , 353.657000, 0.000000, 0.000000, 967.595771, , , , , , , , , , , , , , , , 
#SEGM, 15, , , 353.659000, 100.000000, 0.000000, 1067.595772, , , , , , , , , , , , , , , , 
#SEGM, 15, , , 353.658000, 103.582299, 0.000000, 1071.178071, , , , , , , , , , , , , , , , 
#SEGM, 15, , , 353.229200, 108.599499, 0.000000, 1076.213561, , , , , , , , , , , , , , , , 
#SEGM, 15, , , 351.918400, 114.180699, 0.000000, 1081.946622, , , , , , , , , , , , , , , , 
#SEGM, 15, , , 350.481000, 120.700399, 0.000000, 1088.622894, , , , , , , , , , , , , , , , 
#SEGM, 15, , , 350.000000, 127.265799, 0.000000, 1095.205890, , , , , , , , , , , , , , , , 
#SEGM, 15, , , 350.000000, 142.434799, -0.000000, 1110.374890, , , , , , , , , , , , , , , , 
#SEGM, 15, , , 349.355800, 146.201499, -0.000000, 1114.196281, , , , , , , , , , , , , , , , 
#SEGM, 15, , , 347.285100, 149.776299, 0.000000, 1118.327502, , , , , , , , , , , , , , , , 
#SEGM, 15, , , 343.768000, 152.514199, 0.000000, 1122.784641, , , , , , , , , , , , , , , , 
#SEGM, 15, , , 338.866100, 153.657999, 0.000000, 1127.818219, , , , , , , , , , , , , , , , 
#SEGM, 15, , , 300.000000, 153.658000, -0.000001, 1166.684319, , , , , , , , , , , , , , , , 
#PATH, 0, "SW Loop, CW", 0, , , , , 0.000000, , , , , , , , , , , , , , , 1
#PATH, 1, "SW Loop, CCW", 1, , , , , 0.000000, , , , , , , , , , , , , , , 1
#PATH, 2, "NW Loop, CW", 2, , , , , 0.000000, , , , , , , , , , , , , , , 1
#PATH, 3, "NW Loop, CCW", 3, , , , , 0.000000, , , , , , , , , , , , , , , 1
#PATH, 4, "NE Loop, CW", 4, , , , , 0.000000, , , , , , , , , , , , , , , 1
#PATH, 5, "NE Loop, CCW", 5, , , , , 0.000000, , , , , , , , , , , , , , , 1
#PATH, 6, "SE Loop, CW", 6, , , , , 0.000000, , , , , , , , , , , , , , , 1
#PATH, 7, "SE Loop, CCW", 7, , , , , 0.000000, , , , , , , , , , , , , , , 1
#PATH, 8, "E Loop, CW", 8, , , , , 0.000000, , , , , , , , , , , , , , , 1
#PATH, 9, "W Loop, CW", 9, , , , , 0.000000, , , , , , , , , , , , , , , 1
#PATH, 10, "N Loop, CW", 10, , , , , 0.000000, , , , , , , , , , , , , , , 1
#PATH, 11, "S Loop, CW", 11, , , , , 0.000000, , , , , , , , , , , , , , , 1
#PATH, 12, "E Loop, CCW", 12, , , , , 0.000000, , , , , , , , , , , , , , , 1
#PATH, 13, "W Loop, CCW", 13, , , , , 0.000000, , , , , , , , , , , , , , , 1
#PATH, 14, "N Loop, CCW", 14, , , , , 0.000000, , , , , , , , , , , , , , , 1
#PATH, 15, "S Loop, CCW", 15, , , , , 0.000000, , , , , , , , , , , , , , , 1
#REND, , , , , , , , , Straight_01, Animator/3D_Shape_Files/VS_SceneBuilder/Resources/Tilesets/Urban/Mesh/VsV/Straight_01_Buildings.OSG, -270.000000, -49.999000, 250.000000, 0.000000, 1, , , , , , , , 
#REND, , , , , , , , , Straight_01, Animator/3D_Shape_Files/VS_SceneBuilder/Resources/Tilesets/Urban/Mesh/VsV/Straight_01.OSG, -270.000000, -49.999000, 250.000000, 0.000000, 0, , , , , , , , 
#REND, , , , , , , , , Straight_01, Animator/3D_Shape_Files/VS_SceneBuilder/Resources/Tilesets/Urban/Mesh/VsV/Straight_01_Buildings.OSG, -180.000000, 50.000001, -50.001000, 0.000000, 1, , , , , , , , 
#REND, , , , , , , , , Straight_01, Animator/3D_Shape_Files/VS_SceneBuilder/Resources/Tilesets/Urban/Mesh/VsV/Straight_01.OSG, -180.000000, 50.000001, -50.001000, 0.000000, 0, , , , , , , , 
#REND, , , , , , , , , Straight_01, Animator/3D_Shape_Files/VS_SceneBuilder/Resources/Tilesets/Urban/Mesh/VsV/Straight_01_Buildings.OSG, -90.000000, 350.000000, 250.000000, 0.000000, 1, , , , , , , , 
#REND, , , , , , , , , Straight_01, Animator/3D_Shape_Files/VS_SceneBuilder/Resources/Tilesets/Urban/Mesh/VsV/Straight_01.OSG, -90.000000, 350.000000, 250.000000, 0.000000, 0, , , , , , , , 
#REND, , , , , , , , , Straight_01, Animator/3D_Shape_Files/VS_SceneBuilder/Resources/Tilesets/Urban/Mesh/VsV/Straight_01_Buildings.OSG, -180.000000, 250.000000, 349.999000, 0.000000, 1, , , , , , , , 
#REND, , , , , , , , , Straight_01, Animator/3D_Shape_Files/VS_SceneBuilder/Resources/Tilesets/Urban/Mesh/VsV/Straight_01.OSG, -180.000000, 250.000000, 349.999000, 0.000000, 0, , , , , , , , 
#REND, , , , , , , , , Straight_02, Animator/3D_Shape_Files/VS_SceneBuilder/Resources/Tilesets/Urban/Mesh/VsV/Straight_02.OSG, -180.000000, 50.000000, 350.000000, 0.000000, 0, , , , , , , , 
#REND, , , , , , , , , Straight_02, Animator/3D_Shape_Files/VS_SceneBuilder/Resources/Tilesets/Urban/Mesh/VsV/Straight_02_Buildings.OSG, -180.000000, 50.000000, 350.000000, 0.000000, 1, , , , , , , , 
#REND, , , , , , , , , Straight_02, Animator/3D_Shape_Files/VS_SceneBuilder/Resources/Tilesets/Urban/Mesh/VsV/Straight_02.OSG, -180.000000, 250.000000, -50.000000, 0.000000, 0, , , , , , , , 
#REND, , , , , , , , , Straight_02, Animator/3D_Shape_Files/VS_SceneBuilder/Resources/Tilesets/Urban/Mesh/VsV/Straight_02_Buildings.OSG, -180.000000, 250.000000, -50.000000, 0.000000, 1, , , , , , , , 
#REND, , , , , , , , , Straight_02, Animator/3D_Shape_Files/VS_SceneBuilder/Resources/Tilesets/Urban/Mesh/VsV/Straight_02.OSG, -90.000000, 350.001000, 50.000000, 0.000000, 0, , , , , , , , 
#REND, , , , , , , , , Straight_02, Animator/3D_Shape_Files/VS_SceneBuilder/Resources/Tilesets/Urban/Mesh/VsV/Straight_02_Buildings.OSG, -90.000000, 350.001000, 50.000000, 0.000000, 1, , , , , , , , 
#REND, , , , , , , , , Straight_02, Animator/3D_Shape_Files/VS_SceneBuilder/Resources/Tilesets/Urban/Mesh/VsV/Straight_02.OSG, -90.000000, -50.000000, 50.000000, 0.000000, 0, , , , , , , , 
#REND, , , , , , , , , Straight_02, Animator/3D_Shape_Files/VS_SceneBuilder/Resources/Tilesets/Urban/Mesh/VsV/Straight_02_Buildings.OSG, -90.000000, -50.000000, 50.000000, 0.000000, 1, , , , , , , , 
#REND, , , , , , , , , 90_Turn_01, Animator/3D_Shape_Files/VS_SceneBuilder/Resources/Tilesets/Urban/Mesh/VsV/90_Turn_01.OSG, -180.000000, -50.000000, -50.000000, 0.000000, 0, , , , , , , , 
#REND, , , , , , , , , 90_Turn_01, Animator/3D_Shape_Files/VS_SceneBuilder/Resources/Tilesets/Urban/Mesh/VsV/90_Turn_01_Buildings.OSG, -180.000000, -50.000000, -50.000000, 0.000000, 1, , , , , , , , 
#REND, , , , , , , , , 90_Turn_02, Animator/3D_Shape_Files/VS_SceneBuilder/Resources/Tilesets/Urban/Mesh/VsV/90_Turn_02.OSG, -90.000000, 350.000000, -50.000000, 0.000000, 0, , , , , , , , 
#REND, , , , , , , , , 90_Turn_02, Animator/3D_Shape_Files/VS_SceneBuilder/Resources/Tilesets/Urban/Mesh/VsV/90_Turn_02_Buildings.OSG, -90.000000, 350.000000, -50.000000, 0.000000, 1, , , , , , , , 
#REND, , , , , , , , , 90_Turn_02, Animator/3D_Shape_Files/VS_SceneBuilder/Resources/Tilesets/Urban/Mesh/VsV/90_Turn_02.OSG, -270.000000, -50.000000, 350.000000, 0.000000, 0, , , , , , , , 
#REND, , , , , , , , , 90_Turn_02, Animator/3D_Shape_Files/VS_SceneBuilder/Resources/Tilesets/Urban/Mesh/VsV/90_Turn_02_Buildings.OSG, -270.000000, -50.000000, 350.000000, 0.000000, 1, , , , , , , , 
#REND, , , , , , , , , 90_Turn_01, Animator/3D_Shape_Files/VS_SceneBuilder/Resources/Tilesets/Urban/Mesh/VsV/90_Turn_01.OSG, 0.000000, 350.000000, 350.000000, 0.000000, 0, , , , , , , , 
#REND, , , , , , , , , 90_Turn_01, Animator/3D_Shape_Files/VS_SceneBuilder/Resources/Tilesets/Urban/Mesh/VsV/90_Turn_01_Buildings.OSG, 0.000000, 350.000000, 350.000000, 0.000000, 1, , , , , , , , 
#REND, , , , , , , , , T_01, Animator/3D_Shape_Files/VS_SceneBuilder/Resources/Tilesets/Urban/Mesh/VsV/T_01_Buildings.OSG, -180.000000, 150.000000, -50.000000, 0.000000, 1, , , , , , , , 
#REND, , , , , , , , , T_01, Animator/3D_Shape_Files/VS_SceneBuilder/Resources/Tilesets/Urban/Mesh/VsV/T_01.OSG, -180.000000, 150.000000, -50.000000, 0.000000, 0, , , , , , , , 
#REND, , , , , , , , , T_01, Animator/3D_Shape_Files/VS_SceneBuilder/Resources/Tilesets/Urban/Mesh/VsV/T_01_Buildings.OSG, -90.000000, 350.000000, 149.999999, 0.000000, 1, , , , , , , , 
#REND, , , , , , , , , T_01, Animator/3D_Shape_Files/VS_SceneBuilder/Resources/Tilesets/Urban/Mesh/VsV/T_01.OSG, -90.000000, 350.000000, 149.999999, 0.000000, 0, , , , , , , , 
#REND, , , , , , , , , T_02, Animator/3D_Shape_Files/VS_SceneBuilder/Resources/Tilesets/Urban/Mesh/VsV/T_02_Buildings.OSG, -270.000000, -50.000000, 149.999999, 0.000000, 1, , , , , , , , 
#REND, , , , , , , , , T_02, Animator/3D_Shape_Files/VS_SceneBuilder/Resources/Tilesets/Urban/Mesh/VsV/T_02.OSG, -270.000000, -50.000000, 149.999999, 0.000000, 0, , , , , , , , 
#REND, , , , , , , , , T_02, Animator/3D_Shape_Files/VS_SceneBuilder/Resources/Tilesets/Urban/Mesh/VsV/T_02_Buildings.OSG, 0.000000, 150.000000, 350.000000, 0.000000, 1, , , , , , , , 
#REND, , , , , , , , , T_02, Animator/3D_Shape_Files/VS_SceneBuilder/Resources/Tilesets/Urban/Mesh/VsV/T_02.OSG, 0.000000, 150.000000, 350.000000, 0.000000, 0, , , , , , , , 
#REND, , , , , , , , , Background Buildings, Animator/3D_Shape_Files/VS_SceneBuilder/Resources/Tilesets/Urban/Mesh/VsV/BG_Buildings_01.OSG, 0.000000, 250.000000, 250.000000, 0.000000, 0, , , , , , , , 
#REND, , , , , , , , , Background Buildings, Animator/3D_Shape_Files/VS_SceneBuilder/Resources/Tilesets/Urban/Mesh/VsV/BG_Buildings_01.OSG, -180.000000, 250.000000, 50.000000, 0.000000, 0, , , , , , , , 
#REND, , , , , , , , , Background Buildings, Animator/3D_Shape_Files/VS_SceneBuilder/Resources/Tilesets/Urban/Mesh/VsV/BG_Buildings_01.OSG, -180.000000, 50.000000, 250.000000, 0.000000, 0, , , , , , , , 
#REND, , , , , , , , , Background Buildings, Animator/3D_Shape_Files/VS_SceneBuilder/Resources/Tilesets/Urban/Mesh/VsV/BG_Buildings_01.OSG, 0.000000, 50.000000, 50.000000, 0.000000, 0, , , , , , , , 
#REND, , , , , , , , , Straight_02, Animator/3D_Shape_Files/VS_SceneBuilder/Resources/Tilesets/Urban/Mesh/VsV/Straight_02.OSG, -270.000000, 150.000000, 50.000000, 0.000000, 0, , , , , , , , 
#REND, , , , , , , , , Straight_02, Animator/3D_Shape_Files/VS_SceneBuilder/Resources/Tilesets/Urban/Mesh/VsV/Straight_02_Buildings.OSG, -270.000000, 150.000000, 50.000000, 0.000000, 1, , , , , , , , 
#REND, , , , , , , , , Straight_01, Animator/3D_Shape_Files/VS_SceneBuilder/Resources/Tilesets/Urban/Mesh/VsV/Straight_01_Buildings.OSG, -90.000000, 150.000000, 250.000000, 0.000000, 1, , , , , , , , 
#REND, , , , , , , , , Straight_01, Animator/3D_Shape_Files/VS_SceneBuilder/Resources/Tilesets/Urban/Mesh/VsV/Straight_01.OSG, -90.000000, 150.000000, 250.000000, 0.000000, 0, , , , , , , , 
#REND, , , , , , , , , Straight_01, Animator/3D_Shape_Files/VS_SceneBuilder/Resources/Tilesets/Urban/Mesh/VsV/Straight_01_Buildings.OSG, 0.000000, 250.000000, 150.000000, 0.000000, 1, , , , , , , , 
#REND, , , , , , , , , Straight_01, Animator/3D_Shape_Files/VS_SceneBuilder/Resources/Tilesets/Urban/Mesh/VsV/Straight_01.OSG, 0.000000, 250.000000, 150.000000, 0.000000, 0, , , , , , , , 
#REND, , , , , , , , , Straight_02, Animator/3D_Shape_Files/VS_SceneBuilder/Resources/Tilesets/Urban/Mesh/VsV/Straight_02.OSG, 0.000000, 50.000000, 150.000000, 0.000000, 0, , , , , , , , 
#REND, , , , , , , , , Straight_02, Animator/3D_Shape_Files/VS_SceneBuilder/Resources/Tilesets/Urban/Mesh/VsV/Straight_02_Buildings.OSG, 0.000000, 50.000000, 150.000000, 0.000000, 1, , , , , , , , 
#REND, , , , , , , , , 4_Way_02, Animator/3D_Shape_Files/VS_SceneBuilder/Resources/Tilesets/Urban/Mesh/VsV/4_Way_02_Buildings.OSG, 0.000000, 150.000000, 150.000000, 0.000000, 1, , , , , , , , 
#REND, , , , , , , , , 4_Way_02, Animator/3D_Shape_Files/VS_SceneBuilder/Resources/Tilesets/Urban/Mesh/VsV/4_Way_02.OSG, 0.000000, 150.000000, 150.000000, 0.000000, 0, , , , , , , , 
#, , , , , , , , , , , , , , , , , , , , , , , 
#ENDTABLE

! Table Columns:
!   NOTE: Label columns are not written to parsfile.
!
! 0: (Ring) Choose Yes to set a custom Path ID
! 1: (Text) Path ID (if active; ignored otherwise)  Specify an integer 999 or greater to identify this reference path. If a path already exists with this ID, then information from this dataset will override the properties of the existing path. If not, a new one will be added to the model.
! 2: (Text) Path Description
! 3: (Text) Starting Station for path
! 4: (Text) Ending Station for path (calculated)
! 5: (Text) Path Length (calculated)
! 6: (Text) Start X location (Global Coordinates)
! 7: (Text) Start Y location (Global Coordinates)
! 8: (Ring) Choose Yes to set path as looped.
#MIXTABLE1
#NUMROWS 16
#Yes, 1000, "SW Loop, CW", 0, 741.324, 741.324, 0.000, 146.342, No
#Yes, 1001, "SW Loop, CCW", 0, 781.533, 781.533, 153.658, 0.000, No
#Yes, 1002, "NW Loop, CW", 0, 741.324, 741.324, 146.342, 300.000, No
#Yes, 1003, "NW Loop, CCW", 0, 781.520, 781.520, 0.000, 146.342, No
#Yes, 1004, "NE Loop, CW", 0, 741.324, 741.324, 300.000, 153.658, No
#Yes, 1005, "NE Loop, CCW", 0, 781.522, 781.522, 146.342, 300.000, No
#Yes, 1006, "SE Loop, CW", 0, 741.296, 741.296, 153.658, 0.000, No
#Yes, 1007, "SE Loop, CCW", 0, 781.522, 781.522, 300.000, 153.658, No
#Yes, 1008, "E Loop, CW", 0, 1124.589, 1124.589, 153.658, 0.000, No
#Yes, 1009, "W Loop, CW", 0, 1124.589, 1124.589, 146.342, 300.000, No
#Yes, 1010, "N Loop, CW", 0, 1124.589, 1124.589, 300.000, 153.658, No
#Yes, 1011, "S Loop, CW", 0, 1124.589, 1124.589, 0.000, 146.342, No
#Yes, 1012, "E Loop, CCW", 0, 1166.686, 1166.686, 146.342, 300.000, No
#Yes, 1013, "W Loop, CCW", 0, 1166.684, 1166.684, 153.658, 0.000, No
#Yes, 1014, "N Loop, CCW", 0, 1166.686, 1166.686, 0.000, 146.342, No
#Yes, 1015, "S Loop, CCW", 0, 1166.684, 1166.684, 300.000, 153.658, No
#ENDTABLE

#EMBEDDED_NOTES
#This dataset was imported from the file CIty_Intersection_Many_Paths.vsscene, exported from the VS Scene Builder. (See the folder Scene_import\Scene_Builder.)
#END_EMBEDDED_NOTES

LOG_ENTRY Used Dataset: Scene: External Import; { VS Scene Builder } City Advanced Intersection
#Library : Scene: External Import
#DataSet : City Advanced Intersection
#Category: VS Scene Builder
#FileID  : SceneImp_1bacc46d-3d5f-4fe6-89de-628f05555924
#Modified: 06-08-2021 16:01:05
#Product : CarSim 2024.1
#DataVer : 2024.1
#VehCode VS Terrain Scene

END
