# Blender 5.1.2
# www.blender.org
mtllib speedbump2.mtl
o Cube_Material_0
v -1.000000 -0.208169 0.496200
v -1.000000 -0.136078 0.496200
v -1.000000 -0.136078 -0.496200
v -1.000000 -0.208169 -0.496200
v -1.000000 -0.208169 -0.496200
v 1.000000 -0.208169 -0.496200
v 1.000000 -0.208169 0.496200
v -1.000000 -0.208169 0.496200
v 1.000000 -0.208169 -0.496200
v 1.000000 -0.136078 -0.496200
v 1.000000 -0.136078 0.496200
v 1.000000 -0.208169 0.496200
v -0.467085 0.061588 -0.496200
v -0.467085 0.061588 0.496200
v -0.158342 0.103186 0.496200
v -0.158342 0.103186 -0.496200
v 0.158342 0.103186 0.496200
v 0.158342 0.103186 -0.496200
v 0.467085 0.061588 0.496200
v 0.467085 0.061588 -0.496200
v 0.752407 -0.019523 -0.234175
v -0.752407 -0.019523 -0.234175
v -0.709447 -0.007310 -0.231746
v 0.709447 -0.007310 -0.231746
v 0.778542 -0.031826 -0.241901
v -0.778542 -0.031826 -0.241901
v 0.794507 -0.039341 -0.253149
v -0.794507 -0.039341 -0.253149
v 0.800113 -0.041980 -0.266416
v -0.800113 -0.041981 -0.266417
v 0.794507 -0.039341 -0.279684
v -0.794507 -0.039341 -0.279684
v 0.778542 -0.031826 -0.290932
v -0.778542 -0.031826 -0.290932
v 0.752407 -0.019523 -0.298658
v -0.752407 -0.019523 -0.298658
v 0.709447 -0.007310 -0.301087
v -0.709447 -0.007310 -0.301087
v 0.662775 0.005958 -0.298448
v -0.662776 0.005958 -0.298448
v 0.623209 0.017205 -0.290932
v -0.623209 0.017205 -0.290932
v 0.596771 0.024721 -0.279684
v -0.596771 0.024721 -0.279684
v -0.587488 0.027360 -0.266417
v 0.587488 0.027360 -0.266417
v 0.596771 0.024721 -0.253149
v -0.596771 0.024721 -0.253149
v 0.623209 0.017205 -0.241901
v -0.623209 0.017205 -0.241901
v 0.662775 0.005958 -0.234385
v -0.662776 0.005958 -0.234385
v -0.623209 0.017205 -0.241901
v 0.623209 0.017205 -0.241901
v 0.752407 -0.019522 0.234175
v 0.709447 -0.007310 0.231746
v -0.709447 -0.007310 0.231746
v -0.752407 -0.019522 0.234175
v -0.778542 -0.031826 0.241901
v 0.778542 -0.031826 0.241901
v -0.794507 -0.039341 0.253149
v 0.794507 -0.039341 0.253149
v -0.800113 -0.041980 0.266417
v 0.800113 -0.041980 0.266417
v -0.794507 -0.039341 0.279684
v 0.794507 -0.039341 0.279684
v -0.778542 -0.031826 0.290932
v 0.778542 -0.031826 0.290932
v -0.752407 -0.019522 0.298658
v 0.752407 -0.019522 0.298658
v -0.709447 -0.007310 0.301087
v 0.709447 -0.007310 0.301087
v -0.662776 0.005958 0.298448
v 0.662775 0.005958 0.298448
v 0.709447 -0.007310 0.301087
v -0.709447 -0.007310 0.301087
v -0.623209 0.017206 0.290932
v 0.623209 0.017206 0.290932
v -0.596771 0.024721 0.279684
v 0.596771 0.024721 0.279684
v -0.587488 0.027360 0.266417
v 0.587488 0.027360 0.266417
v -0.596771 0.024721 0.253149
v 0.596771 0.024721 0.253149
v -0.623209 0.017206 0.241901
v 0.623209 0.017206 0.241901
v -0.662776 0.005958 0.234385
v 0.662775 0.005958 0.234385
v -1.000000 -0.208169 1.488601
v -1.000000 -0.136077 1.488601
v -1.000000 -0.136078 0.496200
v -1.000000 -0.208169 0.496200
v -1.000000 -0.208169 0.496200
v 1.000000 -0.208169 0.496200
v 1.000000 -0.208169 1.488601
v -1.000000 -0.208169 1.488601
v 1.000000 -0.208169 0.496200
v 1.000000 -0.136078 0.496200
v 1.000000 -0.136077 1.488601
v 1.000000 -0.208169 1.488601
v -0.467085 0.061588 0.496200
v -0.467085 0.061588 1.488601
v -0.158342 0.103187 1.488601
v -0.158342 0.103186 0.496200
v 0.158342 0.103187 1.488601
v 0.158342 0.103186 0.496200
v 0.467085 0.061588 1.488601
v 0.467085 0.061588 0.496200
v 0.752407 -0.019522 0.758225
v -0.752407 -0.019522 0.758225
v -0.709447 -0.007310 0.760654
v 0.709447 -0.007310 0.760654
v 0.778542 -0.031825 0.750500
v -0.778542 -0.031825 0.750499
v 0.794507 -0.039341 0.739252
v -0.794507 -0.039341 0.739252
v 0.800113 -0.041980 0.725984
v -0.800113 -0.041980 0.725984
v 0.794507 -0.039341 0.712716
v -0.794507 -0.039341 0.712716
v 0.778542 -0.031825 0.701468
v -0.778542 -0.031825 0.701468
v 0.752407 -0.019522 0.693743
v -0.752407 -0.019522 0.693743
v 0.709447 -0.007310 0.691314
v -0.709447 -0.007310 0.691314
v 0.662775 0.005958 0.693953
v -0.662776 0.005958 0.693953
v 0.623209 0.017206 0.701468
v -0.623209 0.017206 0.701468
v 0.596771 0.024721 0.712716
v -0.596771 0.024721 0.712716
v -0.587488 0.027360 0.725984
v 0.587488 0.027361 0.725984
v 0.596771 0.024721 0.739252
v -0.596771 0.024721 0.739252
v 0.623209 0.017206 0.750500
v -0.623209 0.017206 0.750499
v 0.662775 0.005958 0.758015
v -0.662776 0.005958 0.758015
v -0.623209 0.017206 0.750499
v 0.623209 0.017206 0.750500
v 0.752407 -0.019522 1.226576
v 0.709447 -0.007310 1.224147
v -0.709447 -0.007310 1.224147
v -0.752407 -0.019522 1.226576
v -0.778542 -0.031825 1.234301
v 0.778542 -0.031825 1.234301
v -0.794507 -0.039341 1.245549
v 0.794507 -0.039341 1.245549
v -0.800113 -0.041980 1.258817
v 0.800113 -0.041980 1.258817
v -0.794507 -0.039341 1.272085
v 0.794507 -0.039341 1.272085
v -0.778542 -0.031825 1.283333
v 0.778542 -0.031825 1.283332
v -0.752407 -0.019522 1.291058
v 0.752407 -0.019522 1.291058
v -0.709447 -0.007310 1.293487
v 0.709447 -0.007310 1.293487
v -0.662776 0.005958 1.290848
v 0.662775 0.005958 1.290848
v 0.709447 -0.007310 1.293487
v -0.709447 -0.007310 1.293487
v -0.623209 0.017206 1.283333
v 0.623209 0.017206 1.283332
v -0.596771 0.024722 1.272085
v 0.596771 0.024722 1.272085
v -0.587488 0.027361 1.258817
v 0.587488 0.027361 1.258817
v -0.596771 0.024721 1.245549
v 0.596771 0.024722 1.245549
v -0.623209 0.017206 1.234301
v 0.623209 0.017206 1.234301
v -0.662776 0.005958 1.226786
v 0.662775 0.005958 1.226786
v -1.000000 -0.208170 -1.488600
v -1.000000 -0.136078 -1.488601
v -1.000000 -0.136079 -2.481001
v -1.000000 -0.208170 -2.481001
v -1.000000 -0.208170 -2.481001
v 1.000000 -0.208170 -2.481001
v 1.000000 -0.208170 -1.488600
v -1.000000 -0.208170 -1.488600
v 1.000000 -0.208170 -2.481001
v 1.000000 -0.136079 -2.481001
v 1.000000 -0.136078 -1.488601
v 1.000000 -0.208170 -1.488600
v -0.467085 0.061587 -2.481001
v -0.467085 0.061587 -1.488601
v -0.158342 0.103186 -1.488601
v -0.158342 0.103185 -2.481001
v 0.158342 0.103186 -1.488601
v 0.158342 0.103185 -2.481001
v 0.467085 0.061587 -1.488601
v 0.467085 0.061587 -2.481001
v 0.752407 -0.019523 -2.218976
v -0.752407 -0.019523 -2.218976
v -0.709447 -0.007311 -2.216547
v 0.709447 -0.007311 -2.216547
v 0.778542 -0.031826 -2.226702
v -0.778542 -0.031827 -2.226702
v 0.794507 -0.039342 -2.237950
v -0.794507 -0.039342 -2.237950
v 0.800113 -0.041981 -2.251217
v -0.800113 -0.041981 -2.251217
v 0.794507 -0.039342 -2.264485
v -0.794507 -0.039342 -2.264485
v 0.778542 -0.031826 -2.275733
v -0.778542 -0.031827 -2.275733
v 0.752407 -0.019523 -2.283458
v -0.752407 -0.019523 -2.283458
v 0.709447 -0.007311 -2.285887
v -0.709447 -0.007311 -2.285887
v 0.662775 0.005957 -2.283248
v -0.662776 0.005957 -2.283248
v 0.623209 0.017205 -2.275733
v -0.623209 0.017205 -2.275733
v 0.596771 0.024720 -2.264485
v -0.596771 0.024720 -2.264485
v -0.587488 0.027359 -2.251217
v 0.587488 0.027359 -2.251217
v 0.596771 0.024720 -2.237950
v -0.596771 0.024720 -2.237950
v 0.623209 0.017205 -2.226702
v -0.623209 0.017205 -2.226702
v 0.662775 0.005957 -2.219186
v -0.662776 0.005957 -2.219186
v -0.623209 0.017205 -2.226702
v 0.623209 0.017205 -2.226702
v 0.752407 -0.019523 -1.750625
v 0.709447 -0.007311 -1.753055
v -0.709447 -0.007311 -1.753054
v -0.752407 -0.019523 -1.750625
v -0.778542 -0.031826 -1.742900
v 0.778542 -0.031826 -1.742900
v -0.794507 -0.039342 -1.731652
v 0.794507 -0.039342 -1.731652
v -0.800113 -0.041981 -1.718384
v 0.800113 -0.041981 -1.718384
v -0.794507 -0.039342 -1.705116
v 0.794507 -0.039342 -1.705117
v -0.778542 -0.031826 -1.693869
v 0.778542 -0.031826 -1.693869
v -0.752407 -0.019523 -1.686143
v 0.752407 -0.019523 -1.686143
v -0.709447 -0.007311 -1.683714
v 0.709447 -0.007311 -1.683714
v -0.662776 0.005957 -1.686353
v 0.662775 0.005957 -1.686353
v 0.709447 -0.007311 -1.683714
v -0.709447 -0.007311 -1.683714
v -0.623209 0.017205 -1.693869
v 0.623209 0.017205 -1.693869
v -0.596771 0.024720 -1.705117
v 0.596771 0.024721 -1.705117
v -0.587488 0.027360 -1.718384
v 0.587488 0.027360 -1.718384
v -0.596771 0.024720 -1.731652
v 0.596771 0.024721 -1.731652
v -0.623209 0.017205 -1.742900
v 0.623209 0.017205 -1.742900
v -0.662776 0.005957 -1.750415
v 0.662775 0.005957 -1.750415
v -1.000000 -0.208169 -0.496200
v -1.000000 -0.136078 -0.496200
v -1.000000 -0.136078 -1.488601
v -1.000000 -0.208170 -1.488600
v -1.000000 -0.208170 -1.488600
v 1.000000 -0.208170 -1.488600
v 1.000000 -0.208169 -0.496200
v -1.000000 -0.208169 -0.496200
v 1.000000 -0.208170 -1.488600
v 1.000000 -0.136078 -1.488601
v 1.000000 -0.136078 -0.496200
v 1.000000 -0.208169 -0.496200
v -0.467085 0.061587 -1.488601
v -0.467085 0.061588 -0.496200
v -0.158342 0.103186 -0.496200
v -0.158342 0.103186 -1.488601
v 0.158342 0.103186 -0.496200
v 0.158342 0.103186 -1.488601
v 0.467085 0.061588 -0.496200
v 0.467085 0.061587 -1.488601
v 0.752407 -0.019523 -1.226576
v -0.752407 -0.019523 -1.226576
v -0.709447 -0.007311 -1.224147
v 0.709447 -0.007310 -1.224147
v 0.778542 -0.031826 -1.234301
v -0.778542 -0.031826 -1.234301
v 0.794507 -0.039342 -1.245549
v -0.794507 -0.039342 -1.245549
v 0.800113 -0.041981 -1.258817
v -0.800113 -0.041981 -1.258817
v 0.794507 -0.039342 -1.272085
v -0.794507 -0.039342 -1.272085
v 0.778542 -0.031826 -1.283332
v -0.778542 -0.031826 -1.283333
v 0.752407 -0.019523 -1.291058
v -0.752407 -0.019523 -1.291058
v 0.709447 -0.007310 -1.293487
v -0.709447 -0.007311 -1.293487
v 0.662775 0.005957 -1.290848
v -0.662776 0.005957 -1.290848
v 0.623209 0.017205 -1.283332
v -0.623209 0.017205 -1.283333
v 0.596771 0.024721 -1.272085
v -0.596771 0.024721 -1.272085
v -0.587488 0.027360 -1.258817
v 0.587488 0.027360 -1.258817
v 0.596771 0.024721 -1.245549
v -0.596771 0.024721 -1.245549
v 0.623209 0.017205 -1.234301
v -0.623209 0.017205 -1.234301
v 0.662775 0.005957 -1.226786
v -0.662776 0.005957 -1.226786
v -0.623209 0.017205 -1.234301
v 0.623209 0.017205 -1.234301
v 0.752407 -0.019523 -0.758225
v 0.709447 -0.007310 -0.760654
v -0.709447 -0.007310 -0.760654
v -0.752407 -0.019523 -0.758225
v -0.778542 -0.031826 -0.750499
v 0.778542 -0.031826 -0.750500
v -0.794507 -0.039342 -0.739252
v 0.794507 -0.039341 -0.739252
v -0.800113 -0.041981 -0.725984
v 0.800113 -0.041981 -0.725984
v -0.794507 -0.039342 -0.712716
v 0.794507 -0.039341 -0.712716
v -0.778542 -0.031826 -0.701468
v 0.778542 -0.031826 -0.701468
v -0.752407 -0.019523 -0.693743
v 0.752407 -0.019523 -0.693743
v -0.709447 -0.007310 -0.691314
v 0.709447 -0.007310 -0.691314
v -0.662776 0.005957 -0.693953
v 0.662775 0.005957 -0.693953
v 0.709447 -0.007310 -0.691314
v -0.709447 -0.007310 -0.691314
v -0.623209 0.017205 -0.701468
v 0.623209 0.017205 -0.701468
v -0.596771 0.024721 -0.712716
v 0.596771 0.024721 -0.712716
v -0.587488 0.027360 -0.725984
v 0.587488 0.027360 -0.725984
v -0.596771 0.024721 -0.739252
v 0.596771 0.024721 -0.739252
v -0.623209 0.017205 -0.750499
v 0.623209 0.017205 -0.750500
v -0.662776 0.005957 -0.758015
v 0.662775 0.005957 -0.758015
v -1.000000 -0.208171 -3.473402
v -1.000000 -0.136079 -3.473402
v -1.000000 -0.136080 -4.465802
v -1.000000 -0.208171 -4.465802
v -1.000000 -0.208171 -4.465802
v 1.000000 -0.208171 -4.465802
v 1.000000 -0.208171 -3.473402
v -1.000000 -0.208171 -3.473402
v 1.000000 -0.208171 -4.465802
v 1.000000 -0.136080 -4.465802
v 1.000000 -0.136079 -3.473402
v 1.000000 -0.208171 -3.473402
v -0.467085 0.061586 -4.465802
v -0.467085 0.061587 -3.473402
v -0.158342 0.103185 -3.473402
v -0.158342 0.103184 -4.465802
v 0.158342 0.103185 -3.473402
v 0.158342 0.103184 -4.465802
v 0.467085 0.061587 -3.473402
v 0.467085 0.061586 -4.465802
v 0.752407 -0.019524 -4.203777
v -0.752407 -0.019524 -4.203777
v -0.709447 -0.007312 -4.201348
v 0.709447 -0.007312 -4.201348
v 0.778542 -0.031827 -4.211503
v -0.778542 -0.031827 -4.211503
v 0.794507 -0.039343 -4.222751
v -0.794507 -0.039343 -4.222751
v 0.800113 -0.041982 -4.236018
v -0.800113 -0.041982 -4.236018
v 0.794507 -0.039343 -4.249286
v -0.794507 -0.039343 -4.249286
v 0.778542 -0.031827 -4.260534
v -0.778542 -0.031827 -4.260534
v 0.752407 -0.019524 -4.268260
v -0.752407 -0.019524 -4.268260
v 0.709447 -0.007312 -4.270689
v -0.709447 -0.007312 -4.270689
v 0.662775 0.005956 -4.268049
v -0.662776 0.005956 -4.268049
v 0.623209 0.017204 -4.260534
v -0.623209 0.017204 -4.260534
v 0.596771 0.024720 -4.249286
v -0.596771 0.024720 -4.249286
v -0.587488 0.027359 -4.236018
v 0.587488 0.027359 -4.236018
v 0.596771 0.024720 -4.222751
v -0.596771 0.024720 -4.222751
v 0.623209 0.017204 -4.211503
v -0.623209 0.017204 -4.211503
v 0.662775 0.005956 -4.203987
v -0.662776 0.005956 -4.203987
v -0.623209 0.017204 -4.211503
v 0.623209 0.017204 -4.211503
v 0.752407 -0.019524 -3.735426
v 0.709447 -0.007311 -3.737855
v -0.709447 -0.007311 -3.737855
v -0.752407 -0.019524 -3.735426
v -0.778542 -0.031827 -3.727701
v 0.778542 -0.031827 -3.727701
v -0.794507 -0.039343 -3.716453
v 0.794507 -0.039343 -3.716453
v -0.800113 -0.041982 -3.703185
v 0.800113 -0.041982 -3.703185
v -0.794507 -0.039343 -3.689917
v 0.794507 -0.039343 -3.689917
v -0.778542 -0.031827 -3.678669
v 0.778542 -0.031827 -3.678669
v -0.752407 -0.019524 -3.670944
v 0.752407 -0.019524 -3.670944
v -0.709447 -0.007311 -3.668515
v 0.709447 -0.007311 -3.668515
v -0.662776 0.005956 -3.671154
v 0.662775 0.005956 -3.671154
v 0.709447 -0.007311 -3.668515
v -0.709447 -0.007311 -3.668515
v -0.623209 0.017204 -3.678669
v 0.623209 0.017204 -3.678669
v -0.596771 0.024720 -3.689917
v 0.596771 0.024720 -3.689917
v -0.587488 0.027359 -3.703185
v 0.587488 0.027359 -3.703185
v -0.596771 0.024720 -3.716453
v 0.596771 0.024720 -3.716453
v -0.623209 0.017204 -3.727701
v 0.623209 0.017204 -3.727701
v -0.662776 0.005956 -3.735216
v 0.662775 0.005956 -3.735216
v -1.000000 -0.208170 -2.481001
v -1.000000 -0.136079 -2.481001
v -1.000000 -0.136079 -3.473402
v -1.000000 -0.208171 -3.473402
v -1.000000 -0.208171 -3.473402
v 1.000000 -0.208171 -3.473402
v 1.000000 -0.208170 -2.481001
v -1.000000 -0.208170 -2.481001
v 1.000000 -0.208171 -3.473402
v 1.000000 -0.136079 -3.473402
v 1.000000 -0.136079 -2.481001
v 1.000000 -0.208170 -2.481001
v -0.467085 0.061587 -3.473402
v -0.467085 0.061587 -2.481001
v -0.158342 0.103185 -2.481001
v -0.158342 0.103185 -3.473402
v 0.158342 0.103185 -2.481001
v 0.158342 0.103185 -3.473402
v 0.467085 0.061587 -2.481001
v 0.467085 0.061587 -3.473402
v 0.752407 -0.019524 -3.211377
v -0.752407 -0.019524 -3.211377
v -0.709447 -0.007311 -3.208948
v 0.709447 -0.007311 -3.208948
v 0.778542 -0.031827 -3.219102
v -0.778542 -0.031827 -3.219102
v 0.794507 -0.039342 -3.230350
v -0.794507 -0.039342 -3.230350
v 0.800113 -0.041981 -3.243618
v -0.800113 -0.041982 -3.243618
v 0.794507 -0.039342 -3.256886
v -0.794507 -0.039342 -3.256886
v 0.778542 -0.031827 -3.268133
v -0.778542 -0.031827 -3.268133
v 0.752407 -0.019524 -3.275859
v -0.752407 -0.019524 -3.275859
v 0.709447 -0.007311 -3.278288
v -0.709447 -0.007311 -3.278288
v 0.662775 0.005957 -3.275649
v -0.662776 0.005956 -3.275649
v 0.623209 0.017204 -3.268133
v -0.623209 0.017204 -3.268133
v 0.596771 0.024720 -3.256886
v -0.596771 0.024720 -3.256886
v -0.587488 0.027359 -3.243618
v 0.587488 0.027359 -3.243618
v 0.596771 0.024720 -3.230350
v -0.596771 0.024720 -3.230350
v 0.623209 0.017204 -3.219102
v -0.623209 0.017204 -3.219102
v 0.662775 0.005957 -3.211587
v -0.662776 0.005956 -3.211587
v -0.623209 0.017204 -3.219102
v 0.623209 0.017204 -3.219102
v 0.752407 -0.019524 -2.743026
v 0.709447 -0.007311 -2.745455
v -0.709447 -0.007311 -2.745455
v -0.752407 -0.019524 -2.743026
v -0.778542 -0.031827 -2.735300
v 0.778542 -0.031827 -2.735300
v -0.794507 -0.039342 -2.724052
v 0.794507 -0.039342 -2.724052
v -0.800113 -0.041981 -2.710785
v 0.800113 -0.041981 -2.710785
v -0.794507 -0.039342 -2.697517
v 0.794507 -0.039342 -2.697517
v -0.778542 -0.031827 -2.686269
v 0.778542 -0.031827 -2.686269
v -0.752407 -0.019523 -2.678544
v 0.752407 -0.019523 -2.678544
v -0.709447 -0.007311 -2.676115
v 0.709447 -0.007311 -2.676115
v -0.662776 0.005957 -2.678754
v 0.662775 0.005957 -2.678754
v 0.709447 -0.007311 -2.676115
v -0.709447 -0.007311 -2.676115
v -0.623209 0.017205 -2.686269
v 0.623209 0.017205 -2.686269
v -0.596771 0.024720 -2.697517
v 0.596771 0.024720 -2.697517
v -0.587488 0.027359 -2.710785
v 0.587488 0.027359 -2.710785
v -0.596771 0.024720 -2.724052
v 0.596771 0.024720 -2.724052
v -0.623209 0.017204 -2.735300
v 0.623209 0.017205 -2.735300
v -0.662776 0.005957 -2.742816
v 0.662775 0.005957 -2.742816
v -1.000000 -0.208171 -5.458202
v -1.000000 -0.136080 -5.458202
v -1.000000 -0.136080 -6.450603
v -1.000000 -0.208172 -6.450603
v -1.000000 -0.208172 -6.450603
v 1.000000 -0.208172 -6.450603
v 1.000000 -0.208171 -5.458202
v -1.000000 -0.208171 -5.458202
v 1.000000 -0.208172 -6.450603
v 1.000000 -0.136080 -6.450603
v 1.000000 -0.136080 -5.458202
v 1.000000 -0.208171 -5.458202
v -0.467085 0.061586 -6.450603
v -0.467085 0.061586 -5.458202
v -0.158342 0.103184 -5.458202
v -0.158342 0.103184 -6.450603
v 0.158342 0.103184 -5.458202
v 0.158342 0.103184 -6.450603
v 0.467085 0.061586 -5.458202
v 0.467085 0.061586 -6.450603
v 0.752407 -0.019525 -6.188578
v -0.752407 -0.019525 -6.188578
v -0.709447 -0.007312 -6.186149
v 0.709447 -0.007312 -6.186149
v 0.778542 -0.031828 -6.196303
v -0.778542 -0.031828 -6.196303
v 0.794507 -0.039343 -6.207551
v -0.794507 -0.039344 -6.207551
v 0.800113 -0.041983 -6.220819
v -0.800113 -0.041983 -6.220819
v 0.794507 -0.039343 -6.234087
v -0.794507 -0.039344 -6.234087
v 0.778542 -0.031828 -6.245335
v -0.778542 -0.031828 -6.245335
v 0.752407 -0.019525 -6.253060
v -0.752407 -0.019525 -6.253060
v 0.709447 -0.007312 -6.255489
v -0.709447 -0.007312 -6.255489
v 0.662775 0.005955 -6.252850
v -0.662776 0.005955 -6.252850
v 0.623209 0.017203 -6.245335
v -0.623209 0.017203 -6.245335
v 0.596771 0.024719 -6.234087
v -0.596771 0.024719 -6.234087
v -0.587488 0.027358 -6.220819
v 0.587488 0.027358 -6.220819
v 0.596771 0.024719 -6.207551
v -0.596771 0.024719 -6.207551
v 0.623209 0.017203 -6.196303
v -0.623209 0.017203 -6.196303
v 0.662775 0.005956 -6.188788
v -0.662776 0.005955 -6.188788
v -0.623209 0.017203 -6.196303
v 0.623209 0.017203 -6.196303
v 0.752407 -0.019525 -5.720227
v 0.709447 -0.007312 -5.722656
v -0.709447 -0.007312 -5.722656
v -0.752407 -0.019525 -5.720227
v -0.778542 -0.031828 -5.712502
v 0.778542 -0.031828 -5.712502
v -0.794507 -0.039343 -5.701253
v 0.794507 -0.039343 -5.701253
v -0.800113 -0.041982 -5.687986
v 0.800113 -0.041982 -5.687986
v -0.794507 -0.039343 -5.674718
v 0.794507 -0.039343 -5.674718
v -0.778542 -0.031828 -5.663470
v 0.778542 -0.031828 -5.663470
v -0.752407 -0.019525 -5.655745
v 0.752407 -0.019525 -5.655745
v -0.709447 -0.007312 -5.653316
v 0.709447 -0.007312 -5.653316
v -0.662776 0.005956 -5.655955
v 0.662775 0.005956 -5.655955
v 0.709447 -0.007312 -5.653316
v -0.709447 -0.007312 -5.653316
v -0.623209 0.017203 -5.663470
v 0.623209 0.017204 -5.663470
v -0.596771 0.024719 -5.674718
v 0.596771 0.024719 -5.674718
v -0.587488 0.027358 -5.687986
v 0.587488 0.027358 -5.687986
v -0.596771 0.024719 -5.701253
v 0.596771 0.024719 -5.701253
v -0.623209 0.017203 -5.712502
v 0.623209 0.017204 -5.712502
v -0.662776 0.005956 -5.720017
v 0.662775 0.005956 -5.720017
v -1.000000 -0.208171 -4.465802
v -1.000000 -0.136080 -4.465802
v -1.000000 -0.136080 -5.458202
v -1.000000 -0.208171 -5.458202
v -1.000000 -0.208171 -5.458202
v 1.000000 -0.208171 -5.458202
v 1.000000 -0.208171 -4.465802
v -1.000000 -0.208171 -4.465802
v 1.000000 -0.208171 -5.458202
v 1.000000 -0.136080 -5.458202
v 1.000000 -0.136080 -4.465802
v 1.000000 -0.208171 -4.465802
v -0.467085 0.061586 -5.458202
v -0.467085 0.061586 -4.465802
v -0.158342 0.103184 -4.465802
v -0.158342 0.103184 -5.458202
v 0.158342 0.103184 -4.465802
v 0.158342 0.103184 -5.458202
v 0.467085 0.061586 -4.465802
v 0.467085 0.061586 -5.458202
v 0.752407 -0.019524 -5.196177
v -0.752407 -0.019524 -5.196177
v -0.709447 -0.007312 -5.193748
v 0.709447 -0.007312 -5.193748
v 0.778542 -0.031827 -5.203903
v -0.778542 -0.031828 -5.203903
v 0.794507 -0.039343 -5.215151
v -0.794507 -0.039343 -5.215151
v 0.800113 -0.041982 -5.228418
v -0.800113 -0.041982 -5.228419
v 0.794507 -0.039343 -5.241686
v -0.794507 -0.039343 -5.241686
v 0.778542 -0.031827 -5.252934
v -0.778542 -0.031828 -5.252934
v 0.752407 -0.019524 -5.260660
v -0.752407 -0.019524 -5.260660
v 0.709447 -0.007312 -5.263089
v -0.709447 -0.007312 -5.263089
v 0.662775 0.005956 -5.260450
v -0.662776 0.005956 -5.260450
v 0.623209 0.017204 -5.252934
v -0.623209 0.017204 -5.252934
v 0.596771 0.024719 -5.241686
v -0.596771 0.024719 -5.241686
v -0.587488 0.027358 -5.228418
v 0.587488 0.027358 -5.228418
v 0.596771 0.024719 -5.215151
v -0.596771 0.024719 -5.215151
v 0.623209 0.017204 -5.203903
v -0.623209 0.017204 -5.203903
v 0.662775 0.005956 -5.196387
v -0.662776 0.005956 -5.196387
v -0.623209 0.017204 -5.203903
v 0.623209 0.017204 -5.203903
v 0.752407 -0.019524 -4.727827
v 0.709447 -0.007312 -4.730256
v -0.709447 -0.007312 -4.730256
v -0.752407 -0.019524 -4.727827
v -0.778542 -0.031827 -4.720101
v 0.778542 -0.031827 -4.720101
v -0.794507 -0.039343 -4.708853
v 0.794507 -0.039343 -4.708853
v -0.800113 -0.041982 -4.695586
v 0.800113 -0.041982 -4.695586
v -0.794507 -0.039343 -4.682318
v 0.794507 -0.039343 -4.682318
v -0.778542 -0.031827 -4.671070
v 0.778542 -0.031827 -4.671070
v -0.752407 -0.019524 -4.663344
v 0.752407 -0.019524 -4.663344
v -0.709447 -0.007312 -4.660915
v 0.709447 -0.007312 -4.660915
v -0.662776 0.005956 -4.663554
v 0.662775 0.005956 -4.663554
v 0.709447 -0.007312 -4.660915
v -0.709447 -0.007312 -4.660915
v -0.623209 0.017204 -4.671070
v 0.623209 0.017204 -4.671070
v -0.596771 0.024719 -4.682318
v 0.596771 0.024719 -4.682318
v -0.587488 0.027358 -4.695586
v 0.587488 0.027359 -4.695586
v -0.596771 0.024719 -4.708853
v 0.596771 0.024719 -4.708853
v -0.623209 0.017204 -4.720101
v 0.623209 0.017204 -4.720101
v -0.662776 0.005956 -4.727617
v 0.662775 0.005956 -4.727617
v -1.000000 -0.208172 -7.443003
v -1.000000 -0.136081 -7.443003
v -1.000000 -0.136081 -8.435404
v -1.000000 -0.208172 -8.435404
v -1.000000 -0.208172 -8.435404
v 1.000000 -0.208172 -8.435404
v 1.000000 -0.208172 -7.443003
v -1.000000 -0.208172 -7.443003
v 1.000000 -0.208172 -8.435404
v 1.000000 -0.136081 -8.435404
v 1.000000 -0.136081 -7.443003
v 1.000000 -0.208172 -7.443003
v -0.467085 0.061585 -8.435404
v -0.467085 0.061585 -7.443003
v -0.158342 0.103183 -7.443003
v -0.158342 0.103183 -8.435404
v 0.158342 0.103183 -7.443003
v 0.158342 0.103183 -8.435404
v 0.467085 0.061585 -7.443003
v 0.467085 0.061585 -8.435404
v 0.752407 -0.019525 -8.173379
v -0.752407 -0.019525 -8.173379
v -0.709447 -0.007313 -8.170949
v 0.709447 -0.007313 -8.170949
v 0.778542 -0.031829 -8.181105
v -0.778542 -0.031829 -8.181105
v 0.794507 -0.039344 -8.192351
v -0.794507 -0.039344 -8.192351
v 0.800113 -0.041983 -8.205620
v -0.800113 -0.041983 -8.205620
v 0.794507 -0.039344 -8.218887
v -0.794507 -0.039344 -8.218887
v 0.778542 -0.031829 -8.230136
v -0.778542 -0.031829 -8.230136
v 0.752407 -0.019525 -8.237861
v -0.752407 -0.019525 -8.237861
v 0.709447 -0.007313 -8.240290
v -0.709447 -0.007313 -8.240290
v 0.662775 0.005955 -8.237652
v -0.662776 0.005955 -8.237652
v 0.623209 0.017203 -8.230136
v -0.623209 0.017203 -8.230136
v 0.596771 0.024718 -8.218887
v -0.596771 0.024718 -8.218887
v -0.587488 0.027357 -8.205620
v 0.587488 0.027357 -8.205620
v 0.596771 0.024718 -8.192351
v -0.596771 0.024718 -8.192351
v 0.623209 0.017203 -8.181105
v -0.623209 0.017203 -8.181105
v 0.662775 0.005955 -8.173589
v -0.662776 0.005955 -8.173589
v -0.623209 0.017203 -8.181105
v 0.623209 0.017203 -8.181105
v 0.752407 -0.019525 -7.705028
v 0.709447 -0.007313 -7.707457
v -0.709447 -0.007313 -7.707457
v -0.752407 -0.019525 -7.705028
v -0.778542 -0.031828 -7.697302
v 0.778542 -0.031828 -7.697302
v -0.794507 -0.039344 -7.686054
v 0.794507 -0.039344 -7.686054
v -0.800113 -0.041983 -7.672787
v 0.800113 -0.041983 -7.672787
v -0.794507 -0.039344 -7.659519
v 0.794507 -0.039344 -7.659519
v -0.778542 -0.031828 -7.648271
v 0.778542 -0.031828 -7.648271
v -0.752407 -0.019525 -7.640545
v 0.752407 -0.019525 -7.640545
v -0.709447 -0.007313 -7.638116
v 0.709447 -0.007313 -7.638116
v -0.662776 0.005955 -7.640756
v 0.662775 0.005955 -7.640756
v 0.709447 -0.007313 -7.638116
v -0.709447 -0.007313 -7.638116
v -0.623209 0.017203 -7.648271
v 0.623209 0.017203 -7.648271
v -0.596771 0.024718 -7.659519
v 0.596771 0.024718 -7.659519
v -0.587488 0.027357 -7.672787
v 0.587488 0.027358 -7.672787
v -0.596771 0.024718 -7.686054
v 0.596771 0.024718 -7.686054
v -0.623209 0.017203 -7.697302
v 0.623209 0.017203 -7.697302
v -0.662776 0.005955 -7.704818
v 0.662775 0.005955 -7.704818
v -1.000000 -0.208172 -6.450603
v -1.000000 -0.136080 -6.450603
v -1.000000 -0.136081 -7.443003
v -1.000000 -0.208172 -7.443003
v -1.000000 -0.208172 -7.443003
v 1.000000 -0.208172 -7.443003
v 1.000000 -0.208172 -6.450603
v -1.000000 -0.208172 -6.450603
v 1.000000 -0.208172 -7.443003
v 1.000000 -0.136081 -7.443003
v 1.000000 -0.136080 -6.450603
v 1.000000 -0.208172 -6.450603
v -0.467085 0.061585 -7.443003
v -0.467085 0.061586 -6.450603
v -0.158342 0.103184 -6.450603
v -0.158342 0.103183 -7.443003
v 0.158342 0.103184 -6.450603
v 0.158342 0.103183 -7.443003
v 0.467085 0.061586 -6.450603
v 0.467085 0.061585 -7.443003
v 0.752407 -0.019525 -7.180978
v -0.752407 -0.019525 -7.180978
v -0.709447 -0.007313 -7.178549
v 0.709447 -0.007313 -7.178549
v 0.778542 -0.031828 -7.188704
v -0.778542 -0.031828 -7.188704
v 0.794507 -0.039344 -7.199952
v -0.794507 -0.039344 -7.199952
v 0.800113 -0.041983 -7.213219
v -0.800113 -0.041983 -7.213220
v 0.794507 -0.039344 -7.226487
v -0.794507 -0.039344 -7.226487
v 0.778542 -0.031828 -7.237735
v -0.778542 -0.031828 -7.237735
v 0.752407 -0.019525 -7.245461
v -0.752407 -0.019525 -7.245461
v 0.709447 -0.007313 -7.247890
v -0.709447 -0.007313 -7.247890
v 0.662775 0.005955 -7.245251
v -0.662776 0.005955 -7.245251
v 0.623209 0.017203 -7.237735
v -0.623209 0.017203 -7.237735
v 0.596771 0.024719 -7.226487
v -0.596771 0.024718 -7.226487
v -0.587488 0.027358 -7.213219
v 0.587488 0.027358 -7.213219
v 0.596771 0.024719 -7.199952
v -0.596771 0.024718 -7.199952
v 0.623209 0.017203 -7.188704
v -0.623209 0.017203 -7.188704
v 0.662775 0.005955 -7.181188
v -0.662776 0.005955 -7.181188
v -0.623209 0.017203 -7.188704
v 0.623209 0.017203 -7.188704
v 0.752407 -0.019525 -6.712627
v 0.709447 -0.007312 -6.715056
v -0.709447 -0.007313 -6.715056
v -0.752407 -0.019525 -6.712627
v -0.778542 -0.031828 -6.704902
v 0.778542 -0.031828 -6.704902
v -0.794507 -0.039344 -6.693654
v 0.794507 -0.039344 -6.693654
v -0.800113 -0.041983 -6.680387
v 0.800113 -0.041983 -6.680387
v -0.794507 -0.039344 -6.667119
v 0.794507 -0.039344 -6.667119
v -0.778542 -0.031828 -6.655871
v 0.778542 -0.031828 -6.655871
v -0.752407 -0.019525 -6.648145
v 0.752407 -0.019525 -6.648145
v -0.709447 -0.007313 -6.645716
v 0.709447 -0.007312 -6.645716
v -0.662776 0.005955 -6.648355
v 0.662775 0.005955 -6.648355
v 0.709447 -0.007312 -6.645716
v -0.709447 -0.007313 -6.645716
v -0.623209 0.017203 -6.655871
v 0.623209 0.017203 -6.655871
v -0.596771 0.024719 -6.667119
v 0.596771 0.024719 -6.667119
v -0.587488 0.027358 -6.680387
v 0.587488 0.027358 -6.680387
v -0.596771 0.024719 -6.693654
v 0.596771 0.024719 -6.693654
v -0.623209 0.017203 -6.704902
v 0.623209 0.017203 -6.704902
v -0.662776 0.005955 -6.712418
v 0.662775 0.005955 -6.712418
v -0.752407 -0.019523 -0.496200
v -1.000000 -0.136078 -0.496200
v -1.000000 -0.136078 0.496200
v -0.752407 -0.019522 0.496200
v -0.752407 -0.019522 0.298658
v -0.778542 -0.031826 0.290932
v -0.794507 -0.039341 0.279684
v -0.800113 -0.041980 0.266417
v -0.794507 -0.039341 0.253149
v -0.778542 -0.031826 0.241901
v -0.752407 -0.019522 0.234175
v -0.752407 -0.019523 -0.234175
v -0.778542 -0.031826 -0.241901
v -0.794507 -0.039341 -0.253149
v -0.800113 -0.041981 -0.266417
v -0.794507 -0.039341 -0.279684
v -0.778542 -0.031826 -0.290932
v -0.752407 -0.019523 -0.298658
v -0.709447 -0.007310 -0.301087
v -0.662776 0.005958 -0.298448
v -0.623209 0.017205 -0.290932
v -0.596771 0.024721 -0.279684
v -0.587488 0.027360 -0.266417
v -0.596771 0.024721 -0.253149
v -0.623209 0.017205 -0.241901
v -0.662776 0.005958 -0.234385
v -0.709447 -0.007310 -0.231746
v -0.709447 -0.007310 0.231746
v -0.662776 0.005958 0.234385
v -0.623209 0.017206 0.241901
v -0.596771 0.024721 0.253149
v -0.587488 0.027360 0.266417
v -0.596771 0.024721 0.279684
v -0.623209 0.017206 0.290932
v -0.662776 0.005958 0.298448
v -0.709447 -0.007310 0.301087
v 0.752407 -0.019523 -0.496200
v 0.752407 -0.019522 0.496200
v 0.752407 -0.019522 0.298658
v 0.709447 -0.007310 0.301087
v 0.662775 0.005958 0.298448
v 0.623209 0.017206 0.290932
v 0.596771 0.024721 0.279684
v 0.587488 0.027360 0.266417
v 0.596771 0.024721 0.253149
v 0.623209 0.017206 0.241901
v 0.662775 0.005958 0.234385
v 0.709447 -0.007310 0.231746
v 0.752407 -0.019522 0.234175
v 0.752407 -0.019523 -0.234175
v 0.709447 -0.007310 -0.231746
v 0.662775 0.005958 -0.234385
v 0.623209 0.017205 -0.241901
v 0.596771 0.024721 -0.253149
v 0.587488 0.027360 -0.266417
v 0.596771 0.024721 -0.279684
v 0.623209 0.017205 -0.290932
v 0.662775 0.005958 -0.298448
v 0.709447 -0.007310 -0.301087
v 0.752407 -0.019523 -0.298658
v 1.000000 -0.136078 0.496200
v 1.000000 -0.136078 -0.496200
v 0.778542 -0.031826 -0.290932
v 0.794507 -0.039341 -0.279684
v 0.800113 -0.041980 -0.266416
v 0.794507 -0.039341 -0.253149
v 0.778542 -0.031826 -0.241901
v 0.778542 -0.031826 0.241901
v 0.794507 -0.039341 0.253149
v 0.800113 -0.041980 0.266417
v 0.794507 -0.039341 0.279684
v 0.778542 -0.031826 0.290932
v -1.000000 -0.136078 -0.496200
v -0.752407 -0.019523 -0.496200
v -0.467085 0.061588 -0.496200
v -0.158342 0.103186 -0.496200
v 0.158342 0.103186 -0.496200
v 0.467085 0.061588 -0.496200
v 0.752407 -0.019523 -0.496200
v 1.000000 -0.136078 -0.496200
v 1.000000 -0.208169 -0.496200
v -1.000000 -0.208169 -0.496200
v 1.000000 -0.136078 0.496200
v 0.752407 -0.019522 0.496200
v 0.467085 0.061588 0.496200
v 0.158342 0.103186 0.496200
v -0.158342 0.103186 0.496200
v -0.467085 0.061588 0.496200
v -0.752407 -0.019522 0.496200
v -1.000000 -0.136078 0.496200
v -1.000000 -0.208169 0.496200
v 1.000000 -0.208169 0.496200
v -0.752407 -0.019522 0.496200
v -1.000000 -0.136078 0.496200
v -1.000000 -0.136077 1.488601
v -0.752407 -0.019522 1.488601
v -0.752407 -0.019522 1.291058
v -0.778542 -0.031825 1.283333
v -0.794507 -0.039341 1.272085
v -0.800113 -0.041980 1.258817
v -0.794507 -0.039341 1.245549
v -0.778542 -0.031825 1.234301
v -0.752407 -0.019522 1.226576
v -0.752407 -0.019522 0.758225
v -0.778542 -0.031825 0.750499
v -0.794507 -0.039341 0.739252
v -0.800113 -0.041980 0.725984
v -0.794507 -0.039341 0.712716
v -0.778542 -0.031825 0.701468
v -0.752407 -0.019522 0.693743
v -0.709447 -0.007310 0.691314
v -0.662776 0.005958 0.693953
v -0.623209 0.017206 0.701468
v -0.596771 0.024721 0.712716
v -0.587488 0.027360 0.725984
v -0.596771 0.024721 0.739252
v -0.623209 0.017206 0.750499
v -0.662776 0.005958 0.758015
v -0.709447 -0.007310 0.760654
v -0.709447 -0.007310 1.224147
v -0.662776 0.005958 1.226786
v -0.623209 0.017206 1.234301
v -0.596771 0.024721 1.245549
v -0.587488 0.027361 1.258817
v -0.596771 0.024722 1.272085
v -0.623209 0.017206 1.283333
v -0.662776 0.005958 1.290848
v -0.709447 -0.007310 1.293487
v 0.752407 -0.019522 0.496200
v 0.752407 -0.019522 1.488601
v 0.752407 -0.019522 1.291058
v 0.709447 -0.007310 1.293487
v 0.662775 0.005958 1.290848
v 0.623209 0.017206 1.283332
v 0.596771 0.024722 1.272085
v 0.587488 0.027361 1.258817
v 0.596771 0.024722 1.245549
v 0.623209 0.017206 1.234301
v 0.662775 0.005958 1.226786
v 0.709447 -0.007310 1.224147
v 0.752407 -0.019522 1.226576
v 0.752407 -0.019522 0.758225
v 0.709447 -0.007310 0.760654
v 0.662775 0.005958 0.758015
v 0.623209 0.017206 0.750500
v 0.596771 0.024721 0.739252
v 0.587488 0.027361 0.725984
v 0.596771 0.024721 0.712716
v 0.623209 0.017206 0.701468
v 0.662775 0.005958 0.693953
v 0.709447 -0.007310 0.691314
v 0.752407 -0.019522 0.693743
v 1.000000 -0.136077 1.488601
v 1.000000 -0.136078 0.496200
v 0.778542 -0.031825 0.701468
v 0.794507 -0.039341 0.712716
v 0.800113 -0.041980 0.725984
v 0.794507 -0.039341 0.739252
v 0.778542 -0.031825 0.750500
v 0.778542 -0.031825 1.234301
v 0.794507 -0.039341 1.245549
v 0.800113 -0.041980 1.258817
v 0.794507 -0.039341 1.272085
v 0.778542 -0.031825 1.283332
v -1.000000 -0.136078 0.496200
v -0.752407 -0.019522 0.496200
v -0.467085 0.061588 0.496200
v -0.158342 0.103186 0.496200
v 0.158342 0.103186 0.496200
v 0.467085 0.061588 0.496200
v 0.752407 -0.019522 0.496200
v 1.000000 -0.136078 0.496200
v 1.000000 -0.208169 0.496200
v -1.000000 -0.208169 0.496200
v 1.000000 -0.136077 1.488601
v 0.752407 -0.019522 1.488601
v 0.467085 0.061588 1.488601
v 0.158342 0.103187 1.488601
v -0.158342 0.103187 1.488601
v -0.467085 0.061588 1.488601
v -0.752407 -0.019522 1.488601
v -1.000000 -0.136077 1.488601
v -1.000000 -0.208169 1.488601
v 1.000000 -0.208169 1.488601
v -0.752407 -0.019523 -2.481001
v -1.000000 -0.136079 -2.481001
v -1.000000 -0.136078 -1.488601
v -0.752407 -0.019523 -1.488601
v -0.752407 -0.019523 -1.686143
v -0.778542 -0.031826 -1.693869
v -0.794507 -0.039342 -1.705116
v -0.800113 -0.041981 -1.718384
v -0.794507 -0.039342 -1.731652
v -0.778542 -0.031826 -1.742900
v -0.752407 -0.019523 -1.750625
v -0.752407 -0.019523 -2.218976
v -0.778542 -0.031827 -2.226702
v -0.794507 -0.039342 -2.237950
v -0.800113 -0.041981 -2.251217
v -0.794507 -0.039342 -2.264485
v -0.778542 -0.031827 -2.275733
v -0.752407 -0.019523 -2.283458
v -0.709447 -0.007311 -2.285887
v -0.662776 0.005957 -2.283248
v -0.623209 0.017205 -2.275733
v -0.596771 0.024720 -2.264485
v -0.587488 0.027359 -2.251217
v -0.596771 0.024720 -2.237950
v -0.623209 0.017205 -2.226702
v -0.662776 0.005957 -2.219186
v -0.709447 -0.007311 -2.216547
v -0.709447 -0.007311 -1.753054
v -0.662776 0.005957 -1.750415
v -0.623209 0.017205 -1.742900
v -0.596771 0.024720 -1.731652
v -0.587488 0.027360 -1.718384
v -0.596771 0.024720 -1.705117
v -0.623209 0.017205 -1.693869
v -0.662776 0.005957 -1.686353
v -0.709447 -0.007311 -1.683714
v 0.752407 -0.019523 -2.481001
v 0.752407 -0.019523 -1.488601
v 0.752407 -0.019523 -1.686143
v 0.709447 -0.007311 -1.683714
v 0.662775 0.005957 -1.686353
v 0.623209 0.017205 -1.693869
v 0.596771 0.024721 -1.705117
v 0.587488 0.027360 -1.718384
v 0.596771 0.024721 -1.731652
v 0.623209 0.017205 -1.742900
v 0.662775 0.005957 -1.750415
v 0.709447 -0.007311 -1.753055
v 0.752407 -0.019523 -1.750625
v 0.752407 -0.019523 -2.218976
v 0.709447 -0.007311 -2.216547
v 0.662775 0.005957 -2.219186
v 0.623209 0.017205 -2.226702
v 0.596771 0.024720 -2.237950
v 0.587488 0.027359 -2.251217
v 0.596771 0.024720 -2.264485
v 0.623209 0.017205 -2.275733
v 0.662775 0.005957 -2.283248
v 0.709447 -0.007311 -2.285887
v 0.752407 -0.019523 -2.283458
v 1.000000 -0.136078 -1.488601
v 1.000000 -0.136079 -2.481001
v 0.778542 -0.031826 -2.275733
v 0.794507 -0.039342 -2.264485
v 0.800113 -0.041981 -2.251217
v 0.794507 -0.039342 -2.237950
v 0.778542 -0.031826 -2.226702
v 0.778542 -0.031826 -1.742900
v 0.794507 -0.039342 -1.731652
v 0.800113 -0.041981 -1.718384
v 0.794507 -0.039342 -1.705117
v 0.778542 -0.031826 -1.693869
v -1.000000 -0.136079 -2.481001
v -0.752407 -0.019523 -2.481001
v -0.467085 0.061587 -2.481001
v -0.158342 0.103185 -2.481001
v 0.158342 0.103185 -2.481001
v 0.467085 0.061587 -2.481001
v 0.752407 -0.019523 -2.481001
v 1.000000 -0.136079 -2.481001
v 1.000000 -0.208170 -2.481001
v -1.000000 -0.208170 -2.481001
v 1.000000 -0.136078 -1.488601
v 0.752407 -0.019523 -1.488601
v 0.467085 0.061587 -1.488601
v 0.158342 0.103186 -1.488601
v -0.158342 0.103186 -1.488601
v -0.467085 0.061587 -1.488601
v -0.752407 -0.019523 -1.488601
v -1.000000 -0.136078 -1.488601
v -1.000000 -0.208170 -1.488600
v 1.000000 -0.208170 -1.488600
v -0.752407 -0.019523 -1.488601
v -1.000000 -0.136078 -1.488601
v -1.000000 -0.136078 -0.496200
v -0.752407 -0.019523 -0.496200
v -0.752407 -0.019523 -0.693743
v -0.778542 -0.031826 -0.701468
v -0.794507 -0.039342 -0.712716
v -0.800113 -0.041981 -0.725984
v -0.794507 -0.039342 -0.739252
v -0.778542 -0.031826 -0.750499
v -0.752407 -0.019523 -0.758225
v -0.752407 -0.019523 -1.226576
v -0.778542 -0.031826 -1.234301
v -0.794507 -0.039342 -1.245549
v -0.800113 -0.041981 -1.258817
v -0.794507 -0.039342 -1.272085
v -0.778542 -0.031826 -1.283333
v -0.752407 -0.019523 -1.291058
v -0.709447 -0.007311 -1.293487
v -0.662776 0.005957 -1.290848
v -0.623209 0.017205 -1.283333
v -0.596771 0.024721 -1.272085
v -0.587488 0.027360 -1.258817
v -0.596771 0.024721 -1.245549
v -0.623209 0.017205 -1.234301
v -0.662776 0.005957 -1.226786
v -0.709447 -0.007311 -1.224147
v -0.709447 -0.007310 -0.760654
v -0.662776 0.005957 -0.758015
v -0.623209 0.017205 -0.750499
v -0.596771 0.024721 -0.739252
v -0.587488 0.027360 -0.725984
v -0.596771 0.024721 -0.712716
v -0.623209 0.017205 -0.701468
v -0.662776 0.005957 -0.693953
v -0.709447 -0.007310 -0.691314
v 0.752407 -0.019523 -1.488601
v 0.752407 -0.019523 -0.496200
v 0.752407 -0.019523 -0.693743
v 0.709447 -0.007310 -0.691314
v 0.662775 0.005957 -0.693953
v 0.623209 0.017205 -0.701468
v 0.596771 0.024721 -0.712716
v 0.587488 0.027360 -0.725984
v 0.596771 0.024721 -0.739252
v 0.623209 0.017205 -0.750500
v 0.662775 0.005957 -0.758015
v 0.709447 -0.007310 -0.760654
v 0.752407 -0.019523 -0.758225
v 0.752407 -0.019523 -1.226576
v 0.709447 -0.007310 -1.224147
v 0.662775 0.005957 -1.226786
v 0.623209 0.017205 -1.234301
v 0.596771 0.024721 -1.245549
v 0.587488 0.027360 -1.258817
v 0.596771 0.024721 -1.272085
v 0.623209 0.017205 -1.283332
v 0.662775 0.005957 -1.290848
v 0.709447 -0.007310 -1.293487
v 0.752407 -0.019523 -1.291058
v 1.000000 -0.136078 -0.496200
v 1.000000 -0.136078 -1.488601
v 0.778542 -0.031826 -1.283332
v 0.794507 -0.039342 -1.272085
v 0.800113 -0.041981 -1.258817
v 0.794507 -0.039342 -1.245549
v 0.778542 -0.031826 -1.234301
v 0.778542 -0.031826 -0.750500
v 0.794507 -0.039341 -0.739252
v 0.800113 -0.041981 -0.725984
v 0.794507 -0.039341 -0.712716
v 0.778542 -0.031826 -0.701468
v -1.000000 -0.136078 -1.488601
v -0.752407 -0.019523 -1.488601
v -0.467085 0.061587 -1.488601
v -0.158342 0.103186 -1.488601
v 0.158342 0.103186 -1.488601
v 0.467085 0.061587 -1.488601
v 0.752407 -0.019523 -1.488601
v 1.000000 -0.136078 -1.488601
v 1.000000 -0.208170 -1.488600
v -1.000000 -0.208170 -1.488600
v 1.000000 -0.136078 -0.496200
v 0.752407 -0.019523 -0.496200
v 0.467085 0.061588 -0.496200
v 0.158342 0.103186 -0.496200
v -0.158342 0.103186 -0.496200
v -0.467085 0.061588 -0.496200
v -0.752407 -0.019523 -0.496200
v -1.000000 -0.136078 -0.496200
v -1.000000 -0.208169 -0.496200
v 1.000000 -0.208169 -0.496200
v -0.752407 -0.019524 -4.465802
v -1.000000 -0.136080 -4.465802
v -1.000000 -0.136079 -3.473402
v -0.752407 -0.019524 -3.473402
v -0.752407 -0.019524 -3.670944
v -0.778542 -0.031827 -3.678669
v -0.794507 -0.039343 -3.689917
v -0.800113 -0.041982 -3.703185
v -0.794507 -0.039343 -3.716453
v -0.778542 -0.031827 -3.727701
v -0.752407 -0.019524 -3.735426
v -0.752407 -0.019524 -4.203777
v -0.778542 -0.031827 -4.211503
v -0.794507 -0.039343 -4.222751
v -0.800113 -0.041982 -4.236018
v -0.794507 -0.039343 -4.249286
v -0.778542 -0.031827 -4.260534
v -0.752407 -0.019524 -4.268260
v -0.709447 -0.007312 -4.270689
v -0.662776 0.005956 -4.268049
v -0.623209 0.017204 -4.260534
v -0.596771 0.024720 -4.249286
v -0.587488 0.027359 -4.236018
v -0.596771 0.024720 -4.222751
v -0.623209 0.017204 -4.211503
v -0.662776 0.005956 -4.203987
v -0.709447 -0.007312 -4.201348
v -0.709447 -0.007311 -3.737855
v -0.662776 0.005956 -3.735216
v -0.623209 0.017204 -3.727701
v -0.596771 0.024720 -3.716453
v -0.587488 0.027359 -3.703185
v -0.596771 0.024720 -3.689917
v -0.623209 0.017204 -3.678669
v -0.662776 0.005956 -3.671154
v -0.709447 -0.007311 -3.668515
v 0.752407 -0.019524 -4.465802
v 0.752407 -0.019524 -3.473402
v 0.752407 -0.019524 -3.670944
v 0.709447 -0.007311 -3.668515
v 0.662775 0.005956 -3.671154
v 0.623209 0.017204 -3.678669
v 0.596771 0.024720 -3.689917
v 0.587488 0.027359 -3.703185
v 0.596771 0.024720 -3.716453
v 0.623209 0.017204 -3.727701
v 0.662775 0.005956 -3.735216
v 0.709447 -0.007311 -3.737855
v 0.752407 -0.019524 -3.735426
v 0.752407 -0.019524 -4.203777
v 0.709447 -0.007312 -4.201348
v 0.662775 0.005956 -4.203987
v 0.623209 0.017204 -4.211503
v 0.596771 0.024720 -4.222751
v 0.587488 0.027359 -4.236018
v 0.596771 0.024720 -4.249286
v 0.623209 0.017204 -4.260534
v 0.662775 0.005956 -4.268049
v 0.709447 -0.007312 -4.270689
v 0.752407 -0.019524 -4.268260
v 1.000000 -0.136079 -3.473402
v 1.000000 -0.136080 -4.465802
v 0.778542 -0.031827 -4.260534
v 0.794507 -0.039343 -4.249286
v 0.800113 -0.041982 -4.236018
v 0.794507 -0.039343 -4.222751
v 0.778542 -0.031827 -4.211503
v 0.778542 -0.031827 -3.727701
v 0.794507 -0.039343 -3.716453
v 0.800113 -0.041982 -3.703185
v 0.794507 -0.039343 -3.689917
v 0.778542 -0.031827 -3.678669
v -1.000000 -0.136080 -4.465802
v -0.752407 -0.019524 -4.465802
v -0.467085 0.061586 -4.465802
v -0.158342 0.103184 -4.465802
v 0.158342 0.103184 -4.465802
v 0.467085 0.061586 -4.465802
v 0.752407 -0.019524 -4.465802
v 1.000000 -0.136080 -4.465802
v 1.000000 -0.208171 -4.465802
v -1.000000 -0.208171 -4.465802
v 1.000000 -0.136079 -3.473402
v 0.752407 -0.019524 -3.473402
v 0.467085 0.061587 -3.473402
v 0.158342 0.103185 -3.473402
v -0.158342 0.103185 -3.473402
v -0.467085 0.061587 -3.473402
v -0.752407 -0.019524 -3.473402
v -1.000000 -0.136079 -3.473402
v -1.000000 -0.208171 -3.473402
v 1.000000 -0.208171 -3.473402
v -0.752407 -0.019524 -3.473402
v -1.000000 -0.136079 -3.473402
v -1.000000 -0.136079 -2.481001
v -0.752407 -0.019523 -2.481001
v -0.752407 -0.019523 -2.678544
v -0.778542 -0.031827 -2.686269
v -0.794507 -0.039342 -2.697517
v -0.800113 -0.041981 -2.710785
v -0.794507 -0.039342 -2.724052
v -0.778542 -0.031827 -2.735300
v -0.752407 -0.019524 -2.743026
v -0.752407 -0.019524 -3.211377
v -0.778542 -0.031827 -3.219102
v -0.794507 -0.039342 -3.230350
v -0.800113 -0.041982 -3.243618
v -0.794507 -0.039342 -3.256886
v -0.778542 -0.031827 -3.268133
v -0.752407 -0.019524 -3.275859
v -0.709447 -0.007311 -3.278288
v -0.662776 0.005956 -3.275649
v -0.623209 0.017204 -3.268133
v -0.596771 0.024720 -3.256886
v -0.587488 0.027359 -3.243618
v -0.596771 0.024720 -3.230350
v -0.623209 0.017204 -3.219102
v -0.662776 0.005956 -3.211587
v -0.709447 -0.007311 -3.208948
v -0.709447 -0.007311 -2.745455
v -0.662776 0.005957 -2.742816
v -0.623209 0.017204 -2.735300
v -0.596771 0.024720 -2.724052
v -0.587488 0.027359 -2.710785
v -0.596771 0.024720 -2.697517
v -0.623209 0.017205 -2.686269
v -0.662776 0.005957 -2.678754
v -0.709447 -0.007311 -2.676115
v 0.752407 -0.019524 -3.473402
v 0.752407 -0.019523 -2.481001
v 0.752407 -0.019523 -2.678544
v 0.709447 -0.007311 -2.676115
v 0.662775 0.005957 -2.678754
v 0.623209 0.017205 -2.686269
v 0.596771 0.024720 -2.697517
v 0.587488 0.027359 -2.710785
v 0.596771 0.024720 -2.724052
v 0.623209 0.017205 -2.735300
v 0.662775 0.005957 -2.742816
v 0.709447 -0.007311 -2.745455
v 0.752407 -0.019524 -2.743026
v 0.752407 -0.019524 -3.211377
v 0.709447 -0.007311 -3.208948
v 0.662775 0.005957 -3.211587
v 0.623209 0.017204 -3.219102
v 0.596771 0.024720 -3.230350
v 0.587488 0.027359 -3.243618
v 0.596771 0.024720 -3.256886
v 0.623209 0.017204 -3.268133
v 0.662775 0.005957 -3.275649
v 0.709447 -0.007311 -3.278288
v 0.752407 -0.019524 -3.275859
v 1.000000 -0.136079 -2.481001
v 1.000000 -0.136079 -3.473402
v 0.778542 -0.031827 -3.268133
v 0.794507 -0.039342 -3.256886
v 0.800113 -0.041981 -3.243618
v 0.794507 -0.039342 -3.230350
v 0.778542 -0.031827 -3.219102
v 0.778542 -0.031827 -2.735300
v 0.794507 -0.039342 -2.724052
v 0.800113 -0.041981 -2.710785
v 0.794507 -0.039342 -2.697517
v 0.778542 -0.031827 -2.686269
v -1.000000 -0.136079 -3.473402
v -0.752407 -0.019524 -3.473402
v -0.467085 0.061587 -3.473402
v -0.158342 0.103185 -3.473402
v 0.158342 0.103185 -3.473402
v 0.467085 0.061587 -3.473402
v 0.752407 -0.019524 -3.473402
v 1.000000 -0.136079 -3.473402
v 1.000000 -0.208171 -3.473402
v -1.000000 -0.208171 -3.473402
v 1.000000 -0.136079 -2.481001
v 0.752407 -0.019523 -2.481001
v 0.467085 0.061587 -2.481001
v 0.158342 0.103185 -2.481001
v -0.158342 0.103185 -2.481001
v -0.467085 0.061587 -2.481001
v -0.752407 -0.019523 -2.481001
v -1.000000 -0.136079 -2.481001
v -1.000000 -0.208170 -2.481001
v 1.000000 -0.208170 -2.481001
v -0.752407 -0.019525 -6.450603
v -1.000000 -0.136080 -6.450603
v -1.000000 -0.136080 -5.458202
v -0.752407 -0.019524 -5.458202
v -0.752407 -0.019525 -5.655745
v -0.778542 -0.031828 -5.663470
v -0.794507 -0.039343 -5.674718
v -0.800113 -0.041982 -5.687986
v -0.794507 -0.039343 -5.701253
v -0.778542 -0.031828 -5.712502
v -0.752407 -0.019525 -5.720227
v -0.752407 -0.019525 -6.188578
v -0.778542 -0.031828 -6.196303
v -0.794507 -0.039344 -6.207551
v -0.800113 -0.041983 -6.220819
v -0.794507 -0.039344 -6.234087
v -0.778542 -0.031828 -6.245335
v -0.752407 -0.019525 -6.253060
v -0.709447 -0.007312 -6.255489
v -0.662776 0.005955 -6.252850
v -0.623209 0.017203 -6.245335
v -0.596771 0.024719 -6.234087
v -0.587488 0.027358 -6.220819
v -0.596771 0.024719 -6.207551
v -0.623209 0.017203 -6.196303
v -0.662776 0.005955 -6.188788
v -0.709447 -0.007312 -6.186149
v -0.709447 -0.007312 -5.722656
v -0.662776 0.005956 -5.720017
v -0.623209 0.017203 -5.712502
v -0.596771 0.024719 -5.701253
v -0.587488 0.027358 -5.687986
v -0.596771 0.024719 -5.674718
v -0.623209 0.017203 -5.663470
v -0.662776 0.005956 -5.655955
v -0.709447 -0.007312 -5.653316
v 0.752407 -0.019525 -6.450603
v 0.752407 -0.019524 -5.458202
v 0.752407 -0.019525 -5.655745
v 0.709447 -0.007312 -5.653316
v 0.662775 0.005956 -5.655955
v 0.623209 0.017204 -5.663470
v 0.596771 0.024719 -5.674718
v 0.587488 0.027358 -5.687986
v 0.596771 0.024719 -5.701253
v 0.623209 0.017204 -5.712502
v 0.662775 0.005956 -5.720017
v 0.709447 -0.007312 -5.722656
v 0.752407 -0.019525 -5.720227
v 0.752407 -0.019525 -6.188578
v 0.709447 -0.007312 -6.186149
v 0.662775 0.005956 -6.188788
v 0.623209 0.017203 -6.196303
v 0.596771 0.024719 -6.207551
v 0.587488 0.027358 -6.220819
v 0.596771 0.024719 -6.234087
v 0.623209 0.017203 -6.245335
v 0.662775 0.005955 -6.252850
v 0.709447 -0.007312 -6.255489
v 0.752407 -0.019525 -6.253060
v 1.000000 -0.136080 -5.458202
v 1.000000 -0.136080 -6.450603
v 0.778542 -0.031828 -6.245335
v 0.794507 -0.039343 -6.234087
v 0.800113 -0.041983 -6.220819
v 0.794507 -0.039343 -6.207551
v 0.778542 -0.031828 -6.196303
v 0.778542 -0.031828 -5.712502
v 0.794507 -0.039343 -5.701253
v 0.800113 -0.041982 -5.687986
v 0.794507 -0.039343 -5.674718
v 0.778542 -0.031828 -5.663470
v -1.000000 -0.136080 -6.450603
v -0.752407 -0.019525 -6.450603
v -0.467085 0.061586 -6.450603
v -0.158342 0.103184 -6.450603
v 0.158342 0.103184 -6.450603
v 0.467085 0.061586 -6.450603
v 0.752407 -0.019525 -6.450603
v 1.000000 -0.136080 -6.450603
v 1.000000 -0.208172 -6.450603
v -1.000000 -0.208172 -6.450603
v 1.000000 -0.136080 -5.458202
v 0.752407 -0.019524 -5.458202
v 0.467085 0.061586 -5.458202
v 0.158342 0.103184 -5.458202
v -0.158342 0.103184 -5.458202
v -0.467085 0.061586 -5.458202
v -0.752407 -0.019524 -5.458202
v -1.000000 -0.136080 -5.458202
v -1.000000 -0.208171 -5.458202
v 1.000000 -0.208171 -5.458202
v -0.752407 -0.019524 -5.458202
v -1.000000 -0.136080 -5.458202
v -1.000000 -0.136080 -4.465802
v -0.752407 -0.019524 -4.465802
v -0.752407 -0.019524 -4.663344
v -0.778542 -0.031827 -4.671070
v -0.794507 -0.039343 -4.682318
v -0.800113 -0.041982 -4.695586
v -0.794507 -0.039343 -4.708853
v -0.778542 -0.031827 -4.720101
v -0.752407 -0.019524 -4.727827
v -0.752407 -0.019524 -5.196177
v -0.778542 -0.031828 -5.203903
v -0.794507 -0.039343 -5.215151
v -0.800113 -0.041982 -5.228419
v -0.794507 -0.039343 -5.241686
v -0.778542 -0.031828 -5.252934
v -0.752407 -0.019524 -5.260660
v -0.709447 -0.007312 -5.263089
v -0.662776 0.005956 -5.260450
v -0.623209 0.017204 -5.252934
v -0.596771 0.024719 -5.241686
v -0.587488 0.027358 -5.228418
v -0.596771 0.024719 -5.215151
v -0.623209 0.017204 -5.203903
v -0.662776 0.005956 -5.196387
v -0.709447 -0.007312 -5.193748
v -0.709447 -0.007312 -4.730256
v -0.662776 0.005956 -4.727617
v -0.623209 0.017204 -4.720101
v -0.596771 0.024719 -4.708853
v -0.587488 0.027358 -4.695586
v -0.596771 0.024719 -4.682318
v -0.623209 0.017204 -4.671070
v -0.662776 0.005956 -4.663554
v -0.709447 -0.007312 -4.660915
v 0.752407 -0.019524 -5.458202
v 0.752407 -0.019524 -4.465802
v 0.752407 -0.019524 -4.663344
v 0.709447 -0.007312 -4.660915
v 0.662775 0.005956 -4.663554
v 0.623209 0.017204 -4.671070
v 0.596771 0.024719 -4.682318
v 0.587488 0.027359 -4.695586
v 0.596771 0.024719 -4.708853
v 0.623209 0.017204 -4.720101
v 0.662775 0.005956 -4.727617
v 0.709447 -0.007312 -4.730256
v 0.752407 -0.019524 -4.727827
v 0.752407 -0.019524 -5.196177
v 0.709447 -0.007312 -5.193748
v 0.662775 0.005956 -5.196387
v 0.623209 0.017204 -5.203903
v 0.596771 0.024719 -5.215151
v 0.587488 0.027358 -5.228418
v 0.596771 0.024719 -5.241686
v 0.623209 0.017204 -5.252934
v 0.662775 0.005956 -5.260450
v 0.709447 -0.007312 -5.263089
v 0.752407 -0.019524 -5.260660
v 1.000000 -0.136080 -4.465802
v 1.000000 -0.136080 -5.458202
v 0.778542 -0.031827 -5.252934
v 0.794507 -0.039343 -5.241686
v 0.800113 -0.041982 -5.228418
v 0.794507 -0.039343 -5.215151
v 0.778542 -0.031827 -5.203903
v 0.778542 -0.031827 -4.720101
v 0.794507 -0.039343 -4.708853
v 0.800113 -0.041982 -4.695586
v 0.794507 -0.039343 -4.682318
v 0.778542 -0.031827 -4.671070
v -1.000000 -0.136080 -5.458202
v -0.752407 -0.019524 -5.458202
v -0.467085 0.061586 -5.458202
v -0.158342 0.103184 -5.458202
v 0.158342 0.103184 -5.458202
v 0.467085 0.061586 -5.458202
v 0.752407 -0.019524 -5.458202
v 1.000000 -0.136080 -5.458202
v 1.000000 -0.208171 -5.458202
v -1.000000 -0.208171 -5.458202
v 1.000000 -0.136080 -4.465802
v 0.752407 -0.019524 -4.465802
v 0.467085 0.061586 -4.465802
v 0.158342 0.103184 -4.465802
v -0.158342 0.103184 -4.465802
v -0.467085 0.061586 -4.465802
v -0.752407 -0.019524 -4.465802
v -1.000000 -0.136080 -4.465802
v -1.000000 -0.208171 -4.465802
v 1.000000 -0.208171 -4.465802
v -0.752407 -0.019526 -8.435404
v -1.000000 -0.136081 -8.435404
v -1.000000 -0.136081 -7.443003
v -0.752407 -0.019525 -7.443003
v -0.752407 -0.019525 -7.640545
v -0.778542 -0.031828 -7.648271
v -0.794507 -0.039344 -7.659519
v -0.800113 -0.041983 -7.672787
v -0.794507 -0.039344 -7.686054
v -0.778542 -0.031828 -7.697302
v -0.752407 -0.019525 -7.705028
v -0.752407 -0.019525 -8.173379
v -0.778542 -0.031829 -8.181105
v -0.794507 -0.039344 -8.192351
v -0.800113 -0.041983 -8.205620
v -0.794507 -0.039344 -8.218887
v -0.778542 -0.031829 -8.230136
v -0.752407 -0.019525 -8.237861
v -0.709447 -0.007313 -8.240290
v -0.662776 0.005955 -8.237652
v -0.623209 0.017203 -8.230136
v -0.596771 0.024718 -8.218887
v -0.587488 0.027357 -8.205620
v -0.596771 0.024718 -8.192351
v -0.623209 0.017203 -8.181105
v -0.662776 0.005955 -8.173589
v -0.709447 -0.007313 -8.170949
v -0.709447 -0.007313 -7.707457
v -0.662776 0.005955 -7.704818
v -0.623209 0.017203 -7.697302
v -0.596771 0.024718 -7.686054
v -0.587488 0.027357 -7.672787
v -0.596771 0.024718 -7.659519
v -0.623209 0.017203 -7.648271
v -0.662776 0.005955 -7.640756
v -0.709447 -0.007313 -7.638116
v 0.752407 -0.019526 -8.435404
v 0.752407 -0.019525 -7.443003
v 0.752407 -0.019525 -7.640545
v 0.709447 -0.007313 -7.638116
v 0.662775 0.005955 -7.640756
v 0.623209 0.017203 -7.648271
v 0.596771 0.024718 -7.659519
v 0.587488 0.027358 -7.672787
v 0.596771 0.024718 -7.686054
v 0.623209 0.017203 -7.697302
v 0.662775 0.005955 -7.704818
v 0.709447 -0.007313 -7.707457
v 0.752407 -0.019525 -7.705028
v 0.752407 -0.019525 -8.173379
v 0.709447 -0.007313 -8.170949
v 0.662775 0.005955 -8.173589
v 0.623209 0.017203 -8.181105
v 0.596771 0.024718 -8.192351
v 0.587488 0.027357 -8.205620
v 0.596771 0.024718 -8.218887
v 0.623209 0.017203 -8.230136
v 0.662775 0.005955 -8.237652
v 0.709447 -0.007313 -8.240290
v 0.752407 -0.019525 -8.237861
v 1.000000 -0.136081 -7.443003
v 1.000000 -0.136081 -8.435404
v 0.778542 -0.031829 -8.230136
v 0.794507 -0.039344 -8.218887
v 0.800113 -0.041983 -8.205620
v 0.794507 -0.039344 -8.192351
v 0.778542 -0.031829 -8.181105
v 0.778542 -0.031828 -7.697302
v 0.794507 -0.039344 -7.686054
v 0.800113 -0.041983 -7.672787
v 0.794507 -0.039344 -7.659519
v 0.778542 -0.031828 -7.648271
v -1.000000 -0.136081 -8.435404
v -0.752407 -0.019526 -8.435404
v -0.467085 0.061585 -8.435404
v -0.158342 0.103183 -8.435404
v 0.158342 0.103183 -8.435404
v 0.467085 0.061585 -8.435404
v 0.752407 -0.019526 -8.435404
v 1.000000 -0.136081 -8.435404
v 1.000000 -0.208172 -8.435404
v -1.000000 -0.208172 -8.435404
v 1.000000 -0.136081 -7.443003
v 0.752407 -0.019525 -7.443003
v 0.467085 0.061585 -7.443003
v 0.158342 0.103183 -7.443003
v -0.158342 0.103183 -7.443003
v -0.467085 0.061585 -7.443003
v -0.752407 -0.019525 -7.443003
v -1.000000 -0.136081 -7.443003
v -1.000000 -0.208172 -7.443003
v 1.000000 -0.208172 -7.443003
v -0.752407 -0.019525 -7.443003
v -1.000000 -0.136081 -7.443003
v -1.000000 -0.136080 -6.450603
v -0.752407 -0.019525 -6.450603
v -0.752407 -0.019525 -6.648145
v -0.778542 -0.031828 -6.655871
v -0.794507 -0.039344 -6.667119
v -0.800113 -0.041983 -6.680387
v -0.794507 -0.039344 -6.693654
v -0.778542 -0.031828 -6.704902
v -0.752407 -0.019525 -6.712627
v -0.752407 -0.019525 -7.180978
v -0.778542 -0.031828 -7.188704
v -0.794507 -0.039344 -7.199952
v -0.800113 -0.041983 -7.213220
v -0.794507 -0.039344 -7.226487
v -0.778542 -0.031828 -7.237735
v -0.752407 -0.019525 -7.245461
v -0.709447 -0.007313 -7.247890
v -0.662776 0.005955 -7.245251
v -0.623209 0.017203 -7.237735
v -0.596771 0.024718 -7.226487
v -0.587488 0.027358 -7.213219
v -0.596771 0.024718 -7.199952
v -0.623209 0.017203 -7.188704
v -0.662776 0.005955 -7.181188
v -0.709447 -0.007313 -7.178549
v -0.709447 -0.007313 -6.715056
v -0.662776 0.005955 -6.712418
v -0.623209 0.017203 -6.704902
v -0.596771 0.024719 -6.693654
v -0.587488 0.027358 -6.680387
v -0.596771 0.024719 -6.667119
v -0.623209 0.017203 -6.655871
v -0.662776 0.005955 -6.648355
v -0.709447 -0.007313 -6.645716
v 0.752407 -0.019525 -7.443003
v 0.752407 -0.019525 -6.450603
v 0.752407 -0.019525 -6.648145
v 0.709447 -0.007312 -6.645716
v 0.662775 0.005955 -6.648355
v 0.623209 0.017203 -6.655871
v 0.596771 0.024719 -6.667119
v 0.587488 0.027358 -6.680387
v 0.596771 0.024719 -6.693654
v 0.623209 0.017203 -6.704902
v 0.662775 0.005955 -6.712418
v 0.709447 -0.007312 -6.715056
v 0.752407 -0.019525 -6.712627
v 0.752407 -0.019525 -7.180978
v 0.709447 -0.007313 -7.178549
v 0.662775 0.005955 -7.181188
v 0.623209 0.017203 -7.188704
v 0.596771 0.024719 -7.199952
v 0.587488 0.027358 -7.213219
v 0.596771 0.024719 -7.226487
v 0.623209 0.017203 -7.237735
v 0.662775 0.005955 -7.245251
v 0.709447 -0.007313 -7.247890
v 0.752407 -0.019525 -7.245461
v 1.000000 -0.136080 -6.450603
v 1.000000 -0.136081 -7.443003
v 0.778542 -0.031828 -7.237735
v 0.794507 -0.039344 -7.226487
v 0.800113 -0.041983 -7.213219
v 0.794507 -0.039344 -7.199952
v 0.778542 -0.031828 -7.188704
v 0.778542 -0.031828 -6.704902
v 0.794507 -0.039344 -6.693654
v 0.800113 -0.041983 -6.680387
v 0.794507 -0.039344 -6.667119
v 0.778542 -0.031828 -6.655871
v -1.000000 -0.136081 -7.443003
v -0.752407 -0.019525 -7.443003
v -0.467085 0.061585 -7.443003
v -0.158342 0.103183 -7.443003
v 0.158342 0.103183 -7.443003
v 0.467085 0.061585 -7.443003
v 0.752407 -0.019525 -7.443003
v 1.000000 -0.136081 -7.443003
v 1.000000 -0.208172 -7.443003
v -1.000000 -0.208172 -7.443003
v 1.000000 -0.136080 -6.450603
v 0.752407 -0.019525 -6.450603
v 0.467085 0.061586 -6.450603
v 0.158342 0.103184 -6.450603
v -0.158342 0.103184 -6.450603
v -0.467085 0.061586 -6.450603
v -0.752407 -0.019525 -6.450603
v -1.000000 -0.136080 -6.450603
v -1.000000 -0.208172 -6.450603
v 1.000000 -0.208172 -6.450603
vn -1.0000 -0.0000 -0.0000
vn -0.0000 -1.0000 -0.0000
vn 1.0000 -0.0000 -0.0000
vn -0.1999 0.9798 -0.0000
vn -0.0664 0.9978 -0.0000
vn 0.0664 0.9978 -0.0000
vn 0.1999 0.9798 -0.0000
vn -0.0000 0.3865 -0.9223
vn -0.0000 0.3866 -0.9222
vn -0.0000 -0.0019 -1.0000
vn -0.0000 0.6937 -0.7203
vn -0.0000 0.9244 -0.3814
vn -0.0000 1.0000 -0.0000
vn -0.0000 0.9244 0.3814
vn -0.0000 0.6937 0.7203
vn -0.0000 0.3866 0.9222
vn -0.0000 0.3865 0.9223
vn -0.0000 -0.0019 1.0000
vn -0.0000 -0.3767 0.9263
vn -0.0000 -0.3766 0.9264
vn -0.0000 -0.7034 0.7108
vn -0.0000 -0.9227 0.3854
vn -0.0000 -0.9227 -0.3854
vn -0.0000 -0.7034 -0.7108
vn -0.0000 -0.3767 -0.9264
vn -0.0000 -0.3767 -0.9263
vn -0.0000 -0.3767 0.9264
vn -0.0000 -0.3766 -0.9264
vn -0.0000 -0.7033 -0.7109
vn -0.0000 -0.0018 -1.0000
vn -0.0000 -0.0020 -1.0000
vn -0.0000 0.3866 -0.9223
vn -0.0000 0.3866 0.9223
vn -0.0000 -0.7033 0.7109
vn -0.0000 -0.7035 -0.7107
vn -0.0000 -0.0018 1.0000
vn -0.0000 0.6936 -0.7203
vn -0.0000 -0.9227 -0.3855
vn -0.0000 -0.3768 -0.9263
vn -0.3497 0.9369 -0.0000
vn -0.4259 0.9048 -0.0000
vn -0.2734 0.9619 -0.0000
vn 0.3497 0.9369 -0.0000
vn 0.2734 0.9619 -0.0000
vn 0.4259 0.9048 -0.0000
vn -0.0000 -0.0000 -1.0000
vn -0.0000 -0.0000 1.0000
vn 0.3496 0.9369 -0.0000
vt 0.579971 0.090778
vt 0.579971 0.134156
vt 0.830486 0.134156
vt 0.830486 0.090778
vt 0.865428 0.665871
vt 0.990428 0.665871
vt 0.990428 0.415871
vt 0.865428 0.415871
vt 0.830486 0.583681
vt 0.830486 0.540303
vt 0.579971 0.540303
vt 0.579971 0.583681
vt 0.830486 0.271330
vt 0.579971 0.271330
vt 0.579971 0.317396
vt 0.830486 0.317396
vt 0.579971 0.357063
vt 0.830486 0.357063
vt 0.579971 0.403129
vt 0.830486 0.403129
vt 0.555891 0.823286
vt 0.971208 0.823286
vt 0.976086 0.829302
vt 0.551013 0.829302
vt 0.560341 0.817799
vt 0.966758 0.817799
vt 0.563388 0.814041
vt 0.963712 0.814041
vt 0.565404 0.811555
vt 0.961696 0.811555
vt 0.567420 0.809069
vt 0.959680 0.809069
vt 0.570467 0.805311
vt 0.956633 0.805311
vt 0.574916 0.799824
vt 0.952183 0.799824
vt 0.579795 0.793807
vt 0.947305 0.793808
vt 0.585094 0.787271
vt 0.942006 0.787271
vt 0.589690 0.781603
vt 0.937410 0.781603
vt 0.593048 0.777462
vt 0.934052 0.777463
vt 0.931976 0.774902
vt 0.595124 0.774902
vt 0.597200 0.772342
vt 0.929900 0.772342
vt 0.600558 0.768201
vt 0.926543 0.768201
vt 0.545713 0.835838
vt 0.981385 0.835838
vt 0.985981 0.841506
vt 0.541117 0.841506
vt 0.967481 0.731776
vt 0.965253 0.725670
vt 0.565753 0.725670
vt 0.563525 0.731776
vt 0.561493 0.737346
vt 0.969513 0.737346
vt 0.560101 0.741160
vt 0.970904 0.741160
vt 0.559181 0.743683
vt 0.971825 0.743684
vt 0.558260 0.746207
vt 0.972746 0.746207
vt 0.556868 0.750021
vt 0.974137 0.750021
vt 0.554836 0.755590
vt 0.976169 0.755591
vt 0.552608 0.761697
vt 0.978397 0.761697
vt 0.577335 0.693927
vt 0.953671 0.693927
vt 0.951251 0.687293
vt 0.579755 0.687294
vt 0.575236 0.699680
vt 0.955770 0.699680
vt 0.573702 0.703883
vt 0.957304 0.703883
vt 0.572754 0.706482
vt 0.958252 0.706482
vt 0.571806 0.709081
vt 0.959200 0.709080
vt 0.570272 0.713283
vt 0.960733 0.713283
vt 0.568173 0.719036
vt 0.962832 0.719036
vt 0.235828 0.090778
vt 0.235828 0.134156
vt 0.486342 0.134156
vt 0.486342 0.090778
vt 0.028322 0.665871
vt 0.153322 0.665871
vt 0.153322 0.415871
vt 0.028322 0.415871
vt 0.486342 0.583681
vt 0.486342 0.540303
vt 0.235828 0.540303
vt 0.235828 0.583681
vt 0.486342 0.271330
vt 0.235828 0.271330
vt 0.235828 0.317396
vt 0.486342 0.317396
vt 0.235828 0.357063
vt 0.486342 0.357063
vt 0.235828 0.403129
vt 0.486342 0.403129
vt 0.021073 0.823286
vt 0.436390 0.823286
vt 0.441268 0.829302
vt 0.016195 0.829302
vt 0.025523 0.817799
vt 0.431941 0.817799
vt 0.028570 0.814041
vt 0.428894 0.814041
vt 0.030586 0.811555
vt 0.426878 0.811555
vt 0.032602 0.809069
vt 0.424862 0.809069
vt 0.035649 0.805311
vt 0.421815 0.805311
vt 0.040099 0.799824
vt 0.417366 0.799824
vt 0.044977 0.793807
vt 0.412488 0.793808
vt 0.050277 0.787271
vt 0.407188 0.787271
vt 0.054873 0.781603
vt 0.402592 0.781603
vt 0.058230 0.777462
vt 0.399234 0.777463
vt 0.397158 0.774902
vt 0.060306 0.774902
vt 0.062383 0.772342
vt 0.395083 0.772342
vt 0.065740 0.768201
vt 0.391725 0.768201
vt 0.010895 0.835838
vt 0.446567 0.835838
vt 0.451163 0.841506
vt 0.006299 0.841506
vt 0.432663 0.731776
vt 0.430435 0.725670
vt 0.030935 0.725670
vt 0.028707 0.731776
vt 0.026675 0.737346
vt 0.434695 0.737346
vt 0.025284 0.741160
vt 0.436087 0.741160
vt 0.024363 0.743683
vt 0.437007 0.743684
vt 0.023442 0.746207
vt 0.437928 0.746207
vt 0.022051 0.750021
vt 0.439320 0.750021
vt 0.020019 0.755590
vt 0.441352 0.755591
vt 0.017791 0.761697
vt 0.443580 0.761697
vt 0.042517 0.693927
vt 0.418853 0.693927
vt 0.416433 0.687293
vt 0.044937 0.687294
vt 0.040418 0.699680
vt 0.420952 0.699680
vt 0.038884 0.703883
vt 0.422486 0.703883
vt 0.037936 0.706482
vt 0.423434 0.706482
vt 0.036988 0.709081
vt 0.424382 0.709080
vt 0.035455 0.713283
vt 0.425916 0.713283
vt 0.033356 0.719036
vt 0.428015 0.719036
vt 0.629838 0.210839
vt 0.579971 0.210839
vt 0.631788 0.202745
vt 0.634627 0.197800
vt 0.637976 0.196064
vt 0.641325 0.197800
vt 0.644165 0.202745
vt 0.646115 0.210839
vt 0.769132 0.197800
vt 0.766292 0.202745
vt 0.764342 0.210839
vt 0.772481 0.196064
vt 0.775830 0.197800
vt 0.778669 0.202745
vt 0.780620 0.210839
vt 0.830486 0.210839
vt 0.634627 0.243836
vt 0.637976 0.245804
vt 0.631788 0.238231
vt 0.629891 0.229842
vt 0.629224 0.219947
vt 0.641326 0.243836
vt 0.644165 0.238230
vt 0.646062 0.229842
vt 0.646728 0.219947
vt 0.772481 0.245804
vt 0.769132 0.243836
vt 0.766292 0.238231
vt 0.764395 0.229842
vt 0.763729 0.219947
vt 0.775830 0.243836
vt 0.778669 0.238231
vt 0.780567 0.229842
vt 0.781233 0.219947
vt 0.629838 0.463620
vt 0.579971 0.463620
vt 0.629224 0.454512
vt 0.764342 0.463620
vt 0.646728 0.454512
vt 0.646115 0.463620
vt 0.763729 0.454512
vt 0.830486 0.463620
vt 0.781233 0.454512
vt 0.780620 0.463620
vt 0.637976 0.428655
vt 0.634627 0.430623
vt 0.631788 0.436228
vt 0.629891 0.444617
vt 0.641325 0.430623
vt 0.644165 0.436228
vt 0.646062 0.444617
vt 0.772481 0.428655
vt 0.769132 0.430623
vt 0.766292 0.436228
vt 0.764395 0.444617
vt 0.775830 0.430623
vt 0.778669 0.436228
vt 0.780567 0.444617
vt 0.637976 0.478395
vt 0.634627 0.476659
vt 0.631788 0.471714
vt 0.641325 0.476659
vt 0.644165 0.471714
vt 0.769132 0.476659
vt 0.766292 0.471714
vt 0.772481 0.478395
vt 0.775830 0.476659
vt 0.778669 0.471714
vt 0.597039 0.968148
vt 0.995468 0.982509
vt 0.597039 0.982509
vt 0.995468 0.968148
vt 0.646363 0.944928
vt 0.946144 0.944928
vt 0.703203 0.928770
vt 0.889303 0.928770
vt 0.764709 0.920483
vt 0.827797 0.920483
vt 0.993917 0.896838
vt 0.595489 0.911200
vt 0.993917 0.911200
vt 0.595489 0.896838
vt 0.944593 0.873619
vt 0.644813 0.873619
vt 0.887753 0.857461
vt 0.701653 0.857461
vt 0.826247 0.849174
vt 0.763159 0.849174
vt 0.285694 0.210839
vt 0.235828 0.210839
vt 0.287644 0.202745
vt 0.290484 0.197800
vt 0.293833 0.196064
vt 0.297182 0.197800
vt 0.300021 0.202745
vt 0.301971 0.210839
vt 0.424988 0.197800
vt 0.422149 0.202745
vt 0.420199 0.210839
vt 0.428337 0.196064
vt 0.431687 0.197800
vt 0.434526 0.202745
vt 0.436476 0.210839
vt 0.486342 0.210839
vt 0.290484 0.243836
vt 0.293833 0.245804
vt 0.287644 0.238231
vt 0.285747 0.229842
vt 0.285081 0.219947
vt 0.297182 0.243836
vt 0.300021 0.238230
vt 0.301918 0.229842
vt 0.302585 0.219947
vt 0.428337 0.245804
vt 0.424988 0.243836
vt 0.422149 0.238231
vt 0.420252 0.229842
vt 0.419585 0.219947
vt 0.431687 0.243836
vt 0.434526 0.238231
vt 0.436423 0.229842
vt 0.437089 0.219947
vt 0.285694 0.463620
vt 0.235828 0.463620
vt 0.285081 0.454512
vt 0.420199 0.463620
vt 0.302585 0.454512
vt 0.301971 0.463620
vt 0.419585 0.454512
vt 0.486342 0.463620
vt 0.437089 0.454512
vt 0.436476 0.463620
vt 0.293833 0.428655
vt 0.290484 0.430623
vt 0.287644 0.436228
vt 0.285747 0.444617
vt 0.297182 0.430623
vt 0.300021 0.436228
vt 0.301918 0.444617
vt 0.428337 0.428655
vt 0.424988 0.430623
vt 0.422149 0.436228
vt 0.420252 0.444617
vt 0.431686 0.430623
vt 0.434526 0.436228
vt 0.436423 0.444617
vt 0.293833 0.478395
vt 0.290484 0.476659
vt 0.287644 0.471714
vt 0.297182 0.476659
vt 0.300021 0.471714
vt 0.424988 0.476659
vt 0.422149 0.471714
vt 0.428337 0.478395
vt 0.431686 0.476659
vt 0.434526 0.471714
vt 0.074623 0.968148
vt 0.473051 0.982509
vt 0.074623 0.982509
vt 0.473051 0.968148
vt 0.123947 0.944928
vt 0.423727 0.944928
vt 0.180787 0.928770
vt 0.366887 0.928770
vt 0.242293 0.920483
vt 0.305381 0.920483
vt 0.471501 0.896838
vt 0.073073 0.911200
vt 0.471501 0.911200
vt 0.073073 0.896838
vt 0.422177 0.873619
vt 0.122397 0.873619
vt 0.365337 0.857461
vt 0.179237 0.857461
vt 0.303831 0.849174
vt 0.240743 0.849174
s 1
usemtl Material.001
f 1/1/1 2/2/1 3/3/1
f 1/1/1 3/3/1 4/4/1
f 5/5/2 6/6/2 7/7/2
f 5/5/2 7/7/2 8/8/2
f 9/9/3 10/10/3 11/11/3
f 9/9/3 11/11/3 12/12/3
f 13/13/4 14/14/4 15/15/5
f 13/13/4 15/15/5 16/16/5
f 16/16/5 15/15/5 17/17/6
f 16/16/5 17/17/6 18/18/6
f 18/18/6 17/17/6 19/19/7
f 18/18/6 19/19/7 20/20/7
f 21/21/8 22/22/9 23/23/10
f 21/21/8 23/23/10 24/24/10
f 25/25/11 26/26/11 22/22/9
f 25/25/11 22/22/9 21/21/8
f 27/27/12 28/28/12 26/26/11
f 27/27/12 26/26/11 25/25/11
f 29/29/13 30/30/13 28/28/12
f 29/29/13 28/28/12 27/27/12
f 31/31/14 32/32/14 30/30/13
f 31/31/14 30/30/13 29/29/13
f 33/33/15 34/34/15 32/32/14
f 33/33/15 32/32/14 31/31/14
f 35/35/16 36/36/17 34/34/15
f 35/35/16 34/34/15 33/33/15
f 36/36/17 35/35/16 37/37/18
f 36/36/17 37/37/18 38/38/18
f 39/39/19 40/40/20 38/38/18
f 39/39/19 38/38/18 37/37/18
f 41/41/21 42/42/21 40/40/20
f 41/41/21 40/40/20 39/39/19
f 43/43/22 44/44/22 42/42/21
f 43/43/22 42/42/21 41/41/21
f 45/45/2 44/44/22 43/43/22
f 45/45/2 43/43/22 46/46/2
f 47/47/23 48/48/23 45/45/2
f 47/47/23 45/45/2 46/46/2
f 49/49/24 50/50/24 48/48/23
f 49/49/24 48/48/23 47/47/23
f 51/51/25 52/52/26 53/53/24
f 51/51/25 53/53/24 54/54/24
f 24/24/10 23/23/10 52/52/26
f 24/24/10 52/52/26 51/51/25
f 55/55/17 56/56/18 57/57/18
f 55/55/17 57/57/18 58/58/16
f 58/58/16 59/59/15 60/60/15
f 58/58/16 60/60/15 55/55/17
f 59/59/15 61/61/14 62/62/14
f 59/59/15 62/62/14 60/60/15
f 61/61/14 63/63/13 64/64/13
f 61/61/14 64/64/13 62/62/14
f 63/63/13 65/65/12 66/66/12
f 63/63/13 66/66/12 64/64/13
f 67/67/11 68/68/11 66/66/12
f 67/67/11 66/66/12 65/65/12
f 69/69/9 70/70/8 68/68/11
f 69/69/9 68/68/11 67/67/11
f 70/70/8 69/69/9 71/71/10
f 70/70/8 71/71/10 72/72/10
f 73/73/26 74/74/25 75/75/10
f 73/73/26 75/75/10 76/76/10
f 77/77/24 78/78/24 74/74/25
f 77/77/24 74/74/25 73/73/26
f 79/79/23 80/80/23 78/78/24
f 79/79/23 78/78/24 77/77/24
f 81/81/2 82/82/2 80/80/23
f 81/81/2 80/80/23 79/79/23
f 83/83/22 84/84/22 82/82/2
f 83/83/22 82/82/2 81/81/2
f 83/83/22 85/85/21 86/86/21
f 83/83/22 86/86/21 84/84/22
f 85/85/21 87/87/19 88/88/20
f 85/85/21 88/88/20 86/86/21
f 88/88/20 87/87/19 57/57/18
f 88/88/20 57/57/18 56/56/18
f 89/89/1 90/90/1 91/91/1
f 89/89/1 91/91/1 92/92/1
f 93/93/2 94/94/2 95/95/2
f 93/93/2 95/95/2 96/96/2
f 97/97/3 98/98/3 99/99/3
f 97/97/3 99/99/3 100/100/3
f 101/101/4 102/102/4 103/103/5
f 101/101/4 103/103/5 104/104/5
f 104/104/5 103/103/5 105/105/6
f 104/104/5 105/105/6 106/106/6
f 106/106/6 105/105/6 107/107/7
f 106/106/6 107/107/7 108/108/7
f 109/109/8 110/110/9 111/111/10
f 109/109/8 111/111/10 112/112/10
f 113/113/11 114/114/11 110/110/9
f 113/113/11 110/110/9 109/109/8
f 115/115/12 116/116/12 114/114/11
f 115/115/12 114/114/11 113/113/11
f 117/117/13 118/118/13 116/116/12
f 117/117/13 116/116/12 115/115/12
f 119/119/14 120/120/14 118/118/13
f 119/119/14 118/118/13 117/117/13
f 121/121/15 122/122/15 120/120/14
f 121/121/15 120/120/14 119/119/14
f 123/123/16 124/124/17 122/122/15
f 123/123/16 122/122/15 121/121/15
f 124/124/17 123/123/16 125/125/18
f 124/124/17 125/125/18 126/126/18
f 127/127/19 128/128/27 126/126/18
f 127/127/19 126/126/18 125/125/18
f 129/129/21 130/130/21 128/128/27
f 129/129/21 128/128/27 127/127/19
f 131/131/22 132/132/22 130/130/21
f 131/131/22 130/130/21 129/129/21
f 133/133/2 132/132/22 131/131/22
f 133/133/2 131/131/22 134/134/2
f 135/135/23 136/136/23 133/133/2
f 135/135/23 133/133/2 134/134/2
f 137/137/24 138/138/24 136/136/23
f 137/137/24 136/136/23 135/135/23
f 139/139/28 140/140/26 141/141/29
f 139/139/28 141/141/29 142/142/29
f 112/112/10 111/111/10 140/140/26
f 112/112/10 140/140/26 139/139/28
f 143/143/16 144/144/18 145/145/18
f 143/143/16 145/145/18 146/146/16
f 146/146/16 147/147/15 148/148/15
f 146/146/16 148/148/15 143/143/16
f 147/147/15 149/149/14 150/150/14
f 147/147/15 150/150/14 148/148/15
f 149/149/14 151/151/13 152/152/13
f 149/149/14 152/152/13 150/150/14
f 151/151/13 153/153/12 154/154/12
f 151/151/13 154/154/12 152/152/13
f 155/155/11 156/156/11 154/154/12
f 155/155/11 154/154/12 153/153/12
f 157/157/9 158/158/9 156/156/11
f 157/157/9 156/156/11 155/155/11
f 158/158/9 157/157/9 159/159/30
f 158/158/9 159/159/30 160/160/10
f 161/161/26 162/162/25 163/163/10
f 161/161/26 163/163/10 164/164/31
f 165/165/24 166/166/24 162/162/25
f 165/165/24 162/162/25 161/161/26
f 167/167/23 168/168/23 166/166/24
f 167/167/23 166/166/24 165/165/24
f 169/169/2 170/170/2 168/168/23
f 169/169/2 168/168/23 167/167/23
f 171/171/22 172/172/22 170/170/2
f 171/171/22 170/170/2 169/169/2
f 171/171/22 173/173/21 174/174/21
f 171/171/22 174/174/21 172/172/22
f 173/173/21 175/175/19 176/176/20
f 173/173/21 176/176/20 174/174/21
f 176/176/20 175/175/19 145/145/18
f 176/176/20 145/145/18 144/144/18
f 177/1/1 178/2/1 179/3/1
f 177/1/1 179/3/1 180/4/1
f 181/5/2 182/6/2 183/7/2
f 181/5/2 183/7/2 184/8/2
f 185/9/3 186/10/3 187/11/3
f 185/9/3 187/11/3 188/12/3
f 189/13/4 190/14/4 191/15/5
f 189/13/4 191/15/5 192/16/5
f 192/16/5 191/15/5 193/17/6
f 192/16/5 193/17/6 194/18/6
f 194/18/6 193/17/6 195/19/7
f 194/18/6 195/19/7 196/20/7
f 197/21/32 198/22/9 199/23/31
f 197/21/32 199/23/31 200/24/10
f 201/25/11 202/26/11 198/22/9
f 201/25/11 198/22/9 197/21/32
f 203/27/12 204/28/12 202/26/11
f 203/27/12 202/26/11 201/25/11
f 205/29/13 206/30/13 204/28/12
f 205/29/13 204/28/12 203/27/12
f 207/31/14 208/32/14 206/30/13
f 207/31/14 206/30/13 205/29/13
f 209/33/15 210/34/15 208/32/14
f 209/33/15 208/32/14 207/31/14
f 211/35/16 212/36/17 210/34/15
f 211/35/16 210/34/15 209/33/15
f 212/36/17 211/35/16 213/37/18
f 212/36/17 213/37/18 214/38/18
f 215/39/19 216/40/20 214/38/18
f 215/39/19 214/38/18 213/37/18
f 217/41/21 218/42/21 216/40/20
f 217/41/21 216/40/20 215/39/19
f 219/43/22 220/44/22 218/42/21
f 219/43/22 218/42/21 217/41/21
f 221/45/2 220/44/22 219/43/22
f 221/45/2 219/43/22 222/46/2
f 223/47/23 224/48/23 221/45/2
f 223/47/23 221/45/2 222/46/2
f 225/49/24 226/50/24 224/48/23
f 225/49/24 224/48/23 223/47/23
f 227/51/25 228/52/26 229/53/24
f 227/51/25 229/53/24 230/54/24
f 200/24/10 199/23/31 228/52/26
f 200/24/10 228/52/26 227/51/25
f 231/55/16 232/56/18 233/57/18
f 231/55/16 233/57/18 234/58/16
f 234/58/16 235/59/15 236/60/15
f 234/58/16 236/60/15 231/55/16
f 235/59/15 237/61/14 238/62/14
f 235/59/15 238/62/14 236/60/15
f 237/61/14 239/63/13 240/64/13
f 237/61/14 240/64/13 238/62/14
f 239/63/13 241/65/12 242/66/12
f 239/63/13 242/66/12 240/64/13
f 243/67/11 244/68/11 242/66/12
f 243/67/11 242/66/12 241/65/12
f 245/69/9 246/70/8 244/68/11
f 245/69/9 244/68/11 243/67/11
f 246/70/8 245/69/9 247/71/10
f 246/70/8 247/71/10 248/72/10
f 249/73/26 250/74/28 251/75/10
f 249/73/26 251/75/10 252/76/10
f 253/77/24 254/78/24 250/74/28
f 253/77/24 250/74/28 249/73/26
f 255/79/23 256/80/23 254/78/24
f 255/79/23 254/78/24 253/77/24
f 257/81/2 258/82/2 256/80/23
f 257/81/2 256/80/23 255/79/23
f 259/83/22 260/84/22 258/82/2
f 259/83/22 258/82/2 257/81/2
f 259/83/22 261/85/21 262/86/21
f 259/83/22 262/86/21 260/84/22
f 261/85/21 263/87/19 264/88/20
f 261/85/21 264/88/20 262/86/21
f 264/88/20 263/87/19 233/57/18
f 264/88/20 233/57/18 232/56/18
f 265/89/1 266/90/1 267/91/1
f 265/89/1 267/91/1 268/92/1
f 269/93/2 270/94/2 271/95/2
f 269/93/2 271/95/2 272/96/2
f 273/97/3 274/98/3 275/99/3
f 273/97/3 275/99/3 276/100/3
f 277/101/4 278/102/4 279/103/5
f 277/101/4 279/103/5 280/104/5
f 280/104/5 279/103/5 281/105/6
f 280/104/5 281/105/6 282/106/6
f 282/106/6 281/105/6 283/107/7
f 282/106/6 283/107/7 284/108/7
f 285/109/9 286/110/9 287/111/10
f 285/109/9 287/111/10 288/112/10
f 289/113/11 290/114/11 286/110/9
f 289/113/11 286/110/9 285/109/9
f 291/115/12 292/116/12 290/114/11
f 291/115/12 290/114/11 289/113/11
f 293/117/13 294/118/13 292/116/12
f 293/117/13 292/116/12 291/115/12
f 295/119/14 296/120/14 294/118/13
f 295/119/14 294/118/13 293/117/13
f 297/121/15 298/122/15 296/120/14
f 297/121/15 296/120/14 295/119/14
f 299/123/16 300/124/16 298/122/15
f 299/123/16 298/122/15 297/121/15
f 300/124/16 299/123/16 301/125/18
f 300/124/16 301/125/18 302/126/18
f 303/127/19 304/128/20 302/126/18
f 303/127/19 302/126/18 301/125/18
f 305/129/21 306/130/21 304/128/20
f 305/129/21 304/128/20 303/127/19
f 307/131/22 308/132/22 306/130/21
f 307/131/22 306/130/21 305/129/21
f 309/133/2 308/132/22 307/131/22
f 309/133/2 307/131/22 310/134/2
f 311/135/23 312/136/23 309/133/2
f 311/135/23 309/133/2 310/134/2
f 313/137/24 314/138/24 312/136/23
f 313/137/24 312/136/23 311/135/23
f 315/139/28 316/140/26 317/141/29
f 315/139/28 317/141/29 318/142/29
f 288/112/10 287/111/10 316/140/26
f 288/112/10 316/140/26 315/139/28
f 319/143/17 320/144/18 321/145/18
f 319/143/17 321/145/18 322/146/16
f 322/146/16 323/147/15 324/148/15
f 322/146/16 324/148/15 319/143/17
f 323/147/15 325/149/14 326/150/14
f 323/147/15 326/150/14 324/148/15
f 325/149/14 327/151/13 328/152/13
f 325/149/14 328/152/13 326/150/14
f 327/151/13 329/153/12 330/154/12
f 327/151/13 330/154/12 328/152/13
f 331/155/11 332/156/11 330/154/12
f 331/155/11 330/154/12 329/153/12
f 333/157/9 334/158/8 332/156/11
f 333/157/9 332/156/11 331/155/11
f 334/158/8 333/157/9 335/159/10
f 334/158/8 335/159/10 336/160/10
f 337/161/26 338/162/25 339/163/10
f 337/161/26 339/163/10 340/164/10
f 341/165/24 342/166/24 338/162/25
f 341/165/24 338/162/25 337/161/26
f 343/167/23 344/168/23 342/166/24
f 343/167/23 342/166/24 341/165/24
f 345/169/2 346/170/2 344/168/23
f 345/169/2 344/168/23 343/167/23
f 347/171/22 348/172/22 346/170/2
f 347/171/22 346/170/2 345/169/2
f 347/171/22 349/173/21 350/174/21
f 347/171/22 350/174/21 348/172/22
f 349/173/21 351/175/19 352/176/20
f 349/173/21 352/176/20 350/174/21
f 352/176/20 351/175/19 321/145/18
f 352/176/20 321/145/18 320/144/18
f 353/1/1 354/2/1 355/3/1
f 353/1/1 355/3/1 356/4/1
f 357/5/2 358/6/2 359/7/2
f 357/5/2 359/7/2 360/8/2
f 361/9/3 362/10/3 363/11/3
f 361/9/3 363/11/3 364/12/3
f 365/13/4 366/14/4 367/15/5
f 365/13/4 367/15/5 368/16/5
f 368/16/5 367/15/5 369/17/6
f 368/16/5 369/17/6 370/18/6
f 370/18/6 369/17/6 371/19/7
f 370/18/6 371/19/7 372/20/7
f 373/21/32 374/22/9 375/23/10
f 373/21/32 375/23/10 376/24/10
f 377/25/11 378/26/11 374/22/9
f 377/25/11 374/22/9 373/21/32
f 379/27/12 380/28/12 378/26/11
f 379/27/12 378/26/11 377/25/11
f 381/29/13 382/30/13 380/28/12
f 381/29/13 380/28/12 379/27/12
f 383/31/14 384/32/14 382/30/13
f 383/31/14 382/30/13 381/29/13
f 385/33/15 386/34/15 384/32/14
f 385/33/15 384/32/14 383/31/14
f 387/35/16 388/36/33 386/34/15
f 387/35/16 386/34/15 385/33/15
f 388/36/33 387/35/16 389/37/18
f 388/36/33 389/37/18 390/38/18
f 391/39/27 392/40/19 390/38/18
f 391/39/27 390/38/18 389/37/18
f 393/41/34 394/42/34 392/40/19
f 393/41/34 392/40/19 391/39/27
f 395/43/22 396/44/22 394/42/34
f 395/43/22 394/42/34 393/41/34
f 397/45/2 396/44/22 395/43/22
f 397/45/2 395/43/22 398/46/2
f 399/47/23 400/48/23 397/45/2
f 399/47/23 397/45/2 398/46/2
f 401/49/24 402/50/35 400/48/23
f 401/49/24 400/48/23 399/47/23
f 403/51/28 404/52/26 405/53/24
f 403/51/28 405/53/24 406/54/24
f 376/24/10 375/23/10 404/52/26
f 376/24/10 404/52/26 403/51/28
f 407/55/16 408/56/36 409/57/18
f 407/55/16 409/57/18 410/58/16
f 410/58/16 411/59/15 412/60/15
f 410/58/16 412/60/15 407/55/16
f 411/59/15 413/61/14 414/62/14
f 411/59/15 414/62/14 412/60/15
f 413/61/14 415/63/13 416/64/13
f 413/61/14 416/64/13 414/62/14
f 415/63/13 417/65/12 418/66/12
f 415/63/13 418/66/12 416/64/13
f 419/67/11 420/68/11 418/66/12
f 419/67/11 418/66/12 417/65/12
f 421/69/32 422/70/32 420/68/11
f 421/69/32 420/68/11 419/67/11
f 422/70/32 421/69/32 423/71/30
f 422/70/32 423/71/30 424/72/10
f 425/73/26 426/74/25 427/75/10
f 425/73/26 427/75/10 428/76/10
f 429/77/29 430/78/29 426/74/25
f 429/77/29 426/74/25 425/73/26
f 431/79/23 432/80/23 430/78/29
f 431/79/23 430/78/29 429/77/29
f 433/81/2 434/82/2 432/80/23
f 433/81/2 432/80/23 431/79/23
f 435/83/22 436/84/22 434/82/2
f 435/83/22 434/82/2 433/81/2
f 435/83/22 437/85/21 438/86/21
f 435/83/22 438/86/21 436/84/22
f 437/85/21 439/87/19 440/88/27
f 437/85/21 440/88/27 438/86/21
f 440/88/27 439/87/19 409/57/18
f 440/88/27 409/57/18 408/56/36
f 441/89/1 442/90/1 443/91/1
f 441/89/1 443/91/1 444/92/1
f 445/93/2 446/94/2 447/95/2
f 445/93/2 447/95/2 448/96/2
f 449/97/3 450/98/3 451/99/3
f 449/97/3 451/99/3 452/100/3
f 453/101/4 454/102/4 455/103/5
f 453/101/4 455/103/5 456/104/5
f 456/104/5 455/103/5 457/105/6
f 456/104/5 457/105/6 458/106/6
f 458/106/6 457/105/6 459/107/7
f 458/106/6 459/107/7 460/108/7
f 461/109/9 462/110/9 463/111/10
f 461/109/9 463/111/10 464/112/10
f 465/113/11 466/114/11 462/110/9
f 465/113/11 462/110/9 461/109/9
f 467/115/12 468/116/12 466/114/11
f 467/115/12 466/114/11 465/113/11
f 469/117/13 470/118/13 468/116/12
f 469/117/13 468/116/12 467/115/12
f 471/119/14 472/120/14 470/118/13
f 471/119/14 470/118/13 469/117/13
f 473/121/15 474/122/15 472/120/14
f 473/121/15 472/120/14 471/119/14
f 475/123/33 476/124/17 474/122/15
f 475/123/33 474/122/15 473/121/15
f 476/124/17 475/123/33 477/125/36
f 476/124/17 477/125/36 478/126/18
f 479/127/19 480/128/20 478/126/18
f 479/127/19 478/126/18 477/125/36
f 481/129/21 482/130/21 480/128/20
f 481/129/21 480/128/20 479/127/19
f 483/131/22 484/132/22 482/130/21
f 483/131/22 482/130/21 481/129/21
f 485/133/2 484/132/22 483/131/22
f 485/133/2 483/131/22 486/134/2
f 487/135/23 488/136/23 485/133/2
f 487/135/23 485/133/2 486/134/2
f 489/137/24 490/138/24 488/136/23
f 489/137/24 488/136/23 487/135/23
f 491/139/26 492/140/26 493/141/29
f 491/139/26 493/141/29 494/142/29
f 464/112/10 463/111/10 492/140/26
f 464/112/10 492/140/26 491/139/26
f 495/143/17 496/144/36 497/145/18
f 495/143/17 497/145/18 498/146/16
f 498/146/16 499/147/15 500/148/15
f 498/146/16 500/148/15 495/143/17
f 499/147/15 501/149/14 502/150/14
f 499/147/15 502/150/14 500/148/15
f 501/149/14 503/151/13 504/152/13
f 501/149/14 504/152/13 502/150/14
f 503/151/13 505/153/12 506/154/12
f 503/151/13 506/154/12 504/152/13
f 507/155/11 508/156/37 506/154/12
f 507/155/11 506/154/12 505/153/12
f 509/157/32 510/158/32 508/156/37
f 509/157/32 508/156/37 507/155/11
f 510/158/32 509/157/32 511/159/10
f 510/158/32 511/159/10 512/160/30
f 513/161/26 514/162/28 515/163/10
f 513/161/26 515/163/10 516/164/10
f 517/165/24 518/166/24 514/162/28
f 517/165/24 514/162/28 513/161/26
f 519/167/23 520/168/23 518/166/24
f 519/167/23 518/166/24 517/165/24
f 521/169/2 522/170/2 520/168/23
f 521/169/2 520/168/23 519/167/23
f 523/171/22 524/172/22 522/170/2
f 523/171/22 522/170/2 521/169/2
f 523/171/22 525/173/21 526/174/21
f 523/171/22 526/174/21 524/172/22
f 525/173/21 527/175/19 528/176/20
f 525/173/21 528/176/20 526/174/21
f 528/176/20 527/175/19 497/145/18
f 528/176/20 497/145/18 496/144/36
f 529/1/1 530/2/1 531/3/1
f 529/1/1 531/3/1 532/4/1
f 533/5/2 534/6/2 535/7/2
f 533/5/2 535/7/2 536/8/2
f 537/9/3 538/10/3 539/11/3
f 537/9/3 539/11/3 540/12/3
f 541/13/4 542/14/4 543/15/5
f 541/13/4 543/15/5 544/16/5
f 544/16/5 543/15/5 545/17/6
f 544/16/5 545/17/6 546/18/6
f 546/18/6 545/17/6 547/19/7
f 546/18/6 547/19/7 548/20/7
f 549/21/32 550/22/9 551/23/31
f 549/21/32 551/23/31 552/24/10
f 553/25/11 554/26/11 550/22/9
f 553/25/11 550/22/9 549/21/32
f 555/27/12 556/28/12 554/26/11
f 555/27/12 554/26/11 553/25/11
f 557/29/13 558/30/13 556/28/12
f 557/29/13 556/28/12 555/27/12
f 559/31/14 560/32/14 558/30/13
f 559/31/14 558/30/13 557/29/13
f 561/33/15 562/34/15 560/32/14
f 561/33/15 560/32/14 559/31/14
f 563/35/33 564/36/17 562/34/15
f 563/35/33 562/34/15 561/33/15
f 564/36/17 563/35/33 565/37/18
f 564/36/17 565/37/18 566/38/18
f 567/39/20 568/40/20 566/38/18
f 567/39/20 566/38/18 565/37/18
f 569/41/21 570/42/21 568/40/20
f 569/41/21 568/40/20 567/39/20
f 571/43/22 572/44/22 570/42/21
f 571/43/22 570/42/21 569/41/21
f 573/45/2 572/44/22 571/43/22
f 573/45/2 571/43/22 574/46/2
f 575/47/23 576/48/23 573/45/2
f 575/47/23 573/45/2 574/46/2
f 577/49/24 578/50/35 576/48/23
f 577/49/24 576/48/23 575/47/23
f 579/51/26 580/52/25 581/53/24
f 579/51/26 581/53/24 582/54/24
f 552/24/10 551/23/31 580/52/25
f 552/24/10 580/52/25 579/51/26
f 583/55/33 584/56/36 585/57/36
f 583/55/33 585/57/36 586/58/33
f 586/58/33 587/59/15 588/60/15
f 586/58/33 588/60/15 583/55/33
f 587/59/15 589/61/14 590/62/14
f 587/59/15 590/62/14 588/60/15
f 589/61/14 591/63/13 592/64/13
f 589/61/14 592/64/13 590/62/14
f 591/63/13 593/65/12 594/66/12
f 591/63/13 594/66/12 592/64/13
f 595/67/11 596/68/11 594/66/12
f 595/67/11 594/66/12 593/65/12
f 597/69/32 598/70/32 596/68/11
f 597/69/32 596/68/11 595/67/11
f 598/70/32 597/69/32 599/71/10
f 598/70/32 599/71/10 600/72/10
f 601/73/25 602/74/26 603/75/31
f 601/73/25 603/75/31 604/76/31
f 605/77/29 606/78/29 602/74/26
f 605/77/29 602/74/26 601/73/25
f 607/79/23 608/80/23 606/78/29
f 607/79/23 606/78/29 605/77/29
f 609/81/2 610/82/2 608/80/23
f 609/81/2 608/80/23 607/79/23
f 611/83/22 612/84/22 610/82/2
f 611/83/22 610/82/2 609/81/2
f 611/83/22 613/85/21 614/86/21
f 611/83/22 614/86/21 612/84/22
f 613/85/21 615/87/27 616/88/19
f 613/85/21 616/88/19 614/86/21
f 616/88/19 615/87/27 585/57/36
f 616/88/19 585/57/36 584/56/36
f 617/89/1 618/90/1 619/91/1
f 617/89/1 619/91/1 620/92/1
f 621/93/2 622/94/2 623/95/2
f 621/93/2 623/95/2 624/96/2
f 625/97/3 626/98/3 627/99/3
f 625/97/3 627/99/3 628/100/3
f 629/101/4 630/102/4 631/103/5
f 629/101/4 631/103/5 632/104/5
f 632/104/5 631/103/5 633/105/6
f 632/104/5 633/105/6 634/106/6
f 634/106/6 633/105/6 635/107/7
f 634/106/6 635/107/7 636/108/7
f 637/109/8 638/110/9 639/111/10
f 637/109/8 639/111/10 640/112/10
f 641/113/11 642/114/11 638/110/9
f 641/113/11 638/110/9 637/109/8
f 643/115/12 644/116/12 642/114/11
f 643/115/12 642/114/11 641/113/11
f 645/117/13 646/118/13 644/116/12
f 645/117/13 644/116/12 643/115/12
f 647/119/14 648/120/14 646/118/13
f 647/119/14 646/118/13 645/117/13
f 649/121/15 650/122/15 648/120/14
f 649/121/15 648/120/14 647/119/14
f 651/123/16 652/124/17 650/122/15
f 651/123/16 650/122/15 649/121/15
f 652/124/17 651/123/16 653/125/18
f 652/124/17 653/125/18 654/126/18
f 655/127/27 656/128/20 654/126/18
f 655/127/27 654/126/18 653/125/18
f 657/129/21 658/130/21 656/128/20
f 657/129/21 656/128/20 655/127/27
f 659/131/22 660/132/22 658/130/21
f 659/131/22 658/130/21 657/129/21
f 661/133/2 660/132/22 659/131/22
f 661/133/2 659/131/22 662/134/2
f 663/135/23 664/136/23 661/133/2
f 663/135/23 661/133/2 662/134/2
f 665/137/24 666/138/24 664/136/23
f 665/137/24 664/136/23 663/135/23
f 667/139/26 668/140/26 669/141/29
f 667/139/26 669/141/29 670/142/29
f 640/112/10 639/111/10 668/140/26
f 640/112/10 668/140/26 667/139/26
f 671/143/16 672/144/18 673/145/18
f 671/143/16 673/145/18 674/146/16
f 674/146/16 675/147/15 676/148/15
f 674/146/16 676/148/15 671/143/16
f 675/147/15 677/149/14 678/150/14
f 675/147/15 678/150/14 676/148/15
f 677/149/14 679/151/13 680/152/13
f 677/149/14 680/152/13 678/150/14
f 679/151/13 681/153/12 682/154/12
f 679/151/13 682/154/12 680/152/13
f 683/155/11 684/156/11 682/154/12
f 683/155/11 682/154/12 681/153/12
f 685/157/9 686/158/8 684/156/11
f 685/157/9 684/156/11 683/155/11
f 686/158/8 685/157/9 687/159/10
f 686/158/8 687/159/10 688/160/10
f 689/161/25 690/162/26 691/163/10
f 689/161/25 691/163/10 692/164/31
f 693/165/24 694/166/24 690/162/26
f 693/165/24 690/162/26 689/161/25
f 695/167/23 696/168/23 694/166/24
f 695/167/23 694/166/24 693/165/24
f 697/169/2 698/170/2 696/168/23
f 697/169/2 696/168/23 695/167/23
f 699/171/22 700/172/22 698/170/2
f 699/171/22 698/170/2 697/169/2
f 699/171/22 701/173/21 702/174/21
f 699/171/22 702/174/21 700/172/22
f 701/173/21 703/175/27 704/176/19
f 701/173/21 704/176/19 702/174/21
f 704/176/19 703/175/27 673/145/18
f 704/176/19 673/145/18 672/144/18
f 705/1/1 706/2/1 707/3/1
f 705/1/1 707/3/1 708/4/1
f 709/5/2 710/6/2 711/7/2
f 709/5/2 711/7/2 712/8/2
f 713/9/3 714/10/3 715/11/3
f 713/9/3 715/11/3 716/12/3
f 717/13/4 718/14/4 719/15/5
f 717/13/4 719/15/5 720/16/5
f 720/16/5 719/15/5 721/17/6
f 720/16/5 721/17/6 722/18/6
f 722/18/6 721/17/6 723/19/7
f 722/18/6 723/19/7 724/20/7
f 725/21/9 726/22/9 727/23/10
f 725/21/9 727/23/10 728/24/10
f 729/25/11 730/26/11 726/22/9
f 729/25/11 726/22/9 725/21/9
f 731/27/12 732/28/12 730/26/11
f 731/27/12 730/26/11 729/25/11
f 733/29/13 734/30/13 732/28/12
f 733/29/13 732/28/12 731/27/12
f 735/31/14 736/32/14 734/30/13
f 735/31/14 734/30/13 733/29/13
f 737/33/15 738/34/15 736/32/14
f 737/33/15 736/32/14 735/31/14
f 739/35/33 740/36/33 738/34/15
f 739/35/33 738/34/15 737/33/15
f 740/36/33 739/35/33 741/37/18
f 740/36/33 741/37/18 742/38/18
f 743/39/27 744/40/19 742/38/18
f 743/39/27 742/38/18 741/37/18
f 745/41/21 746/42/21 744/40/19
f 745/41/21 744/40/19 743/39/27
f 747/43/22 748/44/22 746/42/21
f 747/43/22 746/42/21 745/41/21
f 749/45/2 748/44/22 747/43/22
f 749/45/2 747/43/22 750/46/2
f 751/47/38 752/48/38 749/45/2
f 751/47/38 749/45/2 750/46/2
f 753/49/35 754/50/24 752/48/38
f 753/49/35 752/48/38 751/47/38
f 755/51/39 756/52/26 757/53/24
f 755/51/39 757/53/24 758/54/24
f 728/24/10 727/23/10 756/52/26
f 728/24/10 756/52/26 755/51/39
f 759/55/17 760/56/18 761/57/18
f 759/55/17 761/57/18 762/58/16
f 762/58/16 763/59/15 764/60/15
f 762/58/16 764/60/15 759/55/17
f 763/59/15 765/61/14 766/62/14
f 763/59/15 766/62/14 764/60/15
f 765/61/14 767/63/13 768/64/13
f 765/61/14 768/64/13 766/62/14
f 767/63/13 769/65/12 770/66/12
f 767/63/13 770/66/12 768/64/13
f 771/67/11 772/68/11 770/66/12
f 771/67/11 770/66/12 769/65/12
f 773/69/9 774/70/9 772/68/11
f 773/69/9 772/68/11 771/67/11
f 774/70/9 773/69/9 775/71/10
f 774/70/9 775/71/10 776/72/10
f 777/73/26 778/74/26 779/75/10
f 777/73/26 779/75/10 780/76/31
f 781/77/24 782/78/24 778/74/26
f 781/77/24 778/74/26 777/73/26
f 783/79/23 784/80/23 782/78/24
f 783/79/23 782/78/24 781/77/24
f 785/81/2 786/82/2 784/80/23
f 785/81/2 784/80/23 783/79/23
f 787/83/22 788/84/22 786/82/2
f 787/83/22 786/82/2 785/81/2
f 787/83/22 789/85/21 790/86/21
f 787/83/22 790/86/21 788/84/22
f 789/85/21 791/87/19 792/88/20
f 789/85/21 792/88/20 790/86/21
f 792/88/20 791/87/19 761/57/18
f 792/88/20 761/57/18 760/56/18
f 793/89/1 794/90/1 795/91/1
f 793/89/1 795/91/1 796/92/1
f 797/93/2 798/94/2 799/95/2
f 797/93/2 799/95/2 800/96/2
f 801/97/3 802/98/3 803/99/3
f 801/97/3 803/99/3 804/100/3
f 805/101/4 806/102/4 807/103/5
f 805/101/4 807/103/5 808/104/5
f 808/104/5 807/103/5 809/105/6
f 808/104/5 809/105/6 810/106/6
f 810/106/6 809/105/6 811/107/7
f 810/106/6 811/107/7 812/108/7
f 813/109/32 814/110/9 815/111/10
f 813/109/32 815/111/10 816/112/10
f 817/113/37 818/114/11 814/110/9
f 817/113/37 814/110/9 813/109/32
f 819/115/12 820/116/12 818/114/11
f 819/115/12 818/114/11 817/113/37
f 821/117/13 822/118/13 820/116/12
f 821/117/13 820/116/12 819/115/12
f 823/119/14 824/120/14 822/118/13
f 823/119/14 822/118/13 821/117/13
f 825/121/15 826/122/15 824/120/14
f 825/121/15 824/120/14 823/119/14
f 827/123/33 828/124/17 826/122/15
f 827/123/33 826/122/15 825/121/15
f 828/124/17 827/123/33 829/125/18
f 828/124/17 829/125/18 830/126/18
f 831/127/19 832/128/19 830/126/18
f 831/127/19 830/126/18 829/125/18
f 833/129/21 834/130/21 832/128/19
f 833/129/21 832/128/19 831/127/19
f 835/131/22 836/132/22 834/130/21
f 835/131/22 834/130/21 833/129/21
f 837/133/2 836/132/22 835/131/22
f 837/133/2 835/131/22 838/134/2
f 839/135/23 840/136/23 837/133/2
f 839/135/23 837/133/2 838/134/2
f 841/137/24 842/138/24 840/136/23
f 841/137/24 840/136/23 839/135/23
f 843/139/26 844/140/26 845/141/29
f 843/139/26 845/141/29 846/142/29
f 816/112/10 815/111/10 844/140/26
f 816/112/10 844/140/26 843/139/26
f 847/143/17 848/144/18 849/145/18
f 847/143/17 849/145/18 850/146/33
f 850/146/33 851/147/15 852/148/15
f 850/146/33 852/148/15 847/143/17
f 851/147/15 853/149/14 854/150/14
f 851/147/15 854/150/14 852/148/15
f 853/149/14 855/151/13 856/152/13
f 853/149/14 856/152/13 854/150/14
f 855/151/13 857/153/12 858/154/12
f 855/151/13 858/154/12 856/152/13
f 859/155/11 860/156/37 858/154/12
f 859/155/11 858/154/12 857/153/12
f 861/157/9 862/158/8 860/156/37
f 861/157/9 860/156/37 859/155/11
f 862/158/8 861/157/9 863/159/30
f 862/158/8 863/159/30 864/160/10
f 865/161/25 866/162/26 867/163/10
f 865/161/25 867/163/10 868/164/31
f 869/165/29 870/166/24 866/162/26
f 869/165/29 866/162/26 865/161/25
f 871/167/23 872/168/23 870/166/24
f 871/167/23 870/166/24 869/165/29
f 873/169/2 874/170/2 872/168/23
f 873/169/2 872/168/23 871/167/23
f 875/171/22 876/172/22 874/170/2
f 875/171/22 874/170/2 873/169/2
f 875/171/22 877/173/21 878/174/21
f 875/171/22 878/174/21 876/172/22
f 877/173/21 879/175/20 880/176/20
f 877/173/21 880/176/20 878/174/21
f 880/176/20 879/175/20 849/145/18
f 880/176/20 849/145/18 848/144/18
f 885/177/40 883/2/41 884/178/40
f 883/2/41 885/177/40 886/179/41
f 883/2/41 886/179/41 887/180/41
f 883/2/41 887/180/41 888/181/41
f 883/2/41 888/181/41 882/3/41
f 882/3/41 888/181/41 889/182/41
f 882/3/41 889/182/41 890/183/41
f 882/3/41 890/183/41 891/184/40
f 882/3/41 891/184/40 894/185/41
f 894/185/41 891/184/40 893/186/41
f 893/186/41 891/184/40 892/187/40
f 882/3/41 894/185/41 895/188/41
f 882/3/41 895/188/41 896/189/41
f 882/3/41 896/189/41 897/190/41
f 882/3/41 897/190/41 898/191/40
f 882/3/41 898/191/40 881/192/40
f 14/14/4 913/193/42 884/178/40
f 913/193/42 14/14/4 912/194/42
f 912/194/42 14/14/4 13/13/4
f 884/178/40 913/193/42 914/195/42
f 884/178/40 914/195/42 915/196/42
f 884/178/40 915/196/42 916/197/42
f 912/194/42 13/13/4 911/198/42
f 911/198/42 13/13/4 910/199/42
f 910/199/42 13/13/4 909/200/42
f 909/200/42 13/13/4 908/201/42
f 908/201/42 13/13/4 903/202/42
f 908/201/42 903/202/42 904/203/42
f 908/201/42 904/203/42 905/204/42
f 908/201/42 905/204/42 906/205/42
f 908/201/42 906/205/42 907/206/42
f 903/202/42 13/13/4 902/207/42
f 902/207/42 13/13/4 901/208/42
f 901/208/42 13/13/4 900/209/42
f 900/209/42 13/13/4 899/210/42
f 899/210/42 881/192/40 898/191/40
f 881/192/40 899/210/42 13/13/4
f 908/201/42 892/187/40 891/184/40
f 892/187/40 908/201/42 907/206/42
f 885/177/40 884/178/40 916/197/42
f 919/211/43 19/19/7 918/212/43
f 19/19/7 919/211/43 920/213/44
f 930/214/43 928/215/44 929/216/43
f 928/215/44 930/214/43 931/217/44
f 917/218/43 939/219/44 940/220/43
f 19/19/7 924/221/44 20/20/7
f 924/221/44 19/19/7 923/222/44
f 923/222/44 19/19/7 922/223/44
f 922/223/44 19/19/7 921/224/44
f 921/224/44 19/19/7 920/213/44
f 20/20/7 924/221/44 925/225/44
f 20/20/7 925/225/44 926/226/44
f 20/20/7 926/226/44 927/227/44
f 20/20/7 927/227/44 928/215/44
f 20/20/7 928/215/44 935/228/44
f 935/228/44 928/215/44 934/229/44
f 934/229/44 928/215/44 933/230/44
f 933/230/44 928/215/44 932/231/44
f 932/231/44 928/215/44 931/217/44
f 20/20/7 935/228/44 936/232/44
f 20/20/7 936/232/44 937/233/44
f 20/20/7 937/233/44 938/234/44
f 20/20/7 938/234/44 939/219/44
f 20/20/7 939/219/44 917/218/43
f 942/10/45 918/212/43 941/11/45
f 918/212/43 942/10/45 950/235/45
f 918/212/43 950/235/45 951/236/45
f 918/212/43 951/236/45 952/237/45
f 918/212/43 952/237/45 919/211/43
f 950/235/45 942/10/45 949/238/45
f 949/238/45 942/10/45 948/239/45
f 948/239/45 942/10/45 929/216/43
f 929/216/43 942/10/45 946/240/45
f 929/216/43 946/240/45 947/241/45
f 929/216/43 947/241/45 930/214/43
f 946/240/45 942/10/45 945/242/45
f 945/242/45 942/10/45 944/243/45
f 944/243/45 942/10/45 943/244/45
f 943/244/45 942/10/45 940/220/43
f 940/220/43 942/10/45 917/218/43
f 953/245/46 961/246/46 962/247/46
f 961/246/46 953/245/46 960/248/46
f 960/248/46 953/245/46 954/249/46
f 960/248/46 954/249/46 959/250/46
f 959/250/46 954/249/46 955/251/46
f 959/250/46 955/251/46 958/252/46
f 958/252/46 955/251/46 956/253/46
f 958/252/46 956/253/46 957/254/46
f 963/255/47 971/256/47 972/257/47
f 971/256/47 963/255/47 970/258/47
f 970/258/47 963/255/47 964/259/47
f 970/258/47 964/259/47 969/260/47
f 969/260/47 964/259/47 965/261/47
f 969/260/47 965/261/47 968/262/47
f 968/262/47 965/261/47 966/263/47
f 968/262/47 966/263/47 967/264/47
f 977/265/40 975/90/41 976/266/40
f 975/90/41 977/265/40 978/267/41
f 975/90/41 978/267/41 979/268/41
f 975/90/41 979/268/41 980/269/41
f 975/90/41 980/269/41 974/91/41
f 974/91/41 980/269/41 981/270/41
f 974/91/41 981/270/41 982/271/41
f 974/91/41 982/271/41 983/272/40
f 974/91/41 983/272/40 986/273/41
f 986/273/41 983/272/40 985/274/41
f 985/274/41 983/272/40 984/275/40
f 974/91/41 986/273/41 987/276/41
f 974/91/41 987/276/41 988/277/41
f 974/91/41 988/277/41 989/278/41
f 974/91/41 989/278/41 990/279/40
f 974/91/41 990/279/40 973/280/40
f 102/102/4 1005/281/42 976/266/40
f 1005/281/42 102/102/4 1004/282/42
f 1004/282/42 102/102/4 101/101/4
f 976/266/40 1005/281/42 1006/283/42
f 976/266/40 1006/283/42 1007/284/42
f 976/266/40 1007/284/42 1008/285/42
f 1004/282/42 101/101/4 1003/286/42
f 1003/286/42 101/101/4 1002/287/42
f 1002/287/42 101/101/4 1001/288/42
f 1001/288/42 101/101/4 1000/289/42
f 1000/289/42 101/101/4 995/290/42
f 1000/289/42 995/290/42 996/291/42
f 1000/289/42 996/291/42 997/292/42
f 1000/289/42 997/292/42 998/293/42
f 1000/289/42 998/293/42 999/294/42
f 995/290/42 101/101/4 994/295/42
f 994/295/42 101/101/4 993/296/42
f 993/296/42 101/101/4 992/297/42
f 992/297/42 101/101/4 991/298/42
f 991/298/42 973/280/40 990/279/40
f 973/280/40 991/298/42 101/101/4
f 1000/289/42 984/275/40 983/272/40
f 984/275/40 1000/289/42 999/294/42
f 977/265/40 976/266/40 1008/285/42
f 1011/299/43 107/107/7 1010/300/43
f 107/107/7 1011/299/43 1012/301/44
f 1022/302/43 1020/303/44 1021/304/48
f 1020/303/44 1022/302/43 1023/305/44
f 1009/306/43 1031/307/44 1032/308/43
f 107/107/7 1016/309/44 108/108/7
f 1016/309/44 107/107/7 1015/310/44
f 1015/310/44 107/107/7 1014/311/44
f 1014/311/44 107/107/7 1013/312/44
f 1013/312/44 107/107/7 1012/301/44
f 108/108/7 1016/309/44 1017/313/44
f 108/108/7 1017/313/44 1018/314/44
f 108/108/7 1018/314/44 1019/315/44
f 108/108/7 1019/315/44 1020/303/44
f 108/108/7 1020/303/44 1027/316/44
f 1027/316/44 1020/303/44 1026/317/44
f 1026/317/44 1020/303/44 1025/318/44
f 1025/318/44 1020/303/44 1024/319/44
f 1024/319/44 1020/303/44 1023/305/44
f 108/108/7 1027/316/44 1028/320/44
f 108/108/7 1028/320/44 1029/321/44
f 108/108/7 1029/321/44 1030/322/44
f 108/108/7 1030/322/44 1031/307/44
f 108/108/7 1031/307/44 1009/306/43
f 1034/98/45 1010/300/43 1033/99/45
f 1010/300/43 1034/98/45 1042/323/45
f 1010/300/43 1042/323/45 1043/324/45
f 1010/300/43 1043/324/45 1044/325/45
f 1010/300/43 1044/325/45 1011/299/43
f 1042/323/45 1034/98/45 1041/326/45
f 1041/326/45 1034/98/45 1040/327/45
f 1040/327/45 1034/98/45 1021/304/48
f 1021/304/48 1034/98/45 1038/328/45
f 1021/304/48 1038/328/45 1039/329/45
f 1021/304/48 1039/329/45 1022/302/43
f 1038/328/45 1034/98/45 1037/330/45
f 1037/330/45 1034/98/45 1036/331/45
f 1036/331/45 1034/98/45 1035/332/45
f 1035/332/45 1034/98/45 1032/308/43
f 1032/308/43 1034/98/45 1009/306/43
f 1045/333/46 1053/334/46 1054/335/46
f 1053/334/46 1045/333/46 1052/336/46
f 1052/336/46 1045/333/46 1046/337/46
f 1052/336/46 1046/337/46 1051/338/46
f 1051/338/46 1046/337/46 1047/339/46
f 1051/338/46 1047/339/46 1050/340/46
f 1050/340/46 1047/339/46 1048/341/46
f 1050/340/46 1048/341/46 1049/342/46
f 1055/343/47 1063/344/47 1064/345/47
f 1063/344/47 1055/343/47 1062/346/47
f 1062/346/47 1055/343/47 1056/347/47
f 1062/346/47 1056/347/47 1061/348/47
f 1061/348/47 1056/347/47 1057/349/47
f 1061/348/47 1057/349/47 1060/350/47
f 1060/350/47 1057/349/47 1058/351/47
f 1060/350/47 1058/351/47 1059/352/47
f 1069/177/40 1067/2/41 1068/178/40
f 1067/2/41 1069/177/40 1070/179/41
f 1067/2/41 1070/179/41 1071/180/41
f 1067/2/41 1071/180/41 1072/181/41
f 1067/2/41 1072/181/41 1066/3/41
f 1066/3/41 1072/181/41 1073/182/41
f 1066/3/41 1073/182/41 1074/183/41
f 1066/3/41 1074/183/41 1075/184/40
f 1066/3/41 1075/184/40 1078/185/41
f 1078/185/41 1075/184/40 1077/186/41
f 1077/186/41 1075/184/40 1076/187/40
f 1066/3/41 1078/185/41 1079/188/41
f 1066/3/41 1079/188/41 1080/189/41
f 1066/3/41 1080/189/41 1081/190/41
f 1066/3/41 1081/190/41 1082/191/40
f 1066/3/41 1082/191/40 1065/192/40
f 190/14/4 1097/193/42 1068/178/40
f 1097/193/42 190/14/4 1096/194/42
f 1096/194/42 190/14/4 189/13/4
f 1068/178/40 1097/193/42 1098/195/42
f 1068/178/40 1098/195/42 1099/196/42
f 1068/178/40 1099/196/42 1100/197/42
f 1096/194/42 189/13/4 1095/198/42
f 1095/198/42 189/13/4 1094/199/42
f 1094/199/42 189/13/4 1093/200/42
f 1093/200/42 189/13/4 1092/201/42
f 1092/201/42 189/13/4 1087/202/42
f 1092/201/42 1087/202/42 1088/203/42
f 1092/201/42 1088/203/42 1089/204/42
f 1092/201/42 1089/204/42 1090/205/42
f 1092/201/42 1090/205/42 1091/206/42
f 1087/202/42 189/13/4 1086/207/42
f 1086/207/42 189/13/4 1085/208/42
f 1085/208/42 189/13/4 1084/209/42
f 1084/209/42 189/13/4 1083/210/42
f 1083/210/42 1065/192/40 1082/191/40
f 1065/192/40 1083/210/42 189/13/4
f 1092/201/42 1076/187/40 1075/184/40
f 1076/187/40 1092/201/42 1091/206/42
f 1069/177/40 1068/178/40 1100/197/42
f 1103/211/43 195/19/7 1102/212/43
f 195/19/7 1103/211/43 1104/213/44
f 1114/214/43 1112/215/44 1113/216/43
f 1112/215/44 1114/214/43 1115/217/44
f 1101/218/43 1123/219/44 1124/220/43
f 195/19/7 1108/221/44 196/20/7
f 1108/221/44 195/19/7 1107/222/44
f 1107/222/44 195/19/7 1106/223/44
f 1106/223/44 195/19/7 1105/224/44
f 1105/224/44 195/19/7 1104/213/44
f 196/20/7 1108/221/44 1109/225/44
f 196/20/7 1109/225/44 1110/226/44
f 196/20/7 1110/226/44 1111/227/44
f 196/20/7 1111/227/44 1112/215/44
f 196/20/7 1112/215/44 1119/228/44
f 1119/228/44 1112/215/44 1118/229/44
f 1118/229/44 1112/215/44 1117/230/44
f 1117/230/44 1112/215/44 1116/231/44
f 1116/231/44 1112/215/44 1115/217/44
f 196/20/7 1119/228/44 1120/232/44
f 196/20/7 1120/232/44 1121/233/44
f 196/20/7 1121/233/44 1122/234/44
f 196/20/7 1122/234/44 1123/219/44
f 196/20/7 1123/219/44 1101/218/43
f 1126/10/45 1102/212/43 1125/11/45
f 1102/212/43 1126/10/45 1134/235/45
f 1102/212/43 1134/235/45 1135/236/45
f 1102/212/43 1135/236/45 1136/237/45
f 1102/212/43 1136/237/45 1103/211/43
f 1134/235/45 1126/10/45 1133/238/45
f 1133/238/45 1126/10/45 1132/239/45
f 1132/239/45 1126/10/45 1113/216/43
f 1113/216/43 1126/10/45 1130/240/45
f 1113/216/43 1130/240/45 1131/241/45
f 1113/216/43 1131/241/45 1114/214/43
f 1130/240/45 1126/10/45 1129/242/45
f 1129/242/45 1126/10/45 1128/243/45
f 1128/243/45 1126/10/45 1127/244/45
f 1127/244/45 1126/10/45 1124/220/43
f 1124/220/43 1126/10/45 1101/218/43
f 1137/245/46 1145/246/46 1146/247/46
f 1145/246/46 1137/245/46 1144/248/46
f 1144/248/46 1137/245/46 1138/249/46
f 1144/248/46 1138/249/46 1143/250/46
f 1143/250/46 1138/249/46 1139/251/46
f 1143/250/46 1139/251/46 1142/252/46
f 1142/252/46 1139/251/46 1140/253/46
f 1142/252/46 1140/253/46 1141/254/46
f 1147/255/47 1155/256/47 1156/257/47
f 1155/256/47 1147/255/47 1154/258/47
f 1154/258/47 1147/255/47 1148/259/47
f 1154/258/47 1148/259/47 1153/260/47
f 1153/260/47 1148/259/47 1149/261/47
f 1153/260/47 1149/261/47 1152/262/47
f 1152/262/47 1149/261/47 1150/263/47
f 1152/262/47 1150/263/47 1151/264/47
f 1161/265/40 1159/90/41 1160/266/40
f 1159/90/41 1161/265/40 1162/267/41
f 1159/90/41 1162/267/41 1163/268/41
f 1159/90/41 1163/268/41 1164/269/41
f 1159/90/41 1164/269/41 1158/91/41
f 1158/91/41 1164/269/41 1165/270/41
f 1158/91/41 1165/270/41 1166/271/41
f 1158/91/41 1166/271/41 1167/272/40
f 1158/91/41 1167/272/40 1170/273/41
f 1170/273/41 1167/272/40 1169/274/41
f 1169/274/41 1167/272/40 1168/275/40
f 1158/91/41 1170/273/41 1171/276/41
f 1158/91/41 1171/276/41 1172/277/41
f 1158/91/41 1172/277/41 1173/278/41
f 1158/91/41 1173/278/41 1174/279/40
f 1158/91/41 1174/279/40 1157/280/40
f 278/102/4 1189/281/42 1160/266/40
f 1189/281/42 278/102/4 1188/282/42
f 1188/282/42 278/102/4 277/101/4
f 1160/266/40 1189/281/42 1190/283/42
f 1160/266/40 1190/283/42 1191/284/42
f 1160/266/40 1191/284/42 1192/285/42
f 1188/282/42 277/101/4 1187/286/42
f 1187/286/42 277/101/4 1186/287/42
f 1186/287/42 277/101/4 1185/288/42
f 1185/288/42 277/101/4 1184/289/42
f 1184/289/42 277/101/4 1179/290/42
f 1184/289/42 1179/290/42 1180/291/42
f 1184/289/42 1180/291/42 1181/292/42
f 1184/289/42 1181/292/42 1182/293/42
f 1184/289/42 1182/293/42 1183/294/42
f 1179/290/42 277/101/4 1178/295/42
f 1178/295/42 277/101/4 1177/296/42
f 1177/296/42 277/101/4 1176/297/42
f 1176/297/42 277/101/4 1175/298/42
f 1175/298/42 1157/280/40 1174/279/40
f 1157/280/40 1175/298/42 277/101/4
f 1184/289/42 1168/275/40 1167/272/40
f 1168/275/40 1184/289/42 1183/294/42
f 1161/265/40 1160/266/40 1192/285/42
f 1195/299/43 283/107/7 1194/300/43
f 283/107/7 1195/299/43 1196/301/44
f 1206/302/43 1204/303/44 1205/304/48
f 1204/303/44 1206/302/43 1207/305/44
f 1193/306/43 1215/307/44 1216/308/43
f 283/107/7 1200/309/44 284/108/7
f 1200/309/44 283/107/7 1199/310/44
f 1199/310/44 283/107/7 1198/311/44
f 1198/311/44 283/107/7 1197/312/44
f 1197/312/44 283/107/7 1196/301/44
f 284/108/7 1200/309/44 1201/313/44
f 284/108/7 1201/313/44 1202/314/44
f 284/108/7 1202/314/44 1203/315/44
f 284/108/7 1203/315/44 1204/303/44
f 284/108/7 1204/303/44 1211/316/44
f 1211/316/44 1204/303/44 1210/317/44
f 1210/317/44 1204/303/44 1209/318/44
f 1209/318/44 1204/303/44 1208/319/44
f 1208/319/44 1204/303/44 1207/305/44
f 284/108/7 1211/316/44 1212/320/44
f 284/108/7 1212/320/44 1213/321/44
f 284/108/7 1213/321/44 1214/322/44
f 284/108/7 1214/322/44 1215/307/44
f 284/108/7 1215/307/44 1193/306/43
f 1218/98/45 1194/300/43 1217/99/45
f 1194/300/43 1218/98/45 1226/323/45
f 1194/300/43 1226/323/45 1227/324/45
f 1194/300/43 1227/324/45 1228/325/45
f 1194/300/43 1228/325/45 1195/299/43
f 1226/323/45 1218/98/45 1225/326/45
f 1225/326/45 1218/98/45 1224/327/45
f 1224/327/45 1218/98/45 1205/304/48
f 1205/304/48 1218/98/45 1222/328/45
f 1205/304/48 1222/328/45 1223/329/45
f 1205/304/48 1223/329/45 1206/302/43
f 1222/328/45 1218/98/45 1221/330/45
f 1221/330/45 1218/98/45 1220/331/45
f 1220/331/45 1218/98/45 1219/332/45
f 1219/332/45 1218/98/45 1216/308/43
f 1216/308/43 1218/98/45 1193/306/43
f 1229/333/46 1237/334/46 1238/335/46
f 1237/334/46 1229/333/46 1236/336/46
f 1236/336/46 1229/333/46 1230/337/46
f 1236/336/46 1230/337/46 1235/338/46
f 1235/338/46 1230/337/46 1231/339/46
f 1235/338/46 1231/339/46 1234/340/46
f 1234/340/46 1231/339/46 1232/341/46
f 1234/340/46 1232/341/46 1233/342/46
f 1239/343/47 1247/344/47 1248/345/47
f 1247/344/47 1239/343/47 1246/346/47
f 1246/346/47 1239/343/47 1240/347/47
f 1246/346/47 1240/347/47 1245/348/47
f 1245/348/47 1240/347/47 1241/349/47
f 1245/348/47 1241/349/47 1244/350/47
f 1244/350/47 1241/349/47 1242/351/47
f 1244/350/47 1242/351/47 1243/352/47
f 1253/177/40 1251/2/41 1252/178/40
f 1251/2/41 1253/177/40 1254/179/41
f 1251/2/41 1254/179/41 1255/180/41
f 1251/2/41 1255/180/41 1256/181/41
f 1251/2/41 1256/181/41 1250/3/41
f 1250/3/41 1256/181/41 1257/182/41
f 1250/3/41 1257/182/41 1258/183/41
f 1250/3/41 1258/183/41 1259/184/40
f 1250/3/41 1259/184/40 1262/185/41
f 1262/185/41 1259/184/40 1261/186/41
f 1261/186/41 1259/184/40 1260/187/40
f 1250/3/41 1262/185/41 1263/188/41
f 1250/3/41 1263/188/41 1264/189/41
f 1250/3/41 1264/189/41 1265/190/41
f 1250/3/41 1265/190/41 1266/191/40
f 1250/3/41 1266/191/40 1249/192/40
f 366/14/4 1281/193/42 1252/178/40
f 1281/193/42 366/14/4 1280/194/42
f 1280/194/42 366/14/4 365/13/4
f 1252/178/40 1281/193/42 1282/195/42
f 1252/178/40 1282/195/42 1283/196/42
f 1252/178/40 1283/196/42 1284/197/42
f 1280/194/42 365/13/4 1279/198/42
f 1279/198/42 365/13/4 1278/199/42
f 1278/199/42 365/13/4 1277/200/42
f 1277/200/42 365/13/4 1276/201/42
f 1276/201/42 365/13/4 1271/202/42
f 1276/201/42 1271/202/42 1272/203/42
f 1276/201/42 1272/203/42 1273/204/42
f 1276/201/42 1273/204/42 1274/205/42
f 1276/201/42 1274/205/42 1275/206/42
f 1271/202/42 365/13/4 1270/207/42
f 1270/207/42 365/13/4 1269/208/42
f 1269/208/42 365/13/4 1268/209/42
f 1268/209/42 365/13/4 1267/210/42
f 1267/210/42 1249/192/40 1266/191/40
f 1249/192/40 1267/210/42 365/13/4
f 1276/201/42 1260/187/40 1259/184/40
f 1260/187/40 1276/201/42 1275/206/42
f 1253/177/40 1252/178/40 1284/197/42
f 1287/211/43 371/19/7 1286/212/43
f 371/19/7 1287/211/43 1288/213/44
f 1298/214/43 1296/215/44 1297/216/43
f 1296/215/44 1298/214/43 1299/217/44
f 1285/218/43 1307/219/44 1308/220/43
f 371/19/7 1292/221/44 372/20/7
f 1292/221/44 371/19/7 1291/222/44
f 1291/222/44 371/19/7 1290/223/44
f 1290/223/44 371/19/7 1289/224/44
f 1289/224/44 371/19/7 1288/213/44
f 372/20/7 1292/221/44 1293/225/44
f 372/20/7 1293/225/44 1294/226/44
f 372/20/7 1294/226/44 1295/227/44
f 372/20/7 1295/227/44 1296/215/44
f 372/20/7 1296/215/44 1303/228/44
f 1303/228/44 1296/215/44 1302/229/44
f 1302/229/44 1296/215/44 1301/230/44
f 1301/230/44 1296/215/44 1300/231/44
f 1300/231/44 1296/215/44 1299/217/44
f 372/20/7 1303/228/44 1304/232/44
f 372/20/7 1304/232/44 1305/233/44
f 372/20/7 1305/233/44 1306/234/44
f 372/20/7 1306/234/44 1307/219/44
f 372/20/7 1307/219/44 1285/218/43
f 1310/10/45 1286/212/43 1309/11/45
f 1286/212/43 1310/10/45 1318/235/45
f 1286/212/43 1318/235/45 1319/236/45
f 1286/212/43 1319/236/45 1320/237/45
f 1286/212/43 1320/237/45 1287/211/43
f 1318/235/45 1310/10/45 1317/238/45
f 1317/238/45 1310/10/45 1316/239/45
f 1316/239/45 1310/10/45 1297/216/43
f 1297/216/43 1310/10/45 1314/240/45
f 1297/216/43 1314/240/45 1315/241/45
f 1297/216/43 1315/241/45 1298/214/43
f 1314/240/45 1310/10/45 1313/242/45
f 1313/242/45 1310/10/45 1312/243/45
f 1312/243/45 1310/10/45 1311/244/45
f 1311/244/45 1310/10/45 1308/220/43
f 1308/220/43 1310/10/45 1285/218/43
f 1321/245/46 1329/246/46 1330/247/46
f 1329/246/46 1321/245/46 1328/248/46
f 1328/248/46 1321/245/46 1322/249/46
f 1328/248/46 1322/249/46 1327/250/46
f 1327/250/46 1322/249/46 1323/251/46
f 1327/250/46 1323/251/46 1326/252/46
f 1326/252/46 1323/251/46 1324/253/46
f 1326/252/46 1324/253/46 1325/254/46
f 1331/255/47 1339/256/47 1340/257/47
f 1339/256/47 1331/255/47 1338/258/47
f 1338/258/47 1331/255/47 1332/259/47
f 1338/258/47 1332/259/47 1337/260/47
f 1337/260/47 1332/259/47 1333/261/47
f 1337/260/47 1333/261/47 1336/262/47
f 1336/262/47 1333/261/47 1334/263/47
f 1336/262/47 1334/263/47 1335/264/47
f 1345/265/40 1343/90/41 1344/266/40
f 1343/90/41 1345/265/40 1346/267/41
f 1343/90/41 1346/267/41 1347/268/41
f 1343/90/41 1347/268/41 1348/269/41
f 1343/90/41 1348/269/41 1342/91/41
f 1342/91/41 1348/269/41 1349/270/41
f 1342/91/41 1349/270/41 1350/271/41
f 1342/91/41 1350/271/41 1351/272/40
f 1342/91/41 1351/272/40 1354/273/41
f 1354/273/41 1351/272/40 1353/274/41
f 1353/274/41 1351/272/40 1352/275/40
f 1342/91/41 1354/273/41 1355/276/41
f 1342/91/41 1355/276/41 1356/277/41
f 1342/91/41 1356/277/41 1357/278/41
f 1342/91/41 1357/278/41 1358/279/40
f 1342/91/41 1358/279/40 1341/280/40
f 454/102/4 1373/281/42 1344/266/40
f 1373/281/42 454/102/4 1372/282/42
f 1372/282/42 454/102/4 453/101/4
f 1344/266/40 1373/281/42 1374/283/42
f 1344/266/40 1374/283/42 1375/284/42
f 1344/266/40 1375/284/42 1376/285/42
f 1372/282/42 453/101/4 1371/286/42
f 1371/286/42 453/101/4 1370/287/42
f 1370/287/42 453/101/4 1369/288/42
f 1369/288/42 453/101/4 1368/289/42
f 1368/289/42 453/101/4 1363/290/42
f 1368/289/42 1363/290/42 1364/291/42
f 1368/289/42 1364/291/42 1365/292/42
f 1368/289/42 1365/292/42 1366/293/42
f 1368/289/42 1366/293/42 1367/294/42
f 1363/290/42 453/101/4 1362/295/42
f 1362/295/42 453/101/4 1361/296/42
f 1361/296/42 453/101/4 1360/297/42
f 1360/297/42 453/101/4 1359/298/42
f 1359/298/42 1341/280/40 1358/279/40
f 1341/280/40 1359/298/42 453/101/4
f 1368/289/42 1352/275/40 1351/272/40
f 1352/275/40 1368/289/42 1367/294/42
f 1345/265/40 1344/266/40 1376/285/42
f 1379/299/43 459/107/7 1378/300/43
f 459/107/7 1379/299/43 1380/301/44
f 1390/302/43 1388/303/44 1389/304/43
f 1388/303/44 1390/302/43 1391/305/44
f 1377/306/43 1399/307/44 1400/308/43
f 459/107/7 1384/309/44 460/108/7
f 1384/309/44 459/107/7 1383/310/44
f 1383/310/44 459/107/7 1382/311/44
f 1382/311/44 459/107/7 1381/312/44
f 1381/312/44 459/107/7 1380/301/44
f 460/108/7 1384/309/44 1385/313/44
f 460/108/7 1385/313/44 1386/314/44
f 460/108/7 1386/314/44 1387/315/44
f 460/108/7 1387/315/44 1388/303/44
f 460/108/7 1388/303/44 1395/316/44
f 1395/316/44 1388/303/44 1394/317/44
f 1394/317/44 1388/303/44 1393/318/44
f 1393/318/44 1388/303/44 1392/319/44
f 1392/319/44 1388/303/44 1391/305/44
f 460/108/7 1395/316/44 1396/320/44
f 460/108/7 1396/320/44 1397/321/44
f 460/108/7 1397/321/44 1398/322/44
f 460/108/7 1398/322/44 1399/307/44
f 460/108/7 1399/307/44 1377/306/43
f 1402/98/45 1378/300/43 1401/99/45
f 1378/300/43 1402/98/45 1410/323/45
f 1378/300/43 1410/323/45 1411/324/45
f 1378/300/43 1411/324/45 1412/325/45
f 1378/300/43 1412/325/45 1379/299/43
f 1410/323/45 1402/98/45 1409/326/45
f 1409/326/45 1402/98/45 1408/327/45
f 1408/327/45 1402/98/45 1389/304/43
f 1389/304/43 1402/98/45 1406/328/45
f 1389/304/43 1406/328/45 1407/329/45
f 1389/304/43 1407/329/45 1390/302/43
f 1406/328/45 1402/98/45 1405/330/45
f 1405/330/45 1402/98/45 1404/331/45
f 1404/331/45 1402/98/45 1403/332/45
f 1403/332/45 1402/98/45 1400/308/43
f 1400/308/43 1402/98/45 1377/306/43
f 1413/333/46 1421/334/46 1422/335/46
f 1421/334/46 1413/333/46 1420/336/46
f 1420/336/46 1413/333/46 1414/337/46
f 1420/336/46 1414/337/46 1419/338/46
f 1419/338/46 1414/337/46 1415/339/46
f 1419/338/46 1415/339/46 1418/340/46
f 1418/340/46 1415/339/46 1416/341/46
f 1418/340/46 1416/341/46 1417/342/46
f 1423/343/47 1431/344/47 1432/345/47
f 1431/344/47 1423/343/47 1430/346/47
f 1430/346/47 1423/343/47 1424/347/47
f 1430/346/47 1424/347/47 1429/348/47
f 1429/348/47 1424/347/47 1425/349/47
f 1429/348/47 1425/349/47 1428/350/47
f 1428/350/47 1425/349/47 1426/351/47
f 1428/350/47 1426/351/47 1427/352/47
f 1437/177/40 1435/2/41 1436/178/40
f 1435/2/41 1437/177/40 1438/179/41
f 1435/2/41 1438/179/41 1439/180/41
f 1435/2/41 1439/180/41 1440/181/41
f 1435/2/41 1440/181/41 1434/3/41
f 1434/3/41 1440/181/41 1441/182/41
f 1434/3/41 1441/182/41 1442/183/41
f 1434/3/41 1442/183/41 1443/184/40
f 1434/3/41 1443/184/40 1446/185/41
f 1446/185/41 1443/184/40 1445/186/41
f 1445/186/41 1443/184/40 1444/187/40
f 1434/3/41 1446/185/41 1447/188/41
f 1434/3/41 1447/188/41 1448/189/41
f 1434/3/41 1448/189/41 1449/190/41
f 1434/3/41 1449/190/41 1450/191/40
f 1434/3/41 1450/191/40 1433/192/40
f 542/14/4 1465/193/42 1436/178/40
f 1465/193/42 542/14/4 1464/194/42
f 1464/194/42 542/14/4 541/13/4
f 1436/178/40 1465/193/42 1466/195/42
f 1436/178/40 1466/195/42 1467/196/42
f 1436/178/40 1467/196/42 1468/197/42
f 1464/194/42 541/13/4 1463/198/42
f 1463/198/42 541/13/4 1462/199/42
f 1462/199/42 541/13/4 1461/200/42
f 1461/200/42 541/13/4 1460/201/42
f 1460/201/42 541/13/4 1455/202/42
f 1460/201/42 1455/202/42 1456/203/42
f 1460/201/42 1456/203/42 1457/204/42
f 1460/201/42 1457/204/42 1458/205/42
f 1460/201/42 1458/205/42 1459/206/42
f 1455/202/42 541/13/4 1454/207/42
f 1454/207/42 541/13/4 1453/208/42
f 1453/208/42 541/13/4 1452/209/42
f 1452/209/42 541/13/4 1451/210/42
f 1451/210/42 1433/192/40 1450/191/40
f 1433/192/40 1451/210/42 541/13/4
f 1460/201/42 1444/187/40 1443/184/40
f 1444/187/40 1460/201/42 1459/206/42
f 1437/177/40 1436/178/40 1468/197/42
f 1471/211/43 547/19/7 1470/212/43
f 547/19/7 1471/211/43 1472/213/44
f 1482/214/43 1480/215/44 1481/216/43
f 1480/215/44 1482/214/43 1483/217/44
f 1469/218/43 1491/219/44 1492/220/43
f 547/19/7 1476/221/44 548/20/7
f 1476/221/44 547/19/7 1475/222/44
f 1475/222/44 547/19/7 1474/223/44
f 1474/223/44 547/19/7 1473/224/44
f 1473/224/44 547/19/7 1472/213/44
f 548/20/7 1476/221/44 1477/225/44
f 548/20/7 1477/225/44 1478/226/44
f 548/20/7 1478/226/44 1479/227/44
f 548/20/7 1479/227/44 1480/215/44
f 548/20/7 1480/215/44 1487/228/44
f 1487/228/44 1480/215/44 1486/229/44
f 1486/229/44 1480/215/44 1485/230/44
f 1485/230/44 1480/215/44 1484/231/44
f 1484/231/44 1480/215/44 1483/217/44
f 548/20/7 1487/228/44 1488/232/44
f 548/20/7 1488/232/44 1489/233/44
f 548/20/7 1489/233/44 1490/234/44
f 548/20/7 1490/234/44 1491/219/44
f 548/20/7 1491/219/44 1469/218/43
f 1494/10/45 1470/212/43 1493/11/45
f 1470/212/43 1494/10/45 1502/235/45
f 1470/212/43 1502/235/45 1503/236/45
f 1470/212/43 1503/236/45 1504/237/45
f 1470/212/43 1504/237/45 1471/211/43
f 1502/235/45 1494/10/45 1501/238/45
f 1501/238/45 1494/10/45 1500/239/45
f 1500/239/45 1494/10/45 1481/216/43
f 1481/216/43 1494/10/45 1498/240/45
f 1481/216/43 1498/240/45 1499/241/45
f 1481/216/43 1499/241/45 1482/214/43
f 1498/240/45 1494/10/45 1497/242/45
f 1497/242/45 1494/10/45 1496/243/45
f 1496/243/45 1494/10/45 1495/244/45
f 1495/244/45 1494/10/45 1492/220/43
f 1492/220/43 1494/10/45 1469/218/43
f 1505/245/46 1513/246/46 1514/247/46
f 1513/246/46 1505/245/46 1512/248/46
f 1512/248/46 1505/245/46 1506/249/46
f 1512/248/46 1506/249/46 1511/250/46
f 1511/250/46 1506/249/46 1507/251/46
f 1511/250/46 1507/251/46 1510/252/46
f 1510/252/46 1507/251/46 1508/253/46
f 1510/252/46 1508/253/46 1509/254/46
f 1515/255/47 1523/256/47 1524/257/47
f 1523/256/47 1515/255/47 1522/258/47
f 1522/258/47 1515/255/47 1516/259/47
f 1522/258/47 1516/259/47 1521/260/47
f 1521/260/47 1516/259/47 1517/261/47
f 1521/260/47 1517/261/47 1520/262/47
f 1520/262/47 1517/261/47 1518/263/47
f 1520/262/47 1518/263/47 1519/264/47
f 1529/265/40 1527/90/41 1528/266/40
f 1527/90/41 1529/265/40 1530/267/41
f 1527/90/41 1530/267/41 1531/268/41
f 1527/90/41 1531/268/41 1532/269/41
f 1527/90/41 1532/269/41 1526/91/41
f 1526/91/41 1532/269/41 1533/270/41
f 1526/91/41 1533/270/41 1534/271/41
f 1526/91/41 1534/271/41 1535/272/40
f 1526/91/41 1535/272/40 1538/273/41
f 1538/273/41 1535/272/40 1537/274/41
f 1537/274/41 1535/272/40 1536/275/40
f 1526/91/41 1538/273/41 1539/276/41
f 1526/91/41 1539/276/41 1540/277/41
f 1526/91/41 1540/277/41 1541/278/41
f 1526/91/41 1541/278/41 1542/279/40
f 1526/91/41 1542/279/40 1525/280/40
f 630/102/4 1557/281/42 1528/266/40
f 1557/281/42 630/102/4 1556/282/42
f 1556/282/42 630/102/4 629/101/4
f 1528/266/40 1557/281/42 1558/283/42
f 1528/266/40 1558/283/42 1559/284/42
f 1528/266/40 1559/284/42 1560/285/42
f 1556/282/42 629/101/4 1555/286/42
f 1555/286/42 629/101/4 1554/287/42
f 1554/287/42 629/101/4 1553/288/42
f 1553/288/42 629/101/4 1552/289/42
f 1552/289/42 629/101/4 1547/290/42
f 1552/289/42 1547/290/42 1548/291/42
f 1552/289/42 1548/291/42 1549/292/42
f 1552/289/42 1549/292/42 1550/293/42
f 1552/289/42 1550/293/42 1551/294/42
f 1547/290/42 629/101/4 1546/295/42
f 1546/295/42 629/101/4 1545/296/42
f 1545/296/42 629/101/4 1544/297/42
f 1544/297/42 629/101/4 1543/298/42
f 1543/298/42 1525/280/40 1542/279/40
f 1525/280/40 1543/298/42 629/101/4
f 1552/289/42 1536/275/40 1535/272/40
f 1536/275/40 1552/289/42 1551/294/42
f 1529/265/40 1528/266/40 1560/285/42
f 1563/299/43 635/107/7 1562/300/43
f 635/107/7 1563/299/43 1564/301/44
f 1574/302/43 1572/303/44 1573/304/43
f 1572/303/44 1574/302/43 1575/305/44
f 1561/306/43 1583/307/44 1584/308/43
f 635/107/7 1568/309/44 636/108/7
f 1568/309/44 635/107/7 1567/310/44
f 1567/310/44 635/107/7 1566/311/44
f 1566/311/44 635/107/7 1565/312/44
f 1565/312/44 635/107/7 1564/301/44
f 636/108/7 1568/309/44 1569/313/44
f 636/108/7 1569/313/44 1570/314/44
f 636/108/7 1570/314/44 1571/315/44
f 636/108/7 1571/315/44 1572/303/44
f 636/108/7 1572/303/44 1579/316/44
f 1579/316/44 1572/303/44 1578/317/44
f 1578/317/44 1572/303/44 1577/318/44
f 1577/318/44 1572/303/44 1576/319/44
f 1576/319/44 1572/303/44 1575/305/44
f 636/108/7 1579/316/44 1580/320/44
f 636/108/7 1580/320/44 1581/321/44
f 636/108/7 1581/321/44 1582/322/44
f 636/108/7 1582/322/44 1583/307/44
f 636/108/7 1583/307/44 1561/306/43
f 1586/98/45 1562/300/43 1585/99/45
f 1562/300/43 1586/98/45 1594/323/45
f 1562/300/43 1594/323/45 1595/324/45
f 1562/300/43 1595/324/45 1596/325/45
f 1562/300/43 1596/325/45 1563/299/43
f 1594/323/45 1586/98/45 1593/326/45
f 1593/326/45 1586/98/45 1592/327/45
f 1592/327/45 1586/98/45 1573/304/43
f 1573/304/43 1586/98/45 1590/328/45
f 1573/304/43 1590/328/45 1591/329/45
f 1573/304/43 1591/329/45 1574/302/43
f 1590/328/45 1586/98/45 1589/330/45
f 1589/330/45 1586/98/45 1588/331/45
f 1588/331/45 1586/98/45 1587/332/45
f 1587/332/45 1586/98/45 1584/308/43
f 1584/308/43 1586/98/45 1561/306/43
f 1597/333/46 1605/334/46 1606/335/46
f 1605/334/46 1597/333/46 1604/336/46
f 1604/336/46 1597/333/46 1598/337/46
f 1604/336/46 1598/337/46 1603/338/46
f 1603/338/46 1598/337/46 1599/339/46
f 1603/338/46 1599/339/46 1602/340/46
f 1602/340/46 1599/339/46 1600/341/46
f 1602/340/46 1600/341/46 1601/342/46
f 1607/343/47 1615/344/47 1616/345/47
f 1615/344/47 1607/343/47 1614/346/47
f 1614/346/47 1607/343/47 1608/347/47
f 1614/346/47 1608/347/47 1613/348/47
f 1613/348/47 1608/347/47 1609/349/47
f 1613/348/47 1609/349/47 1612/350/47
f 1612/350/47 1609/349/47 1610/351/47
f 1612/350/47 1610/351/47 1611/352/47
f 1621/177/40 1619/2/41 1620/178/40
f 1619/2/41 1621/177/40 1622/179/41
f 1619/2/41 1622/179/41 1623/180/41
f 1619/2/41 1623/180/41 1624/181/41
f 1619/2/41 1624/181/41 1618/3/41
f 1618/3/41 1624/181/41 1625/182/41
f 1618/3/41 1625/182/41 1626/183/41
f 1618/3/41 1626/183/41 1627/184/40
f 1618/3/41 1627/184/40 1630/185/41
f 1630/185/41 1627/184/40 1629/186/41
f 1629/186/41 1627/184/40 1628/187/40
f 1618/3/41 1630/185/41 1631/188/41
f 1618/3/41 1631/188/41 1632/189/41
f 1618/3/41 1632/189/41 1633/190/41
f 1618/3/41 1633/190/41 1634/191/40
f 1618/3/41 1634/191/40 1617/192/40
f 718/14/4 1649/193/42 1620/178/40
f 1649/193/42 718/14/4 1648/194/42
f 1648/194/42 718/14/4 717/13/4
f 1620/178/40 1649/193/42 1650/195/42
f 1620/178/40 1650/195/42 1651/196/42
f 1620/178/40 1651/196/42 1652/197/42
f 1648/194/42 717/13/4 1647/198/42
f 1647/198/42 717/13/4 1646/199/42
f 1646/199/42 717/13/4 1645/200/42
f 1645/200/42 717/13/4 1644/201/42
f 1644/201/42 717/13/4 1639/202/42
f 1644/201/42 1639/202/42 1640/203/42
f 1644/201/42 1640/203/42 1641/204/42
f 1644/201/42 1641/204/42 1642/205/42
f 1644/201/42 1642/205/42 1643/206/42
f 1639/202/42 717/13/4 1638/207/42
f 1638/207/42 717/13/4 1637/208/42
f 1637/208/42 717/13/4 1636/209/42
f 1636/209/42 717/13/4 1635/210/42
f 1635/210/42 1617/192/40 1634/191/40
f 1617/192/40 1635/210/42 717/13/4
f 1644/201/42 1628/187/40 1627/184/40
f 1628/187/40 1644/201/42 1643/206/42
f 1621/177/40 1620/178/40 1652/197/42
f 1655/211/43 723/19/7 1654/212/43
f 723/19/7 1655/211/43 1656/213/44
f 1666/214/43 1664/215/44 1665/216/43
f 1664/215/44 1666/214/43 1667/217/44
f 1653/218/43 1675/219/44 1676/220/43
f 723/19/7 1660/221/44 724/20/7
f 1660/221/44 723/19/7 1659/222/44
f 1659/222/44 723/19/7 1658/223/44
f 1658/223/44 723/19/7 1657/224/44
f 1657/224/44 723/19/7 1656/213/44
f 724/20/7 1660/221/44 1661/225/44
f 724/20/7 1661/225/44 1662/226/44
f 724/20/7 1662/226/44 1663/227/44
f 724/20/7 1663/227/44 1664/215/44
f 724/20/7 1664/215/44 1671/228/44
f 1671/228/44 1664/215/44 1670/229/44
f 1670/229/44 1664/215/44 1669/230/44
f 1669/230/44 1664/215/44 1668/231/44
f 1668/231/44 1664/215/44 1667/217/44
f 724/20/7 1671/228/44 1672/232/44
f 724/20/7 1672/232/44 1673/233/44
f 724/20/7 1673/233/44 1674/234/44
f 724/20/7 1674/234/44 1675/219/44
f 724/20/7 1675/219/44 1653/218/43
f 1678/10/45 1654/212/43 1677/11/45
f 1654/212/43 1678/10/45 1686/235/45
f 1654/212/43 1686/235/45 1687/236/45
f 1654/212/43 1687/236/45 1688/237/45
f 1654/212/43 1688/237/45 1655/211/43
f 1686/235/45 1678/10/45 1685/238/45
f 1685/238/45 1678/10/45 1684/239/45
f 1684/239/45 1678/10/45 1665/216/43
f 1665/216/43 1678/10/45 1682/240/45
f 1665/216/43 1682/240/45 1683/241/45
f 1665/216/43 1683/241/45 1666/214/43
f 1682/240/45 1678/10/45 1681/242/45
f 1681/242/45 1678/10/45 1680/243/45
f 1680/243/45 1678/10/45 1679/244/45
f 1679/244/45 1678/10/45 1676/220/43
f 1676/220/43 1678/10/45 1653/218/43
f 1689/245/46 1697/246/46 1698/247/46
f 1697/246/46 1689/245/46 1696/248/46
f 1696/248/46 1689/245/46 1690/249/46
f 1696/248/46 1690/249/46 1695/250/46
f 1695/250/46 1690/249/46 1691/251/46
f 1695/250/46 1691/251/46 1694/252/46
f 1694/252/46 1691/251/46 1692/253/46
f 1694/252/46 1692/253/46 1693/254/46
f 1699/255/47 1707/256/47 1708/257/47
f 1707/256/47 1699/255/47 1706/258/47
f 1706/258/47 1699/255/47 1700/259/47
f 1706/258/47 1700/259/47 1705/260/47
f 1705/260/47 1700/259/47 1701/261/47
f 1705/260/47 1701/261/47 1704/262/47
f 1704/262/47 1701/261/47 1702/263/47
f 1704/262/47 1702/263/47 1703/264/47
f 1713/265/40 1711/90/41 1712/266/40
f 1711/90/41 1713/265/40 1714/267/41
f 1711/90/41 1714/267/41 1715/268/41
f 1711/90/41 1715/268/41 1716/269/41
f 1711/90/41 1716/269/41 1710/91/41
f 1710/91/41 1716/269/41 1717/270/41
f 1710/91/41 1717/270/41 1718/271/41
f 1710/91/41 1718/271/41 1719/272/40
f 1710/91/41 1719/272/40 1722/273/41
f 1722/273/41 1719/272/40 1721/274/41
f 1721/274/41 1719/272/40 1720/275/40
f 1710/91/41 1722/273/41 1723/276/41
f 1710/91/41 1723/276/41 1724/277/41
f 1710/91/41 1724/277/41 1725/278/41
f 1710/91/41 1725/278/41 1726/279/40
f 1710/91/41 1726/279/40 1709/280/40
f 806/102/4 1741/281/42 1712/266/40
f 1741/281/42 806/102/4 1740/282/42
f 1740/282/42 806/102/4 805/101/4
f 1712/266/40 1741/281/42 1742/283/42
f 1712/266/40 1742/283/42 1743/284/42
f 1712/266/40 1743/284/42 1744/285/42
f 1740/282/42 805/101/4 1739/286/42
f 1739/286/42 805/101/4 1738/287/42
f 1738/287/42 805/101/4 1737/288/42
f 1737/288/42 805/101/4 1736/289/42
f 1736/289/42 805/101/4 1731/290/42
f 1736/289/42 1731/290/42 1732/291/42
f 1736/289/42 1732/291/42 1733/292/42
f 1736/289/42 1733/292/42 1734/293/42
f 1736/289/42 1734/293/42 1735/294/42
f 1731/290/42 805/101/4 1730/295/42
f 1730/295/42 805/101/4 1729/296/42
f 1729/296/42 805/101/4 1728/297/42
f 1728/297/42 805/101/4 1727/298/42
f 1727/298/42 1709/280/40 1726/279/40
f 1709/280/40 1727/298/42 805/101/4
f 1736/289/42 1720/275/40 1719/272/40
f 1720/275/40 1736/289/42 1735/294/42
f 1713/265/40 1712/266/40 1744/285/42
f 1747/299/43 811/107/7 1746/300/43
f 811/107/7 1747/299/43 1748/301/44
f 1758/302/43 1756/303/44 1757/304/43
f 1756/303/44 1758/302/43 1759/305/44
f 1745/306/43 1767/307/44 1768/308/43
f 811/107/7 1752/309/44 812/108/7
f 1752/309/44 811/107/7 1751/310/44
f 1751/310/44 811/107/7 1750/311/44
f 1750/311/44 811/107/7 1749/312/44
f 1749/312/44 811/107/7 1748/301/44
f 812/108/7 1752/309/44 1753/313/44
f 812/108/7 1753/313/44 1754/314/44
f 812/108/7 1754/314/44 1755/315/44
f 812/108/7 1755/315/44 1756/303/44
f 812/108/7 1756/303/44 1763/316/44
f 1763/316/44 1756/303/44 1762/317/44
f 1762/317/44 1756/303/44 1761/318/44
f 1761/318/44 1756/303/44 1760/319/44
f 1760/319/44 1756/303/44 1759/305/44
f 812/108/7 1763/316/44 1764/320/44
f 812/108/7 1764/320/44 1765/321/44
f 812/108/7 1765/321/44 1766/322/44
f 812/108/7 1766/322/44 1767/307/44
f 812/108/7 1767/307/44 1745/306/43
f 1770/98/45 1746/300/43 1769/99/45
f 1746/300/43 1770/98/45 1778/323/45
f 1746/300/43 1778/323/45 1779/324/45
f 1746/300/43 1779/324/45 1780/325/45
f 1746/300/43 1780/325/45 1747/299/43
f 1778/323/45 1770/98/45 1777/326/45
f 1777/326/45 1770/98/45 1776/327/45
f 1776/327/45 1770/98/45 1757/304/43
f 1757/304/43 1770/98/45 1774/328/45
f 1757/304/43 1774/328/45 1775/329/45
f 1757/304/43 1775/329/45 1758/302/43
f 1774/328/45 1770/98/45 1773/330/45
f 1773/330/45 1770/98/45 1772/331/45
f 1772/331/45 1770/98/45 1771/332/45
f 1771/332/45 1770/98/45 1768/308/43
f 1768/308/43 1770/98/45 1745/306/43
f 1781/333/46 1789/334/46 1790/335/46
f 1789/334/46 1781/333/46 1788/336/46
f 1788/336/46 1781/333/46 1782/337/46
f 1788/336/46 1782/337/46 1787/338/46
f 1787/338/46 1782/337/46 1783/339/46
f 1787/338/46 1783/339/46 1786/340/46
f 1786/340/46 1783/339/46 1784/341/46
f 1786/340/46 1784/341/46 1785/342/46
f 1791/343/47 1799/344/47 1800/345/47
f 1799/344/47 1791/343/47 1798/346/47
f 1798/346/47 1791/343/47 1792/347/47
f 1798/346/47 1792/347/47 1797/348/47
f 1797/348/47 1792/347/47 1793/349/47
f 1797/348/47 1793/349/47 1796/350/47
f 1796/350/47 1793/349/47 1794/351/47
f 1796/350/47 1794/351/47 1795/352/47
