Time,Kappa_L1,Alpha_L1,Gamma_L1,Fx_L1,Fy_L1,Fz_L1,Mx_L1,My_L1,Mz_L1
            0,             0,           -10,             0, 6.40157365799, 3478.93481445,          4000, -30.9094181061, -10.4806928635,  10.881562233
        0.025,             0, -9.98999977112,             0, 6.40861606598, 3479.06152344,          4000, -30.9101581573, -10.4807682037, 10.8295583725
         0.05,             0, -9.97999954224,             0,  6.4156703949, 3479.18798828,          4000, -30.9108943939, -10.480843544, 10.7774353027
        0.075,             0, -9.97000026703,             0, 6.42273712158, 3479.31347656,          4000, -30.9116249084, -10.4809188843,   10.72519207
          0.1,             0, -9.96000003815,             0, 6.42981624603, 3479.43823242,          4000, -30.9123535156, -10.4809932709, 10.6728277206
        0.125,             0, -9.94999980927,             0, 6.43690776825,     3479.5625,          4000, -30.9130764008, -10.4810686111, 10.6203432083
         0.15,             0, -9.93999958038,             0,  6.4440112114, 3479.68603516,          4000, -30.9137954712, -10.4811439514, 10.5677366257
        0.175,             0, -9.93000030518,             0, 6.45112752914, 3479.80859375,          4000, -30.9145107269, -10.481218338, 10.5150089264
          0.2,             0, -9.92000007629,             0, 6.45825624466, 3479.93066406,          4000, -30.915222168, -10.4812927246, 10.4621591568
        0.225,             0, -9.90999984741,             0, 6.46539735794, 3480.05200195,          4000, -30.9159297943, -10.4813671112, 10.4091882706
         0.25,             0, -9.89999961853,             0, 6.47255086899, 3480.17260742,          4000, -30.9166316986, -10.4814414978, 10.3560943604
        0.275,             0, -9.89000034332,             0, 6.47971725464, 3480.29272461,          4000, -30.9173316956, -10.4815158844, 10.3028774261
          0.3,             0, -9.88000011444,             0, 6.48689603806, 3480.41186523,          4000, -30.9180259705, -10.481590271, 10.2495384216
        0.325,             0, -9.86999988556,             0, 6.49408721924, 3480.53027344,          4000, -30.9187145233, -10.4816646576, 10.1960754395
         0.35,             0, -9.85999965668,             0, 6.50129127502, 3480.64794922,          4000, -30.9194011688, -10.4817390442, 10.1424894333
        0.375,             0, -9.85000038147,             0, 6.50850772858, 3480.76489258,          4000, -30.9200820923, -10.4818124771, 10.0887794495
          0.4,             0, -9.84000015259,             0,  6.5157365799, 3480.88110352,          4000, -30.920759201, -10.4818868637, 10.0349445343
        0.425,             0, -9.82999992371,             0, 6.52297878265, 3480.99658203,          4000, -30.9214324951, -10.4819602966, 9.98098564148
         0.45,             0, -9.81999969482,             0, 6.53023338318, 3481.11108398,          4000, -30.9221000671, -10.4820337296, 9.92690181732
        0.475,             0, -9.81000041962,             0, 6.53750085831, 3481.22509766,          4000, -30.9227638245, -10.4821081161, 9.87269306183
          0.5,             0, -9.80000019073,             0,  6.5447807312, 3481.33813477,          4000, -30.9234237671, -10.4821815491, 9.81835842133
        0.525,             0, -9.78999996185,             0, 6.55207395554, 3481.45043945,          4000, -30.9240779877, -10.482254982, 9.76389789581
         0.55,             0, -9.77999973297,             0, 6.55937957764, 3481.56201172,          4000, -30.9247283936, -10.4823274612, 9.70931243896
        0.575,             0, -9.77000045776,             0, 6.56669807434, 3481.67285156,          4000, -30.9253730774, -10.4824008942, 9.65459918976
          0.6,             0, -9.76000022888,             0, 6.57402992249, 3481.78271484,          4000, -30.9260139465, -10.4824743271, 9.59976005554
        0.625,             0,         -9.75,             0,  6.5813741684, 3481.89208984,          4000, -30.926651001,  -10.48254776, 9.54479408264
         0.65,             0, -9.73999977112,             0, 6.58873176575, 3482.00048828,          4000, -30.9272823334, -10.4826202393, 9.48970031738
        0.675,             0, -9.72999954224,             0,  6.5961022377, 3482.10791016,          4000, -30.9279079437, -10.4826927185, 9.43447875977
          0.7,             0, -9.72000026703,             0, 6.60348558426, 3482.21459961,          4000, -30.9285297394, -10.4827661514, 9.37912940979
        0.725,             0, -9.71000003815,             0, 6.61088228226, 3482.32055664,          4000, -30.9291477203, -10.4828386307, 9.32365226746
         0.75,             0, -9.69999980927,             0, 6.61829137802, 3482.42578125,          4000, -30.9297599792, -10.4829111099, 9.26804637909
        0.775,             0, -9.68999958038,             0, 6.62571430206,  3482.5300293,          4000, -30.9303665161, -10.4829835892, 9.21231079102
          0.8,             0, -9.68000030518,             0, 6.63315010071, 3482.63330078,          4000, -30.9309692383, -10.4830560684, 9.15644645691
        0.825,             0, -9.67000007629,             0, 6.64059877396, 3482.73583984,          4000, -30.9315681458, -10.4831285477, 9.10045337677
         0.85,             0, -9.65999984741,             0, 6.64806127548, 3482.83764648,          4000, -30.9321594238, -10.4832000732, 9.04432964325
        0.875,             0, -9.64999961853,             0, 6.65553665161, 3482.93847656,          4000, -30.9327468872, -10.4832725525, 8.98807525635
          0.9,             0, -9.64000034332,             0, 6.66302490234, 3483.03857422,          4000, -30.9333305359, -10.4833450317, 8.93169116974
        0.925,             0, -9.63000011444,             0, 6.67052698135, 3483.13769531,          4000, -30.9339084625, -10.4834165573, 8.87517642975
         0.95,             0, -9.61999988556,             0, 6.67804193497, 3483.23583984,          4000, -30.9344806671, -10.4834880829,  8.8185300827
        0.975,             0, -9.60999965668,             0, 6.68557071686, 3483.33325195,          4000, -30.9350471497, -10.4835605621,  8.7617521286
            1,             0, -9.60000038147,             0, 6.69311237335,  3483.4296875,          4000, -30.9356098175, -10.4836320877, 8.70484256744
        1.025,             0, -9.59000015259,             0, 6.70066785812, 3483.52514648,          4000, -30.9361667633, -10.4837036133, 8.64780044556
         1.05,             0, -9.57999992371,             0,  6.7082362175, 3483.61987305,          4000, -30.9367179871, -10.4837751389, 8.59062671661
        1.075,             0, -9.56999969482,             0, 6.71581840515, 3483.71362305,          4000, -30.9372634888, -10.4838457108, 8.53332042694
          1.1,             0, -9.56000041962,             0, 6.72341442108, 3483.80639648,          4000, -30.9378051758, -10.4839172363, 8.47587966919
        1.125,             0, -9.55000019073,             0, 6.73102331161,  3483.8984375,          4000, -30.9383411407, -10.4839887619, 8.41830635071
         1.15,             0, -9.53999996185,             0, 6.73864603043, 3483.98950195,          4000, -30.9388713837, -10.4840593338, 8.36059951782
        1.175,             0, -9.52999973297,             0, 6.74628257751, 3484.07958984,          4000, -30.9393959045, -10.4841308594, 8.30275821686
          1.2,             0, -9.52000045776,             0, 6.75393247604, 3484.16870117,          4000, -30.9399147034, -10.4842014313, 8.24478340149
        1.225,             0, -9.51000022888,             0, 6.76159572601, 3484.25683594,          4000, -30.9404296875, -10.4842720032, 8.18667316437
         1.25,             0,          -9.5,             0, 6.76927280426, 3484.34399414,          4000, -30.9409370422, -10.4843435287, 8.12842750549
        1.275,             0, -9.48999977112,             0, 6.77696371078, 3484.43041992,          4000, -30.9414405823, -10.4844141006, 8.07004737854
          1.3,             0, -9.47999954224,             0, 6.78466844559,   3484.515625,          4000, -30.9419364929, -10.4844846725, 8.01153087616
        1.325,             0, -9.47000026703,             0, 6.79238700867, 3484.59985352,          4000, -30.9424285889, -10.4845552444, 7.95287847519
         1.35,             0, -9.46000003815,             0, 6.80011892319, 3484.68334961,          4000, -30.9429130554, -10.4846248627, 7.89408969879
        1.375,             0, -9.44999980927,             0, 6.80786514282,   3484.765625,          4000, -30.9433937073, -10.4846954346, 7.83516454697
          1.4,             0, -9.43999958038,             0, 6.81562519073, 3484.84716797,          4000, -30.9438686371, -10.4847660065, 7.77610206604
        1.425,             0, -9.43000030518,             0, 6.82339859009, 3484.92749023,          4000, -30.9443359375, -10.4848356247, 7.71690225601
         1.45,             0, -9.42000007629,             0, 6.83118629456, 3485.00683594,          4000, -30.9447994232, -10.4849052429, 7.65756511688
        1.475,             0, -9.40999984741,             0,  6.8389878273, 3485.08520508,          4000, -30.9452552795, -10.4849758148, 7.59808969498
          1.5,             0, -9.39999961853,             0, 6.84680366516, 3485.16259766,          4000, -30.9457054138, -10.485045433,  7.5384759903
        1.525,             0, -9.39000034332,             0,  6.8546333313, 3485.23876953,          4000, -30.946149826, -10.4851150513,   7.478723526
         1.55,             0, -9.38000011444,             0, 6.86247682571, 3485.31420898,          4000, -30.9465885162, -10.4851846695, 7.41883182526
        1.575,             0, -9.36999988556,             0, 6.87033462524, 3485.38842773,          4000, -30.9470214844, -10.4852542877,  7.3588013649
          1.6,             0, -9.35999965668,             0, 6.87820625305, 3485.46142578,          4000, -30.9474487305, -10.4853239059, 7.29863071442
        1.625,             0, -9.35000038147,             0, 6.88609218597, 3485.53369141,          4000, -30.9478683472, -10.4853925705, 7.23832035065
         1.65,             0, -9.34000015259,             0, 6.89399242401, 3485.60473633,          4000, -30.9482822418, -10.4854621887, 7.17786931992
        1.675,             0, -9.32999992371,             0, 6.90190696716, 3485.67480469,          4000, -30.9486904144, -10.4855318069, 7.11727809906
          1.7,             0, -9.31999969482,             0, 6.90983533859, 3485.74365234,          4000, -30.9490909576, -10.4856004715, 7.05654525757
        1.725,             0, -9.31000041962,             0, 6.91777801514, 3485.81152344,          4000, -30.9494876862, -10.485669136, 6.99567174911
         1.75,             0, -9.30000019073,             0, 6.92573547363, 3485.87841797,          4000, -30.9498767853, -10.4857387543, 6.93465614319
        1.775,             0, -9.28999996185,             0, 6.93370676041,  3485.9440918,          4000, -30.950258255, -10.4858074188, 6.87349843979
          1.8,             0, -9.27999973297,             0, 6.94169235229, 3486.00854492,          4000, -30.9506340027, -10.4858760834, 6.81219863892
        1.825,             0, -9.27000045776,             0, 6.94969272614, 3486.07202148,          4000, -30.9510040283, -10.4859447479,  6.7507557869
         1.85,             0, -9.26000022888,             0, 6.95770740509, 3486.13427734,          4000, -30.9513683319, -10.4860134125, 6.68916988373
        1.875,             0,         -9.25,             0, 6.96573638916, 3486.19555664,          4000, -30.9517230988, -10.4860811234, 6.62744092941
          1.9,             0, -9.23999977112,             0, 6.97377967834, 3486.25561523,          4000, -30.9520740509, -10.4861497879, 6.56556797028
        1.925,             0, -9.22999954224,             0, 6.98183774948, 3486.31445312,          4000, -30.9524173737, -10.4862184525, 6.50355100632
         1.95,             0, -9.22000026703,             0, 6.98991060257, 3486.37231445,          4000, -30.952753067, -10.4862861633, 6.44139003754
        1.975,             0, -9.21000003815,             0, 6.99799776077, 3486.42895508,          4000, -30.9530830383, -10.4863548279, 6.37908363342
            2,             0, -9.19999980927,             0, 7.00609970093,   3486.484375,          4000, -30.9534072876, -10.4864225388, 6.31663274765
        2.025,             0, -9.18999958038,             0,  7.0142159462, 3486.53857422,          4000, -30.9537220001, -10.4864902496, 6.25403594971
         2.05,             0, -9.18000030518,             0, 7.02234697342, 3486.59179688,          4000, -30.9540328979, -10.4865579605, 6.19129371643
        2.075,             0, -9.17000007629,             0, 7.03049278259, 3486.64355469,          4000, -30.954334259, -10.4866256714, 6.12840509415
          2.1,             0, -9.15999984741,             0, 7.03865337372, 3486.69433594,          4000, -30.9546298981, -10.4866933823, 6.06537055969
        2.125,             0, -9.14999961853,             0,  7.0468287468, 3486.74389648,          4000, -30.9549179077, -10.4867610931, 6.00218868256
         2.15,             0, -9.14000034332,             0, 7.05501937866, 3486.79199219,          4000, -30.9552001953, -10.486828804, 5.93885993958
        2.175,             0, -9.13000011444,             0, 7.06322431564, 3486.83911133,          4000, -30.9554729462, -10.4868955612, 5.87538337708
          2.2,             0, -9.11999988556,             0, 7.07144403458, 3486.88500977,          4000, -30.955739975, -10.4869632721, 5.81175899506
        2.225,             0, -9.10999965668,             0,  7.0796790123,  3486.9296875,          4000, -30.9560012817, -10.4870300293, 5.74798679352
         2.25,             0, -9.10000038147,             0, 7.08792877197, 3486.97290039,          4000, -30.9562530518, -10.4870977402, 5.68406581879
        2.275,             0, -9.09000015259,             0,  7.0961933136, 3487.01513672,          4000, -30.9564990997, -10.4871644974, 5.61999607086
          2.3,             0, -9.07999992371,             0, 7.10447311401,  3487.0559082,          4000, -30.956735611, -10.4872312546, 5.55577707291
        2.325,             0, -9.06999969482,             0, 7.11276817322, 3487.09545898,          4000, -30.9569664001, -10.4872980118, 5.49140834808
         2.35,             0, -9.06000041962,             0, 7.12107801437, 3487.13378906,          4000, -30.9571895599, -10.487364769, 5.42688989639
        2.375,             0, -9.05000019073,             0, 7.12940263748, 3487.17089844,          4000, -30.9574050903, -10.4874315262,   5.362221241
          2.4,             0, -9.03999996185,             0, 7.13774299622, 3487.20654297,          4000, -30.9576129913, -10.4874982834, 5.29740190506
        2.425,             0, -9.02999973297,             0,  7.1460981369,  3487.2409668,          4000, -30.9578132629, -10.4875640869, 5.23243188858
         2.45,             0, -9.02000045776,             0, 7.15446901321, 3487.27416992,          4000, -30.9580059052, -10.4876308441, 5.16731023788
        2.475,             0, -9.01000022888,             0, 7.16285467148,  3487.3059082,          4000, -30.958190918, -10.4876966476, 5.10203695297
          2.5,             0,            -9,             0, 7.17125558853, 3487.33618164,          4000, -30.9583683014, -10.4877634048, 5.03661203384
        2.525,             0, -8.98999977112,             0, 7.17967176437, 3487.36547852,          4000, -30.9585380554, -10.4878292084, 4.97103452682
         2.55,             0, -8.97999954224,             0, 7.18810367584, 3487.39306641,          4000, -30.9587001801, -10.4878950119, 4.90530395508
        2.575,             0, -8.97000026703,             0,  7.1965508461, 3487.41967773,          4000, -30.9588546753, -10.4879608154, 4.83942079544
          2.6,             0, -8.96000003815,             0, 7.20501327515, 3487.44458008,          4000, -30.9589996338, -10.488026619, 4.77338409424
        2.625,             0, -8.94999980927,             0, 7.21349096298, 3487.46826172,          4000, -30.9591388702, -10.4880924225, 4.70719385147
         2.65,             0, -8.93999958038,             0, 7.22198438644, 3487.49047852,          4000, -30.9592685699, -10.488158226,  4.6408495903
        2.675,             0, -8.93000030518,             0, 7.23049354553, 3487.51147461,          4000, -30.9593887329, -10.4882240295, 4.57435083389
          2.7,             0, -8.92000007629,             0, 7.23901796341, 3487.53100586,          4000, -30.9595031738, -10.4882898331, 4.50769710541
        2.725,             0, -8.90999984741,             0, 7.24755811691, 3487.54907227,          4000, -30.959608078, -10.4883546829, 4.44088840485
         2.75,             0, -8.89999961853,             0, 7.25611400604, 3487.56567383,          4000, -30.9597053528, -10.4884204865, 4.37392377853
        2.775,             0, -8.89000034332,             0, 7.26468515396, 3487.58105469,          4000, -30.9597949982, -10.4884853363, 4.30680370331
          2.8,             0, -8.88000011444,             0, 7.27327203751, 3487.59472656,          4000, -30.9598751068, -10.4885501862, 4.23952770233
        2.825,             0, -8.86999988556,             0, 7.28187513351, 3487.60717773,          4000, -30.9599456787, -10.4886159897, 4.17209482193
         2.85,             0, -8.85999965668,             0, 7.29049348831, 3487.61816406,          4000, -30.9600105286, -10.4886808395,  4.1045050621
        2.875,             0, -8.85000038147,             0, 7.29912757874, 3487.62744141,          4000, -30.9600639343, -10.4887456894, 4.03675794601
          2.9,             0, -8.84000015259,             0, 7.30777788162, 3487.63549805,          4000, -30.960111618, -10.4888105392, 3.96885371208
        2.925,             0, -8.82999992371,             0, 7.31644392014, 3487.64208984,          4000, -30.9601478577, -10.4888744354, 3.90079116821
         2.95,             0, -8.81999969482,             0, 7.32512569427, 3487.64697266,          4000, -30.9601783752, -10.4889392853, 3.83257055283
        2.975,             0, -8.81000041962,             0, 7.33382368088, 3487.65039062,          4000, -30.9601974487, -10.4890041351, 3.76419115067
            3,             0, -8.80000019073,             0, 7.34253740311, 3487.65234375,          4000, -30.9602088928, -10.4890680313, 3.69565272331
        3.025,             0, -8.78999996185,             0,  7.3512673378, 3487.65283203,          4000, -30.9602127075, -10.4891328812, 3.62695527077
         3.05,             0, -8.77999973297,             0, 7.36001300812, 3487.65185547,          4000, -30.9602050781, -10.4891967773, 3.55809783936
        3.075,             0, -8.77000045776,             0,  7.3687748909, 3487.64916992,          4000, -30.9601898193, -10.4892606735, 3.48908042908
          3.1,             0, -8.76000022888,             0, 7.37755298615, 3487.64501953,          4000, -30.9601650238, -10.4893255234,  3.4199025631
        3.125,             0,         -8.75,             0, 7.38634681702, 3487.63916016,          4000, -30.9601325989, -10.4893894196, 3.35056400299
         3.15,             0, -8.73999977112,             0, 7.39515733719, 3487.63208008,          4000, -30.9600887299, -10.4894533157, 3.28106451035
        3.175,             0, -8.72999954224,             0, 7.40398359299, 3487.62304688,          4000, -30.9600372314, -10.4895172119,  3.2114033699
          3.2,             0, -8.72000026703,             0, 7.41282653809, 3487.61254883,          4000, -30.9599761963, -10.4895801544, 3.14158058167
        3.225,             0, -8.71000003815,             0, 7.42168569565, 3487.60058594,          4000, -30.9599056244, -10.4896440506, 3.07159543037
         3.25,             0, -8.69999980927,             0, 7.43056106567, 3487.58691406,          4000, -30.9598255157, -10.4897079468, 3.00144791603
        3.275,             0, -8.68999958038,             0, 7.43945264816,  3487.5715332,          4000, -30.9597358704, -10.4897708893,  2.9311375618
          3.3,             0, -8.68000030518,             0, 7.44836091995, 3487.55444336,          4000, -30.9596366882, -10.4898347855, 2.86066389084
        3.325,             0, -8.67000007629,             0, 7.45728540421, 3487.53588867,          4000, -30.9595279694, -10.489897728, 2.79002690315
         3.35,             0, -8.65999984741,             0, 7.46622610092,   3487.515625,          4000, -30.9594097137, -10.4899606705, 2.71922588348
        3.375,             0, -8.64999961853,             0, 7.47518396378, 3487.49365234,          4000, -30.9592819214, -10.490023613, 2.64826059341
          3.4,             0, -8.64000034332,             0, 7.48415803909, 3487.47021484,          4000, -30.9591445923, -10.4900865555, 2.57713055611
        3.425,             0, -8.63000011444,             0, 7.49314832687, 3487.44482422,          4000, -30.9589977264, -10.490149498, 2.50583577156
         3.45,             0, -8.61999988556,             0, 7.50215578079, 3487.41796875,          4000, -30.9588413239, -10.4902124405, 2.43437552452
        3.475,             0, -8.60999965668,             0, 7.51117944717, 3487.38916016,          4000, -30.9586734772, -10.490275383, 2.36274957657
          3.5,             0, -8.60000038147,             0, 7.52021980286, 3487.35888672,          4000, -30.9584960938, -10.4903383255,  2.2909579277
        3.525,             0, -8.59000015259,             0, 7.52927732468, 3487.32666016,          4000, -30.9583091736, -10.4904003143, 2.21899962425
         3.55,             0, -8.57999992371,             0, 7.53835105896, 3487.29272461,          4000, -30.9581108093, -10.4904632568, 2.14687466621
        3.575,             0, -8.56999969482,             0, 7.54744195938, 3487.25732422,          4000, -30.9579029083, -10.4905252457, 2.07458281517
          3.6,             0, -8.56000041962,             0,  7.5565495491, 3487.21972656,          4000, -30.9576854706, -10.4905881882, 2.00212335587
        3.625,             0, -8.55000019073,             0, 7.56567382812, 3487.18066406,          4000, -30.9574565887, -10.490650177, 1.92949616909
         3.65,             0, -8.53999996185,             0, 7.57481527328, 3487.13964844,          4000, -30.9572181702, -10.4907121658, 1.85670101643
        3.675,             0, -8.52999973297,             0, 7.58397340775, 3487.09692383,          4000, -30.9569683075, -10.4907741547, 1.78373730183
          3.7,             0, -8.52000045776,             0, 7.59314870834, 3487.05249023,          4000, -30.9567089081, -10.4908361435, 1.71060466766
        3.725,             0, -8.51000022888,             0, 7.60234117508, 3487.00610352,          4000, -30.9564380646, -10.4908981323, 1.63730299473
         3.75,             0,          -8.5,             0, 7.61155033112, 3486.95776367,          4000, -30.9561576843, -10.4909601212, 1.56383180618
        3.775,             0, -8.48999977112,             0, 7.62077665329, 3486.90771484,          4000,  -30.95586586, -10.4910211563, 1.49019086361
          3.8,             0, -8.47999954224,             0,  7.6300201416, 3486.85595703,          4000, -30.9555625916, -10.4910831451, 1.41637957096
        3.825,             0, -8.47000026703,             0, 7.63928079605, 3486.80224609,          4000, -30.9552497864, -10.491145134, 1.34239780903
         3.85,             0, -8.46000003815,             0, 7.64855861664, 3486.74658203,          4000, -30.9549255371, -10.4912061691, 1.26824510098
        3.875,             0, -8.44999980927,             0, 7.65785360336, 3486.68896484,          4000, -30.9545898438, -10.4912672043, 1.19392120838
          3.9,             0, -8.43999958038,             0, 7.66716575623, 3486.62963867,          4000, -30.9542446136, -10.4913291931, 1.11942565441
        3.925,             0, -8.43000030518,             0, 7.67649507523, 3486.56835938,          4000, -30.9538860321, -10.4913902283, 1.04475831985
         3.95,             0, -8.42000007629,             0,  7.6858420372, 3486.50488281,          4000, -30.9535179138, -10.4914512634, 0.969918549061
        3.975,             0, -8.40999984741,             0, 7.69520664215, 3486.43969727,          4000, -30.9531383514, -10.4915122986, 0.89490622282
            4,             0, -8.39999961853,             0,  7.7045879364, 3486.37255859,          4000, -30.9527454376, -10.4915733337, 0.819720923901
        4.025,             0, -8.39000034332,             0, 7.71398735046,  3486.3034668,          4000, -30.9523429871, -10.4916334152, 0.744362294674
         4.05,             0, -8.38000011444,             0, 7.72340393066, 3486.23242188,          4000, -30.9519290924, -10.4916944504, 0.668830037117
        4.075,             0, -8.36999988556,             0, 7.73283815384, 3486.15942383,          4000, -30.9515037537, -10.4917554855, 0.593123733997
          4.1,             0, -8.35999965668,             0, 7.74228954315, 3486.08422852,          4000, -30.9510650635, -10.491815567, 0.517243087292
        4.125,             0, -8.35000038147,             0, 7.75175905228, 3486.00732422,          4000, -30.9506168365, -10.4918766022, 0.441187828779
         4.15,             0, -8.34000015259,             0, 7.76124572754, 3485.92822266,          4000, -30.9501552582, -10.4919366837, 0.364957481623
        4.175,             0, -8.32999992371,             0, 7.77075052261, 3485.84692383,          4000, -30.9496822357, -10.4919967651, 0.288551777601
          4.2,             0, -8.31999969482,             0, 7.78027248383, 3485.76391602,          4000, -30.9491977692, -10.4920568466, 0.211970388889
        4.225,             0, -8.31000041962,             0, 7.78981256485,  3485.6784668,          4000, -30.9486999512, -10.4921178818, 0.135212942958
         4.25,             0, -8.30000019073,             0, 7.79937076569, 3485.59130859,          4000, -30.9481906891, -10.4921779633, 0.0582791045308
        4.275,             0, -8.28999996185,             0, 7.80894613266, 3485.50195312,          4000, -30.9476699829, -10.4922370911, -0.0188314579427
          4.3,             0, -8.27999973297,             0, 7.81853961945, 3485.41040039,          4000, -30.9471359253, -10.4922971725, -0.0961190834641
        4.325,             0, -8.27000045776,             0, 7.82815122604, 3485.31665039,          4000, -30.9465904236, -10.492357254, -0.173584103584
         4.35,             0, -8.26000022888,             0, 7.83778047562, 3485.22094727,          4000, -30.9460334778, -10.4924173355, -0.251226872206
        4.375,             0,         -8.25,             0,   7.847427845, 3485.12304688,          4000, -30.9454612732, -10.4924764633, -0.329047709703
          4.4,             0, -8.23999977112,             0, 7.85709285736, 3485.02294922,          4000, -30.9448795319, -10.4925355911, -0.407046943903
        4.425,             0, -8.22999954224,             0, 7.86677646637, 3484.92089844,          4000, -30.9442825317, -10.4925956726, -0.485224932432
         4.45,             0, -8.22000026703,             0, 7.87647771835, 3484.81640625,          4000, -30.9436740875, -10.4926548004, -0.563582003117
        4.475,             0, -8.21000003815,             0, 7.88619709015, 3484.70996094,          4000, -30.9430541992, -10.4927139282, -0.642118513584
          4.5,             0, -8.19999980927,             0, 7.89593505859, 3484.60107422,          4000, -30.9424190521, -10.492773056, -0.720834732056
        4.525,             0, -8.18999958038,             0, 7.90569067001, 3484.49023438,          4000, -30.9417724609, -10.4928321838, -0.799731016159
         4.55,             0, -8.18000030518,             0, 7.91546487808, 3484.37695312,          4000, -30.9411125183, -10.4928913116, -0.878807663918
        4.575,             0, -8.17000007629,             0, 7.92525720596, 3484.26147461,          4000, -30.9404392242, -10.4929504395, -0.958065092564
          4.6,             0, -8.15999984741,             0, 7.93506813049, 3484.14355469,          4000, -30.9397525787, -10.4930095673, -1.03750360012
        4.625,             0, -8.14999961853,             0, 7.94489717484, 3484.02368164,          4000, -30.9390544891, -10.4930677414, -1.11712348461
         4.65,             0, -8.14000034332,             0, 7.95474433899, 3483.90136719,          4000, -30.9383411407, -10.4931268692, -1.19692504406
        4.675,             0, -8.13000011444,             0, 7.96461057663, 3483.77661133,          4000, -30.9376144409, -10.4931850433, -1.2769087553
          4.7,             0, -8.11999988556,             0, 7.97449493408, 3483.64990234,          4000, -30.9368743896, -10.4932441711, -1.35707473755
        4.725,             0, -8.10999965668,             0, 7.98439741135, 3483.52050781,          4000, -30.9361209869, -10.4933023453, -1.43742346764
         4.75,             0, -8.10000038147,             0,  7.9943189621, 3483.38891602,          4000, -30.9353542328, -10.4933605194, -1.51795518398
        4.775,             0, -8.09000015259,             0,  8.0042591095, 3483.25488281,          4000, -30.9345722198, -10.4934186935, -1.59867024422
          4.8,             0, -8.07999992371,             0, 8.01421737671, 3483.11865234,          4000, -30.9337787628, -10.4934768677, -1.67956888676
        4.825,             0, -8.06999969482,             0, 8.02419471741, 3482.97998047,          4000, -30.932970047, -10.4935350418, -1.76065158844
         4.85,             0, -8.06000041962,             0, 8.03419113159, 3482.83862305,          4000, -30.9321479797, -10.4935932159, -1.84191858768
        4.875,             0, -8.05000019073,             0, 8.04420566559, 3482.69506836,          4000, -30.9313106537, -10.4936513901, -1.92337024212
          4.9,             0, -8.03999996185,             0,  8.0542383194, 3482.54907227,          4000, -30.9304599762, -10.4937095642, -2.00500679016
        4.925,             0, -8.02999973297,             0, 8.06429100037, 3482.40063477,          4000, -30.9295940399, -10.4937667847, -2.08682847023
         4.95,             0, -8.02000045776,             0, 8.07436180115, 3482.24975586,          4000, -30.9287147522, -10.4938249588, -2.16883587837
        4.975,             0, -8.01000022888,             0, 8.08445167542, 3482.09643555,          4000, -30.9278202057, -10.4938821793, -2.25102901459
            5,             0,            -8,             0, 8.09456062317, 3481.94067383,          4000, -30.9269123077, -10.4939393997, -2.33340835571
        5.025,             0, -7.98999977112,             0, 8.10468864441, 3481.78222656,          4000, -30.925989151, -10.4939966202, -2.41597437859
         5.05,             0, -7.98000001907,             0, 8.11483573914, 3481.62133789,          4000, -30.9250507355, -10.4940547943, -2.49872708321
        5.075,             0, -7.96999979019,             0, 8.12500190735, 3481.45776367,          4000, -30.9240989685, -10.4941120148, -2.58166670799
          5.1,             0, -7.96000003815,             0, 8.13518619537, 3481.29174805,          4000, -30.9231300354, -10.4941692352, -2.6647939682
        5.125,             0, -7.94999980927,             0, 8.14539051056, 3481.12329102,          4000, -30.9221477509, -10.494225502, -2.74810886383
         5.15,             0, -7.94000005722,             0, 8.15561389923, 3480.95214844,          4000, -30.9211502075, -10.4942827225, -2.83161187172
        5.175,             0, -7.92999982834,             0, 8.16585636139, 3480.77832031,          4000, -30.9201374054, -10.4943399429, -2.91530323029
          5.2,             0, -7.92000007629,             0, 8.17611789703, 3480.60180664,          4000, -30.9191093445, -10.4943962097, -2.99918317795
        5.225,             0, -7.90999984741,             0, 8.18639945984, 3480.42285156,          4000, -30.9180660248, -10.4944534302, -3.08325195312
         5.25,             0, -7.90000009537,             0, 8.19669914246, 3480.24121094,          4000, -30.9170074463, -10.494509697, -3.16751003265
        5.275,             0, -7.88999986649,             0, 8.20701885223, 3480.05688477,          4000, -30.915933609, -10.4945669174, -3.25195765495
          5.3,             0, -7.88000011444,             0, 8.21735858917, 3479.86987305,          4000, -30.9148426056, -10.4946231842, -3.33659505844
        5.325,             0, -7.86999988556,             0, 8.22771644592, 3479.68017578,          4000, -30.9137363434, -10.494679451, -3.42142248154
         5.35,             0, -7.86000013351,             0, 8.23809432983, 3479.48779297,          4000, -30.9126148224, -10.4947357178, -3.50644040108
        5.375,             0, -7.84999990463,             0, 8.24849224091, 3479.29248047,          4000, -30.9114780426, -10.4947919846, -3.59164881706
          5.4,             0, -7.84000015259,             0, 8.25890922546, 3479.09448242,          4000, -30.9103240967, -10.4948482513, -3.67704844475
        5.425,             0, -7.82999992371,             0, 8.26934528351, 3478.89379883,          4000, -30.909154892, -10.4949045181, -3.76263928413
         5.45,             0, -7.82000017166,             0, 8.27980136871, 3478.69042969,          4000, -30.9079685211, -10.4949607849, -3.84842157364
        5.475,             0, -7.80999994278,             0, 8.29027748108, 3478.48413086,          4000, -30.9067668915, -10.495016098, -3.9343957901
          5.5,             0, -7.80000019073,             0, 8.30077362061, 3478.27514648,          4000, -30.9055480957, -10.4950723648, -4.02056217194
        5.525,             0, -7.78999996185,             0, 8.31128883362, 3478.06323242,          4000, -30.9043121338, -10.4951276779, -4.10692071915
         5.55,             0, -7.78000020981,             0, 8.32182407379, 3477.84838867,          4000, -30.9030609131, -10.4951839447, -4.19347190857
        5.575,             0, -7.76999998093,             0, 8.33237838745, 3477.63085938,          4000, -30.9017925262, -10.4952392578, -4.28021621704
          5.6,             0, -7.76000022888,             0, 8.34295368195, 3477.41015625,          4000, -30.9005069733, -10.4952945709, -4.36715364456
        5.625,             0,         -7.75,             0, 8.35354804993, 3477.18676758,          4000, -30.8992061615, -10.495349884, -4.45428466797
         5.65,             0, -7.73999977112,             0, 8.36416244507, 3476.96044922,          4000, -30.8978862762, -10.4954051971, -4.54160928726
        5.675,             0, -7.73000001907,             0, 8.37479686737, 3476.73120117,          4000, -30.8965492249, -10.4954605103, -4.62912797928
          5.7,             0, -7.71999979019,             0, 8.38545227051, 3476.49902344,          4000, -30.8951969147, -10.4955158234, -4.71684122086
        5.725,             0, -7.71000003815,             0, 8.39612674713, 3476.26391602,          4000, -30.893825531, -10.4955711365, -4.80474853516
         5.75,             0, -7.69999980927,             0, 8.40682125092, 3476.02563477,          4000, -30.8924369812, -10.4956254959, -4.89285087585
        5.775,             0, -7.69000005722,             0, 8.41753578186, 3475.78442383,          4000, -30.8910312653, -10.495680809, -4.98114824295
          5.8,             0, -7.67999982834,             0, 8.42827129364,  3475.5402832,          4000, -30.8896083832, -10.4957351685, -5.06964111328
        5.825,             0, -7.67000007629,             0, 8.43902683258, 3475.29296875,          4000, -30.8881664276, -10.4957904816, -5.15832948685
         5.85,             0, -7.65999984741,             0, 8.44980239868, 3475.04272461,          4000, -30.8867073059, -10.495844841, -5.24721336365
        5.875,             0, -7.65000009537,             0, 8.46059799194, 3474.78930664,          4000, -30.8852310181, -10.4958992004, -5.33629369736
          5.9,             0, -7.63999986649,             0, 8.47141361237, 3474.53271484,          4000, -30.8837356567, -10.4959545135, -5.42557001114
        5.925,             0, -7.63000011444,             0, 8.48225021362, 3474.27294922,          4000, -30.8822231293, -10.496008873, -5.51504325867
         5.95,             0, -7.61999988556,             0, 8.49310779572, 3474.01025391,          4000, -30.8806915283, -10.4960632324, -5.6047129631
        5.975,             0, -7.61000013351,             0, 8.50398445129, 3473.74438477,          4000, -30.8791408539, -10.4961166382, -5.69458007812
            6,             0, -7.59999990463,             0, 8.51488304138,  3473.4753418,          4000, -30.8775730133, -10.4961709976, -5.78464412689
        6.025,             0, -7.59000015259,             0, 8.52580070496,   3473.203125,          4000, -30.8759860992, -10.4962253571, -5.87490558624
         6.05,             0, -7.57999992371,             0, 8.53674030304, 3472.92749023,          4000, -30.8743801117, -10.4962797165, -5.96536540985
        6.075,             0, -7.57000017166,             0, 8.54769992828, 3472.64868164,          4000, -30.872756958, -10.4963331223, -6.05602264404
          6.1,             0, -7.55999994278,             0, 8.55867958069, 3472.36669922,          4000, -30.8711128235, -10.4963874817, -6.14687824249
        6.125,             0, -7.55000019073,             0, 8.56968021393, 3472.08154297,          4000, -30.8694496155, -10.4964408875, -6.2379322052
         6.15,             0, -7.53999996185,             0,   8.580701828, 3471.79296875,          4000, -30.8677692413, -10.4964942932,  -6.329185009
        6.175,             0, -7.53000020981,             0, 8.59174442291,  3471.5012207,          4000, -30.8660678864, -10.496547699, -6.4206366539
          6.2,             0, -7.51999998093,             0, 8.60280799866, 3471.20605469,          4000, -30.8643474579, -10.4966020584, -6.51228713989
        6.225,             0, -7.51000022888,             0, 8.61389160156,  3470.9074707,          4000, -30.8626079559, -10.4966554642, -6.60413694382
         6.25,             0,          -7.5,             0,  8.6249961853, 3470.60571289,          4000, -30.8608474731, -10.4967079163, -6.69618654251
        6.275,             0, -7.48999977112,             0, 8.63612270355, 3470.30029297,          4000, -30.8590698242, -10.496761322, -6.78843545914
          6.3,             0, -7.48000001907,             0, 8.64726924896, 3469.99169922,          4000, -30.8572692871, -10.4968147278, -6.88088464737
        6.325,             0, -7.46999979019,             0, 8.65843677521, 3469.67944336,          4000, -30.8554515839, -10.4968681335, -6.97353363037
         6.35,             0, -7.46000003815,             0, 8.66962528229, 3469.36401367,          4000, -30.8536109924, -10.4969205856, -7.06638288498
        6.375,             0, -7.44999980927,             0, 8.68083572388, 3469.04492188,          4000, -30.8517532349, -10.4969739914, -7.15943288803
          6.4,             0, -7.44000005722,             0, 8.69206619263, 3468.72241211,          4000, -30.8498725891, -10.4970264435, -7.25268363953
        6.425,             0, -7.42999982834,             0, 8.70331859589, 3468.39648438,          4000, -30.8479728699, -10.4970798492, -7.34613513947
         6.45,             0, -7.42000007629,             0, 8.71459197998, 3468.06689453,          4000, -30.8460521698, -10.4971323013, -7.43978786469
        6.475,             0, -7.40999984741,             0, 8.72588634491, 3467.73364258,          4000, -30.8441104889, -10.4971847534, -7.53364133835
          6.5,             0, -7.40000009537,             0, 8.73720264435, 3467.39697266,          4000, -30.8421478271, -10.4972372055, -7.62769699097
        6.525,             0, -7.38999986649,             0, 8.74853897095, 3467.05688477,          4000, -30.8401660919, -10.4972896576, -7.72195339203
         6.55,             0, -7.38000011444,             0, 8.75989818573, 3466.71289062,          4000, -30.8381614685, -10.4973421097, -7.81641197205
        6.575,             0, -7.36999988556,             0, 8.77127742767, 3466.36523438,          4000, -30.8361358643, -10.4973945618, -7.91107273102
          6.6,             0, -7.36000013351,             0, 8.78267860413, 3466.01416016,          4000, -30.8340892792, -10.4974470139, -8.00593566895
        6.625,             0, -7.34999990463,             0, 8.79410171509, 3465.65942383,          4000, -30.8320198059, -10.4974985123, -8.10099983215
         6.65,             0, -7.34000015259,             0, 8.80554580688, 3465.30078125,          4000, -30.8299312592, -10.4975509644, -8.19626712799
        6.675,             0, -7.32999992371,             0, 8.81701183319, 3464.93847656,          4000, -30.8278198242, -10.4976024628, -8.29173755646
          6.7,             0, -7.32000017166,             0, 8.82849884033, 3464.57250977,          4000, -30.8256855011, -10.4976549149, -8.38741016388
        6.725,             0, -7.30999994278,             0, 8.84000778198, 3464.20263672,          4000, -30.8235301971, -10.4977064133, -8.48328590393
         6.75,             0, -7.30000019073,             0, 8.85153865814, 3463.82910156,          4000, -30.8213539124, -10.4977579117, -8.57936382294
        6.775,             0, -7.28999996185,             0, 8.86309051514, 3463.45166016,          4000, -30.8191547394, -10.4978094101, -8.67564582825
          6.8,             0, -7.28000020981,             0, 8.87466430664, 3463.07055664,          4000, -30.8169326782, -10.4978609085, -8.77213001251
        6.825,             0, -7.26999998093,             0, 8.88626003265, 3462.68530273,          4000, -30.8146877289, -10.4979124069, -8.86881828308
         6.85,             0, -7.26000022888,             0, 8.89787769318, 3462.29638672,          4000, -30.8124217987, -10.4979639053, -8.96571063995
        6.875,             0,         -7.25,             0, 8.90951728821, 3461.90356445,          4000, -30.810131073, -10.4980154037, -9.06280612946
          6.9,             0, -7.23999977112,             0, 8.92117881775, 3461.50683594,          4000, -30.8078193665, -10.4980669022, -9.16010475159
        6.925,             0, -7.23000001907,             0,  8.9328622818, 3461.10595703,          4000, -30.8054847717, -10.4981174469, -9.2576084137
         6.95,             0, -7.21999979019,             0, 8.94456768036, 3460.70141602,          4000, -30.8031253815, -10.4981689453, -9.35531520844
        6.975,             0, -7.21000003815,             0, 8.95629501343, 3460.29272461,          4000, -30.800743103, -10.4982194901, -9.45322608948
            7,             0, -7.19999980927,             0, 8.96804428101, 3459.87988281,          4000, -30.7983379364, -10.4982709885, -9.5513420105
        7.025,             0, -7.19000005722,             0, 8.97981548309, 3459.46313477,          4000, -30.7959098816, -10.4983215332, -9.64966106415
         7.05,             0, -7.17999982834,             0, 8.99160861969, 3459.04248047,          4000, -30.7934570312, -10.4983720779, -9.74818515778
        7.075,             0, -7.17000007629,             0, 9.00342464447, 3458.61743164,          4000, -30.7909812927, -10.4984226227, -9.84691333771
          7.1,             0, -7.15999984741,             0, 9.01526165009, 3458.18847656,          4000, -30.7884807587, -10.4984731674, -9.94584655762
        7.125,             0, -7.15000009537,             0, 9.02712154388, 3457.75537109,          4000, -30.7859573364, -10.4985237122, -10.0449848175
         7.15,             0, -7.13999986649,             0, 9.03900432587, 3457.31811523,          4000, -30.7834072113, -10.4985742569, -10.1443271637
        7.175,             0, -7.13000011444,             0, 9.05090904236, 3456.87670898,          4000, -30.7808361053, -10.4986248016, -10.2438735962
          7.2,             0, -7.11999988556,             0, 9.06283569336,  3456.4309082,          4000, -30.7782382965, -10.4986753464, -10.3436260223
        7.225,             0, -7.11000013351,             0, 9.07478523254, 3455.98095703,          4000, -30.7756156921, -10.4987249374, -10.4435825348
         7.25,             0, -7.09999990463,             0, 9.08675670624, 3455.52685547,          4000, -30.7729682922, -10.4987754822, -10.5437440872
        7.275,             0, -7.09000015259,             0, 9.09875106812, 3455.06860352,          4000, -30.7702980042, -10.4988250732, -10.6441106796
          7.3,             0, -7.07999992371,             0,  9.1107673645, 3454.60571289,          4000, -30.7676010132, -10.498875618, -10.7446832657
        7.325,             0, -7.07000017166,             0, 9.12280654907, 3454.13867188,          4000, -30.7648792267, -10.498925209, -10.845459938
         7.35,             0, -7.05999994278,             0, 9.13486862183, 3453.66723633,          4000, -30.7621307373, -10.4989748001, -10.9464416504
        7.375,             0, -7.05000019073,             0, 9.14695262909, 3453.19140625,          4000, -30.7593574524, -10.4990243912, -11.0476284027
          7.4,             0, -7.03999996185,             0, 9.15905952454, 3452.71118164,          4000, -30.7565593719, -10.4990739822, -11.1490211487
        7.425,             0, -7.03000020981,             0, 9.17118930817,  3452.2265625,          4000, -30.7537345886, -10.4991235733, -11.250617981
         7.45,             0, -7.01999998093,             0, 9.18334197998, 3451.73754883,          4000, -30.7508850098, -10.4991731644, -11.3524208069
        7.475,             0, -7.01000022888,             0,  9.1955165863, 3451.24389648,          4000, -30.748008728, -10.4992227554, -11.4544286728
          7.5,             0,            -7,             0, 9.20771503448, 3450.74584961,          4000, -30.7451057434, -10.4992713928, -11.5566415787
        7.525,             0, -6.98999977112,             0, 9.21993541718,  3450.2434082,          4000, -30.7421760559, -10.4993209839, -11.6590595245
         7.55,             0, -6.98000001907,             0, 9.23217868805, 3449.73608398,          4000, -30.7392215729, -10.499370575, -11.7616825104
        7.575,             0, -6.96999979019,             0, 9.24444580078, 3449.22436523,          4000, -30.7362384796, -10.4994192123, -11.8645105362
          7.6,             0, -6.96000003815,             0, 9.25673484802, 3448.70800781,          4000, -30.7332286835, -10.4994678497, -11.967543602
        7.625,             0, -6.94999980927,             0, 9.26904773712, 3448.18701172,          4000, -30.7301921844, -10.4995174408, -12.0707826614
         7.65,             0, -6.94000005722,             0, 9.28138256073, 3447.66137695,          4000, -30.7271289825, -10.4995660782, -12.1742258072
        7.675,             0, -6.92999982834,             0,  9.2937412262, 3447.13110352,          4000, -30.7240390778, -10.4996147156, -12.2778749466
          7.7,             0, -6.92000007629,             0, 9.30612277985, 3446.59594727,          4000, -30.7209205627, -10.499663353, -12.3817281723
        7.725,             0, -6.90999984741,             0, 9.31852722168, 3446.05615234,          4000, -30.7177753448, -10.4997119904, -12.485786438
         7.75,             0, -6.90000009537,             0,  9.3309545517, 3445.51171875,          4000, -30.7146015167, -10.4997606277, -12.5900497437
        7.775,             0, -6.88999986649,             0, 9.34340572357, 3444.96240234,          4000, -30.7113990784, -10.4998083115, -12.6945180893
          7.8,             0, -6.88000011444,             0, 9.35587978363, 3444.40820312,          4000, -30.7081699371, -10.4998569489, -12.7991905212
        7.825,             0, -6.86999988556,             0, 9.36837768555, 3443.84912109,          4000, -30.7049121857, -10.4999055862, -12.9040679932
         7.85,             0, -6.86000013351,             0, 9.38089752197, 3443.28515625,          4000, -30.701625824,  -10.49995327, -13.0091505051
        7.875,             0, -6.84999990463,             0, 9.39344215393, 3442.71630859,          4000, -30.6983108521, -10.5000019073, -13.1144361496
          7.9,             0, -6.84000015259,             0, 9.40600967407, 3442.14257812,          4000, -30.6949672699, -10.5000495911, -13.2199277878
        7.925,             0, -6.82999992371,             0,  9.4186000824, 3441.56396484,          4000, -30.6915931702, -10.5000972748, -13.3256225586
         7.95,             0, -6.82000017166,             0, 9.43121433258, 3440.98022461,          4000, -30.6881923676, -10.5001449585, -13.4315214157
        7.975,             0, -6.80999994278,             0, 9.44385147095, 3440.39135742,          4000, -30.6847610474, -10.5001935959, -13.5376243591
            8,             0, -6.80000019073,             0, 9.45651245117, 3439.79760742,          4000, -30.6813011169, -10.5002412796, -13.6439313889
        8.025,             0, -6.78999996185,             0, 9.46919727325, 3439.19873047,          4000, -30.6778106689, -10.5002880096, -13.7504425049
         8.05,             0, -6.78000020981,             0, 9.48190593719, 3438.59472656,          4000, -30.6742916107, -10.5003356934, -13.8571567535
        8.075,             0, -6.76999998093,             0, 9.49463748932, 3437.98583984,          4000, -30.6707401276, -10.5003833771, -13.9640741348
          8.1,             0, -6.76000022888,             0,  9.5073928833, 3437.37158203,          4000, -30.6671619415, -10.5004310608, -14.0711956024
        8.125,             0,         -6.75,             0, 9.52017211914, 3436.75195312,          4000, -30.6635513306, -10.5004777908, -14.1785202026
         8.15,             0, -6.73999977112,             0, 9.53297519684, 3436.12744141,          4000, -30.659910202, -10.5005254745, -14.2860469818
        8.175,             0, -6.73000001907,             0, 9.54580116272, 3435.49755859,          4000, -30.6562404633, -10.5005722046, -14.3937768936
          8.2,             0, -6.71999979019,             0, 9.55865192413, 3434.86230469,          4000, -30.6525382996, -10.5006198883, -14.501709938
        8.225,             0, -6.71000003815,             0, 9.57152557373, 3434.22167969,          4000, -30.6488056183, -10.5006666183, -14.6098442078
         8.25,             0, -6.69999980927,             0, 9.58442401886, 3433.57592773,          4000, -30.6450405121, -10.5007133484, -14.7181816101
        8.275,             0, -6.69000005722,             0, 9.59734535217, 3432.92480469,          4000, -30.6412467957, -10.5007600784, -14.8267211914
          8.3,             0, -6.67999982834,             0, 9.61029148102, 3432.26806641,          4000, -30.6374187469, -10.5008068085, -14.935461998
        8.325,             0, -6.67000007629,             0, 9.62326049805, 3431.60595703,          4000, -30.633562088, -10.5008535385, -15.0444040298
         8.35,             0, -6.65999984741,             0, 9.63625431061, 3430.93847656,          4000, -30.6296710968, -10.5009002686, -15.1535482407
        8.375,             0, -6.65000009537,             0, 9.64927196503,   3430.265625,          4000, -30.625749588, -10.5009469986, -15.2628927231
          8.4,             0, -6.63999986649,             0,  9.6623134613, 3429.58691406,          4000, -30.6217956543, -10.5009937286, -15.3724384308
        8.425,             0, -6.63000011444,             0, 9.67537975311, 3428.90307617,          4000, -30.6178092957, -10.501039505, -15.4821853638
         8.45,             0, -6.61999988556,             0, 9.68846893311, 3428.21337891,          4000, -30.6137886047, -10.501086235, -15.5921316147
        8.475,             0, -6.61000013351,             0, 9.70158290863, 3427.51806641,          4000, -30.6097373962, -10.5011320114, -15.7022781372
          8.5,             0, -6.59999990463,             0, 9.71472072601, 3426.81713867,          4000, -30.6056537628, -10.5011777878, -15.8126249313
        8.525,             0, -6.59000015259,             0, 9.72788333893,  3426.1105957,          4000, -30.6015357971, -10.5012245178, -15.9231700897
         8.55,             0, -6.57999992371,             0,  9.7410697937, 3425.39819336,          4000, -30.5973834991, -10.5012702942, -16.033914566
        8.575,             0, -6.57000017166,             0, 9.75428009033, 3424.68017578,          4000, -30.5932006836, -10.5013160706, -16.144859314
          8.6,             0, -6.55999994278,             0,  9.7675151825, 3423.95654297,          4000, -30.5889816284, -10.5013618469, -16.2560005188
        8.625,             0, -6.55000019073,             0, 9.78077507019, 3423.22680664,          4000, -30.5847301483, -10.5014076233, -16.3673419952
         8.65,             0, -6.53999996185,             0, 9.79405784607, 3422.49145508,          4000, -30.5804443359, -10.5014533997, -16.4788799286
        8.675,             0, -6.53000020981,             0, 9.80736637115, 3421.75024414,          4000, -30.5761241913, -10.501499176, -16.5906162262
          8.7,             0, -6.51999998093,             0,  9.8206987381, 3421.00292969,          4000, -30.5717697144, -10.5015439987, -16.7025489807
        8.725,             0, -6.51000022888,             0, 9.83405590057, 3420.24975586,          4000, -30.5673809052, -10.5015897751, -16.8146781921
         8.75,             0,          -6.5,             0, 9.84743690491, 3419.49072266,          4000, -30.5629558563, -10.5016355515, -16.9270038605
        8.775,             0, -6.48999977112,             0, 9.86084270477, 3418.72558594,          4000, -30.5584983826, -10.5016803741, -17.0395259857
          8.8,             0, -6.48000001907,             0,  9.8742723465, 3417.95458984,          4000, -30.5540046692, -10.5017251968, -17.1522426605
        8.825,             0, -6.46999979019,             0, 9.88772773743, 3417.17724609,          4000, -30.5494747162, -10.5017709732, -17.2651557922
         8.85,             0, -6.46000003815,             0, 9.90120697021, 3416.39404297,          4000, -30.5449104309, -10.5018157959, -17.3782634735
        8.875,             0, -6.44999980927,             0, 9.91471099854, 3415.60449219,          4000, -30.540309906, -10.5018606186, -17.4915657043
          8.9,             0, -6.44000005722,             0, 9.92823982239, 3414.80908203,          4000, -30.5356731415, -10.5019054413, -17.6050605774
        8.925,             0, -6.42999982834,             0,  9.9417924881, 3414.00732422,          4000, -30.5310001373, -10.501950264,     -17.71875
         8.95,             0, -6.42000007629,             0, 9.95537090302, 3413.19921875,          4000, -30.5262928009, -10.5019950867, -17.8326320648
        8.975,             0, -6.40999984741,             0, 9.96897315979, 3412.38500977,          4000, -30.5215473175, -10.5020399094, -17.9467067719
            9,             0, -6.40000009537,             0, 9.98260116577, 3411.56445312,          4000, -30.5167655945, -10.5020847321, -18.0609722137
        9.025,             0, -6.38999986649,             0, 9.99625301361, 3410.73754883,          4000, -30.5119457245, -10.5021286011, -18.1754302979
         9.05,             0, -6.38000011444,             0,  10.009929657, 3409.90429688,          4000, -30.5070896149, -10.5021734238, -18.2900810242
        9.075,             0, -6.36999988556,             0, 10.0236320496, 3409.06445312,          4000, -30.5021972656, -10.5022172928, -18.404920578
          9.1,             0, -6.36000013351,             0,  10.037358284, 3408.21850586,          4000, -30.4972648621, -10.5022621155, -18.5199508667
        9.125,             0, -6.34999990463,             0, 10.0511102676, 3407.36572266,          4000, -30.4922962189, -10.5023059845, -18.6351699829
         9.15,             0, -6.34000015259,             0, 10.0648860931, 3406.50683594,          4000, -30.4872913361, -10.5023498535, -18.7505779266
        9.175,             0, -6.32999992371,             0, 10.0786876678, 3405.64111328,          4000, -30.4822463989, -10.5023937225, -18.8661746979
          9.2,             0, -6.32000017166,             0, 10.0925140381, 3404.76879883,          4000, -30.4771633148, -10.5024375916, -18.9819583893
        9.225,             0, -6.30999994278,             0, 10.1063652039, 3403.89013672,          4000, -30.4720420837, -10.5024814606, -19.0979309082
         9.25,             0, -6.30000019073,             0, 10.1202411652, 3403.00463867,          4000, -30.4668807983, -10.5025253296, -19.2140884399
        9.275,             0, -6.28999996185,             0, 10.1341428757, 3402.11230469,          4000, -30.461681366, -10.5025691986, -19.3304328918
          9.3,             0, -6.28000020981,             0, 10.1480693817, 3401.21337891,          4000, -30.4564437866, -10.5026130676, -19.4469623566
        9.325,             0, -6.26999998093,             0, 10.1620206833, 3400.30786133,          4000, -30.451166153, -10.5026569366, -19.5636768341
         9.35,             0, -6.26000022888,             0, 10.1759967804, 3399.39550781,          4000, -30.445848465, -10.502699852, -19.6805763245
        9.375,             0,         -6.25,             0, 10.1899986267, 3398.47607422,          4000, -30.4404907227, -10.502743721, -19.7976570129
          9.4,             0, -6.23999977112,             0, 10.2040252686, 3397.55004883,          4000, -30.4350948334, -10.5027866364, -19.9149227142
        9.425,             0, -6.23000001907,             0, 10.2180767059, 3396.61694336,          4000, -30.4296569824, -10.5028295517, -20.0323696136
         9.45,             0, -6.21999979019,             0, 10.2321538925, 3395.67700195,          4000, -30.4241790771, -10.5028734207, -20.1499977112
        9.475,             0, -6.21000003815,             0, 10.2462568283, 3394.72998047,          4000, -30.4186611176, -10.5029163361, -20.2678070068
          9.5,             0, -6.19999980927,             0,  10.260383606, 3393.77612305,          4000, -30.4131011963, -10.5029592514, -20.3857975006
        9.525,             0, -6.19000005722,             0, 10.2745370865, 3392.81494141,          4000, -30.4075012207, -10.5030021667, -20.5039653778
         9.55,             0, -6.17999982834,             0, 10.2887153625, 3391.84692383,          4000, -30.4018592834, -10.5030450821, -20.6223125458
        9.575,             0, -6.17000007629,             0, 10.3029184341, 3390.87158203,          4000, -30.3961753845, -10.5030879974, -20.7408370972
          9.6,             0, -6.15999984741,             0, 10.3171472549, 3389.88916016,          4000, -30.3904514313, -10.5031309128, -20.859539032
        9.625,             0, -6.15000009537,             0, 10.3314008713,  3388.8996582,          4000, -30.384683609, -10.5031728745, -20.9784183502
         9.65,             0, -6.13999986649,             0, 10.3456802368, 3387.90258789,          4000, -30.3788738251, -10.5032157898, -21.0974712372
        9.675,             0, -6.13000011444,             0, 10.3599853516,  3386.8984375,          4000, -30.3730220795, -10.5032577515, -21.2166996002
          9.7,             0, -6.11999988556,             0, 10.3743152618, 3385.88696289,          4000, -30.3671283722, -10.5033006668, -21.336101532
        9.725,             0, -6.11000013351,             0, 10.3886709213, 3384.86816406,          4000, -30.3611907959, -10.5033426285, -21.4556770325
         9.75,             0, -6.09999990463,             0, 10.4030513763, 3383.84204102,          4000, -30.3552112579, -10.5033855438, -21.5754241943
        9.775,             0, -6.09000015259,             0, 10.4174575806, 3382.80834961,          4000, -30.349187851, -10.5034275055, -21.6953430176
          9.8,             0, -6.07999992371,             0,  10.431889534, 3381.76733398,          4000, -30.343120575, -10.5034694672, -21.8154335022
        9.825,             0, -6.07000017166,             0, 10.4463472366, 3380.71850586,          4000, -30.3370094299, -10.5035114288, -21.9356918335
         9.85,             0, -6.05999994278,             0, 10.4608297348, 3379.66235352,          4000, -30.3308544159, -10.5035533905, -22.0561180115
        9.875,             0, -6.05000019073,             0, 10.4753379822, 3378.59863281,          4000, -30.3246555328, -10.5035953522, -22.1767139435
          9.9,             0, -6.03999996185,             0, 10.4898719788, 3377.52709961,          4000, -30.3184108734, -10.5036373138, -22.2974758148
        9.925,             0, -6.03000020981,             0, 10.5044317245, 3376.44799805,          4000, -30.312122345, -10.5036783218, -22.4184017181
         9.95,             0, -6.01999998093,             0, 10.5190172195, 3375.36132812,          4000, -30.3057899475, -10.5037202835, -22.5394935608
        9.975,             0, -6.01000022888,             0, 10.5336275101, 3374.26660156,          4000, -30.2994098663, -10.5037622452, -22.6607494354
           10,             0,            -6,             0, 10.5482635498, 3373.16430664,          4000, -30.2929859161, -10.5038032532, -22.782169342
       10.025,             0, -5.98999977112,             0, 10.5629253387, 3372.05419922,          4000, -30.2865180969, -10.5038452148, -22.9037494659
        10.05,             0, -5.98000001907,             0, 10.5776128769, 3370.93603516,          4000, -30.280002594, -10.5038862228, -23.0254917145
       10.075,             0, -5.96999979019,             0, 10.5923261642, 3369.81005859,          4000, -30.2734394073, -10.5039272308, -23.1473922729
         10.1,             0, -5.96000003815,             0, 10.6070642471, 3368.67602539,          4000, -30.2668323517, -10.5039682388, -23.2694530487
       10.125,             0, -5.94999980927,             0, 10.6218290329, 3367.53417969,          4000, -30.2601776123, -10.5040102005, -23.3916702271
        10.15,             0, -5.94000005722,             0, 10.6366195679, 3366.38427734,          4000, -30.2534751892, -10.5040512085, -23.514043808
       10.175,             0, -5.92999982834,             0, 10.6514348984, 3365.22607422,          4000, -30.2467269897, -10.5040912628, -23.6365718842
         10.2,             0, -5.92000007629,             0, 10.6662759781, 3364.05981445,          4000, -30.2399311066, -10.5041322708, -23.7592563629
       10.225,             0, -5.90999984741,             0, 10.6811437607, 3362.88549805,          4000, -30.2330875397, -10.5041732788, -23.8820934296
        10.25,             0, -5.90000009537,             0, 10.6960363388,   3361.703125,          4000, -30.2261962891, -10.5042142868, -24.0050811768
       10.275,             0, -5.88999986649,             0, 10.7109556198, 3360.51220703,          4000, -30.2192573547, -10.5042543411, -24.1282215118
         10.3,             0, -5.88000011444,             0, 10.7258996964, 3359.31298828,          4000, -30.2122707367, -10.5042953491, -24.2515106201
       10.325,             0, -5.86999988556,             0, 10.7408695221, 3358.10571289,          4000, -30.2052345276, -10.5043354034, -24.3749485016
        10.35,             0, -5.86000013351,             0, 10.7558660507, 3356.88989258,          4000, -30.1981487274, -10.5043764114, -24.4985313416
       10.375,             0, -5.84999990463,             0, 10.7708873749, 3355.66552734,          4000, -30.1910152435, -10.5044164658, -24.6222629547
         10.4,             0, -5.84000015259,             0, 10.7859344482, 3354.43286133,          4000, -30.1838321686, -10.5044565201, -24.746137619
       10.425,             0, -5.82999992371,             0, 10.8010082245, 3353.19165039,          4000, -30.1765995026, -10.5044975281, -24.8701572418
        10.45,             0, -5.82000017166,             0, 10.8161067963, 3351.94189453,          4000, -30.1693172455, -10.5045375824, -24.9943180084
       10.475,             0, -5.80999994278,             0, 10.8312320709, 3350.68359375,          4000,  -30.16198349, -10.5045776367, -25.1186180115
         10.5,             0, -5.80000019073,             0, 10.8463821411, 3349.41674805,          4000, -30.1546001434, -10.5046167374, -25.2430591583
       10.525,             0, -5.78999996185,             0, 10.8615589142, 3348.14111328,          4000, -30.1471672058, -10.5046567917, -25.3676376343
        10.55,             0, -5.78000020981,             0, 10.8767614365, 3346.85668945,          4000, -30.1396827698, -10.504696846, -25.4923534393
       10.575,             0, -5.76999998093,             0, 10.8919897079, 3345.56347656,          4000, -30.1321468353, -10.5047369003, -25.6172046661
         10.6,             0, -5.76000022888,             0, 10.9072437286, 3344.26147461,          4000, -30.1245594025, -10.504776001, -25.7421894073
       10.625,             0,         -5.75,             0, 10.9225234985, 3342.95068359,          4000, -30.1169223785, -10.5048160553, -25.867307663
        10.65,             0, -5.73999977112,             0, 10.9378290176, 3341.63110352,          4000, -30.1092319489, -10.5048551559, -25.9925556183
       10.675,             0, -5.73000001907,             0, 10.9531602859, 3340.30249023,          4000, -30.1014900208, -10.5048952103, -26.1179332733
         10.7,             0, -5.71999979019,             0, 10.9685173035, 3338.96484375,          4000, -30.0936946869, -10.5049343109, -26.2434387207
       10.725,             0, -5.71000003815,             0, 10.9839000702, 3337.61816406,          4000, -30.0858478546, -10.5049734116, -26.3690719604
        10.75,             0, -5.69999980927,             0, 10.9993095398, 3336.26245117,          4000, -30.0779476166, -10.5050125122, -26.4948291779
       10.775,             0, -5.69000005722,             0, 11.0147447586, 3334.89746094,          4000, -30.0699939728, -10.5050516129, -26.6207103729
         10.8,             0, -5.67999982834,             0, 11.0302047729,  3333.5234375,          4000, -30.0619869232, -10.5050907135, -26.7467136383
       10.825,             0, -5.67000007629,             0, 11.0456914902, 3332.14013672,          4000, -30.0539264679, -10.5051298141, -26.8728370667
        10.85,             0, -5.65999984741,             0, 11.0612039566, 3330.74755859,          4000, -30.0458106995, -10.5051689148, -26.9990787506
       10.875,             0, -5.65000009537,             0, 11.0767421722, 3329.34594727,          4000, -30.0376434326, -10.5052080154, -27.1254386902
         10.9,             0, -5.63999986649,             0, 11.0923061371, 3327.93457031,          4000, -30.0294189453, -10.5052461624, -27.2519130707
       10.925,             0, -5.63000011444,             0, 11.1078958511, 3326.51416016,          4000, -30.0211410522, -10.5052852631, -27.3785018921
        10.95,             0, -5.61999988556,             0, 11.1235113144, 3325.08398438,          4000, -30.0128078461,  -10.50532341, -27.5052032471
       10.975,             0, -5.61000013351,             0, 11.1391534805, 3323.64453125,          4000, -30.0044193268, -10.5053625107, -27.6320152283
           11,             0, -5.59999990463,             0, 11.1548204422, 3322.19555664,          4000, -29.9959754944, -10.5054006577, -27.7589359283
       11.025,             0, -5.59000015259,             0, 11.1705141068, 3320.73681641,          4000, -29.9874763489, -10.5054388046, -27.8859634399
        11.05,             0, -5.57999992371,             0, 11.1862325668, 3319.26855469,          4000, -29.9789199829, -10.5054779053, -28.0130958557
       11.075,             0, -5.57000017166,             0, 11.2019777298, 3317.79052734,          4000, -29.9703083038, -10.5055160522, -28.1403312683
         11.1,             0, -5.55999994278,             0,  11.217748642, 3316.30297852,          4000, -29.9616394043, -10.5055541992, -28.2676696777
       11.125,             0, -5.55000019073,             0, 11.2335453033, 3314.80541992,          4000, -29.9529132843, -10.5055923462, -28.3951072693
        11.15,             0, -5.53999996185,             0, 11.2493667603, 3313.29833984,          4000, -29.9441299438, -10.5056295395, -28.5226421356
       11.175,             0, -5.53000020981,             0,   11.26521492,    3311.78125,          4000, -29.9352893829, -10.5056676865, -28.6502742767
         11.2,             0, -5.51999998093,             0,  11.281088829, 3310.25415039,          4000, -29.9263916016, -10.5057058334, -28.7779998779
       11.225,             0, -5.51000022888,             0, 11.2969884872, 3308.71704102,          4000, -29.9174346924, -10.5057439804, -28.9058170319
        11.25,             0,          -5.5,             0, 11.3129138947, 3307.17016602,          4000, -29.9084205627, -10.5057811737, -29.0337257385
       11.275,             0, -5.48999977112,             0, 11.3288650513, 3305.61303711,          4000, -29.8993473053, -10.5058193207, -29.1617221832
         11.3,             0, -5.48000001907,             0, 11.3448419571,  3304.0456543,          4000,  -29.89021492, -10.505856514, -29.2898044586
       11.325,             0, -5.46999979019,             0, 11.3608446121, 3302.46850586,          4000, -29.881023407, -10.5058937073, -29.4179725647
        11.35,             0, -5.46000003815,             0, 11.3768720627, 3300.88085938,          4000, -29.8717727661, -10.5059318542, -29.5462226868
       11.375,             0, -5.44999980927,             0, 11.3929262161, 3299.28295898,          4000, -29.8624629974, -10.5059690475, -29.6745529175
         11.4,             0, -5.44000005722,             0, 11.4090061188, 3297.67504883,          4000, -29.8530921936, -10.5060062408, -29.8029613495
       11.425,             0, -5.42999982834,             0, 11.4251117706, 3296.05639648,          4000, -29.8436603546, -10.5060434341, -29.9314460754
        11.45,             0, -5.42000007629,             0,  11.441242218, 3294.42773438,          4000, -29.8341693878, -10.5060806274, -30.0600032806
       11.475,             0, -5.40999984741,             0, 11.4573984146, 3292.78833008,          4000, -29.8246173859, -10.5061178207, -30.1886329651
         11.5,             0, -5.40000009537,             0, 11.4735813141, 3291.13842773,          4000, -29.8150043488, -10.5061540604, -30.3173332214
       11.525,             0, -5.38999986649,             0, 11.4897890091, 3289.47827148,          4000, -29.8053283691, -10.5061912537, -30.446100235
        11.55,             0, -5.38000011444,             0, 11.5060224533, 3287.80712891,          4000, -29.7955932617, -10.506228447, -30.5749340057
       11.575,             0, -5.36999988556,             0, 11.5222806931, 3286.12573242,          4000, -29.7857933044, -10.5062646866, -30.7038288116
         11.6,             0, -5.36000013351,             0, 11.5385656357, 3284.43334961,          4000, -29.775932312, -10.5063018799, -30.8327846527
       11.625,             0, -5.34999990463,             0, 11.5548753738, 3282.73022461,          4000, -29.7660083771, -10.5063381195, -30.9617996216
        11.65,             0, -5.34000015259,             0, 11.5712108612, 3281.01635742,          4000, -29.756023407, -10.5063743591, -31.0908718109
       11.675,             0, -5.32999992371,             0, 11.5875720978, 3279.29174805,          4000, -29.745973587, -10.5064115524, -31.2199954987
         11.7,             0, -5.32000017166,             0, 11.6039581299, 3277.55615234,          4000, -29.7358589172, -10.5064477921, -31.3491725922
       11.725,             0, -5.30999994278,             0, 11.6203708649, 3275.80957031,          4000, -29.7256832123, -10.5064840317, -31.4783973694
        11.75,             0, -5.30000019073,             0, 11.6368074417, 3274.05200195,          4000, -29.7154407501, -10.5065202713, -31.607667923
       11.775,             0, -5.28999996185,             0, 11.6532707214, 3272.28344727,          4000, -29.7051353455, -10.5065565109, -31.7369842529
         11.8,             0, -5.28000020981,             0, 11.6697587967, 3270.50390625,          4000, -29.6947669983, -10.5065927505, -31.8663425446
       11.825,             0, -5.26999998093,             0, 11.6862716675, 3268.71289062,          4000, -29.6843318939, -10.5066280365, -31.9957389832
        11.85,             0, -5.26000022888,             0, 11.7028102875, 3266.91088867,          4000, -29.6738300323, -10.5066642761, -32.1251716614
       11.875,             0,         -5.25,             0, 11.7193746567, 3265.09765625,          4000, -29.6632652283, -10.5067005157, -32.2546386719
         11.9,             0, -5.23999977112,             0, 11.7359638214, 3263.27294922,          4000, -29.652633667, -10.5067358017, -32.3841400146
       11.925,             0, -5.23000001907,             0, 11.7525777817, 3261.43701172,          4000, -29.6419353485, -10.5067720413, -32.5136680603
        11.95,             0, -5.21999979019,             0, 11.7692174911, 3259.58984375,          4000, -29.6311702728, -10.5068073273, -32.6432228088
       11.975,             0, -5.21000003815,             0, 11.7858829498, 3257.73095703,          4000, -29.6203403473, -10.5068426132, -32.7728004456
           12,             0, -5.19999980927,             0, 11.8025722504,  3255.8605957,          4000, -29.6094417572, -10.5068778992, -32.9023971558
       12.025,             0, -5.19000005722,             0, 11.8192873001, 3253.97875977,          4000, -29.5984764099, -10.5069141388, -33.0320167542
        12.05,             0, -5.17999982834,             0, 11.8360271454, 3252.08520508,          4000, -29.5874423981, -10.5069494247, -33.1616477966
       12.075,             0, -5.17000007629,             0, 11.8527927399, 3250.17993164,          4000, -29.576341629, -10.5069847107, -33.2912940979
         12.1,             0, -5.15999984741,             0, 11.8695831299, 3248.26318359,          4000, -29.5651721954, -10.5070199966, -33.4209518433
       12.125,             0, -5.15000009537,             0, 11.8863973618, 3246.33447266,          4000, -29.5539340973, -10.5070543289, -33.5506134033
        12.15,             0, -5.13999986649,             0, 11.9032373428, 3244.39379883,          4000, -29.5426273346, -10.5070896149, -33.6802787781
       12.175,             0, -5.13000011444,             0, 11.9201030731, 3242.44140625,          4000,     -29.53125, -10.5071249008, -33.8099479675
         12.2,             0, -5.11999988556,             0, 11.9369926453, 3240.47729492,          4000, -29.5198059082, -10.5071592331, -33.939617157
       12.225,             0, -5.11000013351,             0, 11.9539070129, 3238.50097656,          4000, -29.5082893372, -10.507194519, -34.069278717
        12.25,             0, -5.09999990463,             0, 11.9708461761, 3236.51269531,          4000, -29.4967041016, -10.5072288513, -34.1989364624
       12.275,             0, -5.09000015259,             0, 11.9878101349, 3234.51220703,          4000, -29.4850482941, -10.5072641373, -34.328578949
         12.3,             0, -5.07999992371,             0, 12.0047988892, 3232.49975586,          4000, -29.4733219147, -10.5072984695, -34.4582138062
       12.325,             0, -5.07000017166,             0,  12.021812439, 3230.47485352,          4000, -29.4615249634, -10.5073328018, -34.5878295898
        12.35,             0, -5.05999994278,             0, 12.0388498306, 3228.43798828,          4000, -29.4496555328, -10.5073680878,   -34.7174263
       12.375,             0, -5.05000019073,             0, 12.0559129715, 3226.38867188,          4000, -29.437713623,  -10.50740242, -34.8470001221
         12.4,             0, -5.03999996185,             0, 12.0729999542,  3224.3269043,          4000, -29.4257011414, -10.5074367523, -34.9765472412
       12.425,             0, -5.03000020981,             0, 12.0901107788, 3222.25292969,          4000, -29.4136161804, -10.5074701309, -35.1060676575
        12.45,             0, -5.01999998093,             0, 12.1072473526, 3220.16650391,          4000, -29.4014587402, -10.5075044632, -35.2355537415
       12.475,             0, -5.01000022888,             0, 12.1244068146, 3218.06738281,          4000, -29.3892288208, -10.5075387955, -35.3650054932
         12.5,             0,            -5,             0, 12.1415920258, 3215.95581055,          4000, -29.3769264221, -10.5075731277, -35.4944190979
       12.525,             0, -4.98999977112,             0, 12.1588001251, 3213.83154297,          4000, -29.3645477295, -10.5076065063, -35.6237945557
        12.55,             0, -4.98000001907,             0,   12.17603302, 3211.69458008,          4000, -29.352098465, -10.5076408386, -35.7531204224
       12.575,             0, -4.96999979019,             0, 12.1932907104, 3209.54516602,          4000, -29.3395729065, -10.5076742172, -35.8824005127
         12.6,             0, -4.96000003815,             0, 12.2105722427, 3207.38256836,          4000, -29.3269729614, -10.5077085495, -36.0116271973
       12.625,             0, -4.94999980927,             0, 12.2278776169, 3205.20751953,          4000, -29.3142986298, -10.5077419281, -36.1408004761
        12.65,             0, -4.94000005722,             0, 12.2452068329, 3203.01928711,          4000, -29.3015499115, -10.5077753067, -36.2699127197
       12.675,             0, -4.92999982834,             0, 12.2625598907, 3200.81811523,          4000, -29.2887248993, -10.5078086853, -36.3989677429
         12.7,             0, -4.92000007629,             0, 12.2799367905, 3198.60424805,          4000, -29.2758235931, -10.5078430176, -36.5279541016
       12.725,             0, -4.90999984741,             0,  12.297337532, 3196.37695312,          4000, -29.2628479004, -10.5078763962, -36.6568717957
        12.75,             0, -4.90000009537,             0, 12.3147630692, 3194.13671875,          4000, -29.2497940063, -10.5079088211, -36.7857170105
       12.775,             0, -4.88999986649,             0, 12.3322114944, 3191.88330078,          4000, -29.2366657257, -10.5079421997, -36.9144859314
         12.8,             0, -4.88000011444,             0, 12.3496828079, 3189.61669922,          4000, -29.2234592438, -10.5079755783, -37.0431747437
       12.825,             0, -4.86999988556,             0, 12.3671789169, 3187.33691406,          4000, -29.2101745605, -10.5080089569, -37.1717834473
        12.85,             0, -4.86000013351,             0, 12.3846979141, 3185.04370117,          4000, -29.1968135834, -10.5080413818, -37.3003005981
       12.875,             0, -4.84999990463,             0, 12.4022407532, 3182.73706055,          4000, -29.1833744049, -10.5080747604, -37.428730011
         12.9,             0, -4.84000015259,             0, 12.4198064804, 3180.41723633,          4000, -29.1698570251, -10.5081071854, -37.5570678711
       12.925,             0, -4.82999992371,             0, 12.4373960495, 3178.08374023,          4000, -29.1562595367, -10.508140564, -37.6853027344
        12.95,             0, -4.82000017166,             0, 12.4550085068, 3175.73657227,          4000, -29.1425857544, -10.5081729889, -37.8134384155
       12.975,             0, -4.80999994278,             0, 12.4726448059, 3173.37597656,          4000, -29.1288299561, -10.5082054138, -37.9414672852
           13,             0, -4.80000019073,             0, 12.4903030396, 3171.00170898,          4000, -29.1149978638, -10.5082378387, -38.0693855286
       13.025,             0, -4.78999996185,             0, 12.5079851151, 3168.61352539,          4000, -29.1010837555, -10.5082712173, -38.1971931458
        13.05,             0, -4.78000020981,             0, 12.5269050598, 3166.04589844,          4000, -29.0861225128, -10.5083036423, -38.3336639404
       13.075,             0, -4.76999998093,             0, 12.5459728241, 3163.44555664,          4000, -29.0709724426, -10.5083351135, -38.4708709717
         13.1,             0, -4.76000022888,             0, 12.5650606155, 3160.83007812,          4000, -29.0557327271, -10.5083675385, -38.6078872681
       13.125,             0,         -4.75,             0, 12.5841684341, 3158.19946289,          4000, -29.0404052734, -10.5083999634, -38.7447090149
        13.15,             0, -4.73999977112,             0, 12.6032972336, 3155.55322266,          4000, -29.0249881744, -10.5084323883, -38.8813362122
       13.175,             0, -4.73000001907,             0, 12.6224460602, 3152.89160156,          4000, -29.0094795227, -10.5084638596, -39.0177650452
         13.2,             0, -4.71999979019,             0, 12.6416149139, 3150.21459961,          4000, -28.9938831329, -10.5084962845, -39.1539840698
       13.225,             0, -4.71000003815,             0, 12.6608047485, 3147.52197266,          4000, -28.9781951904, -10.5085287094, -39.2899894714
        13.25,             0, -4.69999980927,             0, 12.6800136566,  3144.8137207,          4000, -28.9624156952, -10.5085601807,  -39.42578125
       13.275,             0, -4.69000005722,             0, 12.6992425919, 3142.08984375,          4000, -28.9465446472, -10.5085916519, -39.5613517761
         13.3,             0, -4.67999982834,             0, 12.7184906006,  3139.3503418,          4000, -28.9305839539, -10.5086231232, -39.6966934204
       13.325,             0, -4.67000007629,             0, 12.7377595901, 3136.59521484,          4000, -28.9145317078, -10.5086555481, -39.8318061829
        13.35,             0, -4.65999984741,             0, 12.7570466995, 3133.82397461,          4000, -28.8983860016, -10.5086870193, -39.9666786194
       13.375,             0, -4.65000009537,             0, 12.7763538361, 3131.03710938,          4000, -28.8821487427, -10.5087184906,  -40.10131073
         13.4,             0, -4.63999986649,             0, 12.7956800461,   3128.234375,          4000, -28.8658180237, -10.5087499619, -40.2356948853
       13.425,             0, -4.63000011444,             0, 12.8150243759, 3125.41552734,          4000, -28.849395752, -10.5087814331, -40.3698272705
        13.45,             0, -4.61999988556,             0, 12.8343887329, 3122.58056641,          4000, -28.8328781128, -10.5088119507, -40.5037002563
       13.475,             0, -4.61000013351,             0, 12.8537712097, 3119.72973633,          4000, -28.8162689209, -10.5088434219, -40.6373100281
         13.5,             0, -4.59999990463,             0,   12.87317276, 3116.86279297,          4000, -28.7995662689, -10.5088748932, -40.770652771
       13.525,             0, -4.59000015259,             0, 12.8925924301, 3113.97973633,          4000, -28.7827682495, -10.5089054108, -40.903717041
        13.55,             0, -4.57999992371,             0,   12.91203022, 3111.08032227,          4000, -28.7658748627, -10.508936882, -41.0365066528
       13.575,             0, -4.57000017166,             0, 12.9314870834, 3108.16479492,          4000, -28.7488880157, -10.5089673996, -41.1690101624
         13.6,             0, -4.55999994278,             0,  12.950961113, 3105.23266602,          4000, -28.7318058014, -10.5089988708, -41.3012237549
       13.625,             0, -4.55000019073,             0, 12.9704532623, 3102.28442383,          4000, -28.7146282196, -10.5090293884, -41.433139801
        13.65,             0, -4.53999996185,             0, 12.9899635315, 3099.31982422,          4000, -28.6973552704, -10.509059906, -41.5647583008
       13.675,             0, -4.53000020981,             0, 13.0094909668, 3096.33862305,          4000, -28.6799869537, -10.5090904236, -41.6960678101
         13.7,             0, -4.51999998093,             0, 13.0290355682, 3093.34082031,          4000, -28.6625213623, -10.5091209412, -41.8270645142
       13.725,             0, -4.51000022888,             0, 13.0485982895, 3090.32641602,          4000, -28.6449604034, -10.5091514587, -41.9577407837
        13.75,             0,          -4.5,             0, 13.0681781769,  3087.2956543,          4000, -28.6273021698, -10.5091819763, -42.0880966187
       13.775,             0, -4.48999977112,             0, 13.0877742767, 3084.24804688,          4000, -28.6095466614, -10.5092124939, -42.218120575
         13.8,             0, -4.48000001907,             0, 13.1073875427, 3081.18359375,          4000, -28.5916919708, -10.5092430115, -42.3478126526
       13.825,             0, -4.46999979019,             0, 13.1270179749, 3078.10253906,          4000, -28.5737419128, -10.5092725754, -42.4771614075
        13.85,             0, -4.46000003815,             0, 13.1466646194, 3075.00463867,          4000, -28.5556926727, -10.509303093, -42.6061630249
       13.875,             0, -4.44999980927,             0, 13.1663274765, 3071.88989258,          4000, -28.5375461578, -10.5093336105, -42.7348136902
         13.9,             0, -4.44000005722,             0,  13.186006546, 3068.75805664,          4000, -28.5193004608, -10.5093631744, -42.8631057739
       13.925,             0, -4.42999982834,             0, 13.2057027817,   3065.609375,          4000, -28.500957489, -10.5093927383, -42.9910316467
        13.95,             0, -4.42000007629,             0, 13.2254133224, 3062.44360352,          4000, -28.4825134277, -10.5094232559, -43.1185874939
       13.975,             0, -4.40999984741,             0, 13.2451400757, 3059.26098633,          4000, -28.4639701843, -10.5094528198, -43.2457695007
           14,             0, -4.40000009537,             0, 13.2648830414, 3056.06103516,          4000, -28.4453277588, -10.5094823837, -43.3725700378
       14.025,             0, -4.38999986649,             0, 13.2846412659, 3052.84399414,          4000, -28.4265861511, -10.5095119476, -43.4989776611
        14.05,             0, -4.38000011444,             0, 13.3044137955, 3049.60961914,          4000, -28.407743454, -10.5095415115, -43.6249961853
       14.075,             0, -4.36999988556,             0, 13.3242025375,  3046.3581543,          4000, -28.3887996674, -10.5095710754, -43.7506103516
         14.1,             0, -4.36000013351,             0, 13.3440055847, 3043.08935547,          4000, -28.3697566986, -10.5096006393, -43.8758201599
       14.125,             0, -4.34999990463,             0,  13.363822937, 3039.80322266,          4000, -28.350610733, -10.5096302032, -44.000617981
        14.15,             0, -4.34000015259,             0, 13.3836555481, 3036.49975586,          4000, -28.3313655853, -10.5096588135, -44.1249961853
       14.175,             0, -4.32999992371,             0, 13.4035024643, 3033.17871094,          4000, -28.3120174408, -10.5096883774, -44.2489509583
         14.2,             0, -4.32000017166,             0, 13.4233627319, 3029.84008789,          4000, -28.2925682068, -10.5097179413, -44.3724746704
       14.225,             0, -4.30999994278,             0, 13.4432373047, 3026.48413086,          4000, -28.273015976, -10.5097465515, -44.4955596924
        14.25,             0, -4.30000019073,             0, 13.4631261826,  3023.1105957,          4000, -28.2533607483, -10.5097751617, -44.6182022095
       14.275,             0, -4.28999996185,             0, 13.4830284119, 3019.71923828,          4000, -28.2336044312, -10.5098047256, -44.740398407
         14.3,             0, -4.28000020981,             0, 13.5029439926, 3016.31030273,          4000, -28.2137451172, -10.5098333359, -44.8621330261
       14.325,             0, -4.26999998093,             0, 13.5228738785, 3012.88378906,          4000, -28.1937828064, -10.5098619461, -44.9834098816
        14.35,             0, -4.26000022888,             0, 13.5428152084, 3009.43920898,          4000, -28.1737155914, -10.5098905563, -45.1042137146
       14.375,             0,         -4.25,             0, 13.5627708435, 3005.97705078,          4000, -28.1535453796, -10.5099191666, -45.2245445251
         14.4,             0, -4.23999977112,             0, 13.5827379227, 3002.49707031,          4000, -28.133272171, -10.5099477768, -45.3443946838
       14.425,             0, -4.23000001907,             0, 13.6027183533, 2998.99902344,          4000, -28.1128940582, -10.509976387, -45.4637565613
        14.45,             0, -4.21999979019,             0, 13.6227111816,  2995.4831543,          4000, -28.0924110413, -10.5100049973, -45.5826225281
       14.475,             0, -4.21000003815,             0, 13.6427154541, 2991.94946289,          4000, -28.0718250275, -10.5100336075, -45.7009887695
         14.5,             0, -4.19999980927,             0, 13.6627321243, 2988.39746094,          4000, -28.0511322021, -10.510061264, -45.8188476562
       14.525,             0, -4.19000005722,             0, 13.6827602386, 2984.82763672,          4000, -28.0303344727, -10.5100898743, -45.9361953735
        14.55,             0, -4.17999982834,             0, 13.7027997971, 2981.23950195,          4000, -28.009431839, -10.5101175308, -46.0530204773
       14.575,             0, -4.17000007629,             0, 13.7228507996, 2977.63330078,          4000, -27.9884243011, -10.5101461411, -46.1693153381
         14.6,             0, -4.15999984741,             0, 13.7429132462,  2974.0090332,          4000, -27.9673099518, -10.5101737976, -46.2850799561
       14.625,             0, -4.15000009537,             0, 13.7629861832, 2970.36621094,          4000, -27.9460887909, -10.5102024078, -46.400302887
        14.65,             0, -4.13999986649,             0, 13.7830696106, 2966.70532227,          4000, -27.9247627258, -10.5102300644, -46.5149803162
       14.675,             0, -4.13000011444,             0, 13.8031644821, 2963.02636719,          4000, -27.9033298492, -10.5102577209, -46.6291046143
         14.7,             0, -4.11999988556,             0, 13.8232688904, 2959.32861328,          4000, -27.8817882538, -10.5102853775, -46.7426643372
       14.725,             0, -4.11000013351,             0, 13.8433828354, 2955.61279297,          4000, -27.8601417542, -10.5103130341, -46.8556632996
        14.75,             0, -4.09999990463,             0, 13.8635082245, 2951.87841797,          4000, -27.8383865356, -10.5103406906, -46.968082428
       14.775,             0, -4.09000015259,             0, 13.8836421967, 2948.12573242,          4000, -27.8165245056, -10.5103683472, -47.0799255371
         14.8,             0, -4.07999992371,             0, 13.9037857056, 2944.35424805,          4000, -27.7945556641, -10.5103960037, -47.1911773682
       14.825,             0, -4.07000017166,             0, 13.9239377975, 2940.56445312,          4000, -27.7724761963, -10.5104227066, -47.3018379211
        14.85,             0, -4.05999994278,             0, 13.9441003799, 2936.75610352,          4000, -27.7502918243, -10.5104503632, -47.411895752
       14.875,             0, -4.05000019073,             0, 13.9642705917, 2932.92895508,          4000, -27.7279968262, -10.510477066, -47.5213470459
         14.9,             0, -4.03999996185,             0, 13.9844493866, 2929.08325195,          4000, -27.7055931091, -10.5105047226, -47.6301841736
       14.925,             0, -4.03000020981,             0, 14.0046367645,    2925.21875,          4000, -27.6830825806, -10.5105314255, -47.7383995056
        14.95,             0, -4.01999998093,             0, 14.0248327255, 2921.33569336,          4000, -27.6604614258, -10.510559082, -47.8459854126
       14.975,             0, -4.01000022888,             0, 14.0450363159, 2917.43383789,          4000, -27.6377315521, -10.5105857849, -47.9529342651
           15,             0,            -4,             0, 14.0652475357, 2913.51318359,          4000, -27.6148910522, -10.5106124878, -48.0592460632
       15.025,             0, -3.99000000954,             0, 14.0854654312, 2909.57373047,          4000, -27.5919437408, -10.5106391907, -48.1649055481
        15.05,             0, -3.98000001907,             0, 14.1056909561, 2905.61523438,          4000, -27.5688838959, -10.5106658936, -48.269908905
       15.075,             0, -3.97000002861,             0, 14.1259241104, 2901.63793945,          4000, -27.545715332, -10.5106925964, -48.3742485046
         15.1,             0, -3.96000003815,             0, 14.1461629868,  2897.6418457,          4000, -27.522436142, -10.5107192993, -48.4779167175
       15.125,             0, -3.95000004768,             0, 14.1664094925, 2893.62670898,          4000, -27.4990463257, -10.5107460022, -48.5809135437
        15.15,             0, -3.94000005722,             0, 14.1866617203,  2889.5925293,          4000, -27.4755458832, -10.5107727051, -48.6832199097
       15.175,             0, -3.93000006676,             0, 14.2069196701, 2885.53930664,          4000, -27.4519348145, -10.5107984543, -48.7848396301
         15.2,             0, -3.92000007629,             0,  14.227183342, 2881.46704102,          4000, -27.4282131195, -10.5108251572, -48.8857574463
       15.225,             0, -3.91000008583,             0, 14.2474527359, 2877.37573242,          4000, -27.4043807983, -10.5108509064, -48.9859733582
        15.25,             0, -3.90000009537,             0, 14.2677278519, 2873.26538086,          4000, -27.3804359436, -10.5108776093, -49.0854759216
       15.275,             0, -3.8900001049,             0, 14.2880067825, 2869.13574219,          4000, -27.3563804626, -10.5109033585, -49.1842575073
         15.3,             0, -3.88000011444,             0, 14.3082914352, 2864.98681641,          4000, -27.3322124481, -10.5109291077, -49.2823143005
       15.325,             0, -3.86999988556,             0, 14.3285808563, 2860.81884766,          4000, -27.3079338074, -10.5109558105, -49.3796348572
        15.35,             0, -3.8599998951,             0, 14.3488740921,  2856.6315918,          4000, -27.2835426331, -10.5109815598, -49.4762191772
       15.375,             0, -3.84999990463,             0, 14.3691711426, 2852.42504883,          4000, -27.2590389252, -10.511007309, -49.572052002
         15.4,             0, -3.83999991417,             0, 14.3894729614, 2848.19946289,          4000, -27.2344226837, -10.5110330582, -49.6671333313
       15.425,             0, -3.82999992371,             0, 14.4097776413,  2843.9543457,          4000, -27.209695816, -10.5110588074, -49.7614479065
        15.45,             0, -3.81999993324,             0, 14.4300851822, 2839.68969727,          4000, -27.1848545074, -10.5110845566, -49.8549957275
       15.475,             0, -3.80999994278,             0, 14.4503965378, 2835.40600586,          4000, -27.1599006653, -10.5111103058, -49.947769165
         15.5,             0, -3.79999995232,             0, 14.4707107544,  2831.1027832,          4000, -27.1348342896, -10.5111351013, -50.0397567749
       15.525,             0, -3.78999996185,             0, 14.4910268784,  2826.7800293,          4000, -27.1096553802, -10.5111608505, -50.1309547424
        15.55,             0, -3.77999997139,             0, 14.5113449097, 2822.43798828,          4000,  -27.08436203, -10.5111856461, -50.2213554382
       15.575,             0, -3.76999998093,             0,  14.531665802, 2818.07641602,          4000, -27.0589561462, -10.5112113953, -50.3109474182
         15.6,             0, -3.75999999046,             0,  14.551987648,  2813.6953125,          4000, -27.0334358215, -10.5112361908, -50.3997306824
       15.625,             0,         -3.75,             0, 14.5723114014, 2809.29467773,          4000, -27.0078029633,  -10.51126194, -50.4876937866
        15.65,             0, -3.74000000954,             0, 14.5926361084, 2804.87451172,          4000, -26.9820556641, -10.5112867355, -50.5748329163
       15.675,             0, -3.73000001907,             0, 14.6129627228, 2800.43481445,          4000, -26.956193924, -10.5113115311, -50.6611366272
         15.7,             0, -3.72000002861,             0, 14.6332883835, 2795.97558594,          4000, -26.9302196503, -10.5113363266,  -50.74659729
       15.725,             0, -3.71000003815,             0, 14.6536149979, 2791.49658203,          4000, -26.9041309357, -10.5113611221, -50.8312110901
        15.75,             0, -3.70000004768,             0, 14.6739425659, 2786.99804688,          4000, -26.8779258728, -10.5113859177, -50.9149703979
       15.775,             0, -3.69000005722,             0, 14.6942691803, 2782.47998047,          4000, -26.8516082764, -10.5114107132, -50.9978675842
         15.8,             0, -3.68000006676,             0,  14.714594841, 2777.94213867,          4000, -26.825176239, -10.5114355087, -51.0798950195
       15.825,             0, -3.67000007629,             0, 14.7349205017, 2773.38452148,          4000, -26.7986297607, -10.5114603043, -51.1610450745
        15.85,             0, -3.66000008583,             0, 14.7552452087, 2768.80737305,          4000, -26.7719688416, -10.5114850998, -51.2413139343
       15.875,             0, -3.65000009537,             0, 14.7755680084, 2764.21044922,          4000, -26.7451915741, -10.5115089417, -51.320690155
         15.9,             0, -3.6400001049,             0, 14.7958898544,    2759.59375,          4000, -26.7183017731, -10.5115337372, -51.3991661072
       15.925,             0, -3.63000011444,             0, 14.8162097931, 2754.95727539,          4000, -26.6912956238, -10.511557579, -51.4767379761
        15.95,             0, -3.61999988556,             0, 14.8365268707, 2750.30102539,          4000, -26.6641731262, -10.5115823746, -51.5533981323
       15.975,             0, -3.6099998951,             0,  14.856842041,      2745.625,          4000, -26.6369380951, -10.5116062164, -51.6291389465
           16,             0, -3.59999990463,             0, 14.8771543503, 2740.92919922,          4000, -26.6095867157, -10.5116300583, -51.7039527893
       16.025,             0, -3.58999991417,             0, 14.8974637985, 2736.21362305,          4000, -26.582118988, -10.5116539001, -51.7778320312
        16.05,             0, -3.57999992371,             0, 14.9177703857, 2731.47827148,          4000, -26.5545368195, -10.511677742, -51.850769043
       16.075,             0, -3.56999993324,             0, 14.9380722046, 2726.72290039,          4000,  -26.52684021, -10.5117015839, -51.9227600098
         16.1,             0, -3.55999994278,             0, 14.9583711624, 2721.94775391,          4000, -26.4990272522, -10.5117254257, -51.9937973022
       16.125,             0, -3.54999995232,             0, 14.9786653519, 2717.15283203,          4000, -26.4710979462, -10.5117492676, -52.0638694763
        16.15,             0, -3.53999996185,             0, 14.9989557266, 2712.33813477,          4000, -26.4430522919, -10.5117731094, -52.1329727173
       16.175,             0, -3.52999997139,             0, 15.0192403793, 2707.50341797,          4000, -26.4148921967, -10.5117969513, -52.2010993958
         16.2,             0, -3.51999998093,             0, 15.0395202637, 2702.64868164,          4000, -26.3866176605, -10.5118207932, -52.268245697
       16.225,             0, -3.50999999046,             0, 15.0597953796, 2697.77416992,          4000, -26.3582248688, -10.5118436813, -52.3343963623
        16.25,             0,          -3.5,             0, 15.0800638199, 2692.87963867,          4000, -26.3297176361, -10.5118675232, -52.3995513916
       16.275,             0, -3.49000000954,             0, 15.1003265381, 2687.96533203,          4000, -26.3010940552, -10.5118904114, -52.4637031555
         16.3,             0, -3.48000001907,             0, 15.1205835342,    2683.03125,          4000, -26.272354126, -10.5119142532, -52.5268440247
       16.325,             0, -3.47000002861,             0, 15.1408338547,  2678.0769043,          4000, -26.2434997559, -10.5119371414, -52.5889663696
        16.35,             0, -3.46000003815,             0, 15.1610765457,  2673.1027832,          4000, -26.2145271301, -10.5119600296, -52.650062561
       16.375,             0, -3.45000004768,             0,  15.181312561, 2668.10864258,          4000, -26.1854400635, -10.5119829178, -52.7101249695
         16.4,             0, -3.44000005722,             0,  15.201540947, 2663.09472656,          4000, -26.1562366486, -10.512005806, -52.7691497803
       16.425,             0, -3.43000006676,             0, 15.2217617035, 2658.06079102,          4000, -26.1269168854, -10.5120286942, -52.8271255493
        16.45,             0, -3.42000007629,             0,  15.241973877, 2653.00683594,          4000, -26.0974807739, -10.5120515823, -52.8840522766
       16.475,             0, -3.41000008583,             0, 15.2621774673, 2647.93310547,          4000, -26.0679283142, -10.5120744705, -52.9399185181
         16.5,             0, -3.40000009537,             0, 15.2823724747, 2642.83911133,          4000, -26.0382614136, -10.5120973587, -52.9947166443
       16.525,             0, -3.3900001049,             0, 15.3025588989,  2637.7253418,          4000, -26.0084762573, -10.5121202469, -53.0484390259
        16.55,             0, -3.38000011444,             0, 15.3227348328, 2632.59155273,          4000, -25.9785766602, -10.5121421814, -53.1010856628
       16.575,             0, -3.36999988556,             0, 15.3429021835, 2627.43798828,          4000, -25.9485588074, -10.5121650696, -53.1526412964
         16.6,             0, -3.3599998951,             0, 15.3630590439,  2622.2644043,          4000, -25.9184265137, -10.5121870041, -53.2031059265
       16.625,             0, -3.34999990463,             0, 15.3832054138, 2617.07055664,          4000, -25.8881778717, -10.5122098923, -53.2524719238
        16.65,             0, -3.33999991417,             0, 15.4033412933, 2611.85717773,          4000, -25.8578128815, -10.5122318268, -53.3007278442
       16.675,             0, -3.32999992371,             0, 15.4234657288, 2606.62353516,          4000, -25.827331543, -10.512254715, -53.347869873
         16.7,             0, -3.31999993324,             0, 15.4435787201, 2601.37011719,          4000, -25.7967357635, -10.5122766495, -53.3938903809
       16.725,             0, -3.30999994278,             0, 15.4636802673, 2596.09667969,          4000, -25.7660217285, -10.512298584, -53.4387893677
        16.75,             0, -3.29999995232,             0, 15.4837703705,  2590.8034668,          4000, -25.7351932526, -10.5123205185,  -53.48254776
       16.775,             0, -3.28999996185,             0, 15.5038471222, 2585.49023438,          4000, -25.7042484283, -10.512342453, -53.5251731873
         16.8,             0, -3.27999997139,             0, 15.5239124298, 2580.15698242,          4000, -25.6731872559, -10.5123643875, -53.5666465759
       16.825,             0, -3.26999998093,             0, 15.5439634323, 2574.80371094,          4000, -25.6420097351, -10.512386322, -53.606967926
        16.85,             0, -3.25999999046,             0,  15.564002037, 2569.43066406,          4000, -25.6107177734, -10.5124082565, -53.6461334229
       16.875,             0,         -3.25,             0, 15.5840263367,  2564.0378418,          4000, -25.5793094635, -10.5124292374, -53.6841316223
         16.9,             0, -3.24000000954,             0, 15.6040372849,      2558.625,          4000, -25.5477848053, -10.5124511719, -53.720954895
       16.925,             0, -3.23000001907,             0, 15.6240339279, 2553.19238281,          4000, -25.5161437988, -10.5124731064, -53.756603241
        16.95,             0, -3.22000002861,             0, 15.6440153122, 2547.73974609,          4000, -25.4843883514, -10.5124940872, -53.7910652161
       16.975,             0, -3.21000003815,             0, 15.6639814377, 2542.26733398,          4000, -25.4525165558, -10.5125150681, -53.8243370056
           17,             0, -3.20000004768,             0, 15.6839332581, 2536.77490234,          4000, -25.4205303192, -10.5125370026, -53.8564109802
       17.025,             0, -3.19000005722,             0,  15.703868866, 2531.26293945,          4000, -25.3884277344, -10.5125579834, -53.8872795105
        17.05,             0, -3.18000006676,             0, 15.7237882614, 2525.73095703,          4000, -25.3562107086, -10.5125789642, -53.9169425964
       17.075,             0, -3.17000007629,             0, 15.7436914444, 2520.17919922,          4000, -25.3238773346, -10.5125999451, -53.9453887939
         17.1,             0, -3.16000008583,             0, 15.7635784149, 2514.60766602,          4000, -25.2914295197, -10.5126218796, -53.9726142883
       17.125,             0, -3.15000009537,             0, 15.7834482193, 2509.01635742,          4000, -25.2588672638, -10.5126428604, -53.9986114502
        17.15,             0, -3.1400001049,             0, 15.8032999039, 2503.40527344,          4000, -25.2261886597, -10.5126628876, -54.0233726501
       17.175,             0, -3.13000011444,             0, 15.8231344223, 2497.77441406,          4000, -25.1933956146, -10.5126838684, -54.0468978882
         17.2,             0, -3.11999988556,             0, 15.8429508209,  2492.1237793,          4000, -25.1604881287, -10.5127048492, -54.0691795349
       17.225,             0, -3.1099998951,             0, 15.8627490997, 2486.45336914,          4000, -25.1274662018, -10.5127258301, -54.0902061462
        17.25,             0, -3.09999990463,             0, 15.8825283051, 2480.76342773,          4000, -25.094329834, -10.5127458572, -54.1099815369
       17.275,             0, -3.08999991417,             0, 15.9022874832, 2475.05395508,          4000, -25.0610771179, -10.5127668381, -54.128490448
         17.3,             0, -3.07999992371,             0, 15.9220285416, 2469.32446289,          4000, -25.0277118683, -10.5127878189, -54.1457328796
       17.325,             0, -3.06999993324,             0, 15.9417495728, 2463.57568359,          4000, -24.9942321777, -10.5128078461, -54.1617012024
        17.35,             0, -3.05999994278,             0, 15.9614496231, 2457.80712891,          4000, -24.9606380463, -10.5128278732, -54.1763877869
       17.375,             0, -3.04999995232,             0, 15.9811296463, 2452.01904297,          4000, -24.9269294739, -10.5128488541, -54.1897926331
         17.4,             0, -3.03999996185,             0, 16.0007896423, 2446.21118164,          4000, -24.8931083679, -10.5128688812, -54.2019081116
       17.425,             0, -3.02999997139,             0, 16.0204277039,  2440.3840332,          4000, -24.859172821, -10.5128889084, -54.212726593
        17.45,             0, -3.01999998093,             0, 16.0400428772, 2434.53735352,          4000, -24.8251247406, -10.5129089355, -54.2222442627
       17.475,             0, -3.00999999046,             0, 16.0596370697, 2428.67114258,          4000, -24.7909622192, -10.5129289627, -54.2304573059
         17.5,             0,            -3,             0, 16.0792102814, 2422.78540039,          4000, -24.7566871643, -10.5129489899, -54.2373580933
       17.525,             0, -2.99000000954,             0, 16.0987586975, 2416.88037109,          4000, -24.7222976685, -10.512969017, -54.2429428101
        17.55,             0, -2.98000001907,             0, 16.1182861328, 2410.95581055,          4000, -24.687795639, -10.5129890442, -54.2472038269
       17.575,             0, -2.97000002861,             0, 16.1377887726, 2405.01196289,          4000, -24.653181076, -10.5130081177, -54.2501411438
         17.6,             0, -2.96000003815,             0, 16.1572685242, 2399.04858398,          4000, -24.6184558868, -10.5130281448, -54.2517433167
       17.625,             0, -2.95000004768,             0, 16.1767234802, 2393.06591797,          4000, -24.5836162567, -10.513048172, -54.2520141602
        17.65,             0, -2.94000005722,             0, 16.1961555481, 2387.06420898,          4000, -24.548664093, -10.5130672455, -54.2509384155
       17.675,             0, -2.93000006676,             0, 16.2155609131, 2381.04296875,          4000, -24.5136013031, -10.513086319, -54.2485198975
         17.7,             0, -2.92000007629,             0, 16.2349414825, 2375.00268555,          4000, -24.4784259796, -10.5131063461, -54.2447471619
       17.725,             0, -2.91000008583,             0, 16.2542972565, 2368.94311523,          4000, -24.4431400299, -10.5131254196, -54.2396240234
        17.75,             0, -2.90000009537,             0, 16.2736263275, 2362.86450195,          4000, -24.4077415466, -10.5131444931, -54.2331352234
       17.775,             0, -2.8900001049,             0,  16.292930603, 2356.76660156,          4000, -24.3722305298, -10.5131635666, -54.2252845764
         17.8,             0, -2.88000011444,             0, 16.3122081757,  2350.6496582,          4000, -24.3366107941, -10.5131835938, -54.2160644531
       17.825,             0, -2.86999988556,             0, 16.3314571381, 2344.51367188,          4000, -24.3008785248, -10.5132026672, -54.2054710388
        17.85,             0, -2.8599998951,             0, 16.3506793976, 2338.35864258,          4000, -24.2650375366, -10.513220787, -54.1934967041
       17.875,             0, -2.84999990463,             0, 16.3698749542, 2332.18481445,          4000, -24.2290840149, -10.5132398605, -54.180141449
         17.9,             0, -2.83999991417,             0, 16.3890419006, 2325.99194336,          4000, -24.1930217743, -10.513258934, -54.1654014587
       17.925,             0, -2.82999992371,             0, 16.4081802368,  2319.7800293,          4000, -24.1568489075, -10.5132780075, -54.149269104
        17.95,             0, -2.81999993324,             0, 16.4272899628, 2313.54931641,          4000, -24.1205673218, -10.5132961273, -54.1317443848
       17.975,             0, -2.80999994278,             0, 16.4463691711, 2307.29980469,          4000, -24.0841751099, -10.5133152008, -54.1128196716
           18,             0, -2.79999995232,             0, 16.4654197693, 2301.03149414,          4000, -24.0476741791, -10.5133333206, -54.0924911499
       18.025,             0, -2.78999996185,             0, 16.4844417572, 2294.74438477,          4000, -24.0110626221, -10.5133523941, -54.0707550049
        18.05,             0, -2.77999997139,             0, 16.5034332275,  2288.4387207,          4000, -23.9743442535, -10.5133705139, -54.0476112366
       18.075,             0, -2.76999998093,             0, 16.5223922729, 2282.11425781,          4000, -23.9375171661, -10.5133895874, -54.0230522156
         18.1,             0, -2.75999999046,             0, 16.5413227081, 2275.77124023,          4000, -23.9005813599, -10.5134077072, -53.9970741272
       18.125,             0,         -2.75,             0,  16.560218811, 2269.40966797,          4000, -23.8635368347, -10.513425827, -53.9696769714
        18.15,             0, -2.74000000954,             0, 16.5790863037, 2263.02954102,          4000, -23.826385498, -10.5134439468, -53.9408531189
       18.175,             0, -2.73000001907,             0, 16.5979194641, 2256.63085938,          4000, -23.7891254425, -10.5134620667, -53.9106025696
         18.2,             0, -2.72000002861,             0, 16.6167221069, 2250.21362305,          4000, -23.7517604828, -10.5134801865, -53.8789215088
       18.225,             0, -2.71000003815,             0, 16.6354904175, 2243.77832031,          4000, -23.7142868042, -10.5134983063, -53.8458061218
        18.25,             0, -2.70000004768,             0, 16.6542263031, 2237.32446289,          4000, -23.6767063141, -10.5135164261, -53.8112487793
       18.275,             0, -2.69000005722,             0, 16.6729278564, 2230.85229492,          4000, -23.6390190125, -10.5135335922, -53.7752532959
         18.3,             0, -2.68000006676,             0, 16.6915969849, 2224.36206055,          4000, -23.6012268066, -10.513551712, -53.7378120422
       18.325,             0, -2.67000007629,             0, 16.7102298737, 2217.85351562,          4000, -23.5633277893, -10.5135698318, -53.6989250183
        18.35,             0, -2.66000008583,             0, 16.7288303375, 2211.32666016,          4000, -23.5253238678, -10.513586998, -53.6585884094
       18.375,             0, -2.65000009537,             0, 16.7473945618, 2204.78198242,          4000, -23.4872150421, -10.5136041641, -53.6167984009
         18.4,             0, -2.6400001049,             0, 16.7659225464, 2198.21899414,          4000, -23.4490013123, -10.5136222839, -53.5735549927
       18.425,             0, -2.63000011444,             0, 16.7844161987, 2191.63818359,          4000, -23.4106826782, -10.5136394501, -53.5288505554
        18.45,             0, -2.61999988556,             0, 16.8028736115, 2185.03930664,          4000,  -23.37225914, -10.5136566162, -53.4826889038
       18.475,             0, -2.6099998951,             0, 16.8212928772, 2178.42260742,          4000, -23.3337306976, -10.5136737823, -53.4350624084
         18.5,             0, -2.59999990463,             0, 16.8396759033, 2171.78808594,          4000, -23.2951011658, -10.5136919022, -53.3859710693
       18.525,             0, -2.58999991417,             0, 16.8580226898, 2165.13574219,          4000, -23.2563667297, -10.5137090683, -53.3354110718
        18.55,             0, -2.57999992371,             0, 16.8763313293, 2158.46582031,          4000, -23.2175292969, -10.5137262344, -53.2833824158
       18.575,             0, -2.56999993324,             0, 16.8946018219, 2151.77807617,          4000, -23.1785888672, -10.5137424469, -53.2298812866
         18.6,             0, -2.55999994278,             0, 16.9128360748, 2145.07275391,          4000, -23.1395454407, -10.513759613, -53.1749076843
       18.625,             0, -2.54999995232,             0, 16.9310283661, 2138.34985352,          4000, -23.1004009247, -10.5137767792, -53.1184577942
        18.65,             0, -2.53999996185,             0, 16.9491844177,   2131.609375,          4000, -23.0611534119, -10.5137939453, -53.0605278015
       18.675,             0, -2.52999997139,             0, 16.9672985077,  2124.8515625,          4000, -23.0218067169, -10.5138101578, -53.001121521
         18.7,             0, -2.51999998093,             0, 16.9853744507, 2118.07641602,          4000, -22.9823570251, -10.5138273239, -52.9402313232
       18.725,             0, -2.50999999046,             0, 17.0034103394, 2111.28393555,          4000, -22.9428062439, -10.5138435364, -52.8778572083
        18.75,             0,          -2.5,             0, 17.0214042664, 2104.47412109,          4000, -22.9031562805, -10.5138597488, -52.8140029907
       18.775,             0, -2.49000000954,             0,  17.039358139, 2097.64697266,          4000, -22.863407135, -10.513876915, -52.7486610413
         18.8,             0, -2.48000001907,             0, 17.0572719574, 2090.80297852,          4000,   -22.8235569, -10.5138931274, -52.6818313599
       18.825,             0, -2.47000002861,             0, 17.0751419067, 2083.94165039,          4000, -22.7836074829, -10.5139093399, -52.6135139465
        18.85,             0, -2.46000003815,             0, 17.0929718018, 2077.06347656,          4000, -22.7435588837, -10.5139255524, -52.5437088013
       18.875,             0, -2.45000004768,             0, 17.1107578278, 2070.16821289,          4000, -22.7034130096, -10.5139417648, -52.4724121094
         18.9,             0, -2.44000005722,             0, 17.1285018921, 2063.25610352,          4000, -22.6631679535, -10.5139579773, -52.3996200562
       18.925,             0, -2.43000006676,             0, 17.1462020874, 2056.32714844,          4000, -22.6228237152, -10.5139741898, -52.325340271
        18.95,             0, -2.42000007629,             0,  17.163860321,  2049.3815918,          4000, -22.5823841095, -10.5139904022, -52.2495651245
       18.975,             0, -2.41000008583,             0, 17.1814727783, 2042.41906738,          4000, -22.541847229, -10.5140066147, -52.1722984314
           19,             0, -2.40000009537,             0, 17.1990432739, 2035.44006348,          4000, -22.5012130737, -10.5140218735, -52.093536377
       19.025,             0, -2.3900001049,             0, 17.2165679932, 2028.44445801,          4000, -22.4604816437, -10.5140380859, -52.0132789612
        19.05,             0, -2.38000011444,             0, 17.2340488434, 2021.43237305,          4000, -22.4196567535, -10.5140533447, -51.9315261841
       19.075,             0, -2.36999988556,             0, 17.2514820099, 2014.40380859,          4000, -22.3787345886, -10.5140695572, -51.8482780457
         19.1,             0, -2.3599998951,             0, 17.2688713074, 2007.35888672,          4000, -22.3377170563, -10.514084816, -51.7635345459
       19.125,             0, -2.34999990463,             0, 17.2862148285, 2000.29772949,          4000, -22.2966060638, -10.5141010284, -51.6772918701
        19.15,             0, -2.33999991417,             0, 17.3035125732, 1993.22033691,          4000, -22.255399704, -10.5141162872, -51.5895576477
       19.175,             0, -2.32999992371,             0, 17.3207626343, 1986.12670898,          4000, -22.214099884, -10.514131546, -51.5003242493
         19.2,             0, -2.31999993324,             0, 17.3379650116, 1979.01708984,          4000, -22.172706604, -10.5141468048, -51.4095954895
       19.225,             0, -2.30999994278,             0, 17.3551197052, 1971.89147949,          4000, -22.1312198639, -10.5141620636, -51.3173713684
        19.25,             0, -2.29999995232,             0, 17.3722286224, 1964.74975586,          4000, -22.0896396637, -10.5141773224, -51.2236480713
       19.275,             0, -2.28999996185,             0, 17.3892879486, 1957.59228516,          4000, -22.0479679108, -10.5141925812, -51.1284332275
         19.3,             0, -2.27999997139,             0, 17.4062995911, 1950.41894531,          4000, -22.0062046051,  -10.51420784, -51.0317268372
       19.325,             0, -2.26999998093,             0, 17.4232616425, 1943.22998047,          4000, -21.9643497467, -10.5142230988, -50.9335212708
        19.35,             0, -2.25999999046,             0, 17.4401760101, 1936.02526855,          4000, -21.9224033356, -10.5142374039, -50.8338241577
       19.375,             0,         -2.25,             0, 17.4570388794, 1928.80493164,          4000, -21.8803672791, -10.5142526627, -50.732635498
         19.4,             0, -2.24000000954,             0, 17.4738521576, 1921.56921387,          4000, -21.8382396698, -10.5142669678, -50.6299552917
       19.425,             0, -2.23000001907,             0, 17.4906158447, 1914.31799316,          4000, -21.7960243225, -10.5142822266, -50.5257835388
        19.45,             0, -2.22000002861,             0, 17.5073299408,  1907.0513916,          4000, -21.7537174225, -10.5142965317, -50.4201202393
       19.475,             0, -2.21000003815,             0, 17.5239906311, 1899.76953125,          4000, -21.7113227844, -10.5143117905, -50.3129730225
         19.5,             0, -2.20000004768,             0, 17.5406017303, 1892.47241211,          4000, -21.6688404083, -10.5143260956, -50.204334259
       19.525,             0, -2.19000005722,             0, 17.5571613312, 1885.16015625,          4000, -21.6262683868, -10.5143404007, -50.0942115784
        19.55,             0, -2.18000006676,             0, 17.5736694336, 1877.83288574,          4000, -21.5836105347, -10.5143547058, -49.9826049805
       19.575,             0, -2.17000007629,             0, 17.5901241302, 1870.49060059,          4000, -21.5408649445, -10.5143690109,  -49.86951828
         19.6,             0, -2.16000008583,             0, 17.6065254211, 1863.13342285,          4000, -21.4980335236, -10.514383316, -49.7549476624
       19.625,             0, -2.15000009537,             0, 17.6228752136, 1855.76147461,          4000, -21.4551143646, -10.5143976212, -49.6388969421
        19.65,             0, -2.1400001049,             0, 17.6391716003, 1848.37475586,          4000, -21.412109375, -10.5144119263, -49.5213661194
       19.675,             0, -2.13000011444,             0,  17.655412674,  1840.9732666,          4000, -21.369020462, -10.5144262314, -49.4023628235
         19.7,             0, -2.11999988556,             0, 17.6716022491, 1833.55725098,          4000, -21.3258476257, -10.5144395828, -49.2818870544
       19.725,             0, -2.1099998951,             0, 17.6877346039, 1826.12683105,          4000, -21.2825889587, -10.5144538879, -49.1599349976
        19.75,             0, -2.09999990463,             0, 17.7038154602,  1818.6817627,          4000, -21.2392463684, -10.5144681931, -49.0365180969
       19.775,             0, -2.08999991417,             0, 17.7198390961, 1811.22253418,          4000, -21.1958198547, -10.5144815445, -48.9116325378
         19.8,             0, -2.07999992371,             0, 17.7358074188, 1803.74890137,          4000, -21.1523113251, -10.5144958496, -48.7852783203
       19.825,             0, -2.06999993324,             0, 17.7517204285, 1796.26123047,          4000, -21.1087188721, -10.514509201, -48.6574668884
        19.85,             0, -2.05999994278,             0,  17.767578125, 1788.75927734,          4000, -21.0650463104, -10.5145225525, -48.5281944275
       19.875,             0, -2.04999995232,             0, 17.7833786011,  1781.2434082,          4000, -21.0212917328, -10.5145359039, -48.3974609375
         19.9,             0, -2.03999996185,             0, 17.7991218567, 1773.71350098,          4000, -20.9774551392, -10.5145492554, -48.2652778625
       19.925,             0, -2.02999997139,             0, 17.8148097992,  1766.1697998,          4000, -20.9335403442, -10.5145635605, -48.1316413879
        19.95,             0, -2.01999998093,             0, 17.8304386139, 1758.61230469,          4000, -20.8895435333, -10.5145769119, -47.9965553284
       19.975,             0, -2.00999999046,             0, 17.8460102081,  1751.0411377,          4000, -20.8454666138, -10.5145893097, -47.8600234985
           20,             0,            -2,             0, 17.8615245819, 1743.45629883,          4000, -20.8013114929, -10.5146026611, -47.7220497131
       20.025,             0, -1.99000000954,             0, 17.8769798279, 1735.85791016,          4000, -20.7570781708, -10.5146160126, -47.5826339722
        20.05,             0, -1.98000001907,             0,  17.892375946, 1728.24609375,          4000,  -20.71276474, -10.514629364, -47.441783905
       20.075,             0, -1.97000002861,             0, 17.9077148438, 1720.62097168,          4000, -20.6683750153, -10.5146417618, -47.2995033264
         20.1,             0, -1.96000003815,             0, 17.9229927063, 1712.98254395,          4000, -20.6239089966, -10.5146551132, -47.1557884216
       20.125,             0, -1.95000004768,             0,  17.938211441, 1705.33081055,          4000, -20.5793647766, -10.5146684647, -47.0106506348
        20.15,             0, -1.94000005722,             0,  17.953371048, 1697.66601562,          4000,  -20.53474617, -10.5146808624, -46.8640899658
       20.175,             0, -1.92999994755,             0, 17.9684696198, 1689.98828125,          4000, -20.4900493622, -10.5146932602, -46.7161140442
         20.2,             0, -1.91999995708,             0, 17.9835071564, 1682.29748535,          4000, -20.4452800751, -10.5147066116, -46.5667190552
       20.225,             0, -1.90999996662,             0, 17.9984855652, 1674.59387207,          4000, -20.400434494, -10.5147190094, -46.4159126282
        20.25,             0, -1.89999997616,             0, 18.0134010315, 1666.87756348,          4000, -20.3555145264, -10.5147314072, -46.2637023926
       20.275,             0, -1.88999998569,             0, 18.0282554626, 1659.14855957,          4000, -20.3105201721, -10.5147438049, -46.1100883484
         20.3,             0, -1.87999999523,             0, 18.0430488586, 1651.40686035,          4000, -20.2654533386, -10.5147562027, -45.9550743103
       20.325,             0, -1.87000000477,             0, 18.0577793121, 1643.65270996,          4000, -20.2203159332, -10.5147686005, -45.7986679077
        20.35,             0, -1.86000001431,             0, 18.0724487305,  1635.8861084,          4000, -20.1751041412, -10.5147809982, -45.6408691406
       20.375,             0, -1.85000002384,             0,  18.087053299, 1628.10717773,          4000,  -20.12981987, -10.514793396, -45.4816856384
         20.4,             0, -1.84000003338,             0, 18.1015968323, 1620.31591797,          4000, -20.0844669342, -10.5148057938, -45.3211212158
       20.425,             0, -1.83000004292,             0, 18.1160755157, 1612.51257324,          4000, -20.0390415192, -10.5148172379, -45.1591796875
        20.45,             0, -1.82000005245,             0, 18.1304912567, 1604.69714355,          4000, -19.9935455322, -10.5148296356, -44.9958686829
       20.475,             0, -1.80999994278,             0, 18.1448440552, 1596.86975098,          4000, -19.9479808807, -10.5148410797, -44.8311882019
         20.5,             0, -1.79999995232,             0, 18.1591320038, 1589.03039551,          4000, -19.9023475647, -10.5148534775, -44.6651420593
       20.525,             0, -1.78999996185,             0, 18.1733551025, 1581.17919922,          4000, -19.8566436768, -10.5148649216, -44.4977416992
        20.55,             0, -1.77999997139,             0, 18.1875133514, 1573.31640625,          4000, -19.8108730316, -10.5148773193, -44.3289871216
       20.575,             0, -1.76999998093,             0, 18.2016067505, 1565.44177246,          4000, -19.7650356293, -10.5148887634, -44.1588859558
         20.6,             0, -1.75999999046,             0, 18.2156333923, 1557.55578613,          4000, -19.7191295624, -10.5149002075, -43.9874420166
       20.625,             0,         -1.75,             0, 18.2295951843, 1549.65820312,          4000, -19.6731567383, -10.5149116516, -43.8146629333
        20.65,             0, -1.74000000954,             0, 18.2434921265, 1541.74926758,          4000, -19.6271190643, -10.5149230957, -43.6405487061
       20.675,             0, -1.73000001907,             0, 18.2573223114, 1533.82910156,          4000, -19.5810146332, -10.5149345398, -43.4651107788
         20.7,             0, -1.72000002861,             0, 18.2710857391, 1525.89770508,          4000, -19.5348472595, -10.5149459839, -43.2883491516
       20.725,             0, -1.71000003815,             0, 18.2847824097,  1517.9552002,          4000, -19.4886131287, -10.514957428, -43.1102714539
        20.75,             0, -1.70000004768,             0,  18.298412323, 1510.00170898,          4000, -19.4423160553, -10.5149688721, -42.9308853149
       20.775,             0, -1.69000005722,             0, 18.3119754791, 1502.03723145,          4000, -19.3959541321, -10.5149793625, -42.7501945496
         20.8,             0, -1.67999994755,             0, 18.3254699707, 1494.06188965,          4000, -19.3495311737, -10.5149908066, -42.5682029724
       20.825,             0, -1.66999995708,             0, 18.3388977051, 1486.07592773,          4000, -19.3030452728, -10.515001297, -42.3849220276
        20.85,             0, -1.65999996662,             0, 18.3522548676, 1478.07922363,          4000, -19.2564964294, -10.5150127411, -42.2003517151
       20.875,             0, -1.64999997616,             0, 18.3655452728, 1470.07189941,          4000, -19.2098865509, -10.5150232315, -42.0144996643
         20.9,             0, -1.63999998569,             0, 18.3787670135, 1462.05407715,          4000, -19.1632156372, -10.5150346756, -41.8273735046
       20.925,             0, -1.62999999523,             0, 18.3919200897, 1454.02600098,          4000, -19.1164855957, -10.515045166, -41.6389808655
        20.95,             0, -1.62000000477,             0, 18.4050045013, 1445.98754883,          4000, -19.069694519, -10.5150556564, -41.4493217468
       20.975,             0, -1.61000001431,             0, 18.4180183411, 1437.93884277,          4000, -19.0228443146, -10.5150661469, -41.2584075928
           21,             0, -1.60000002384,             0, 18.4309616089, 1429.88000488,          4000, -18.9759368896, -10.5150766373, -41.0662460327
       21.025,             0, -1.59000003338,             0, 18.4438362122, 1421.81115723,          4000, -18.9289684296, -10.5150871277, -40.8728370667
        21.05,             0, -1.58000004292,             0, 18.4566402435,  1413.7322998,          4000, -18.8819446564, -10.5150976181, -40.6781921387
       21.075,             0, -1.57000005245,             0,  18.469373703, 1405.64367676,          4000, -18.8348617554, -10.5151081085, -40.4823150635
         21.1,             0, -1.55999994278,             0, 18.4820365906, 1397.54528809,          4000, -18.7877235413, -10.5151185989, -40.2852134705
       21.125,             0, -1.54999995232,             0, 18.4946289062, 1389.43713379,          4000, -18.7405281067, -10.5151290894, -40.086894989
        21.15,             0, -1.53999996185,             0, 18.5071487427, 1381.31945801,          4000, -18.693277359, -10.5151386261, -39.8873634338
       21.175,             0, -1.52999997139,             0, 18.5195980072, 1373.19226074,          4000, -18.6459712982, -10.5151491165, -39.686630249
         21.2,             0, -1.51999998093,             0, 18.5319766998, 1365.05566406,          4000, -18.5986099243, -10.5151586533, -39.4846992493
       21.225,             0, -1.50999999046,             0, 18.5442810059, 1356.90979004,          4000, -18.5511951447, -10.5151691437, -39.281578064
        21.25,             0,          -1.5,             0,   18.55651474, 1348.75463867,          4000, -18.5037269592, -10.5151786804, -39.0772705078
       21.275,             0, -1.49000000954,             0, 18.5686759949, 1340.59033203,          4000, -18.456205368, -10.5151891708, -38.8717918396
         21.3,             0, -1.48000001907,             0, 18.5807647705, 1332.41699219,          4000, -18.4086322784, -10.5151987076, -38.6651382446
       21.325,             0, -1.47000002861,             0, 18.5927791595, 1324.23474121,          4000, -18.3610057831, -10.5152082443, -38.4573249817
        21.35,             0, -1.46000003815,             0, 18.6047210693,  1316.0435791,          4000, -18.3133296967, -10.5152177811, -38.2483558655
       21.375,             0, -1.45000004768,             0, 18.6165904999, 1307.84362793,          4000, -18.2656002045, -10.5152273178, -38.0382385254
         21.4,             0, -1.44000005722,             0, 18.6283855438, 1299.63500977,          4000, -18.2178211212, -10.5152368546, -37.8269805908
       21.425,             0, -1.42999994755,             0, 18.6401062012, 1291.41772461,          4000, -18.1699924469, -10.5152463913, -37.6145896912
        21.45,             0, -1.41999995708,             0, 18.6517524719,  1283.1920166,          4000, -18.1221141815, -10.515255928, -37.4010696411
       21.475,             0, -1.40999996662,             0, 18.6633262634, 1274.95776367,          4000, -18.0741863251, -10.5152654648, -37.1864356995
         21.5,             0, -1.39999997616,             0, 18.6748256683, 1266.71520996,          4000, -18.0262107849, -10.5152740479, -36.9706878662
       21.525,             0, -1.38999998569,             0, 18.6862487793, 1258.46447754,          4000, -17.978187561, -10.5152835846, -36.7538375854
        21.55,             0, -1.37999999523,             0, 18.6975975037, 1250.20556641,          4000, -17.9301166534, -10.5152921677, -36.5358924866
       21.575,             0, -1.37000000477,             0, 18.7088718414, 1241.93859863,          4000, -17.8819999695, -10.5153017044, -36.3168563843
         21.6,             0, -1.36000001431,             0, 18.7200698853, 1233.66357422,          4000, -17.8338356018, -10.5153102875, -36.0967445374
       21.625,             0, -1.35000002384,             0, 18.7311935425,  1225.3807373,          4000, -17.7856254578, -10.5153198242, -35.8755569458
        21.65,             0, -1.34000003338,             0, 18.7422389984, 1217.09008789,          4000, -17.7373714447, -10.5153284073, -35.6533050537
       21.675,             0, -1.33000004292,             0, 18.7532119751, 1208.79162598,          4000, -17.6890697479, -10.5153369904, -35.4299926758
         21.7,             0, -1.32000005245,             0, 18.7641067505,  1200.4855957,          4000, -17.6407260895, -10.5153455734, -35.2056350708
       21.725,             0, -1.30999994278,             0, 18.7749252319, 1192.17211914,          4000, -17.592338562, -10.5153541565, -34.9802360535
        21.75,             0, -1.29999995232,             0, 18.7856674194, 1183.85107422,          4000, -17.5439071655, -10.5153627396, -34.7538032532
       21.775,             0, -1.28999996185,             0,  18.796333313, 1175.52270508,          4000, -17.4954338074, -10.5153713226, -34.5263442993
         21.8,             0, -1.27999997139,             0, 18.8069210052, 1167.18701172,          4000, -17.4469165802, -10.5153799057, -34.297870636
       21.825,             0, -1.26999998093,             0, 18.8174324036, 1158.84423828,          4000, -17.3983592987, -10.5153884888, -34.0683860779
        21.85,             0, -1.25999999046,             0, 18.8278675079,  1150.4942627,          4000, -17.3497600555, -10.5153961182, -33.8379020691
       21.875,             0,         -1.25,             0, 18.8382225037,  1142.1373291,          4000, -17.3011207581, -10.5154047012, -33.6064224243
         21.9,             0, -1.24000000954,             0, 18.8485031128,  1133.7734375,          4000, -17.2524394989, -10.5154132843, -33.3739624023
       21.925,             0, -1.23000001907,             0, 18.8587036133, 1125.40270996,          4000, -17.2037200928, -10.5154209137, -33.1405220032
        21.95,             0, -1.22000002861,             0, 18.8688259125, 1117.02526855,          4000, -17.1549625397, -10.5154294968, -32.9061164856
       21.975,             0, -1.21000003815,             0, 18.8788719177, 1108.64111328,          4000, -17.1061649323, -10.5154371262, -32.670753479
           22,             0, -1.20000004768,             0, 18.8888378143, 1100.25048828,          4000, -17.0573291779, -10.5154447556, -32.4344367981
       22.025,             0, -1.19000005722,             0, 18.8987255096, 1091.85327148,          4000, -17.0084552765, -10.5154533386, -32.197177887
        22.05,             0, -1.17999994755,             0, 18.9085350037, 1083.44958496,          4000, -16.9595451355, -10.515460968, -31.958984375
       22.075,             0, -1.16999995708,             0,  18.918264389, 1075.03967285,          4000, -16.9105968475, -10.5154685974, -31.719865799
         22.1,             0, -1.15999996662,             0, 18.9279155731, 1066.62353516,          4000, -16.8616142273, -10.5154762268, -31.4798297882
       22.125,             0, -1.14999997616,             0, 18.9374885559, 1058.20117188,          4000, -16.8125934601, -10.5154838562, -31.2388858795
        22.15,             0, -1.13999998569,             0, 18.9469814301, 1049.77282715,          4000, -16.7635402679, -10.5154914856, -30.9970417023
       22.175,             0, -1.12999999523,             0, 18.9563941956, 1041.33850098,          4000, -16.7144508362, -10.5154981613, -30.7543067932
         22.2,             0, -1.12000000477,             0, 18.9657268524, 1032.89819336,          4000, -16.6653270721, -10.5155057907, -30.5106868744
       22.225,             0, -1.11000001431,             0,  18.974981308, 1024.45214844,          4000, -16.6161708832, -10.5155134201, -30.2661952972
        22.25,             0, -1.10000002384,             0, 18.9841556549, 1016.00030518,          4000, -16.5669803619, -10.5155200958, -30.0208377838
       22.275,             0, -1.09000003338,             0, 18.9932479858, 1007.54290771,          4000, -16.5177574158, -10.5155277252, -29.7746238708
         22.3,             0, -1.08000004292,             0, 19.0022621155,  999.07989502,          4000, -16.4685020447, -10.5155344009, -29.5275611877
       22.325,             0, -1.07000005245,             0, 19.0111942291, 990.611450195,          4000, -16.419216156, -10.5155420303, -29.2796592712
        22.35,             0, -1.05999994278,             0, 19.0200462341, 982.137573242,          4000, -16.3698978424, -10.5155487061, -29.0309295654
       22.375,             0, -1.04999995232,             0, 19.0288181305, 973.658447266,          4000, -16.3205490112, -10.5155553818, -28.781375885
         22.4,             0, -1.03999996185,             0, 19.0375080109,  965.17401123,          4000, -16.2711696625, -10.5155630112, -28.5310115814
       22.425,             0, -1.02999997139,             0, 19.0461177826, 956.684509277,          4000, -16.2217597961, -10.5155696869, -28.2798423767
        22.45,             0, -1.01999998093,             0, 19.0546455383, 948.189941406,          4000, -16.1723213196, -10.5155763626, -28.0278778076
       22.475,             0, -1.00999999046,             0, 19.0630931854, 939.690368652,          4000, -16.1228542328, -10.5155830383, -27.7751293182
         22.5,             0,            -1,             0, 19.0714588165, 931.185913086,          4000, -16.0733585358, -10.5155897141, -27.5216026306
       22.525,             0, -0.990000009537,             0,  19.079744339, 922.676696777,          4000, -16.0238361359, -10.5155963898, -27.2673091888
        22.55,             0, -0.980000019073,             0, 19.0879459381, 914.162719727,          4000, -15.9742841721, -10.5156021118, -27.012254715
       22.575,             0, -0.97000002861,             0, 19.0960674286, 905.644042969,          4000, -15.924706459, -10.5156087875, -26.7564525604
         22.6,             0, -0.959999978542,             0, 19.1041069031, 897.120849609,          4000, -15.8751020432, -10.5156154633, -26.4999084473
       22.625,             0, -0.949999988079,             0, 19.1120624542, 888.593200684,          4000, -15.8254718781, -10.5156211853, -26.2426338196
        22.65,             0, -0.939999997616,             0, 19.1199378967, 880.061096191,          4000, -15.7758159637, -10.515627861, -25.9846343994
       22.675,             0, -0.930000007153,             0, 19.1277313232, 871.524658203,          4000, -15.7261352539, -10.5156335831, -25.7259235382
         22.7,             0, -0.920000016689,             0, 19.1354408264, 862.984008789,          4000, -15.6764297485, -10.5156402588, -25.4665050507
       22.725,             0, -0.910000026226,             0, 19.1430683136, 854.439208984,          4000, -15.6266994476, -10.5156459808, -25.2063941956
        22.75,             0, -0.899999976158,             0, 19.1506137848, 845.890319824,          4000, -15.5769462585, -10.5156517029, -24.9455947876
       22.775,             0, -0.889999985695,             0,   19.15807724, 837.337402344,          4000, -15.5271701813, -10.5156574249, -24.6841201782
         22.8,             0, -0.879999995232,             0, 19.1654567719, 828.780578613,          4000, -15.4773702621, -10.515663147, -24.4219760895
       22.825,             0, -0.870000004768,             0, 19.1727542877, 820.219909668,          4000, -15.4275484085, -10.515668869, -24.1591720581
        22.85,             0, -0.860000014305,             0, 19.1799678802, 811.655517578,          4000, -15.377705574, -10.5156745911, -23.8957195282
       22.875,             0, -0.850000023842,             0, 19.1870994568, 803.087341309,          4000, -15.3278408051, -10.5156803131, -23.6316261292
         22.9,             0, -0.839999973774,             0,   19.19414711,    794.515625,          4000, -15.2779550552, -10.5156860352, -23.3669013977
       22.925,             0, -0.829999983311,             0, 19.2011108398, 785.940368652,          4000, -15.2280483246, -10.5156917572, -23.1015548706
        22.95,             0, -0.819999992847,             0, 19.2079925537, 777.361633301,          4000, -15.1781225204, -10.5156965256, -22.8355941772
       22.975,             0, -0.810000002384,             0, 19.2147903442, 768.779541016,          4000, -15.1281766891, -10.5157022476, -22.5690307617
           23,             0, -0.800000011921,             0, 19.2215042114, 760.194152832,          4000, -15.0782117844, -10.5157079697, -22.3018722534
       23.025,             0, -0.790000021458,             0, 19.2281360626,  751.60559082,          4000, -15.0282278061, -10.515712738, -22.0341281891
        23.05,             0, -0.77999997139,             0, 19.2346820831, 743.013793945,          4000, -14.9782266617, -10.5157175064, -21.7658081055
       23.075,             0, -0.769999980927,             0, 19.2411460876, 734.419006348,          4000, -14.9282064438, -10.5157232285, -21.496919632
         23.1,             0, -0.759999990463,             0, 19.2475261688, 725.821166992,          4000, -14.8781700134, -10.5157279968,  -21.22747612
       23.125,             0,         -0.75,             0, 19.2538223267, 717.220458984,          4000, -14.8281164169, -10.5157327652, -20.9574813843
        23.15,             0, -0.740000009537,             0, 19.2600326538, 708.616882324,          4000, -14.7780456543, -10.5157375336, -20.6869487762
       23.175,             0, -0.730000019073,             0,  19.266160965, 700.010559082,          4000, -14.7279596329, -10.5157423019, -20.4158878326
         23.2,             0, -0.72000002861,             0, 19.2722053528, 691.401489258,          4000, -14.677857399, -10.5157470703, -20.1443042755
       23.225,             0, -0.709999978542,             0, 19.2781639099, 682.789855957,          4000,  -14.62774086, -10.5157518387, -19.872209549
        23.25,             0, -0.699999988079,             0,  19.284040451,  674.17565918,          4000, -14.5776090622, -10.5157566071, -19.5996112823
       23.275,             0, -0.689999997616,             0, 19.2898311615, 665.559020996,          4000, -14.5274629593, -10.5157613754, -19.3265228271
         23.3,             0, -0.680000007153,             0, 19.2955379486, 656.940002441,          4000, -14.4773035049, -10.5157661438, -19.052947998
       23.325,             0, -0.670000016689,             0, 19.3011608124, 648.318603516,          4000, -14.4271297455, -10.5157699585, -18.7789001465
        23.35,             0, -0.660000026226,             0, 19.3066978455, 639.695007324,          4000, -14.3769435883, -10.5157747269, -18.5043869019
       23.375,             0, -0.649999976158,             0, 19.3121509552, 631.069274902,          4000, -14.3267450333, -10.5157785416, -18.2294178009
         23.4,             0, -0.639999985695,             0, 19.3175201416, 622.441345215,          4000, -14.2765340805, -10.5157833099, -17.9540023804
       23.425,             0, -0.629999995232,             0, 19.3228054047, 613.811462402,          4000, -14.2263116837, -10.5157871246, -17.6781482697
        23.45,             0, -0.620000004768,             0,  19.328004837, 605.179626465,          4000, -14.176076889, -10.5157909393, -17.4018669128
       23.475,             0, -0.610000014305,             0, 19.3331184387, 596.545898438,          4000, -14.1258325577, -10.5157957077, -17.1251678467
         23.5,             0, -0.600000023842,             0, 19.3381500244, 587.910339355,          4000, -14.0755767822, -10.5157995224, -16.8480567932
       23.525,             0, -0.589999973774,             0, 19.3430957794, 579.273071289,          4000,  -14.02531147, -10.5158033371, -16.5705471039
        23.55,             0, -0.579999983311,             0, 19.3479557037, 570.634094238,          4000, -13.9750366211, -10.5158071518, -16.2926445007
       23.575,             0, -0.569999992847,             0, 19.3527317047, 561.993591309,          4000, -13.9247522354, -10.5158109665, -16.0143604279
         23.6,             0, -0.560000002384,             0, 19.3574237823, 553.351501465,          4000, -13.8744592667, -10.5158147812, -15.735704422
       23.625,             0, -0.550000011921,             0, 19.3620300293, 544.707946777,          4000, -13.8241577148, -10.5158185959, -15.4566841125
        23.65,             0, -0.540000021458,             0, 19.3665504456, 536.063049316,          4000, -13.7738485336, -10.5158214569, -15.1773099899
       23.675,             0, -0.52999997139,             0, 19.3709869385, 527.416870117,          4000, -13.723531723, -10.5158252716, -14.8975906372
         23.7,             0, -0.519999980927,             0, 19.3753395081,  518.76940918,          4000, -13.673207283, -10.5158290863, -14.6175346375
       23.725,             0, -0.509999990463,             0, 19.3796043396, 510.120758057,          4000, -13.6228761673, -10.5158319473, -14.3371524811
        23.75,             0,          -0.5,             0, 19.3837871552, 501.471008301,          4000, -13.5725393295, -10.515835762, -14.0564527512
       23.775,             0, -0.490000009537,             0,   19.38788414, 492.820251465,          4000, -13.522195816, -10.515838623, -13.7754440308
         23.8,             0, -0.479999989271,             0, 19.3918952942, 484.168487549,          4000, -13.4718465805, -10.5158414841, -13.4941368103
       23.825,             0, -0.469999998808,             0, 19.3958206177, 475.515869141,          4000, -13.4214925766, -10.5158452988, -13.2125396729
        23.85,             0, -0.460000008345,             0, 19.3996620178,  466.86239624,          4000, -13.3711338043, -10.5158481598, -12.9306612015
       23.875,             0, -0.449999988079,             0, 19.4034194946,   458.2081604,          4000, -13.3207702637, -10.5158510208, -12.6485109329
         23.9,             0, -0.439999997616,             0, 19.4070911407, 449.553253174,          4000, -13.270403862, -10.5158538818, -12.3660974503
       23.925,             0, -0.430000007153,             0, 19.4106769562, 440.897674561,          4000, -13.220032692, -10.5158567429, -12.0834312439
        23.95,             0, -0.419999986887,             0, 19.4141769409, 432.241577148,          4000, -13.1696586609, -10.5158596039, -11.8005199432
       23.975,             0, -0.409999996424,             0, 19.4175930023, 423.584991455,          4000, -13.1192817688, -10.5158624649, -11.5173740387
           24,             0, -0.40000000596,             0, 19.4209251404, 414.927947998,          4000, -13.0689029694, -10.5158643723, -11.2340011597
       24.025,             0, -0.389999985695,             0, 19.4241714478, 406.270568848,          4000, -13.0185213089, -10.5158672333, -10.9504117966
        24.05,             0, -0.379999995232,             0, 19.4273319244, 397.612915039,          4000, -12.9681386948, -10.5158700943, -10.6666145325
       24.075,             0, -0.370000004768,             0, 19.4304084778, 388.954986572,          4000, -12.9177541733, -10.5158720016, -10.3826169968
         24.1,             0, -0.360000014305,             0, 19.4333992004, 380.296936035,          4000, -12.8673686981, -10.5158748627, -10.0984306335
       24.125,             0, -0.34999999404,             0, 19.4363040924, 371.638793945,          4000, -12.816983223,  -10.51587677, -9.8140630722
        24.15,             0, -0.340000003576,             0,  19.439125061, 362.980621338,          4000, -12.7665977478, -10.515879631, -9.52952289581
       24.175,             0, -0.330000013113,             0, 19.4418621063, 354.322479248,          4000, -12.7162122726, -10.5158815384, -9.24482059479
         24.2,             0, -0.319999992847,             0, 19.4445114136, 345.664428711,          4000, -12.6658277512, -10.5158834457, -8.95996379852
       24.225,             0, -0.310000002384,             0, 19.4470787048, 337.006530762,          4000, -12.6154432297, -10.5158853531, -8.67496204376
        24.25,             0, -0.300000011921,             0, 19.4495582581, 328.348907471,          4000, -12.5650615692, -10.5158882141, -8.38982391357
       24.275,             0, -0.289999991655,             0, 19.4519557953, 319.691558838,          4000, -12.5146808624, -10.5158901215, -8.1045589447
         24.3,             0, -0.280000001192,             0, 19.4542655945, 311.034576416,          4000, -12.464302063, -10.5158920288, -7.81917619705
       24.325,             0, -0.270000010729,             0, 19.4564933777, 302.377990723,          4000, -12.4139261246, -10.5158929825, -7.53368377686
        24.35,             0, -0.259999990463,             0, 19.4586353302, 293.721923828,          4000, -12.3635530472, -10.5158948898, -7.24809122086
       24.375,             0,         -0.25,             0,  19.460691452,  285.06640625,          4000, -12.3131828308, -10.5158967972, -6.96240711212
         24.4,             0, -0.239999994636,             0, 19.4626636505, 276.411468506,          4000, -12.2628164291, -10.5158987045, -6.67664051056
       24.425,             0, -0.230000004172,             0, 19.4645500183, 267.757232666,          4000, -12.2124538422, -10.5158996582, -6.39079999924
        24.45,             0, -0.219999998808,             0, 19.4663524628, 259.103759766,          4000, -12.1620960236, -10.5159015656, -6.10489463806
       24.475,             0, -0.209999993443,             0, 19.4680709839, 250.451049805,          4000, -12.1117429733, -10.5159025192, -5.8189330101
         24.5,             0, -0.20000000298,             0, 19.4697055817, 241.799224854,          4000, -12.0613946915, -10.5159044266, -5.53292417526
       24.525,             0, -0.189999997616,             0, 19.4712543488, 233.148330688,          4000, -12.011051178, -10.5159053802, -5.24687719345
        24.55,             0, -0.180000007153,             0, 19.4727172852, 224.498413086,          4000, -11.9607143402, -10.5159063339, -4.9608001709
       24.575,             0, -0.170000001788,             0, 19.4740982056, 215.849563599,          4000, -11.9103832245, -10.5159082413, -4.67470264435
         24.6,             0, -0.159999996424,             0, 19.4753932953, 207.201812744,          4000, -11.8600587845, -10.5159091949, -4.38859224319
       24.625,             0, -0.15000000596,             0, 19.4766044617, 198.555252075,          4000, -11.8097410202, -10.5159101486, -4.10247898102
        24.65,             0, -0.140000000596,             0, 19.4777317047, 189.909912109,          4000, -11.7594308853, -10.5159111023, -3.81637072563
       24.675,             0, -0.129999995232,             0, 19.4787750244, 181.265884399,          4000, -11.7091283798, -10.515912056, -3.53027629852
         24.7,             0, -0.119999997318,             0, 19.4797325134, 172.623199463,          4000, -11.6588335037, -10.515912056, -3.24420452118
       24.725,             0, -0.109999999404,             0, 19.4806079865, 163.981948853,          4000, -11.6085472107, -10.5159130096, -2.95816397667
        24.75,             0, -0.10000000149,             0, 19.4813976288, 155.342163086,          4000, -11.5582695007, -10.5159139633, -2.67216348648
       24.775,             0, -0.0900000035763,             0, 19.4821033478, 146.703933716,          4000, -11.5080003738, -10.515914917, -2.38621139526
         24.8,             0, -0.0799999982119,             0, 19.4827251434,  138.06729126,          4000, -11.4577407837, -10.515914917, -2.10031628609
       24.825,             0, -0.070000000298,             0, 19.4832649231, 129.432327271,          4000, -11.4074907303, -10.5159158707, -1.81448698044
        24.85,             0, -0.0599999986589,             0, 19.4837188721, 120.799064636,          4000, -11.3572502136, -10.5159158707, -1.52873194218
       24.875,             0, -0.0500000007451,             0, 19.4840908051,  112.16759491,          4000, -11.3070211411, -10.5159168243, -1.24305975437
         24.9,             0, -0.0399999991059,             0, 19.4843769073, 103.537963867,          4000, -11.2568025589, -10.5159168243, -0.957478821278
       24.925,             0, -0.0299999993294,             0, 19.4845809937, 94.9102249146,          4000, -11.2065944672, -10.5159168243, -0.671997725964
        24.95,             0, -0.019999999553,             0, 19.4847011566, 86.2844543457,          4000, -11.1563978195, -10.5159168243, -0.386624991894
       24.975,             0, -0.00999999977648,             0, 19.4847373962,  77.660697937,          4000, -11.1062135696, -10.5159168243, -0.101369053125
           25,             0, -8.57973292564e-14,             0, 19.4846916199,  69.039024353,          4000, -11.0560407639, -10.5159168243, 0.183761641383
       25.025,             0, 0.00999999977648,             0, 19.4845619202, 60.4166946411,          4000, -11.005865097, -10.5159168243, 0.468850791454
        25.05,             0, 0.019999999553,             0, 19.4843482971, 51.7909889221,          4000, -10.9556694031, -10.5159168243, 0.753982007504
       25.075,             0, 0.0299999993294,             0, 19.4840507507, 43.1619606018,          4000, -10.9054536819, -10.5159168243, 1.03914678097
         25.1,             0, 0.0399999991059,             0, 19.4836711884,   34.52967453,          4000, -10.855219841, -10.5159168243, 1.32433652878
       25.125,             0, 0.0500000007451,             0, 19.4832057953, 25.8941783905,          4000, -10.8049669266, -10.5159168243, 1.60954272747
        25.15,             0, 0.0599999986589,             0, 19.4826583862, 17.2555389404,          4000, -10.7546958923, -10.5159158707, 1.89475691319
       25.175,             0, 0.070000000298,             0, 19.4820270538,  8.6138086319,          4000, -10.7044067383, -10.5159158707, 2.17997050285
         25.2,             0, 0.0799999982119,             0, 19.4813117981, -0.0309514980763,          4000, -10.6540994644, -10.515914917, 2.46517467499
       25.225,             0, 0.0900000035763,             0,  19.480512619, -8.67868423462,          4000, -10.6037759781, -10.515914917, 2.75036096573
        25.25,             0, 0.10000000149,             0, 19.4796295166, -17.3293304443,          4000, -10.5534343719, -10.5159139633, 3.03552079201
       25.275,             0, 0.109999999404,             0, 19.4786624908, -25.982831955,          4000, -10.5030765533, -10.5159130096, 3.32064580917
         25.3,             0, 0.119999997318,             0, 19.4776115417, -34.6391296387,          4000, -10.4527025223, -10.515912056,  3.6057267189
       25.325,             0, 0.129999995232,             0, 19.4764766693, -43.2981529236,          4000, -10.4023132324, -10.515912056, 3.89075517654
        25.35,             0, 0.140000000596,             0, 19.4752559662, -51.9598388672,          4000, -10.3519077301, -10.5159111023, 4.17572164536
       25.375,             0, 0.15000000596,             0, 19.4739532471, -60.6241188049,          4000, -10.3014879227, -10.5159101486,  4.4606180191
         25.4,             0, 0.159999996424,             0, 19.4725646973, -69.2909164429,          4000, -10.2510528564, -10.5159091949, 4.74543428421
       25.425,             0, 0.170000001788,             0, 19.4710922241, -77.9601745605,          4000, -10.2006034851, -10.5159082413,  5.0301618576
        25.45,             0, 0.180000007153,             0, 19.4695358276, -86.6318206787,          4000, -10.1501398087, -10.5159063339, 5.31479215622
       25.475,             0, 0.189999997616,             0, 19.4678936005, -95.3057785034,          4000, -10.0996627808, -10.5159053802, 5.59931564331
         25.5,             0, 0.20000000298,             0,   19.46616745,   -103.981987,          4000, -10.0491733551, -10.5159044266, 5.88372325897
       25.525,             0, 0.209999993443,             0, 19.4643573761, -112.660369873,          4000,  -9.998670578, -10.5159025192, 6.16800642014
        25.55,             0, 0.219999998808,             0, 19.4624633789, -121.340866089,          4000, -9.94815635681, -10.5159015656, 6.45215559006
       25.575,             0, 0.230000004172,             0,  19.460483551, -130.023406982,          4000, -9.89762878418, -10.5158996582, 6.73616218567
         25.6,             0, 0.239999994636,             0, 19.4584197998, -138.70791626,          4000, -9.84709072113, -10.5158987045, 7.02001619339
       25.625,             0,          0.25,             0, 19.4562702179, -147.394317627,          4000, -9.79654216766, -10.5158967972, 7.30370950699
        25.65,             0, 0.259999990463,             0, 19.4540367126, -156.082550049,          4000, -9.7459821701, -10.5158948898, 7.58723258972
       25.675,             0, 0.270000010729,             0, 19.4517192841, -164.77255249,          4000, -9.69541168213, -10.5158929825, 7.87057685852
         25.7,             0, 0.280000001192,             0, 19.4493160248, -173.464248657,          4000, -9.64483165741, -10.5158920288,  8.1537322998
       25.725,             0, 0.289999991655,             0, 19.4468288422, -182.157546997,          4000, -9.59424209595, -10.5158901215, 8.43669033051
        25.75,             0, 0.300000011921,             0, 19.4442558289, -190.852401733,          4000, -9.54364395142, -10.5158882141, 8.71944141388
       25.775,             0, 0.310000002384,             0, 19.4415988922, -199.548736572,          4000, -9.49303627014, -10.5158853531, 9.00197696686
         25.8,             0, 0.319999992847,             0, 19.4388561249, -208.246490479,          4000, -9.44242095947, -10.5158834457, 9.28428840637
       25.825,             0, 0.330000013113,             0, 19.4360294342, -216.945571899,          4000, -9.39179801941, -10.5158815384, 9.56636428833
        25.85,             0, 0.340000003576,             0, 19.4331169128,  -225.6459198,          4000, -9.34116744995, -10.515879631, 9.84819793701
       25.875,             0, 0.34999999404,             0, 19.4301204681, -234.347457886,          4000, -9.29053020477,  -10.51587677,  10.129778862
         25.9,             0, 0.360000014305,             0, 19.4270381927, -243.050109863,          4000, -9.2398853302, -10.5158748627, 10.4110984802
       25.925,             0, 0.370000004768,             0,  19.423871994, -251.753829956,          4000, -9.18923568726, -10.5158720016, 10.6921472549
        25.95,             0, 0.379999995232,             0, 19.4206199646, -260.458526611,          4000, -9.13857936859, -10.5158700943, 10.9729156494
       25.975,             0, 0.389999985695,             0, 19.4172821045, -269.164123535,          4000, -9.08791828156, -10.5158672333, 11.2533950806
           26,             0, 0.40000000596,             0,  19.413860321, -277.870574951,          4000, -9.03725242615, -10.5158643723, 11.5335760117
       26.025,             0, 0.409999996424,             0, 19.4103546143, -286.577758789,          4000, -8.98658180237, -10.5158624649, 11.8134498596
        26.05,             0, 0.419999986887,             0, 19.4067630768, -295.285644531,          4000, -8.93590641022, -10.5158596039, 12.0930070877
       26.075,             0, 0.430000007153,             0,  19.403087616, -303.994171143,          4000, -8.88522815704, -10.5158567429, 12.3722372055
         26.1,             0, 0.439999997616,             0, 19.3993244171, -312.703216553,          4000, -8.83454704285, -10.5158538818, 12.6511325836
       26.125,             0, 0.449999988079,             0, 19.3954792023, -321.412719727,          4000, -8.78386306763, -10.5158510208, 12.9296836853
        26.15,             0, 0.460000008345,             0, 19.3915481567, -330.122650146,          4000, -8.73317623138, -10.5158481598, 13.2078809738
       26.175,             0, 0.469999998808,             0, 19.3875312805, -338.83291626,          4000, -8.68248748779, -10.5158452988, 13.4857158661
         26.2,             0, 0.479999989271,             0,  19.383430481, -347.543395996,          4000, -8.63179779053, -10.5158414841, 13.7631778717
       26.225,             0, 0.490000009537,             0, 19.3792438507, -356.254089355,          4000, -8.58110618591, -10.515838623, 14.0402584076
        26.25,             0,           0.5,             0, 19.3749732971, -364.964874268,          4000, -8.5304145813, -10.515835762, 14.3169488907
       26.275,             0, 0.509999990463,             0, 19.3706169128, -373.675689697,          4000, -8.47972202301, -10.5158319473, 14.5932388306
         26.3,             0, 0.519999980927,             0, 19.3661766052, -382.386474609,          4000, -8.4290304184, -10.5158290863, 14.8691205978
       26.325,             0, 0.52999997139,             0, 19.3616523743, -391.097106934,          4000, -8.37833976746, -10.5158252716, 15.1445827484
        26.35,             0, 0.540000021458,             0, 19.3570423126, -399.80758667,          4000, -8.32764911652, -10.5158214569, 15.4196176529
       26.375,             0, 0.550000011921,             0, 19.3523464203, -408.51776123,          4000, -8.27696037292, -10.5158185959, 15.6942157745
         26.4,             0, 0.560000002384,             0, 19.3475666046, -417.227630615,          4000, -8.22627449036, -10.5158147812, 15.9683675766
       26.425,             0, 0.569999992847,             0, 19.3427028656, -425.937072754,          4000, -8.17558956146, -10.5158109665, 16.2420635223
        26.45,             0, 0.579999983311,             0, 19.3377532959, -434.646026611,          4000, -8.12490844727, -10.5158071518,  16.515296936
       26.475,             0, 0.589999973774,             0, 19.3327198029, -443.354400635,          4000, -8.07423019409, -10.5158033371, 16.7880535126
         26.5,             0, 0.600000023842,             0, 19.3276023865, -452.062133789,          4000, -8.02355575562, -10.5157995224, 17.0603275299
       26.525,             0, 0.610000014305,             0, 19.3223991394, -460.769165039,          4000, -7.97288513184, -10.5157957077, 17.3321094513
        26.55,             0, 0.620000004768,             0,  19.317111969, -469.475372314,          4000, -7.92221927643, -10.5157909393,   17.60338974
       26.575,             0, 0.629999995232,             0, 19.3117389679, -478.180725098,          4000, -7.87155866623, -10.5157871246, 17.8741607666
         26.6,             0, 0.639999985695,             0, 19.3062839508, -486.885131836,          4000, -7.82090330124, -10.5157833099, 18.1444091797
       26.625,             0, 0.649999976158,             0,  19.300743103, -495.588531494,          4000, -7.77025365829, -10.5157785416, 18.4141292572
        26.65,             0, 0.660000026226,             0, 19.2951183319, -504.290802002,          4000, -7.71961069107, -10.5157747269, 18.6833095551
       26.675,             0, 0.670000016689,             0, 19.2894096375, -512.991943359,          4000, -7.66897439957, -10.5157699585, 18.9519424438
         26.7,             0, 0.680000007153,             0, 19.2836151123, -521.691772461,          4000, -7.61834526062, -10.5157661438, 19.2200183868
       26.725,             0, 0.689999997616,             0, 19.2777385712, -530.390319824,          4000, -7.56772375107, -10.5157613754, 19.4875278473
        26.75,             0, 0.699999988079,             0, 19.2717761993, -539.087402344,          4000, -7.51711082458, -10.5157566071, 19.7544612885
       26.775,             0, 0.709999978542,             0, 19.2657299042, -547.783081055,          4000, -7.46650600433, -10.5157518387, 20.0208091736
         26.8,             0, 0.72000002861,             0,  19.259601593, -556.477111816,          4000, -7.41591024399, -10.5157470703, 20.2865638733
       26.825,             0, 0.730000019073,             0, 19.2533874512, -565.169555664,          4000, -7.36532402039, -10.5157423019, 20.5517158508
        26.85,             0, 0.740000009537,             0,  19.247089386, -573.860290527,          4000, -7.31474781036, -10.5157375336, 20.8162536621
       26.875,             0,          0.75,             0, 19.2407093048, -582.549194336,          4000, -7.26418209076, -10.5157327652, 21.0801715851
         26.9,             0, 0.759999990463,             0, 19.2342433929, -591.23626709,          4000, -7.21362733841, -10.5157279968, 21.3434562683
       26.925,             0, 0.769999980927,             0, 19.2276954651, -599.921325684,          4000, -7.16308355331, -10.5157232285, 21.6061038971
        26.95,             0, 0.77999997139,             0, 19.2210636139, -608.604370117,          4000, -7.11255168915, -10.5157175064, 21.8680992126
       26.975,             0, 0.790000021458,             0, 19.2143478394, -617.285339355,          4000, -7.06203174591, -10.515712738, 22.1294384003
           27,             0, 0.800000011921,             0, 19.2075500488, -625.964050293,          4000, -7.01152467728, -10.5157079697, 22.3901081085
       27.025,             0, 0.810000002384,             0, 19.2006664276, -634.640563965,          4000, -6.96103096008, -10.5157022476, 22.6501026154
        27.05,             0, 0.819999992847,             0, 19.1937026978, -643.314697266,          4000, -6.91055059433, -10.5156965256, 22.9094104767
       27.075,             0, 0.829999983311,             0, 19.1866531372, -651.98638916,          4000, -6.86008453369, -10.5156917572, 23.1680221558
         27.1,             0, 0.839999973774,             0, 19.1795215607, -660.655578613,          4000, -6.80963277817, -10.5156860352, 23.4259319305
       27.125,             0, 0.850000023842,             0, 19.1723079681, -669.32220459,          4000, -6.75919628143, -10.5156803131, 23.6831264496
        27.15,             0, 0.860000014305,             0, 19.1650104523, -677.98614502,          4000, -6.70877504349, -10.5156745911, 23.9395999908
       27.175,             0, 0.870000004768,             0, 19.1576309204, -686.647338867,          4000, -6.65836954117, -10.515668869, 24.1953411102
         27.2,             0, 0.879999995232,             0, 19.1501674652, -695.305725098,          4000, -6.60798072815, -10.515663147, 24.4503421783
       27.225,             0, 0.889999985695,             0,  19.142621994, -703.961181641,          4000, -6.55760860443, -10.5156574249, 24.7045936584
        27.25,             0, 0.899999976158,             0, 19.1349945068, -712.613647461,          4000, -6.50725412369, -10.5156517029, 24.9580860138
       27.275,             0, 0.910000026226,             0, 19.1272850037, -721.263000488,          4000, -6.45691680908, -10.5156459808,  25.210811615
         27.3,             0, 0.920000016689,             0, 19.1194915771, -729.909240723,          4000, -6.40659856796, -10.5156402588, 25.4627590179
       27.325,             0, 0.930000007153,             0,  19.111618042, -738.552246094,          4000, -6.35629844666, -10.5156335831, 25.7139225006
        27.35,             0, 0.939999997616,             0, 19.1036624908, -747.191955566,          4000, -6.30601787567, -10.515627861, 25.9642906189
       27.375,             0, 0.949999988079,             0, 19.0956230164, -755.82824707,          4000, -6.25575685501, -10.5156211853, 26.2138557434
         27.4,             0, 0.959999978542,             0, 19.0875034332, -764.46105957,          4000, -6.20551586151, -10.5156154633, 26.4626083374
       27.425,             0, 0.97000002861,             0, 19.0793018341, -773.090332031,          4000, -6.15529584885, -10.5156087875, 26.7105388641
        27.45,             0, 0.980000019073,             0,  19.071018219, -781.715881348,          4000, -6.10509681702, -10.5156021118, 26.9576396942
       27.475,             0, 0.990000009537,             0, 19.0626544952, -790.337768555,          4000, -6.05491924286, -10.5155963898, 27.2039012909
         27.5,             0,             1,             0, 19.0542087555, -798.955871582,          4000, -6.00476360321, -10.5155897141, 27.4493141174
       27.525,             0, 1.00999999046,             0, 19.0456809998, -807.570068359,          4000, -5.95463085175, -10.5155830383, 27.6938705444
        27.55,             0, 1.01999998093,             0, 19.0370731354, -816.180236816,          4000, -5.90452098846, -10.5155763626, 27.9375610352
       27.575,             0, 1.02999997139,             0, 19.0283851624, -824.786437988,          4000, -5.85443496704, -10.5155696869, 28.1803779602
         27.6,             0, 1.03999996185,             0, 19.0196151733, -833.388427734,          4000, -5.80437278748, -10.5155630112, 28.4223117828
       27.625,             0, 1.04999995232,             0, 19.0107650757, -841.986206055,          4000, -5.75433492661, -10.5155553818,  28.663351059
        27.65,             0, 1.05999994278,             0,  19.001832962, -850.579711914,          4000, -5.70432186127, -10.5155487061, 28.9034919739
       27.675,             0, 1.07000005245,             0, 18.9928226471, -859.168823242,          4000, -5.65433454514, -10.5155420303, 29.1427230835
         27.7,             0, 1.08000004292,             0, 18.9837322235, -867.753417969,          4000, -5.60437297821, -10.5155344009, 29.3810348511
       27.725,             0, 1.09000003338,             0, 18.9745597839, -876.333496094,          4000, -5.55443811417, -10.5155277252, 29.6184215546
        27.75,             0, 1.10000002384,             0, 18.9653091431, -884.908874512,          4000,  -5.504529953, -10.5155200958, 29.8548717499
       27.775,             0, 1.11000001431,             0, 18.9559783936, -893.479614258,          4000, -5.45464944839, -10.5155134201, 30.0903778076
         27.8,             0, 1.12000000477,             0, 18.9465675354, -902.045471191,          4000, -5.40479660034, -10.5155057907, 30.3249320984
       27.825,             0, 1.12999999523,             0,  18.937078476, -910.606506348,          4000, -5.35497236252, -10.5154981613, 30.5585250854
        27.85,             0, 1.13999998569,             0, 18.9275093079, -919.162475586,          4000, -5.30517673492, -10.5154914856, 30.7911491394
       27.875,             0, 1.14999997616,             0, 18.9178600311, -927.713439941,          4000, -5.25541067123, -10.5154838562, 31.0227947235
         27.9,             0, 1.15999996662,             0, 18.9081325531, -936.259277344,          4000, -5.20567464828, -10.5154762268,  31.253452301
       27.925,             0, 1.16999995708,             0, 18.8983268738, -944.799804688,          4000, -5.15596866608, -10.5154685974, 31.4831161499
        27.95,             0, 1.17999994755,             0, 18.8884429932, -953.335083008,          4000, -5.10629367828, -10.515460968, 31.7117786407
       27.975,             0, 1.19000005722,             0, 18.8784790039, -961.864929199,          4000, -5.05664968491, -10.5154533386, 31.9394264221
           28,             0, 1.20000004768,             0, 18.8684368134, -970.389282227,          4000, -5.00703811646, -10.5154447556, 32.1660575867
       28.025,             0, 1.21000003815,             0, 18.8583183289, -978.908081055,          4000, -4.95745849609, -10.5154371262,  32.391658783
        28.05,             0, 1.22000002861,             0, 18.8481216431, -987.421203613,          4000, -4.9079117775, -10.5154294968, 32.6162223816
       28.075,             0, 1.23000001907,             0, 18.8378448486, -995.928588867,          4000, -4.8583984375, -10.5154209137, 32.8397407532
         28.1,             0, 1.24000000954,             0, 18.8274936676, -1004.43017578,          4000, -4.80891895294, -10.5154132843,  33.062210083
       28.125,             0,          1.25,             0, 18.8170623779, -1012.92578125,          4000, -4.75947380066, -10.5154047012, 33.2836151123
        28.15,             0, 1.25999999046,             0, 18.8065547943, -1021.41540527,          4000, -4.71006345749, -10.5153961182, 33.5039520264
       28.175,             0, 1.26999998093,             0, 18.7959709167, -1029.89892578,          4000, -4.66068840027, -10.5153884888, 33.7232131958
         28.2,             0, 1.27999997139,             0, 18.7853107452, -1038.37634277,          4000, -4.61134910583, -10.5153799057, 33.9413871765
       28.225,             0, 1.28999996185,             0, 18.7745723724, -1046.84741211,          4000, -4.56204605103, -10.5153713226, 34.1584701538
        28.25,             0, 1.29999995232,             0, 18.7637577057, -1055.31225586,          4000, -4.51278018951, -10.5153627396, 34.3744506836
       28.275,             0, 1.30999994278,             0, 18.7528686523, -1063.77050781,          4000, -4.4635515213, -10.5153541565, 34.5893249512
         28.3,             0, 1.32000005245,             0, 18.7419013977, -1072.22229004,          4000, -4.41436052322, -10.5153455734, 34.8030815125
       28.325,             0, 1.33000004292,             0, 18.7308597565, -1080.66760254,          4000, -4.36520814896, -10.5153369904,  35.015712738
        28.35,             0, 1.34000003338,             0, 18.7197418213, -1089.1060791,          4000, -4.3160943985, -10.5153284073, 35.2272109985
       28.375,             0, 1.35000002384,             0, 18.7085475922, -1097.53771973,          4000, -4.26702022552, -10.5153198242, 35.4375686646
         28.4,             0, 1.36000001431,             0, 18.6972789764, -1105.96264648,          4000, -4.21798563004, -10.5153102875, 35.6467819214
       28.425,             0, 1.37000000477,             0, 18.6859359741, -1114.38049316,          4000, -4.1689915657, -10.5153017044,  35.854839325
        28.45,             0, 1.37999999523,             0, 18.6745166779, -1122.79138184,          4000, -4.12003803253, -10.5152921677, 36.0617332458
       28.475,             0, 1.38999998569,             0,  18.663022995, -1131.19519043,          4000, -4.07112646103, -10.5152835846, 36.2674560547
         28.5,             0, 1.39999997616,             0, 18.6514568329, -1139.5916748,          4000, -4.02225637436, -10.5152740479, 36.4720039368
       28.525,             0, 1.40999996662,             0, 18.6398143768, -1147.98083496,          4000, -3.9734287262, -10.5152654648,  36.675365448
        28.55,             0, 1.41999995708,             0, 18.6280994415, -1156.3626709,          4000, -3.92464399338, -10.515255928,  36.877532959
       28.575,             0, 1.42999994755,             0, 18.6163101196, -1164.73706055,          4000, -3.87590265274, -10.5152463913,  37.078502655
         28.6,             0, 1.44000005722,             0, 18.6044464111, -1173.10388184,          4000, -3.82720541954, -10.5152368546,  37.278263092
       28.625,             0, 1.45000004768,             0, 18.5925121307, -1181.4630127,          4000, -3.77855229378, -10.5152273178, 37.4768104553
        28.65,             0, 1.46000003815,             0, 18.5805015564, -1189.81445312,          4000, -3.72994422913, -10.5152177811, 37.6741371155
       28.675,             0, 1.47000002861,             0, 18.5684204102, -1198.15795898,          4000, -3.68138170242, -10.5152082443, 37.8702354431
         28.7,             0, 1.48000001907,             0, 18.5562648773, -1206.49365234,          4000, -3.63286495209, -10.5151987076, 38.0650978088
       28.725,             0, 1.49000000954,             0, 18.5440387726, -1214.82128906,          4000, -3.58439469337, -10.5151891708, 38.2587203979
        28.75,             0,           1.5,             0, 18.5317401886, -1223.14086914,          4000, -3.53597140312, -10.5151786804, 38.4510917664
       28.775,             0, 1.50999999046,             0, 18.5193691254, -1231.45227051,          4000, -3.48759555817, -10.5151691437, 38.6422042847
         28.8,             0, 1.51999998093,             0, 18.5069274902, -1239.75537109,          4000, -3.43926763535, -10.5151586533, 38.8320579529
       28.825,             0, 1.52999997139,             0, 18.4944133759, -1248.0501709,          4000, -3.39098834991, -10.5151491165, 39.0206413269
        28.85,             0, 1.53999996185,             0, 18.4818286896, -1256.33654785,          4000, -3.34275794029, -10.5151386261, 39.2079467773
       28.875,             0, 1.54999995232,             0,  18.469171524, -1264.61437988,          4000, -3.29457712173, -10.5151290894, 39.3939666748
         28.9,             0, 1.55999994278,             0,  18.456445694, -1272.88354492,          4000, -3.24644613266, -10.5151185989, 39.5787010193
       28.925,             0, 1.57000005245,             0,  18.443649292, -1281.14404297,          4000, -3.19836592674, -10.5151081085, 39.7621383667
        28.95,             0, 1.58000004292,             0, 18.4307823181, -1289.39575195,          4000, -3.15033650398, -10.5150976181, 39.9442749023
       28.975,             0, 1.59000003338,             0, 18.4178447723, -1297.63867188,          4000, -3.10235881805, -10.5150871277, 40.1250991821
           29,             0, 1.60000002384,             0,  18.404838562, -1305.87255859,          4000, -3.05443286896, -10.5150766373, 40.3046112061
       29.025,             0, 1.61000001431,             0, 18.3917617798, -1314.09729004,          4000, -3.00655984879, -10.5150661469,   40.48279953
        29.05,             0, 1.62000000477,             0,  18.378616333, -1322.31298828,          4000, -2.95873951912, -10.5150556564, 40.6596603394
       29.075,             0, 1.62999999523,             0, 18.3654022217, -1330.51953125,          4000, -2.91097307205, -10.515045166, 40.8351898193
         29.1,             0, 1.63999998569,             0, 18.3521194458, -1338.7166748,          4000, -2.86326050758, -10.5150346756, 41.0093803406
       29.125,             0, 1.64999997616,             0, 18.3387699127, -1346.90441895,          4000, -2.81560254097, -10.5150232315, 41.1822242737
        29.15,             0, 1.65999996662,             0, 18.3253498077, -1355.0826416,          4000, -2.76799964905, -10.5150127411, 41.3537139893
       29.175,             0, 1.66999995708,             0, 18.3118629456, -1363.25134277,          4000, -2.72045254707, -10.515001297, 41.5238494873
         29.2,             0, 1.67999994755,             0, 18.2983093262, -1371.41040039,          4000, -2.67296123505, -10.5149908066, 41.6926193237
       29.225,             0, 1.69000005722,             0, 18.2846870422, -1379.55969238,          4000, -2.62552690506, -10.5149793625, 41.8600234985
        29.25,             0, 1.70000004768,             0, 18.2709999084, -1387.69909668,          4000, -2.5781493187, -10.5149688721, 42.0260505676
       29.275,             0, 1.71000003815,             0, 18.2572441101, -1395.82873535,          4000, -2.53082942963, -10.514957428,  42.190700531
         29.3,             0, 1.72000002861,             0, 18.2434215546, -1403.94824219,          4000, -2.48356795311, -10.5149459839, 42.3539657593
       29.325,             0, 1.73000001907,             0, 18.2295341492, -1412.05761719,          4000, -2.43636488914, -10.5149345398,  42.515838623
        29.35,             0, 1.74000000954,             0, 18.2155818939, -1420.15686035,          4000, -2.38922071457, -10.5149230957, 42.6763153076
       29.375,             0,          1.75,             0, 18.2015609741, -1428.24584961,          4000, -2.34213662148, -10.5149116516, 42.8353919983
         29.4,             0, 1.75999999046,             0, 18.1874771118, -1436.32446289,          4000, -2.29511237144, -10.5149002075, 42.9930610657
       29.425,             0, 1.76999998093,             0, 18.1733283997, -1444.3927002,          4000, -2.24814867973, -10.5148887634, 43.1493186951
        29.45,             0, 1.77999997139,             0, 18.1591129303, -1452.45031738,          4000, -2.2012462616, -10.5148773193, 43.3041610718
       29.475,             0, 1.78999996185,             0, 18.1448345184, -1460.49743652,          4000, -2.15440559387, -10.5148649216, 43.4575843811
         29.5,             0, 1.79999995232,             0, 18.1304931641, -1468.53381348,          4000, -2.10762691498, -10.5148534775,  43.609577179
       29.525,             0, 1.80999994278,             0, 18.1160850525, -1476.55932617,          4000, -2.06091094017, -10.5148410797,   43.76014328
        29.55,             0, 1.82000005245,             0, 18.1016159058, -1484.57409668,          4000, -2.01425814629, -10.5148296356, 43.9092712402
       29.575,             0, 1.83000004292,             0, 18.0870819092, -1492.57775879,          4000, -1.96766877174, -10.5148172379, 44.0569610596
         29.6,             0, 1.84000003338,             0, 18.0724868774, -1500.57055664,          4000, -1.92114365101, -10.5148057938, 44.2032051086
       29.625,             0, 1.85000002384,             0, 18.0578269958, -1508.55212402,          4000, -1.87468314171, -10.514793396, 44.3479995728
        29.65,             0, 1.86000001431,             0, 18.0431060791, -1516.52246094,          4000, -1.82828772068, -10.5147809982, 44.4913406372
       29.675,             0, 1.87000000477,             0, 18.0283222198, -1524.48156738,          4000, -1.78195798397, -10.5147686005,  44.633228302
         29.7,             0, 1.87999999523,             0, 18.0134773254, -1532.42919922,          4000, -1.73569428921, -10.5147562027,  44.773651123
       29.725,             0, 1.88999998569,             0, 17.9985713959, -1540.36547852,          4000, -1.68949723244, -10.5147438049, 44.9126091003
        29.75,             0, 1.89999997616,             0, 17.9836044312, -1548.29016113,          4000, -1.64336717129, -10.5147314072, 45.0500946045
       29.775,             0, 1.90999996662,             0, 17.9685764313, -1556.20324707,          4000, -1.59730482101, -10.5147190094, 45.1861076355
         29.8,             0, 1.91999995708,             0, 17.9534873962, -1564.10449219,          4000, -1.55131042004, -10.5147066116, 45.3206443787
       29.825,             0, 1.92999994755,             0,  17.938337326, -1571.99414062,          4000, -1.5053845644, -10.5146932602, 45.4537010193
        29.85,             0, 1.94000005722,             0, 17.9231281281, -1579.8717041,          4000, -1.45952773094, -10.5146808624,  45.585269928
       29.875,             0, 1.95000004768,             0, 17.9078598022, -1587.73742676,          4000, -1.41374051571, -10.5146684647, 45.7153549194
         29.9,             0, 1.96000003815,             0, 17.8925323486, -1595.59106445,          4000, -1.36802327633, -10.5146551132, 45.8439445496
       29.925,             0, 1.97000002861,             0, 17.8771457672, -1603.43261719,          4000, -1.32237648964, -10.5146417618, 45.9710388184
        29.95,             0, 1.98000001907,             0, 17.8617019653, -1611.26184082,          4000, -1.27680063248, -10.514629364, 46.0966339111
       29.975,             0, 1.99000000954,             0, 17.8461990356, -1619.07885742,          4000, -1.23129618168, -10.5146160126, 46.2207298279
           30,             0,             2,             0, 17.8306369781, -1626.88354492,          4000, -1.18586373329, -10.5146026611, 46.3433189392
       30.025,             0, 2.00999999046,             0, 17.8150177002, -1634.67565918,          4000, -1.14050376415, -10.5145893097, 46.4644012451
        30.05,             0, 2.01999998093,             0, 17.7993412018, -1642.4552002,          4000, -1.09521651268, -10.5145769119, 46.5839729309
       30.075,             0, 2.02999997139,             0, 17.7836093903, -1650.22229004,          4000, -1.05000269413, -10.5145635605, 46.7020339966
         30.1,             0, 2.03999996185,             0, 17.7678184509, -1657.9765625,          4000, -1.00486278534, -10.5145492554,  46.818572998
       30.125,             0, 2.04999995232,             0, 17.7519721985, -1665.71801758,          4000, -0.959797024727, -10.5145359039, 46.9335975647
        30.15,             0, 2.05999994278,             0, 17.7360706329, -1673.44665527,          4000, -0.914806067944, -10.5145225525, 47.0471000671
       30.175,             0, 2.06999993324,             0, 17.7201118469, -1681.16235352,          4000, -0.869890391827, -10.514509201, 47.1590766907
         30.2,             0, 2.07999992371,             0, 17.7040996552, -1688.86499023,          4000, -0.825050354004, -10.5144958496, 47.2695274353
       30.225,             0, 2.08999991417,             0, 17.6880321503, -1696.55456543,          4000, -0.780286490917, -10.5144815445, 47.3784484863
        30.25,             0, 2.09999990463,             0, 17.6719093323, -1704.23083496,          4000, -0.735599279404, -10.5144681931, 47.4858436584
       30.275,             0,  2.1099998951,             0, 17.6557312012, -1711.8939209,          4000, -0.690989136696, -10.5144538879, 47.5917015076
         30.3,             0, 2.11999988556,             0, 17.6395015717, -1719.54370117,          4000, -0.646456539631, -10.5144395828, 47.6960258484
       30.325,             0, 2.13000011444,             0,  17.623216629, -1727.18005371,          4000, -0.602001965046, -10.5144262314, 47.7988128662
        30.35,             0,  2.1400001049,             0, 17.6068782806, -1734.80285645,          4000, -0.557625830173, -10.5144119263,  47.900062561
       30.375,             0, 2.15000009537,             0, 17.5904884338, -1742.41210938,          4000, -0.513328611851, -10.5143976212, 47.9997711182
         30.4,             0, 2.16000008583,             0, 17.5740451813, -1750.00769043,          4000, -0.46911072731, -10.514383316, 48.0979385376
       30.425,             0, 2.17000007629,             0, 17.5575485229, -1757.58947754,          4000, -0.424972683191, -10.5143690109, 48.1945648193
        30.45,             0, 2.18000006676,             0, 17.5410003662, -1765.15759277,          4000, -0.380914896727, -10.5143547058,  48.289642334
       30.475,             0, 2.19000005722,             0, 17.5244026184, -1772.71166992,          4000, -0.336937844753, -10.5143404007, 48.3831748962
         30.5,             0, 2.20000004768,             0, 17.5077514648, -1780.25183105,          4000, -0.293041914701, -10.5143260956, 48.4751625061
       30.525,             0, 2.21000003815,             0, 17.4910507202, -1787.7779541,          4000, -0.24922759831, -10.5143117905, 48.5656013489
        30.55,             0, 2.22000002861,             0, 17.4742984772, -1795.29003906,          4000, -0.20549531281, -10.5142965317, 48.6544876099
       30.575,             0, 2.23000001907,             0, 17.4574966431, -1802.7878418,          4000, -0.161845505238, -10.5142822266, 48.7418289185
         30.6,             0, 2.24000000954,             0, 17.4406452179, -1810.2713623,          4000, -0.118278607726, -10.5142669678, 48.8276138306
       30.625,             0,          2.25,             0, 17.4237422943, -1817.74060059,          4000, -0.0747950449586, -10.5142526627, 48.9118499756
        30.65,             0, 2.25999999046,             0, 17.4067935944, -1825.19543457,          4000, -0.0313952639699, -10.5142374039, 48.9945335388
       30.675,             0, 2.26999998093,             0,  17.389793396, -1832.63574219,          4000, 0.0119203170761, -10.5142230988, 49.0756645203
         30.7,             0, 2.27999997139,             0, 17.3727455139, -1840.06152344,          4000, 0.0551512688398,  -10.51420784, 49.1552429199
       30.725,             0, 2.28999996185,             0, 17.3556499481, -1847.47265625,          4000, 0.0982971638441, -10.5141925812, 49.2332649231
        30.75,             0, 2.29999995232,             0, 17.3385066986, -1854.86901855,          4000, 0.141357585788, -10.5141773224, 49.3097343445
       30.775,             0, 2.30999994278,             0, 17.3213157654, -1862.25073242,          4000, 0.184332102537, -10.5141620636, 49.3846473694
         30.8,             0, 2.31999993324,             0, 17.3040771484, -1869.61755371,          4000, 0.22722029686, -10.5141468048, 49.4580116272
       30.825,             0, 2.32999992371,             0, 17.2867927551, -1876.96936035,          4000, 0.270021766424, -10.514131546, 49.5298156738
        30.85,             0, 2.33999991417,             0, 17.2694625854, -1884.30627441,          4000,  0.3127361238, -10.5141162872, 49.6000709534
       30.875,             0, 2.34999990463,             0, 17.2520866394, -1891.62805176,          4000, 0.355362892151, -10.5141010284, 49.6687698364
         30.9,             0,  2.3599998951,             0, 17.2346630096, -1898.93469238,          4000, 0.397901713848, -10.514084816, 49.7359161377
       30.925,             0, 2.36999988556,             0, 17.2171955109, -1906.22619629,          4000, 0.440352171659, -10.5140695572, 49.8015098572
        30.95,             0, 2.38000011444,             0, 17.1996841431, -1913.50244141,          4000, 0.482713848352, -10.5140533447, 49.8655509949
       30.975,             0,  2.3900001049,             0, 17.1821269989, -1920.76330566,          4000, 0.524986326694, -10.5140380859, 49.9280395508
           31,             0, 2.40000009537,             0, 17.1645259857, -1928.00866699,          4000, 0.567169308662, -10.5140218735, 49.9889755249
       31.025,             0, 2.41000008583,             0, 17.1468811035, -1935.23864746,          4000, 0.609262287617, -10.5140066147, 50.0483627319
        31.05,             0, 2.42000007629,             0, 17.1291923523,  -1942.453125,          4000, 0.65126490593, -10.5139904022, 50.1062049866
       31.075,             0, 2.43000006676,             0, 17.1114616394, -1949.65197754,          4000, 0.693176805973, -10.5139741898, 50.1624946594
         31.1,             0, 2.44000005722,             0, 17.0936870575, -1956.83508301,          4000, 0.734997570515, -10.5139579773, 50.2172355652
       31.125,             0, 2.45000004768,             0, 17.0758724213, -1964.00244141,          4000, 0.776726841927, -10.5139417648, 50.2704353333
        31.15,             0, 2.46000003815,             0,  17.058013916, -1971.15405273,          4000, 0.818364202976, -10.5139255524, 50.3220863342
       31.175,             0, 2.47000002861,             0, 17.0401134491, -1978.28979492,          4000, 0.859909296036, -10.5139093399, 50.3721961975
         31.2,             0, 2.48000001907,             0, 17.0221729279, -1985.4095459,          4000, 0.901361703873, -10.5138931274, 50.4207649231
       31.225,             0, 2.49000000954,             0, 17.0041904449, -1992.51330566,          4000, 0.942721128464, -10.513876915, 50.4677963257
        31.25,             0,           2.5,             0, 16.9861679077, -1999.60107422,          4000, 0.983987152576, -10.5138597488, 50.5132827759
       31.275,             0, 2.50999999046,             0, 16.9681053162, -2006.67260742,          4000, 1.02515947819, -10.5138435364, 50.5572395325
         31.3,             0, 2.51999998093,             0, 16.9500026703, -2013.72802734,          4000, 1.06623756886, -10.5138273239, 50.5996551514
       31.325,             0, 2.52999997139,             0, 16.9318618774, -2020.76721191,          4000, 1.10722124577, -10.5138101578, 50.6405410767
        31.35,             0, 2.53999996185,             0, 16.9136810303, -2027.79003906,          4000, 1.14811015129, -10.5137939453, 50.6798973083
       31.375,             0, 2.54999995232,             0, 16.8954620361, -2034.79650879,          4000, 1.18890368938, -10.5137767792, 50.7177238464
         31.4,             0, 2.55999994278,             0,  16.877204895, -2041.78649902,          4000, 1.22960186005, -10.513759613, 50.7540245056
       31.425,             0, 2.56999993324,             0, 16.8589076996, -2048.76000977,          4000, 1.27020406723, -10.5137424469, 50.7888031006
        31.45,             0, 2.57999992371,             0, 16.8405742645, -2055.71704102,          4000, 1.31070995331, -10.5137262344, 50.8220558167
       31.475,             0, 2.58999991417,             0, 16.8222045898, -2062.6574707,          4000, 1.35111939907, -10.5137090683, 50.8537940979
         31.5,             0, 2.59999990463,             0, 16.8037967682, -2069.58105469,          4000, 1.39143180847, -10.5136919022, 50.8840141296
       31.525,             0,  2.6099998951,             0, 16.7853527069, -2076.48803711,          4000, 1.43164694309, -10.5136737823, 50.9127197266
        31.55,             0, 2.61999988556,             0, 16.7668743134, -2083.37817383,          4000, 1.47176456451, -10.5136566162, 50.9399147034
       31.575,             0, 2.63000011444,             0, 16.7483577728, -2090.25146484,          4000, 1.51178431511, -10.5136394501, 50.9656028748
         31.6,             0,  2.6400001049,             0,    16.7298069, -2097.10791016,          4000, 1.55170571804, -10.5136222839, 50.9897842407
       31.625,             0, 2.65000009537,             0, 16.7112216949, -2103.94750977,          4000, 1.59152853489, -10.5136041641, 51.0124664307
        31.65,             0, 2.66000008583,             0, 16.6926002502, -2110.77001953,          4000, 1.63125252724, -10.513586998, 51.0336494446
       31.675,             0, 2.67000007629,             0, 16.6739463806, -2117.57543945,          4000, 1.67087733746, -10.5135698318, 51.0533332825
         31.7,             0, 2.68000006676,             0, 16.6552562714, -2124.36376953,          4000, 1.71040248871, -10.513551712, 51.0715293884
       31.725,             0, 2.69000005722,             0, 16.6365356445, -2131.13476562,          4000,   1.749827981, -10.5135335922, 51.0882339478
        31.75,             0, 2.70000004768,             0, 16.6177787781, -2137.88867188,          4000, 1.78915321827, -10.5135164261, 51.1034545898
       31.775,             0, 2.71000003815,             0,  16.598991394, -2144.62524414,          4000, 1.82837808132, -10.5134983063, 51.1171913147
         31.8,             0, 2.72000002861,             0, 16.5801696777, -2151.34472656,          4000, 1.86750209332, -10.5134801865, 51.1294517517
       31.825,             0, 2.73000001907,             0, 16.5613174438, -2158.04663086,          4000, 1.90652513504, -10.5134620667, 51.1402397156
        31.85,             0, 2.74000000954,             0,  16.542432785, -2164.73120117,          4000, 1.94544684887, -10.5134439468, 51.1495552063
       31.875,             0,          2.75,             0, 16.5235176086, -2171.39819336,          4000, 1.98426699638, -10.513425827, 51.1574020386
         31.9,             0, 2.75999999046,             0, 16.5045700073, -2178.04760742,          4000, 2.02298521996, -10.5134077072, 51.1637916565
       31.925,             0, 2.76999998093,             0, 16.4855937958, -2184.67944336,          4000, 2.06160116196, -10.5133895874, 51.1687164307
        31.95,             0, 2.77999997139,             0, 16.4665851593, -2191.29394531,          4000, 2.10011458397, -10.5133705139, 51.1721916199
       31.975,             0, 2.78999996185,             0, 16.4475479126, -2197.89038086,          4000, 2.13852548599, -10.5133523941, 51.1742172241
           32,             0, 2.79999995232,             0, 16.4284820557, -2204.46948242,          4000, 2.17683315277, -10.5133333206, 51.1747932434
       32.025,             0, 2.80999994278,             0, 16.4093856812, -2211.03051758,          4000,  2.2150375843, -10.5133152008, 51.1739311218
        32.05,             0, 2.81999993324,             0, 16.3902606964, -2217.57397461,          4000, 2.25313854218, -10.5132961273, 51.1716270447
       32.075,             0, 2.82999992371,             0, 16.3711071014, -2224.09936523,          4000, 2.29113554955, -10.5132780075, 51.1678962708
         32.1,             0, 2.83999991417,             0, 16.3519268036, -2230.60693359,          4000, 2.32902860641, -10.513258934, 51.1627349854
       32.125,             0, 2.84999990463,             0, 16.3327178955, -2237.09667969,          4000, 2.36681723595, -10.5132398605, 51.1561508179
        32.15,             0,  2.8599998951,             0, 16.3134803772, -2243.56835938,          4000, 2.40450143814, -10.513220787,  51.148147583
       32.175,             0, 2.86999988556,             0, 16.2942180634, -2250.02197266,          4000, 2.44208049774, -10.5132026672, 51.1387329102
         32.2,             0, 2.88000011444,             0, 16.2749271393, -2256.45751953,          4000, 2.47955489159, -10.5131835938,  51.127910614
       32.225,             0,  2.8900001049,             0, 16.2556114197,     -2262.875,          4000,   2.516923666, -10.5131635666, 51.1156806946
        32.25,             0, 2.90000009537,             0, 16.2362689972, -2269.27441406,          4000,  2.5541870594, -10.5131444931, 51.1020545959
       32.275,             0, 2.91000008583,             0, 16.2169017792, -2275.65551758,          4000, 2.59134459496, -10.5131254196, 51.0870361328
         32.3,             0, 2.92000007629,             0, 16.1975097656, -2282.01855469,          4000, 2.62839603424, -10.5131063461, 51.0706291199
       32.325,             0, 2.93000006676,             0, 16.1780929565, -2288.36303711,          4000, 2.66534137726, -10.513086319, 51.0528373718
        32.35,             0, 2.94000005722,             0, 16.1586513519, -2294.68945312,          4000, 2.70218014717, -10.5130672455, 51.0336685181
       32.375,             0, 2.95000004768,             0, 16.1391849518, -2300.99755859,          4000, 2.73891234398, -10.513048172,  51.013130188
         32.4,             0, 2.96000003815,             0, 16.1196956635, -2307.28710938,          4000, 2.77553749084, -10.5130281448, 50.9912223816
       32.425,             0, 2.97000002861,             0, 16.1001815796, -2313.55834961,          4000, 2.81205582619, -10.5130081177,  50.967956543
        32.45,             0, 2.98000001907,             0, 16.0806465149, -2319.81103516,          4000, 2.84846663475, -10.5129890442, 50.9433326721
       32.475,             0, 2.99000000954,             0, 16.0610866547, -2326.04516602,          4000, 2.88476991653, -10.512969017, 50.9173583984
         32.5,             0,             3,             0, 16.0415058136, -2332.26098633,          4000, 2.92096543312, -10.5129489899, 50.8900413513
       32.525,             0, 3.00999999046,             0, 16.0219039917, -2338.45825195,          4000, 2.95705318451, -10.5129289627, 50.8613853455
        32.55,             0, 3.01999998093,             0, 16.0022792816, -2344.63696289,          4000, 2.99303293228, -10.5129089355, 50.8313980103
       32.575,             0, 3.02999997139,             0, 15.9826335907,  -2350.796875,          4000,  3.0289041996, -10.5128889084, 50.8000831604
         32.6,             0, 3.03999996185,             0, 15.9629669189, -2356.93823242,          4000, 3.06466698647, -10.5128688812, 50.7674484253
       32.625,             0, 3.04999995232,             0,   15.94328022, -2363.06079102,          4000, 3.10032129288, -10.5128488541, 50.7334976196
        32.65,             0, 3.05999994278,             0, 15.9235725403, -2369.16479492,          4000,   3.135866642, -10.5128278732, 50.6982383728
       32.675,             0, 3.06999993324,             0,  15.903845787,      -2375.25,          4000, 3.17130279541, -10.5128078461, 50.6616783142
         32.7,             0, 3.07999992371,             0, 15.8840990067, -2381.31640625,          4000, 3.20662999153, -10.5127878189, 50.6238212585
       32.725,             0, 3.08999991417,             0, 15.8643341064, -2387.36401367,          4000, 3.24184799194, -10.5127668381, 50.5846748352
        32.75,             0, 3.09999990463,             0, 15.8445491791, -2393.39282227,          4000, 3.27695631981, -10.5127458572, 50.5442466736
       32.775,             0,  3.1099998951,             0, 15.8247461319, -2399.40283203,          4000, 3.31195497513, -10.5127258301, 50.5025405884
         32.8,             0, 3.11999988556,             0, 15.8049249649, -2405.39404297,          4000, 3.34684371948, -10.5127048492, 50.4595603943
       32.825,             0, 3.13000011444,             0, 15.7850866318, -2411.36621094,          4000, 3.38162255287, -10.5126838684, 50.4153213501
        32.85,             0,  3.1400001049,             0, 15.7652301788, -2417.31933594,          4000,  3.4162914753, -10.5126628876, 50.3698196411
       32.875,             0, 3.15000009537,             0, 15.7453575134, -2423.25366211,          4000,  3.4508497715, -10.5126428604, 50.3230705261
         32.9,             0, 3.16000008583,             0, 15.7254676819, -2429.16894531,          4000, 3.48529791832, -10.5126218796, 50.2750740051
       32.925,             0, 3.17000007629,             0, 15.7055616379, -2435.06542969,          4000, 3.51963567734, -10.5125999451, 50.2258415222
        32.95,             0, 3.18000006676,             0, 15.6856393814, -2440.94262695,          4000, 3.55386257172, -10.5125789642, 50.1753768921
       32.975,             0, 3.19000005722,             0, 15.6657009125, -2446.80102539,          4000, 3.58797860146, -10.5125579834, 50.1236877441
           33,             0, 3.20000004768,             0, 15.6457481384, -2452.64013672,          4000, 3.62198376656, -10.5125370026, 50.0707817078
       33.025,             0, 3.21000003815,             0, 15.6257791519, -2458.46020508,          4000, 3.65587806702, -10.5125150681, 50.0166625977
        33.05,             0, 3.22000002861,             0,  15.605796814, -2464.26123047,          4000,   3.689661026, -10.5124940872, 49.9613418579
       33.075,             0, 3.23000001907,             0, 15.5857992172, -2470.04321289,          4000, 3.72333288193, -10.5124731064, 49.9048271179
         33.1,             0, 3.24000000954,             0, 15.5657873154, -2475.8059082,          4000, 3.75689315796, -10.5124511719, 49.8471183777
       33.125,             0,          3.25,             0, 15.5457630157, -2481.54931641,          4000, 3.79034209251, -10.5124292374, 49.7882270813
        33.15,             0, 3.25999999046,             0,  15.525724411, -2487.27368164,          4000, 3.82367944717, -10.5124082565, 49.7281608582
       33.175,             0, 3.26999998093,             0, 15.5056724548, -2492.97900391,          4000, 3.85690498352, -10.512386322, 49.6669273376
         33.2,             0, 3.27999997139,             0, 15.4856090546, -2498.66503906,          4000, 3.89001893997, -10.5123643875, 49.6045303345
       33.225,             0, 3.28999996185,             0, 15.4655323029, -2504.33178711,          4000, 3.92302083969, -10.512342453,  49.540977478
        33.25,             0, 3.29999995232,             0, 15.4454441071, -2509.97924805,          4000,  3.9559109211, -10.5123205185, 49.4762802124
       33.275,             0, 3.30999994278,             0, 15.4253435135, -2515.60742188,          4000, 3.98868894577, -10.512298584, 49.4104385376
         33.3,             0, 3.31999993324,             0, 15.4052324295, -2521.21655273,          4000, 4.02135467529, -10.5122766495, 49.3434677124
       33.325,             0, 3.32999992371,             0, 15.3851099014, -2526.80615234,          4000, 4.05390882492, -10.512254715, 49.2753715515
        33.35,             0, 3.33999991417,             0, 15.3649759293, -2532.37646484,          4000, 4.08634996414, -10.5122318268, 49.2061576843
       33.375,             0, 3.34999990463,             0, 15.3448324203, -2537.92773438,          4000, 4.11867904663, -10.5122098923, 49.1358299255
         33.4,             0,  3.3599998951,             0,  15.324678421, -2543.45947266,          4000, 4.15089607239, -10.5121870041, 49.0644035339
       33.425,             0, 3.36999988556,             0, 15.3045148849, -2548.97192383,          4000, 4.18300056458, -10.5121650696, 48.9918785095
        33.45,             0, 3.38000011444,             0, 15.2843427658, -2554.46508789,          4000, 4.21499204636, -10.5121421814, 48.9182624817
       33.475,             0,  3.3900001049,             0, 15.2641601562, -2559.9387207,          4000, 4.24687147141, -10.5121202469, 48.8435707092
         33.5,             0, 3.40000009537,             0, 15.2439689636, -2565.39331055,          4000, 4.27863788605, -10.5120973587, 48.7678031921
       33.525,             0, 3.41000008583,             0, 15.2237701416, -2570.82836914,          4000, 4.31029224396, -10.5120744705, 48.6909675598
        33.55,             0, 3.42000007629,             0, 15.2035617828, -2576.24389648,          4000, 4.34183359146, -10.5120515823, 48.6130752563
       33.575,             0, 3.43000006676,             0, 15.1833467484, -2581.64038086,          4000, 4.37326192856, -10.5120286942, 48.5341339111
         33.6,             0, 3.44000005722,             0, 15.1631240845, -2587.01733398,          4000, 4.40457773209, -10.512005806, 48.4541473389
       33.625,             0, 3.45000004768,             0, 15.1428937912, -2592.37475586,          4000, 4.43578052521, -10.5119829178, 48.3731231689
        33.65,             0, 3.46000003815,             0, 15.1226558685, -2597.71289062,          4000, 4.46687078476, -10.5119600296, 48.2910766602
       33.675,             0, 3.47000002861,             0, 15.1024122238, -2603.03173828,          4000, 4.49784851074, -10.5119371414, 48.2080039978
         33.7,             0, 3.48000001907,             0, 15.0821619034, -2608.33105469,          4000, 4.52871274948, -10.5119142532, 48.1239204407
       33.725,             0, 3.49000000954,             0, 15.0619058609, -2613.61108398,          4000, 4.55946445465, -10.5118904114, 48.0388336182
        33.75,             0,           3.5,             0, 15.0416440964, -2618.87158203,          4000, 4.59010314941, -10.5118675232, 47.9527511597
       33.775,             0, 3.50999999046,             0, 15.0213766098, -2624.11279297,          4000, 4.62062883377, -10.5118436813, 47.8656768799
         33.8,             0, 3.51999998093,             0, 15.0011043549, -2629.3347168,          4000, 4.65104150772, -10.5118207932, 47.7776222229
       33.825,             0, 3.52999997139,             0, 14.9808263779, -2634.53686523,          4000,  4.6813416481, -10.5117969513, 47.6885910034
        33.85,             0, 3.53999996185,             0, 14.9605445862, -2639.7199707,          4000, 4.71152877808, -10.5117731094, 47.5985946655
       33.875,             0, 3.54999995232,             0, 14.9402589798, -2644.88354492,          4000, 4.74160289764, -10.5117492676, 47.5076408386
         33.9,             0, 3.55999994278,             0,  14.919968605, -2650.02758789,          4000, 4.77156400681, -10.5117254257, 47.4157371521
       33.925,             0, 3.56999993324,             0, 14.8996753693, -2655.15234375,          4000,  4.8014125824, -10.5117015839, 47.3228874207
        33.95,             0, 3.57999992371,             0, 14.8793783188, -2660.2578125,          4000, 4.83114814758, -10.511677742, 47.2291069031
       33.975,             0, 3.58999991417,             0, 14.8590784073,   -2665.34375,          4000, 4.86077070236, -10.5116539001, 47.1343955994
           34,             0, 3.59999990463,             0, 14.8387756348, -2670.41040039,          4000, 4.89028024673, -10.5116300583, 47.0387687683
       34.025,             0,  3.6099998951,             0, 14.8184700012, -2675.45751953,          4000, 4.91967725754, -10.5116062164, 46.9422264099
        34.05,             0, 3.61999988556,             0,  14.798163414, -2680.48535156,          4000, 4.94896173477, -10.5115823746,  46.844783783
       34.075,             0, 3.63000011444,             0, 14.7778539658, -2685.49389648,          4000,  4.9781332016, -10.511557579, 46.7464447021
         34.1,             0,  3.6400001049,             0, 14.7575426102, -2690.48291016,          4000, 5.00719213486, -10.5115337372, 46.6472167969
       34.125,             0, 3.65000009537,             0, 14.7372303009, -2695.45263672,          4000, 5.03613805771, -10.5115089417, 46.5471115112
        34.15,             0, 3.66000008583,             0,  14.716917038, -2700.40307617,          4000, 5.06497144699, -10.5114850998, 46.4461326599
       34.175,             0, 3.67000007629,             0, 14.6966028214, -2705.33398438,          4000,  5.0936923027, -10.5114603043, 46.3442878723
         34.2,             0, 3.68000006676,             0, 14.6762886047, -2710.24560547,          4000, 5.12230110168, -10.5114355087, 46.2415885925
       34.225,             0, 3.69000005722,             0, 14.6559734344, -2715.13818359,          4000, 5.15079689026, -10.5114107132,   46.13804245
        34.25,             0, 3.70000004768,             0, 14.6356582642, -2720.01123047,          4000, 5.17918014526, -10.5113859177, 46.0336532593
       34.275,             0, 3.71000003815,             0, 14.6153440475, -2724.86474609,          4000, 5.20745134354, -10.5113611221, 45.9284324646
         34.3,             0, 3.72000002861,             0, 14.5950307846, -2729.69921875,          4000, 5.23561048508, -10.5113363266, 45.8223838806
       34.325,             0, 3.73000001907,             0, 14.5747175217, -2734.5144043,          4000, 5.26365709305, -10.5113115311, 45.7155227661
        34.35,             0, 3.74000000954,             0, 14.5544052124, -2739.31030273,          4000, 5.29159164429, -10.5112867355, 45.6078491211
       34.375,             0,          3.75,             0, 14.5340948105, -2744.08691406,          4000, 5.31941366196,  -10.51126194, 45.4993782043
         34.4,             0, 3.75999999046,             0, 14.5137863159, -2748.84448242,          4000, 5.34712409973, -10.5112361908, 45.3901100159
       34.425,             0, 3.76999998093,             0, 14.4934797287, -2753.58251953,          4000, 5.37472248077, -10.5112113953, 45.2800598145
        34.45,             0, 3.77999997139,             0, 14.4731750488, -2758.30151367,          4000, 5.40220928192, -10.5111856461, 45.1692276001
       34.475,             0, 3.78999996185,             0,   14.45287323, -2763.0012207,          4000, 5.42958402634, -10.5111608505, 45.0576286316
         34.5,             0, 3.79999995232,             0, 14.4325733185, -2767.68188477,          4000, 5.45684719086, -10.5111351013, 44.9452667236
       34.525,             0, 3.80999994278,             0, 14.4122772217, -2772.34326172,          4000, 5.48399877548, -10.5111103058, 44.8321533203
        34.55,             0, 3.81999993324,             0, 14.3919839859, -2776.98535156,          4000, 5.51103878021, -10.5110845566, 44.7182922363
       34.575,             0, 3.82999992371,             0, 14.3716936111, -2781.60839844,          4000, 5.53796720505, -10.5110588074, 44.6036911011
         34.6,             0, 3.83999991417,             0, 14.3514080048, -2786.21240234,          4000, 5.56478452682, -10.5110330582, 44.4883613586
       34.625,             0, 3.84999990463,             0, 14.3311262131, -2790.79736328,          4000, 5.59149074554, -10.511007309, 44.3723068237
        34.65,             0,  3.8599998951,             0, 14.3108482361, -2795.36303711,          4000, 5.61808586121, -10.5109815598, 44.2555389404
       34.675,             0, 3.86999988556,             0, 14.2905750275, -2799.90966797,          4000, 5.64456987381, -10.5109558105, 44.1380653381
         34.7,             0, 3.88000011444,             0, 14.2703065872, -2804.43725586,          4000, 5.67094326019, -10.5109291077, 44.0198898315
       34.725,             0,  3.8900001049,             0, 14.2500429153, -2808.94604492,          4000, 5.69720554352, -10.5109033585,   43.90102005
        34.75,             0, 3.90000009537,             0, 14.2297849655, -2813.43554688,          4000, 5.72335720062, -10.5108776093, 43.7814712524
       34.775,             0, 3.91000008583,             0, 14.2095327377,   -2817.90625,          4000, 5.74939870834, -10.5108509064, 43.6612434387
         34.8,             0, 3.92000007629,             0, 14.1892852783, -2822.35791016,          4000, 5.77532958984, -10.5108251572,  43.540348053
       34.825,             0, 3.93000006676,             0, 14.1690444946, -2826.79052734,          4000, 5.80114984512, -10.5107984543, 43.4187889099
        34.85,             0, 3.94000005722,             0,  14.148809433, -2831.2043457,          4000, 5.82686042786, -10.5107727051, 43.2965812683
       34.875,             0, 3.95000004768,             0, 14.1285810471, -2835.59936523,          4000, 5.85246086121, -10.5107460022, 43.1737251282
         34.9,             0, 3.96000003815,             0, 14.1083593369, -2839.9753418,          4000, 5.87795162201, -10.5107192993, 43.0502319336
       34.925,             0, 3.97000002861,             0, 14.0881443024, -2844.33251953,          4000, 5.90333271027, -10.5106925964, 42.9261054993
        34.95,             0, 3.98000001907,             0, 14.0679368973, -2848.67089844,          4000, 5.92860364914, -10.5106658936,  42.801361084
       34.975,             0, 3.99000000954,             0, 14.0477371216, -2852.99047852,          4000, 5.95376586914, -10.5106391907, 42.6759986877
           35,             0,             4,             0, 14.0275440216, -2857.29125977,          4000,  5.9788184166, -10.5106124878, 42.5500297546
       35.025,             0, 4.01000022888,             0, 14.0073595047, -2861.57324219,          4000, 6.00376176834, -10.5105857849, 42.4234580994
        35.05,             0, 4.01999998093,             0, 13.9871826172, -2865.83642578,          4000, 6.02859592438, -10.510559082,  42.296295166
       35.075,             0, 4.03000020981,             0, 13.9670143127, -2870.08105469,          4000, 6.05332136154, -10.5105314255,  42.168548584
         35.1,             0, 4.03999996185,             0, 13.9468545914, -2874.30712891,          4000, 6.07793807983, -10.5105047226, 42.0402259827
       35.125,             0, 4.05000019073,             0, 13.9267024994, -2878.5144043,          4000, 6.10244655609, -10.510477066, 41.9113311768
        35.15,             0, 4.05999994278,             0, 13.9065608978, -2882.70288086,          4000, 6.12684631348, -10.5104503632, 41.7818717957
       35.175,             0, 4.07000017166,             0, 13.8864278793, -2886.87304688,          4000, 6.15113830566, -10.5104227066, 41.6518592834
         35.2,             0, 4.07999992371,             0, 13.8663034439, -2891.0246582,          4000, 6.17532157898, -10.5103960037, 41.5213012695
       35.225,             0, 4.09000015259,             0, 13.8461894989, -2895.1574707,          4000, 6.19939756393, -10.5103683472, 41.3901977539
        35.25,             0, 4.09999990463,             0, 13.8260850906, -2899.27197266,          4000, 6.22336530685, -10.5103406906, 41.2585639954
       35.275,             0, 4.11000013351,             0, 13.8059911728, -2903.36791992,          4000, 6.24722623825, -10.5103130341, 41.1264038086
         35.3,             0, 4.11999988556,             0, 13.7859067917, -2907.44555664,          4000, 6.27097940445, -10.5102853775,  40.993724823
       35.325,             0, 4.13000011444,             0, 13.7658338547, -2911.50463867,          4000, 6.29462528229, -10.5102577209,  40.860534668
        35.35,             0, 4.13999986649,             0, 13.7457704544, -2915.54541016,          4000, 6.31816387177, -10.5102300644, 40.7268409729
       35.375,             0, 4.15000009537,             0, 13.7257184982, -2919.56787109,          4000, 6.34159612656, -10.5102024078, 40.5926513672
         35.4,             0, 4.15999984741,             0, 13.7056779861, -2923.57202148,          4000, 6.36492156982, -10.5101737976, 40.4579696655
       35.425,             0, 4.17000007629,             0, 13.6856479645, -2927.55786133,          4000, 6.38814067841, -10.5101461411,  40.322807312
        35.45,             0, 4.17999982834,             0, 13.6656293869, -2931.52539062,          4000,  6.4112534523, -10.5101175308, 40.1871681213
       35.475,             0, 4.19000005722,             0, 13.6456232071, -2935.47485352,          4000, 6.43426036835, -10.5100898743, 40.0510635376
         35.5,             0, 4.19999980927,             0, 13.6256284714, -2939.40600586,          4000, 6.45716094971, -10.510061264, 39.9144935608
       35.525,             0, 4.21000003815,             0, 13.6056451797, -2943.3190918,          4000, 6.47995615005, -10.5100336075, 39.7774734497
        35.55,             0, 4.21999979019,             0, 13.5856752396, -2947.21386719,          4000, 6.50264596939, -10.5100049973, 39.6400032043
       35.575,             0, 4.23000001907,             0, 13.5657167435, -2951.09057617,          4000, 6.52523040771, -10.509976387, 39.5020942688
         35.6,             0, 4.23999977112,             0, 13.5457715988, -2954.94946289,          4000, 6.54770994186, -10.5099477768, 39.3637504578
       35.625,             0,          4.25,             0, 13.5258398056, -2958.7902832,          4000,   6.570084095, -10.5099191666, 39.2249832153
        35.65,             0, 4.26000022888,             0, 13.5059204102, -2962.61303711,          4000, 6.59235429764, -10.5098905563, 39.0857925415
       35.675,             0, 4.26999998093,             0, 13.4860134125, -2966.41772461,          4000,  6.6145195961, -10.5098619461, 38.9461936951
         35.7,             0, 4.28000020981,             0, 13.4661207199, -2970.20483398,          4000, 6.63658046722, -10.5098333359,  38.806186676
       35.725,             0, 4.28999996185,             0, 13.4462413788, -2973.97387695,          4000, 6.65853738785, -10.5098047256, 38.6657791138
        35.75,             0, 4.30000019073,             0, 13.4263763428, -2977.72509766,          4000, 6.68039083481, -10.5097751617, 38.5249824524
       35.775,             0, 4.30999994278,             0, 13.4065246582, -2981.45849609,          4000, 6.70214033127, -10.5097465515, 38.3837966919
         35.8,             0, 4.32000017166,             0, 13.3866872787, -2985.17407227,          4000,  6.7237868309, -10.5097179413, 38.2422370911
       35.825,             0, 4.32999992371,             0, 13.3668642044, -2988.87207031,          4000, 6.74532985687, -10.5096883774, 38.1002998352
        35.85,             0, 4.34000015259,             0, 13.3470554352, -2992.55249023,          4000, 6.76676988602, -10.5096588135, 37.9580001831
       35.875,             0, 4.34999990463,             0, 13.3272619247, -2996.21508789,          4000, 6.78810739517, -10.5096302032, 37.8153419495
         35.9,             0, 4.36000013351,             0, 13.3074827194, -2999.86010742,          4000, 6.80934238434, -10.5096006393, 37.6723327637
       35.925,             0, 4.36999988556,             0, 13.2877187729, -3003.48754883,          4000, 6.83047485352, -10.5095710754, 37.5289726257
        35.95,             0, 4.38000011444,             0, 13.2679700851, -3007.09765625,          4000, 6.85150575638, -10.5095415115, 37.3852767944
       35.975,             0, 4.38999986649,             0, 13.2482357025, -3010.68994141,          4000, 6.87243461609, -10.5095119476, 37.2412490845
           36,             0, 4.40000009537,             0,  13.228518486, -3014.26513672,          4000, 6.89326190948, -10.5094823837, 37.0968933105
       36.025,             0, 4.40999984741,             0, 13.2088155746, -3017.82275391,          4000, 6.91398763657, -10.5094528198, 36.9522171021
        36.05,             0, 4.42000007629,             0, 13.1891288757, -3021.36279297,          4000, 6.93461227417, -10.5094232559, 36.8072280884
       36.075,             0, 4.42999982834,             0, 13.1694583893, -3024.88574219,          4000, 6.95513629913, -10.5093927383, 36.6619300842
         36.1,             0, 4.44000005722,             0, 13.1498041153, -3028.39160156,          4000, 6.97555971146, -10.5093631744, 36.5163345337
       36.125,             0, 4.44999980927,             0, 13.1301660538, -3031.87988281,          4000, 6.99588251114, -10.5093336105, 36.3704414368
        36.15,             0, 4.46000003815,             0, 13.1105451584, -3035.35107422,          4000, 7.01610565186, -10.509303093, 36.2242584229
       36.175,             0, 4.46999979019,             0, 13.0909395218, -3038.80517578,          4000, 7.03622817993, -10.5092725754,  36.077796936
         36.2,             0, 4.48000001907,             0,  13.071352005, -3042.2421875,          4000, 7.05625152588, -10.5092430115, 35.9310569763
       36.225,             0, 4.48999977112,             0, 13.0517807007, -3045.66186523,          4000, 7.07617521286, -10.5092124939, 35.7840461731
        36.25,             0,           4.5,             0, 13.0322265625, -3049.06469727,          4000, 7.09600019455, -10.5091819763, 35.6367721558
       36.275,             0, 4.51000022888,             0, 13.0126895905, -3052.45068359,          4000, 7.11572599411, -10.5091514587,  35.489238739
         36.3,             0, 4.51999998093,             0, 12.9931707382, -3055.81958008,          4000, 7.13535308838, -10.5091209412, 35.3414535522
       36.325,             0, 4.53000020981,             0, 12.9736690521, -3059.17163086,          4000, 7.15488147736, -10.5090904236, 35.1934242249
        36.35,             0, 4.53999996185,             0, 12.9541845322, -3062.50683594,          4000, 7.17431211472, -10.509059906, 35.0451507568
       36.375,             0, 4.55000019073,             0, 12.9347190857, -3065.82519531,          4000, 7.19364500046, -10.5090293884,  34.896648407
         36.4,             0, 4.55999994278,             0, 12.9152708054, -3069.12670898,          4000, 7.21288013458, -10.5089988708, 34.7479133606
       36.425,             0, 4.57000017166,             0, 12.8958406448, -3072.41162109,          4000, 7.23201751709, -10.5089673996, 34.5989570618
        36.45,             0, 4.57999992371,             0, 12.8764286041, -3075.6796875,          4000, 7.25105810165, -10.508936882, 34.4497833252
       36.475,             0, 4.59000015259,             0, 12.8570356369, -3078.93139648,          4000, 7.27000188828, -10.5089054108, 34.3003959656
         36.5,             0, 4.59999990463,             0, 12.8376607895, -3082.16625977,          4000, 7.28884887695, -10.5088748932,  34.150806427
       36.525,             0, 4.61000013351,             0, 12.8183050156, -3085.38476562,          4000, 7.30759954453, -10.5088434219, 34.0010185242
        36.55,             0, 4.61999988556,             0, 12.7989673615, -3088.58666992,          4000, 7.32625436783, -10.5088119507, 33.8510322571
       36.575,             0, 4.63000011444,             0, 12.7796487808, -3091.77197266,          4000, 7.34481287003, -10.5087814331, 33.7008590698
         36.6,             0, 4.63999986649,             0, 12.7603502274, -3094.94116211,          4000, 7.36327648163, -10.5087499619, 33.5505027771
       36.625,             0, 4.65000009537,             0, 12.7410697937,   -3098.09375,          4000, 7.38164424896, -10.5087184906, 33.3999671936
        36.65,             0, 4.65999984741,             0, 12.7218093872, -3101.23022461,          4000,  7.3999171257, -10.5086870193, 33.2492599487
       36.675,             0, 4.67000007629,             0, 12.7025690079, -3104.3503418,          4000, 7.41809558868, -10.5086555481, 33.0983886719
         36.7,             0, 4.67999982834,             0, 12.6833467484, -3107.45410156,          4000, 7.43617963791, -10.5086231232,  32.947353363
       36.725,             0, 4.69000005722,             0, 12.6641454697, -3110.54199219,          4000, 7.45416927338, -10.5085916519, 32.7961616516
        36.75,             0, 4.69999980927,             0, 12.6449642181, -3113.61352539,          4000, 7.47206497192, -10.5085601807,  32.644821167
       36.775,             0, 4.71000003815,             0, 12.6258020401, -3116.66894531,          4000, 7.48986673355, -10.5085287094, 32.4933357239
         36.8,             0, 4.71999979019,             0, 12.6066608429, -3119.70849609,          4000, 7.50757551193, -10.5084962845, 32.3417053223
       36.825,             0, 4.73000001907,             0, 12.5875387192, -3122.73193359,          4000, 7.52519130707, -10.5084638596, 32.1899452209
        36.85,             0, 4.73999977112,             0, 12.5684375763, -3125.73950195,          4000, 7.54271411896, -10.5084323883, 32.0380516052
       36.875,             0,          4.75,             0, 12.5493574142, -3128.73120117,          4000, 7.56014442444, -10.5083999634, 31.8860359192
         36.9,             0, 4.76000022888,             0, 12.5302972794, -3131.70703125,          4000, 7.57748222351, -10.5083675385, 31.7339000702
       36.925,             0, 4.76999998093,             0, 12.5112581253, -3134.66723633,          4000, 7.59472846985, -10.5083351135, 31.5816478729
        36.95,             0, 4.78000020981,             0, 12.4922399521, -3137.61132812,          4000, 7.61188268661, -10.5083036423, 31.4292869568
       36.975,             0, 4.78999996185,             0, 12.4733686447, -3140.52050781,          4000, 7.62883234024, -10.5082712173, 31.2778358459
           37,             0, 4.80000019073,             0, 12.4557323456, -3143.22729492,          4000, 7.64460325241, -10.5082378387, 31.1360931396
       37.025,             0, 4.80999994278,             0, 12.4381189346, -3145.91992188,          4000, 7.66029071808, -10.5082054138, 30.9943065643
        37.05,             0, 4.82000017166,             0, 12.4205284119, -3148.59838867,          4000, 7.67589616776, -10.5081729889, 30.8524837494
       37.075,             0, 4.82999992371,             0,  12.402961731, -3151.26269531,          4000,  7.6914191246, -10.508140564, 30.7106246948
         37.1,             0, 4.84000015259,             0, 12.3854188919, -3153.9128418,          4000, 7.70686006546, -10.5081071854,   30.56873703
       37.125,             0, 4.84999990463,             0,  12.367898941, -3156.54907227,          4000, 7.72221946716, -10.5080747604,  30.426820755
        37.15,             0, 4.86000013351,             0,  12.350402832, -3159.17114258,          4000, 7.73749780655, -10.5080413818, 30.2848815918
       37.175,             0, 4.86999988556,             0, 12.3329305649, -3161.77954102,          4000, 7.75269460678, -10.5080089569, 30.1429233551
         37.2,             0, 4.88000011444,             0, 12.3154811859, -3164.37402344,          4000, 7.76781082153, -10.5079755783, 30.0009498596
       37.225,             0, 4.88999986649,             0, 12.2980556488, -3166.95458984,          4000, 7.78284692764, -10.5079421997,   29.85896492
        37.25,             0, 4.90000009537,             0, 12.2806539536, -3169.52148438,          4000, 7.79780244827, -10.5079088211, 29.7169704437
       37.275,             0, 4.90999984741,             0, 12.2632761002, -3172.07446289,          4000,  7.8126783371, -10.5078763962, 29.5749721527
         37.3,             0, 4.92000007629,             0, 12.2459230423, -3174.61401367,          4000, 7.82747411728, -10.5078430176, 29.4329719543
       37.325,             0, 4.92999982834,             0, 12.2285928726, -3177.13989258,          4000, 7.84219121933, -10.5078086853, 29.2909755707
        37.35,             0, 4.94000005722,             0, 12.2112865448, -3179.65209961,          4000, 7.85682916641, -10.5077753067, 29.1489849091
       37.375,             0, 4.94999980927,             0, 12.1940050125, -3182.15112305,          4000, 7.87138843536, -10.5077419281, 29.0070018768
         37.4,             0, 4.96000003815,             0, 12.1767473221, -3184.63623047,          4000, 7.88586902618, -10.5077085495, 28.8650341034
       37.425,             0, 4.96999979019,             0, 12.1595134735, -3187.10839844,          4000, 7.90027189255, -10.5076742172, 28.7230815887
        37.45,             0, 4.98000001907,             0, 12.1423034668, -3189.56689453,          4000, 7.91459703445, -10.5076408386, 28.5811481476
       37.475,             0, 4.98999977112,             0, 12.1251192093, -3192.01220703,          4000,  7.9288444519, -10.5076065063, 28.4392375946
         37.5,             0,             5,             0,   12.10795784, -3194.4440918,          4000, 7.94301462173, -10.5075731277, 28.2973556519
       37.525,             0, 5.01000022888,             0, 12.0908212662, -3196.86303711,          4000, 7.95710802078, -10.5075387955,  28.155500412
        37.55,             0, 5.01999998093,             0, 12.0737094879, -3199.26855469,          4000, 7.97112464905, -10.5075044632, 28.0136795044
       37.575,             0, 5.03000020981,             0, 12.0566215515, -3201.66113281,          4000, 7.98506498337, -10.5074701309, 27.8718948364
         37.6,             0, 5.03999996185,             0, 12.0395584106, -3204.04052734,          4000, 7.99892902374, -10.5074367523, 27.7301483154
       37.625,             0, 5.05000019073,             0, 12.0225200653, -3206.40722656,          4000, 8.01271820068,  -10.50740242, 27.5884456635
        37.65,             0, 5.05999994278,             0, 12.0055055618, -3208.76074219,          4000, 8.02643108368, -10.5073680878, 27.4467868805
       37.675,             0, 5.07000017166,             0, 11.9885168076, -3211.10131836,          4000, 8.04006958008, -10.5073328018, 27.3051776886
         37.7,             0, 5.07999992371,             0, 11.9715518951, -3213.42919922,          4000, 8.05363273621, -10.5072984695, 27.1636180878
       37.725,             0, 5.09000015259,             0, 11.9546117783, -3215.74414062,          4000, 8.06712055206, -10.5072641373, 27.0221157074
        37.75,             0, 5.09999990463,             0, 11.9376964569, -3218.04638672,          4000,   8.080534935, -10.5072288513, 26.8806686401
       37.775,             0, 5.11000013351,             0, 11.9208068848, -3220.3359375,          4000, 8.09387588501, -10.507194519, 26.7392845154
         37.8,             0, 5.11999988556,             0, 11.9039411545, -3222.61279297,          4000, 8.10714244843, -10.5071592331, 26.5979614258
       37.825,             0, 5.13000011444,             0, 11.8871002197, -3224.87719727,          4000, 8.12033557892, -10.5071249008, 26.4567070007
        37.85,             0, 5.13999986649,             0, 11.8702850342, -3227.12890625,          4000, 8.13345623016, -10.5070896149, 26.3155212402
       37.875,             0, 5.15000009537,             0, 11.8534936905, -3229.36816406,          4000, 8.14650344849, -10.5070543289, 26.1744060516
         37.9,             0, 5.15999984741,             0,  11.836728096, -3231.5949707,          4000, 8.15947818756, -10.5070199966,  26.033367157
       37.925,             0, 5.17000007629,             0, 11.8199872971, -3233.80932617,          4000, 8.17238140106, -10.5069847107, 25.8924045563
        37.95,             0, 5.17999982834,             0, 11.8032712936, -3236.01147461,          4000, 8.18521213531, -10.5069494247, 25.7515239716
       37.975,             0, 5.19000005722,             0, 11.7865810394, -3238.20117188,          4000, 8.19797134399, -10.5069141388, 25.6107254028
           38,             0, 5.19999980927,             0, 11.7699155807, -3240.37866211,          4000,  8.2106590271, -10.5068778992, 25.4700126648
       38.025,             0, 5.21000003815,             0, 11.7532749176, -3242.54394531,          4000, 8.22327613831, -10.5068426132, 25.3293876648
        38.05,             0, 5.21999979019,             0, 11.7366600037, -3244.69702148,          4000, 8.23582172394, -10.5068073273, 25.1888542175
       38.075,             0, 5.23000001907,             0, 11.7200698853, -3246.83813477,          4000, 8.24829769135, -10.5067720413, 25.0484142303
         38.1,             0, 5.23999977112,             0, 11.7035055161, -3248.96728516,          4000, 8.26070308685, -10.5067358017, 24.9080696106
       38.125,             0,          5.25,             0, 11.6869659424, -3251.08422852,          4000, 8.27303886414, -10.5067005157, 24.7678260803
        38.15,             0, 5.26000022888,             0, 11.6704521179, -3253.18920898,          4000, 8.28530406952, -10.5066642761, 24.6276817322
       38.175,             0, 5.26999998093,             0,  11.653963089, -3255.2824707,          4000, 8.29750061035, -10.5066280365, 24.4876422882
         38.2,             0, 5.28000020981,             0, 11.6374998093, -3257.36376953,          4000, 8.30962848663, -10.5065927505, 24.3477077484
       38.225,             0, 5.28999996185,             0, 11.6210622787, -3259.43334961,          4000, 8.32168674469, -10.5065565109, 24.2078819275
        38.25,             0, 5.30000019073,             0, 11.6046495438, -3261.49121094,          4000, 8.33367729187, -10.5065202713, 24.0681667328
       38.275,             0, 5.30999994278,             0,  11.588262558, -3263.53710938,          4000, 8.34560012817, -10.5064840317,  23.928565979
         38.3,             0, 5.32000017166,             0, 11.5719003677, -3265.5715332,          4000, 8.35745429993, -10.5064477921, 23.7890796661
       38.325,             0, 5.32999992371,             0, 11.5555648804, -3267.59448242,          4000,  8.3692407608, -10.5064115524, 23.6497116089
        38.35,             0, 5.34000015259,             0, 11.5392541885, -3269.60571289,          4000,  8.3809595108, -10.5063743591, 23.5104637146
       38.375,             0, 5.34999990463,             0, 11.5229682922, -3271.60546875,          4000, 8.39261245728, -10.5063381195, 23.3713378906
         38.4,             0, 5.36000013351,             0, 11.5067090988,   -3273.59375,          4000, 8.40419769287, -10.5063018799, 23.2323360443
       38.425,             0, 5.36999988556,             0, 11.4904747009, -3275.57055664,          4000, 8.41571712494, -10.5062646866, 23.0934619904
        38.45,             0, 5.38000011444,             0, 11.4742660522, -3277.53613281,          4000,  8.4271697998, -10.506228447, 22.9547176361
       38.475,             0, 5.38999986649,             0, 11.4580831528, -3279.49023438,          4000, 8.43855667114, -10.5061912537, 22.8161029816
         38.5,             0, 5.40000009537,             0, 11.4419260025, -3281.43310547,          4000, 8.44987773895, -10.5061540604, 22.6776218414
       38.525,             0, 5.40999984741,             0, 11.4257946014, -3283.36474609,          4000, 8.46113395691, -10.5061178207, 22.5392780304
        38.55,             0, 5.42000007629,             0, 11.4096889496, -3285.28540039,          4000, 8.47232437134, -10.5060806274, 22.4010696411
       38.575,             0, 5.42999982834,             0, 11.3936080933, -3287.19482422,          4000, 8.48345088959, -10.5060434341, 22.2630004883
         38.6,             0, 5.44000005722,             0, 11.3775539398, -3289.09326172,          4000, 8.49451255798, -10.5060062408, 22.1250724792
       38.625,             0, 5.44999980927,             0, 11.3615245819, -3290.98046875,          4000,  8.5055103302, -10.5059690475, 21.9872894287
        38.65,             0, 5.46000003815,             0, 11.3455219269, -3292.85693359,          4000, 8.51644325256, -10.5059318542, 21.8496513367
       38.675,             0, 5.46999979019,             0, 11.3295440674, -3294.72216797,          4000, 8.52731323242, -10.5058937073, 21.7121601105
         38.7,             0, 5.48000001907,             0, 11.3135919571, -3296.57666016,          4000,  8.5381193161, -10.505856514, 21.5748176575
       38.725,             0, 5.48999977112,             0, 11.2976665497, -3298.42041016,          4000, 8.54886245728, -10.5058193207, 21.4376277924
        38.75,             0,           5.5,             0, 11.2817659378, -3300.25341797,          4000, 8.55954265594, -10.5057811737, 21.3005886078
       38.775,             0, 5.51000022888,             0, 11.2658910751, -3302.07543945,          4000, 8.57016086578, -10.5057439804, 21.1637058258
         38.8,             0, 5.51999998093,             0, 11.2500429153, -3303.88696289,          4000, 8.58071613312, -10.5057058334, 21.0269794464
       38.825,             0, 5.53000020981,             0, 11.2342195511, -3305.68774414,          4000, 8.59120941162, -10.5056676865,  20.890411377
        38.85,             0, 5.53999996185,             0, 11.2184228897, -3307.47802734,          4000, 8.60164165497, -10.5056295395, 20.7540035248
       38.875,             0, 5.55000019073,             0, 11.2026510239, -3309.2578125,          4000, 8.61201190948, -10.5055923462, 20.6177577972
         38.9,             0, 5.55999994278,             0, 11.1869058609, -3311.02685547,          4000, 8.62232112885, -10.5055541992, 20.4816761017
       38.925,             0, 5.57000017166,             0, 11.1711854935, -3312.78564453,          4000, 8.63256931305, -10.5055160522, 20.3457584381
        38.95,             0, 5.57999992371,             0, 11.1554918289, -3314.53393555,          4000,  8.6427564621, -10.5054779053, 20.2100086212
       38.975,             0, 5.59000015259,             0, 11.1398239136, -3316.27172852,          4000, 8.65288352966, -10.5054388046,  20.074426651
           39,             0, 5.59999990463,             0, 11.1241817474, -3317.99926758,          4000, 8.66295051575, -10.5054006577, 19.9390163422
       39.025,             0, 5.61000013351,             0, 11.1085653305, -3319.71679688,          4000, 8.67295742035, -10.5053625107, 19.8037757874
        39.05,             0, 5.61999988556,             0, 11.0929746628, -3321.42382812,          4000, 8.68290519714,  -10.50532341, 19.6687107086
       39.075,             0, 5.63000011444,             0, 11.0774097443, -3323.12060547,          4000, 8.69279289246, -10.5052852631, 19.5338191986
         39.1,             0, 5.63999986649,             0,  11.061870575, -3324.80737305,          4000, 8.70262241364, -10.5052461624,  19.399105072
       39.125,             0, 5.65000009537,             0, 11.0463581085, -3326.48413086,          4000, 8.71239280701, -10.5052080154, 19.2645683289
        39.15,             0, 5.65999984741,             0, 11.0308704376, -3328.15087891,          4000, 8.72210407257, -10.5051689148, 19.1302108765
       39.175,             0, 5.67000007629,             0, 11.0154094696, -3329.80737305,          4000, 8.73175811768, -10.5051298141, 18.9960346222
         39.2,             0, 5.67999982834,             0, 10.9999732971, -3331.45410156,          4000, 8.74135303497, -10.5050907135, 18.8620414734
       39.225,             0, 5.69000005722,             0, 10.9845638275, -3333.09082031,          4000, 8.75089073181, -10.5050516129, 18.7282314301
        39.25,             0, 5.69999980927,             0, 10.9691801071, -3334.71777344,          4000, 8.76037120819, -10.5050125122, 18.5946063995
       39.275,             0, 5.71000003815,             0, 10.9538221359, -3336.33496094,          4000, 8.76979446411, -10.5049734116, 18.4611682892
         39.3,             0, 5.71999979019,             0, 10.9384899139, -3337.94213867,          4000, 8.77916049957, -10.5049343109, 18.3279190063
       39.325,             0, 5.73000001907,             0, 10.9231834412, -3339.53979492,          4000, 8.78846931458, -10.5048952103, 18.1948566437
        39.35,             0, 5.73999977112,             0, 10.9079027176, -3341.12768555,          4000, 8.79772281647, -10.5048551559, 18.0619869232
       39.375,             0,          5.75,             0, 10.8926486969, -3342.70581055,          4000,  8.8069190979, -10.5048160553,  17.929309845
         39.4,             0, 5.76000022888,             0, 10.8774194717, -3344.27441406,          4000, 8.81606006622, -10.504776001, 17.7968235016
       39.425,             0, 5.76999998093,             0, 10.8622169495, -3345.83349609,          4000, 8.82514572144, -10.5047369003, 17.6645336151
        39.45,             0, 5.78000020981,             0, 10.8470392227, -3347.38330078,          4000, 8.83417510986, -10.504696846, 17.5324382782
       39.475,             0, 5.78999996185,             0, 10.8318881989, -3348.92333984,          4000, 8.84315013885, -10.5046567917, 17.4005413055
         39.5,             0, 5.80000019073,             0, 10.8167619705, -3350.45410156,          4000, 8.85206985474, -10.5046167374, 17.2688407898
       39.525,             0, 5.80999994278,             0, 10.8016624451, -3351.9753418,          4000, 8.86093521118, -10.5045776367, 17.1373405457
        39.55,             0, 5.82000017166,             0, 10.7865886688, -3353.48730469,          4000, 8.86974620819, -10.5045375824, 17.0060405731
       39.575,             0, 5.82999992371,             0, 10.7715406418, -3354.98999023,          4000, 8.87850189209, -10.5044975281, 16.8749408722
         39.6,             0, 5.84000015259,             0,  10.756518364, -3356.48339844,          4000,  8.8872051239, -10.5044565201, 16.7440452576
       39.625,             0, 5.84999990463,             0, 10.7415218353, -3357.96777344,          4000, 8.89585399628, -10.5044164658, 16.6133537292
        39.65,             0, 5.86000013351,             0, 10.7265501022, -3359.44262695,          4000, 8.90444946289, -10.5043764114, 16.4828662872
       39.675,             0, 5.86999988556,             0,  10.711605072, -3360.90869141,          4000, 8.91299247742, -10.5043354034, 16.3525848389
         39.7,             0, 5.88000011444,             0,  10.696685791, -3362.36547852,          4000, 8.92148208618, -10.5042953491, 16.2225112915
       39.725,             0, 5.88999986649,             0, 10.6817922592, -3363.81347656,          4000, 8.92991924286, -10.5042543411, 16.0926437378
        39.75,             0, 5.90000009537,             0, 10.6669244766, -3365.25219727,          4000, 8.93830394745, -10.5042142868, 15.9629878998
       39.775,             0, 5.90999984741,             0, 10.6520824432, -3366.68212891,          4000, 8.94663619995, -10.5041732788, 15.8335409164
         39.8,             0, 5.92000007629,             0, 10.6372661591, -3368.10327148,          4000, 8.95491695404, -10.5041322708, 15.7043046951
       39.825,             0, 5.92999982834,             0, 10.6224746704, -3369.51538086,          4000, 8.96314620972, -10.5040912628, 15.5752801895
        39.85,             0, 5.94000005722,             0, 10.6077098846, -3370.91870117,          4000, 8.97132396698, -10.5040512085, 15.4464693069
       39.875,             0, 5.94999980927,             0, 10.5929708481, -3372.31323242,          4000, 8.97945022583, -10.5040102005, 15.3178720474
         39.9,             0, 5.96000003815,             0, 10.5782566071, -3373.69897461,          4000, 8.98752498627, -10.5039682388, 15.1894893646
       39.925,             0, 5.96999979019,             0, 10.5635681152, -3375.07592773,          4000, 8.99555015564, -10.5039272308, 15.0613222122
        39.95,             0, 5.98000001907,             0, 10.5489063263, -3376.44433594,          4000, 9.00352478027, -10.5038862228, 14.9333724976
       39.975,             0, 5.98999977112,             0, 10.5342693329, -3377.80419922,          4000, 9.01144886017, -10.5038452148,  14.805639267
           40,             0,             6,             0, 10.5196580887, -3379.15551758,          4000,   9.019323349, -10.5038032532, 14.6781244278
       40.025,             0, 6.01000022888,             0,   10.50507164, -3380.49829102,          4000, 9.02714729309, -10.5037622452, 14.5508289337
        40.05,             0, 6.01999998093,             0, 10.4905118942, -3381.83227539,          4000, 9.03492259979, -10.5037202835, 14.4237527847
       40.075,             0, 6.03000020981,             0,  10.475976944, -3383.15820312,          4000, 9.04264831543, -10.5036783218, 14.2968978882
         40.1,             0, 6.03999996185,             0, 10.4614677429, -3384.47558594,          4000, 9.05032539368, -10.5036373138, 14.1702642441
       40.125,             0, 6.05000019073,             0, 10.4469842911, -3385.78442383,          4000, 9.05795288086, -10.5035953522, 14.0438518524
        40.15,             0, 6.05999994278,             0, 10.4325265884, -3387.08520508,          4000, 9.06553268433, -10.5035533905, 13.9176635742
       40.175,             0, 6.07000017166,             0, 10.4180936813, -3388.37744141,          4000,  9.0730638504, -10.5035114288, 13.7916984558
         40.2,             0, 6.07999992371,             0, 10.4036865234, -3389.66162109,          4000, 9.08054637909, -10.5034694672, 13.6659574509
       40.225,             0, 6.09000015259,             0, 10.3893051147,    -3390.9375,          4000, 9.08798217773, -10.5034275055, 13.5404415131
        40.25,             0, 6.09999990463,             0, 10.3749485016, -3392.20532227,          4000, 9.09536933899, -10.5033855438, 13.4151515961
       40.275,             0, 6.11000013351,             0, 10.3606176376, -3393.46484375,          4000,  9.1027097702, -10.5033426285, 13.2900886536
         40.3,             0, 6.11999988556,             0, 10.3463125229, -3394.71630859,          4000,  9.1100025177, -10.5033006668, 13.1652517319
       40.325,             0, 6.13000011444,             0, 10.3320322037, -3395.9597168,          4000, 9.11724948883, -10.5032577515,  13.040643692
        40.35,             0, 6.13999986649,             0, 10.3177776337, -3397.1953125,          4000, 9.12444877625, -10.5032157898, 12.9162626266
       40.375,             0, 6.15000009537,             0, 10.3035478592, -3398.42260742,          4000, 9.13160133362, -10.5031728745, 12.7921113968
         40.4,             0, 6.15999984741,             0, 10.2893438339, -3399.64208984,          4000, 9.13870811462, -10.5031309128, 12.6681900024
       40.425,             0, 6.17000007629,             0, 10.2751655579, -3400.85375977,          4000, 9.14576911926, -10.5030879974, 12.5444984436
        40.45,             0, 6.17999982834,             0, 10.2610120773, -3402.05761719,          4000, 9.15278434753, -10.5030450821,  12.421037674
       40.475,             0, 6.19000005722,             0, 10.2468833923, -3403.25341797,          4000, 9.15975379944, -10.5030021667, 12.2978076935
         40.5,             0, 6.19999980927,             0, 10.2327804565, -3404.44165039,          4000, 9.16667747498, -10.5029592514, 12.1748094559
       40.525,             0, 6.21000003815,             0,   10.21870327, -3405.62207031,          4000, 9.17355632782, -10.5029163361, 12.0520439148
        40.55,             0, 6.21999979019,             0, 10.2046499252, -3406.79492188,          4000, 9.18039035797, -10.5028734207, 11.9295110703
       40.575,             0, 6.23000001907,             0, 10.1906223297, -3407.95996094,          4000,  9.1871805191, -10.5028295517, 11.8072118759
         40.6,             0, 6.23999977112,             0, 10.1766204834, -3409.11743164,          4000, 9.19392490387, -10.5027866364, 11.6851463318
       40.625,             0,          6.25,             0, 10.1626434326, -3410.26708984,          4000, 9.20062541962, -10.502743721, 11.5633153915
        40.65,             0, 6.26000022888,             0, 10.1486911774, -3411.40942383,          4000, 9.20728302002, -10.502699852, 11.4417190552
       40.675,             0, 6.26999998093,             0, 10.1347637177, -3412.54418945,          4000, 9.21389579773, -10.5026569366, 11.3203573227
         40.7,             0, 6.28000020981,             0, 10.1208620071, -3413.67138672,          4000, 9.22046470642, -10.5026130676, 11.1992321014
       40.725,             0, 6.28999996185,             0, 10.1069850922, -3414.79125977,          4000, 9.22699069977, -10.5025691986, 11.0783424377
        40.75,             0, 6.30000019073,             0, 10.0931329727, -3415.90380859,          4000, 9.23347377777, -10.5025253296,  10.957690239
       40.775,             0, 6.30999994278,             0, 10.0793066025, -3417.00878906,          4000, 9.23991298676, -10.5024814606, 10.8372735977
         40.8,             0, 6.32000017166,             0, 10.0655040741, -3418.10668945,          4000, 9.24631023407, -10.5024375916, 10.7170953751
       40.825,             0, 6.32999992371,             0, 10.0517272949, -3419.19702148,          4000, 9.25266551971, -10.5023937225, 10.5971546173
        40.85,             0, 6.34000015259,             0, 10.0379753113, -3420.28027344,          4000, 9.25897789001, -10.5023498535, 10.4774513245
       40.875,             0, 6.34999990463,             0, 10.0242471695, -3421.35620117,          4000, 9.26524829865, -10.5023059845, 10.3579874039
         40.9,             0, 6.36000013351,             0, 10.0105447769, -3422.42504883,          4000, 9.27147674561, -10.5022621155, 10.2387619019
       40.925,             0, 6.36999988556,             0, 9.99686717987, -3423.48657227,          4000,  9.2776632309, -10.5022172928, 10.1197748184
        40.95,             0, 6.38000011444,             0, 9.98321437836, -3424.54101562,          4000, 9.28380870819, -10.5021734238, 10.0010280609
       40.975,             0, 6.38999986649,             0, 9.96958637238, -3425.58862305,          4000, 9.28991222382, -10.5021286011, 9.88252067566
           41,             0, 6.40000009537,             0, 9.95598316193, -3426.62890625,          4000, 9.29597568512, -10.5020847321, 9.76425266266
       41.025,             0, 6.40999984741,             0, 9.94240379333, -3427.66235352,          4000, 9.30199718475, -10.5020399094, 9.64622592926
        41.05,             0, 6.42000007629,             0, 9.92885017395, -3428.6887207,          4000, 9.30797863007, -10.5019950867, 9.52843952179
       41.075,             0, 6.42999982834,             0,  9.9153213501, -3429.70800781,          4000, 9.31392002106, -10.501950264, 9.41089344025
         41.1,             0, 6.44000005722,             0,  9.9018163681, -3430.72070312,          4000, 9.31982040405, -10.5019054413, 9.29358959198
       41.125,             0, 6.44999980927,             0, 9.88833618164, -3431.72631836,          4000,  9.3256816864, -10.5018606186, 9.17652606964
        41.15,             0, 6.46000003815,             0, 9.87488079071, -3432.7253418,          4000, 9.33150291443, -10.5018157959, 9.05970478058
       41.175,             0, 6.46999979019,             0, 9.86144924164, -3433.71728516,          4000, 9.33728408813, -10.5017709732, 8.94312477112
         41.2,             0, 6.48000001907,             0, 9.84804344177, -3434.70263672,          4000, 9.34302616119, -10.5017251968, 8.82678699493
       41.225,             0, 6.48999977112,             0, 9.83466148376, -3435.68115234,          4000, 9.34872913361, -10.5016803741, 8.71069145203
        41.25,             0,           6.5,             0, 9.82130336761, -3436.65307617,          4000, 9.35439300537, -10.5016355515,  8.5948381424
       41.275,             0, 6.51000022888,             0, 9.80797100067, -3437.61816406,          4000, 9.36001777649, -10.5015897751, 8.47922801971
         41.3,             0, 6.51999998093,             0, 9.79466152191, -3438.5769043,          4000, 9.36560344696, -10.5015439987, 8.36386013031
       41.325,             0, 6.53000020981,             0, 9.78137779236, -3439.52880859,          4000, 9.37115192413, -10.501499176, 8.24873542786
        41.35,             0, 6.53999996185,             0, 9.76811790466, -3440.47412109,          4000, 9.37666130066, -10.5014533997, 8.13385391235
       41.375,             0, 6.55000019073,             0, 9.75488185883, -3441.41308594,          4000, 9.38213253021, -10.5014076233,  8.0192155838
         41.4,             0, 6.55999994278,             0, 9.74167060852, -3442.34545898,          4000, 9.38756656647, -10.5013618469, 7.90482091904
       41.425,             0, 6.57000017166,             0, 9.72848320007, -3443.27148438,          4000, 9.39296245575, -10.5013160706, 7.79066944122
        41.45,             0, 6.57999992371,             0, 9.71532058716, -3444.19091797,          4000, 9.39832115173, -10.5012702942, 7.67676210403
       41.475,             0, 6.59000015259,             0,  9.7021818161, -3445.10400391,          4000, 9.40364265442, -10.5012245178,  7.5630979538
         41.5,             0, 6.59999990463,             0,  9.6890668869, -3446.01098633,          4000, 9.40892696381, -10.5011777878, 7.44967794418
       41.525,             0, 6.61000013351,             0, 9.67597675323, -3446.91137695,          4000, 9.41417503357, -10.5011320114,  7.3365020752
        41.55,             0, 6.61999988556,             0, 9.66291046143, -3447.80541992,          4000, 9.41938591003, -10.501086235,    7.22356987
       41.575,             0, 6.63000011444,             0, 9.64986801147, -3448.69335938,          4000,  9.4245595932, -10.501039505, 7.11088180542
         41.6,             0, 6.63999986649,             0, 9.63684940338, -3449.57495117,          4000, 9.42969799042, -10.5009937286, 6.99843835831
       41.625,             0, 6.65000009537,             0, 9.62385559082, -3450.45043945,          4000, 9.43479919434, -10.5009469986, 6.88623857498
        41.65,             0, 6.65999984741,             0, 9.61088562012, -3451.31958008,          4000,  9.4398651123, -10.5009002686, 6.77428388596
       41.675,             0, 6.67000007629,             0,  9.5979385376, -3452.18286133,          4000, 9.44489574432, -10.5008535385, 6.66257286072
         41.7,             0, 6.67999982834,             0, 9.58501625061, -3453.03979492,          4000, 9.44989013672, -10.5008068085, 6.55110645294
       41.725,             0, 6.69000005722,             0, 9.57211780548,  -3453.890625,          4000, 9.45484924316, -10.5007600784, 6.43988466263
        41.75,             0, 6.69999980927,             0, 9.55924320221, -3454.7355957,          4000, 9.45977306366, -10.5007133484, 6.32890701294
       41.775,             0, 6.71000003815,             0, 9.54639148712, -3455.57446289,          4000, 9.46466255188, -10.5006666183, 6.21817398071
         41.8,             0, 6.71999979019,             0, 9.53356456757, -3456.4074707,          4000, 9.46951580048, -10.5006198883, 6.10768508911
       41.825,             0, 6.73000001907,             0, 9.52076148987,  -3457.234375,          4000, 9.47433567047, -10.5005722046, 5.99744081497
        41.85,             0, 6.73999977112,             0, 9.50798130035, -3458.05541992,          4000, 9.47912025452, -10.5005254745, 5.88744115829
       41.875,             0,          6.75,             0,  9.4952249527, -3458.87060547,          4000, 9.48387145996, -10.5004777908, 5.77768564224
         41.9,             0, 6.76000022888,             0,  9.4824924469, -3459.67993164,          4000, 9.48858737946, -10.5004310608, 5.66817474365
       41.925,             0, 6.76999998093,             0, 9.46978378296, -3460.48339844,          4000, 9.49326992035, -10.5003833771, 5.55890798569
        41.95,             0, 6.78000020981,             0, 9.45709896088,   -3461.28125,          4000, 9.49791908264, -10.5003356934, 5.44988584518
       41.975,             0, 6.78999996185,             0, 9.44443702698, -3462.07299805,          4000, 9.50253391266, -10.5002880096, 5.34110784531
           42,             0, 6.80000019073,             0, 9.43179798126,  -3462.859375,          4000, 9.50711631775, -10.5002412796, 5.23257398605
       42.025,             0, 6.80999994278,             0, 9.41918373108, -3463.63964844,          4000, 9.51166439056, -10.5001935959, 5.12428426743
        42.05,             0, 6.82000017166,             0, 9.40659236908, -3464.41455078,          4000, 9.51618003845, -10.5001449585, 5.01623868942
       42.075,             0, 6.82999992371,             0, 9.39402389526, -3465.18383789,          4000, 9.52066230774, -10.5000972748, 4.90843677521
         42.1,             0, 6.84000015259,             0, 9.38147926331, -3465.94726562,          4000,  9.5251121521, -10.5000495911, 4.80087947845
       42.125,             0, 6.84999990463,             0, 9.36895847321, -3466.70532227,          4000, 9.52952957153, -10.5000019073, 4.69356536865
        42.15,             0, 6.86000013351,             0, 9.35646057129, -3467.45751953,          4000, 9.53391456604,  -10.49995327, 4.58649539948
       42.175,             0, 6.86999988556,             0, 9.34398555756, -3468.20458984,          4000, 9.53826713562, -10.4999055862, 4.47966909409
         42.2,             0, 6.88000011444,             0, 9.33153343201, -3468.94580078,          4000, 9.54258823395, -10.4998569489, 4.37308645248
       42.225,             0, 6.88999986649,             0, 9.31910514832, -3469.68188477,          4000, 9.54687690735, -10.4998083115, 4.26674699783
        42.25,             0, 6.90000009537,             0, 9.30669975281, -3470.41235352,          4000, 9.55113315582, -10.4997606277, 4.16065073013
       42.275,             0, 6.90999984741,             0, 9.29431819916, -3471.13720703,          4000, 9.55535888672, -10.4997119904, 4.05479812622
         42.3,             0, 6.92000007629,             0, 9.28195858002, -3471.85693359,          4000, 9.55955314636, -10.499663353, 3.94918823242
       42.325,             0, 6.92999982834,             0, 9.26962280273, -3472.57128906,          4000, 9.56371593475, -10.4996147156, 3.84382128716
        42.35,             0, 6.94000005722,             0, 9.25730991364, -3473.28027344,          4000, 9.56784820557, -10.4995660782, 3.73869729042
       42.375,             0, 6.94999980927,             0, 9.24501991272, -3473.98388672,          4000, 9.57194900513, -10.4995174408, 3.63381576538
         42.4,             0, 6.96000003815,             0, 9.23275279999, -3474.68237305,          4000, 9.57601928711, -10.4994678497, 3.52917671204
       42.425,             0, 6.96999979019,             0, 9.22050857544, -3475.37548828,          4000, 9.58005905151, -10.4994192123, 3.42478013039
        42.45,             0, 6.98000001907,             0, 9.20828723907, -3476.06347656,          4000, 9.58406829834, -10.499370575, 3.32062554359
       42.475,             0, 6.98999977112,             0, 9.19608879089, -3476.74633789,          4000, 9.58804702759, -10.4993209839, 3.21671295166
         42.5,             0,             7,             0, 9.18391227722, -3477.42382812,          4000, 9.59199619293, -10.4992713928, 3.11304235458
       42.525,             0, 7.01000022888,             0, 9.17175960541, -3478.09643555,          4000, 9.59591579437, -10.4992227554, 3.00961327553
        42.55,             0, 7.01999998093,             0, 9.15962982178, -3478.76367188,          4000, 9.59980487823, -10.4991731644, 2.90642547607
       42.575,             0, 7.03000020981,             0, 9.14752197266, -3479.42602539,          4000, 9.60366439819, -10.4991235733, 2.80347919464
         42.6,             0, 7.03999996185,             0, 9.13543701172, -3480.08325195,          4000, 9.60749530792, -10.4990739822, 2.70077395439
       42.625,             0, 7.05000019073,             0, 9.12337398529, -3480.73535156,          4000, 9.61129570007, -10.4990243912, 2.59830951691
        42.65,             0, 7.05999994278,             0, 9.11133480072, -3481.38256836,          4000, 9.61506748199, -10.4989748001, 2.49608564377
       42.675,             0, 7.07000017166,             0, 9.09931755066, -3482.02490234,          4000, 9.61881065369, -10.498925209, 2.39410233498
         42.7,             0, 7.07999992371,             0, 9.08732223511, -3482.66210938,          4000, 9.62252521515, -10.498875618, 2.29235911369
       42.725,             0, 7.09000015259,             0, 9.07534980774, -3483.29443359,          4000, 9.62621021271, -10.4988250732, 2.19085597992
        42.75,             0, 7.09999990463,             0, 9.06340026855, -3483.92211914,          4000, 9.62986755371, -10.4987754822, 2.08959269524
       42.775,             0, 7.11000013351,             0, 9.05147266388, -3484.54467773,          4000, 9.63349533081, -10.4987249374, 1.98856890202
         42.8,             0, 7.11999988556,             0, 9.03956699371, -3485.16235352,          4000, 9.63709640503, -10.4986753464, 1.88778436184
       42.825,             0, 7.13000011444,             0, 9.02768421173, -3485.77539062,          4000, 9.64066791534, -10.4986248016,  1.7872389555
        42.85,             0, 7.13999986649,             0, 9.01582336426, -3486.38354492,          4000, 9.64421272278, -10.4985742569, 1.68693244457
       42.875,             0, 7.15000009537,             0, 9.00398540497, -3486.98706055,          4000, 9.64772987366, -10.4985237122, 1.58686447144
         42.9,             0, 7.15999984741,             0, 8.99216938019, -3487.58569336,          4000, 9.65121841431, -10.4984731674, 1.48703479767
       42.925,             0, 7.17000007629,             0, 8.98037528992, -3488.1796875,          4000, 9.65468025208, -10.4984226227, 1.38744318485
        42.95,             0, 7.17999982834,             0, 8.96860313416, -3488.76879883,          4000, 9.65811443329, -10.4983720779, 1.28808951378
       42.975,             0, 7.19000005722,             0,  8.9568529129, -3489.35351562,          4000, 9.66152095795, -10.4983215332, 1.18897330761
           43,             0, 7.19999980927,             0, 8.94512557983, -3489.93334961,          4000,  9.6649017334, -10.4982709885, 1.09009432793
       43.025,             0, 7.21000003815,             0,  8.9334192276, -3490.50878906,          4000, 9.66825485229, -10.4982194901, 0.991452455521
        43.05,             0, 7.21999979019,             0, 8.92173576355, -3491.07958984,          4000, 9.67158126831, -10.4981689453, 0.893047332764
       43.075,             0, 7.23000001907,             0, 8.91007328033, -3491.64575195,          4000, 9.67488098145, -10.4981174469, 0.794878661633
         43.1,             0, 7.23999977112,             0,  8.8984336853, -3492.20751953,          4000,  9.6781539917, -10.4980669022, 0.696946144104
       43.125,             0,          7.25,             0, 8.88681507111, -3492.76464844,          4000, 9.68140125275, -10.4980154037, 0.599249482155
        43.15,             0, 7.26000022888,             0, 8.87521839142, -3493.31738281,          4000, 9.68462276459, -10.4979639053, 0.501788496971
       43.175,             0, 7.26999998093,             0, 8.86364364624, -3493.86547852,          4000, 9.68781757355, -10.4979124069, 0.404562741518
         43.2,             0, 7.28000020981,             0, 8.85209083557, -3494.40942383,          4000,  9.6909866333, -10.4978609085, 0.307572036982
       43.225,             0, 7.28999996185,             0, 8.84055995941, -3494.94873047,          4000, 9.69412994385, -10.4978094101, 0.210816010833
        43.25,             0, 7.30000019073,             0, 8.82905006409, -3495.48364258,          4000, 9.69724750519, -10.4977579117, 0.114294394851
       43.275,             0, 7.30999994278,             0, 8.81756210327, -3496.01416016,          4000,   9.700340271, -10.4977064133, 0.0180068667978
         43.3,             0, 7.32000017166,             0, 8.80609607697, -3496.54052734,          4000,  9.7034072876, -10.4976549149, -0.078046888113
       43.325,             0, 7.32999992371,             0, 8.79465103149,    -3497.0625,          4000, 9.70644855499, -10.4976024628, -0.173867180943
        43.35,             0, 7.34000015259,             0, 8.78322792053, -3497.58007812,          4000, 9.70946598053, -10.4975509644, -0.269454330206
       43.375,             0, 7.34999990463,             0, 8.77182579041, -3498.09350586,          4000, 9.71245765686, -10.4974985123, -0.364808648825
         43.4,             0, 7.36000013351,             0, 8.76044559479, -3498.60253906,          4000, 9.71542453766, -10.4974470139, -0.459930479527
       43.425,             0, 7.36999988556,             0,    8.74908638, -3499.10742188,          4000, 9.71836662292, -10.4973945618, -0.554820120335
        43.45,             0, 7.38000011444,             0, 8.73774909973, -3499.6081543,          4000, 9.72128486633, -10.4973421097, -0.649477958679
       43.475,             0, 7.38999986649,             0, 8.72643184662, -3500.10449219,          4000, 9.72417831421, -10.4972896576, -0.743904292583
         43.5,             0, 7.40000009537,             0, 8.71513748169, -3500.59692383,          4000, 9.72704792023, -10.4972372055, -0.838099479675
       43.525,             0, 7.40999984741,             0, 8.70386314392, -3501.08496094,          4000, 9.72989273071, -10.4971847534, -0.932063758373
        43.55,             0, 7.42000007629,             0, 8.69261074066, -3501.5690918,          4000, 9.73271369934, -10.4971323013, -1.02579760551
       43.575,             0, 7.42999982834,             0, 8.68137836456, -3502.04907227,          4000, 9.73551177979, -10.4970798492, -1.11930131912
         43.6,             0, 7.44000005722,             0, 8.67016792297, -3502.52514648,          4000,  9.7382850647, -10.4970264435, -1.21257519722
       43.625,             0, 7.44999980927,             0, 8.65897941589, -3502.99682617,          4000, 9.74103546143, -10.4969739914, -1.30561971664
        43.65,             0, 7.46000003815,             0, 8.64781093597, -3503.46484375,          4000,  9.7437620163, -10.4969205856, -1.39843511581
       43.675,             0, 7.46999979019,             0, 8.63666343689, -3503.92871094,          4000, 9.74646472931, -10.4968681335, -1.49102175236
         43.7,             0, 7.48000001907,             0, 8.62553691864, -3504.38842773,          4000, 9.74914550781, -10.4968147278, -1.58338010311
       43.725,             0, 7.48999977112,             0, 8.61443138123, -3504.84423828,          4000, 9.75180244446, -10.496761322, -1.67551040649
        43.75,             0,           7.5,             0, 8.60334682465, -3505.29638672,          4000, 9.75443649292, -10.4967079163, -1.76741302013
       43.775,             0, 7.51000022888,             0,  8.5922832489, -3505.74438477,          4000,  9.7570476532, -10.4966554642, -1.85908830166
         43.8,             0, 7.51999998093,             0, 8.58123970032, -3506.18847656,          4000, 9.75963592529, -10.4966020584, -1.95053684711
       43.825,             0, 7.53000020981,             0, 8.57021808624, -3506.62890625,          4000, 9.76220226288, -10.496547699, -2.04175877571
        43.85,             0, 7.53999996185,             0, 8.55921649933, -3507.06518555,          4000, 9.76474571228, -10.4964942932, -2.13275432587
       43.875,             0, 7.55000019073,             0, 8.54823589325, -3507.49780273,          4000,  9.7672662735, -10.4964408875, -2.22352433205
         43.9,             0, 7.55999994278,             0, 8.53727531433, -3507.92651367,          4000, 9.76976585388, -10.4963874817, -2.31406879425
       43.925,             0, 7.57000017166,             0, 8.52633571625, -3508.3515625,          4000, 9.77224254608, -10.4963331223, -2.40438842773
        43.95,             0, 7.57999992371,             0,   8.515417099, -3508.77270508,          4000, 9.77469730377, -10.4962797165, -2.4944832325
       43.975,             0, 7.59000015259,             0, 8.50451850891, -3509.19018555,          4000, 9.77713108063, -10.4962253571, -2.5843539238
           44,             0, 7.59999990463,             0, 8.49363994598, -3509.60400391,          4000,  9.7795419693, -10.4961709976, -2.67400050163
       44.025,             0, 7.61000013351,             0, 8.48278331757, -3510.01416016,          4000, 9.78193187714, -10.4961166382, -2.76342368126
        44.05,             0, 7.61999988556,             0, 8.47194576263, -3510.42041016,          4000, 9.78429985046, -10.4960632324, -2.8526237011
       44.075,             0, 7.63000011444,             0, 8.46112918854, -3510.82324219,          4000, 9.78664684296, -10.496008873, -2.9416012764
         44.1,             0, 7.63999986649,             0,  8.4503326416, -3511.22216797,          4000, 9.78897285461, -10.4959545135, -3.03035616875
       44.125,             0, 7.65000009537,             0, 8.43955612183, -3511.61767578,          4000, 9.79127788544, -10.4958992004, -3.11888933182
        44.15,             0, 7.65999984741,             0, 8.42880058289, -3512.00952148,          4000, 9.79356098175, -10.495844841, -3.20720100403
       44.175,             0, 7.67000007629,             0, 8.41806507111, -3512.39770508,          4000,  9.7958240509, -10.4957904816, -3.2952914238
         44.2,             0, 7.67999982834,             0, 8.40734958649, -3512.7824707,          4000, 9.79806518555, -10.4957351685, -3.38316130638
       44.225,             0, 7.69000005722,             0, 8.39665412903, -3513.16357422,          4000,  9.8002872467, -10.495680809, -3.47081065178
        44.25,             0, 7.69999980927,             0, 8.38597869873, -3513.54101562,          4000, 9.80248737335, -10.4956254959, -3.55824017525
       44.275,             0, 7.71000003815,             0, 8.37532329559, -3513.9152832,          4000, 9.80466747284, -10.4955711365, -3.64545035362
         44.3,             0, 7.71999979019,             0, 8.36468887329, -3514.28588867,          4000, 9.80682754517, -10.4955158234, -3.7324411869
       44.325,             0, 7.73000001907,             0, 8.35407352448, -3514.65283203,          4000, 9.80896759033, -10.4954605103, -3.81921339035
        44.35,             0, 7.73999977112,             0, 8.34347820282, -3515.01660156,          4000, 9.81108760834, -10.4954051971, -3.90576720238
       44.375,             0,          7.75,             0, 8.33290290833, -3515.37695312,          4000, 9.81318664551, -10.495349884, -3.99210333824
         44.4,             0, 7.76000022888,             0, 8.32234764099, -3515.73364258,          4000, 9.81526660919, -10.4952945709, -4.07822179794
       44.425,             0, 7.76999998093,             0, 8.31181144714, -3516.0871582,          4000, 9.81732654572, -10.4952392578, -4.16412353516
        44.45,             0, 7.78000020981,             0, 8.30129528046, -3516.43725586,          4000, 9.81936740875, -10.4951839447, -4.24980831146
       44.475,             0, 7.78999996185,             0, 8.29079914093, -3516.78393555,          4000, 9.82138824463, -10.4951276779, -4.33527708054
         44.5,             0, 7.80000019073,             0, 8.28032302856, -3517.12744141,          4000, 9.82338905334, -10.4950723648, -4.42053031921
       44.525,             0, 7.80999994278,             0, 8.26986598969, -3517.4675293,          4000, 9.82537174225, -10.495016098, -4.50556755066
        44.55,             0, 7.82000017166,             0, 8.25942897797, -3517.80419922,          4000, 9.82733440399, -10.4949607849, -4.59039020538
       44.575,             0, 7.82999992371,             0, 8.24901199341, -3518.13793945,          4000, 9.82927799225, -10.4949045181, -4.67499828339
         44.6,             0, 7.84000015259,             0, 8.23861312866, -3518.46801758,          4000, 9.83120250702, -10.4948482513, -4.75939226151
       44.625,             0, 7.84999990463,             0, 8.22823524475, -3518.79516602,          4000, 9.83310890198, -10.4947919846, -4.84357261658
        44.65,             0, 7.86000013351,             0, 8.21787548065, -3519.11889648,          4000, 9.83499526978, -10.4947357178, -4.92753982544
       44.675,             0, 7.86999988556,             0, 8.20753669739, -3519.43945312,          4000, 9.83686351776, -10.494679451, -5.01129388809
         44.7,             0, 7.88000011444,             0, 8.19721603394, -3519.75683594,          4000, 9.83871364594, -10.4946231842, -5.09483575821
       44.725,             0, 7.88999986649,             0, 8.18691539764, -3520.07104492,          4000, 9.84054470062, -10.4945669174, -5.17816591263
        44.75,             0, 7.90000009537,             0, 8.17663383484, -3520.38208008,          4000,  9.8423576355, -10.494509697, -5.26128435135
       44.775,             0, 7.90999984741,             0, 8.16637134552, -3520.68994141,          4000, 9.84415245056, -10.4944534302, -5.34419155121
         44.8,             0, 7.92000007629,             0, 8.15612888336, -3520.99487305,          4000, 9.84592914581, -10.4943962097, -5.42688798904
       44.825,             0, 7.92999982834,             0, 8.14590454102, -3521.29663086,          4000, 9.84768772125, -10.4943399429, -5.50937461853
        44.85,             0, 7.94000005722,             0, 8.13570022583, -3521.59521484,          4000, 9.84942817688, -10.4942827225, -5.59165096283
       44.875,             0, 7.94999980927,             0, 8.12551403046,  -3521.890625,          4000,  9.8511505127, -10.494225502, -5.67371845245
         44.9,             0, 7.96000003815,             0, 8.11534786224, -3522.18334961,          4000, 9.85285568237, -10.4941692352, -5.75557661057
       44.925,             0, 7.96999979019,             0, 8.10520076752, -3522.47265625,          4000, 9.85454273224, -10.4941120148, -5.83722639084
        44.95,             0, 7.98000001907,             0,  8.0950717926, -3522.75927734,          4000, 9.85621166229, -10.4940547943, -5.91866827011
       44.975,             0, 7.98999977112,             0, 8.08496284485, -3523.04272461,          4000, 9.85786437988, -10.4939966202, -5.99990224838
           45,             0,             8,             0, 8.07487201691, -3523.32324219,          4000, 9.85949897766, -10.4939393997, -6.08092927933
       45.025,             0, 8.01000022888,             0, 8.06480026245, -3523.60058594,          4000,  9.8611164093, -10.4938821793, -6.16174983978
        45.05,             0, 8.02000045776,             0, 8.05474758148, -3523.87524414,          4000,  9.8627166748, -10.4938249588, -6.24236345291
       45.075,             0, 8.02999973297,             0,   8.044713974, -3524.14697266,          4000, 9.86429977417, -10.4937667847, -6.32277154922
         45.1,             0, 8.03999996185,             0, 8.03469848633, -3524.41552734,          4000,  9.8658657074, -10.4937095642, -6.40297460556
       45.125,             0, 8.05000019073,             0, 8.02470207214, -3524.68139648,          4000, 9.86741542816, -10.4936513901, -6.48297214508
        45.15,             0, 8.06000041962,             0, 8.01472377777, -3524.94433594,          4000, 9.86894798279, -10.4935932159, -6.5627655983
       45.175,             0, 8.06999969482,             0, 8.00476455688, -3525.20458984,          4000, 9.87046337128, -10.4935350418, -6.64235448837
         45.2,             0, 8.07999992371,             0, 7.99482440948, -3525.46166992,          4000, 9.87196350098, -10.4934768677, -6.72174024582
       45.225,             0, 8.09000015259,             0,  7.9849023819, -3525.71606445,          4000, 9.87344551086, -10.4934186935, -6.8009223938
        45.25,             0, 8.10000038147,             0, 7.97499895096, -3525.96777344,          4000, 9.87491226196, -10.4933605194, -6.87990188599
       45.275,             0, 8.10999965668,             0, 7.96511411667, -3526.21655273,          4000, 9.87636184692, -10.4933023453, -6.95867919922
         45.3,             0, 8.11999988556,             0, 7.95524787903, -3526.46264648,          4000,  9.8777961731, -10.4932441711, -7.03725481033
       45.325,             0, 8.13000011444,             0,  7.9453997612, -3526.70581055,          4000, 9.87921333313, -10.4931850433, -7.11562871933
        45.35,             0, 8.14000034332,             0, 7.93557024002, -3526.94628906,          4000, 9.88061523438, -10.4931268692, -7.19380187988
       45.375,             0, 8.14999961853,             0, 7.92575883865, -3527.18408203,          4000, 9.88200092316, -10.4930677414, -7.27177476883
         45.4,             0, 8.15999984741,             0, 7.91596603394, -3527.41894531,          4000, 9.88337039948, -10.4930095673, -7.34954738617
       45.425,             0, 8.17000007629,             0, 7.90619134903, -3527.65136719,          4000,   9.884724617, -10.4929504395, -7.42712020874
        45.45,             0, 8.18000030518,             0, 7.89643478394, -3527.88110352,          4000, 9.88606262207, -10.4928913116, -7.50449419022
       45.475,             0, 8.18999958038,             0, 7.88669681549, -3528.10791016,          4000, 9.88738536835, -10.4928321838, -7.5816693306
         45.5,             0, 8.19999980927,             0, 7.87697649002, -3528.33227539,          4000, 9.88869285583, -10.492773056, -7.65864610672
       45.525,             0, 8.21000003815,             0,  7.8672747612, -3528.55395508,          4000, 9.88998508453, -10.4927139282, -7.73542499542
        45.55,             0, 8.22000026703,             0, 7.85759067535, -3528.77294922,          4000, 9.89126110077, -10.4926548004, -7.81200695038
       45.575,             0, 8.22999954224,             0, 7.84792518616, -3528.98925781,          4000, 9.89252281189, -10.4925956726, -7.88839149475
         45.6,             0, 8.23999977112,             0, 7.83827733994,  -3529.203125,          4000, 9.89376831055, -10.4925355911, -7.96458005905
       45.625,             0,          8.25,             0, 7.82864713669, -3529.41430664,          4000, 9.89499950409, -10.4924764633, -8.04057216644
        45.65,             0, 8.26000022888,             0, 7.81903553009, -3529.62304688,          4000, 9.89621543884, -10.4924173355, -8.11636924744
       45.675,             0, 8.27000045776,             0, 7.80944156647, -3529.82910156,          4000, 9.89741706848, -10.492357254, -8.1919708252
         45.7,             0, 8.27999973297,             0, 7.79986524582, -3530.03271484,          4000, 9.89860343933, -10.4922971725, -8.26737785339
       45.725,             0, 8.28999996185,             0, 7.79030704498, -3530.23364258,          4000, 9.89977455139, -10.4922370911, -8.34259033203
        45.75,             0, 8.30000019073,             0, 7.78076648712, -3530.43212891,          4000, 9.90093135834, -10.4921779633, -8.41760921478
       45.775,             0, 8.31000041962,             0, 7.77124357224, -3530.62817383,          4000, 9.90207386017, -10.4921178818, -8.49243545532
         45.8,             0, 8.31999969482,             0, 7.76173830032, -3530.8215332,          4000, 9.90320205688, -10.4920568466, -8.56706809998
       45.825,             0, 8.32999992371,             0, 7.75225114822, -3531.01269531,          4000, 9.90431499481, -10.4919967651, -8.64150905609
        45.85,             0, 8.34000015259,             0, 7.74278116226, -3531.20117188,          4000,  9.9054145813, -10.4919366837,   -8.71575737
       45.875,             0, 8.35000038147,             0, 7.73332929611, -3531.38745117,          4000, 9.90649986267, -10.4918766022, -8.78981494904
         45.9,             0, 8.35999965668,             0,  7.7238945961, -3531.57128906,          4000, 9.90757083893, -10.491815567, -8.86368083954
       45.925,             0, 8.36999988556,             0, 7.71447753906, -3531.75244141,          4000, 9.90862751007, -10.4917554855, -8.93735694885
        45.95,             0, 8.38000011444,             0, 7.70507764816, -3531.93139648,          4000,  9.9096698761, -10.4916944504, -9.0108423233
       45.975,             0, 8.39000034332,             0, 7.69569540024, -3532.10791016,          4000, 9.91069889069, -10.4916334152, -9.08413791656
           46,             0, 8.39999961853,             0, 7.68633079529, -3532.28198242,          4000, 9.91171360016, -10.4915733337, -9.15724468231
       46.025,             0, 8.40999984741,             0, 7.67698335648, -3532.45385742,          4000, 9.91271495819, -10.4915122986, -9.23016166687
        46.05,             0, 8.42000007629,             0,  7.6676530838, -3532.62329102,          4000, 9.91370296478, -10.4914512634, -9.30289173126
       46.075,             0, 8.43000030518,             0,  7.6583404541, -3532.79052734,          4000, 9.91467666626, -10.4913902283, -9.37543296814
         46.1,             0, 8.43999958038,             0, 7.64904499054, -3532.95532227,          4000,  9.9156370163, -10.4913291931, -9.44778728485
       46.125,             0, 8.44999980927,             0, 7.63976669312, -3533.11767578,          4000, 9.91658401489, -10.4912672043, -9.5199546814
        46.15,             0, 8.46000003815,             0, 7.63050556183, -3533.27783203,          4000, 9.91751766205, -10.4912061691, -9.59193515778
       46.175,             0, 8.47000026703,             0, 7.62126159668, -3533.43579102,          4000, 9.91843795776, -10.491145134, -9.66372966766
         46.2,             0, 8.47999954224,             0, 7.61203479767, -3533.59155273,          4000, 9.91934585571, -10.4910831451, -9.73533916473
       46.225,             0, 8.48999977112,             0, 7.60282468796, -3533.74487305,          4000, 9.92023944855, -10.4910211563, -9.80676269531
        46.25,             0,           8.5,             0, 7.59363222122, -3533.89599609,          4000, 9.92112064362, -10.4909601212, -9.87800216675
       46.275,             0, 8.51000022888,             0, 7.58445644379, -3534.04492188,          4000, 9.92198848724, -10.4908981323, -9.94905662537
         46.3,             0, 8.52000045776,             0, 7.57529783249, -3534.19165039,          4000, 9.92284393311, -10.4908361435, -10.0199279785
       46.325,             0, 8.52999973297,             0, 7.56615591049, -3534.33618164,          4000, 9.92368602753, -10.4907741547, -10.0906152725
        46.35,             0, 8.53999996185,             0, 7.55703115463, -3534.47851562,          4000, 9.92451572418, -10.4907121658, -10.1611204147
       46.375,             0, 8.55000019073,             0, 7.54792308807, -3534.61865234,          4000, 9.92533302307, -10.490650177, -10.2314424515
         46.4,             0, 8.56000041962,             0, 7.53883171082, -3534.75683594,          4000, 9.92613697052, -10.4905881882, -10.3015832901
       46.425,             0, 8.56999969482,             0, 7.52975702286, -3534.89257812,          4000,  9.9269285202, -10.4905252457, -10.3715419769
        46.45,             0, 8.57999992371,             0, 7.52069950104, -3535.02636719,          4000, 9.92770767212, -10.4904632568, -10.4413194656
       46.475,             0, 8.59000015259,             0, 7.51165866852, -3535.15795898,          4000, 9.92847442627, -10.4904003143, -10.5109167099
         46.5,             0, 8.60000038147,             0, 7.50263404846, -3535.28735352,          4000, 9.92922973633, -10.4903383255, -10.5803337097
       46.525,             0, 8.60999965668,             0, 7.49362659454, -3535.41479492,          4000, 9.92997169495, -10.490275383, -10.6495714188
        46.55,             0, 8.61999988556,             0, 7.48463535309, -3535.54003906,          4000, 9.93070220947, -10.4902124405, -10.7186288834
       46.575,             0, 8.63000011444,             0, 7.47566080093, -3535.66308594,          4000, 9.93142032623, -10.490149498, -10.7875080109
         46.6,             0, 8.64000034332,             0, 7.46670293808, -3535.78417969,          4000, 9.93212604523, -10.4900865555, -10.8562078476
       46.625,             0, 8.64999961853,             0, 7.45776128769, -3535.90332031,          4000, 9.93282032013, -10.490023613, -10.9247303009
        46.65,             0, 8.65999984741,             0,  7.4488363266, -3536.02050781,          4000, 9.93350219727, -10.4899606705, -10.9930753708
       46.675,             0, 8.67000007629,             0, 7.43992757797, -3536.13549805,          4000, 9.93417263031, -10.489897728, -11.0612440109
         46.7,             0, 8.68000030518,             0, 7.43103551865, -3536.24853516,          4000, 9.93483161926, -10.4898347855, -11.1292352676
       46.725,             0, 8.68999958038,             0, 7.42215967178,  -3536.359375,          4000, 9.93547821045, -10.4897708893, -11.1970500946
        46.75,             0, 8.69999980927,             0, 7.41330003738, -3536.46850586,          4000, 9.93611335754, -10.4897079468, -11.2646894455
       46.775,             0, 8.71000003815,             0, 7.40445709229, -3536.57543945,          4000, 9.93673706055, -10.4896440506, -11.3321533203
         46.8,             0, 8.72000026703,             0, 7.39562988281, -3536.68041992,          4000, 9.93734931946, -10.4895801544, -11.3994426727
       46.825,             0, 8.72999954224,             0, 7.38681936264, -3536.78344727,          4000, 9.93795013428, -10.4895172119, -11.4665575027
        46.85,             0, 8.73999977112,             0, 7.37802457809, -3536.88476562,          4000,   9.938539505, -10.4894533157, -11.533498764
       46.875,             0,          8.75,             0, 7.36924600601, -3536.98388672,          4000, 9.93911743164, -10.4893894196, -11.6002655029
         46.9,             0, 8.76000022888,             0, 7.36048364639, -3537.08105469,          4000, 9.93968486786, -10.4893255234, -11.6668596268
       46.925,             0, 8.77000045776,             0, 7.35173749924, -3537.17651367,          4000, 9.94024085999, -10.4892606735, -11.7332811356
        46.95,             0, 8.77999973297,             0, 7.34300708771, -3537.27001953,          4000, 9.94078540802, -10.4891967773, -11.799530983
       46.975,             0, 8.78999996185,             0, 7.33429288864, -3537.36157227,          4000, 9.94131946564, -10.4891328812, -11.8656082153
           47,             0, 8.80000019073,             0,  7.3255944252, -3537.45117188,          4000, 9.94184207916, -10.4890680313,  -11.93151474
       47.025,             0, 8.81000041962,             0, 7.31691217422, -3537.5390625,          4000,  9.9423532486, -10.4890041351, -11.9972505569
        47.05,             0, 8.81999969482,             0, 7.30824565887,     -3537.625,          4000, 9.94285488129, -10.4889392853, -12.0628147125
       47.075,             0, 8.82999992371,             0, 7.29959535599, -3537.70922852,          4000, 9.94334506989, -10.4888744354, -12.1282100677
         47.1,             0, 8.84000015259,             0, 7.29096031189, -3537.79150391,          4000, 9.94382476807, -10.4888105392, -12.1934356689
       47.125,             0, 8.85000038147,             0, 7.28234148026, -3537.87182617,          4000, 9.94429302216, -10.4887456894, -12.2584915161
        47.15,             0, 8.85999965668,             0, 7.27373838425, -3537.95043945,          4000,  9.9447517395, -10.4886808395, -12.3233795166
       47.175,             0, 8.86999988556,             0, 7.26515054703, -3538.02734375,          4000, 9.94519996643, -10.4886159897, -12.3880987167
         47.2,             0, 8.88000011444,             0, 7.25657892227, -3538.10229492,          4000, 9.94563674927, -10.4885501862, -12.4526500702
       47.225,             0, 8.89000034332,             0, 7.24802303314, -3538.17553711,          4000, 9.94606399536, -10.4884853363, -12.517033577
        47.25,             0, 8.89999961853,             0,  7.2394824028, -3538.24707031,          4000, 9.94648075104, -10.4884204865, -12.5812511444
       47.275,             0, 8.90999984741,             0, 7.23095750809, -3538.31689453,          4000,  9.9468870163, -10.4883546829, -12.6453018188
         47.3,             0, 8.92000007629,             0, 7.22244787216, -3538.38476562,          4000, 9.94728279114, -10.4882898331, -12.709186554
       47.325,             0, 8.93000030518,             0, 7.21395397186, -3538.45092773,          4000, 9.94766902924, -10.4882240295, -12.7729053497
        47.35,             0, 8.93999958038,             0, 7.20547580719,  -3538.515625,          4000, 9.94804477692, -10.488158226, -12.8364591599
       47.375,             0, 8.94999980927,             0, 7.19701290131, -3538.57836914,          4000, 9.94841098785, -10.4880924225, -12.8998479843
         47.4,             0, 8.96000003815,             0, 7.18856525421, -3538.6394043,          4000, 9.94876670837, -10.488026619, -12.9630718231
       47.425,             0, 8.97000026703,             0, 7.18013286591, -3538.69873047,          4000, 9.94911289215, -10.4879608154, -13.0261325836
        47.45,             0, 8.97999954224,             0, 7.17171621323, -3538.75634766,          4000, 9.94944953918, -10.4878950119, -13.0890293121
       47.475,             0, 8.98999977112,             0, 7.16331481934, -3538.81225586,          4000,  9.9497756958, -10.4878292084, -13.151763916
         47.5,             0,             9,             0, 7.15492868423, -3538.86669922,          4000, 9.95009231567, -10.4877634048, -13.2143344879
       47.525,             0, 9.01000022888,             0, 7.14655733109, -3538.91943359,          4000,  9.9503993988, -10.4876966476, -13.2767438889
        47.55,             0, 9.02000045776,             0, 7.13820171356, -3538.97045898,          4000, 9.95069599152, -10.4876308441, -13.3389911652
       47.575,             0, 9.02999973297,             0, 7.12986135483, -3539.01977539,          4000, 9.95098400116, -10.4875640869, -13.4010772705
         47.6,             0, 9.03999996185,             0, 7.12153577805, -3539.06738281,          4000, 9.95126247406, -10.4874982834, -13.4630022049
       47.625,             0, 9.05000019073,             0, 7.11322546005, -3539.11352539,          4000, 9.95153141022, -10.4874315262, -13.524766922
        47.65,             0, 9.06000041962,             0, 7.10493040085, -3539.15795898,          4000, 9.95179080963, -10.487364769, -13.5863714218
       47.675,             0, 9.06999969482,             0,  7.0966501236, -3539.20092773,          4000,  9.9520406723, -10.4872980118, -13.6478157043
         47.7,             0, 9.07999992371,             0,  7.0883846283, -3539.2421875,          4000, 9.95228099823, -10.4872312546, -13.7091016769
       47.725,             0, 9.09000015259,             0, 7.08013486862, -3539.28198242,          4000, 9.95251274109, -10.4871644974, -13.7702283859
        47.75,             0, 9.10000038147,             0, 7.07189941406, -3539.32006836,          4000,  9.9527349472, -10.4870977402, -13.831196785
       47.775,             0, 9.10999965668,             0, 7.06367921829, -3539.35668945,          4000, 9.95294857025, -10.4870300293, -13.8920068741
         47.8,             0, 9.11999988556,             0, 7.05547332764, -3539.3918457,          4000, 9.95315265656, -10.4869632721, -13.9526596069
       47.825,             0, 9.13000011444,             0, 7.04728269577, -3539.42529297,          4000, 9.95334815979, -10.4868955612, -14.0131549835
        47.85,             0, 9.14000034332,             0, 7.03910732269, -3539.45727539,          4000, 9.95353412628, -10.486828804, -14.0734939575
       47.875,             0, 9.14999961853,             0, 7.03094625473, -3539.48754883,          4000,  9.9537115097, -10.4867610931, -14.1336765289
         47.9,             0, 9.15999984741,             0, 7.02279996872, -3539.51660156,          4000, 9.95388031006, -10.4866933823, -14.1937026978
       47.925,             0, 9.17000007629,             0, 7.01466798782, -3539.54394531,          4000, 9.95403957367, -10.4866256714, -14.2535743713
        47.95,             0, 9.18000030518,             0, 7.00655126572, -3539.56982422,          4000, 9.95419025421, -10.4865579605, -14.313290596
       47.975,             0, 9.18999958038,             0, 6.99844884872, -3539.59423828,          4000, 9.95433235168, -10.4864902496, -14.3728513718
           48,             0, 9.19999980927,             0, 6.99036121368, -3539.6171875,          4000, 9.95446586609, -10.4864225388, -14.432258606
       48.025,             0, 9.21000003815,             0,  6.9822883606, -3539.63842773,          4000, 9.95459079742, -10.4863548279, -14.4915122986
        48.05,             0, 9.22000026703,             0, 6.97422981262, -3539.65844727,          4000, 9.95470809937, -10.4862861633, -14.5506124496
       48.075,             0, 9.22999954224,             0,  6.9661860466, -3539.67700195,          4000, 9.95481586456, -10.4862184525, -14.6095590591
         48.1,             0, 9.23999977112,             0, 6.95815658569, -3539.6940918,          4000, 9.95491504669, -10.4861497879, -14.6683540344
       48.125,             0,          9.25,             0,  6.9501414299, -3539.7097168,          4000, 9.95500659943, -10.4860811234, -14.7269954681
        48.15,             0, 9.26000022888,             0, 6.94214105606, -3539.72387695,          4000, 9.95508956909, -10.4860134125, -14.7854862213
       48.175,             0, 9.27000045776,             0,  6.9341545105, -3539.73681641,          4000, 9.95516395569, -10.4859447479, -14.8438253403
         48.2,             0, 9.27999973297,             0, 6.92618274689, -3539.74804688,          4000, 9.95522975922, -10.4858760834, -14.9020137787
       48.225,             0, 9.28999996185,             0, 6.91822528839, -3539.75805664,          4000, 9.95528793335, -10.4858074188, -14.9600515366
        48.25,             0, 9.30000019073,             0, 6.91028213501, -3539.76660156,          4000, 9.95533847809, -10.4857387543, -15.0179386139
       48.275,             0, 9.31000041962,             0, 6.90235280991, -3539.77368164,          4000, 9.95537948608, -10.485669136, -15.075676918
         48.3,             0, 9.31999969482,             0, 6.89443826675, -3539.77954102,          4000, 9.95541381836, -10.4856004715, -15.1332645416
       48.325,             0, 9.32999992371,             0, 6.88653755188, -3539.78393555,          4000, 9.95543956757, -10.4855318069, -15.1907043457
        48.35,             0, 9.34000015259,             0, 6.87865114212, -3539.78710938,          4000, 9.95545768738, -10.4854621887, -15.2479953766
       48.375,             0, 9.35000038147,             0, 6.87077903748, -3539.78881836,          4000, 9.95546722412, -10.4853925705, -15.305138588
         48.4,             0, 9.35999965668,             0, 6.86292123795, -3539.7890625,          4000, 9.95547008514, -10.4853239059, -15.3621330261
       48.425,             0, 9.36999988556,             0, 6.85507678986, -3539.78808594,          4000,  9.9554643631, -10.4852542877, -15.4189805984
        48.45,             0, 9.38000011444,             0, 6.84724712372, -3539.78588867,          4000, 9.95545101166, -10.4851846695, -15.4756822586
       48.475,             0, 9.39000034332,             0, 6.83943080902, -3539.78222656,          4000, 9.95543003082, -10.4851150513, -15.5322360992
         48.5,             0, 9.39999961853,             0, 6.83162879944, -3539.77734375,          4000, 9.95540046692, -10.485045433, -15.5886440277
       48.525,             0, 9.40999984741,             0, 6.82384061813, -3539.77099609,          4000, 9.95536422729, -10.4849758148, -15.6449069977
        48.55,             0, 9.42000007629,             0, 6.81606674194, -3539.76342773,          4000, 9.95532035828, -10.4849052429, -15.7010240555
       48.575,             0, 9.43000030518,             0, 6.80830621719, -3539.75463867,          4000, 9.95526885986, -10.4848356247, -15.7569961548
         48.6,             0, 9.43999958038,             0, 6.80055999756, -3539.74462891,          4000, 9.95521068573, -10.4847660065, -15.8128242493
       48.625,             0, 9.44999980927,             0,  6.7928276062, -3539.7331543,          4000, 9.95514392853, -10.4846954346, -15.8685073853
        48.65,             0, 9.46000003815,             0, 6.78510856628, -3539.72045898,          4000, 9.95507049561, -10.4846248627, -15.9240474701
       48.675,             0, 9.47000026703,             0, 6.77740335464, -3539.70654297,          4000, 9.95498943329, -10.4845552444, -15.9794435501
         48.7,             0, 9.47999954224,             0, 6.76971244812, -3539.69140625,          4000, 9.95490074158, -10.4844846725, -16.034696579
       48.725,             0, 9.48999977112,             0,  6.7620344162, -3539.67504883,          4000, 9.95480537415, -10.4844141006, -16.0898075104
        48.75,             0,           9.5,             0, 6.75437068939, -3539.6574707,          4000, 9.95470237732, -10.4843435287, -16.144777298
       48.775,             0, 9.51000022888,             0, 6.74672031403, -3539.63842773,          4000, 9.95459270477, -10.4842720032, -16.1996040344
         48.8,             0, 9.52000045776,             0, 6.73908376694, -3539.6184082,          4000, 9.95447540283, -10.4842014313, -16.2542877197
       48.825,             0, 9.52999973297,             0, 6.73146057129, -3539.59716797,          4000, 9.95435142517, -10.4841308594, -16.3088321686
        48.85,             0, 9.53999996185,             0, 6.72385120392, -3539.57470703,          4000, 9.95421981812, -10.4840593338, -16.363237381
       48.875,             0, 9.55000019073,             0, 6.71625518799, -3539.55078125,          4000, 9.95408153534, -10.4839887619, -16.4174995422
         48.9,             0, 9.56000041962,             0,  6.7086725235, -3539.52587891,          4000, 9.95393657684, -10.4839172363, -16.4716243744
       48.925,             0, 9.56999969482,             0, 6.70110321045,       -3539.5,          4000, 9.95378494263, -10.4838457108, -16.5256080627
        48.95,             0, 9.57999992371,             0, 6.69354772568, -3539.47265625,          4000, 9.95362567902, -10.4837751389, -16.5794525146
       48.975,             0, 9.59000015259,             0, 6.68600559235, -3539.4440918,          4000, 9.95345973969, -10.4837036133, -16.6331596375
           49,             0, 9.60000038147,             0, 6.67847633362, -3539.41455078,          4000, 9.95328807831, -10.4836320877, -16.6867275238
       49.025,             0, 9.60999965668,             0, 6.67096090317, -3539.38378906,          4000, 9.95310878754, -10.4835605621, -16.7401561737
        49.05,             0, 9.61999988556,             0, 6.66345882416, -3539.35205078,          4000, 9.95292282104, -10.4834880829, -16.7934494019
       49.075,             0, 9.63000011444,             0, 6.65596961975, -3539.31884766,          4000, 9.95273017883, -10.4834165573, -16.8466033936
         49.1,             0, 9.64000034332,             0, 6.64849376678, -3539.28466797,          4000,  9.9525308609, -10.4833450317, -16.8996219635
       49.125,             0, 9.64999961853,             0, 6.64103126526, -3539.24951172,          4000, 9.95232486725, -10.4832725525, -16.9525032043
        49.15,             0, 9.65999984741,             0, 6.63358211517, -3539.21289062,          4000, 9.95211315155, -10.4832000732, -17.0052490234
       49.175,             0, 9.67000007629,             0, 6.62614583969, -3539.17553711,          4000, 9.95189380646, -10.4831285477, -17.0578594208
         49.2,             0, 9.68000030518,             0, 6.61872291565, -3539.13671875,          4000, 9.95166873932, -10.4830560684, -17.1103343964
       49.225,             0, 9.68999958038,             0, 6.61131286621, -3539.09716797,          4000, 9.95143699646, -10.4829835892, -17.1626739502
        49.25,             0, 9.69999980927,             0, 6.60391616821, -3539.05615234,          4000, 9.95119953156, -10.4829111099, -17.2148799896
       49.275,             0, 9.71000003815,             0, 6.59653234482, -3539.0144043,          4000, 9.95095539093, -10.4828386307, -17.2669506073
         49.3,             0, 9.72000026703,             0, 6.58916139603, -3538.97119141,          4000, 9.95070457458, -10.4827661514, -17.3188877106
       49.325,             0, 9.72999954224,             0, 6.58180379868, -3538.92724609,          4000, 9.95044803619, -10.4826927185, -17.3706893921
        49.35,             0, 9.73999977112,             0, 6.57445907593, -3538.88208008,          4000, 9.95018482208, -10.4826202393, -17.4223613739
       49.375,             0,          9.75,             0, 6.56712675095, -3538.8359375,          4000, 9.94991588593,  -10.48254776, -17.473897934
         49.4,             0, 9.76000022888,             0,  6.5598077774, -3538.78857422,          4000, 9.94964027405, -10.4824743271, -17.525302887
       49.425,             0, 9.77000045776,             0, 6.55250167847, -3538.74023438,          4000, 9.94935894012, -10.4824008942, -17.5765762329
        49.45,             0, 9.77999973297,             0, 6.54520845413, -3538.69091797,          4000, 9.94907093048, -10.4823274612, -17.6277179718
       49.475,             0, 9.78999996185,             0, 6.53792762756,  -3538.640625,          4000, 9.94877719879, -10.482254982, -17.6787281036
         49.5,             0, 9.80000019073,             0, 6.53066015244, -3538.58911133,          4000, 9.94847774506, -10.4821815491, -17.7296085358
       49.525,             0, 9.81000041962,             0, 6.52340507507, -3538.53686523,          4000, 9.94817256927, -10.4821081161, -17.7803573608
        49.55,             0, 9.81999969482,             0, 6.51616287231, -3538.48339844,          4000, 9.94786167145, -10.4820337296, -17.8309745789
       49.575,             0, 9.82999992371,             0, 6.50893306732, -3538.42895508,          4000,  9.9475440979, -10.4819602966, -17.8814640045
         49.6,             0, 9.84000015259,             0, 6.50171661377, -3538.37353516,          4000, 9.94722080231, -10.4818868637, -17.9318237305
       49.625,             0, 9.85000038147,             0, 6.49451208115, -3538.31713867,          4000, 9.94689178467, -10.4818124771, -17.9820537567
        49.65,             0, 9.85999965668,             0, 6.48732042313, -3538.25952148,          4000, 9.94655704498, -10.4817390442, -18.0321540833
       49.675,             0, 9.86999988556,             0, 6.48014116287, -3538.20117188,          4000, 9.94621658325, -10.4816646576, -18.0821266174
         49.7,             0, 9.88000011444,             0, 6.47297477722, -3538.1418457,          4000, 9.94587135315, -10.481590271, -18.1319713593
       49.725,             0, 9.89000034332,             0, 6.46582078934, -3538.08154297,          4000, 9.94551944733, -10.4815158844, -18.1816902161
        49.75,             0, 9.89999961853,             0, 6.45867919922, -3538.02001953,          4000, 9.94516181946, -10.4814414978, -18.2312793732
       49.775,             0, 9.90999984741,             0,  6.4515504837, -3537.95776367,          4000, 9.94479942322, -10.4813671112, -18.2807426453
         49.8,             0, 9.92000007629,             0, 6.44443368912, -3537.89453125,          4000, 9.94443035126, -10.4812927246, -18.330078125
       49.825,             0, 9.93000030518,             0, 6.43732976913, -3537.83056641,          4000, 9.94405651093, -10.481218338, -18.3792877197
        49.85,             0, 9.93999958038,             0, 6.43023777008, -3537.76538086,          4000, 9.94367694855, -10.4811439514, -18.4283714294
       49.875,             0, 9.94999980927,             0, 6.42315864563, -3537.69921875,          4000, 9.94329166412, -10.4810686111, -18.4773292542
         49.9,             0, 9.96000003815,             0, 6.41609144211, -3537.63232422,          4000, 9.94290161133, -10.4809932709, -18.5261631012
       49.925,             0, 9.97000026703,             0, 6.40903663635, -3537.56445312,          4000, 9.94250583649, -10.4809188843, -18.5748710632
        49.95,             0, 9.97999954224,             0, 6.40199422836, -3537.49560547,          4000, 9.94210529327, -10.480843544, -18.6234550476
       49.975,             0, 9.98999977112,             0,  6.3949637413, -3537.42578125,          4000, 9.94169902802, -10.4807682037, -18.671913147
           50,             0,            10,             0, 6.38794565201, -3537.35522461,          4000, 9.94128704071, -10.4806928635, -18.720249176
