Time,Ay,Bk_Stat,GearStat,Pitch,Roll,Roll_E,Roll_L1,Roll_L2,Roll_R1,Roll_R2,Rot_L1,Rot_L2,Rot_R1,Rot_R2,Steer_SW,Vx,VxTarget,Vxz_Fwd,Xo,Xpreview,X_L1,X_L2,X_R1,X_R2,Yaw,Yaw_L1,Yaw_L2,Yaw_R1,Yaw_R2,Yo,Ypreview,Y_L1,Y_L2,Y_R1,Y_R2,Zcg_SM,Zo,Z_L1,Z_L2,Z_R1,Z_R2
0, -0.001776608731122, 0, 6, 2.011967036359, 0.1003532466873, 0.1004151510882, 1.106757932554, 1.592405702861, -0.9060522690608, -1.391701159254, 0.005578095600507, 0.005604274095558, 0.005580042303816, 0.005602328123072, 0, 99.96459877449, 100, 100, 87.0358263826, 17.40704583707, 87.41006218204, 85.38402885948, 86.68118826987, 84.65269253544, -29.5003960789, -29.33915116409, -29.75648405538, -29.66868165884, -29.25138195006, -49.24190177042, -9.848591535138, -48.60407299355, -47.4548673345, -49.8921475646, -48.74729350883, 45.53908881088, 45.12341947663, 45.45451163573, 45.51633055748, 45.45191942509, 45.51372958937
0.025, -0.1163643208903, 0, 6, 2.009359060199, 0.07922088143144, 0.07926962332509, 1.016272071817, 1.63467540936, -1.033808416983, -1.471688809073, 0.3767731752937, 0.3764672556199, 0.375949177575, 0.3763826635187, -15.96436250014, 99.96602405726, 100, 100.0011099265, 87.63979525584, 104.0121546404, 88.01466360033, 85.98832596104, 87.28459062379, 85.25678271177, -29.50987769682, -30.18579959167, -29.76869170505, -30.51391103874, -29.25922248993, -49.58420665718, -58.85133532316, -48.94662804464, -47.7967884412, -50.23402041951, -49.08909449435, 45.5206466242, 45.10502946975, 45.43582953969, 45.49761383965, 45.4338128562, 45.49535361063
0.05, -0.1183867696039, 0, 6, 2.002137219401, 0.0295652795408, 0.02958333944576, 0.9734110692983, 1.606841733682, -1.07297547214, -1.513874226743, 0.7478270804771, 0.7474980433957, 0.7464250256848, 0.7469100114756, -15.80402490894, 99.96459192735, 100, 99.99931683155, 88.24302654673, 104.6084560041, 88.61848271778, 86.59301957311, 87.88742117623, 85.86048833875, -29.55419793188, -30.23455054692, -29.81405159658, -30.56447411104, -29.30547588414, -49.92787294036, -59.2071301072, -49.290321571, -48.13891594141, -50.57715463952, -49.43066389284, 45.50227179058, 45.08679942542, 45.41723090311, 45.47863213206, 45.41592378312, 45.47717925488
0.075, -0.1208370073008, 0, 6, 1.992560176783, -0.03025759858754, -0.03027590490688, 0.9292918761286, 1.579121203395, -1.109372458991, -1.54661006624, 1.119120793122, 1.118709501283, 1.116659468976, 1.1171422113, -15.51605589272, 99.96150399938, 100, 99.9959600334, 88.84552310798, 105.1984160516, 89.22196069595, 87.19807565351, 88.48913722947, 86.46377240287, -29.63294400047, -30.30819579742, -29.89600177295, -30.63868707057, -29.38776734223, -50.27283203674, -59.57402795457, -49.63547820073, -48.48129821543, -50.9213181829, -49.77203976279, 45.48396681858, 45.06868688365, 45.39874157138, 45.45973830069, 45.39796950559, 45.45905797053
0.1, -0.1325373076764, 0, 6, 1.983557001247, -0.08088043507773, -0.0809289276038, 0.8899258560067, 1.569364644975, -1.140375083256, -1.562312564744, 1.490596114614, 1.49004703244, 1.486686232433, 1.48710955976, -15.12505637566, 99.95653892489, 100, 99.99083507915, 89.44737616952, 105.7832030025, 89.82507210335, 87.80333405831, 89.08987668496, 87.06663224026, -29.73898844675, -30.39924184138, -30.00682474537, -30.72922952348, -29.49839937299, -50.61884786252, -59.94985774507, -49.98191751662, -48.82400898341, -51.26641739982, -50.11338156516, 45.46572342041, 45.05062471496, 45.38038359023, 45.44111790914, 45.37984809724, 45.44085578649
0.125, -0.1484929786842, 0, 6, 1.97708085744, -0.1156599120241, -0.1157288046226, 0.8599483934427, 1.575524366771, -1.161943056816, -1.562469828192, 1.862194213548, 1.861461530487, 1.856544178371, 1.856854685004, -14.65477921517, 99.94994099164, 100, 99.98418311999, 90.04861745762, 106.3639463877, 90.42776242946, 88.40859953979, 89.68974998915, 87.66903992531, -29.86533002634, -30.50267561685, -30.13747448656, -30.831427066, -29.62927218775, -50.96580556095, -60.33252034347, -50.32951445099, -49.16717103744, -51.61241403207, -50.45490492502, 45.44752699816, 45.03255881999, 45.36208437131, 45.42273291803, 45.36161781152, 45.42259801103
0.15, -0.165343082522, 0, 6, 1.973914644467, -0.1386614464268, -0.138743775434, 0.8364919021507, 1.587686730594, -1.176886160318, -1.553518225788, 2.233865954304, 2.232913863617, 2.226268367189, 2.226430703237, -14.12504041165, 99.94185777033, 100, 99.97614616556, 90.64923061066, 106.9415909361, 91.02996332037, 89.01368205971, 90.28882709307, 88.27094942393, -30.00602298956, -30.61428038497, -30.28108140713, -30.94162192542, -29.7738213809, -51.31369688886, -60.72026439568, -50.67820381314, -49.51092902632, -51.95931735605, -50.79683467012, 45.42935784436, 45.01445362676, 45.34375283808, 45.40445416951, 45.34335009645, 45.40436389207
0.175, -0.1810859174808, 0, 6, 1.973916569021, -0.157669697394, -0.1577633126183, 0.8140759306095, 1.597186945961, -1.190624839097, -1.544441373945, 2.605571660661, 2.6043779274, 2.595888863145, 2.595897585269, -13.55239898194, 99.93289918766, 100, 99.96732169559, 91.24918368173, 107.5169328894, 91.63160700103, 89.61841098351, 90.88715391018, 88.87230850974, -30.15602602951, -30.73058288747, -30.43255805904, -31.0566470746, -29.9270032001, -51.66255928754, -61.11162876609, -51.02795384636, -49.85542870338, -52.30715787477, -51.13938249803, 45.41119156581, 44.99628763144, 45.32533024082, 45.38616381214, 45.32508009998, 45.38620020719
0.2, -0.195016121091, 0, 6, 1.976429485865, -0.1785953084903, -0.1787016185143, 0.7889611041953, 1.599916205146, -1.207038552702, -1.54089480652, 2.97727904326, 2.975834562321, 2.965433541136, 2.965284302961, -12.95109253792, 99.92344356719, 100, 99.95807144954, 91.84845288874, 108.0906681167, 92.23263468436, 90.2226393605, 91.48476715173, 89.47306756731, -30.31097924391, -30.84858697195, -30.58799245663, -31.17359975833, -30.08480225799, -52.01243052154, -61.50536226939, -51.37874615911, -50.2008051272, -52.6559704295, -51.48273793372, 45.39300229687, 44.97804826651, 45.30680011471, 45.36780014198, 45.30680355204, 45.36809522632
0.225, -0.2071418570545, 0, 6, 1.980670829604, -0.2032788169822, -0.2034003402946, 0.760729945383, 1.595879792573, -1.227048302638, -1.543804075169, 3.348962113589, 3.347268665375, 3.334927171705, 3.334621656973, -12.33303034598, 99.91381917863, 100, 99.94869617722, 92.44702842505, 108.6633895073, 92.83299828839, 90.82624516633, 92.08169741115, 90.07318349764, -30.4672187564, -30.96587396921, -30.74432856605, -31.29011542281, -30.24390995922, -52.36333054232, -61.90042303146, -51.73056808673, -50.54717428903, -53.00578695054, -51.82706166793, 45.37476678219, 44.95972806075, 45.28817944409, 45.349357266, 45.28849535504, 45.35000056049
0.25, -0.2174159611159, 0, 6, 1.98586629265, -0.2302862236519, -0.230424616129, 0.7316386055206, 1.587095754923, -1.249331456898, -1.55128515566, 3.720600682785, 3.718667188399, 3.704391352452, 3.703936009862, -11.70798936971, 99.90429271113, 100, 99.93942531361, 93.04491129583, 109.2355904175, 93.43265956384, 91.42912833389, 92.67797021291, 90.67262021805, -30.62174452508, -31.08100951118, -30.89899081528, -31.40489236012, -30.40145048559, -52.71526462109, -62.29596696195, -52.0834117496, -50.89463247162, -53.35663593015, -52.17248710086, 45.35646910598, 44.94132665404, 45.26950729707, 45.33085617159, 45.27014206009, 45.3318625026
0.275, -0.2252760767755, 0, 6, 1.991207841339, -0.2568239735753, -0.2569791461646, 0.704797061753, 1.575767693738, -1.271903520013, -1.560727357663, 4.092179235027, 4.090018322099, 4.073845313738, 4.073248907892, -11.08361310508, 99.89506487151, 100, 99.93043101146, 93.64210753799, 109.8076623545, 94.03158767433, 92.03120909769, 93.27360636014, 91.27134837059, -30.7722191852, -31.19161540092, -31.04958066421, -31.51515887853, -30.55498386122, -53.06823312782, -62.69134472483, -52.43727316827, -51.24325648293, -53.70854389062, -52.5191213295, 45.33810300927, 44.92285396445, 45.25082440172, 45.31231698367, 45.25174652861, 45.31364135122
0.3, -0.2307454750019, 0, 6, 1.995858135405, -0.2803207297811, -0.2804908917063, 0.6826606303526, 1.564045296231, -1.292617849375, -1.56986803348, 4.463687962587, 4.461310349957, 4.443303666702, 4.44257686537, -10.46526899933, 99.88626837002, 100, 99.9218254391, 94.23862377469, 110.3798888108, 94.62976064279, 92.63242874991, 93.86861905366, 91.86934564805, -30.9169888692, -31.29701345889, -31.1946221314, -31.62019477958, -30.70256327774, -53.42223808598, -63.0861045384, -52.79215249113, -51.59310282276, -54.06153314214, -52.86704358209, 45.31967019638, 44.90432843405, 45.23216078674, 45.29374799799, 45.23332221998, 45.29531685617
0.325, -0.2338560762224, 0, 6, 1.999094409368, -0.2993097524068, -0.2994920313549, 0.6663571048898, 1.553348060779, -1.310187593782, -1.577978380224, 4.835120769757, 4.832537471379, 4.812777806565, 4.811932345926, -9.856735065072, 99.87797670462, 100, 99.91365791902, 94.83446515601, 110.9524760098, 95.22716354007, 93.23274572214, 94.46301817583, 92.46659665153, -31.05489219894, -31.39652538672, -31.33290650775, -31.71930415144, -30.84279405221, -53.7772834207, -63.4799335145, -53.1480492785, -51.94421055743, -54.41562010762, -53.21630998392, 45.30117921688, 44.88577305842, 45.21353516051, 45.27515278061, 45.21488954323, 45.27689594954
0.35, -0.2345481795465, 0, 6, 2.000516280168, -0.3135196007434, -0.3137108054648, 0.6558464852409, 1.544064453904, -1.324250762804, -1.585544249568, 5.206473781244, 5.203697371934, 5.182276886583, 5.181324703363, -9.260842723788, 99.87025236678, 100, 99.90597352788, 95.42963539684, 111.5255839143, 95.82378810892, 93.83213183515, 95.05681357521, 93.06309251345, -31.1850773048, -31.48956383804, -31.46357063124, -31.81189865315, -30.97455927102, -54.13337154778, -63.87260134449, -53.50495873622, -52.29660395512, -54.77081315047, -53.56695791915, 45.28264610708, 44.86721187764, 45.19495907174, 45.25654143531, 45.19647186836, 45.25840878085
0.375, -0.2328032520069, 0, 6, 2.000070466241, -0.3234012726414, -0.323598416037, 0.6504746683796, 1.535933188441, -1.335009243484, -1.593324547752, 5.577744635972, 5.574788796203, 5.551808089871, 5.550760755959, -8.679767966223, 99.86313580307, 100, 99.89880516542, 96.02413911584, 112.0993399596, 96.41963322173, 94.430570933, 95.65001706235, 93.65883083366, -31.30692118892, -31.57566280719, -31.58599099914, -31.89751409703, -31.09710457678, -54.49049900398, -64.26393461748, -53.86286952285, -52.65029272078, -55.12711098261, -53.91900702923, 45.26409335325, 44.8486684409, 45.17644292348, 45.23793073745, 45.1780911745, 45.23989172864
0.4, -0.2286278834036, 0, 6, 1.997927673336, -0.3295674160296, -0.3297678878856, 0.649452255665, 1.52853616253, -1.342395853871, -1.601714559923, 5.94893240915, 5.945811311185, 5.921376584915, 5.920245182704, -8.115126312447, 99.85664755018, 100, 99.89218244245, 96.61798479651, 112.6738429774, 97.01470559678, 95.02805879846, 96.24264286605, 94.25381616983, -31.42000352537, -31.65486261015, -31.69972120588, -31.97652235476, -31.21005148563, -54.84865315483, -64.65380813185, -54.22176257821, -53.0052716546, -55.48450155001, -54.27245915199, 45.24554684, 44.83016521162, 45.15799541223, 45.21934130868, 45.15976149834, 45.22137646487
0.425, -0.2222064620567, 0, 6, 1.994459954275, -0.3324489292235, -0.3326504521772, 0.6518518029271, 1.521600971633, -1.346226484216, -1.610556186799, 6.320037117046, 6.316765200011, 6.29098642869, 6.289781038382, -7.568032992367, 99.8507862, 100, 99.88613601125, 97.21118628872, 113.2491675988, 97.60901939065, 95.62460274113, 96.83470881563, 94.84806046737, -31.52407784421, -31.7270960863, -31.80445532933, -32.04878164782, -31.31330273711, -55.20781005248, -65.04213598195, -54.581609518, -53.36152090239, -55.84296211335, -54.6272989931, 45.22703066815, 44.81171882484, 45.13961028955, 45.20079467876, 45.14147741221, 45.20288638061
0.45, -0.2138102499521, 0, 6, 1.990306114433, -0.3322546627173, -0.3324552294318, 0.6568149166999, 1.515053112381, -1.34640615348, -1.61923716155, 6.691059590844, 6.687651395251, 6.660640566212, 6.659370204985, -7.039140088621, 99.84553169067, 100, 99.88068044594, 97.80376202765, 113.8253660767, 98.20259557121, 96.22022066567, 97.4262365411, 95.44158275524, -31.61905556016, -31.79214175317, -31.90002548733, -32.11372705995, -31.40685409808, -55.56793467602, -65.42886719375, -54.94237368496, -53.71900716084, -56.2024599061, -54.98349560817, 45.20856210258, 44.79333371601, 45.12126903415, 45.18231084194, 45.12321947446, 45.18443872858
0.475, -0.2037020982078, 0, 6, 1.986314029619, -0.3290906191493, -0.3292884793187, 0.6637944187091, 1.508756670752, -1.342839787032, -1.62730814624, 7.062001889123, 7.058470743102, 7.030340498755, 7.029013523552, -6.528627444506, 99.84086974533, 100, 99.8758316424, 98.39573388798, 114.4024622923, 98.79546150818, 96.81494084074, 98.01725020988, 96.03440852126, -31.70503224395, -31.85009571631, -31.98637159487, -32.17132489693, -31.49100682195, -55.92898360563, -65.81399451143, -55.30401308114, -54.07768494254, -56.56295350779, -55.34100339215, 45.19015018944, 44.77500189926, 45.10295012038, 45.16390529475, 45.10496577278, 45.16604719767
0.5, -0.1920850741331, 0, 6, 1.983330826091, -0.323092147956, -0.3232858182249, 0.6727991436092, 1.502321233022, -1.335721299232, -1.634204458753, 7.432867957104, 7.429224121784, 7.400086013842, 7.398709993375, -6.035994044819, 99.83675755448, 100, 99.87158085756, 98.98712690304, 114.9804429038, 99.3876510824, 97.40880198096, 98.60777500168, 96.62656889255, -31.78233135493, -31.90245902256, -32.06357523448, -32.22232019116, -31.56628791234, -56.29090842274, -66.19756795033, -55.66648327242, -54.43749727061, -56.92439460584, -55.6997622326, 45.17179526551, 44.75670669685, 45.08463252461, 45.14557946205, 45.08669619011, 45.14771429195
0.525, -0.1796030534624, 0, 6, 1.981904200451, -0.3145027843676, -0.3146910345844, 0.6831081869978, 1.495717721662, -1.325346663963, -1.639160060587, 7.80366269822, 7.799915543641, 7.769875571075, 7.768456614485, -5.559907158976, 99.83314060695, 100, 99.86790207562, 99.57796938135, 115.5592488952, 99.97920171506, 98.00185311751, 99.19783636733, 97.21809968443, -31.85153921644, -31.94838195511, -32.13215727596, -32.26661282378, -31.63351684386, -56.65365926464, -66.57970724518, -56.02973831453, -54.79837700836, -57.28673059765, -56.05969822028, 45.15348725736, 44.738427043, 45.06629618148, 45.12731363454, 45.06839268467, 45.1294248249
0.55, -0.1666893807346, 0, 6, 1.982178864241, -0.3037803088473, -0.3039621912752, 0.6943682136613, 1.489002724807, -1.312275280699, -1.641853065056, 8.174392637093, 8.17055050961, 8.139706480107, 8.138249619577, -5.098678336806, 99.82997078601, 100, 99.86476204568, 100.1682928622, 116.1388005652, 100.5701546342, 98.59414910764, 99.78746032237, 97.80904007084, -31.91335730939, -31.98832845225, -32.19271489964, -32.30470266896, -31.69355548209, -57.01718626776, -66.96056129848, -56.39373154966, -55.16025197908, -57.64990565284, -56.42073053155, 45.13520621187, 44.72014009939, 45.04792080552, 45.1090752972, 45.05003967123, 45.11115424553
0.575, -0.1537869394088, 0, 6, 1.984013338334, -0.2915584561069, -0.2917333442388, 0.7060953580589, 1.482303800973, -1.297352171893, -1.642484105257, 8.545064499906, 8.541135153064, 8.509575836155, 8.508085300029, -4.650599094617, 99.82720556064, 100, 99.86211637191, 100.7581312063, 116.7190154019, 101.1605526086, 99.1857472082, 100.3766744565, 98.39943132141, -31.96849943686, -32.0226920198, -32.24599029863, -32.33705397382, -31.74716844044, -57.3814394944, -67.34027972428, -56.75841492539, -55.52304853481, -58.01386203993, -56.78277623036, 45.11692580906, 44.70182241807, 45.02948841986, 45.09082994676, 45.03162516162, 45.09287688521
0.6, -0.1412168200508, 0, 6, 1.987068138792, -0.2785356443746, -0.278703235942, 0.7181112167095, 1.475751246931, -1.281700340215, -1.641620976231, 8.915684811552, 8.911675680056, 8.879480905928, 8.877960304974, -4.214100587508, 99.82481374874, 100, 99.85990629918, 101.3475196176, 117.2998168173, 101.7504387659, 99.77670445161, 100.9655079966, 98.98931530229, -32.01763920038, -32.05181686941, -32.29279069184, -32.36413419372, -31.79499548793, -57.74636935795, -67.71899944446, -57.12374039698, -55.88669410885, -58.37854162709, -57.14575360273, 45.09861922613, 44.68345402735, 45.0109979966, 45.07254765822, 45.01315146514, 45.07457024214
0.625, -0.1291088585153, 0, 6, 1.990765282063, -0.2653370192577, -0.2654972641959, 0.7305297669444, 1.469464029508, -1.266373658965, -1.639931963333, 9.286259702891, 9.28217798921, 9.249419259693, 9.247871725914, -3.787826620519, 99.82277729011, 100, 99.85807824305, 101.9364947146, 117.8811383599, 102.339855756, 100.3670759508, 101.5539911841, 99.57873336211, -32.06138350262, -32.07608955695, -32.33390287146, -32.38649162699, -31.83757483486, -58.11192728959, -68.09683868328, -57.48966044322, -56.25111881878, -58.74388723905, -57.50958427734, 45.08026564198, 44.66502574373, 44.9924654779, 45.05420530486, 44.99463614557, 45.05621539343
0.65, -0.1175423732148, 0, 6, 1.994326369389, -0.2524164123651, -0.2525694001997, 0.7434263662751, 1.463633522409, -1.252103361663, -1.637982303001, 9.656794582695, 9.652647360038, 9.619388888808, 9.617817210701, -3.370714826368, 99.82108000895, 100, 99.85658438245, 102.5250945271, 118.4629283114, 102.9288450845, 100.9569137301, 102.1421547829, 100.1677257807, -32.10024671382, -32.09585013218, -32.37001912091, -32.40458210304, -31.87535024583, -58.47806542321, -68.47389024128, -57.85612727668, -56.61625618968, -59.10984320419, -57.87419446722, 45.06185302127, 44.64654118698, 44.97391192078, 45.03578661251, 44.97610049201, 45.03779683868
0.675, -0.1066016229231, 0, 6, 1.996939062539, -0.240021643027, -0.2401674999943, 0.7567987137718, 1.458773431317, -1.239246951318, -1.636300686852, 10.02729391004, 10.02308830599, 9.989388251906, 9.987795067154, -2.96205827103, 99.8197018616, 100, 99.85536938043, 103.1133574926, 119.0451531591, 103.5174465865, 101.5462660787, 102.7300298535, 100.7563315484, -32.13463158226, -32.11143243032, -32.40175913348, -32.4187965397, -31.90860917519, -58.84473587398, -68.85021638127, -58.22309259649, -56.98204380057, -59.47635541403, -58.2395158568, 45.04337853284, 44.62801385332, 44.95535887947, 45.01728891424, 44.95756460831, 45.0193090192
0.7, -0.09626967925372, 0, 6, 1.998040611475, -0.2282119465983, -0.2283507800582, 0.7706116734975, 1.455346693343, -1.227865487045, -1.635463034, 10.39776103273, 10.39350440735, 10.35941619632, 10.35780414213, -2.561529468996, 99.81863167967, 100, 99.85439066755, 103.7013205242, 119.6277990689, 104.1056979211, 102.1351770087, 103.3176474499, 101.3445880642, -32.16482150321, -32.12326190281, -32.42965188032, -32.42958233439, -31.9374580454, -59.211890001, -69.22584690285, -58.59050781673, -57.34842364754, -59.84337136018, -58.60548615128, 45.02485004761, 44.60946291909, 44.93682717882, 44.99872984689, 44.93904684297, 45.00076448549
0.725, -0.08644579864198, 0, 6, 1.997456629373, -0.216919702225, -0.2170515887771, 0.7848176671063, 1.453542277827, -1.217580846106, -1.635826516573, 10.76819837248, 10.76389816324, 10.72947163271, 10.72784267797, -2.169079288825, 99.81786583673, 100, 99.8536252903, 104.2890177676, 120.2108666762, 104.6936346035, 102.7236863879, 103.9050377512, 101.9325307045, -32.19101047557, -32.13200113811, -32.45405168342, -32.43802909643, -31.96195835594, -59.57947866483, -69.60078781037, -58.95832488881, -57.7153413456, -60.21084012756, -58.97204811368, 45.00628600215, 44.59091032006, 44.91833653107, 44.98013937426, 44.92056432018, 44.98218850169
0.75, -0.07731402522444, 0, 6, 1.995306206098, -0.206018424415, -0.20614341327, 0.799326605311, 1.453272929441, -1.20829683643, -1.63673635991, 11.13860764602, 11.1342712652, 11.0995540446, 11.09790433551, -1.784768091495, 99.81740400517, 100, 99.85306834436, 104.8764806819, 120.79436226, 105.2812900526, 103.3118310351, 104.4922302838, 102.5201927567, -32.21335250195, -32.138045942, -32.47514121577, -32.4443526221, -31.98225808444, -59.94745351699, -69.97503572087, -59.32649716757, -58.08274525385, -60.57871332303, -59.33914804673, 44.98771220998, 44.57237947228, 44.89990465057, 44.96154984908, 44.90213296291, 44.96360991584
0.775, -0.06839937151854, 0, 6, 1.991888232009, -0.1954189258082, -0.1955370779872, 0.8138601995577, 1.454206897092, -1.199654049167, -1.639030559013, 11.50898970023, 11.50462415658, 11.46966280503, 11.46799670788, -1.408674920615, 99.81711833027, 100, 99.85261514061, 105.4637374681, 121.3782935919, 105.8686947903, 103.8996444649, 105.0792522628, 103.1076048408, -32.23198009884, -32.1415258818, -32.49297312285, -32.44826346781, -31.99851818676, -60.31576839674, -70.34858357541, -59.69497966054, -58.45058661866, -60.94694547621, -59.70673559527, 44.96915645469, 44.55389215148, 44.88153549289, 44.94298935712, 44.88375749877, 44.9450553065
0.8, -0.05977046689839, 0, 6, 1.987721756285, -0.1849935404546, -0.1851049216409, 0.8278712253496, 1.456109277842, -1.190936314445, -1.641886371404, 11.87934299683, 11.87495820405, 11.83979678308, 11.83812414223, -1.040589536833, 99.81708355422, 100, 99.85237715808, 106.0508136833, 121.9626593336, 106.4558777397, 104.4871598558, 105.6661282083, 103.6947962083, -32.24706816282, -32.14226092291, -32.50756145099, -32.44944700429, -32.0110658059, -60.68437835095, -70.72143790123, -60.06372912716, -58.81881754782, -61.31549300544, -60.07476074603, 44.95064169252, 44.53546088204, 44.863215268, 44.9244809734, 44.86542352464, 44.92654485124
0.825, -0.05154008957306, 0, 6, 1.983538275233, -0.1745915538885, -0.1746962299592, 0.8408113019761, 1.458790402181, -1.181504761559, -1.644557120588, 12.24966740446, 12.24527452931, 12.20995466273, 12.20827962681, -0.6803001474534, 99.81720403778, 100, 99.85229174988, 106.6377322069, 122.5474469472, 107.042866779, 105.074410651, 106.2528805819, 104.2817951624, -32.25884617362, -32.14008394351, -32.51897403727, -32.44769982946, -32.02025860506, -61.05324003705, -71.09362273989, -60.43270545018, -59.18739117289, -61.68431431527, -60.4431737242, 44.93218227595, 44.51708531499, 44.84492393598, 44.90604349739, 44.84710880895, 44.90809466324
0.85, -0.04355561618265, 0, 6, 1.980158464664, -0.1641047706139, -0.1642028241399, 0.8530451099164, 1.461725453359, -1.171072208087, -1.646506282804, 12.61997484894, 12.61557407699, 12.58013456634, 12.57845992235, -0.3275524803397, 99.81746709949, 100, 99.85238111358, 107.2245134873, 123.1326382937, 107.6296887798, 105.6614289551, 106.8395301227, 104.8686283845, -32.26756218984, -32.13558027474, -32.52736387833, -32.44333116262, -32.0264814835, -61.4223117492, -71.46516950699, -60.80187122733, -59.55626178241, -62.05336916911, -60.81192576007, 44.91378354133, 44.49875429324, 44.82664129484, 44.88768490706, 44.82879165403, 44.88971288798
0.875, -0.03597985797162, 0, 6, 1.978216535677, -0.1534849875111, -0.153576515749, 0.8642448823582, 1.464375584479, -1.159546131362, -1.647106685803, 12.99026274983, 12.98585782567, 12.95033524891, 12.94866287745, 0.01782736612491, 99.81785210119, 100, 99.8526582768, 107.8111783912, 123.7182194342, 108.2163696734, 106.2482452501, 107.4260982288, 105.4553214947, -32.27343686663, -32.128607009, -32.53272428719, -32.43629075602, -32.03015526145, -61.79155383549, -71.83610276551, -61.17119029961, -59.92538530434, -62.42261876657, -61.18097020324, 44.89544050782, 44.48045008988, 44.8083476849, 44.86939347556, 44.81045193016, 44.8713892512
0.9, -0.02882706759807, 0, 6, 1.977968448276, -0.142768210938, -0.1428533270123, 0.8744587146415, 1.466372664191, -1.147006435829, -1.645958874403, 13.36053171685, 13.35612686015, 13.32055572495, 13.31888675788, 0.3559732498084, 99.81832200175, 100, 99.85310760836, 108.3977484173, 124.3041782095, 108.8029344923, 106.8348883616, 108.0126057027, 106.0418987923, -32.2766721672, -32.11931346384, -32.53508132861, -32.42671916732, -32.03165261046, -62.16093014463, -72.20644348988, -61.54062866282, -60.29472014104, -62.79202625266, -61.55026299984, 44.877137284, 44.46215166995, 44.79002369839, 44.85114268369, 44.7920712763, 44.85309872526
0.925, -0.02211457946975, 0, 6, 1.979347362305, -0.132023128033, -0.132101947877, 0.8837747973719, 1.467643054436, -1.133626143314, -1.643020637033, 13.73078338145, 13.72638241185, 13.69079535786, 13.68913035851, 0.6869306035181, 99.81885587977, 100, 99.85371598856, 108.9842456697, 124.8905069163, 109.3894071029, 107.4213854616, 108.5990729665, 106.6283836348, -32.27743711552, -32.10781672117, -32.53455001396, -32.41475240695, -32.03120591293, -62.53040742463, -72.57620502159, -61.91015404984, -60.66422766784, -63.16155670018, -61.91976326243, 44.85884964471, 44.44383615266, 44.77165152346, 44.83290151968, 44.77363198288, 44.83481110648
0.95, -0.01583604128636, 0, 6, 1.98210267748, -0.1212875902691, -0.121360202648, 0.8925516714964, 1.468380002742, -1.119746654381, -1.638518105245, 14.10101935734, 14.09662573144, 14.06105389801, 14.05939300542, 1.010624765218, 99.81944140099, 100, 99.8544548829, 109.5706923165, 125.4772038564, 109.9758101777, 108.007761856, 109.1855204274, 107.2147984305, -32.27585982577, -32.09414790704, -32.53131978651, -32.40047988528, -32.0288983898, -62.89995441736, -72.94539079396, -62.27973601837, -61.0338723125, -63.53117695807, -62.28943347543, 44.84054986163, 44.42548084688, 44.75322374991, 44.8146421731, 44.75512403223, 44.81649791508
0.975, -0.009940591608517, 0, 6, 1.98578524531, -0.1105388800234, -0.1106053036091, 0.9014732531326, 1.468932095472, -1.105911924985, -1.632795721843, 14.47124111332, 14.4668579125, 14.43133148318, 14.42967441962, 1.326789569517, 99.82007945678, 100, 99.85529053343, 110.1571108752, 126.0642733695, 110.5621653984, 108.5940408892, 109.771968872, 107.8011645518, -32.2720279927, -32.07827089199, -32.5256022933, -32.38400352749, -32.02470760841, -63.26954175988, -73.31399444905, -62.64934603832, -61.40362132454, -63.9008556004, -62.65923937192, 44.82221348182, 44.40707032599, 44.73475243948, 44.79634251236, 44.73655725081, 44.79813515022
1, -0.004359540909923, 0, 6, 1.989715146822, -0.0997170231642, -0.09977718132848, 0.9111587072959, 1.469672474192, -1.092565434515, -1.626209309935, 14.8414498394, 14.83707978906, 14.80162854167, 14.79997461538, 1.635338334285, 99.82077349817, 100, 99.85619380666, 110.7435245791, 126.6517257204, 111.1484934598, 109.1802439943, 110.3584388583, 108.3875023586, -32.26599061483, -32.06008906217, -32.51757706658, -32.36535612608, -32.01855732892, -63.63914208254, -73.6820001406, -63.01895650039, -61.77344438236, -64.27056296666, -63.0291496439, 44.80382400747, 44.38860175483, 44.71625832449, 44.77798519204, 44.7179512179, 44.77970351428
1.025, 0.001000925266649, 0, 6, 1.99307758438, -0.08872684208151, -0.08878055114002, 0.9220213369987, 1.471101285359, -1.079863427163, -1.619158078463, 15.21164621518, 15.20729187395, 15.17194577336, 15.17029381095, 1.936187204181, 99.82151765993, 100, 99.85712660055, 111.3299570113, 127.2395771256, 111.7348138928, 109.7663908974, 110.9449505266, 108.9738313251, -32.25775884445, -32.03919943437, -32.50739866768, -32.34421397382, -32.01032522805, -64.00872931062, -74.04938244141, -63.38853985772, -62.1433131993, -64.64027088966, -63.39913552269, 44.78537365761, 44.37008372389, 44.69776280261, 44.75956024781, 44.69932619949, 44.7611900568
1.05, 0.006206929234162, 0, 6, 1.995168718815, -0.0774238472181, -0.07747081266772, 0.9342804553936, 1.473877705407, -1.067755330108, -1.612169786748, 15.58183055302, 15.57749428151, 15.5422837149, 15.54063240655, 2.229122250918, 99.82230472014, 100, 99.85804671109, 111.9164309208, 127.8278506301, 112.3211454425, 110.3524999297, 111.5315232786, 109.5601704918, -32.24730254854, -32.0156508714, -32.49524789485, -32.32066153484, -31.9997750124, -64.37827711045, -74.41610484013, -63.75806830221, -62.51320120573, -65.00995168532, -63.76917046377, 44.76686433228, 44.35153227402, 44.67928616797, 44.74107561175, 44.68070125044, 44.74259895856
1.075, 0.01129703131604, 0, 6, 1.995641807679, -0.06565477027314, -0.06569461547079, 0.9480096906133, 1.47850002857, -1.056098364939, -1.605654281979, 15.95200262849, 15.94768680471, 15.9126427217, 15.91099098856, 2.513833270003, 99.82313459862, 100, 99.85892889131, 112.5029667375, 128.4165743043, 112.9075058623, 110.9385880479, 112.118175892, 110.1465382761, -32.23456155801, -31.98960224726, -32.48125379052, -32.29485939995, -31.98664304132, -64.7477580469, -74.78212260398, -64.1275136284, -62.88308278801, -65.37957788893, -64.13922940477, 44.74830889578, 44.33296723558, 44.66084720365, 44.72255542226, 44.66209426885, 44.72395190108
1.1, 0.01629969851701, 0, 6, 1.99450241767, -0.05329976131697, -0.05333207143875, 0.9631808276479, 1.48512772458, -1.044716205152, -1.599729321347, 16.32216184461, 16.31786959921, 16.28302296732, 16.28137070054, 2.789987123048, 99.82402731841, 100, 99.85978043055, 113.0895824603, 129.0057773946, 113.4939120855, 111.5246711273, 112.7049265019, 110.7329522033, -32.21946744002, -31.96117646543, -32.46542598666, -32.2669100688, -31.97075978958, -65.11714406254, -75.14738902691, -64.49684770821, -63.25293266103, -65.74912241444, -64.50928791863, 44.72972937222, 44.31441052168, 44.64246346468, 44.70403004349, 44.64352288269, 44.70527826678
1.125, 0.02122235056568, 0, 6, 1.991961930479, -0.04029687215001, -0.04032123774326, 0.9795242848359, 1.493598626355, -1.03333705477, -1.594248311566, 16.69230752685, 16.68804296958, 16.65342445961, 16.65177273035, 3.057291126873, 99.82500841896, 100, 99.86063588126, 113.6762944407, 129.5954870216, 114.0803804961, 112.110764545, 113.2917923556, 111.3194290419, -32.20196204538, -31.93048172238, -32.44766594819, -32.23687346687, -31.95208442065, -65.48640740597, -75.51186084464, -64.86604274621, -63.62272563709, -66.11855882504, -64.87932169009, 44.7111526827, 44.29588480897, 44.62414552665, 44.68552799759, 44.62500008358, 44.68660691606
1.15, 0.02605902899945, 0, 6, 1.988417044774, -0.02665256448049, -0.02666862267533, 0.9964254384059, 1.503548284165, -1.021433396546, -1.588925700932, 17.06243908989, 17.0582071792, 17.02384690662, 17.02219791184, 3.315366851894, 99.82608793496, 100, 99.86153866386, 114.2631173225, 130.1857256951, 114.666926886, 112.6968836529, 113.8787890306, 111.9059849783, -32.18201072997, -31.89768904421, -32.42782382205, -32.20479188612, -31.93068014104, -65.85552092433, -75.87550210028, -65.23507123242, -63.99243658666, -66.48786149695, -65.24930622036, 44.69260406696, 44.27740737026, 44.60588494865, 44.6670724732, 44.60651977299, 44.66796241733
1.175, 0.03080584091296, 0, 6, 1.984502745355, -0.01240600552578, -0.01241345074109, 1.013278925511, 1.514570363123, -1.008465445846, -1.583436188272, 17.43255615282, 17.42836251185, 17.39428958092, 17.39264666922, 3.563714716714, 99.82726561183, 100, 99.86252369806, 114.8500636071, 130.7765098616, 115.2535664895, 113.2830440282, 114.465930846, 112.4926356962, -32.15960951266, -31.86293773729, -32.4057635073, -32.17066763883, -31.90666719229, -66.22445772454, -76.23828626722, -65.60390671281, -64.36204044285, -66.85700549156, -65.61921665308, 44.67410142517, 44.25898335059, 44.58766187591, 44.64868175481, 44.58806271098, 44.6493644111
1.2, 0.03544906853345, 0, 6, 1.981023231311, 0.002396765228693, 0.002398198557234, 1.029714790665, 1.52621877136, -0.994124105481, -1.577395952822, 17.80265865929, 17.79850931889, 17.76475066615, 17.76311906202, 3.802026074013, 99.8285466211, 100, 99.86362833387, 115.4371440865, 131.367849896, 115.8403141838, 113.8692615236, 115.0532315177, 113.0793964708, -32.13478487557, -31.82633104642, -32.38137742712, -32.13451018592, -31.88019748238, -66.59319128672, -76.60019624992, -65.97252433969, -64.73151224428, -67.22596646724, -65.98902782434, 44.65565391213, 44.24060574805, 44.56945449494, 44.63036829939, 44.56960742258, 44.63082704083
1.225, 0.03988181223356, 0, 6, 1.978737024573, 0.01768386128733, 0.01769441229382, 1.045564299041, 1.537876967692, -0.9785140697427, -1.570243642643, 18.1727469669, 18.16864803195, 18.13522604972, 18.13361481884, 4.03009846223, 99.82993107043, 100, 99.86488854136, 116.0243690582, 131.9597504693, 116.4271846498, 114.4555519951, 115.6407044227, 113.66628188, -32.10759181809, -31.78792299491, -32.35452404209, -32.0962564968, -31.85151552395, -66.96169652179, -76.96122391846, -66.34090111071, -65.10082716878, -67.59472102137, -66.35871440568, 44.63726132711, 44.2222591215, 44.55124140583, 44.61212888686, 44.55113367452, 44.61234941739
1.25, 0.04420140891682, 0, 6, 1.978078178558, 0.03334934003544, 0.0333692245352, 1.060767171815, 1.548975985694, -0.9615256797613, -1.561520819762, 18.54282200002, 18.53877930908, 18.5057207397, 18.50413329056, 4.247891525163, 99.83135772489, 100, 99.86627032807, 116.6117493014, 132.5522073359, 117.014192213, 115.0419314084, 116.2283616851, 114.2533055645, -32.07812862044, -31.74791770097, -32.32509572263, -32.05617586102, -31.82093065325, -67.32995133677, -77.32137473071, -66.7090165537, -65.46996084173, -67.96324711331, -66.72825090052, 44.6189125272, 44.2039236068, 44.53300254874, 44.59394196041, 44.53262301417, 44.59391195277
1.275, 0.0484555810822, 0, 6, 1.979100795922, 0.04932496672916, 0.04935440711051, 1.075343127432, 1.559256255486, -0.943164731577, -1.551054337845, 18.9128849214, 18.90890398584, 18.87624068124, 18.87467393352, 4.455349584561, 99.83286213713, 100, 99.86782325178, 117.1992976086, 133.1452169151, 117.6013511796, 115.6284156217, 116.8162157752, 114.8404812666, -32.0464856855, -31.70642106156, -32.29306807542, -32.01444509871, -31.78865524342, -67.69793518104, -77.68065276782, -67.07685087278, -65.83888979319, -68.33152330949, -67.09761266288, 44.60058662275, 44.18557722835, 44.51471952927, 44.57577705948, 44.51405726729, 44.57548507639
1.3, 0.05258862362295, 0, 6, 1.981616419303, 0.06560549878866, 0.06564475612795, 1.089547214204, 1.568806428066, -0.9238041855931, -1.538955116629, 19.28293697325, 19.27902303368, 19.24678267323, 19.24523677245, 4.652326601389, 99.83444265215, 100, 99.86954127646, 117.7870285023, 133.7387805212, 118.1886760051, 116.2150203407, 117.4042801598, 115.4278232505, -32.01272693041, -31.66346086977, -32.2585129203, -31.97106169557, -31.75475423499, -68.06562806758, -78.03905450539, -67.4443844773, -66.20759172689, -68.69952848566, -67.46677637139, 44.58225684, 44.16719700166, 44.49637859265, 44.55760427771, 44.49542172637, 44.55703821918
1.325, 0.05663704734455, 0, 6, 1.985263026502, 0.08222366788419, 0.0822730506371, 1.103969008582, 1.577944184438, -0.9039042015069, -1.525515839493, 19.65297955788, 19.64913751176, 19.61734547994, 19.6158219665, 4.838774219183, 99.83609521983, 100, 99.87139079786, 118.3749571041, 134.33289852, 118.776181093, 116.8017612325, 117.9925686249, 116.0153458164, -31.97691882108, -31.61908767464, -32.22159218811, -31.9261888783, -31.71920127915, -68.4330110225, -78.39657770423, -67.81159921749, -66.57604518112, -69.06724200643, -67.83571937385, 44.56389664448, 44.14876367025, 44.47798347444, 44.53939853121, 44.47671861322, 44.53854536518
1.35, 0.06061202247859, 0, 6, 1.989451286321, 0.0992214296585, 0.09928127295313, 1.119231948256, 1.587058110181, -0.8840299454894, -1.511093594321, 20.02301411596, 20.01924846882, 19.98792912942, 19.98642971019, 5.014822215732, 99.83782782606, 100, 99.87334498136, 118.9630996153, 134.9275709407, 119.3638808385, 117.3886538531, 118.581095157, 116.6030632574, -31.93912790185, -31.57329976308, -32.18249839769, -31.87997149013, -31.68193075767, -68.80006630007, -78.75322059739, -68.17847766603, -66.94422928061, -69.43464383378, -68.20441958117, 44.54548595364, 44.13026899726, 44.45955205168, 44.52113980533, 44.45796551156, 44.51998612558
1.375, 0.06452213437711, 0, 6, 1.993404111363, 0.1166169631916, 0.1166875781743, 1.135716578408, 1.596522098147, -0.8645780603729, -1.496097684021, 20.39304202022, 20.38935692262, 20.35853389156, 20.35706019713, 5.180471770701, 99.83964507935, 100, 99.87537752909, 119.5514730785, 135.5227973399, 119.9517894732, 117.9757136064, 119.1698732329, 117.1909897385, -31.8994220615, -31.52610083644, -32.14142285346, -31.83251548479, -31.64287613372, -69.16677740465, -79.10898217949, -68.54500244469, -67.31212357746, -69.80171461091, -68.57285534966, 44.52701331828, 44.11171715092, 44.44110498809, 44.5028128348, 44.43918381098, 44.50134563753
1.4, 0.06839048386161, 0, 6, 1.996329873064, 0.1344106831486, 0.1344923119972, 1.153557893092, 1.606841164548, -0.8457378840028, -1.481136208447, 20.76306451192, 20.75946387747, 20.72915991183, 20.72771355984, 5.335748610797, 99.84154658746, 100, 99.87745249114, 120.1400942659, 136.1185755367, 120.5399208409, 118.5629560537, 119.7589153933, 117.7791394057, -31.85787757163, -31.47753125614, -32.09862060018, -31.78391540138, -31.60193507344, -69.53312843608, -79.46386417251, -68.91115617767, -67.67970803444, -70.16843548928, -68.94100527149, 44.50847633213, 44.09312163292, 44.42266227871, 44.48441543879, 44.42039459252, 44.48262125163
1.425, 0.07220262558902, 0, 6, 1.997706843668, 0.1525991059853, 0.1526919088342, 1.172741399736, 1.618560830484, -0.827552929241, -1.466761466527, 21.13308266286, 21.12957031455, 21.09980694809, 21.09838970723, 5.480753386839, 99.8435371764, 100, 99.8795440722, 120.7289779384, 136.7148993843, 121.1282881884, 119.1503971054, 120.3482329026, 118.3675263414, -31.81459158491, -31.42766803298, -32.05440700748, -31.7342649173, -31.55899375745, -69.89910307327, -79.81787466317, -69.27692168928, -68.0469626803, -70.53478790835, -69.30884772713, 44.48988330882, 44.07450124094, 44.40424283826, 44.46596440922, 44.40161785538, 44.4638294042
1.45, 0.07588192831116, 0, 6, 1.997395265904, 0.1711561593061, 0.1712602151716, 1.193152454216, 1.631981048696, -0.8099958788402, -1.453284384716, 21.50309737383, 21.49967705162, 21.47047432032, 21.46908803662, 5.615654406529, 99.84561681778, 100, 99.88163347158, 121.3181361116, 137.3117591905, 121.7169040504, 119.7380524155, 120.9378357935, 118.9561639577, -31.76967918323, -31.37661453164, -32.00903871987, -31.68365636674, -31.51406154006, -70.264684335, -80.17102750581, -69.64228213532, -68.41386736472, -70.90075359707, -69.67636082979, 44.47125292638, 44.05587746226, 44.38586447014, 44.44748739188, 44.38287260515, 44.44499887996
1.475, 0.07939663971192, 0, 6, 1.995526161076, 0.1900121303896, 0.1901274337776, 1.214383567745, 1.647049325889, -0.7930085137351, -1.440637256941, 21.87310917312, 21.86978459037, 21.84116119982, 21.83980754649, 5.740621765682, 99.84777975473, 100, 99.88371176195, 121.9075786316, 137.9091451657, 122.3057798692, 120.3259365669, 121.5277333694, 119.5450645454, -31.72325363208, -31.32402036166, -31.96264775867, -31.63195363902, -31.46718300137, -70.62985509157, -80.52333670507, -70.00722075479, -68.78040217486, -71.26631484519, -70.04352310334, 44.45261095095, 44.03727343145, 44.36754252706, 44.42901353835, 44.36417701841, 44.42616116114
1.5, 0.08267692590455, 0, 6, 1.992403187264, 0.2090482802173, 0.2091747383001, 1.235953328621, 1.663441065451, -0.7763140170698, -1.428610169634, 22.24311876522, 22.23989326824, 22.21186638942, 22.21054705548, 5.855864500342, 99.85001151817, 100, 99.88579052913, 122.4973135357, 138.5070461348, 122.8949265862, 120.9140632107, 122.1179330798, 120.1342392156, -31.6754330117, -31.27045219504, -31.91527320392, -31.57937216192, -31.41855538949, -70.99459878433, -80.87481848558, -70.37172126876, -69.14654768194, -71.63145473401, -70.41031357618, 44.43398466503, 44.01871032974, 44.3492770594, 44.41056808199, 44.34553449059, 44.40734409851
1.525, 0.08569227660529, 0, 6, 1.988571030984, 0.2281311874805, 0.2282686587501, 1.25712738416, 1.680711918342, -0.7593909030269, -1.416909591395, 22.61312657662, 22.61000342078, 22.58258851099, 22.58130516357, 5.961688715665, 99.85228797194, 100, 99.88788251468, 123.0873463638, 139.1054476972, 123.4843536747, 121.502445166, 122.7084405512, 120.7236978532, -31.62634864925, -31.21607213781, -31.86692298983, -31.52592529024, -31.36843776644, -71.35889939781, -81.22549412669, -70.73576813291, -69.51228524284, -71.99615758988, -70.77671191279, 44.41539592534, 44.0001990682, 44.33105126692, 44.39217129238, 44.32692935678, 44.38857051907
1.55, 0.0884399153787, 0, 6, 1.984797112294, 0.2471446093851, 0.2472929732091, 1.277397724684, 1.698424803443, -0.7418586199461, -1.40523106319, 22.98313311875, 22.98011540645, 22.95332607586, 22.95208032544, 6.058368594914, 99.85458822931, 100, 99.88999833829, 123.6776802353, 139.7043329202, 124.0740695344, 122.0910943518, 123.2992603501, 121.3134491837, -31.57614051399, -31.16107357431, -31.81761552397, -31.47169207006, -31.31709846132, -71.72274140568, -81.57538885591, -71.0993475393, -69.87759729929, -72.36040885186, -71.14269873399, 44.39685808167, 43.98173757397, 44.312843663, 44.37383920515, 44.30834080486, 44.3698585369
1.575, 0.09087856991774, 0, 6, 1.98192024393, 0.2659819282081, 0.2661411376838, 1.296500689569, 1.71604927642, -0.7235792367255, -1.393027383723, 23.35313900551, 23.35022958407, 23.32407770231, 23.32287097482, 6.146168755876, 99.8568981912, 100, 99.89215919922, 124.2683168942, 140.3036847974, 124.6640816705, 122.6800214187, 123.8903966482, 121.9035006877, -31.52494373217, -31.10562399766, -31.76732977209, -31.41677390644, -31.26483827903, -72.08611023313, -81.92452798389, -71.46244741486, -70.24246751333, -72.72419510805, -71.50825600348, 44.37837577854, 43.96331363214, 44.29463294627, 44.35557770551, 44.28974853051, 44.35121622936
1.6, 0.0930142050333, 0, 6, 1.980544721282, 0.2845439158162, 0.2847139997122, 1.31433420683, 1.732925638657, -0.7045887589742, -1.379751825107, 23.72314493108, 23.72034623949, 23.69484240541, 23.69367571227, 6.225279816834, 99.85920036687, 100, 99.89438008949, 124.859258712, 140.9034901833, 125.2543968765, 123.2692351874, 124.4818538002, 122.4938584435, -31.47286653192, -31.04984231824, -31.71595693999, -31.36126271822, -31.21199698645, -72.44899320548, -82.27293050537, -71.82505709936, -70.60688114544, -73.08750427901, -71.87336769821, 44.35994321951, 43.94490929777, 44.2763989552, 44.33737296578, 44.27113379588, 44.33263082188
1.625, 0.09490018679483, 0, 6, 1.980866502246, 0.3027575500153, 0.3029385800044, 1.330909399516, 1.748567969058, -0.6850034696802, -1.365168705583, 24.09315163774, 24.09046556587, 24.06561971292, 24.06449362055, 6.295795786555, 99.86148212079, 100, 99.89666793501, 125.4505098412, 141.5037409428, 125.8450213539, 123.8587430176, 125.073636473, 123.0845278435, -31.4199843078, -30.99379747966, -31.66340847315, -31.30523360942, -31.15882247025, -72.81137992688, -82.62060715093, -72.18716711225, -70.97082550106, -73.45032563015, -72.23802021832, 44.34154377563, 43.92650399911, 44.25812334002, 44.31919761176, 44.25247917457, 44.31407527663
1.65, 0.09660474671625, 0, 6, 1.982766320524, 0.3205938882217, 0.3207859515006, 1.346369749685, 1.762903975556, -0.664953556216, -1.349375532403, 24.46315992425, 24.4605875515, 24.43640952928, 24.43532430643, 6.357749038485, 99.86373297221, 100, 99.89901820179, 126.0420757721, 142.1044321397, 126.4359607809, 124.4485514102, 125.6657493797, 123.6755141197, -31.36635046129, -30.93755600209, -31.60969335371, -31.24877712251, -31.10541647451, -73.17326179696, -82.96756338086, -72.54876904276, -71.3342897935, -73.81264959083, -72.60220204465, 44.32315294347, 43.90807562631, 44.239789303, 44.30102055573, 44.23376802722, 44.295518595
1.675, 0.09827537828031, 0, 6, 1.985950154998, 0.3380887224757, 0.3382919182216, 1.36121621821, 1.776009933188, -0.6447423369418, -1.3326649436, 24.83317062195, 24.83071400639, 24.80721199411, 24.80616776805, 6.411125208759, 99.8659586055, 100, 99.90141453213, 126.6339627433, 142.7055609999, 127.0272205935, 125.0386664102, 126.2581976976, 124.266822537, -31.3120035392, -30.88118793372, -31.55490398415, -31.19204206306, -31.05175191393, -73.53463101363, -83.31380102664, -72.90985560384, -71.69726455561, -74.17446717817, -72.96590303046, 44.3047435363, 43.88960290092, 44.22139244989, 44.28281466229, 44.21499526017, 44.2769328627
1.7, 0.09991530526127, 0, 6, 1.989904364484, 0.3553337213, 0.3555481334872, 1.376136278968, 1.788351576951, -0.6249451307791, -1.315390255199, 25.20318463871, 25.20084488942, 25.17802750481, 25.17702427706, 6.455869582428, 99.86817578679, 100, 99.90383738103, 127.2261784511, 143.307125942, 127.618806508, 125.6290940769, 126.8509875676, 124.858458714, -31.25697515711, -30.82464988318, -31.49919400101, -31.13513589587, -30.99772590671, -73.89548042103, -83.65932020565, -73.27042027714, -72.05974087402, -74.53576970035, -73.32911363496, 44.28629281917, 43.87107341207, 44.20294800014, 44.26455861024, 44.19617577221, 44.25829592513
1.725, 0.10151923283, 0, 6, 1.993890321978, 0.3724222228659, 0.3726478483635, 1.391645247603, 1.800335425587, -0.6060066820194, -1.29789051674, 25.57320282214, 25.57098070205, 25.54885654102, 25.54789420575, 6.492024898789, 99.87039895828, 100, 99.90627009436, 127.8187320006, 143.9091264072, 128.2107243513, 126.2198403893, 127.4441251322, 125.4504283806, -31.20129141241, -30.76788426565, -31.44270690643, -31.0781258433, -30.94322332011, -74.25580379555, -84.00411955545, -73.63045639405, -72.42171016223, -74.89654888636, -73.69182475413, 44.26778644814, 43.85248766072, 44.18447751884, 44.24623551658, 44.17733081699, 44.23959052834
1.75, 0.1031320944504, 0, 6, 1.997065079267, 0.3894199608289, 0.3896566366939, 1.407988994293, 1.812393306852, -0.588138391933, -1.280729156336, 25.94322594336, 25.94112204293, 25.91969945733, 25.9187779169, 6.51969316681, 99.87263708702, 100, 99.90868803203, 128.4116329307, 144.511560242, 128.8029798392, 126.8109115552, 128.0376158381, 126.0427373245, -31.14498743969, -30.71086604574, -31.38561408206, -31.02105969649, -30.88811859168, -74.61559578984, -84.34820050654, -73.98995716764, -72.78316403003, -75.25679695395, -74.05402736069, 44.24921872066, 43.83385688339, 44.16600203165, 44.22783647528, 44.15848172497, 44.22080737114
1.775, 0.1047594199668, 0, 6, 1.998762856419, 0.4063523608653, 0.4065997482934, 1.425210632059, 1.825106468895, -0.5714020890467, -1.26455548108, 26.31325473082, 26.31126962928, 26.29055618972, 26.28967558908, 6.539087720081, 99.8749030401, 100, 99.91106910197, 129.0048892972, 145.1144196153, 129.3955783893, 127.4023147218, 128.6314638499, 126.635391674, -31.08813075655, -30.65362372287, -31.3281958577, -30.96399667248, -30.8322434735, -74.97485116468, -84.69157406682, -74.34891606831, -73.14409397832, -75.61650641094, -74.41571186995, 44.23059404651, 43.81519886664, 44.14754117359, 44.2093717319, 44.13964907055, 44.20195752262
1.8, 0.1063422260037, 0, 6, 1.998714616097, 0.4231936033891, 0.4234512316935, 1.443216839003, 1.838925741709, -0.5557971507094, -1.249725119132, 26.68328989954, 26.68142424587, 26.66142608759, 26.66058689484, 6.550562030477, 99.8772089509, 100, 99.9134024434, 129.5985062865, 145.7176895991, 129.9885249976, 127.994057724, 129.2256718485, 127.228397248, -31.03082908467, -30.59624061506, -31.27074160744, -30.90701654011, -30.77551730679, -75.33356419477, -85.03426332956, -74.7073270661, -73.50449090927, -75.97566996783, -74.776867623, 44.2119279956, 43.79653458341, 44.12911305691, 44.19086667472, 44.12085249538, 44.1830678018
1.825, 0.1077804005981, 0, 6, 1.996995378791, 0.4398725085751, 0.4401398302047, 1.461785859455, 1.853968069366, -0.5412941218227, -1.236251540085, 27.05333211686, 27.05158659271, 27.03230804853, 27.03151093318, 6.554560589517, 99.87955689169, 100, 99.91568109457, 130.1924865211, 146.3213507245, 130.5818241214, 128.5861482702, 129.8202412953, 127.8217589955, -30.973215042, -30.53881260516, -31.21344938479, -30.85018656981, -30.71800727712, -75.6917288689, -85.37629927602, -75.06518465334, -73.86434530481, -76.33428070274, -75.13748332822, 44.19324480744, 43.77788676179, 44.11073425225, 44.17235151634, 44.10211018331, 44.16417057667
1.85, 0.1089481283665, 0, 6, 1.993886161898, 0.4562853074328, 0.4565617407137, 1.480426740921, 1.87002422397, -0.5277029334017, -1.223915615676, 27.42338193511, 27.42175723584, 27.40320070715, 27.40244641314, 6.551569005478, 99.8819431617, 100, 99.91791677554, 130.7868307461, 146.9253814934, 131.1754793835, 129.1785933131, 130.415172284, 128.4154807413, -30.91543057699, -30.48141713306, -31.15640988988, -30.79351548267, -30.65990497607, -76.04933957153, -85.71771655391, -75.42248374368, -74.22364792226, -76.69233253761, -75.49754795348, 44.17457238635, 43.75927765432, 44.09241238765, 44.15385394796, 44.08343092571, 44.14529644411
1.875, 0.1098076690062, 0, 6, 1.989867286252, 0.4722963422008, 0.4725813230688, 1.498448956127, 1.886665454873, -0.514571124802, -1.212409132775, 27.79343979018, 27.79193667942, 27.77410251648, 27.77339182239, 6.54202017017, 99.8843521688, 100, 99.92012818472, 131.3815375079, 147.5297588361, 131.7694931659, 129.771398729, 131.0104631631, 129.0095649754, -30.85762230212, -30.42414979958, -31.09964991775, -30.73696979203, -30.60148043871, -76.40639158791, -86.05855264529, -75.77921994964, -74.58239055889, -77.04982076093, -75.85705148902, 44.15593560587, 43.740722476, 44.07413695615, 44.13539624814, 44.06480645091, 44.12647067199
1.9, 0.1103716733558, 0, 6, 1.98563335791, 0.4877637478447, 0.4880568103547, 1.515261132715, 1.903423180771, -0.5014540997034, -1.201419803843, 28.16350607391, 28.16212535792, 28.14501188378, 28.1443455727, 6.526286612984, 99.88676290611, 100, 99.92232868376, 131.9766030263, 148.1344599673, 132.3638666443, 130.3645690839, 131.6061111658, 129.6040128886, -30.79992987952, -30.36713601921, -31.04318489344, -30.68054903274, -30.54301677775, -76.7628808587, -86.39884464605, -76.13539022209, -74.94056650886, -77.40674194054, -76.2159854799, 44.13735155714, 43.72222435173, 44.05588805107, 44.11699623169, 44.04621821737, 44.10771298613
1.925, 0.1106152161233, 0, 6, 1.981996498967, 0.5025857597973, 0.5028866225487, 1.530521182214, 1.91984370836, -0.4881037607961, -1.190461035761, 28.53358117467, 28.53232357006, 28.51592737038, 28.5153061535, 6.504701394525, 99.88916054535, 100, 99.9245375103, 132.5720220912, 148.7394653345, 132.9586000487, 130.9581073363, 132.20211328, 130.1988244412, -30.74246944368, -30.31055900016, -30.98700218135, -30.62435317033, -30.48479548736, -77.1188037778, -86.73862429552, -76.49099293809, -75.29817071266, -77.76309368263, -76.57434339939, 44.11882838673, 43.70377510043, 44.03764474536, 44.09866489012, 44.02764562009, 44.08903444813
1.95, 0.1105418151639, 0, 6, 1.979647174506, 0.5167012089513, 0.517009788874, 1.544109441633, 1.935346605449, -0.4744450730288, -1.178966050096, 28.90366541727, 28.90253141401, 28.88684800694, 28.88627232205, 6.477471398255, 99.89153259602, 100, 99.9267767295, 133.1677897155, 149.3447618795, 133.5536928024, 131.5520142958, 132.798466965, 130.7939983167, -30.68531506616, -30.25452884566, -30.93098570969, -30.56845283384, -30.42710330529, -77.47415787611, -87.07791251077, -76.84602762686, -75.65519993752, -78.11887476792, -76.93212120404, 44.10036427825, 43.68535902316, 44.01938715738, 44.08039641971, 44.00906888291, 44.07042934163
1.975, 0.1102230853858, 0, 6, 1.978926851052, 0.5300645771283, 0.5303809078153, 1.556029977327, 1.949371023399, -0.4605273802911, -1.166617753845, 29.27375905188, 29.27274881574, 29.25777345072, 29.25724334684, 6.444650860529, 99.89386514035, 100, 99.92905703354, 133.7639025094, 149.9503443203, 134.1491436792, 132.1462887698, 133.3951703987, 131.389532359, -30.62849167889, -30.19909140803, -30.8749746439, -30.51288844153, -30.37015663039, -77.82894259786, -87.4167170708, -77.20049471188, -76.01165311118, -78.47408521133, -77.28931769462, 44.08194651124, 43.66695653039, 44.00109639381, 44.06216846893, 43.99046987564, 44.05187549317
2, 0.1097645150256, 0, 6, 1.979826545069, 0.5426605083574, 0.5429846511397, 1.566393644342, 1.961638061974, -0.4464565897404, -1.153431741806, 29.64386229159, 29.64297568719, 29.62870387718, 29.62821909205, 6.406186335286, 99.89615261002, 100, 99.93138409011, 134.3603588022, 150.5562128179, 134.7449510022, 132.7409284356, 133.9922222648, 131.9854242469, -30.57198945461, -30.14425848627, -30.81887020546, -30.45769235749, -30.31403419369, -78.18315910279, -87.75503646248, -77.55439539428, -76.36753115203, -78.82872605176, -77.64593402202, 44.06355325759, 43.64854596969, 43.98275485112, 44.04395163583, 43.97183181106, 44.0333430425
2.025, 0.1092982910506, 0, 6, 1.982121215403, 0.5545271181745, 0.5548591182159, 1.57556707353, 1.972215285911, -0.4324204187817, -1.139658414709, 30.01397540777, 30.01321203104, 29.99963975763, 29.99919987969, 6.361979155949, 99.89839472348, 100, 99.93374827173, 134.9571580689, 151.162369807, 135.3411129771, 133.3359306529, 134.5896216864, 132.5816719321, -30.51578339327, -30.09006129374, -30.76266902895, -30.40294886132, -30.25867816241, -78.53680944217, -88.09286526418, -77.90773169853, -76.72283624159, -79.1827988844, -78.00197268505, 44.04515788405, 43.63010522957, 43.96435155843, 44.02571750279, 43.95314369809, 44.01480293627
2.05, 0.1088908256149, 0, 6, 1.985406305407, 0.5657791435925, 0.5661190050624, 1.584218362451, 1.981452511021, -0.4188254084784, -1.125623008432, 30.38409873418, 30.38345788907, 30.37058178678, 30.37018630892, 6.311945684117, 99.90060142108, 100, 99.93612887713, 135.5543011404, 151.7688192511, 135.9376281484, 133.9312928846, 135.1873687593, 133.1782738742, -30.45983956705, -30.03645704617, -30.70643279657, -30.34873593762, -30.20393526319, -78.8898957741, -88.43019545021, -78.26050627127, -77.07757097706, -79.53630528386, -78.35743664187, 44.02673520713, 43.61161726138, 43.94589370205, 44.00744277189, 43.9344102239, 43.99623088097
2.075, 0.1085433247517, 0, 6, 1.989058509343, 0.5765823738665, 0.5769300012884, 1.593011543484, 1.989824518706, -0.4061210979842, -1.111617260037, 30.75423260206, 30.75371333037, 30.74153079947, 30.74117911025, 6.256030890795, 99.90279021984, 100, 99.93850961017, 136.1517906174, 152.3755657656, 136.5344955545, 134.5270129599, 135.7854642842, 133.7752290289, -30.4041217843, -29.98333535908, -30.65024226805, -30.29508336363, -30.14962568378, -79.24242047902, -88.76701800722, -78.61272159834, -77.4317378507, -79.88924673101, -78.71232875119, 44.0082669459, 43.59307631847, 43.92740088557, 43.98910950124, 43.91564899844, 43.97760704949
2.1, 0.1082745816606, 0, 6, 1.992291787279, 0.5870756799821, 0.5874307866091, 1.602363456411, 1.997782285982, -0.3945860074609, -1.098049352265, 31.12437733154, 31.12397850122, 31.11248755658, 31.11217900904, 6.194169953491, 99.90497474069, 100, 99.94087180267, 136.7496302154, 152.9826122101, 137.131714565, 135.1230892876, 136.3839088644, 134.3725367585, -30.34860558752, -29.93061312333, -30.59418814194, -30.24200530826, -30.09556983341, -79.59438661432, -89.10332707064, -78.9643797425, -77.78533902547, -80.24162480737, -79.06665144369, 43.98974350738, 43.57448861007, 43.90889462656, 43.97070512603, 43.89688121495, 43.95891819423
2.125, 0.1081053262622, 0, 6, 1.994358066685, 0.5973275720107, 0.5976896304028, 1.612425295438, 2.00585097861, -0.3843359165575, -1.08550561609, 31.49453325467, 31.4942536944, 31.48345246622, 31.48318655234, 6.126401587941, 99.90716355221, 100, 99.94318895277, 137.3478231947, 153.5899562416, 137.7292846526, 135.7195214067, 136.9827021782, 134.9701969003, -30.29329804782, -29.87826847558, -30.53844847389, -30.1895292095, -30.04157225999, -79.94579764689, -89.43912576305, -79.3154826287, -78.13837618076, -80.59344114557, -79.42040622372, 43.97116475285, 43.55586903148, 43.89039521395, 43.95223106383, 43.87812797542, 43.94016577534
2.15, 0.1079919755951, 0, 6, 1.994803946037, 0.6073518591699, 0.6077201587485, 1.623172247567, 2.014576712988, -0.3753849000895, -1.074431385433, 31.86470074123, 31.86453937203, 31.8544253471, 31.85420185347, 6.052917608363, 99.90936945519, 100, 99.94544517963, 137.9463707542, 154.1975878832, 138.3272052398, 136.3163101703, 137.5818425888, 135.5682095207, -30.23825181715, -29.82634369338, -30.48327315797, -30.13770798068, -29.98747778196, -80.29665663, -89.77443047837, -79.66603235049, -78.49085011423, -80.9446972861, -79.77359310105, 43.95254134693, 43.53723735666, 43.87192153774, 43.93370624977, 43.85940942385, 43.921369166
2.175, 0.1078505761371, 0, 6, 1.993542215689, 0.6171091565812, 0.6174828999823, 1.634461303018, 2.024256690254, -0.3677087360377, -1.064960531266, 32.2348801876, 32.23483603989, 32.22540545076, 32.2252244338, 5.974039199442, 99.91159985319, 100, 99.94763126872, 138.5452715744, 154.8054907784, 138.9254755559, 136.9134570685, 138.1813272626, 136.1665743025, -30.18355721874, -29.77492654731, -30.42887050889, -30.08661138317, -29.93325878416, -80.6469660452, -90.10926886539, -80.01603131124, -78.84276066985, -81.29539475773, -80.12621072343, 43.9338938684, 43.51861591287, 43.85349132774, 43.91515891211, 43.84074503949, 43.90255803503
2.2, 0.10755164632, 0, 6, 1.990734321645, 0.6265040210296, 0.6268823861018, 1.645947520199, 2.034828156353, -0.3612615924035, -1.056966282285, 32.6050719339, 32.60514410979, 32.59639169125, 32.59625332224, 5.890151480736, 99.91385575226, 100, 99.94974917919, 139.1445224408, 155.4136454877, 139.5240944207, 137.5109633977, 138.7811524412, 136.7652901567, -30.12932204767, -29.72406889891, -30.37534713249, -30.03625314504, -29.87902634629, -80.99672833072, -90.44367417426, -80.36548219637, -79.19410728464, -81.64553540781, -80.47825721637, 43.9152492569, 43.50002838885, 43.8351194174, 43.89661772937, 43.82215162799, 43.88376365967
2.225, 0.1070019368285, 0, 6, 1.986727372303, 0.6353895321092, 0.6357717198834, 1.656955575659, 2.045940064428, -0.3557006359603, -1.050194618311, 32.97527623351, 32.97546392427, 32.96738271514, 32.96728724903, 5.801722360438, 99.91612689776, 100, 99.95181804117, 139.7441183128, 156.0220304513, 140.1230598062, 138.1088298325, 139.3813127024, 137.3643549954, -30.07566414884, -29.67387954787, -30.32273101717, -29.98663205728, -29.82499259224, -81.34594658918, -90.77768353969, -80.71438791037, -79.5448898157, -81.99512202372, -80.8297310691, 43.89663483981, 43.48149512695, 43.81680366035, 43.87810729642, 43.80362878345, 43.86501403394
2.25, 0.1061939572313, 0, 6, 1.982119724156, 0.6435995097379, 0.6439848417674, 1.666776174921, 2.057127270591, -0.3505114286504, -1.044359921093, 33.34549332304, 33.34579581026, 33.33837695305, 33.33832475267, 5.709287952863, 99.91839394989, 100, 99.95385548565, 140.3440516859, 156.6306224136, 140.7223686047, 138.7070561725, 139.9818010409, 137.9637655556, -30.02270682643, -29.62456372198, -30.27102866067, -29.93780670163, -29.77141894598, -81.69462450588, -91.11133711328, -81.06275233323, -79.89510916738, -82.34415857327, -81.18063172063, 43.87807171895, 43.46302519337, 43.798526078, 43.8596479583, 43.78515954984, 43.84633199882
2.275, 0.1051281889427, 0, 6, 1.97771641696, 0.6509975492065, 0.651385580267, 1.674939814006, 2.067949422612, -0.3453446030176, -1.039128058272, 33.71572344739, 33.71614002314, 33.70937287426, 33.70936432687, 5.613236757252, 99.92064077631, 100, 99.95587777791, 140.9443130514, 157.2393987782, 141.3220167642, 139.3056411133, 140.5826099399, 138.5635175445, -29.97056490967, -29.57630152201, -30.22024595162, -29.88985080617, -29.71856283255, -82.04276602501, -91.44467395061, -81.4105808098, -80.24476756835, -82.69265002638, -81.53095999895, 43.85957223002, 43.44461473539, 43.78026513396, 43.84125583257, 43.76672265858, 43.82773487279
2.3, 0.1037732697288, 0, 6, 1.974347327819, 0.6574941333144, 0.6578847022834, 1.681240700273, 2.077885226979, -0.3400603582822, -1.033890206429, 34.08596684555, 34.08649667337, 34.08036923941, 34.08040458075, 5.513873311512, 99.92285623406, 100, 99.95791048623, 141.544892292, 157.84834083, 141.9219995103, 139.9045817477, 141.1837321315, 139.1636055592, -29.91932616305, -29.52921993257, -30.17031396041, -29.84283326788, -29.66670681929, -82.39037563916, -91.77772647418, -81.7578799476, -80.59386865711, -83.04060230186, -81.88071854639, 43.8411395447, 43.42625023873, 43.76200008264, 43.82293486158, 43.74829715087, 43.80922685761
2.325, 0.1021718007284, 0, 6, 1.972561453897, 0.6630418944479, 0.6634350466659, 1.685652599395, 2.086305297488, -0.334659104992, -1.028140289007, 34.45622370553, 34.45686565291, 34.45136539302, 34.45144448171, 5.411357082267, 99.9250249367, 100, 99.9599693325, 142.1457806862, 158.4574370952, 142.5223115169, 140.5038731519, 141.7851611749, 139.7640231948, -29.86903166201, -29.48337390354, -30.12106382478, -29.79679070478, -29.61612518103, -82.737459259, -92.11051453653, -82.10465723317, -80.94241785271, -83.3880223815, -82.22991247307, 43.82276587004, 43.407912871, 43.74371163082, 43.804669178, 43.72986354984, 43.79079148636
2.35, 0.1004117228736, 0, 6, 1.972500937489, 0.6676411033522, 0.6680369586259, 1.688264392345, 2.092796005982, -0.3292084086325, -1.021699457669, 34.82649416939, 34.82724677049, 34.8223612835, 34.82248359386, 5.305717719095, 99.92713582, 100, 99.96206116079, 142.7469717253, 159.0666825194, 143.1229470752, 141.1035090552, 142.3868914165, 140.3647638154, -29.81968133686, -29.43877064581, -30.07234980351, -29.7517420687, -29.56697082746, -83.08402448093, -92.44304670751, -82.45092082457, -81.29042254119, -83.73491822609, -82.57854934835, 43.80443267848, 43.38958124531, 43.72538166991, 43.78643083951, 43.71140379773, 43.77239953759
2.375, 0.09861083430076, 0, 6, 1.974016463613, 0.6713502636113, 0.6717489305177, 1.68933172742, 2.097319843252, -0.3237761773676, -1.014688420097, 35.19677841468, 35.19763993554, 35.19335722324, 35.19352202522, 5.196927462467, 99.92918525519, 100, 99.96418474507, 143.3484605066, 159.676074863, 143.7239003068, 141.7034827836, 142.9889175718, 140.9658210885, -29.77125630202, -29.39543125607, -30.02412634724, -29.70774007764, -29.51924518203, -83.43008005348, -92.77532655466, -82.79667955638, -81.637891578, -84.08129847936, -82.92663833491, 43.78611406245, 43.37123245763, 43.70699418251, 43.76818977484, 43.69290094378, 43.75401931666
2.4, 0.09686982383747, 0, 6, 1.976782743311, 0.6742935055111, 0.6746950439425, 1.689464610322, 2.100174016475, -0.3186581162027, -1.007384633577, 35.56707672628, 35.56804517955, 35.56435374412, 35.56456022129, 5.084934544644, 99.93117959649, 100, 99.9663214994, 143.9502433007, 160.2856127884, 144.3251655772, 142.3037878129, 143.5912352113, 141.5671892183, -29.72373167776, -29.35335461928, -29.97644093731, -29.66487686235, -29.47283092493, -83.77563505197, -93.10735605272, -83.14194310735, -81.98483445543, -84.42717190731, -83.27418920576, 43.76778237191, 43.35284540399, 43.68854767022, 43.74991987179, 43.67435194542, 43.73562300878
2.425, 0.0951995317631, 0, 6, 1.980248792297, 0.6766348712581, 0.6770392190215, 1.689396223699, 2.101831072669, -0.3143703987335, -1.00009061015, 35.93738943882, 35.93846259251, 35.93535158624, 35.93559880948, 4.969711649139, 99.93313595377, 100, 99.96845277534, 144.5523181326, 160.8952956602, 144.9267378136, 142.9044180241, 144.1938409687, 142.1688630222, -29.67707988571, -29.31242215624, -29.92938249336, -29.62318428721, -29.42755651319, -84.12069881754, -93.4391360854, -83.48672139904, -82.33126064982, -84.77254714423, -83.62121171335, 43.74941519158, 43.33440875422, 43.67005873689, 43.73160036149, 43.65577186784, 43.71718789289
2.45, 0.09359149819311, 0, 6, 1.983652822392, 0.6785258881525, 0.6789327619887, 1.689659342913, 2.102765612016, -0.3112796539402, -0.9931071937228, 36.30771689631, 36.30889235223, 36.30635147507, 36.306638457, 4.851381765055, 99.93507066101, 100, 99.97056370048, 145.1546845636, 161.5051217439, 145.5286124107, 143.5053678687, 144.7967315266, 142.7708377673, -29.63128170232, -29.27252380297, -29.88304527494, -29.58267095436, -29.38325589294, -84.46528135911, -93.77066968441, -83.83102393352, -82.6771793121, -85.11743287505, -83.96771521495, 43.73099869024, 43.31592399688, 43.65154898647, 43.71321500867, 43.63718123281, 43.69869626678
2.475, 0.09207953538173, 0, 6, 1.986164945645, 0.6800644889198, 0.6804733195042, 1.69050769884, 2.103476167419, -0.3095435008036, -0.9869959964148, 36.67805944321, 36.67933476643, 36.67735390411, 36.67767973532, 4.730152231317, 99.93699369307, 100, 99.9726292651, 145.7573425123, 162.1150858054, 146.1307849832, 144.1066326737, 145.3999029326, 143.373109166, -29.58634014125, -29.23359491735, -29.8375746367, -29.54333990814, -29.33974900089, -84.80939330875, -94.10196620721, -84.17485989273, -83.02259920252, -85.46183789436, -84.31370840364, 43.71252796669, 43.29740291374, 43.63303922374, 43.69475705712, 43.61860068573, 43.68014109346
2.5, 0.09064245388637, 0, 6, 1.987175250998, 0.6812854545231, 0.6816954361604, 1.691982597719, 2.104574337994, -0.309191997919, -0.9823226379203, 37.04841743834, 37.04979033606, 37.0483588555, 37.04872293421, 4.606362246662, 99.93891925275, 100, 99.97463026887, 146.3602903229, 162.7251761902, 146.7332511621, 144.7082091247, 146.0033500658, 143.9756734135, -29.54229779368, -29.19563627895, -29.79322385945, -29.50521688174, -29.2968413833, -85.15304513065, -94.43304653007, -84.51823846234, -83.36752844823, -85.80577092516, -84.6591987876, 43.69400869957, 43.27886344058, 43.6145486659, 43.67623908429, 43.60004999411, 43.66153576299
2.525, 0.08920664091499, 0, 6, 1.986468879969, 0.6821698101367, 0.682580032068, 1.693989118234, 2.106499541685, -0.3101980344101, -0.9793543626557, 37.41879124177, 37.4202596267, 37.41936572323, 37.41976780412, 4.480476413487, 99.9408593016, 100, 99.97655723505, 146.9635237261, 163.3353751981, 147.3360064441, 145.3100947393, 146.6070666199, 144.5785265007, -29.4992341727, -29.15870642128, -29.75023878023, -29.46835198216, -29.25444233491, -85.49624655355, -94.76394251832, -84.86116898246, -83.71197424601, -86.14924057246, -85.00419250128, 43.67545763034, 43.26032663403, 43.59609515087, 43.65768740407, 43.58154800724, 43.64290777952
2.55, 0.08767258969259, 0, 6, 1.98415034006, 0.6826564034324, 0.6830659598064, 1.696311052145, 2.109338467318, -0.3125033858727, -0.9780362336904, 37.78918113779, 37.79074305225, 37.79037351254, 37.79081356014, 4.353019340438, 99.94281662158, 100, 99.97840615578, 147.5670363031, 163.9456622971, 147.939046024, 145.9122869589, 147.2110454674, 145.18166372, -29.45724561725, -29.12285266136, -29.70876298908, -29.43276354713, -29.21260790874, -85.83900679416, -95.09469133067, -85.20366095003, -84.05594319784, -86.49225552271, -85.34869496115, 43.65689969235, 43.24181532303, 43.57769548816, 43.63913194537, 43.56311220946, 43.62428868201
2.575, 0.08593960953306, 0, 6, 1.980516408955, 0.6826540186632, 0.6830620740504, 1.698449384132, 2.112863197757, -0.3158473940551, -0.9781067527931, 38.15958726112, 38.16124076355, 38.16138102171, 38.16185909051, 4.224513889144, 99.94478759682, 100, 99.98019231801, 148.170820132, 164.5560165058, 148.542364486, 146.5147825739, 147.8152784514, 145.7850794923, -29.41642978484, -29.08811872634, -29.66883289726, -29.39842080802, -29.17150971484, -86.18133517815, -95.42533112128, -85.54572379469, -84.39944205864, -86.83482499593, -85.69271179461, 43.6383627799, 43.22335143243, 43.559355766, 43.62059981867, 43.54474904022, 43.6057073177
2.6, 0.08399164762451, 0, 6, 1.976076828682, 0.6820480689466, 0.6824539354447, 1.699723921092, 2.116653101778, -0.3197036632265, -0.9792401319069, 38.53000961915, 38.53175239866, 38.53238689608, 38.53290314096, 4.095275847508, 99.94675859406, 100, 99.98193807549, 148.7748653775, 165.1664168931, 149.1459554838, 147.1175774728, 148.4197560746, 146.3887672661, -29.37688078609, -29.05462726522, -29.63042755782, -29.36530815049, -29.13137737611, -86.52324139702, -95.75590001518, -85.88736714443, -84.7424784282, -87.17695911677, -86.0362495346, 43.61987084128, 43.20494865996, 43.54106324983, 43.60211335326, 43.52644659488, 43.58718752913
2.625, 0.08189802312996, 0, 6, 1.971561716775, 0.6807336930086, 0.6811369273456, 1.699592497792, 2.12008611267, -0.3236094323226, -0.9810985084289, 38.90044818172, 38.90227633798, 38.90338979941, 38.90394441704, 3.965670959386, 99.94870914285, 100, 99.98365709864, 149.3791602744, 165.7768434937, 149.7498118586, 147.7206665778, 149.0244682706, 146.9927196383, -29.33868334566, -29.02251577963, -29.59351034332, -29.33343842116, -29.0924436803, -86.86473521724, -96.08643438422, -86.22860157897, -85.08506097613, -87.51866879125, -86.37931588156, 43.60143953129, 43.18660798139, 43.52279712953, 43.58369034563, 43.50818432398, 43.56874774984
2.65, 0.07954046969631, 0, 6, 1.967801091491, 0.6786618532489, 0.6790623273164, 1.697790415268, 2.123056028966, -0.3272989434085, -0.9831379790823, 39.27090288143, 39.27281550907, 39.27438851936, 39.27498150015, 3.836076435559, 99.9506023699, 100, 99.98534723727, 149.983692062, 166.3872784901, 150.3539258213, 148.3240437122, 149.6294050579, 147.596928375, -29.3019053198, -28.99188025681, -29.55802938411, -29.30283122817, -29.05494888481, -87.20582623974, -96.41696643034, -86.56943858691, -85.42719924325, -87.85996536028, -86.72191958601, 43.58307538917, 43.16831925222, 43.50453633077, 43.56534063735, 43.48994044122, 43.55039694914
2.675, 0.07698560016174, 0, 6, 1.96546267754, 0.6758142958748, 0.6762121417553, 1.694259721263, 2.124851758773, -0.3306839893608, -0.9847837698779, 39.64137353604, 39.64337070574, 39.64538237096, 39.6460135598, 3.706708926715, 99.95245001831, 100, 99.98705447125, 150.5884488376, 166.9977119038, 150.9582890984, 148.9277006833, 150.2345574719, 148.2013843662, -29.26656399978, -28.96273806236, -29.52379658646, -29.27347302437, -29.01913381022, -87.54652483851, -96.74751434268, -86.90989027031, -85.76890431009, -88.20086089558, -87.06407173324, 43.56477465298, 43.15006528952, 43.48626094979, 43.54705553925, 43.47169435247, 43.53212574008
2.7, 0.07432686816717, 0, 6, 1.964837962958, 0.6722012457612, 0.6725967128366, 1.688983844705, 2.124925915815, -0.3337724997369, -0.9857124250119, 40.01185985519, 40.01394005244, 40.01637142282, 40.01704021496, 3.577635378201, 99.95423723797, 100, 99.98878682081, 151.1934209407, 167.6081410618, 151.5628930389, 149.5316278881, 150.8399177696, 148.8060782726, -29.23263054566, -28.93474582987, -29.4906030313, -29.24519157809, -28.98515514608, -87.88684279003, -97.07808324337, -87.24996908199, -86.11018897544, -88.54136824758, -87.40578572855, 43.54652243772, 43.13182535061, 43.46795236527, 43.5288107336, 43.45342715017, 43.51390869468
2.725, 0.07165616757148, 0, 6, 1.965875775803, 0.6678810721898, 0.6682744127985, 1.682245976097, 2.123131996323, -0.3366238354275, -0.9859061218345, 40.38236179424, 40.3845227242, 40.38735610341, 40.38806163738, 3.448827826595, 99.95595780054, 100, 99.99054733817, 151.7986008571, 168.2185678348, 152.1677293476, 150.1358152344, 151.4454788436, 149.4110011554, -29.20004744929, -28.90815592406, -29.4583175393, -29.21809412304, -28.9530243679, -88.22679276338, -97.40866992039, -87.58968782894, -86.45106730254, -88.88150049516, -87.74707648957, 43.52829502874, 43.11357675422, 43.44959310911, 43.51057619763, 43.43512064155, 43.4957141067
2.75, 0.06906350300864, 0, 6, 1.968324260768, 0.6629637723654, 0.6633551904053, 1.674490012787, 2.119673395413, -0.3394170461078, -0.9855643661032, 40.75287920023, 40.75511830911, 40.75833715476, 40.75907843161, 3.320225974464, 99.95761213359, 100, 99.99232325234, 152.4039824744, 168.8289956251, 152.7727898129, 150.7402528502, 152.0512344643, 150.0161447465, -29.16874788823, -28.88289706722, -29.42691120751, -29.19217280286, -28.92262216994, -88.56638767424, -97.739268271, -87.92905955416, -86.79155392852, -89.22127070714, -88.08795948858, 43.51006454197, 43.09529668766, 43.43117362004, 43.49232391177, 43.41676408488, 43.47751202684
2.775, 0.0665827523119, 0, 6, 1.971740586521, 0.6575996371444, 0.657989237457, 1.666430647968, 2.114979149499, -0.3426074329091, -0.9849708257001, 41.12341202811, 41.12572656652, 41.1293155039, 41.13009142255, 3.191789384148, 99.95921357253, 100, 99.99409458693, 153.0095612252, 169.4394284119, 153.3780668683, 151.344931375, 152.6571795747, 150.6215014998, -29.13866291495, -28.85884494917, -29.39642024626, -29.16743747431, -28.89375247691, -88.90564043226, -98.06987114443, -88.26809768277, -87.13166340965, -89.5606915916, -88.42845006071, 43.49180559344, 43.07696867963, 43.41270346267, 43.47403097853, 43.3983651649, 43.45927743236
2.8, 0.06421078413144, 0, 6, 1.975455401409, 0.6519437555788, 0.6523314622286, 1.658713831382, 2.109532472201, -0.3466398474412, -0.9844106827407, 41.49396027545, 41.49634736843, 41.50029214597, 41.5011015271, 3.063441202501, 99.96078082949, 100, 99.99584666215, 153.615334359, 170.0498697851, 153.98355362, 151.9498421152, 153.2633097049, 151.2270645234, -29.10972830431, -28.83584598204, -29.36689788429, -29.14386965952, -28.86620395823, -89.24456426498, -98.40047223094, -88.60681524376, -87.47140983685, -89.89977559855, -88.76856302517, 43.47350043746, 43.05858844892, 43.39420278645, 43.45567928406, 43.37994259007, 43.44099043869
2.825, 0.06196217755479, 0, 6, 1.978656081009, 0.6461075190321, 0.6464930013381, 1.651715906042, 2.103805793765, -0.3517589395572, -0.9843076512234, 41.86452394287, 41.866980708, 41.87126794898, 41.87210963756, 2.935110434497, 99.962325943, 100, 99.99755915754, 154.2213002201, 170.6603213999, 154.5892436437, 152.5549771668, 153.8696202037, 151.8328274635, -29.08189374789, -28.8137849794, -29.33841400525, -29.12143978381, -28.83976673852, -89.58317287168, -98.73106884918, -88.94522457453, -87.81080669888, -90.23853503229, -89.10831246738, 43.45514019843, 43.04016345874, 43.3756927221, 43.43725672197, 43.36151702293, 43.42263849783
2.85, 0.05984091825337, 0, 6, 1.98061436671, 0.6401428587235, 0.6405255388146, 1.645564411271, 2.098381328102, -0.3580432615735, -0.9852426989047, 42.2351029969, 42.23762673932, 42.24224342858, 42.24311650169, 2.806805143156, 99.9638596473, 100, 99.99920746747, 154.8274566547, 171.2707811047, 155.1951307292, 153.1603297977, 154.4761057411, 152.438784594, -29.05513392462, -28.79259795505, -29.31112929824, -29.10012352646, -28.81419904085, -89.92147981976, -99.06166524783, -89.28333746906, -88.14986685648, -90.57698189793, -89.4477114702, 43.43672575641, 43.02170922683, 43.35719310737, 43.41876714666, 43.34310857246, 43.40422580607
2.875, 0.05780738035106, 0, 6, 1.980938088351, 0.6340594058953, 0.6344385729516, 1.640229986717, 2.093787462601, -0.3654701841659, -0.9876273867622, 42.60569733293, 42.60828569523, 42.61321859535, 42.61412250711, 2.678624360215, 99.96539531695, 100, 100.0007782929, 155.4337995067, 171.8812423971, 155.8012086995, 153.7658942797, 155.0827601286, 153.0449304269, -29.02945165571, -28.77226583411, -29.28524115806, -29.07990571771, -28.78929910989, -90.25949765404, -99.39227366647, -89.62116532404, -88.48860223958, -90.91512773259, -89.78677180692, 43.41826909935, 43.00324562169, 43.33872245426, 43.40023169073, 43.32473618456, 43.38577407303
2.9, 0.05580550901168, 0, 6, 1.979597981102, 0.6278345042474, 0.6282094404593, 1.635591772215, 2.090254678093, -0.3739717045053, -0.9915593299557, 42.97630674349, 42.9789576708, 42.98419303324, 42.98512754846, 2.550721524356, 99.9669396908, 100, 100.0022639043, 156.0403224912, 172.4916962014, 156.4074713144, 154.3716651604, 155.6895765658, 153.6512591511, -29.00486659698, -28.75279396836, -29.26086972128, -29.06077176041, -28.76498941849, -90.59723776226, -99.72291114037, -89.95871921111, -88.82702379553, -91.25298364769, -90.12550412982, 43.39979184612, 42.98479484868, 43.32029870241, 43.38167945706, 43.30641817684, 43.3673132147
2.925, 0.05376192322644, 0, 6, 1.976789430421, 0.6214164225796, 0.621786472899, 1.631331955468, 2.087675971897, -0.3833881478336, -0.9968732674831, 43.34693088648, 43.34964251544, 43.35516608121, 43.35613112943, 2.423258221363, 99.96849220881, 100, 100.0036697053, 156.6470179962, 173.102133076, 157.0139121558, 154.9776367105, 156.2965477847, 154.2577644318, -28.98140110713, -28.73419750594, -29.23802064759, -29.04269255549, -28.741319485, -90.93471087667, -100.0535954343, -90.29600974833, -89.16514189148, -91.59056057131, -90.46391856899, 43.38132123168, 42.96638021394, 43.30193540959, 43.36313924001, 43.28816855045, 43.34887298151
2.95, 0.05164107079709, 0, 6, 1.972902083635, 0.6147353859639, 0.6151000184017, 1.626828752832, 2.085716266659, -0.393209319488, -1.003259683519, 43.71756927067, 43.72033990379, 43.7261368514, 43.72713253342, 2.29643767967, 99.97003924568, 100, 100.0050149832, 157.253877091, 173.7125436142, 157.6205243079, 155.5838027476, 156.9036653797, 154.8644393643, -28.95907652365, -28.71657821835, -29.21661944638, -29.0256433126, -28.71842376186, -91.27192738912, -100.3843441752, -90.63304682552, -89.50296683169, -91.92786960122, -90.80202525298, 43.36288357215, 42.94802020042, 43.28362707932, 43.3446356521, 43.26998137529, 43.33047877197
2.975, 0.04944058436533, 0, 6, 1.968578920587, 0.6077227151708, 0.6080816088727, 1.621467849634, 2.083962527798, -0.4028702616839, -1.010392933818, 44.08822131064, 44.09104939188, 44.09710432844, 44.09813091729, 2.17049800066, 99.97156039934, 100, 100.0063150099, 157.860889017, 174.3229187422, 158.2273002754, 156.1901565413, 157.5109203371, 155.4712764883, -28.93791018226, -28.70005137878, -29.19656399232, -29.00959703374, -28.69647333577, -91.60889710572, -100.7151741449, -90.96984033036, -89.84050917718, -92.26492200211, -91.13983461505, 43.3444980858, 42.9297211023, 43.2653545039, 43.32618865985, 43.25183735854, 43.31215099566
3, 0.04716735463125, 0, 6, 1.964643763273, 0.600323575794, 0.600676682923, 1.614874915288, 2.081989338998, -0.4120278874099, -1.017881441796, 44.45888637749, 44.46177039505, 44.46806755778, 44.4691253896, 2.045581831156, 99.97303986245, 100, 100.0075857062, 158.4680417258, 174.9332516227, 158.8342321607, 156.7966906469, 158.1183039484, 156.0782679494, -28.91790383696, -28.684670336, -29.1777408526, -28.99451289609, -28.67561114483, -91.94562921268, -101.0460978083, -91.30640059894, -90.17777998004, -92.60172905036, -91.47735776936, 43.32617517012, 42.91147675867, 43.24709619376, 43.3078131535, 43.23371495562, 43.29390483603
3.025, 0.04483354343727, 0, 6, 1.96188988752, 0.5925141677433, 0.592861704263, 1.606917145756, 2.079226945736, -0.4205460156811, -1.025093273586, 44.82956385237, 44.83250213667, 44.83902575693, 44.84011520397, 1.921754156033, 99.97446532356, 100, 100.0088514866, 159.075323398, 175.5435390633, 159.4413119655, 157.4033966312, 158.7258082858, 156.6854053349, -28.89903580706, -28.67045204655, -29.15995130725, -28.98036006348, -28.65601382199, -92.28213277278, -101.3771208258, -91.64273834548, -90.5147906542, -92.93830205076, -91.81460655745, 43.30791587196, 42.89327227255, 43.22883171408, 43.28950945602, 43.21559335802, 43.27573964355
3.05, 0.04247672914168, 0, 6, 1.96077988663, 0.5843168239537, 0.5846591641243, 1.597634717948, 2.075124558262, -0.4283996282225, -1.031509215184, 45.20025322252, 45.20324375451, 45.2099782856, 45.21109989414, 1.799005123992, 99.97582259168, 100, 100.0101262825, 159.6827243753, 176.1537813904, 160.0485318819, 158.0102653214, 159.3334264192, 157.2926800523, -28.88126202385, -28.65737659345, -29.14294226433, -28.96710954245, -28.63786275154, -92.61841759638, -101.7082422501, -91.97886455071, -90.85155303168, -93.27465245789, -92.15159360052, 43.2897100341, 42.87508819126, 43.21054237352, 43.27125856818, 43.19745314291, 43.25763479611
3.075, 0.04015560003772, 0, 6, 1.961377994054, 0.5757898988661, 0.5761274488692, 1.587170789997, 2.069426026684, -0.4355989042631, -1.036919078955, 45.57095411513, 45.57399454982, 45.58092430914, 45.58207945868, 1.677276710963, 99.97710490729, 100, 100.0114183413, 160.2902375548, 176.7639811667, 160.6558844095, 158.6172875311, 159.9411522498, 157.9000840411, -28.86452444927, -28.64540116809, -29.12652906566, -28.95474267069, -28.62122461531, -92.95449445544, -102.0394568645, -92.31479031639, -91.18807952656, -93.61079181685, -92.48833221543, 43.27153725243, 42.85690282398, 43.19221062574, 43.25303132366, 43.17927585065, 43.2395595319
3.1, 0.03794874557226, 0, 6, 1.963492300359, 0.5670178980347, 0.5673510226048, 1.575811515392, 2.062229689971, -0.4422010845315, -1.041409204853, 45.94166630533, 45.94475410878, 45.95186306443, 45.9530543349, 1.556493056853, 99.9783092077, 100, 100.0127221675, 160.8978575907, 177.3741417659, 161.263362454, 159.224454584, 160.5489803515, 158.5076100822, -28.84876072243, -28.63450213369, -29.11064326668, -28.9432925336, -28.60603052496, -93.29037450256, -102.3707578618, -92.65052674894, -91.52438284946, -93.94673145364, -92.82483592286, 43.25337072299, 42.8386932304, 43.17382170716, 43.23479784256, 43.16104590518, 43.22148251021
3.125, 0.03587189508765, 0, 6, 1.966759117822, 0.5580966226992, 0.5584255981547, 1.564142147556, 2.053886499401, -0.4486591773299, -1.045248612219, 46.31238967385, 46.31552220598, 46.32279685594, 46.32402521891, 1.436588597701, 99.97943310928, 100, 100.0140066544, 161.505580481, 177.9842670155, 161.8709595511, 159.8317584407, 161.1569065413, 159.1152517828, -28.83390746752, -28.62458814531, -29.09530867546, -28.93276728823, -28.59211233627, -93.62606874179, -102.7021374959, -92.98608514175, -91.86047547813, -94.28248209265, -93.16111789798, 43.23518336467, 42.82043964626, 43.15537720156, 43.2165327897, 43.14276478488, 43.20337712562
3.15, 0.03387162784115, 0, 6, 1.970591634124, 0.5491070152304, 0.5494319546592, 1.552815307584, 2.044831944839, -0.4556319511458, -1.048771112195, 46.6831241765, 46.68629875268, 46.69373079538, 46.6949928857, 1.317543426832, 99.98049571971, 100, 100.0152564883, 162.1134038479, 178.5943595983, 162.4786699234, 160.4391918412, 161.7649273841, 159.7230034151, -28.81991064382, -28.61548397258, -29.08059479862, -28.92309409042, -28.57927177925, -93.96158856784, -103.0335901557, -93.32147678816, -92.19636937302, -94.61805415746, -93.49719064776, 43.21695430996, 42.80213300359, 43.1368942759, 43.19821604584, 43.12444928567, 43.18522243045
3.175, 0.03195285380873, 0, 6, 1.974220116115, 0.5400930971362, 0.5404138808266, 1.542253789725, 2.035474642257, -0.4634891280148, -1.05235033197, 47.05386991231, 47.05708387496, 47.06466715423, 47.06595807804, 1.199330122754, 99.98152574773, 100, 100.0164704175, 162.721326565, 179.2044189899, 163.0864883394, 161.0467484232, 162.3730391213, 160.3308596978, -28.80673764972, -28.60709308169, -29.06658685323, -28.91427902133, -28.56733421759, -94.29694627495, -103.3651164067, -93.65671279603, -92.53207597399, -94.95345820313, -93.83306592822, 43.19867130051, 42.78377651594, 43.11839339448, 43.17983198002, 43.10611966398, 43.16700279328
3.2, 0.0301395150043, 0, 6, 1.976857622742, 0.5310608557342, 0.5313771182556, 1.5326188436, 2.026332797671, -0.4723566539607, -1.056569746853, 47.42462704965, 47.42787792413, 47.43560535851, 47.43692147282, 1.081991355318, 99.98253797647, 100, 100.0176283, 163.3293476768, 179.8144411853, 163.6944098528, 161.6544228558, 162.9812373688, 160.9388159132, -28.79437876532, -28.59938518014, -29.05343737423, -28.90636288944, -28.55609924465, -94.63215445898, -103.6967234282, -93.99180391103, -92.86760626251, -95.28870475653, -94.16875472971, 43.18033103375, 42.76538269461, 43.09989422435, 43.16137664273, 43.08779562159, 43.14871534122
3.225, 0.02840974886781, 0, 6, 1.977984086436, 0.5219933976936, 0.5223046145242, 1.52390447851, 2.017967095644, -0.4822536558859, -1.06196492988, 47.79539566659, 47.79868137446, 47.80654438472, 47.80788355211, 0.9656370312676, 99.98354656487, 100, 100.0187139774, 163.9374646986, 180.4244190206, 164.3024295199, 162.2622107681, 163.589517019, 161.546867759, -28.78284523953, -28.59235615267, -29.04136863709, -28.89936407771, -28.54535485019, -94.96722480653, -104.0284243379, -94.32676037361, -93.20297061763, -95.62380395172, -94.50426711025, 43.16194089786, 42.7469693766, 43.08141521373, 43.14286535326, 43.06949570204, 43.1303764095
3.25, 0.02672236655783, 0, 6, 1.977462973007, 0.5128709381307, 0.5131765546039, 1.516020207826, 2.010709294184, -0.4931261178023, -1.068773873648, 48.1661756845, 48.16949455408, 48.17748328943, 48.17884438407, 0.8504173369893, 99.98456121478, 100, 100.0197188043, 164.5456729989, 181.0343434705, 164.9105422824, 162.8701080728, 164.1978723785, 162.155010721, -28.77216112913, -28.58602161336, -29.03054938358, -28.89328846097, -28.53498531987, -95.30216757055, -104.3602358291, -94.66159194028, -93.53817857258, -95.95876544308, -94.83961216378, 43.14351874609, 42.72855715714, 43.06297400815, 43.12432526322, 43.05123739588, 43.11201351466
3.275, 0.02503311533805, 0, 6, 1.975437930103, 0.503678502993, 0.5039780267585, 1.508780977429, 2.004572344854, -0.5048169318717, -1.076913022556, 48.53696685859, 48.54031748417, 48.54842115349, 48.54980360912, 0.7364898535937, 99.98558287895, 100, 100.020641483, 165.1539664111, 181.6442051858, 165.5187429183, 163.4781104241, 164.8062973354, 162.7632397815, -28.76235320976, -28.5804012402, -29.02103225568, -28.88812075112, -28.52500380491, -95.63699190197, -104.6921752615, -94.99630789534, -93.87323896453, -96.29359856201, -95.17479835531, 43.12508957132, 42.71016814207, 43.04458629566, 43.1057859381, 43.03303529799, 43.09365617521
3.3, 0.02331331396647, 0, 6, 1.972232168624, 0.4944062683705, 0.4946993239761, 1.501755687961, 1.999322815882, -0.5169205121083, -1.086082889311, 48.90776877115, 48.91114992175, 48.9193570437, 48.92076059397, 0.6239931896683, 99.98660594898, 100, 100.0214984842, 165.7623377567, 182.2539952811, 166.1270258654, 164.0862130451, 165.4147851251, 163.3715494317, -28.75344541532, -28.57553142213, -29.01276862318, -28.88380892582, -28.51552224616, -95.97170631105, -105.0242591313, -95.33091675102, -94.20816031771, -96.62831258628, -95.5098339543, 43.10667995209, 42.69182241561, 43.02625497216, 43.08727366532, 43.01489161803, 43.0753303026
3.325, 0.02156436598422, 0, 6, 1.968373671353, 0.4850282657948, 0.4853146380156, 1.494351813185, 1.994591039627, -0.5288753569097, -1.09592190822, 49.27858087205, 49.28199145732, 49.29029000154, 49.29171457773, 0.513045343173, 99.98761278154, 100, 100.0223067347, 166.3707784763, 182.8637056236, 166.7353850954, 164.694410673, 166.0233283356, 163.9799337338, -28.74545621018, -28.57149582058, -29.00565833579, -28.88030134216, -28.50669480058, -96.30631874457, -105.3565023869, -95.66542644109, -94.54295115883, -96.9629167991, -95.84472734556, 43.08831167893, 42.67353115801, 43.00796601053, 43.06880955762, 42.99679292067, 43.0570568975
3.35, 0.01978960887243, 0, 6, 1.964585725124, 0.4755109900693, 0.4757906627507, 1.486106268844, 1.989980160181, -0.5402464135129, -1.106054883777, 49.64940256093, 49.65284155149, 49.6612191413, 49.6626647691, 0.4038500756616, 99.9885838088, 100, 100.0230791954, 166.9792786546, 183.4733294349, 167.3438142594, 165.3026975616, 166.631919571, 164.5883864408, -28.73839467036, -28.56836763078, -28.9995904164, -28.87755929607, -28.49867165975, -96.64083644373, -105.6889172147, -95.99984498183, -94.87762015955, -97.2974203277, -96.179487178, 43.0699982986, 42.65529337976, 42.98969898368, 43.05040972111, 42.97871899036, 43.03885197187
3.375, 0.01799029611206, 0, 6, 1.961648168204, 0.4658449773471, 0.4661181455421, 1.476799346494, 1.985004390962, -0.5508056687158, -1.115959662786, 50.02023326405, 50.02369954111, 50.03214379094, 50.03361040682, 0.2965819940332, 99.98950919151, 100, 100.0238396905, 167.58782805, 184.0828619523, 167.9523069362, 165.9110674086, 167.2405519985, 165.1969009862, -28.73225674639, -28.56617885358, -28.99441414056, -28.87554962846, -28.49162154132, -96.97526617054, -106.0215118886, -96.33418069404, -95.21217609181, -97.63183212348, -96.51412239822, 43.05174436643, 42.63709796348, 42.97143342214, 43.03208051874, 42.9606489735, 43.02072090941
3.4, 0.01618066624261, 0, 6, 1.960142233488, 0.4560428093735, 0.4563098187678, 1.466400637375, 1.979114683698, -0.5604839726828, -1.125090891694, 50.39107253418, 50.39456467858, 50.40306363942, 50.40455087453, 0.1913666925184, 99.99037697174, 100, 100.0246074083, 168.1964177331, 184.6923006994, 168.5608569018, 166.5195133264, 167.8492196283, 165.8054705907, -28.72702395724, -28.56492430196, -28.98991297659, -28.87424178259, -28.48573293348, -97.30961507559, -106.3542903447, -96.66844219213, -95.54662779744, -97.96616112663, -96.84864232917, 43.03354424236, 42.61892758809, 42.95315017296, 43.01381045578, 42.94256313347, 43.00265172684
3.425, 0.01438501821374, 0, 6, 1.960286211228, 0.4461274204421, 0.446388662611, 1.454988707679, 1.971944458968, -0.5693120037386, -1.133119208824, 50.76192009749, 50.76543634075, 50.7739787591, 50.77548588638, 0.08829242405095, 99.99117740437, 100, 100.0253924516, 168.805041039, 185.3016449123, 169.1694582543, 167.1280283247, 168.4579172794, 166.4140887401, -28.7226670562, -28.56457310902, -28.98589834033, -28.87360977581, -28.48113481662, -97.64389128756, -106.6872531978, -97.00263829399, -95.88098443964, -98.30041633932, -97.18305673408, 43.01538184983, 42.60076179078, 42.93483127913, 42.99557431309, 42.92444309808, 42.98461870827
3.45, 0.01262689034016, 0, 6, 1.961995480024, 0.4361318634959, 0.4363876980465, 1.442729213018, 1.963446398405, -0.5773899944805, -1.140013887478, 51.1327758455, 51.13631421324, 51.14488950322, 51.14641558125, -0.0125689375506, 99.9919092421, 100, 100.0261999032, 169.4136932157, 185.9108945692, 169.7781054237, 167.7366057984, 169.0666403686, 167.02274957, -28.71915245767, -28.56508290443, -28.98228443154, -28.87363661522, -28.47784024572, -97.97810370418, -107.0203996004, -97.33677793835, -96.21525557648, -98.63460674851, -97.51737568172, 42.99723327257, 42.58257835804, 42.91646003329, 42.97734256157, 42.90627180825, 42.96659165316
3.475, 0.01092351116518, 0, 6, 1.965006034009, 0.4260951328314, 0.4263458476442, 1.430021585372, 1.9538474744, -0.5850405499366, -1.145980353509, 51.50363982949, 51.50719828796, 51.51579640772, 51.51734043165, -0.1111508038001, 99.99257794133, 100, 100.0270177598, 170.0223706914, 186.5200496813, 170.3867932603, 168.345239689, 169.6753850827, 167.6314478907, -28.71644706016, -28.56639759931, -28.97909097529, -28.87433606212, -28.47575593371, -98.31226156675, -107.3537286389, -97.6708704806, -96.54945096918, -98.96874115422, -97.85160927903, 42.97907158204, 42.56435567017, 42.89802956015, 42.95908825539, 42.88804225097, 42.94854288986
3.5, 0.009275126511485, 0, 6, 1.968852540635, 0.4160586409464, 0.4163044099066, 1.417489730028, 1.943524175611, -0.5928305618198, -1.151340233085, 51.87451225303, 51.87808876456, 51.88670016228, 51.88826110616, -0.2074847264664, 99.99320203912, 100, 100.0278307921, 170.6310713053, 187.1291100496, 170.9955172202, 168.9539244857, 170.2841485661, 168.2401790927, -28.71452035703, -28.56841298206, -28.97640053429, -28.87574105716, -28.47472928391, -98.64637455072, -107.6872399316, -98.00492580219, -96.88358034764, -99.30282818753, -98.18576747919, 42.96087341091, 42.54607971484, 42.87955166327, 42.9407895352, 42.86976585014, 42.93044982449
3.525, 0.007677608949927, 0, 6, 1.972846428086, 0.4060588508332, 0.4062996872469, 1.405654768044, 1.932869420613, -0.6012399329808, -1.156432956979, 52.245393392, 52.24898599153, 52.25760149163, 52.25917838103, -0.3016156310096, 99.99380332625, 100, 100.0286291779, 171.2397945171, 187.7380749324, 171.604273265, 169.5626551786, 170.8929282229, 168.8489390041, -28.71334678939, -28.57103214982, -28.97430701516, -28.87787904111, -28.47460148375, -98.98045299095, -108.0209343708, -98.3389535679, -97.21765324319, -99.63687652534, -98.51985998159, 42.94262327092, 42.52774884402, 42.86104653738, 42.92242899783, 42.85146255427, 42.91229465014
3.55, 0.006130318135512, 0, 6, 1.976179630368, 0.3961153184883, 0.3963510520723, 1.394788092781, 1.922346452087, -0.610520186796, -1.161719176239, 52.61628350098, 52.61989043882, 52.62850102271, 52.6300930819, -0.3935519300995, 99.99439582036, 100, 100.0293946872, 171.8485407036, 188.3469427454, 172.2130576126, 170.1714272557, 171.5017211967, 169.4577238358, -28.71290737903, -28.5741910446, -28.97292449609, -28.88076093959, -28.4752014755, -99.31450764682, -108.3548146376, -98.67296287494, -97.55167898207, -99.97089489312, -98.85389620787, 42.9243143228, 42.50937245768, 42.84253489798, 42.90399644109, 42.83315307968, 42.89406742311
3.575, 0.004626120004738, 0, 6, 1.978173457719, 0.386230889162, 0.3864612044796, 1.384960370398, 1.912536740664, -0.6207434938462, -1.167772220502, 52.98718269821, 52.99080268838, 52.99939913499, 53.00100603363, -0.4832803227597, 99.99499556798, 100, 100.0301095114, 172.4573095513, 188.9557109368, 172.8218664275, 170.7802368188, 172.1105241094, 170.0665302477, -28.71319022753, -28.57785639836, -28.9724407209, -28.88438607931, -28.47630500399, -99.64854883968, -108.6888853609, -99.00696224336, -97.88566680913, -100.3048918434, -99.18788533025, 42.90594950482, 42.49096713148, 42.82403638829, 42.88549906933, 42.81485719324, 42.87577572899
3.6, 0.003152240715618, 0, 6, 1.978504244992, 0.3764013837482, 0.3766259125214, 1.376126381908, 1.90388040808, -0.63187206998, -1.174999266773, 53.35809088763, 53.36172322977, 53.37029588874, 53.37191785956, -0.5707739429763, 99.99561995907, 100, 100.0307671439, 173.0660987324, 189.5643764022, 173.4306956422, 171.3890801694, 172.7193330313, 170.6753548858, -28.71418800945, -28.58201688267, -28.97303165706, -28.88874288568, -28.47771778371, -99.98258565039, -109.0231524162, -99.34095967715, -98.21962562671, -100.6388756014, -99.52183613663, 42.8875426066, 42.47255315767, 42.80556953683, 42.86696002961, 42.79659340888, 42.85744302498
3.625, 0.001698476246272, 0, 6, 1.977190192118, 0.3666186016023, 0.3668370041012, 1.368172471371, 1.896503507116, -0.6438042581483, -1.183497661733, 53.72900776868, 53.73265224381, 53.74119109236, 53.74282881915, -0.6560052858168, 99.99627932263, 100, 100.0313662626, 173.674904, 190.172936086, 174.0395409645, 171.9979533328, 173.3281436671, 171.2841939516, -28.7158940582, -28.58666813709, -28.97476958083, -28.89380442331, -28.4793573381, -100.3166259472, -109.3576217801, -99.67496276033, -98.5535637981, -100.9728540881, -99.85575697754, 42.86911631789, 42.45415285955, 42.7871521534, 42.84840891642, 42.77837945656, 42.83909909075
3.65, 0.0002630312415324, 0, 6, 1.974455058121, 0.3568696377581, 0.3570816443723, 1.360795834474, 1.890242004049, -0.6562546987872, -1.193094294971, 54.09993287834, 54.10358958538, 54.11208439826, 54.11373884772, -0.7389557362641, 99.99697667763, 100, 100.0319212791, 174.2837200051, 190.7813874159, 174.6483978897, 172.606851937, 173.9369512835, 171.8930431778, -28.71829937347, -28.59181956155, -28.97761233376, -28.89952607605, -28.48125647124, -100.6506768389, -109.6922986365, -100.0089784417, -98.88748923161, -101.3068350539, -100.189655887, 42.85069787209, 42.43578897409, 42.76879522516, 42.82987425881, 42.7602261666, 42.82077240257
3.675, -0.001151115995629, 0, 6, 1.970729920662, 0.3471437318371, 0.3473491825915, 1.353409387759, 1.884761665018, -0.6686331646377, -1.203455557554, 54.47086558904, 54.47453474196, 54.48297531249, 54.48464754923, -0.8195588700367, 99.99769653428, 100, 100.0324511209, 174.8925402455, 191.3897285356, 175.257261536, 173.2157712484, 174.5457503115, 172.5018979451, -28.72139076648, -28.59753623265, -28.98144213938, -28.90583875027, -28.48351909871, -100.9847445692, -110.027186776, -100.3430125917, -99.22140951101, -101.6408260886, -100.5235406934, 42.83231232078, 42.41747789089, 42.75049008368, 42.81138013966, 42.74212432861, 42.80248673979
3.7, -0.002540362643666, 0, 6, 1.966695875256, 0.3374341906997, 0.3376330777569, 1.345460194627, 1.879686026464, -0.6803869199641, -1.214217606597, 54.8418051737, 54.84548677644, 54.85386327898, 54.85555415746, -0.8977569182095, 99.99840974399, 100, 100.0329610776, 175.5013566502, 191.9979583395, 175.8661267077, 173.8247061895, 175.154534973, 173.110753372, -28.72515006315, -28.60389862266, -28.9861177138, -28.91268849813, -28.48626181315, -101.3188342288, -110.3622882693, -100.677070676, -99.55533196095, -101.974834382, -100.8574190551, 42.81397712773, 42.39922338709, 42.7322166492, 42.79294592431, 42.72405376163, 42.78426131482
3.725, -0.003902578095551, 0, 6, 1.963193418982, 0.3277354396507, 0.3279279222895, 1.336630403772, 1.874573017048, -0.6912054536238, -1.224950027326, 55.21275090104, 55.21644456894, 55.22474779217, 55.22645778122, -0.9735427204148, 99.99909254891, 100, 100.0334597447, 176.1101600824, 192.6060763315, 176.4749880993, 174.4336514062, 175.7632998371, 173.7196043869, -28.72955486973, -28.61095550991, -28.99148815936, -28.92003891477, -28.48960112134, -101.652950039, -110.6976036585, -101.0111583193, -99.88926365775, -102.3088666723, -101.1912984619, 42.79570098901, 42.38101726754, 42.71395328637, 42.77458482707, 42.70599286766, 42.76610938556
3.75, -0.005232611398004, 0, 6, 1.960981601542, 0.3180516148236, 0.3182379890556, 1.326821051504, 1.868819480806, -0.7009824536672, -1.23504550372, 55.58370216, 55.58740691905, 55.59562852605, 55.59735749522, -1.046919382589, 99.99972314378, 100, 100.0339610684, 176.7189419187, 193.2140823732, 177.0838405991, 175.0426011831, 176.37204009, 174.3284455506, -28.73458037293, -28.61871388466, -28.99733118996, -28.92785622202, -28.49372200956, -101.9870961804, -111.0331325083, -101.3452814428, -100.2232112286, -102.6429294371, -101.5251860991, 42.77748298319, 42.36284335539, 42.69567950965, 42.75629342749, 42.68792102991, 42.74802703841
3.775, -0.006524315140843, 0, 6, 1.960461091436, 0.3084032478204, 0.3085838721475, 1.316078827717, 1.861936538044, -0.7097270925451, -1.244000507721, 55.95465857306, 55.95837274209, 55.96650542538, 55.96825252315, -1.117889838517, 100.0002790712, 100, 100.034468336, 177.3276957466, 193.8219761749, 177.6926795253, 175.6515498229, 176.9807516034, 174.9372714863, -28.74020243287, -28.62715044199, -29.00341845869, -28.93611170418, -28.49880872034, -102.321277711, -111.3688743179, -101.6794462597, -100.5571810481, -102.977029079, -101.8590889404, 42.75931099777, 42.34468148536, 42.67737652794, 42.73804999875, 42.66981904821, 42.72999196204
3.8, -0.007774956027914, 0, 6, 1.96164880722, 0.2988187350778, 0.2989939581072, 1.304532418589, 1.853758067609, -0.7175180574103, -1.2516204127, 56.32561999597, 56.32934132069, 56.33737866425, 56.33914245022, -1.186447984959, 100.0007471625, 100, 100.0349809433, 177.9364174787, 194.4297568952, 178.3015006222, 176.2604921566, 177.5894307786, 175.5460774254, -28.74640019397, -28.63622725869, -29.00962166319, -28.94478637465, -28.50494430821, -102.6555007085, -111.7048293124, -102.0136591724, -100.8911795875, -103.3111719526, -102.1930138953, 42.74116323242, 42.32650951764, 42.65902670036, 42.71982420316, 42.65166885609, 42.7119733738
3.825, -0.008988557676598, 0, 6, 1.964324644921, 0.2893204704931, 0.2894905871623, 1.292444803452, 1.844431156432, -0.7245930604688, -1.258021591203, 56.69658646161, 56.7003123485, 56.70824856422, 56.71002722965, -1.25257559868, 100.0011221036, 100, 100.0354864707, 178.5451044372, 195.0374230502, 178.9102999897, 176.8694236758, 178.1980745356, 176.1548593075, -28.75315698954, -28.64589482967, -29.01593846369, -28.95387733817, -28.51209232512, -102.9897718735, -112.0409987461, -102.3479268515, -101.225213502, -103.6453642808, -102.5269678168, 42.72301240547, 42.30830459523, 42.64061699633, 42.70158601749, 42.63345765447, 42.69394093273
3.85, -0.01017255074956, 0, 6, 1.9680864563, 0.2799162530943, 0.2800814714206, 1.280360099796, 1.834296354092, -0.7314956169881, -1.263525088785, 57.0675581665, 57.0712858104, 57.07911556535, 57.08090704743, -1.316183063473, 100.0014118201, 100, 100.0359619742, 179.1537550231, 195.6449725216, 179.5190742167, 177.4783404281, 178.806680657, 176.7636136236, -28.76046056668, -28.65606862529, -29.02245983785, -28.96341880678, -28.52013257797, -103.3240984407, -112.3773850213, -102.6822566996, -101.5592895457, -103.9796121346, -102.8609574558, 42.70483214443, 42.29004842882, 42.62215206972, 42.6833103935, 42.61519029914, 42.67586941538
3.875, -0.01133049743359, 0, 6, 1.972305607845, 0.2706043753982, 0.2707647832715, 1.268857668445, 1.823743306235, -0.7388113560397, -1.268513494639, 57.43853540875, 57.44226187479, 57.44998015978, 57.45178221975, -1.377178974184, 100.0016332109, 100, 100.0363900785, 179.7623691194, 196.2524026032, 180.127820366, 178.0872389001, 179.4152473654, 177.3723372532, -28.76830313659, -28.66665393752, -29.02930921533, -28.97345757076, -28.5289192049, -103.6584884202, -112.7139917882, -103.016656348, -101.8934144554, -104.3139216735, -103.1949894507, 42.68660295774, 42.27173416089, 42.60365029928, 42.66497746198, 42.59688528097, 42.65773902189
3.9, -0.01246582510956, 0, 6, 1.976181476098, 0.2613759899191, 0.2615315371963, 1.258295686073, 1.813185922561, -0.7469117879736, -1.273410548689, 57.80951846777, 57.81324081881, 57.82084277936, 57.82265313577, -1.435577936749, 100.0017992885, 100, 100.036752371, 180.3709478262, 196.8597102388, 180.7365357487, 178.6961158813, 180.0237727133, 177.9810273295, -28.77667997585, -28.67758258499, -29.03661127826, -28.98402248742, -28.53830704804, -103.9929504367, -113.0508235569, -103.3511329849, -102.2275948819, -104.6482992315, -103.529070337, 42.66831417235, 42.25336720728, 42.58513282607, 42.64657271398, 42.5785638976, 42.63953572066
3.925, -0.01358750708707, 0, 6, 1.978934576608, 0.2522162295578, 0.2523667444147, 1.248804473449, 1.803195090121, -0.7559489865558, -1.278791501555, 58.18050747247, 58.18422301059, 58.19170368182, 58.19352025256, -1.49139596482, 100.0019189683, 100, 100.0370222508, 180.979492222, 197.4668924433, 181.3452176129, 179.3049685113, 180.6322543266, 178.5896813403, -28.78558657061, -28.6888172919, -29.04454585489, -28.99512587951, -28.54809845965, -104.3274930042, -113.3878848351, -103.6856931722, -102.56183757, -104.9827511177, -103.86320668, 42.649964523, 42.23496196519, 42.56662010733, 42.62809569401, 42.56024676556, 42.62125959461
3.95, -0.01469936033708, 0, 6, 1.980082055959, 0.2431145836733, 0.2432598352673, 1.240375149467, 1.794296808829, -0.7659265564985, -1.285183282042, 58.55150226501, 58.55520877007, 58.56256285867, 58.56438398989, -1.544663437332, 100.0020063088, 100, 100.0371845646, 181.5880017169, 198.0739469885, 181.9538628684, 179.9137940165, 181.2406893357, 179.1982968885, -28.79501447935, -28.70033818439, -29.05331550908, -29.00676007359, -28.55807106131, -104.6621235038, -113.7251789089, -104.0203428271, -102.8961493022, -105.3172833871, -104.1974050988, 42.63156372786, 42.21653785394, 42.54813150935, 42.60956477367, 42.54195320447, 42.6029292313
3.975, -0.01579760583891, 0, 6, 1.979521988511, 0.2340689205971, 0.2342086885548, 1.23292556667, 1.786732813786, -0.776756137231, -1.292831761357, 58.92250238673, 58.92619810419, 58.93342004888, 58.93524450984, -1.59543151904, 100.0020705506, 100, 100.037231595, 182.196473584, 198.6808727189, 182.562468058, 180.5225892056, 181.8490744758, 179.8068711695, -28.8049494894, -28.71213693315, -29.06303355091, -29.01890180745, -28.56808368965, -104.9968478821, -114.0627072839, -104.3550873162, -103.2305365526, -105.6519017813, -104.5316720813, 42.61313175695, 42.19811689082, 42.52968556646, 42.59100880362, 42.52370141047, 42.58457349403
4, -0.01686755288204, 0, 6, 1.977416201388, 0.2250853803942, 0.2252194980731, 1.226274522944, 1.780430649191, -0.7882247422079, -1.301664017559, 59.29350715223, 59.29719063113, 59.3042748136, 59.30610164974, -1.643769862463, 100.0021149314, 100, 100.0371668682, 182.8049036665, 199.2876694023, 183.1710294649, 181.1313503391, 182.4574061605, 180.415400829, -28.81537236541, -28.72421865257, -29.07368722758, -29.03151782182, -28.57811473412, -105.3316710284, -114.4004698648, -104.6899314623, -103.5650053474, -105.9866117935, -104.8660138646, 42.59469521311, 42.17972242704, 42.51129792554, 42.5724581553, 42.50550649395, 42.56622245719
4.025, -0.01789036998636, 0, 6, 1.974111817875, 0.2161746673446, 0.2163030451559, 1.219952572166, 1.775102971975, -0.7998294430109, -1.31138336612, 59.66451568889, 59.66818569483, 59.67512657934, 59.67695503352, -1.689774102, 100.002133014, 100, 100.0370111675, 183.4132868671, 199.894337669, 183.7795430638, 181.7400732805, 183.06568015, 181.0238821363, -28.82625920728, -28.73662211575, -29.08516574782, -29.0445439988, -28.58823553302, -105.6665969802, -114.7384649797, -105.024879017, -103.8995612917, -106.3214187215, -105.2004364205, 42.57628140519, 42.16137479715, 42.49296845787, 42.55393952694, 42.48736825551, 42.54790217196
4.05, -0.01885812454706, 0, 6, 1.970191748961, 0.20734534534, 0.2074679909296, 1.213356743981, 1.77037362125, -0.8109564560704, -1.32161403072, 60.03552698577, 60.0391824722, 60.04597469833, 60.04780418817, -1.733495131095, 100.0021083428, 100, 100.0367844038, 184.0216167604, 200.5008790563, 184.3880045454, 182.3487536184, 183.6738917932, 181.6323111744, -28.83758110031, -28.74939853042, -29.09731284211, -29.05788705996, -28.5985512714, -106.0016286221, -115.0766891361, -105.3599328431, -104.2342095859, -106.6563274622, -105.5349454371, 42.55791177779, 42.14308373298, 42.47468049514, 42.5354744952, 42.46927014556, 42.52963387558
4.075, -0.01976686102603, 0, 6, 1.966442460433, 0.1986048608366, 0.1987218894455, 1.206061352508, 1.765842239679, -0.8211751910584, -1.331962168827, 60.40654002981, 60.41018004844, 60.41681857066, 60.41864860177, -1.774890467032, 100.0020267816, 100, 100.0365052287, 184.6298857299, 201.1072957506, 184.9964095651, 182.9573868293, 184.282036735, 182.2406839871, -28.84930568506, -28.76257306534, -29.10996776004, -29.07146393652, -28.6091636728, -106.336767721, -115.4151374259, -105.6950956762, -104.5689550539, -106.9913423438, -105.8695462893, 42.53959903212, 42.12484613131, 42.45641256581, 42.51707946895, 42.45119067887, 42.51143384497
4.1, -0.02060621397259, 0, 6, 1.963683089924, 0.1899655804866, 0.1900772042488, 1.197882227336, 1.760947720791, -0.8302872451552, -1.341885830299, 60.77755394769, 60.78117744779, 60.7876577553, 60.78948772307, -1.813917469349, 100.001882679, 100, 100.0362035944, 185.2380860843, 201.7135900869, 185.6047540446, 183.5659683123, 184.8901112639, 182.8489965146, -28.86140054353, -28.77614148165, -29.12292674722, -29.08521072515, -28.62021508183, -106.6720155377, -115.7538045447, -106.0303704542, -104.9038019886, -107.3264672327, -106.2042439088, 42.52134660061, 42.10664896219, 42.43814357241, 42.49875891411, 42.43310861967, 42.4933064065
4.125, -0.02137520006344, 0, 6, 1.962476251515, 0.1814432621666, 0.1815497471091, 1.188805982614, 1.755124044837, -0.8382569547177, -1.350811469749, 61.148568163, 61.1521737314, 61.15849206809, 61.16032101119, -1.850520484241, 100.0016659293, 100, 100.0359005449, 185.8462118401, 202.3197637281, 186.2130344801, 184.1744935823, 185.4981124229, 183.4572447048, -28.87383827264, -28.79008394363, -29.13594484689, -29.09908742696, -28.63189494768, -107.0073738786, -116.0926863042, -106.3657604107, -105.2387540857, -107.6617057566, -106.5390426721, 42.50314709423, 42.08847352869, 42.41985387326, 42.48049773369, 42.41500411126, 42.47523646437
4.15, -0.0220831760954, 0, 6, 1.962987587643, 0.1730544618495, 0.1731560765223, 1.178918101386, 1.748072546552, -0.8451422277576, -1.35839924055, 61.5195824323, 61.52316827429, 61.52932158561, 61.53114816153, -1.884623872533, 100.0013696765, 100, 100.0356076851, 186.4542595214, 202.9258173171, 186.8212480002, 184.7829587834, 186.1060379226, 184.065425062, -28.88659841281, -28.80437055231, -29.14884712715, -29.11307422521, -28.64433462708, -107.3428455928, -116.4317802361, -106.701269006, -105.5738148307, -107.9970614066, -106.8739465828, 42.48498239228, 42.07029838047, 42.40152521855, 42.46226789469, 42.39685858088, 42.4571959513
4.175, -0.02275034530136, 0, 6, 1.96508565924, 0.1648127419932, 0.164909724321, 1.16838146711, 1.739830057388, -0.8510901645501, -1.364634333398, 61.89059676238, 61.89416089155, 61.90014658007, 61.9019692347, -1.916138418381, 100.0009936193, 100, 100.0353285912, 187.0622275351, 203.5317508203, 187.4293922184, 185.3913608618, 186.7138859929, 184.6735348991, -28.89966540925, -28.81895952629, -29.16158398709, -29.12715789096, -28.65754923111, -107.6784342745, -116.7710850502, -107.0368998137, -105.9089877924, -108.3325375207, -107.2089594745, 42.46682679602, 42.05210046049, 42.38314089714, 42.44403832315, 42.37865488015, 42.43915373277
4.2, -0.02340075907078, 0, 6, 1.968462311444, 0.1567208402942, 0.1568133783614, 1.157619515168, 1.730678527622, -0.8565490438771, -1.369761882952, 62.2616113502, 62.26515175145, 62.27096748537, 62.27278458111, -1.94499854154, 100.0005467952, 100, 100.0350489846, 187.6701153757, 204.1375637584, 188.0374652216, 185.999697418, 187.321655724, 185.2815721889, -28.91302719938, -28.83377534568, -29.17421804623, -29.14134831213, -28.67145156708, -108.0141439899, -117.1106003092, -107.3726569996, -106.2442767037, -108.6681372453, -107.5440851098, 42.44865247137, 42.03385812831, 42.3646970587, 42.42578162511, 42.36038939547, 42.42108222062
4.225, -0.02403890824969, 0, 6, 1.972586068498, 0.1487607101432, 0.1488489166086, 1.147243874262, 1.72099128304, -0.8621678560126, -1.374165629779, 62.63262657076, 62.63614124539, 62.64178485927, 62.64359471533, -1.971334666853, 100.0000496933, 100, 100.0347537098, 188.2779239151, 204.7432551333, 188.6454656463, 186.6079665341, 187.9293469897, 185.8895353588, -28.9266756583, -28.84872947383, -29.18686942518, -29.1557066054, -28.68590368224, -108.3499796769, -117.4503267303, -107.7085454031, -106.5796854404, -109.0038637862, -107.8793272559, 42.430436447, 42.01555909391, 42.34620836624, 42.40747563206, 42.34207755398, 42.40295943935
4.25, -0.02466635969255, 0, 6, 1.976705759929, 0.1409036410929, 0.1409875382648, 1.137707253768, 1.711136605917, -0.8684391169874, -1.378243185378, 63.00364284681, 63.00712988349, 63.01259926327, 63.01440024232, -1.995152822216, 99.99952212824, 100, 100.0344312225, 188.8856555171, 205.3488237926, 189.2533924718, 187.2161665905, 188.5369596708, 186.4974231038, -28.94060449888, -28.86376207758, -29.19966131305, -29.17029256922, -28.70076754473, -108.6859471373, -117.7902656135, -108.0445696762, -106.9152179272, -109.3397206208, -108.2146897084, 42.41216428293, 41.99720401256, 42.32769575227, 42.38910278086, 42.32374073121, 42.38476822034
4.275, -0.02529404506425, 0, 6, 1.979982928546, 0.1331284059451, 0.1332079367348, 1.129222133338, 1.701637153373, -0.8755983661513, -1.382503676166, 63.37466050227, 63.37811824473, 63.38341117255, 63.38520183984, -2.016433474826, 99.99897560803, 100, 100.0340586187, 189.4933132682, 205.9542689988, 189.8612447287, 187.8242962085, 189.1444933447, 187.1052343988, -28.95480559943, -28.87883034911, -29.21274380139, -29.18513143433, -28.71587661012, -109.0220524174, -118.1304177269, -108.3807338857, -107.2508782101, -109.675711369, -108.5501763756, 42.39383046597, 41.97880421906, 42.30918020098, 42.37065492745, 42.30540000226, 42.36650057951
4.3, -0.02592293293468, 0, 6, 1.981775859541, 0.1254225340045, 0.1254975971248, 1.121830386351, 1.693090226286, -0.8836960798293, -1.387552765309, 63.74567959108, 63.74910692175, 63.75422086943, 63.75600027042, -2.035183057261, 99.9984257719, 100, 100.0336176263, 190.1008992121, 206.5595913486, 190.4690211434, 188.432354161, 189.751947175, 187.7129685569, -28.96926331742, -28.89390372199, -29.22632297549, -29.20021919072, -28.73098969933, -109.3583007501, -118.4707816102, -108.7170414102, -107.5866706247, -110.0118395123, -108.8857914856, 42.37543995367, 41.96037756449, 42.29068163579, 42.35214350057, 42.28707521967, 42.34816828265
4.325, -0.02653953065718, 0, 6, 1.981834923822, 0.1177808529938, 0.1178513468966, 1.115477347952, 1.685859730639, -0.8926741448624, -1.393795037875, 64.1166998207, 64.12009622462, 64.12502840661, 64.12679613543, -2.05144302008, 99.99788726419, 100, 100.0331006452, 190.7084132089, 207.1647932345, 191.0767200112, 189.04033884, 190.3593199479, 188.3206246545, -28.98395198677, -28.90896067526, -29.24054845433, -29.21552875602, -28.74590349155, -109.6946958823, -118.8113527956, -109.053494976, -107.9225994373, -110.3481082374, -109.2215393986, 42.35700887365, 41.94194519138, 42.27221888151, 42.33359474557, 42.26878497105, 42.32979772301
4.35, -0.02711974897352, 0, 6, 1.980240461388, 0.1102079735313, 0.1102738287745, 1.110048214613, 1.679973812922, -0.9023947770665, -1.401298522336, 64.48772062293, 64.49108600547, 64.49583365398, 64.49758968793, -2.065280780874, 99.99736724168, 100, 100.0325059605, 191.3158533291, 207.7698783795, 191.6843393316, 189.6482480383, 190.9666102109, 188.9282012242, -28.99883880517, -28.92398886885, -29.25544240909, -29.23102154756, -28.76053052526, -110.0312402483, -119.1521245847, -109.3900967727, -108.2586685036, -110.6845204245, -109.5574243057, 42.33856188232, 41.9235301416, 42.25380982704, 42.31503968757, 42.2505469633, 42.3114197646
4.375, -0.02762851202676, 0, 6, 1.977266894236, 0.102717598775, 0.1027787938131, 1.105209022421, 1.675201163731, -0.9124632412078, -1.409844432576, 64.85874124319, 64.86207573683, 64.866636336, 64.86838086893, -2.076777182808, 99.99686443253, 100, 100.0318498827, 191.9232167114, 208.3748513277, 192.2918768937, 190.2560791285, 191.5738160248, 189.5356963803, -29.01388696254, -28.93900953417, -29.27091053095, -29.24664946907, -28.7748964146, -110.3679353463, -119.4930888715, -109.7268480854, -108.5948811499, -111.0210786946, -109.8934500445, 42.32012715258, 41.90515507444, 42.23546238913, 42.29650715718, 42.23236882698, 42.29306260971
4.4, -0.02805393495118, 0, 6, 1.973409217325, 0.09533711236951, 0.09539368887965, 1.100367260913, 1.671187979987, -0.9222353145793, -1.419055544937, 65.22976074897, 65.23306465391, 65.23743605831, 65.239169447, -2.085999597021, 99.99636428555, 100, 100.0311541065, 192.530499424, 208.9797174681, 192.8993302179, 190.8638292621, 192.1809348284, 190.1431080674, -29.02905564002, -28.95406128291, -29.28679052269, -29.26230640095, -28.78908656941, -110.7047814054, -119.8342359361, -110.0637489124, -108.9312401095, -111.35778524, -110.2296199904, 42.30172926363, 41.88683462353, 42.21716471808, 42.27802110768, 42.21423812827, 42.27474944199
4.425, -0.02839489914149, 0, 6, 1.969398985272, 0.08809714028212, 0.08814920795369, 1.095017931754, 1.667564584057, -0.9311748325962, -1.428535705506, 65.60077816151, 65.60405185815, 65.60823241728, 65.60995509678, -2.09308812042, 99.99584948371, 100, 100.0304351856, 193.1376962308, 209.5844826143, 193.5066967774, 191.4714955498, 192.787964195, 190.7504342342, -29.04430248362, -28.96916740775, -29.3029071974, -29.27788774243, -28.80319126461, -111.0417772885, -120.1755550768, -110.4007987685, -109.2677475281, -111.6946415708, -110.5659369906, 42.28338454304, 41.86857041625, 42.19889604391, 42.25960048825, 42.19613398788, 42.25649887408
4.45, -0.02864246323671, 0, 6, 1.966087714923, 0.08101716555141, 0.08106488780878, 1.08889121333, 1.663833853332, -0.9390023426049, -1.437813338264, 65.97179260858, 65.97503639484, 65.97902509363, 65.98073742297, -2.098200207447, 99.99531103835, 100, 100.0297181389, 193.7448012435, 210.1891523198, 194.1139742692, 192.0790751964, 193.3949022448, 191.3576728646, -29.05958785055, -28.98433283843, -29.31907167633, -29.29332134069, -28.81731613706, -111.3789210341, -120.5170358914, -110.7379972458, -109.6044049265, -112.0316485581, -110.9024032884, 42.26510032716, 41.85035267644, 42.18063480841, 42.24125624965, 42.17803502888, 42.23832198123
4.475, -0.02879623884389, 0, 6, 1.964176982209, 0.07411116285851, 0.07415473235645, 1.081912257808, 1.659378252763, -0.9456382155804, -1.446272429889, 66.34280349835, 66.34601729087, 66.34981394738, 66.35151591791, -2.101467559187, 99.99473815012, 100, 100.0290273647, 194.3518096253, 210.7937308449, 194.7211609566, 192.6865655587, 194.0017477802, 191.9648218326, -29.0748812206, -28.9995514648, -29.33503621742, -29.30856696205, -28.83164776651, -111.7162108598, -120.8586702051, -111.0753442169, -109.9412129724, -112.368806677, -111.2390202802, 42.24687374516, 41.83216443261, 42.162360694, 42.22298057111, 42.15992107011, 42.22021084055
4.5, -0.028874254113, 0, 6, 1.963979774645, 0.06739211979605, 0.06743173124673, 1.07412917951, 1.653780785209, -0.9511182617337, -1.453441306266, 66.71381062005, 66.71699382303, 66.72059906068, 66.72229016705, -2.102983210917, 99.99411903524, 100, 100.0283746351, 194.9587189948, 211.3982205046, 195.3282558275, 193.293964636, 194.6085002502, 192.5718794087, -29.09016477442, -29.01481010372, -29.35058904531, -29.32361126773, -28.84636102456, -112.0536459971, -121.2004531851, -111.4128398582, -110.2781717811, -112.7061161966, -111.5757886389, 42.22869057869, 41.81398517505, 42.14405504062, 42.20474872616, 42.1417733037, 42.2021407548
4.525, -0.02890423813062, 0, 6, 1.965447918479, 0.06086275974367, 0.06089858692245, 1.06565582996, 1.646961277559, -0.9555671462709, -1.459181128878, 67.08481408169, 67.08796573761, 67.09138070185, 67.09306007573, -2.102810017917, 99.99345003994, 100, 100.027766107, 195.5655291959, 212.0026221013, 195.9352584521, 193.9012713434, 195.2151596141, 193.1788446624, -29.10543057359, -29.03008723211, -29.36564033741, -29.3384546988, -28.86152685291, -112.3912266887, -121.5423826102, -111.7504845311, -110.6152813794, -113.0435772429, -111.9127086512, 42.21052746083, 41.79579250442, 42.12570024844, 42.18652932174, 42.12357420284, 42.18408064117
4.55, -0.0289206421674, 0, 6, 1.968321802726, 0.0545016600856, 0.05453383670531, 1.056759285772, 1.639117093267, -0.9593298410821, -1.463673135711, 67.4558142069, 67.45893321909, 67.4621592819, 67.4638258822, -2.100994123421, 99.99273296077, 100, 100.0271911501, 196.1722413131, 212.606935638, 196.5421688344, 194.5084853643, 195.8217264493, 193.7857173975, -29.12067614463, -29.04534448348, -29.3802283788, -29.35311802334, -28.87710226568, -112.7289538382, -121.8844576827, -112.0882789886, -110.9525419506, -113.3811897855, -112.2497804763, 42.19235659369, 41.77756384042, 42.10728569992, 42.16829269025, 42.10531394918, 42.16600125549
4.575, -0.02894692610227, 0, 6, 1.972153731821, 0.04826682509822, 0.04829543191597, 1.047979004033, 1.630590865629, -0.9630284669493, -1.467291472671, 67.82681151939, 67.8298967351, 67.83293531473, 67.83458802639, -2.097503171671, 99.99198259957, 100, 100.0266315349, 196.7788575037, 213.2111604281, 197.1489874914, 195.1156069011, 196.4282021167, 194.3924978884, -29.1359036188, -29.06054623999, -29.39447443434, -29.36769627471, -28.89297306309, -113.0668291066, -122.2266789502, -112.4262248518, -111.2899538868, -113.7189537813, -112.5870042815, 42.17415245568, 41.75928265917, 42.08881957808, 42.15001447941, 42.08700098013, 42.14787877128
4.6, -0.0289833136119, 0, 6, 1.976273678334, 0.04211154321178, 0.04213660635219, 1.039840104049, 1.621744591479, -0.967246724569, -1.470454043511, 68.19780662917, 68.20085691848, 68.20370936241, 68.20534704996, -2.092279652616, 99.99121958292, 100, 100.0260742476, 197.3853813258, 213.8152951654, 197.7557152784, 195.7226364882, 197.0345882077, 194.9991866677, -29.1511192403, -29.07562862766, -29.40852160935, -29.38226196177, -28.90901042555, -113.4048551267, -122.5690483328, -112.7643240056, -111.6275177544, -114.0568695274, -112.9243803232, 42.15589711894, 41.74094449806, 42.0703213011, 42.13167545773, 42.06865510246, 42.12969458995
4.625, -0.02903614551052, 0, 6, 1.979867482499, 0.03599257533563, 0.03601407472319, 1.032637624848, 1.613013174061, -0.9723329861186, -1.473629151252, 68.56880010638, 68.57181448037, 68.57448192685, 68.57610356296, -2.08529915878, 99.99045732153, 100, 100.0255003192, 197.9918173438, 214.4193385911, 198.3623531514, 196.3295748285, 197.6408860282, 195.605784442, -29.16632933012, -29.09055337385, -29.42251849176, -29.39686503872, -28.92507814875, -113.7430351526, -122.9115679227, -113.1025779913, -111.9652342805, -114.3949376588, -113.2619090233, 42.13758161433, 41.72255674844, 42.05181200166, 42.11326295309, 42.05029781563, 42.11143683652
4.65, -0.02911358360208, 0, 6, 1.982198567455, 0.0298799587339, 0.02989784895556, 1.026464495026, 1.604985576994, -0.9784164198091, -1.477404190311, 68.93979230723, 68.94277017821, 68.94525335542, 68.94685826676, -2.076558143086, 99.98970707529, 100, 100.0248855379, 198.5981697654, 215.0232905263, 198.968901821, 196.936422763, 198.2470964517, 196.2122921844, -29.18153380328, -29.10529923096, -29.43666910444, -29.41152660136, -28.94097763068, -114.0813721184, -123.2542380261, -113.4409877761, -112.3031045624, -114.7331588805, -113.5995911731, 42.11920676822, 41.70413503691, 42.0333120671, 42.09478068222, 42.0319496479, 42.09310933556
4.675, -0.02920551824053, 0, 6, 1.98286229807, 0.02376762763876, 0.0237818677207, 1.021301295492, 1.598132926798, -0.9854756441923, -1.482273293894, 69.3107832368, 69.31372459403, 69.31602378217, 69.31761182187, -2.066091054893, 99.9889836291, 100, 100.0242175337, 199.2044409615, 215.6271527284, 199.5753615199, 197.5431808577, 198.8532199207, 196.8187108104, -29.19672126062, -29.11985214247, -29.45116641734, -29.42623876336, -28.95649666754, -114.4198676637, -123.5970556793, -113.7795537098, -112.6411299116, -115.071533741, -113.9374279408, 42.10078455973, 41.68569947236, 42.01484087869, 42.07625019886, 42.01362969687, 42.07473333347
4.7, -0.02928951989686, 0, 6, 1.981821064526, 0.01766788441157, 0.0176784587872, 1.017068954175, 1.592615345412, -0.9933966045006, -1.488430362257, 69.68177257477, 69.68467787944, 69.68679314227, 69.68836460737, -2.053963543704, 99.98829524479, 100, 100.0234899118, 199.8106312589, 216.2309285548, 200.1817320533, 198.1498490331, 199.4592565406, 197.4250407281, -29.21187121373, -29.13420482788, -29.46609332572, -29.44097546607, -28.97151129987, -114.7585220411, -123.940015239, -114.1182756505, -112.9793114481, -115.4100625785, -114.2754205688, 42.08233674094, 41.66727256221, 41.99641707287, 42.05770155878, 41.99535610147, 42.05633850679
4.725, -0.02933022695931, 0, 6, 1.979273004056, 0.01160401856238, 0.01161094580752, 1.01356299755, 1.588296138934, -1.00190669542, -1.495753833618, 70.05275978553, 70.05562975083, 70.05756121337, 70.05911665313, -2.040255995344, 99.98764430893, 100, 100.0227102469, 200.4167397203, 216.8346221205, 200.7880129527, 198.756426648, 200.0652060425, 198.031281802, -29.22695917356, -29.14837172663, -29.48140677879, -29.4557059241, -28.98601593799, -115.0973345617, -124.2831097973, -114.4571529025, -113.3176498802, -115.7487455596, -114.6135700914, 42.06389079198, 41.64887780573, 41.97805461743, 42.03916489681, 41.97714260624, 42.0379544177
4.75, -0.02930340373298, 0, 6, 1.975606505601, 0.005600776144014, 0.00560410725456, 1.010267982429, 1.584856145536, -1.010443963527, -1.503919512443, 70.42374415555, 70.4265796423, 70.42832763337, 70.42986775551, -2.025026912469, 99.98702079266, 100, 100.021899439, 201.0227644416, 217.4382380702, 201.3942034341, 199.3629127507, 200.6710674298, 198.6374335973, -29.24195821129, -29.16239898967, -29.49697663004, -29.47035863894, -29.00008834844, -115.4363036324, -124.6263314802, -114.7961836429, -113.6561454289, -116.0875826421, -114.9518771925, 42.0454735673, 41.63053425393, 41.95974946962, 42.02066611003, 41.9589854699, 42.01960635169
4.775, -0.02920749087189, 0, 6, 1.971451131662, -0.0003202503362573, -0.0003204400071361, 1.006599317223, 1.581921317082, -1.018409749004, -1.512542204331, 70.79472486445, 70.79752682101, 70.79909197018, 70.80061758358, -2.008351005598, 99.98640610001, 100, 100.0210748655, 201.6287021604, 218.0417814353, 202.0003025114, 199.9693062491, 201.2768394215, 199.2434955769, -29.25683983575, -29.17632825224, -29.51264098629, -29.48483325441, -29.0138314571, -115.7754264215, -124.9696715295, -115.1353653055, -113.9947977845, -116.4265732891, -115.290342105, 42.02710514214, 41.61224933183, 41.94148340342, 42.00222601682, 41.94086655465, 42.00131494342
4.8, -0.02904124399424, 0, 6, 1.96761846807, -0.006142082056613, -0.00614570561775, 1.00217886135, 1.579070407248, -1.025420821157, -1.521209461613, 71.16570113682, 71.16847048069, 71.16985382676, 71.17136572288, -1.990366254457, 99.98578642295, 100, 100.0202553992, 202.234548537, 218.6452570518, 202.6063092623, 200.5756060921, 201.8825210783, 199.8494672057, -29.27157742203, -29.19017965995, -29.5282378912, -29.49905143692, -29.02735019966, -116.1146990782, -125.3131213052, -115.4746953187, -114.3336061256, -116.7657163608, -115.6289645539, 42.0087967099, 41.59401792348, 41.92323501393, 41.98385976626, 41.92276445892, 41.98309536706
4.825, -0.02879935352297, 0, 6, 1.964901065933, -0.01185489911079, -0.0118618736714, 0.9968527375137, 1.575703488919, -1.031324987373, -1.529361305853, 71.53667240523, 71.53940977377, 71.54061293449, 71.54211165093, -1.971190325871, 99.98515318782, 100, 100.0194685031, 202.8402994068, 219.248668681, 203.2122231359, 201.1818112912, 202.4881120302, 200.4553478242, -29.28615170736, -29.20395975719, -29.54355702946, -29.51296840197, -29.04080871587, -116.454117567, -125.6566739616, -115.8141714365, -114.6725689397, -117.1050103087, -115.9677435933, 41.99054998195, 41.5758258118, 41.90498356173, 41.96556813557, 41.90465850337, 41.96494881166
4.85, -0.02849574521447, 0, 6, 1.963785990516, -0.01745763306548, -0.01746789220782, 0.9906148570438, 1.571289408321, -1.036125837301, -1.536451030325, 71.90763846246, 71.91034397727, 71.91136922724, 71.91285481792, -1.950901983944, 99.98449320818, 100, 100.0187299221, 203.4459524913, 219.8520181193, 203.8180442119, 201.7879212264, 203.0936125103, 201.0611368409, -29.30055591321, -29.21766901433, -29.55837548878, -29.52657128932, -29.05441189497, -116.7936787382, -126.0003260107, -116.1537918496, -115.0116840945, -117.4444534203, -116.3066775557, 41.97235559245, 41.55765384113, 41.88670981231, 41.94733263784, 41.88652951448, 41.94685726043
4.875, -0.02815524806006, 0, 6, 1.964367271342, -0.02295581284168, -0.0229693110327, 0.9835425746041, 1.565600290521, -1.039911641893, -1.542199250391, 72.2785994563, 72.28127277161, 72.28212283586, 72.2835949068, -1.929545538377, 99.98379779679, 100, 100.0180471293, 204.0515078809, 220.455305408, 204.4237731648, 202.3939360574, 203.6990232426, 201.6668342507, -29.31479411911, -29.231304181, -29.57256514125, -29.53987227518, -29.06829489261, -117.1333806399, -126.3440769304, -116.4935550934, -115.350949318, -117.7840439282, -116.6457643629, 41.95419383376, 41.53948041323, 41.8683957865, 41.9291238889, 41.86835938299, 41.92879171351
4.9, -0.02781532184843, 0, 6, 1.966477033405, -0.02835840335847, -0.02837511416909, 0.9758002612557, 1.558733973954, -1.042874265843, -1.54665206592, 72.64955576424, 72.65219629781, 72.6528740422, 72.65433195498, -1.907149591229, 99.98306471187, 100, 100.0174181486, 204.6569672363, 221.058529784, 205.0294110468, 202.9998566987, 204.3043453419, 202.2724407728, -29.32887544306, -29.2448449798, -29.58612744659, -29.55288040916, -29.08247541312, -117.4732220904, -126.687927548, -116.8334599495, -115.6903625425, -118.1237800135, -116.9850018575, 41.93603822085, 41.52128241701, 41.85002559716, 41.9109112285, 41.85013155472, 41.91072174882
4.925, -0.02750194388663, 0, 6, 1.969782147719, -0.03368365123709, -0.03370356687736, 0.9678418877305, 1.550999446617, -1.045529131568, -1.550098275075, 73.02050794145, 73.02311502916, 73.02362327606, 73.0250662688, -1.883749342078, 99.98230395014, 100, 100.0168261411, 205.2623331212, 221.6616900363, 205.6349592967, 203.6056845674, 204.909580778, 202.8779576254, -29.34281175674, -29.25823790457, -29.59916733683, -29.56564276716, -29.09687670043, -117.8132025452, -127.0318795243, -117.1735060346, -116.0299220436, -118.4636598187, -117.3243880025, 41.91786132136, 41.50303911579, 41.83159850177, 41.89266843561, 41.83184585185, 41.89262118466
4.95, -0.02721559093753, 0, 6, 1.973730436867, -0.03897297006394, -0.03899610555773, 0.9602325172692, 1.542755821675, -1.048510009147, -1.552944836864, 73.39145668496, 73.39402963478, 73.3943710649, 73.39579831038, -1.859347778864, 99.98153478321, 100, 100.0162567076, 205.8676093446, 222.2647846392, 206.2404197301, 204.2114213606, 205.5147320296, 203.4833863088, -29.35661681442, -29.27142987842, -29.61183258873, -29.57825116552, -29.11138153984, -118.1533225486, -127.3759352883, -117.5136936211, -116.3696264572, -118.8036817823, -117.6639210245, 41.89964142515, 41.4847398973, 41.81312940466, 41.87437435294, 41.81351829887, 41.87446942013
4.975, -0.02695804461036, 0, 6, 1.977584324562, -0.04427009187766, -0.04429647467837, 0.9533496415427, 1.534364144823, -1.052250134241, -1.555589799901, 73.76240268331, 73.76494086481, 73.76511792664, 73.76652862715, -1.83384640047, 99.98077304793, 100, 100.0156969384, 206.4728009283, 222.8678123788, 206.8457943016, 204.8170688524, 206.1198013846, 204.0887284098, -29.37030264507, -29.28438554759, -29.62426673954, -29.59077432784, -29.12587870302, -118.493583499, -127.7200969744, -117.8540228232, -116.7094746879, -119.1438447854, -118.0035994351, 41.88136518187, 41.46638623396, 41.7946371128, 41.8560125431, 41.79516810264, 41.85625024495
5, -0.02673857279662, 0, 6, 1.980570351232, -0.04959396718806, -0.04962361212445, 0.9473635971876, 1.526373801512, -1.05693445928, -1.558554377697, 74.13334647604, 74.1358495125, 74.13586429498, 74.13725786688, -1.807161074599, 99.98002976486, 100, 100.0151237953, 207.0779132561, 223.4707730755, 207.4510848307, 205.4226288813, 206.7247907616, 204.6939857197, -29.38387504503, -29.29708263587, -29.63664848633, -29.60324657779, -29.14021024425, -118.8339868876, -128.0643650521, -118.1944932951, -117.0494660234, -119.484147958, -118.3434221585, 41.86302784054, 41.44798891719, 41.77614017598, 41.83757784285, 41.77681364805, 41.83795823658
5.025, -0.0265489566127, 0, 6, 1.982162243058, -0.05495169168079, -0.05498459206453, 0.9423015032662, 1.519327094377, -1.062588162478, -1.56240874542, 74.50428829289, 74.5067563144, 74.50661042855, 74.50798676541, -1.779242753527, 99.97932056126, 100, 100.0145225713, 207.6829503024, 224.0736683502, 208.0562926759, 206.0281031682, 207.3297016375, 205.2991602007, -29.39732907728, -29.30950679525, -29.64918896898, -29.61567280616, -29.15415327918, -119.1745333375, -128.4087369795, -118.535104161, -117.3896001882, -119.8245904289, -118.6833886753, 41.84463502364, 41.42956414381, 41.75765604622, 41.81908402101, 41.7584721912, 41.819607436
5.05, -0.02636890933041, 0, 6, 1.982211316924, -0.06034433486603, -0.06038046569648, 0.9381065221667, 1.513495259576, -1.069146438727, -1.567482812486, 74.87522802182, 74.87766165758, 74.87735638951, 74.8787158612, -1.750076277311, 99.97865798249, 100, 100.0138870915, 208.287913873, 224.6765015804, 208.6614186969, 206.633492849, 207.9345351005, 205.904253396, -29.41064965013, -29.3216502044, -29.66201963306, -29.62803578469, -29.16754420833, -119.5152221772, -128.7532073161, -118.8758540826, -117.7298769248, -120.1651712049, -119.023498732, 41.82620274017, 41.41113090976, 41.73920116203, 41.80055673549, 41.7401600051, 41.80122354647
5.075, -0.0261718061592, 0, 6, 1.980846135663, -0.06576248761827, -0.06580180829524, 0.9346634161447, 1.508837168442, -1.076462742714, -1.573778468025, 75.24616530995, 75.24856548044, 75.24810208401, 75.24944534614, -1.719664664382, 99.97804626391, 100, 100.0132159525, 208.8928042269, 225.2792770933, 209.2664634392, 207.2387984164, 208.5392919576, 206.5092662474, -29.423816399, -29.33351588314, -29.67514625631, -29.64031213746, -29.18033577311, -119.8560517289, -129.0977690712, -119.2167413747, -118.0702956817, -120.5058891609, -119.3637520094, 41.80775432217, 41.3927099636, 41.7207909762, 41.78202427129, 41.72189241408, 41.78283458504
5.1, -0.02593410693982, 0, 6, 1.978341135946, -0.07118461776754, -0.07122707280947, 0.9316744575146, 1.505099013605, -1.08417947262, -1.581043624431, 75.61709965354, 75.6194673884, 75.61884729021, 75.62017512165, -1.688030816018, 99.97747915702, 100, 100.0125184292, 209.4976208887, 225.8819995294, 209.8714272209, 207.8440199589, 209.1439725118, 207.1141992669, -29.43680747922, -29.34513280113, -29.68847261229, -29.65246284838, -29.1925815556, -120.1970196568, -129.4424147106, -119.5577637179, -118.4108555042, -120.8467430768, -119.7041479256, 41.78931551672, 41.37432153821, 41.70243223765, 41.76351175233, 41.7036757451, 41.76446507007
5.125, -0.02565071321103, 0, 6, 1.975104328991, -0.07657730814234, -0.07662283002983, 0.9287065870805, 1.501948712837, -1.091811440514, -1.588910493869, 75.98803044478, 75.99036680478, 75.98959169589, 75.99090492337, -1.655315145816, 99.97693975026, 100, 100.0118033794, 210.1023626772, 226.484673543, 210.4763101632, 208.4491573872, 209.748576643, 207.7190527692, -29.44960130427, -29.35653774107, -29.70185337003, -29.66441621397, -29.20438260062, -120.538122869, -129.7871365238, -119.8989181279, -118.7515550078, -121.1877315015, -120.0446855354, 41.77090875284, 41.35597986424, 41.68411951604, 41.745039336, 41.68550409495, 41.74613454102
5.15, -0.02532244396127, 0, 6, 1.971650339876, -0.08190981400978, -0.08195833560882, 0.9254145339765, 1.499057448486, -1.098980218358, -1.597017062295, 76.35895708678, 76.36126308774, 76.36033497563, 76.3616344012, -1.621649989447, 99.97640969884, 100, 100.0110763756, 210.7070277327, 227.0873033364, 211.0811123735, 209.0542106226, 210.3531043131, 208.3238270355, -29.46217914762, -29.3677609695, -29.71514283433, -29.676115326, -29.21584203446, -120.8793576563, -130.1319273542, -120.240201526, -119.0923924297, -121.5288526152, -120.3853635035, 41.75255007578, 41.33769064564, 41.66584301536, 41.72662237028, 41.66736762766, 41.72785811372
5.175, -0.02494636234965, 0, 6, 1.968510024843, -0.08716589485393, -0.08721736561387, 0.9216026339983, 1.496011241409, -1.10548088763, -1.604956635338, 76.72987909066, 76.73215559401, 76.73107685016, 76.73236314337, -1.587141836242, 99.97587574381, 100, 100.0103498153, 211.3116140248, 227.6898922323, 211.6858341154, 209.6591796696, 210.9575557751, 208.9285223063, -29.47452772986, -29.37882166158, -29.72818941409, -29.68752670089, -29.22707844504, -121.2207201226, -130.4767813904, -120.5816110341, -119.4333656101, -121.8701042937, -120.7261800652, 41.73424860494, 41.31945233356, 41.64759260901, 41.70826867163, 41.64925642844, 41.70964370984
5.2, -0.02452910289555, 0, 6, 1.966055629561, -0.09233865735099, -0.09239304664151, 0.9171938180229, 1.492387561619, -1.111239145082, -1.612292282365, 77.10079618229, 77.10304372875, 77.10181714758, 77.10309067869, -1.551871225306, 99.97532300535, 100, 100.0096328713, 211.9161204475, 228.292442197, 212.2904760097, 210.2640646786, 211.5619316449, 209.5331387465, -29.48664206674, -29.38973307605, -29.74082332787, -29.69863976819, -29.23824939636, -121.5622068225, -130.8216950352, -120.9231440797, -119.7744719337, -122.2114842646, -121.0671329425, 41.71600556434, 41.30125867058, 41.62935878093, 41.68997273903, 41.63116118456, 41.69148586855
5.225, -0.02408663859463, 0, 6, 1.964396317307, -0.0974280927935, -0.09748538299382, 0.912187531416, 1.487947582818, -1.116264540463, -1.618750233284, 77.47170833228, 77.47392712755, 77.47255582043, 77.47381664416, -1.515892256514, 99.97473867238, 100, 100.0089279249, 212.5205474223, 228.8949538089, 212.8950390664, 210.8688662479, 212.1662328649, 210.1376768097, -29.49852542462, -29.40050448779, -29.75292681589, -29.70946274917, -29.24947775864, -121.9038151299, -131.1666669436, -121.2647983801, -120.1157086106, -122.5529902049, -121.408219518, 41.69781416034, 41.28310066845, 41.61113271595, 41.67171952683, 41.61307322379, 41.67336977126
5.25, -0.02363447268789, 0, 6, 1.963440460162, -0.1024448425857, -0.1025050241297, 0.9066235720001, 1.482682770585, -1.120623041813, -1.624299322138, 77.84261568778, 77.84480574761, 77.84329291832, 77.84454090592, -1.479242789714, 99.97411912513, 100, 100.0082382701, 213.1248965078, 229.4974267913, 213.4995245479, 211.4735855075, 212.7704606049, 210.7421374259, -29.51018609519, -29.4111381503, -29.76447376996, -29.72001162364, -29.26080560831, -122.2455430799, -131.5116971529, -121.6065718412, -120.4570729548, -122.8946197723, -121.749437074, 41.67966167379, 41.26496744891, 41.59290568899, 41.65349138398, 41.594984151, 41.65527816904
5.275, -0.02317775798555, 0, 6, 1.963045805337, -0.1074129741041, -0.1074760488229, 0.9004966733237, 1.476747228203, -1.124345129998, -1.629103580491, 78.21351846116, 78.21567981292, 78.2140285391, 78.21526356223, -1.44194867706, 99.97347115288, 100, 100.0075775427, 213.7291695454, 230.0998608065, 214.1039337493, 212.0782239769, 213.3746160139, 211.3465219543, -29.52163286882, -29.42163115703, -29.77551712736, -29.73029433462, -29.27219853134, -122.5873889017, -131.8567858266, -121.9484622776, -120.7985625037, -123.2363706204, -122.0907829783, 41.66153221095, 41.24684597701, 41.57466522327, 41.6352729933, 41.5768819649, 41.63719624362
5.3, -0.02272192438554, 0, 6, 1.963205069972, -0.1123595086173, -0.1124254987441, 0.8937353441765, 1.47035847937, -1.127402502414, -1.633407672367, 78.58441681583, 78.58654967358, 78.58476278781, 78.58598487133, -1.403885667426, 99.97280755772, 100, 100.0069665339, 214.3333676425, 230.7022562587, 214.7082677937, 212.6827833117, 213.9787000544, 211.9508320012, -29.53287058141, -29.43196960126, -29.78615042476, -29.7402811615, -29.28357546902, -122.9293503078, -132.2019319535, -122.2904671672, -121.1401749747, -123.5782403229, -122.4322547549, 41.64340818898, 41.22871881643, 41.55639143249, 41.61705359241, 41.55874683052, 41.61911354557
5.325, -0.02226739047998, 0, 6, 1.96413460865, -0.117306065976, -0.1173750265735, 0.8863300528553, 1.463706456814, -1.129823030709, -1.637437226851, 78.95531086175, 78.95741565896, 78.95549579485, 78.9567051409, -1.365083619274, 99.97214588611, 100, 100.0064273113, 214.9374906805, 231.3046145316, 215.3125276615, 213.2872650926, 214.5827137782, 212.5550692194, -29.54389890047, -29.44212831745, -29.79646739767, -29.74993689744, -29.29484362933, -123.2714241589, -132.5471330048, -122.6325838968, -121.4819081575, -123.9202262573, -122.7738500678, 41.62527128947, 41.21056330102, 41.53806167762, 41.59882638616, 41.54055619128, 41.60102347094
5.35, -0.02180917130992, 0, 6, 1.96622413494, -0.1222704874048, -0.1223425195324, 0.8783658171804, 1.456839073487, -1.131724218291, -1.641297487928, 79.32620071238, 79.32827799708, 79.32622774247, 79.32742464871, -1.325655318809, 99.97150733765, 100, 100.0059855058, 215.5415376443, 231.9069378222, 215.9167143321, 213.8916707302, 215.1866584624, 213.1592351756, -29.55471349172, -29.45209370862, -29.80652248917, -29.75925331104, -29.30593745493, -123.613606692, -132.8923852944, -122.9748099317, -121.8237598036, -124.2623256506, -123.1155666619, 41.60710333803, 41.192353425, 41.51965396258, 41.58058522982, 41.52228817865, 41.5829202096
5.375, -0.02134491064659, 0, 6, 1.969878868926, -0.1272636586861, -0.1273389115184, 0.8699811122432, 1.449650297642, -1.133265743298, -1.644914061971, 79.6970865653, 79.69913680222, 79.69695891199, 79.698143585, -1.28571718985, 99.97090981462, 100, 100.005665305, 216.1455076082, 232.5092286307, 216.5208289673, 214.4960014611, 215.7905356515, 213.7633312235, -29.56530909876, -29.46185814717, -29.8162996948, -29.76823799771, -29.31686301642, -123.9558940968, -133.2376848904, -123.3171428684, -122.1657274978, -124.6045357374, -123.4574022261, 41.58888579779, 41.17406250926, 41.50114771897, 41.56231820717, 41.50392230673, 41.56479179676
5.4, -0.02087724779919, 0, 6, 1.975361748387, -0.1322851947555, -0.1323638531673, 0.8613243251366, 1.442027317166, -1.134596092, -1.648165640457, 80.06796876806, 80.06999220586, 80.06768971624, 80.06886214302, -1.245380834086, 99.97036714542, 100, 100.0054842745, 216.7494006653, 233.1114893158, 217.1248730278, 215.1002585948, 216.3943471414, 214.3673587357, -29.57568197128, -29.47141422462, -29.82575387577, -29.77690381904, -29.32765890517, -124.2982830524, -133.5830283348, -123.6595804462, -122.5078087609, -124.9468538855, -123.7993544, 41.57059859892, 41.15566520232, 41.48252382084, 41.54400669045, 41.48543938258, 41.54661938204
5.425, -0.02040830004656, 0, 6, 1.982755188668, -0.1373296724044, -0.1374119430491, 0.8525152731668, 1.43393628233, -1.13582436378, -1.650995611975, 80.43884782064, 80.44084448813, 80.43842069407, 80.43958063759, -1.20475162502, 99.96989430714, 100, 100.0054589132, 217.3532181051, 233.7137220134, 217.7288482539, 215.7044437057, 216.9980949131, 214.9713193272, -29.58583019021, -29.48075347192, -29.83485719789, -29.78526277724, -29.33834868939, -124.6407708994, -133.9284127593, -124.0021205098, -122.8500012142, -125.2892776447, -124.1414208658, 41.55222005829, 41.13713816875, 41.46376382952, 41.52562839081, 41.46682098047, 41.52838053043
5.45, -0.01992969917294, 0, 6, 1.992038120065, -0.1423948499194, -0.1424809560347, 0.843503984408, 1.425426413189, -1.13687715583, -1.653440239886, 80.80972432088, 80.81169411958, 80.80915246252, 80.8102995639, -1.16393575261, 99.96951280261, 100, 100.005622498, 217.9569619702, 234.3159289822, 218.3327564876, 216.308558672, 217.601780793, 215.5752149473, -29.59575173477, -29.4898912193, -29.84361359762, -29.79332909077, -29.34892274172, -124.9833554094, -134.2738353369, -124.3447606669, -123.1923026686, -125.6318047553, -124.4835994461, 41.53372722012, 41.11845888148, 41.44484310706, 41.50716045545, 41.44804265716, 41.51005242409
5.475, -0.01944232565109, 0, 6, 2.003320158515, -0.1474779128968, -0.1475681062806, 0.8339606872542, 1.416590660825, -1.137414960716, -1.65558654268, 81.18059882869, 81.18254170853, 81.17988565105, 81.18101960027, -1.123105526362, 99.96924349531, 100, 100.0060219751, 218.5606337222, 234.9181133225, 218.9365992966, 216.9126055467, 218.2054060003, 216.1790478336, -29.60544055166, -29.49886323033, -29.85204965109, -29.80106052404, -29.35933937326, -125.3260338649, -134.6192920645, -124.6874977523, -123.5347110823, -125.9744329919, -124.8258881336, 41.51509430949, 41.09959936984, 41.42571906356, 41.48858186578, 41.42906155428, 41.4916141086
5.5, -0.01894955763177, 0, 6, 2.017031836679, -0.1525741819398, -0.1526687744258, 0.8235777116204, 1.407513267585, -1.137136294696, -1.657520558481, 81.55147187313, 81.55338788033, 81.55062093431, 81.5517415086, -1.082284044529, 99.96910895092, 100, 100.006703997, 219.1642330365, 235.5202790288, 219.5403779794, 217.5165863858, 218.8089716854, 216.7828203376, -29.61488634318, -29.50769734163, -29.86019966093, -29.80840175531, -29.36953901614, -125.6688023611, -134.9647776682, -125.0303283725, -123.8772244522, -126.3171598447, -125.1682850201, 41.49629115716, 41.08052082366, 41.40633917772, 41.46987417343, 41.40982509412, 41.47304714043
5.525, -0.0184459422102, 0, 6, 2.033887758909, -0.1576839870729, -0.1577833891539, 0.8122500698696, 1.398111957257, -1.135950957983, -1.659205788453, 81.92234405568, 81.92423319759, 81.921359104, 81.92246602982, -1.041402402191, 99.96913791911, 100, 100.0077208698, 219.7677579812, 236.1224305126, 220.1440937897, 218.1205031735, 219.4124793522, 217.3865347754, -29.62407748541, -29.51639806731, -29.86806788132, -29.81531461685, -29.37948534861, -126.0116560412, -135.3102865032, -125.3732494176, -124.2198407023, -126.6599825197, -125.5107882029, 41.47728368384, 41.06117482135, 41.38665022947, 41.45101818648, 41.39028022617, 41.45433255982
5.55, -0.01798308837415, 0, 6, 2.054587391433, -0.1628783292711, -0.1629831075361, 0.8001278023516, 1.387971556141, -1.134705013175, -1.66038574128, 82.29321615838, 82.29507811064, 82.29210132759, 82.2931936939, -1.000353468616, 99.96932944075, 100, 100.0090624574, 220.3712064378, 236.7245704084, 220.7477481748, 218.7243577148, 220.0159321514, 217.9901929558, -29.6330139356, -29.52477042758, -29.87556346005, -29.82160760422, -29.38927107936, -126.3545907392, -135.6558163135, -125.7162586767, -124.5625574224, -127.0028982968, -125.8533954196, 41.45803398533, 41.04150943117, 41.36660695567, 41.43198125048, 41.37040152448, 41.43543843318
5.575, -0.01735848609817, 0, 6, 2.078936341065, -0.1690028714412, -0.1691141831284, 0.7870661184051, 1.376023787231, -1.1363345153, -1.661512622283, 82.66408960567, 82.66592327972, 82.66284949283, 82.66392472351, -0.9589122912594, 99.96971679948, 100, 100.010698609, 220.974578865, 237.3266955704, 221.3513435427, 219.3281519529, 220.6193377584, 218.5937962341, -29.64172883972, -29.53267015193, -29.88259486942, -29.82750771714, -29.39909850051, -126.6976103783, -136.0013751122, -126.0593566789, -124.9053726137, -127.3459056057, -126.1961044557, 41.43850706071, 41.02149360281, 41.34619462176, 41.41270647773, 41.35027190805, 41.41632064077
5.6, -0.01652814405866, 0, 6, 2.105622668976, -0.1777235992197, -0.1778436809086, 0.7714952568353, 1.360807699351, -1.142650117034, -1.663926495566, 83.03496624333, 83.03676985868, 83.03360558647, 83.03465994248, -0.9169704487196, 99.97031793938, 100, 100.0126693834, 221.5778811934, 237.9288088147, 221.954883488, 219.9318880073, 221.2227015439, 219.1973471572, -29.65022284365, -29.54022525577, -29.88910770382, -29.83325695361, -29.40911285305, -127.0407261524, -136.3469608985, -126.4025426022, -125.2482850893, -127.6890039975, -126.5389142813, 41.4186741487, 41.00112498673, 41.32539346362, 41.39311996217, 41.32992281681, 41.39693137726
5.625, -0.01560865973493, 0, 6, 2.133217508082, -0.1902288196087, -0.1903607436171, 0.7520633860997, 1.341809841009, -1.154009783555, -1.66897886708, 83.40584757165, 83.40761922172, 83.40437164905, 83.40540103194, -0.8746384213935, 99.97110585261, 100, 100.0149438464, 222.1811228377, 238.5309237753, 222.5583723002, 220.5355684127, 221.8260278463, 219.8008496788, -29.65843769805, -29.54731531642, -29.89515215306, -29.83859352375, -29.41927338482, -127.3839449569, -136.6925526428, -126.7458125739, -125.5912933924, -128.032191466, -126.8818239645, 41.39850299774, 40.98040007371, 41.30417902951, 41.37315977311, 41.30932000548, 41.37722172386
5.65, -0.01449944540327, 0, 6, 2.160619286876, -0.2072733723714, -0.2074208357044, 0.7290810957519, 1.319235295455, -1.171575187796, -1.67948269492, 83.7767349946, 83.77847274984, 83.77514981041, 83.77615067214, -0.8329120519506, 99.9720972662, 100, 100.017392212, 222.7843124095, 239.1330542909, 223.1618155255, 221.1391966887, 222.4293239907, 220.4043112063, -29.66631685977, -29.55363066148, -29.90097984397, -29.84338815899, -29.42879454856, -127.7272693372, -137.0381286618, -127.0891639891, -125.9343953635, -128.3754641687, -127.2248326813, 41.37796976069, 40.95931717093, 41.28258796995, 41.35279939614, 41.2884871045, 41.35721317761
5.675, -0.01314132602514, 0, 6, 2.186996728776, -0.2301892014586, -0.2303569937543, 0.7028256660866, 1.292010555909, -1.197545502359, -1.697745110441, 84.14763000872, 84.14933156889, 84.14594176172, 84.14691121433, -0.7927099657227, 99.97336825628, 100, 100.0199878969, 223.3874555473, 239.7352084524, 223.7652197828, 221.7427769082, 223.032598716, 221.0077393823, -29.67384202433, -29.5589675695, -29.90672504365, -29.84775971843, -29.43703029405, -128.0707040129, -137.3836782251, -127.4325953867, -126.2775875907, -128.718817886, -127.5679384036, 41.35708303436, 40.93790161722, 41.26069884804, 41.33203300223, 41.26750908596, 41.33696488506
5.7, -0.0116209959835, 0, 6, 2.210916849624, -0.2601810784565, -0.2603749070225, 0.6730435746848, 1.258934242538, -1.23355036492, -1.724378771714, 84.51853412831, 84.52019631459, 84.51674902522, 84.51768346504, -0.7532940980259, 99.97491514619, 100, 100.0226628464, 223.990563287, 240.3373950085, 224.3685932824, 222.3463133688, 223.6358614684, 221.6111393786, -29.68099595588, -29.56326389024, -29.91225933266, -29.85183492779, -29.44412511609, -128.4142542064, -137.7291900528, -127.776103544, -126.6208649008, -129.06224769, -127.9111364078, 41.33587568116, 40.91621510002, 41.23860136944, 41.31084598401, 41.24648148876, 41.3164824774
5.725, -0.01010579495121, 0, 6, 2.230200439415, -0.2975347457892, -0.2977602882845, 0.6396268111814, 1.220611058243, -1.279806225219, -1.759667466822, 84.88944854256, 84.89106781054, 84.88757303412, 84.88846820246, -0.7140147596778, 99.97669343996, 100, 100.0252781907, 224.5936548378, 240.9396277553, 224.9719452799, 222.949812044, 224.2391220925, 222.2145173436, -29.68773356607, -29.56643894178, -29.91766883694, -29.8555891501, -29.45013779166, -128.7579213159, -138.0746435786, -128.1196824698, -126.9642216188, -129.4057471439, -128.2544208748, 41.31439401042, 40.89434770987, 41.21639288099, 41.28925017648, 41.22549137974, 41.29576625912
5.75, -0.008689008916769, 0, 6, 2.242932183745, -0.3416315236964, -0.3418934610927, 0.6028229235968, 1.178828141794, -1.335373446763, -1.803821948456, 85.26037349658, 85.26194706275, 85.25841471144, 85.25926684361, -0.6743481674693, 99.97868448117, 100, 100.0277252773, 225.1967507575, 241.5419265021, 225.5752843063, 223.5532800489, 224.8423897914, 222.8178810857, -29.69397412539, -29.5684336556, -29.92330204787, -29.85892712985, -29.45473230797, -129.101700053, -138.4200072492, -128.4633236358, -127.3076524321, -129.7493082486, -128.5977863581, 41.29270301937, 40.87240290342, 41.19417057826, 41.26731478782, 41.20461665244, 41.27486141103
5.775, -0.007361096513762, 0, 6, 2.248169041845, -0.3914126691683, -0.391714180054, 0.563072836837, 1.135203539142, -1.398787093543, -1.856569635204, 85.63130809705, 85.63283431988, 85.62927421577, 85.6300806139, -0.6338394028273, 99.980869472, 100, 100.029928675, 225.7998668185, 242.1443143496, 226.1786171171, 224.1567235059, 225.4456723255, 223.4212380819, -29.69961624211, -29.56922088795, -29.92938682643, -29.86172957527, -29.45753227471, -129.4455793404, -138.7652435374, -128.8070170589, -127.6511519363, -130.0929221239, -128.9412276936, 41.27088913394, 40.85048604713, 41.17202615149, 41.24514535367, 41.18392962252, 41.25385046474
5.8, -0.006042247038134, 0, 6, 2.245927795249, -0.4458690537076, -0.4462118298281, 0.5205410600304, 1.09051319077, -1.468411507984, -1.917122836186, 86.00225053579, 86.00372868181, 86.00015092045, 86.00090986713, -0.5920298998539, 99.9832154783, 100, 100.0318561348, 226.4030123457, 242.7468140395, 226.7819484579, 224.7601467717, 226.0489754073, 224.0245943161, -29.70455862134, -29.56882797784, -29.93587780845, -29.86388789384, -29.45837422012, -129.7895453666, -139.1103152063, -129.1507519783, -127.9947143154, -130.4365797709, -129.284739521, 41.24905413959, 40.82869862023, 41.15003598628, 41.22285833573, 41.16349366892, 41.23283257455
5.825, -0.004648143527848, 0, 6, 2.237066972918, -0.5043105827027, -0.5046952346748, 0.4743649503331, 1.044620545498, -1.542131832124, -1.984433266636, 86.37319828854, 86.37462830801, 86.37104340787, 86.37175406043, -0.55371115641, 99.98565596849, 100, 100.0335342846, 227.0061901652, 243.3494458673, 227.3852806295, 225.3635526693, 226.6523009795, 224.627954387, -29.70871251001, -29.56738111933, -29.94248421635, -29.86521894218, -29.45732695314, -130.133583251, -139.4551886774, -129.4945158502, -128.3383330247, -130.7802727605, -129.6283158857, 41.22730092196, 40.80712633831, 41.12822488535, 41.20056305742, 41.14332675709, 41.21190870913
5.85, -0.003153346758265, 0, 6, 2.223365367827, -0.5663976194044, -0.5668243507704, 0.4231086758061, 0.9967668384314, -1.617906368522, -2.057398501578, 86.74414848187, 86.74553071372, 86.74194957378, 86.74261188333, -0.5308726970442, 99.98809268457, 100, 100.0349892561, 227.6093958096, 243.952225851, 227.9886141588, 225.9669429309, 227.2556479702, 225.2313216955, -29.71201232773, -29.56521659979, -29.94878920817, -29.8656687474, -29.45461629868, -130.4776765405, -139.7998366884, -129.8382950578, -128.6820003224, -131.1239928309, -129.9719496858, 41.20571599361, 40.78582010466, 41.10657027306, 41.17835404773, 41.12340289034, 41.19117210178
5.875, -0.001611600873794, 0, 6, 2.207290525719, -0.6320081472177, -0.6324774495273, 0.3657466557138, 0.9458892828677, -1.694536965058, -2.134846632299, 87.11509849417, 87.11643309694, 87.11286698974, 87.11348132115, -0.5154497163244, 99.99043230328, 100, 100.0362407627, 228.2126190307, 244.5551629581, 228.5919492276, 226.5703189711, 227.8590148182, 225.8346986204, -29.71443155452, -29.56288441428, -29.95437482379, -29.8655318778, -29.45056367748, -130.8218073937, -140.1442429256, -130.1820771685, -129.0257070719, -131.4677311673, -130.3156322487, 41.18436169399, 40.76479283896, 41.08503991281, 41.15630953092, 41.10368760749, 41.17070100755
5.9, -1.760532951714e-05, 0, 6, 2.191407323142, -0.7010431531077, -0.7015562533206, 0.3020201840403, 0.8904135236488, -1.771444976017, -2.215014923633, 87.486046017, 87.4873324981, 87.4837936648, 87.48435960362, -0.497930421669, 99.99260141031, 100, 100.0373400822, 228.8158481288, 245.1582577403, 229.1952860409, 227.173681922, 228.4624010397, 226.4380861072, -29.7159902546, -29.56018324569, -29.95872166388, -29.86447887074, -29.44570635962, -131.1659579679, -140.4884046533, -130.5258514852, -129.3694424912, -131.8114788408, -130.6593531933, 41.16327448369, 40.74402961553, 41.06360469206, 41.13447228137, 41.08414734821, 41.1505355004
5.925, 0.001620288621532, 0, 6, 2.177501197059, -0.7732963512173, -0.7738551755951, 0.232214498119, 0.8288699691976, -1.848379031585, -2.295913221084, 87.8569895907, 87.85822599965, 87.85472815386, 87.85524352686, -0.4688022557924, 99.99451522355, 100, 100.0383099663, 229.4190760953, 245.7615059905, 229.7986260668, 227.7770326479, 229.0658076292, 227.0414839506, -29.71673368267, -29.55682220941, -29.96122200109, -29.86217872332, -29.44074178454, -131.5101124448, -140.8323263402, -130.8696088027, -129.7131945138, -132.1552267361, -131.0031010392, 41.14246002706, 40.72350032694, 41.0422397949, 41.1128302638, 41.0647496052, 41.13065704578
5.95, 0.003300946639954, 0, 6, 2.166165276754, -0.8484407778012, -0.8490475420096, 0.1569562512015, 0.7607228999814, -1.925237045901, -2.376206283315, 88.22792852093, 88.2291114852, 88.22566968497, 88.22613047783, -0.4186520010631, 99.99610542226, 100, 100.0391425397, 230.0223033429, 246.3649037484, 230.4019721856, 228.3803729665, 229.6692373786, 227.6448927022, -29.7167032379, -29.55245357817, -29.96149659912, -29.85831431508, -29.43615674994, -131.8542578823, -141.1760108744, -131.2133405509, -130.0569512911, -132.4989653937, -131.3468643444, 41.12189348786, 40.7031682696, 41.02092452311, 41.09133765444, 41.04546433342, 41.11100996193
5.975, 0.005053042829473, 0, 6, 2.157083937718, -0.9260985184289, -0.9267552840926, 0.07706570729112, 0.6864284194422, -2.002051127972, -2.455512697866, 88.59886251578, 88.59998792196, 88.59661808564, 88.59701906812, -0.3382494484266, 99.99734239515, 100, 100.0398237695, 230.6255360532, 246.9684515459, 231.0053283014, 228.9837059309, 230.272694874, 228.2483147695, -29.71591312056, -29.54666820875, -29.95949287731, -29.85255887282, -29.43206138685, -132.1983832623, -141.5194525366, -131.557037905, -130.4007020406, -132.8426846707, -131.6906323639, 41.10152875884, 40.6829936949, 40.9996413546, 41.06993943692, 41.02626514786, 41.09152924695
6, 0.006933964855448, 0, 6, 2.149571137952, -1.005911145078, -1.006619559587, -0.00649816899568, 0.6070619439655, -2.079040375202, -2.534202623072, 88.9697912887, 88.97085506298, 88.96757366651, 88.96790915798, -0.2214948407192, 99.99823516438, 100, 100.0403436562, 231.2287830961, 247.5721574699, 231.608698983, 229.5870353683, 230.8761865584, 228.8517545084, -29.71433459006, -29.53898384634, -29.95539721043, -29.84455205023, -29.42822749348, -132.5424776953, -141.8626321815, -131.9006909886, -130.7444369748, -133.1863732529, -132.0343951797, 41.08131122064, 40.66293577241, 40.97837781553, 41.0485882691, 41.00713191871, 41.07215981823
6.025, 0.008995681687292, 0, 6, 2.142997138051, -1.087540392019, -1.088301627021, -0.0927201894232, 0.5239357601982, -2.15654286822, -2.612993783435, 89.34071427605, 89.3417129396, 89.33853707903, 89.33880158342, -0.08384882914767, 99.99882531588, 100, 100.0407074646, 231.8320539316, 248.1760393784, 232.2120893632, 230.1903653515, 231.4797206408, 229.4552178965, -29.71188546628, -29.52894907347, -29.94949656179, -29.83397812618, -29.42420529844, -132.8865286161, -142.2055138702, -132.2442880152, -131.0881467357, -133.5300182503, -132.3781435593, 41.06118907338, 40.64295535607, 40.95712655147, 41.02725364592, 40.98805000229, 41.05286505019
6.05, 0.01118116270548, 0, 6, 2.136989129184, -1.170678222574, -1.171493075459, -0.1807475175397, 0.4382827676784, -2.234968599146, -2.69259200526, 89.71163080399, 89.71256144347, 89.70950882589, 89.70969773702, 0.07237066582969, 99.99916882676, 100, 100.0409334354, 232.4353575724, 248.7801241925, 232.8155054627, 230.7936998603, 232.0833061858, 230.0587118535, -29.70843605275, -29.51693290523, -29.94205696828, -29.82132465369, -29.41948015828, -133.230521234, -142.5480464333, -132.587815283, -131.4318218059, -133.8736051261, -132.7218686386, 41.04112011044, 40.62301773056, 40.9358824938, 41.00592190234, 40.96900736086, 41.03362447284
6.075, 0.01350376617503, 0, 6, 2.131453305638, -1.255047343591, -1.255916417134, -0.2698028037449, 0.3511012437115, -2.314571583871, -2.773507304774, 90.08253970825, 90.08340018008, 90.08048971916, 90.08059912398, 0.248938923379, 99.99931812588, 100, 100.0410391551, 233.0387021733, 249.3844432294, 233.4189532929, 231.3970427759, 232.6869531402, 230.6622436368, -29.70383562422, -29.50280716966, -29.93325557684, -29.80655454046, -29.4135863015, -133.5744391215, -142.8901717065, -132.9312573919, -131.775452084, -134.217118745, -133.0655614377, 41.02107391204, 40.6030943612, 40.91464204073, 40.98459083223, 40.94999336262, 41.01442884491
6.1, 0.01600289260661, 0, 6, 2.126507977107, -1.340369340168, -1.341293212388, -0.3592115775251, 0.2631212764436, -2.395434761691, -2.855963022085, 90.45343954402, 90.45422842093, 90.45148066611, 90.45150714903, 0.4475749324313, 99.99932069603, 100, 100.0410419031, 233.6420954865, 249.989030507, 234.0224391466, 232.0003979649, 233.2906719806, 231.2658206958, -29.69792186432, -29.48629281662, -29.92315842057, -29.78945273025, -29.40614685937, -133.9182643409, -143.2318274003, -133.274597521, -132.1190265986, -134.5605433491, -133.409212541, 41.00103145785, 40.58316384439, 40.89340338898, 40.96326578447, 40.93099874237, 40.99527570529
6.125, 0.01871373349909, 0, 6, 2.122381073496, -1.426339686073, -1.427319024105, -0.4484149746431, 0.17481375103, -2.477468193729, -2.939886799872, 90.82432869111, 90.82504508019, 90.82248263639, 90.82242309227, 0.6699369187064, 99.99921534855, 100, 100.040958502, 234.245545663, 250.5939228809, 234.6259698742, 232.6037693115, 233.8944737967, 231.869450764, -29.69052035633, -29.4671095084, -29.91170766532, -29.76977626118, -29.39687544469, -134.2619774343, -143.5729467442, -133.6178173421, -132.4625333123, -134.903862358, -133.7528119186, 40.98098322989, 40.56321206315, 40.87216639478, 40.94195500088, 40.91201529821, 40.97616522694
6.15, 0.02166651205923, 0, 6, 2.11929287253, -1.512624875762, -1.513660462772, -0.5369764425819, 0.08645032949357, -2.560405956976, -3.024964055612, 91.19520540791, 91.19584875423, 91.19349671348, 91.19334813916, 0.9176114388726, 99.99902937735, 100, 100.0408038855, 234.8490620504, 251.1991604607, 235.2295530497, 233.2071608035, 234.4983704735, 232.4731419729, -29.68144232112, -29.44497524487, -29.89873215861, -29.74725593399, -29.38556474381, -134.6055575479, -143.9134575707, -133.9608968756, -132.8059590326, -135.2470582004, -134.0963488007, 40.96092619181, 40.54323151876, 40.85093160498, 40.92066527723, 40.89303510317, 40.95709588444
6.175, 0.02488772775637, 0, 6, 2.117379434952, -1.598869231548, -1.599961916922, -0.6246006446516, -0.001802473788817, -2.643819233757, -3.110741277162, 91.56606787731, 91.56663783237, 91.56452412968, 91.56428347472, 1.1920210012, 99.99878216489, 100, 100.0405949209, 235.4526556774, 251.8047869132, 235.8331970448, 233.8105767304, 235.102374796, 233.0769030651, -29.67048296227, -29.41961090674, -29.88398265346, -29.72159940067, -29.37205259783, -134.9489825065, -144.2532815967, -134.3038143612, -133.1492893859, -135.5901121616, -134.4398115721, 40.94086040861, 40.52321948753, 40.82969768935, 40.8993999419, 40.87404878101, 40.93806251641
6.2, 0.02840369364872, 0, 6, 2.11669079233, -1.68471641357, -1.685867051641, -0.7111278727944, -0.08981093105334, -2.727154467496, -3.19673517485, 91.93691424225, 91.93741061235, 91.93556626408, 91.93523037971, 1.490341271304, 99.99848418108, 100, 100.0403479255, 236.0563391979, 252.4108494136, 236.4369110511, 234.4140218914, 235.7065004693, 233.6807436068, -29.65742180559, -29.39076100941, -29.86717108009, -29.69251604085, -29.35618501501, -135.2922287627, -144.5923343307, -134.6465461965, -133.4925087641, -135.933004212, -134.7831876318, 40.92078603248, 40.50317504647, 40.80845925939, 40.87815874307, 40.85504352469, 40.91905659531
6.225, 0.03221430203374, 0, 6, 2.117237819756, -1.769817146589, -1.771026568649, -0.7964644213373, -0.1774236072517, -2.809833890644, -3.282486124718, 92.30774269668, 92.30816537725, 92.30662453153, 92.30619026666, 1.809744842019, 99.99814173547, 100, 100.0400786819, 236.6601265204, 253.0173979169, 237.0407052393, 235.017501805, 236.3107620703, 234.2846741172, -29.64202699482, -29.35835485475, -29.84800216347, -29.65989033605, -29.33779390722, -135.6352712144, -144.9305261849, -134.9890670785, -133.8356001987, -136.2757127633, -135.1264631726, 40.90070123169, 40.48309606285, 40.78720794501, 40.8569388856, 40.836003055, 40.90006723976
6.25, 0.03632126864718, 0, 6, 2.119025841086, -1.853828065436, -1.855097078294, -0.8804889500887, -0.2644749889297, -2.891311037074, -3.367555361433, 92.67855148249, 92.67890045996, 92.67770044124, 92.67716462941, 2.149065482547, 99.99776247093, 100, 100.0398059446, 237.2640324816, 253.6244834695, 237.644590695, 235.6210229135, 236.915175178, 234.8887060655, -29.62406489682, -29.32229973737, -29.82618807754, -29.62359153672, -29.31670103893, -135.9780832266, -145.2677653414, -135.3313501885, -134.1785452328, -136.6182146722, -135.4696229279, 40.8806013094, 40.46297763867, 40.76593395526, 40.83573531456, 40.81690958401, 40.88108139142
6.275, 0.04073484933097, 0, 6, 2.12205465165, -1.936421712461, -1.937751100208, -0.9630293711224, -0.3508017871399, -2.971096256511, -3.451527891303, 93.04933893725, 93.04961428296, 93.0487955957, 93.04815499162, 2.507139960751, 99.99735369347, 100, 100.0395491582, 237.868072754, 254.2321569194, 238.2485794414, 236.2245926982, 237.5197563557, 235.4928518639, -29.60330740695, -29.28242076864, -29.80144816595, -29.58341764517, -29.29272729554, -136.3206367952, -145.603959961, -135.6733673422, -134.5213238169, -136.9604852751, -135.8126499783, 40.86047836891, 40.44281177832, 40.74462662881, 40.81453959147, 40.79774461903, 40.86208341
6.3, 0.04546065105135, 0, 6, 2.126299766774, -2.017286039222, -2.018676536623, -1.043874189531, -0.4362041129051, -3.048771016643, -3.53402302141, 93.42010356236, 93.42030540115, 93.41991161243, 93.41916287586, 2.882815573911, 99.99692170336, 100, 100.0393253183, 238.4722639515, 254.8404685089, 238.8526845599, 236.8282198115, 238.1245230735, 236.0971248684, -29.57953416897, -29.23857433758, -29.77352162428, -29.53920898009, -29.26569729341, -136.6629025898, -145.9390188036, -136.0150890284, -134.8639142485, -137.3024983096, -136.1555256328, 40.84032117249, 40.42258762502, 40.72327471247, 40.79334017466, 40.77848922663, 40.84305440576
6.325, 0.05049777424014, 0, 6, 2.131721631961, -2.09610326575, -2.097555521047, -1.122792794095, -0.5204008986357, -3.123864781568, -3.614707384496, 93.79084394536, 93.79097254188, 93.79105017912, 93.79018982599, 3.274956660169, 99.99646536405, 100, 100.0391476689, 239.0766236109, 255.4494675075, 239.4569200002, 237.431914217, 238.7294935079, 236.7015394751, -29.55253451706, -29.19042583347, -29.74218321932, -29.49062442926, -29.23542552494, -137.0048497984, -146.2728517573, -136.3564842695, -135.2062931012, -137.6442260916, -136.4982293162, 40.8201154406, 40.40229157122, 40.70186519855, 40.7721242665, 40.75912036505, 40.82397379342
6.35, 0.05590669122864, 0, 6, 2.138359530553, -2.172479770872, -2.173994386627, -1.199372681765, -0.6029806673122, -3.195875255232, -3.693227761383, 94.16155878947, 94.1616145692, 94.16221283909, 94.1612374079, 3.682450137659, 99.99599623038, 100, 100.039030126, 239.6811698005, 256.059201894, 240.0613007031, 238.0356872202, 239.3346863618, 237.3061111594, -29.52210903845, -29.13775133757, -29.70724194507, -29.43739493115, -29.20170945951, -137.3464454032, -146.6053702881, -136.6975205931, -135.5484350562, -137.98563929, -136.8407384496, 40.79984365479, 40.3819051593, 40.68038295491, 40.75088007256, 40.73960939223, 40.80482055508
6.375, 0.06172494388708, 0, 6, 2.146171959775, -2.24605443417, -2.247631866707, -1.272888038632, -0.6835306118483, -3.264968496212, -3.769316370896, 94.53224702316, 94.53223042588, 94.53340121771, 94.53230722377, 4.104188566663, 99.99553158472, 100, 100.0389619399, 240.2859220038, 256.6697204396, 240.6658435965, 238.6395513338, 239.9401236882, 237.9108565509, -29.48805826281, -29.08041506295, -29.66852664471, -29.37949753358, -29.16433244359, -137.6876549677, -146.9364838956, -137.0381640726, -135.8903130022, -138.326705324, -137.1830285962, 40.77948881781, 40.36141207163, 40.6588320745, 40.72959595324, 40.71995980498, 40.78557441614
6.4, 0.06792122705848, 0, 6, 2.154833856033, -2.316572148417, -2.318212327112, -1.342731959764, -0.7617351503737, -3.33132010394, -3.842762629784, 94.90290768235, 94.90281910917, 94.90461666305, 94.90340097905, 4.53910758983, 99.99508137999, 100, 100.0389347904, 240.8909025381, 257.2810755112, 241.2705673201, 239.2435201578, 240.5458289512, 238.5157935454, -29.45016697954, -29.01829566081, -29.6258591787, -29.31691181635, -29.12307874671, -138.0284432249, -147.2660950155, -137.3783785595, -136.2318980968, -138.6673896284, -137.5250736019, 40.75903866366, 40.34080643236, 40.6372262151, 40.70825860361, 40.7001812441, 40.76621555864
6.425, 0.07484048211607, 0, 6, 2.163728861134, -2.383771910056, -2.385473693147, -1.40817059078, -0.8372600839588, -3.39522905205, -3.913280769384, 95.27353979979, 95.27337961138, 95.27585827979, 95.27452026983, 4.98609873638, 99.99459870904, 100, 100.0388418214, 241.4961367896, 257.893323088, 241.8754920104, 239.8476081912, 241.151827794, 239.1209406217, -29.40820295193, -28.95131450463, -29.57904061194, -29.24963816718, -29.07780462523, -138.3687734552, -147.5940985534, -137.7181255252, -136.5731596714, -139.0076550044, -137.8668455872, 40.73848472591, 40.32009200396, 40.61558548548, 40.68685166765, 40.68029959103, 40.74671621775
6.45, 0.08311103408773, 0, 6, 2.170880865855, -2.448622569508, -2.45038228808, -1.4679699934, -0.9105132049146, -3.463720920694, -3.982387006742, 95.64414237197, 95.64391085268, 95.64712851971, 95.6456666251, 5.443849579733, 99.99402048246, 100, 100.0382412021, 242.1016559259, 258.5065282479, 242.4806428918, 240.4518305418, 241.7581693623, 239.7263177297, -29.36188526743, -28.87892101793, -29.52803218224, -29.17799749621, -29.02822135928, -138.7086157236, -147.920370794, -138.057364504, -136.9140656485, -139.347448527, -138.2083143313, 40.71784173654, 40.29932337479, 40.59403785646, 40.66535749368, 40.66065090556, 40.72707095915
6.475, 0.09213786643548, 0, 6, 2.171544458807, -2.514975773102, -2.516784343239, -1.525905250185, -0.9843512205244, -3.54320396174, -4.054181987042, 96.01471394946, 96.01441185249, 96.01844291633, 96.01684250978, 5.910140708333, 99.99345088592, 100, 100.0372118699, 242.707506407, 259.1208003871, 243.0860488648, 241.0562018279, 242.3649038848, 240.3319492489, -29.31069056454, -28.8007353855, -29.47273250109, -29.10239576997, -28.97394103201, -139.0479545925, -148.2447080612, -138.3960468002, -137.2545841138, -139.6867146425, -138.5494497207, 40.69718182744, 40.27866896595, 40.57272964777, 40.6437420055, 40.64157141233, 40.7073097522
6.5, 0.1006830625631, 0, 6, 2.161966574067, -2.585467421069, -2.587310375996, -1.588302707386, -1.060196906675, -3.629746031881, -4.131200399973, 96.38525126935, 96.38488187666, 96.38979908288, 96.38805186578, 6.382353244809, 99.99282403883, 100, 100.0360087444, 243.313737413, 259.7362680996, 243.6917342559, 241.6607395545, 242.9720483447, 240.9378628712, -29.25400024906, -28.71651577692, -29.41297837963, -29.02131113446, -28.91460901234, -139.3867583068, -148.5668708964, -138.7341133465, -137.5946784206, -140.0254145777, -138.8902188122, 40.67658055639, 40.25828047445, 40.55164099881, 40.62200753907, 40.62290799449, 40.68745991843
6.525, 0.1102360332041, 0, 6, 2.143483128312, -2.659060052711, -2.66092324912, -1.658434744878, -1.135163490813, -3.711769547519, -4.218766001613, 96.75575039576, 96.7553209383, 96.76119082305, 96.75929977472, 6.859527872342, 99.99203503774, 100, 100.0346851264, 243.9203712342, 260.3529765224, 244.2977145927, 242.26547163, 243.5795905339, 241.544093802, -29.19168278876, -28.62686488935, -29.34927522393, -28.93371718807, -28.84865113408, -139.7249655315, -148.8867638804, -139.0715087511, -137.9343006855, -140.3635224085, -139.2305740285, 40.65606919085, 40.23816217242, 40.53059782148, 40.60027075604, 40.6042021536, 40.66766958965
6.55, 0.1201429538263, 0, 6, 2.124701044768, -2.734873221794, -2.736756163431, -1.735669811247, -1.208088543728, -3.786236497992, -4.31790094365, 97.12620902631, 97.12573012552, 97.1326101605, 97.13058944123, 7.343867220035, 99.99138559011, 100, 100.0335453262, 244.527375927, 260.9708151192, 244.9040018278, 242.8704396715, 244.1875278395, 242.1506867121, -29.12453204381, -28.53211187706, -29.28258721032, -28.83986981252, -28.77420444099, -140.0625040912, -149.2045708371, -139.4081923725, -138.2733868137, -140.7009983703, -139.5704427138, 40.63567446154, 40.21816785726, 40.50943825002, 40.57877050006, 40.58523596835, 40.6483132734
6.575, 0.128581366919, 0, 6, 2.116087718407, -2.812865503519, -2.814786547911, -1.817590096629, -1.282485651381, -3.853681306787, -4.42115627042, 97.49662750032, 97.49610765244, 97.50404960304, 97.50191236065, 7.838334654491, 99.99093139583, 100, 100.0329189385, 245.1347059182, 261.5896313836, 245.5106125743, 243.4756796369, 244.7958633111, 242.7576663821, -29.05358915796, -28.4328668664, -29.21233221922, -28.74026976063, -28.69306118144, -140.3993036656, -149.5205555976, -139.7441286407, -138.6118685131, -141.0377987541, -139.9097501212, 40.61542416287, 40.19811520611, 40.48807178999, 40.55763532539, 40.56584938254, 40.62952413029
6.6, 0.1341642767256, 0, 6, 2.124024858404, -2.889693096358, -2.891681539753, -1.898526603169, -1.360760756056, -3.911336085943, -4.513315729275, 97.86700718922, 97.86644823089, 97.87550574287, 97.8732541113, 8.344199179218, 99.99048393813, 100, 100.0329665857, 245.7423525869, 262.2093559249, 246.1175698694, 244.0812112364, 245.4046075487, 243.3650325197, -28.97937028565, -28.32994871694, -29.13645551768, -28.63528968668, -28.60949561223, -140.7352880232, -149.8348333193, -140.0792769464, -138.949688487, -141.373881951, -140.2484445642, 40.59527779912, 40.17783452048, 40.46647159834, 40.53679191451, 40.54583575821, 40.61101763161
6.625, 0.139618717083, 0, 6, 2.148092263641, -2.957994010224, -2.960075953086, -1.968705476917, -1.439323254809, -3.954648813158, -4.584856061862, 98.23734937688, 98.23674555369, 98.24698222725, 98.24460756198, 8.860103813109, 99.98982145051, 100, 100.0333039839, 246.3503601376, 262.8300466497, 246.7249019052, 244.6870412699, 246.013794234, 243.972783925, -28.90159192387, -28.22339381143, -29.05308310688, -28.52580258139, -28.5254274519, -141.0703806119, -150.147286843, -140.4135916313, -139.2868097799, -141.7092005121, -140.5865021331, 40.57509854408, 40.15719493792, 40.4446914518, 40.51603828522, 40.52513380691, 40.59237191753
6.65, 0.1457893734047, 0, 6, 2.181458574138, -3.012499302657, -3.014686101897, -2.020169791935, -1.512806107863, -3.990149238239, -4.633351265677, 98.60765448295, 98.60699411693, 98.61849036317, 98.61597608331, 9.382293480156, 99.98897851313, 100, 100.033505378, 246.9588085879, 263.4518764091, 247.3326436889, 245.2931723356, 246.6235025168, 244.5809312477, -28.81926915013, -28.11170566167, -28.96155548846, -28.41233921926, -28.44029362214, -141.4045285714, -150.4575864214, -140.7470202449, -139.6232118347, -142.0436837316, -140.923914179, 40.55474744261, 40.13619273257, 40.42293060755, 40.49516595439, 40.50418837976, 40.5732573024
6.675, 0.1519629218287, 0, 6, 2.21274082508, -3.052416101532, -3.054695977117, -2.052620896106, -1.576924024677, -4.022531255465, -4.661725813343, 98.97792138874, 98.97718804591, 98.99004399395, 98.98736942026, 9.905051559472, 99.98796412904, 100, 100.0334258101, 247.567801184, 264.0751117373, 247.9408305718, 245.8996066042, 247.2338031898, 245.1894934118, -28.73086950138, -27.99331500798, -28.86206457193, -28.2941144024, -28.35262192333, -141.7377059396, -150.7652275614, -141.0795023825, -139.9588838067, -142.3772732148, -141.2606801633, 40.53414804774, 40.11497943188, 40.40136160164, 40.47399243016, 40.4833389532, 40.55342549426
6.7, 0.1593009337145, 0, 6, 2.231778035354, -3.077383568063, -3.079721874277, -2.069989013717, -1.62778913317, -4.045996390479, -4.676675651512, 99.34814719887, 99.34733991907, 99.36165182218, 99.35879973996, 10.42311006055, 99.98658579927, 100, 100.0329895095, 248.1774318837, 264.6999936329, 248.549487132, 246.5063537789, 247.8447248766, 245.7984951947, -28.63500785317, -27.86779243373, -28.75552211626, -28.16990186323, -28.26030510063, -142.0698853924, -151.0697424519, -141.4109791777, -140.2938102985, -142.7099356368, -141.5967925057, 40.51325746468, 40.09371563681, 40.37998298124, 40.45243879149, 40.46248432596, 40.53274025256
6.725, 0.1707917859601, 0, 6, 2.235563665327, -3.087029625838, -3.08938324505, -2.074428076124, -1.659142874534, -4.05530811958, -4.691297038147, 99.71832968626, 99.71746296558, 99.73331325086, 99.73028362854, 10.93522927239, 99.98512512825, 100, 100.032148921, 248.7877405307, 265.326565783, 249.1586298207, 247.1134498172, 248.4562769048, 246.4079851005, -28.53150032461, -27.73620100436, -28.64446840117, -28.04025746369, -28.15914072106, -142.4010287016, -151.3710172315, -141.7414064052, -140.6279500646, -143.0416355389, -141.9322046243, 40.49206203171, 40.07244765306, 40.35869726984, 40.43064425373, 40.44150809318, 40.51145905361
6.75, 0.1848707966585, 0, 6, 2.229124068396, -3.085921650947, -3.0882608803, -2.069703970288, -1.671539293561, -4.055598284628, -4.712927210149, 100.088469624, 100.0875587399, 100.1050198954, 100.1018279219, 11.44456516656, 99.98395647994, 100, 100.0311286478, 249.398700936, 265.9546636491, 249.7682770923, 247.7209519144, 249.0684682271, 247.0180191265, -28.42147355582, -27.5995120824, -28.53145455244, -27.9060425946, -28.04674185596, -142.7311022637, -151.6693248272, -142.0707494513, -140.9612303743, -143.3723212303, -142.26682658, 40.47064884227, 40.05116326628, 40.33744253703, 40.40887676071, 40.4204907123, 40.49008506326
6.775, 0.1980242263257, 0, 6, 2.220575415522, -3.080685527692, -3.08300289204, -2.060704161074, -1.672363806558, -4.053547890736, -4.737620649283, 100.4585689772, 100.4576282766, 100.4767600973, 100.4734215722, 11.95539198013, 99.98304648457, 100, 100.0300559814, 250.0102675421, 266.5840734547, 250.3784522718, 248.3289132152, 249.6813057591, 247.6286336878, -28.30638786291, -27.45853333829, -28.41689150858, -27.76777620802, -27.92517844645, -143.060067034, -151.9650361703, -142.398968019, -141.293565694, -143.7019343286, -142.6005569324, 40.44916547984, 40.02984957336, 40.3161845386, 40.38731678704, 40.39949228621, 40.4689206857
6.8, 0.2101343924917, 0, 6, 2.214832100235, -3.075077159615, -3.077378339667, -2.050230727853, -1.670031779692, -4.05252662779, -4.761642497747, 100.8286287258, 100.8276681913, 100.8485270083, 100.845048517, 12.46953527858, 99.98229888927, 100, 100.0289922122, 250.6224300844, 267.2147000348, 250.9891852959, 248.937366543, 250.2948093923, 248.2398465473, -28.18697824886, -27.31319288355, -28.29909860573, -27.62522436594, -27.79808633381, -143.3878680595, -152.2583061774, -142.7260064951, -141.6248805418, -144.0304120092, -142.9333149529, 40.42772410154, 40.00852145782, 40.29494724294, 40.36595471005, 40.37853782397, 40.4479426016
6.825, 0.2211433655975, 0, 6, 2.212724695706, -3.070406295084, -3.072699599956, -2.039484899877, -1.66884454992, -4.0532657584, -4.782702154363, 101.1986484287, 101.197674412, 101.2203194071, 101.2167013816, 12.98643062, 99.98152561004, 100, 100.0278085563, 251.2352132608, 267.8465618386, 251.6005082734, 249.546336212, 250.9090100974, 248.8516797747, -28.0632771504, -27.16300436464, -28.17665506183, -27.47787668265, -27.66722165173, -143.71444385, -152.5490772841, -143.0517996742, -141.9551112789, -144.3576897418, -143.2650376589, 40.40638231257, 39.9872203134, 40.27377768129, 40.34473548775, 40.35764927961, 40.42708859097
6.85, 0.2313410773732, 0, 6, 2.212837188674, -3.066877531716, -3.069168428946, -2.029250916189, -1.670445543066, -4.055628876784, -4.800408183265, 101.5686262887, 101.5676435169, 101.5921391161, 101.5883784589, 13.50426079856, 99.98059014679, 100, 100.0264119972, 251.8486580232, 268.4797350112, 252.2124509751, 250.1558422895, 251.5239434272, 249.4641581468, -27.93494104625, -27.0072796864, -28.04866557051, -27.32459915329, -27.53300336427, -144.0397328134, -152.8371793512, -143.3762795942, -142.2842026686, -144.683704103, -143.5956732067, 40.38516230312, 39.96599680951, 40.25270676646, 40.32360264812, 40.33685068136, 40.40629697534
6.875, 0.2408773120621, 0, 6, 2.213086938431, -3.06415524912, -3.066444625981, -2.020368705561, -1.674715182668, -4.058395302994, -4.815583478467, 101.9385597795, 101.9375729705, 101.9639880872, 101.9600812796, 14.0208776622, 99.97938565109, 100, 100.0247585222, 252.46280831, 269.1143089819, 252.8250398169, 250.7659038156, 252.1396413703, 250.0773083281, -27.80152052537, -26.84561786736, -27.91473909169, -27.16482007504, -27.39505212335, -144.3636746308, -153.1224112619, -143.6993799902, -142.6121039664, -145.0083956379, -143.9251744219, 40.36406472034, 39.944893262, 40.2317405521, 40.30251821921, 40.31613383798, 40.38552751819
6.9, 0.2505417476324, 0, 6, 2.212158036452, -3.061487407612, -3.063772866434, -2.012825509548, -1.680374434337, -4.05904041812, -4.82909000365, 102.3084466862, 102.307461397, 102.3358665297, 102.3318121349, 14.53465324556, 99.97790006442, 100, 100.0228586963, 253.077700488, 269.7503464698, 253.4382982834, 251.3765420944, 252.7561289726, 250.6911573657, -27.66270876723, -26.67867072203, -27.77490655315, -26.99954614857, -27.2527592517, -144.6862091707, -153.4046169494, -144.0210397631, -142.9387644645, -145.3317084515, -144.2534926612, 40.34307628065, 39.92392252696, 40.21085839296, 40.28147413685, 40.29545870087, 40.36476431272
6.925, 0.2605056820084, 0, 6, 2.20965835566, -3.05817598847, -3.060453810837, -2.006412756313, -1.68600104696, -4.057305384718, -4.841634260967, 102.6782850044, 102.6773081488, 102.707774872, 102.7035728006, 15.04459050508, 99.97614842672, 100, 100.0206968068, 253.6933625952, 270.3878809946, 254.0522485964, 251.9877809493, 253.3734339012, 251.3057326413, -27.51836855422, -26.50514066811, -27.62939664138, -26.8283406293, -27.10555341816, -145.007276289, -153.6836922507, -144.3412003772, -143.2641309721, -145.6535840289, -144.5805751071, 40.32218328962, 39.90307853451, 40.19005971434, 40.26048437384, 40.27483675966, 40.34401632445
6.95, 0.2705125626945, 0, 6, 2.205719832804, -3.053918716341, -3.056185255237, -2.000087124605, -1.690713905342, -4.05358774201, -4.852825508485, 103.0480728005, 103.0471127499, 103.0797122468, 103.075363994, 15.54998314147, 99.97413429389, 100, 100.018270485, 254.3098176367, 271.0269284107, 254.6669144754, 252.599645208, 253.9915819143, 251.9210610912, -27.36846831926, -26.32601066535, -27.47838728011, -26.65172383998, -26.95311870559, -145.3268165673, -153.9595643534, -144.6598048652, -143.5881478654, -145.9739626724, -144.9063654428, 40.30138093448, 39.88235372123, 40.16935382966, 40.2395667068, 40.25428746793, 40.32330380929
6.975, 0.2806429806699, 0, 6, 2.200414790191, -3.048558928474, -3.050810604865, -1.993284683686, -1.694565179535, -4.048339468349, -4.862398623272, 103.4178082484, 103.4168741195, 103.4516779748, 103.4471850887, 16.04988713396, 99.97184976011, 100, 100.0155790557, 254.9270889028, 271.6675091588, 255.2823191945, 253.2121571616, 254.6105991161, 252.537166389, -27.21294012978, -26.14170266114, -27.32174487658, -26.46994606109, -26.79549196674, -145.6447702082, -154.2321489776, -144.9767947192, -143.910759732, -146.2927840036, -145.2308084483, 40.28066755269, 39.86174492232, 40.14875256056, 40.21871757269, 40.23382893632, 40.30261526623
7, 0.2911658126548, 0, 6, 2.193542426315, -3.042073920729, -3.044306776623, -1.985722526841, -1.69759086468, -4.041967141716, -4.871286809226, 103.7874898959, 103.7865911303, 103.8236716817, 103.8190363757, 16.54327934659, 99.96929279577, 100, 100.0125875419, 255.5452010104, 272.3096461807, 255.8984857953, 253.8253392856, 255.2305116903, 253.1540742313, -27.05169738442, -25.95216853021, -27.15941587799, -26.2830316029, -26.63243152874, -145.9610778491, -154.5013541413, -145.292110377, -144.2319107596, -146.6099869868, -145.5538478636, 40.26004200014, 39.84125502014, 40.12827037071, 40.19793447112, 40.21348158788, 40.28195759393
7.025, 0.3020981412895, 0, 6, 2.185006494323, -3.03474909459, -3.036959251345, -1.977460137523, -1.699799730996, -4.035071234745, -4.88025364223, 104.157116491, 104.1562631565, 104.1956924206, 104.1909180459, 17.02935655063, 99.966467121, 100, 100.0092757211, 256.1641769176, 272.9533511621, 256.5154373709, 254.4392163076, 255.8513445544, 253.7718114966, -26.8847237905, -25.75742046868, -26.99150077484, -26.09103759481, -26.46370863129, -146.2756805124, -154.7671070007, -145.6056919096, -144.5515423257, -146.9255094773, -145.8754235129, 40.23950955517, 39.82089133013, 40.10791974842, 40.17722721843, 40.1932690071, 40.26135523687
7.05, 0.3131325771981, 0, 6, 2.174879728785, -3.027050920887, -3.029235061215, -1.968792419898, -1.70136175552, -4.028333823199, -4.889798735032, 104.5266869612, 104.5258898068, 104.5677387172, 104.5628294058, 17.50748066803, 99.96337465177, 100, 100.0056279773, 256.7840381236, 273.5986272861, 257.1331971514, 255.0538142608, 256.4731216729, 254.3904050992, -26.71205566674, -25.55751202126, -26.81812809463, -25.89403567704, -26.28936916885, -146.5885183855, -155.0293490791, -145.9174784174, -144.8695931181, -147.2392880033, -146.1954720116, 40.21908262123, 39.80066496491, 40.08771308058, 40.15661266759, 40.17321562453, 40.24083877349
7.075, 0.3242454357454, 0, 6, 2.163335209615, -3.019533776191, -3.021689400506, -1.960303433308, -1.702692434178, -4.022445323075, -4.900422277693, 104.8961999225, 104.8954703629, 104.9398092592, 104.9347679486, 17.97688248126, 99.96001892318, 100, 100.0016444048, 257.4048055856, 274.2454828192, 257.7517876958, 255.669157911, 257.0958672163, 255.0098814167, -26.53369279669, -25.3523597136, -26.63932742856, -25.6919416189, -26.10922534713, -146.8995301561, -155.2880095808, -146.2274070615, -145.186001396, -147.5512580167, -146.5139300261, 40.19877897174, 39.78059042236, 40.06766084946, 40.1361094847, 40.15334403213, 40.22043959262
7.1, 0.3353273220367, 0, 6, 2.150623650153, -3.012740589714, -3.014866139476, -1.952734161516, -1.704291149839, -4.017795120919, -4.912418237023, 105.2656538603, 105.2650038752, 105.3119025785, 105.3067313271, 18.43685339053, 99.95638242016, 100, 99.99731997212, 258.0264993044, 274.8939220208, 258.3712306684, 256.2852718045, 257.719603594, 255.6302658102, -26.34965640897, -25.14196379934, -26.45509629897, -25.48470514584, -25.92329305324, -147.2086539948, -155.5430231189, -146.5354148416, -145.5007046019, -147.8613553094, -146.8307333162, 40.17861819014, 39.76068244609, 40.04776411086, 40.11573544678, 40.13366672393, 40.20018505445
7.125, 0.3462552597385, 0, 6, 2.137097856849, -3.007154609091, -3.009249592501, -1.94675423106, -1.706795557017, -4.01456499528, -4.925980138414, 105.6350474662, 105.6344897105, 105.6840167826, 105.6787181454, 18.88690208565, 99.95245261414, 100, 99.99265647881, 258.6491376974, 275.5439412777, 258.9915469032, 256.9021804319, 258.3443512255, 256.2515826275, -26.16001009889, -24.92643674317, -26.26553499493, -25.27237525145, -25.73167261859, -147.5158281105, -155.7943376049, -146.8414395763, -145.8136395327, -148.1695162791, -147.1458165943, 40.15861817148, 39.74095201872, 40.02801865867, 40.09550651193, 40.11418881264, 40.18009980204
7.15, 0.3570759822184, 0, 6, 2.123179183026, -3.003216451046, -3.005281506033, -1.942901279931, -1.710588267871, -4.012983249898, -4.941207371626, 106.0043794749, 106.0039273684, 106.0561500056, 106.0507270216, 19.3266885233, 99.94822400915, 100, 99.98766116812, 259.2727379131, 276.1955358193, 259.6127563469, 257.5199071984, 258.9701299229, 256.8738552493, -25.96481640438, -24.70586724259, -26.07052531015, -25.05499531865, -25.53446308444, -147.8209907226, -156.0419011424, -147.1454194351, -146.124743388, -148.4756774184, -147.4591150356, 40.13879400129, 39.72140591961, 40.00842015351, 40.07543620415, 40.09491509218, 40.16020627797
7.175, 0.3676668271487, 0, 6, 2.109241419113, -3.001347970731, -3.003384716712, -1.941605524677, -1.716234240371, -4.01362043668, -4.958012629284, 106.3736486164, 106.3733160847, 106.4283008198, 106.4227564917, 19.75587617194, 99.94368592744, 100, 99.98234065902, 259.8973165546, 276.8487003583, 260.2348780695, 258.1384742424, 259.5969594637, 257.4971057874, -25.76413269523, -24.48003007324, -25.87000203575, -24.83197307184, -25.33179946599, -148.1240805091, -156.2856607691, -147.4472928995, -146.4339539866, -148.7797754603, -147.7705644617, 40.11915727247, 39.70204838114, 39.98896542425, 40.05553009386, 40.07585216047, 40.140519373
7.2, 0.3781337747189, 0, 6, 2.095455783338, -3.001986457981, -3.003997080927, -1.943210411768, -1.724464733092, -4.017098916525, -4.976540190391, 106.7428534372, 106.7426549725, 106.8004675951, 106.794805217, 20.17400261876, 99.93881736172, 100, 99.97668728451, 260.5228905976, 277.5034341783, 260.8579301319, 258.7579016556, 260.2248597466, 258.1213549834, -25.55797474138, -24.24850127985, -25.66384185188, -24.60237583025, -25.1237987922, -148.4250371053, -156.5255516388, -147.746998594, -146.741210785, -149.0817474641, -148.0801026269, 40.09971477163, 39.68288290063, 39.96965271008, 40.03578311269, 40.05700862385, 40.12104398663
7.225, 0.3885325028204, 0, 6, 2.081760974698, -3.005569181268, -3.007555967534, -1.948388895519, -1.735986458925, -4.023373430532, -4.997223671684, 107.1119925971, 107.1119429297, 107.172647585, 107.1668724063, 20.58037879044, 99.93359769067, 100, 99.9706863914, 261.1494780383, 278.1597451934, 261.4819303017, 259.3782076386, 260.8538496995, 258.7466230478, -25.34629029351, -24.01168994068, -25.45191091395, -24.36761057322, -24.91047371951, -148.7238000574, -156.7614876757, -148.0444744765, -147.046454583, -149.3815292854, -148.387669115, 40.08046870314, 39.6639130633, 39.95048105786, 40.01618529055, 40.03839453709, 40.10178001268
7.25, 0.3991221395008, 0, 6, 2.067937861224, -3.012502493912, -3.014467499341, -1.957437935306, -1.751278985545, -4.032810042604, -5.020662139796, 107.4810647685, 107.4811789768, 107.5448397763, 107.5389575309, 20.97432932675, 99.9280141372, 100, 99.96431705303, 261.7770970028, 278.8176393029, 262.1068954905, 259.9994102288, 261.4839484347, 259.3729298498, -25.12903093484, -23.76935594195, -25.23416124458, -24.12761951411, -24.69178133345, -149.0203094033, -156.9933834573, -148.3396586282, -147.3496262421, -149.6790570911, -148.6932032733, 40.06141872358, 39.64514306957, 39.93145408348, 39.99672738719, 40.02002298582, 40.0827273621
7.275, 0.4102190794826, 0, 6, 2.053615190297, -3.023093168783, -3.025037859774, -1.969806534511, -1.770547585136, -4.046074198591, -5.047456500347, 107.8500689469, 107.850362227, 107.9170430789, 107.911060221, 21.35512687589, 99.92205244642, 100, 99.95753602333, 262.4057667346, 279.477123113, 262.7328438904, 260.6215275653, 262.1151759108, 260.0002955746, -24.90613508692, -23.52219248238, -25.01059299164, -23.88285667074, -24.46761900395, -149.3145034171, -157.2211483629, -148.6324876848, -147.6506653237, -149.974264214, -148.996643085, 40.0425659498, 39.62658160753, 39.91259326808, 39.97740394154, 40.00192324305, 40.06388851206
7.3, 0.4217832222042, 0, 6, 2.038190567317, -3.037538423982, -3.039463166642, -1.985392157608, -1.793802553072, -4.063979082914, -5.078145158347, 108.2190037079, 108.2194915171, 108.2892570043, 108.2831804545, 21.72171999329, 99.91570062324, 100, 99.95030107663, 263.0355092111, 280.138210396, 263.3597941142, 261.2445777582, 262.7475543361, 260.6287413341, -24.67748979699, -23.27007675414, -24.78118674096, -23.63331788335, -24.23782261075, -149.6063164803, -157.4446721791, -148.9228939586, -147.9495090688, -150.2670799113, -149.2979245409, 40.02391745792, 39.60824793798, 39.89393327292, 39.95821363896, 39.98413868963, 40.04526893348
7.325, 0.433820436444, 0, 6, 2.020871396959, -3.056050013636, -3.057953721177, -2.004321659897, -1.821156463174, -4.087202888878, -5.113396018862, 108.587867438, 108.5885655304, 108.6614810741, 108.655318282, 22.07284756491, 99.90894127688, 100, 99.94257055479, 263.6663481781, 280.800916537, 263.987764986, 261.8685793134, 263.3811060601, 261.2582888665, -24.4429666966, -23.01289623617, -24.54591269032, -23.37897276828, -24.002217321, -149.8956803348, -157.6638362359, -149.2108066649, -148.2460921628, -150.5574307244, -149.5969809396, 40.00548757695, 39.59017241201, 39.87551032969, 39.93915837938, 39.96671682251, 40.0268787246
7.35, 0.4513601870807, 0, 6, 2.00077250903, -3.07887842061, -3.080758395749, -2.023754310781, -1.85271723696, -4.112673040689, -5.154302047898, 108.9566586745, 108.9575827383, 109.0337131325, 109.0274736328, 22.40716446407, 99.90154908513, 100, 99.93397768087, 264.298308532, 281.4652581739, 264.6167777653, 262.4935514205, 264.0158561843, 261.888961087, -24.20241856548, -22.75228477414, -24.30478351356, -23.12207636954, -23.76055089285, -150.1825222202, -157.8785127525, -149.4961502404, -148.5403450538, -150.8452339814, -149.893741194, 39.98729924604, 39.57239587969, 39.8573854959, 39.92025144841, 39.94975063239, 40.00874037291
7.375, 0.4765924362883, 0, 6, 1.974555725737, -3.106954793486, -3.108802528914, -2.039407549673, -1.889094206112, -4.154018207185, -5.20272306964, 109.3253711167, 109.3265345633, 109.405960288, 109.3996507319, 22.71862202323, 99.89310429597, 100, 99.92341842869, 264.9314485564, 282.1314405294, 265.2468707898, 263.1194978782, 264.6519173765, 262.5207934097, -23.95438610912, -22.48758498545, -24.05672241333, -22.86470040204, -23.51142221877, -150.4667256234, -158.0881370262, -149.7787887365, -148.8321867881, -151.1303049042, -150.1881342105, 39.96942713891, 39.55506048059, 39.83990592953, 39.90151312736, 39.93401141585, 39.99089133557
7.4, 0.496967771463, 0, 6, 1.933512762191, -3.144439332412, -3.146232433869, -2.060490695916, -1.93495882748, -4.246202069248, -5.262552708377, 109.6939859363, 109.695402102, 109.7782511921, 109.771862565, 22.99517720566, 99.88358764082, 100, 99.91094961786, 265.5658797184, 282.7999021728, 265.8780839127, 263.7464080527, 265.2894554918, 263.1538388866, -23.69583058984, -22.20966764812, -23.79930767914, -22.59708711554, -23.25250893452, -150.7481432735, -158.2915840353, -150.0585211868, -149.1215293579, -151.4123957823, -150.4800913527, 39.95204897512, 39.53852057357, 39.82343783652, 39.8829309255, 39.92048172495, 39.97339358545
7.425, 0.5148301568955, 0, 6, 1.869705636173, -3.197466171074, -3.199171159543, -2.099335301528, -1.996975882437, -4.376649889855, -5.343202093162, 110.0624887683, 110.0641738369, 110.1505880267, 110.1441158609, 23.2298612159, 99.87293603031, 100, 99.89712652598, 266.2016855744, 283.470856291, 266.5104414741, 264.3742952157, 265.9284754137, 263.788140281, -23.42517576869, -21.91982847255, -23.53167379897, -22.31909891499, -22.98285158142, -151.0266770501, -158.4881917597, -150.335201445, -149.4082832694, -151.6914059229, -150.7695246311, 39.93535363646, 39.5231272453, 39.80800080089, 39.86450468756, 39.90885480845, 39.95634267641
7.45, 0.544717111084, 0, 6, 1.781224126239, -3.271536230571, -3.273119523291, -2.166291425315, -2.080509529828, -4.514183733288, -5.480551514731, 110.4308786612, 110.4328514188, 110.5229416437, 110.5164066461, 23.42594228752, 99.86085923904, 100, 99.88139973842, 266.8388818804, 284.1440931179, 267.1439619585, 265.0032302992, 266.5688714981, 264.4237505404, -23.14382315624, -21.62214099528, -23.25692959974, -22.03378878026, -22.7010086803, -151.3022651892, -158.6782461121, -150.6087514478, -149.6923172222, -151.9673388942, -151.0562679999, 39.91950207548, 39.50908276318, 39.7934483522, 39.84643479342, 39.89832387348, 39.94014533909
7.475, 0.5723497592474, 0, 6, 1.677292407872, -3.373070868519, -3.374518391037, -2.268645382893, -2.174677733218, -4.667527092128, -5.665578940569, 110.7991715774, 110.8014535535, 110.8952689545, 110.8887130395, 23.6002638055, 99.84771294222, 100, 99.86412888829, 267.4773911151, 284.8188749749, 267.7786792935, 265.6333694212, 267.2105726765, 265.0607527436, -22.85723007642, -21.31962751022, -22.98281634927, -21.74240450923, -22.40669175808, -151.5748509783, -158.863298108, -150.8791356883, -149.9733952962, -152.2401073152, -151.3400009011, 39.90470672232, 39.49641766777, 39.77962157235, 39.82923521591, 39.8889958045, 39.92575901376
7.5, 0.5857815918453, 0, 6, 1.571989044141, -3.510647749703, -3.51197115094, -2.413160778571, -2.283342716282, -4.846630055653, -5.879012017911, 111.167391978, 111.1700023948, 111.2675265449, 111.2609893857, 23.77120208589, 99.83366207479, 100, 99.84642012918, 268.1170979674, 285.4944422351, 268.4146270877, 266.2648405694, 267.8534994377, 265.6991697934, -22.57114913926, -21.01787957483, -22.71311509617, -21.44880906176, -22.10595674305, -151.8443936138, -159.0450445093, -151.1463352907, -150.2512926859, -152.5096425381, -151.6204247245, 39.89118670085, 39.48507243239, 39.76636835582, 39.8131842795, 39.88085915287, 39.91369951283
7.525, 0.5869633822221, 0, 6, 1.477549172392, -3.688510503449, -3.689739019525, -2.601919560515, -2.425503726573, -5.047483971448, -6.103473600711, 111.5355558542, 111.5385054703, 111.6396903635, 111.6331841025, 23.94872924458, 99.81881208937, 100, 99.82902362879, 268.7579077112, 286.1703924885, 269.051812239, 266.8976728193, 268.4975823249, 266.3389205309, -22.28865386428, -20.71910414987, -22.44531313687, -21.1544281829, -21.81024929547, -152.1108543122, -159.224410131, -151.4103351084, -150.5258895811, -152.7759405676, -151.8974148482, 39.87903910632, 39.47490104434, 39.75355483551, 39.79814908455, 39.87355870531, 39.90352814112
7.55, 0.5782835011213, 0, 6, 1.401688506598, -3.901276438207, -3.90244597799, -2.828361534014, -2.607083327893, -5.263712847187, -6.326705654296, 111.9036684764, 111.9069654228, 112.0117569643, 112.005274888, 24.13576656287, 99.80356287077, 100, 99.81207998251, 269.3997669031, 286.8466109266, 269.6902179638, 267.5318402882, 269.1427887367, 266.9799281588, -22.01057861887, -20.42392357058, -22.17656157744, -20.85963245064, -21.52498436867, -152.374181274, -159.4016655948, -151.6711307456, -150.7971519636, -153.0390106635, -152.1709633672, 39.86818782186, 39.46567144798, 39.7410809917, 39.78398108921, 39.86676882914, 39.8947778367
7.575, 0.5606399799963, 0, 6, 1.347712952413, -4.136423492236, -4.137570061828, -3.079441904023, -2.817701820428, -5.479778316141, -6.539640079348, 112.2717294652, 112.2753866148, 112.3837307742, 112.3772749913, 24.33145307709, 99.78843087027, 100, 99.79601560589, 270.04265365, 287.5231327828, 270.329810417, 268.1672957997, 269.7890850475, 267.6221609372, -21.73649166618, -20.13226297841, -21.90592029126, -20.5647747334, -21.24836453216, -152.6343283433, -159.5767283833, -151.9287399393, -151.0651093192, -153.2989061173, -152.4411212072, 39.85842054268, 39.45710074015, 39.72886230782, 39.77064003611, 39.86001473404, 39.8872369569
7.6, 0.5372563999415, 0, 6, 1.31607957114, -4.378340763671, -4.379498316766, -3.33946922559, -3.044195574928, -5.682593414255, -6.73471916417, 112.6397338619, 112.6437726465, 112.7556256612, 112.7492065373, 24.531795545, 99.77387345949, 100, 99.78125950193, 270.6865618313, 288.2001106245, 270.9705394532, 268.8039641312, 270.4364551031, 268.2655684321, -21.46490206959, -19.84243915619, -21.63194806435, -20.26848597077, -20.97863130487, -152.8912701653, -159.7492206604, -152.1832024034, -151.3298538519, -153.5556949821, -152.7080221346, 39.84943170668, 39.44886768346, 39.71678379637, 39.75802098571, 39.85288202899, 39.88043041283
7.625, 0.5131855659474, 0, 6, 1.30498491576, -4.611251297786, -4.612450211322, -3.593112462834, -3.274597373282, -5.859687382087, -6.908741658983, 113.007675273, 113.0121395282, 113.1274596815, 113.1211094239, 24.73173367427, 99.76064233299, 100, 99.76840331147, 271.3314930824, 288.8777321435, 271.6123487461, 269.4417585467, 271.0848846893, 268.9101008156, -21.193928245, -19.55295194825, -21.35274543376, -19.9696795039, -20.7134712477, -153.1450118891, -159.9186615672, -152.4345811134, -151.5915179196, -153.8094635183, -152.9718409205, 39.84085807929, 39.44063741581, 39.70470320533, 39.74591335681, 39.84497938513, 39.8738174323
7.65, 0.4910097508794, 0, 6, 1.312312002144, -4.821202737052, -4.822470611906, -3.826755191794, -3.495196083952, -6.000673698501, -7.058345706359, 113.375552436, 113.3805234719, 113.4992487982, 113.493040085, 24.92879286787, 99.74977076708, 100, 99.75840300068, 271.9774434994, 289.5560883314, 272.2551891112, 270.0806172322, 271.7343469805, 269.555725741, -20.92243577307, -19.26303963392, -21.0678866754, -19.6676836125, -20.45001990129, -153.395592734, -160.0848121823, -152.682966145, -151.8502325827, -154.0603174937, -153.2327335246, 39.83231894151, 39.4320634451, 39.69243984096, 39.73412029489, 39.83590215898, 39.86697706454
7.675, 0.4711393045142, 0, 6, 1.337561142584, -4.996945062917, -4.998310459279, -4.028575954464, -3.691106304404, -6.097685431835, -7.178152590792, 113.7433736622, 113.7489669845, 113.8710030563, 113.8650417185, 25.12498911311, 99.74198643145, 100, 99.7520509476, 272.6243916694, 290.2351092463, 272.8990248865, 270.7205164255, 272.3847997214, 270.2024170755, -20.65063620939, -18.9733710323, -20.7787953797, -19.36347541588, -20.18650247684, -153.6430821353, -160.2478631223, -152.9284725762, -152.1061023265, -154.3083723479, -153.4908152607, 39.82344930022, 39.42278284049, 39.67978045107, 39.72250340404, 39.82525649106, 39.8595768035
7.7, 0.4623274522776, 0, 6, 1.382290466357, -5.129585465376, -5.131082645275, -4.182061198774, -3.850229033531, -6.138583244556, -7.260635265145, 114.1111551675, 114.1175103473, 114.242725423, 114.2371347474, 25.32564906205, 99.73727305155, 100, 99.74936865181, 273.2722987341, 290.9146112395, 273.543835041, 271.3614560457, 273.0361936463, 270.8501485134, -20.37974734267, -18.68779093199, -20.48749790503, -19.06177959319, -19.92243137812, -153.8875640874, -160.4083289254, -153.1712224691, -152.3592045669, -154.5537347576, -153.7461668408, 39.81391495365, 39.41242287915, 39.66653765669, 39.71094280779, 39.81271298452, 39.85134226961
7.725, 0.4761163564994, 0, 6, 1.445157153377, -5.211632725158, -5.213295542222, -4.262468024206, -3.962962904445, -6.129628807207, -7.297868869339, 114.4789100809, 114.4861711448, 114.6144311479, 114.6093296932, 25.52641917045, 99.73468398916, 100, 99.74863223313, 273.9211806365, 291.5947528158, 274.1896405851, 272.003405533, 273.6886233874, 271.4989161468, -20.10825848023, -18.40877470261, -20.19303700531, -18.77149458123, -19.65578779474, -154.129021022, -160.5658069291, -153.4111828475, -152.6095947706, -154.7962923697, -153.9988709499, 39.80347358346, 39.40076222736, 39.65311919012, 39.69930127389, 39.79905928744, 39.84198257068
7.75, 0.4924925227467, 0, 6, 1.510833774334, -5.242802362628, -5.244630726216, -4.274427666199, -4.03030697981, -6.112783390095, -7.289501288786, 114.8466230771, 114.8549318153, 114.9861900143, 114.9816589845, 25.69974529511, 99.73359917597, 100, 99.7487641332, 274.5712115459, 292.2764769491, 274.8364814161, 272.6462692977, 274.3423383906, 272.1487706207, -19.82830759273, -18.12018772882, -19.88929282121, -18.47980510297, -19.38084635027, -154.3672768863, -160.7176818428, -153.6480845908, -152.8573286496, -155.0357644373, -154.2490449479, 39.79212067267, 39.38810407831, 39.64025692009, 39.68732231281, 39.78562232473, 39.83117631314
7.775, 0.5080415161673, 0, 6, 1.556377524604, -5.229864194273, -5.231799670136, -4.234667579331, -4.062487469934, -6.093593079977, -7.244342861627, 115.2142614479, 115.2237647279, 115.3580715261, 115.3541674063, 25.81322167517, 99.73337564561, 100, 99.74917780074, 275.2226182103, 292.9608360678, 275.484373196, 273.2899499284, 274.9975187195, 272.7997745474, -19.53082588226, -17.81426834152, -19.56980822058, -18.1778878499, -19.0920491659, -154.602157134, -160.8608572841, -153.8816671902, -153.1024649525, -155.2719608165, -154.4968001396, 39.77998202179, 39.37503999427, 39.62819827832, 39.67467411637, 39.77281697604, 39.8186186364
7.8, 0.5455300506843, 0, 6, 1.563364680743, -5.179828264891, -5.181762376528, -4.159506012362, -4.076494860966, -6.068518355608, -7.228638950205, 115.581799795, 115.5926135885, 115.7301141396, 115.7268733114, 25.84778603, 99.73363255384, 100, 99.7491977858, 275.8755664513, 293.648367378, 276.1333243193, 273.9344371601, 275.6542504101, 273.4520116079, -19.21077784173, -17.4892025816, -19.2343577365, -17.86150137464, -18.78240376005, -154.8335375855, -160.993489521, -154.1117628135, -153.344972148, -155.5047457255, -154.7421115794, 39.76719673795, 39.36208422322, 39.61693632109, 39.66135896117, 39.76074627123, 39.80445169164
7.825, 0.5940105428964, 0, 6, 1.532416722923, -5.100883460815, -5.102713260287, -4.06222959173, -4.052565666245, -6.03430758685, -7.250351249508, 115.9492511869, 115.9613919313, 116.1022837895, 116.0997150521, 25.81988658639, 99.7348606832, 100, 99.74938127543, 276.5300505418, 294.3383994862, 276.7833894769, 274.5799325116, 276.3124521284, 274.1056054844, -18.87379828783, -17.15303391808, -18.89493393512, -17.53608384813, -18.44775023425, -155.0613567302, -161.1171203496, -154.3383300306, -153.5845356615, -155.7340320515, -154.9845718656, 39.75405765934, 39.34952237832, 39.60630332969, 39.64809273109, 39.74933828084, 39.78990322948
7.85, 0.6333589773573, 0, 6, 1.480704868465, -5.00545365493, -5.007129884299, -3.955815611651, -3.979591373969, -5.986195647737, -7.281313826227, 116.3166676208, 116.3301094809, 116.474491137, 116.4726097295, 25.76953005957, 99.73709735095, 100, 99.74991898187, 277.1859242517, 295.02953782, 277.4346578524, 275.2267148707, 276.9719318477, 274.7606282992, -18.53236139141, -16.81756514023, -18.56314281704, -17.21149734823, -18.0947129548, -155.2856065257, -161.2355601512, -154.5613977469, -153.8207075415, -155.9597881539, -155.2235903505, 39.74099932668, 39.33745117772, 39.59610707464, 39.63553142528, 39.73828751439, 39.77625973059
7.875, 0.6508701941155, 0, 6, 1.425670612966, -4.906024210634, -4.907547100808, -3.851631436734, -3.868139741691, -5.931046165684, -7.299332624239, 116.6841021907, 116.698836918, 116.8466613496, 116.845516334, 25.72996911369, 99.74021836693, 100, 99.7512671, 277.843039665, 295.7206944463, 278.08719904, 275.8749712783, 277.6325513612, 275.417099967, -18.19665288011, -16.48912785037, -18.24380672846, -16.89287015398, -17.7334020924, -155.5062871316, -161.3519876141, -154.7809787633, -154.0531468594, -156.1819672419, -155.4587101653, 39.72839321678, 39.32589831988, 39.58622880461, 39.62393136043, 39.72753888179, 39.7642466392
7.9, 0.6560931168433, 0, 6, 1.37856671919, -4.818840588068, -4.820239060132, -3.763151277446, -3.751786264499, -5.884819424366, -7.302123853504, 117.051582615, 117.0676328282, 117.2187697128, 117.2183935286, 25.71394640497, 99.74423896845, 100, 99.75419208936, 278.5012943546, 296.4114933062, 278.7410307639, 276.5247360236, 278.2942693166, 276.0748774596, -17.87055567686, -16.16784577781, -17.93454519628, -16.57921381179, -17.3842152595, -155.723427766, -161.467627342, -154.9970554795, -154.2817296582, -156.400522917, -155.6898514655, 39.71648665978, 39.31489329061, 39.57655724076, 39.61315023703, 39.71720569669, 39.75294945359
7.925, 0.6562160478225, 0, 6, 1.343344567389, -4.757018829423, -4.758329621666, -3.701615523939, -3.662057287583, -5.856290431222, -7.296572470026, 117.4191181425, 117.4365192964, 117.5908191874, 117.5912018573, 25.72260625866, 99.74909498428, 100, 99.75800865595, 279.1606381039, 297.1019389475, 279.3961443736, 277.1759717424, 278.957072539, 276.7338676496, -17.55444368066, -15.85343222338, -17.63101984528, -16.26962095336, -17.05489295369, -155.9370654062, -161.5825936785, -155.209606031, -154.5064475285, -156.6154426932, -155.9170303036, 39.70538060801, 39.3044639348, 39.5670119832, 39.60285787266, 39.70729508461, 39.74198428923
7.95, 0.6462289169021, 0, 6, 1.319998786306, -4.726941224166, -4.728198803363, -3.672495408101, -3.609645624942, -5.848588541887, -7.283514933592, 117.7867125595, 117.805496525, 117.9628171577, 117.9639555915, 25.75403843167, 99.75458408793, 100, 99.76257087449, 279.8210475687, 297.7921273229, 280.0525193938, 277.8286369298, 279.6209480402, 277.3940933286, -17.24770667609, -15.54508568512, -17.33191375979, -15.96325147459, -16.73971189637, -156.1472279816, -161.6967057329, -155.4186202766, -154.7273167699, -156.8267345944, -156.1402218574, 39.69505843106, 39.2945964798, 39.55755341146, 39.59289991938, 39.69775854207, 39.73186021275
7.975, 0.6281865225102, 0, 6, 1.307256052928, -4.728169964789, -4.729403697677, -3.674786718406, -3.594559204984, -5.860378493055, -7.265847313492, 118.1543620861, 118.174557177, 118.3347798689, 118.3366820629, 25.80170301772, 99.76048082406, 100, 99.76789974822, 280.4825138912, 298.4822838426, 280.7101151949, 278.4826610833, 280.2858984858, 278.0555213767, -16.94822206225, -15.24168293681, -17.03580980923, -15.65915056085, -16.43674906813, -156.3539285812, -161.8093328965, -155.6240986298, -154.9444137412, -157.0344229396, -156.3595287787, 39.68542305313, 39.28521887735, 39.54813671181, 39.58320300939, 39.68850863707, 39.72244221061
8, 0.6082399166944, 0, 6, 1.301497622979, -4.751197275735, -4.752426144173, -3.699281987871, -3.608265606052, -5.880245863073, -7.246587166458, 118.5220552132, 118.5436865924, 118.7067305594, 118.7094123411, 25.85517807652, 99.76652942971, 100, 99.77367611146, 281.1450526656, 299.172730183, 281.3688787418, 279.1379483108, 280.9519335741, 278.7181127949, -16.65262574433, -14.9417619231, -16.74027510801, -15.35676251519, -16.14318731887, -156.5571501983, -161.9194640796, -155.826046493, -155.1578662838, -157.2385512765, -156.5751274449, 39.67629814373, 39.27622261989, 39.53878332746, 39.57367826171, 39.67936375206, 39.71336075477
8.025, 0.5911936666762, 0, 6, 1.298109780054, -4.782191569791, -4.78342205946, -3.733203034625, -3.636769191237, -5.896874350211, -7.226388189086, 118.8897768157, 118.9128660437, 119.0786942976, 119.0821749498, 25.90357120743, 99.77255319279, 100, 99.77957084456, 281.808688126, 299.8637756351, 282.0287541073, 279.7944028804, 281.6190692207, 279.381839777, -16.35742967695, -14.64272502244, -16.44298433037, -15.05457474711, -15.85514706922, -156.7568609615, -162.0260453244, -156.0244740949, -155.367811197, -157.4391552147, -156.7872004818, 39.66748021374, 39.26748991426, 39.52954965486, 39.56425325658, 39.67020875452, 39.70424493557
8.05, 0.579858666297, 0, 6, 1.293062350222, -4.808819336211, -4.810047103708, -3.765056653948, -3.666455668957, -5.903349606331, -7.207415742809, 119.2575130157, 119.2820791162, 119.4506908184, 119.4549897082, 25.93872863053, 99.77844825186, 100, 99.78537202544, 282.4734346833, 300.5556263404, 282.6896909491, 280.4519492444, 282.2873144006, 280.0466924818, -16.06003934401, -14.34266621671, -16.14253920071, -14.75143509958, -15.56811117029, -156.9530381952, -162.1282947219, -156.219400483, -155.574359388, -157.6362593185, -156.9958813295, 39.65879004245, 39.25891617036, 39.52046628518, 39.5548811004, 39.66101903758, 39.69490848896
8.075, 0.5751696512629, 0, 6, 1.28411369297, -4.823901341233, -4.825115985938, -3.78753039271, -3.688822065066, -5.897105368436, -7.19058074517, 119.6252554177, 119.6513152366, 119.8227295646, 119.827862522, 25.95738679711, 99.78417426757, 100, 99.79100662312, 283.1392855041, 301.2483410797, 283.3516510853, 281.1105423342, 282.956659669, 280.7126650742, -15.75933706929, -14.04094192863, -15.83880082878, -14.44710279995, -15.27864334929, -157.1456825842, -162.2258878, -156.4108530544, -155.777575086, -157.8298842136, -157.2012352411, 39.65010249706, 39.25041750116, 39.51152948768, 39.54554056214, 39.65180564296, 39.68532866602
8.1, 0.5761162155156, 0, 6, 1.27117329422, -4.825611170277, -4.826801876534, -3.797725382034, -3.699757969585, -5.879658369921, -7.17582125397, 119.9930023981, 120.0205684761, 120.1948096708, 120.2007869816, 25.96080949301, 99.78973723615, 100, 99.79647085943, 283.8062129846, 301.9418496804, 284.0146103466, 281.7701663818, 283.6270792814, 281.3797486366, -15.45562042135, -13.73796093495, -15.53279781966, -14.14214880975, -14.98502312517, -157.3348123439, -162.3189386116, -156.5988593864, -155.9774708481, -158.0200425144, -157.4032619805, 39.64135506599, 39.2419321692, 39.50272009126, 39.53624832424, 39.64260329243, 39.67559892773
8.125, 0.5804995807437, 0, 6, 1.25577853302, -4.815905391279, -4.817065077642, -3.796077011415, -3.698828022559, -5.855035061144, -7.162241827091, 120.3607574138, 120.3898375122, 120.5669236036, 120.5737507873, 25.95295154341, 99.79515526775, 100, 99.80178245279, 284.4741774333, 302.6360132781, 284.6785555323, 282.4308233358, 284.2985393442, 282.0479286908, -15.15004900977, -13.43453157842, -15.22599771168, -13.83742293884, -14.68716476844, -157.5204496181, -162.4078241759, -156.7834374322, -156.1740199147, -158.2067351754, -157.6019171456, 39.6325410716, 39.23342355228, 39.49402276953, 39.52704134742, 39.63345791322, 39.6658588673
8.15, 0.5861543316398, 0, 6, 1.240005232361, -4.79853362098, -4.799660254063, -3.784939873612, -3.688320398552, -5.827800313286, -7.148809787606, 120.7285258203, 120.7591243176, 120.9390621202, 120.9467418527, 25.93810540546, 99.80044023186, 100, 99.806948655, 285.1431385238, 303.3306924232, 285.3434787187, 283.0925189763, 284.9710067405, 282.7171858926, -14.84392786142, -13.13124559004, -14.91960660596, -13.5335064301, -14.38607455203, -157.7026088279, -162.4929565375, -156.9645894227, -156.3671769852, -158.3899512736, -157.7971406394, 39.62369132712, 39.22488266484, 39.48543486627, 39.5179542046, 39.6244138222, 39.65622782374
8.175, 0.5914704627246, 0, 6, 1.22548047895, -4.777393703664, -4.778489222398, -3.767464021101, -3.671788814715, -5.801795683461, -7.134904870947, 121.0963121242, 121.128431648, 121.31121805, 121.3197516657, 25.91919205014, 99.80559556383, 100, 99.8119608483, 285.813063737, 304.0257914276, 286.009372228, 283.7552534096, 285.6444548174, 283.3874988651, -14.53818185668, -12.828457338, -14.61423983933, -13.23069616587, -14.08312051371, -157.8812908242, -162.5746158998, -157.1423015302, -156.5568961503, -158.5696702662, -157.9888783027, 39.61485393769, 39.21632693632, 39.47696585722, 39.50900798739, 39.61550803651, 39.64677464324
8.2, 0.5956448707081, 0, 6, 1.212914611974, -4.755550201765, -4.756618435516, -3.746668976018, -3.652709713389, -5.779313558026, -7.12048231636, 121.464118561, 121.4977610843, 121.6833878239, 121.6927761594, 25.89727899215, 99.81061822048, 100, 99.81680475167, 286.4839308992, 304.7212674035, 286.6762254571, 284.4190179799, 286.3188640735, 284.0588470385, -14.23318806757, -12.52621568835, -14.30996016783, -12.9289300563, -13.7794321487, -158.0564838523, -162.6529001417, -157.3165491531, -156.7431407849, -158.7458671173, -158.177091226, 39.60607850129, 39.20779330655, 39.46862951295, 39.50021044333, 39.6067655101, 39.63752434531
8.225, 0.5985350918568, 0, 6, 1.202159742699, -4.734885813196, -4.735930602752, -3.724901514676, -3.633633619326, -5.761078524382, -7.105927773597, 121.8319451074, 121.8671123483, 122.0555710106, 122.0658148667, 25.87201116886, 99.81550343046, 100, 99.82146957275, 287.15572605, 305.4171162246, 287.3440241489, 285.0837966114, 286.9942199408, 284.7312116095, -13.92887346471, -12.22434707487, -14.00649361132, -12.62789607017, -13.47566802353, -158.2281680614, -162.7277604478, -157.4873036299, -156.9258858375, -158.918516906, -158.3617560122, 39.59740717642, 39.19932793338, 39.46044042227, 39.49156233508, 39.598200412, 39.62847470905
8.25, 0.6002788967335, 0, 6, 1.192541975703, -4.716170728343, -4.717194782011, -3.703679722385, -3.615815562814, -5.746678374815, -7.091643648023, 122.1997902913, 122.2364836982, 122.4277689472, 122.4388693244, 25.84207030127, 99.82025090591, 100, 99.82595671638, 287.8284394552, 306.1133509219, 288.0127511589, 285.7495690408, 287.6705096373, 285.4045752298, -13.62492796222, -11.92260650859, -13.70346267379, -12.32721029587, -13.17205843771, -158.3963205553, -162.7990734031, -157.6545378437, -157.1051154247, -159.0875978964, -158.5428601233, 39.58887201981, 39.19097687983, 39.45241200819, 39.48306422221, 39.58981974904, 39.61961257213
8.275, 0.6011000117034, 0, 6, 1.183230541368, -4.699389237106, -4.700393755267, -3.683788850412, -3.599490847899, -5.735045886162, -7.077787155128, 122.5676521736, 122.6058731846, 122.7999833233, 122.8119416097, 25.80603932187, 99.82486347831, 100, 99.83027862556, 288.5020617408, 306.809983635, 288.6823875773, 286.4163136025, 288.3477194067, 286.0789208329, -13.32100505251, -11.62081673097, -13.40052001231, -12.02657108334, -12.86859619281, -158.5609199731, -162.8667084544, -157.8182300032, -157.2808196291, -159.2530935248, -158.7203969871, 39.58049558106, 39.18277944639, 39.44455421157, 39.47471732464, 39.58162500116, 39.61092259581
8.3, 0.6013002911625, 0, 6, 1.17348729923, -4.68413502521, -4.685119843761, -3.665499115435, -3.584451255679, -5.724950023271, -7.064434673863, 122.9355290557, 122.9752794598, 123.1722153026, 123.1850333679, 25.76285530214, 99.82934713042, 100, 99.83445279019, 289.1765813984, 307.5070158614, 289.3529136606, 287.0840089624, 289.0258331033, 286.7542307867, -13.01684574005, -11.31891348498, -13.09742134215, -11.7258133487, -12.56518980729, -158.7219496419, -162.9305692133, -157.9783652451, -157.4529919515, -159.4149928742, -158.8943623984, 39.57229220978, 39.17476465952, 39.43687245027, 39.46652276939, 39.57361455236, 39.60239275175
8.325, 0.6011414853074, 0, 6, 1.162808519542, -4.669926505122, -4.670890532176, -3.648787072377, -3.570325926024, -5.715365391149, -7.051576353985, 123.3034198901, 123.3447019442, 123.5444651066, 123.5581453001, 25.71200332977, 99.83370976627, 100, 99.83849814295, 289.8519836203, 308.2044350419, 290.0243095883, 287.7526351359, 289.7048318108, 287.4304864704, -12.71233838023, -11.01695805273, -12.79407010882, -11.42492537462, -12.26176505562, -158.8793987919, -162.9906127517, -158.1349354171, -157.6216271077, -159.5732899327, -159.0647519439, 39.56427000388, 39.16695052714, 39.42936817417, 39.45848236892, 39.56578611541, 39.59401754896
8.35, 0.6007290479628, 0, 6, 1.150968373978, -4.656388831526, -4.657330572969, -3.633571161229, -3.556774583494, -5.705661373816, -7.039135522251, 123.6713244, 123.7141407819, 123.9167320045, 123.9312770719, 25.65351933888, 99.83796203769, 100, 99.84243581199, 290.5282502374, 308.9022159008, 290.6965558533, 288.4221736962, 290.3846941433, 288.1076680829, -12.40752304834, -10.71508543885, -12.49051022158, -11.12399464083, -11.95832453158, -159.0332622504, -163.0468501882, -158.2879378415, -157.7867197547, -159.72798253, -159.2315599101, 39.55643281043, 39.15934525675, 39.42203962644, 39.45059869845, 39.55813711473, 39.58579767674
8.375, 0.6001114933307, 0, 6, 1.13800902249, -4.643325209637, -4.644243265605, -3.619794823733, -3.543595229699, -5.695489838119, -7.027008382608, 124.0392430146, 124.0835967122, 124.2890144213, 124.3044274355, 25.58792053205, 99.84211626582, 100, 99.84628843995, 291.2053601031, 309.6003233859, 291.3696333171, 289.0926075639, 291.0653965363, 288.7857545424, -12.1025727179, -10.4135164544, -12.18690089523, -10.82320417858, -11.65497401918, -159.1835398652, -163.0993399435, -158.4373744041, -157.9482641981, -159.8790719769, -159.3947793641, 39.54878137364, 39.15194863859, 39.41487990246, 39.44287463946, 39.55066196628, 39.57773789713
8.4, 0.59934805691, 0, 6, 1.124199374376, -4.630699283821, -4.631592743572, -3.607368443357, -3.530734736637, -5.684740425865, -7.015097644413, 124.4071767277, 124.4530708311, 124.6613101984, 124.6775944786, 25.51618171839, 99.84618247115, 100, 99.85007296166, 291.8832897646, 310.298716872, 292.0435231778, 289.7639204219, 291.7469140523, 289.4647236324, -11.79775191867, -10.112539668, -11.88347619193, -10.52282024484, -11.35190660469, -159.3302353788, -163.1481737543, -158.5832502457, -158.1062547211, -160.026562055, -159.5544029493, 39.54131375844, 39.14475328949, 39.40787918398, 39.43531299699, 39.54335318421, 39.56984463407
8.425, 0.5984294234141, 0, 6, 1.109942559696, -4.618561203131, -4.619429848917, -3.596164103252, -3.518191039258, -5.673527197859, -7.00324630643, 124.7751268339, 124.8225642624, 125.0336170444, 125.050776005, 25.43944650658, 99.85016818751, 100, 99.85380015223, 292.5620145912, 310.9973553839, 292.7182067887, 290.4360959123, 292.4292215329, 290.1445524536, -11.49335465326, -9.812421048129, -11.58048985429, -10.22311268002, -11.04935550817, -159.473354598, -163.1934553176, -158.7255719468, -158.2606861977, -160.170457571, -159.7104239952, 39.5340260395, 39.13774716888, 39.40102853289, 39.42791617755, 39.53620378363, 39.56212365565
8.45, 0.5972953689318, 0, 6, 1.095657112794, -4.606985043277, -4.607829339145, -3.586030114322, -3.505993535162, -5.662089394267, -6.991248856779, 125.143094604, 125.1920781135, 125.4059329611, 125.4239699969, 25.3587144079, 99.85407745898, 100, 99.85747539985, 293.2415099648, 311.6962022906, 293.3936652891, 291.1091167126, 293.1122945471, 290.8252178395, -11.18963914461, -9.513355039039, -11.27814258933, -9.924300254926, -10.74755220353, -159.612903929, -163.2352780236, -158.8643461793, -158.4115552714, -160.3107634961, -159.8628380756, 39.52691284304, 39.13091648619, 39.39432093307, 39.42068369354, 39.5292079537, 39.55457679081
8.475, 0.595978382812, 0, 6, 1.081657222204, -4.596041160796, -4.596862052018, -3.576820456583, -3.494338899975, -5.650703568056, -6.979099492423, 125.5110809862, 125.5616133055, 125.7782565635, 125.7971749546, 25.27470795118, 99.85791119172, 100, 99.86109760024, 293.9217522607, 312.3952282195, 294.0698792594, 291.7829639514, 293.796109976, 291.5066968424, -10.88677890131, -9.215443116758, -10.97654430461, -9.62651858795, -10.44667526939, -159.7488896453, -163.2737081007, -158.9995790318, -158.5588614393, -160.4474846348, -160.0116442005, 39.51996726, 39.12424801881, 39.38775095603, 39.41361043863, 39.52236114071, 39.54720050199
8.5, 0.5945468531906, 0, 6, 1.068106549986, -4.585773087701, -4.58657174107, -3.568405273281, -3.483431440813, -5.639614495156, -6.966884581872, 125.8790865183, 125.9311702092, 126.1505870854, 126.170389904, 25.1878627372, 99.86166916766, 100, 99.86466245015, 294.6027191883, 313.0944104952, 294.7468287407, 292.4576175072, 294.4806459379, 292.1889671078, -10.58486115771, -8.918715932848, -10.67574738179, -9.329834289313, -10.14682010468, -159.8813175908, -163.3087834826, -159.1312759147, -158.7026067494, -160.5806256132, -160.1568443886, 39.51318111867, 39.11773030686, 39.38131431284, 39.40668897256, 39.51565966027, 39.53998795955
8.525, 0.5931164479554, 0, 6, 1.055045936089, -4.576181488324, -4.57695908996, -3.560631235244, -3.473361219682, -5.628973153777, -6.954790511017, 126.2471114053, 126.300748579, 126.5229241844, 126.5436142343, 25.09840898377, 99.86535055072, 100, 99.86816435693, 295.2843895749, 313.793730913, 295.4244934504, 293.1330565604, 295.1658814075, 292.8720069407, -10.28391190723, -8.623180428855, -10.37578077439, -9.034289308697, -9.84800549547, -160.0101930998, -163.3405217536, -159.2594417135, -158.842794886, -160.7101909435, -160.298442555, 39.5065458258, 39.11135392748, 39.37500774471, 39.39991198197, 39.50910039041, 39.53293160308
8.55, 0.591778214631, 0, 6, 1.042434913494, -4.567216294155, -4.567973921382, -3.553296641368, -3.464071723035, -5.618892554134, -6.942994268877, 126.6151556469, 126.6703477019, 126.8952677757, 126.9168475204, 25.0064496921, 99.86895252156, 100, 99.87159501654, 295.9667430899, 314.4931738256, 296.1028530559, 293.8092600267, 295.8517960261, 293.5557952315, -9.983920164324, -8.328825005497, -10.07666303441, -8.739911385674, -9.55019626201, -160.1355207053, -163.3689278111, -159.3840805837, -158.9794301401, -160.8361845677, -160.4364433492, 39.50005352004, 39.1051118065, 39.36883089733, 39.39327361931, 39.50268257596, 39.52602474928
8.575, 0.5905317232161, 0, 6, 1.03017077179, -4.558789798224, -4.559528330201, -3.546232135456, -3.455408208819, -5.60947490555, -6.931605146255, 126.9832191096, 127.0399666198, 127.2676179359, 127.2900894209, 24.91197873821, 99.87247279041, 100, 99.87494786764, 296.6497601155, 315.1927249757, 296.7818872944, 294.4862068122, 296.538369907, 294.240311334, -9.684853656311, -8.0355982441, -9.778401873808, -8.446688284312, -9.253329160964, -160.25730396, -163.3939986734, -159.5051958267, -159.1125167174, -160.9586097405, -160.5708513792, 39.49369821793, 39.0989999868, 39.36278616831, 39.38676962431, 39.49640773575, 39.51926217929
8.6, 0.5893586088594, 0, 6, 1.018112695561, -4.550816575199, -4.55153665022, -3.53933181096, -3.447220281359, -5.600766599603, -6.920704075106, 127.3513015947, 127.4096043733, 127.6399747484, 127.663339593, 24.8149052088, 99.87591066301, 100, 99.87821963429, 297.3334214791, 315.8923702874, 297.4615760274, 295.1638760159, 297.2255832572, 294.9255348349, -9.386676789554, -7.743455294659, -9.480998792741, -8.154600769474, -8.957340970354, -160.3755459501, -163.4157295866, -159.6227903888, -159.2420585039, -161.0774695521, -160.7016708718, 39.48747618479, 39.09301753255, 39.35687629162, 39.3803967535, 39.49027805441, 39.51264030202
8.625, 0.5882739737699, 0, 6, 1.00611385259, -4.543247554087, -4.543949579733, -3.532562126317, -3.43944005856, -5.592782889543, -6.910437390578, 127.719402927, 127.7792600316, 128.0123381832, 128.0365975838, 24.71521045759, 99.87926713621, 100, 99.88140920893, 298.0177081247, 316.5920948377, 298.1418993349, 295.8422471545, 297.913416098, 295.6114453909, -9.089368551347, -7.452376395787, -9.18446943386, -7.863639611581, -8.662182310723, -160.4902499003, -163.4341202449, -159.7368673554, -159.368058841, -161.1927673208, -160.8289053527, 39.48138578879, 39.08716575248, 39.35110355314, 39.37415331847, 39.48429592029, 39.50615803609
8.65, 0.5872369628161, 0, 6, 0.9940661203727, -4.536073199072, -4.536757423702, -3.525945421033, -3.431959293333, -5.585526262935, -6.900856732622, 128.08752306, 128.1489326706, 128.3847079757, 128.4098627178, 24.61298884338, 99.88254422247, 100, 99.88451817118, 298.7026007549, 317.2918819668, 298.8228376496, 296.5213003971, 298.6018480213, 296.2980225336, -8.792941410747, -7.162377273717, -8.888865455562, -7.573820125015, -8.367834349433, -160.6014195026, -163.4491813609, -159.847430278, -159.4905201216, -161.3045068328, -160.9525572471, 39.47542750099, 39.08144729721, 39.34546990046, 39.36804047094, 39.47846366128, 39.49981747832
8.675, 0.5861742114567, 0, 6, 0.9819191195347, -4.52931470199, -4.529981306113, -3.519539139138, -3.42468326032, -5.578993754249, -6.891922721511, 128.4556621113, 128.5186215839, 128.7570836218, 128.783134124, 24.50844946592, 99.88574456013, 100, 99.88755002785, 299.3880796991, 317.9917135227, 299.5043717276, 297.2010164071, 299.2908582136, 296.9852454864, -8.497441055673, -6.873501642285, -8.594256275518, -7.285178865555, -8.074323917099, -160.7090590665, -163.4609349867, -159.9544833215, -159.6094440825, -161.412692484, -161.07262827, 39.46960363493, 39.07586550904, 39.33997711449, 39.36206098692, 39.47278340532, 39.49362238462
8.7, 0.5850059425514, 0, 6, 0.9696644229294, -4.523018127326, -4.523667286909, -3.513438639059, -3.417591601814, -5.573188093663, -6.883558483826, 128.8238203092, 128.8883263467, 129.1294644851, 129.1564108473, 24.4018703531, 99.88887052338, 100, 99.8905085589, 300.074125024, 318.6915708075, 300.1864824908, 297.8813760348, 299.9804256533, 297.6730931808, -8.20293179943, -6.585795429601, -8.300708732425, -6.997749115246, -7.781715546046, -160.8131736539, -163.4694099828, -160.0580313604, -159.7248325267, -161.5173294217, -161.1891202292, 39.46391766469, 39.07042405565, 39.33462669476, 39.35621778018, 39.46725695003, 39.48757668951
8.725, 0.5837864375873, 0, 6, 0.9573100499988, -4.517244517506, -4.517876427801, -3.50765189828, -3.410739276861, -5.568056395108, -6.875693083469, 129.191997923, 129.2580467288, 129.501849867, 129.5296919622, 24.29354128058, 99.89192143771, 100, 99.8933927467, 300.7607167165, 319.3914355284, 300.8691509297, 298.5623600398, 300.6705293531, 298.3615443949, -7.909478733508, -6.299355176448, -8.008275876331, -6.711621282288, -7.490090910048, -160.9137690807, -163.4746363318, -160.1580799113, -159.8366879903, -161.6184233783, -161.3020357565, 39.45837344674, 39.06512666231, 39.32942063135, 39.35051316443, 39.46188692595, 39.4816835989
8.75, 0.5825268939799, 0, 6, 0.944819909315, -4.512042679106, -4.512657494133, -3.502142335671, -3.404211676136, -5.563700218732, -6.868285543025, 129.5601951334, 129.6277824563, 129.8742393217, 129.9029767638, 24.18364400539, 99.89489192091, 100, 99.89619417139, 301.4478352194, 320.0912914648, 301.5523579192, 299.2439486896, 301.3611491103, 299.0505781635, -7.617111862167, -6.014196101465, -7.716974058777, -6.426825374643, -7.199509576149, -161.0108509109, -163.4766325976, -160.2546339835, -159.9450141373, -161.7159793644, -161.4113788189, 39.45297526295, 39.05997836527, 39.32436618568, 39.34494876625, 39.45668121009, 39.47594503326
8.775, 0.5811904224162, 0, 6, 0.9320603067137, -4.507430432996, -4.508028138282, -3.496906016518, -3.39807093427, -5.560231806957, -6.861310267378, 129.9284118964, 129.9975330757, 130.2466327312, 130.2762648715, 24.07222806015, 99.897775924, 100, 99.89890453686, 302.1354618423, 320.791124797, 302.2360840815, 299.9261217223, 302.0522654752, 299.7401739956, -7.325812933173, -5.730272716851, -7.426779993609, -6.143336747141, -6.909993292728, -161.1044239931, -163.4754009309, -160.3476978711, -160.049815834, -161.8100018847, -161.5171547964, 39.4477282652, 39.05498702891, 39.31947388637, 39.33952568519, 39.45165014653, 39.47036157539
8.8, 0.5798244174141, 0, 6, 0.9188096171434, -4.503400716693, -4.503981024925, -3.491969829572, -3.392417011001, -5.557673657915, -6.854895698599, 130.2966479578, 130.3672980318, 130.6190301626, 130.6495561401, 23.95920803068, 99.90056781544, 100, 99.90151646757, 302.8235786066, 321.4909229672, 302.920309827, 300.6088586082, 302.7438593601, 300.430311779, -7.035532212169, -5.447524731451, -7.137648294539, -5.861105918925, -6.621534602835, -161.1944929572, -163.4709328588, -160.4372758223, -160.1510989989, -161.9004956893, -161.6193701932, 39.442638299, 39.05016297784, 39.31475441992, 39.33424460699, 39.4468040726, 39.46493314784
8.825, 0.5785145130828, 0, 6, 0.9048239994891, -4.499931629484, -4.500493968762, -3.487374569597, -3.387296986799, -5.555979068687, -6.849287207399, 130.6649030118, 130.737076447, 130.9914316109, 131.0228503298, 23.84452494261, 99.90326396084, 100, 99.9040247343, 303.5121676984, 322.1906727891, 303.6050156899, 301.2921392079, 303.4359114831, 301.1209716656, -6.746229494771, -5.165923048188, -6.849574781814, -5.58010458221, -6.334098933756, -161.2810627964, -163.4632230411, -160.5233726618, -160.2488694508, -161.9874662007, -161.7180312287, 39.43771200942, 39.04551777954, 39.31021794409, 39.32910938915, 39.44215285534, 39.45966327986
8.85, 0.5772394525447, 0, 6, 0.8899364884247, -4.496987765183, -4.497531392616, -3.483151245378, -3.3825450433, -5.555063114765, -6.844548365205, 131.0331767719, 131.1068673321, 131.3638367125, 131.3961468585, 23.72829537813, 99.90586277158, 100, 99.90642929043, 304.2012107639, 322.8903589225, 304.2901826753, 301.9759442404, 304.1284018828, 301.8121335944, -6.45791596744, -4.885498525589, -6.56262193894, -5.300357983359, -6.047672843314, -161.3641391974, -163.4522835575, -160.6059941631, -160.3431317387, -162.0709197199, -161.8131426688, 39.43295765546, 39.04106305535, 39.30587411012, 39.32412886052, 39.43770572401, 39.45456034375
8.875, 0.5759257161768, 0, 6, 0.8740896265654, -4.494538144061, -4.495062294692, -3.479320709376, -3.377967361861, -5.554843830301, -6.840600264675, 131.4014692275, 131.4766700076, 131.7362447274, 131.7694452183, 23.6108188683, 99.90836051851, 100, 99.90872943012, 304.8906886848, 323.5899642206, 304.9757922277, 302.660255053, 304.821309966, 302.5037770047, -6.17065535006, -4.606318771662, -6.27688274341, -5.021925351815, -5.762295564924, -161.4437287458, -163.4381446923, -160.6851471121, -160.4338894232, -162.1508634437, -161.9047081961, 39.42838524409, 39.03680996303, 39.30173220294, 39.31931441485, 39.4334716099, 39.44963560646
8.9, 0.5743133539263, 0, 6, 0.8573120820996, -4.492586947432, -4.493090948094, -3.47609930841, -3.373477831513, -5.555369563317, -6.837312884314, 131.7697806092, 131.8464842608, 132.1086547373, 132.1427447014, 23.49251719786, 99.91076701066, 100, 99.9109404599, 305.580581771, 324.2894708351, 305.6618259923, 303.3450532875, 305.5146147864, 303.1958808822, -5.884545071278, -4.32839414408, -5.992452259289, -4.744794582713, -5.478056721024, -161.519839287, -163.4208488983, -160.7608395281, -160.5211460529, -162.2273058788, -161.9927314593, 39.42400590734, 39.03276906175, 39.29779948406, 39.31467764038, 39.42945772272, 39.44490124698
8.925, 0.5722032456431, 0, 6, 0.8397531892499, -4.491217522095, -4.491700939127, -3.473942336011, -3.36915731163, -5.556486778481, -6.834572812477, 132.1381113148, 132.2163104062, 132.4810654724, 132.5160440917, 23.37402956991, 99.91310280349, 100, 99.91309386462, 306.2708694368, 324.9888596368, 306.3482658286, 304.0303211674, 306.2082943314, 303.8884234633, -5.599741609529, -4.051786400349, -5.709457662267, -4.46895106104, -5.195117661254, -161.5924820977, -163.4004606432, -160.8330830354, -160.6049060995, -162.3002598389, -162.0772169315, 39.41982983316, 39.02894756571, 39.29407058943, 39.3102290213, 39.4256594608, 39.44036948066
8.95, 0.5696445958191, 0, 6, 0.8217816436408, -4.490593119717, -4.491056000566, -3.473213564931, -3.365211552856, -5.557876477501, -6.832301413222, 132.5064621078, 132.5861492544, 132.853475067, 132.8893417933, 23.25618986567, 99.91538833893, 100, 99.91521912062, 306.9615294571, 325.6881098306, 307.0350941244, 304.7160416301, 306.9023253643, 304.5813819761, -5.316484770168, -3.776727919623, -5.428088559092, -4.194524813846, -4.913715023851, -161.6616735294, -163.3770764849, -160.9018941964, -160.6851755775, -162.3697431651, -162.1581705182, 39.41586333545, 39.02534441584, 39.29052880112, 39.30597802117, 39.42206192425, 39.43605240061
8.975, 0.5666358342194, 0, 6, 0.8039700275611, -4.490876452269, -4.491319511683, -3.474093430844, -3.361766884393, -5.559363326164, -6.830251922803, 132.8748340694, 132.9560017689, 133.2258814335, 133.2626360107, 23.14012938374, 99.91764157851, 100, 99.91733966948, 307.6525382857, 326.3872009334, 307.7222936902, 305.4021977877, 307.5966844817, 305.2747331079, -5.03505654481, -3.50347157893, -5.148564427482, -3.921699621984, -4.634114202221, -161.7274336386, -163.3508110346, -160.9672929279, -160.7619625352, -162.4357765696, -162.2356003232, 39.41210807822, 39.02194977354, 39.28715594919, 39.30193353326, 39.41864773189, 39.43196053772
9, 0.5630135004003, 0, 6, 0.7869542869718, -4.492163753007, -4.492588377213, -3.47658360533, -3.358820420502, -5.560913154485, -6.827785346665, 133.24322825, 133.3258693416, 133.5982828414, 133.6359253812, 23.02695549252, 99.91987589964, 100, 99.91947344179, 308.3438722802, 327.0861156179, 308.4098471184, 306.0887717932, 308.2913494062, 305.9684536339, -4.755694889135, -3.2321761243, -4.871011445852, -3.650607659392, -4.356583575797, -161.7897842122, -163.3217673951, -161.0293006744, -160.8352789728, -162.4983819729, -162.3095189714, 39.40856110734, 39.01874786081, 39.28393572067, 39.29809774891, 39.41539980889, 39.42809554536
9.025, 0.5588358047587, 0, 6, 0.7711929474136, -4.49449331085, -4.494901307467, -3.480637645344, -3.35679038059, -5.562579382521, -6.82463792886, 133.6116451482, 133.6957536775, 133.9706785788, 134.0092096076, 22.91731646804, 99.92209861953, 100, 99.92162452874, 309.0355094453, 327.7848420623, 309.097735967, 306.7757438048, 308.9863002073, 306.6625215446, -4.478493294106, -2.962825905665, -4.595368560362, -3.381242037747, -4.081312010766, -161.8487476661, -163.2900025884, -161.087939271, -160.9051436037, -162.5575816332, -162.3799463389, 39.4052134345, 39.01572042265, 39.28085355604, 39.29445935895, 39.41230252375, 39.42444502739
9.05, 0.554359540233, 0, 6, 0.7568535232688, -4.497848167311, -4.498241425986, -3.486125813469, -3.356175131461, -5.564431874919, -6.820952739274, 133.9800845572, 134.0656557716, 134.34306897, 134.3824893318, 22.81138647953, 99.92431343191, 100, 99.92378850412, 309.7274301524, 328.4833728938, 309.7859408916, 307.4630926276, 309.6815191345, 307.3569167341, -4.203399332414, -2.695299360201, -4.321483105294, -3.11350580818, -3.808335692709, -161.9043467995, -163.2555259578, -161.1432308428, -160.9715811321, -162.6133981551, -162.4469084947, 39.40204986818, 39.0128488613, 39.27789611584, 39.2909988686, 39.40934154944, 39.42098755035
9.075, 0.5500823572366, 0, 6, 0.7438751884568, -4.50210470653, -4.502484953885, -3.4925585191, -3.357168333557, -5.56638156534, -6.817045806011, 134.3485457951, 134.4355755262, 134.715454924, 134.7557656621, 22.70902730462, 99.92651179457, 100, 99.92594681863, 310.4196167048, 329.1817028827, 310.4744422455, 308.1507966887, 310.3769898898, 308.0516209282, -3.930265906533, -2.429519494199, -4.04919787776, -2.84735948241, -3.537538435097, -161.9566037562, -163.2183153201, -161.1951971172, -161.0346192862, -162.6658537352, -162.5104345096, 39.39905095902, 39.01011488922, 39.27505283434, 39.28769580885, 39.40650427008, 39.41769903368
9.1, 0.5464726484421, 0, 6, 0.7320142957113, -4.506967643991, -4.507336260683, -3.499050581925, -3.359517828526, -5.568426524269, -6.81318609111, 134.7170278556, 134.8055117402, 135.0878378459, 135.1290399541, 22.6097918485, 99.92866300311, 100, 99.92805347085, 311.112053064, 329.8798280541, 311.1632203379, 308.8388341355, 311.0726978792, 308.746617692, -3.65885917126, -2.165391533459, -3.778341184518, -2.582831650301, -3.268656461578, -162.0055368907, -163.178317283, -161.2438561651, -161.0942858291, -162.7149660482, -162.5705534662, 39.39619702964, 39.00750360539, 39.27232926882, 39.28453311971, 39.40379208797, 39.4145567215
9.125, 0.5435668168793, 0, 6, 0.72074633311, -4.511983287792, -4.512341042118, -3.504741905919, -3.362644584703, -5.570901255477, -6.809520358156, 135.0855292401, 135.1754623316, 135.4602199364, 135.5023139205, 22.51282791385, 99.93073302376, 100, 99.93006127284, 311.8047255486, 330.5777455568, 311.8522551082, 309.5271826533, 311.7686305528, 309.4418925705, -3.38883477424, -1.902579487968, -3.50867352552, -2.319769747582, -3.001295592489, -162.0511577323, -163.1354360578, -161.2892195369, -161.1506066509, -162.7607456634, -162.6272925598, 39.39347383516, 39.00501114832, 39.26975037467, 39.28149758733, 39.40122478998, 39.41154046343
9.15, 0.5413309763053, 0, 6, 0.7092590314672, -4.516695906207, -4.51704271021, -3.50905083516, -3.366013287364, -5.574029237787, -6.806265747318, 135.4540479676, 135.5454249617, 135.8326037708, 135.8755894898, 22.41689324198, 99.93269275132, 100, 99.93193400678, 312.4976227057, 331.2754519146, 312.5415262552, 310.2158200536, 312.4647761794, 310.1374324068, -3.119783727978, -1.640679090705, -3.239905093641, -2.05791025199, -2.735011029358, -162.0934722896, -163.0895484286, -161.3312937923, -161.2036047995, -162.8031986618, -162.6806758342, 39.39087527046, 39.00264762448, 39.26734567245, 39.27857809872, 39.39882882437, 39.40863426155
9.175, 0.5399847216849, 0, 6, 0.6966133838911, -4.520790567592, -4.521125419031, -3.511728960963, -3.369412827192, -5.577848088027, -6.804227248903, 135.8225819697, 135.9153968888, 136.2049915617, 136.2488681267, 22.32069605266, 99.93451602535, 100, 99.93364009143, 313.1907339491, 331.972940692, 313.2310140079, 310.9047254996, 313.1611222545, 310.8332243384, -2.851334951828, -1.379372905714, -2.971831962137, -1.797005032422, -2.469362113462, -162.1324839231, -163.0405391006, -161.3700829822, -161.2532984157, -162.8423291984, -162.7307217217, 39.38840349857, 39.00043405129, 39.26514257439, 39.27577131436, 39.39663133656, 39.40583382154
9.2, 0.5394760518922, 0, 6, 0.68206668446, -4.524098196146, -4.524419443874, -3.512768809826, -3.372216448543, -5.582282657726, -6.803919307375, 136.1911297768, 136.2853747075, 136.5773842105, 136.6221498835, 22.22351033721, 99.93618569811, 100, 99.93516669442, 313.8840472264, 332.670200535, 313.9207003276, 311.5938809644, 313.8576537142, 311.5292542515, -2.583297902105, -1.118572439082, -2.70450255492, -1.536978817235, -2.203998095877, -162.16819522, -162.9883496085, -161.4055904063, -161.2996967011, -162.8781409535, -162.7774390312, 39.38607056504, 38.9983974337, 39.26316622456, 39.27309327497, 39.39465825846, 39.40315611167
9.225, 0.5394609355838, 0, 6, 0.6652874141201, -4.526588261999, -4.526894066393, -3.512318288582, -3.373641951932, -5.58722917428, -6.805247656917, 136.5596909084, 136.6553558353, 136.9497809897, 136.995433365, 22.12534797744, 99.93769167744, 100, 99.93651668763, 314.5775476043, 333.3672158691, 314.6105691466, 312.2832709191, 314.5543525764, 312.2255054192, -2.315708159837, -0.8583761142994, -2.438130982055, -1.277906246999, -1.938799715804, -162.2006090881, -162.9329955115, -161.4378194991, -161.3427999604, -162.9106378543, -162.8208274405, 39.38389913745, 38.99656714757, 39.26144000718, 39.27057412006, 39.39293388672, 39.40063378153
9.25, 0.5394134589334, 0, 6, 0.6463004786186, -4.528404361593, -4.528693075443, -3.51073858867, -3.373302694984, -5.592845761589, -6.807780054259, 136.9282656386, 137.0253393286, 137.3221801884, 137.3687164112, 22.02673028983, 99.9390320486, 100, 99.93770222846, 315.2712177165, 334.0639694914, 315.3006055187, 312.9728809671, 315.251199174, 312.9219586866, -2.048754491904, -0.5988163229923, -2.172950441866, -1.019687506515, -1.673891458813, -162.2297295565, -162.874543495, -161.466774188, -161.3826035343, -162.9398243241, -162.8608817644, 39.38191993417, 38.99497349356, 39.25998560341, 39.26824743121, 39.39148220276, 39.39830505099
9.275, 0.53864713054, 0, 6, 0.6253459933939, -4.529906086789, -4.53017647175, -3.508987163067, -3.371418905236, -5.599368410469, -6.811071315021, 137.2968546241, 137.3953257744, 137.6945793665, 137.7419967071, 21.92848740959, 99.9402303638, 100, 99.93876416341, 315.9650388104, 334.7604444871, 315.9907950929, 313.6626971546, 315.9481726818, 313.6185931239, -1.782713255698, -0.33997724754, -1.909168502464, -0.7622377434244, -1.409595553455, -162.2555640764, -162.813091224, -161.4924612467, -161.4191023595, -162.9657083407, -162.8975966411, 39.380166897, 38.993645749, 39.25881377291, 39.2661431334, 39.39031829784, 39.39620632908
9.3, 0.5369736315588, 0, 6, 0.6029187425247, -4.53165290391, -4.53190433905, -3.508238817882, -3.368698340778, -5.606362575949, -6.814827930087, 137.6654589497, 137.7653169598, 138.0669752561, 138.1152718195, 21.83183418935, 99.94132495661, 100, 99.93975795138, 316.6589905928, 335.4566248852, 316.6811243349, 314.3527062144, 316.6452506981, 314.3153862418, -1.517958011942, -0.08228573077704, -1.647024938963, -0.5059040784082, -1.146386398802, -162.2781273275, -162.7487743234, -161.5148943812, -161.4522940774, -162.9883062264, -162.9309695752, 39.37866991311, 38.99260407907, 39.25791062549, 39.26428556618, 39.38943411871, 39.39436995856
9.325, 0.5344617419209, 0, 6, 0.5798326812287, -4.5342243181, -4.534456998428, -3.509380672426, -3.365943271844, -5.613441150394, -6.818849543796, 138.0340800967, 138.1353151125, 138.4393644061, 138.4885392686, 21.73839746954, 99.94235170871, 100, 99.94072865411, 317.3530509534, 336.15249673, 317.3715803622, 315.0428951826, 317.3424106415, 315.0123147134, -1.254927902659, 0.1738342524717, -1.386805006698, -0.2509155778946, -0.8847928005071, -162.2974409732, -162.6817572212, -161.5340937759, -161.4821804821, -163.0076409296, -162.9610025951, 39.37744940036, 38.99185271793, 39.25725100249, 39.26269567257, 39.38880812685, 39.39282307238
9.35, 0.5309693971041, 0, 6, 0.5571103529797, -4.538015236264, -4.538230217119, -3.512854194504, -3.36352773177, -5.620370400993, -6.8223985787, 138.4027196786, 138.5053225006, 138.8117436667, 138.8617969473, 21.64991093936, 99.94334432653, 100, 99.94171489909, 318.0471968898, 336.8480491638, 318.0621504061, 315.733250508, 318.039631055, 315.7093554785, -0.994042413985, 0.4280288520499, -1.128756630743, 0.002490887329608, -0.6253138012337, -162.3135306493, -162.612203638, -161.5500835627, -161.5087688347, -163.0237386578, -162.9877039282, 39.37651548872, 38.99138128084, 39.2568106925, 39.26138985461, 39.3884155741, 39.39158297672
9.375, 0.5264285193948, 0, 6, 0.535677730711, -4.543180521741, -4.543379506281, -3.518711192947, -3.361925247285, -5.6270342237, -6.824603232285, 138.7713787965, 138.8753420638, 139.1841111308, 139.2350441632, 21.56760657821, 99.94433008552, 100, 99.94274048224, 318.7414067112, 337.5432749765, 318.7528205199, 316.4237565437, 318.7368934605, 316.406487289, -0.7355546864934, 0.6801605944908, -0.8728763611596, 0.2542211403157, -0.3683678493728, -162.3264232802, -162.540226303, -161.5628895746, -161.5320758875, -163.036626628, -163.0110921375, 39.37586710298, 38.99117000115, 39.25656854266, 39.26036597138, 39.38823208159, 39.39064452906
9.4, 0.5211738012048, 0, 6, 0.5160376133603, -4.549682919049, -4.549867844836, -3.526762243444, -3.361968105959, -5.633378224258, -6.825282077463, 139.1400574403, 139.2453763532, 139.5564667725, 139.608282047, 21.4918667379, 99.94532705656, 100, 99.94380675635, 319.4356621774, 338.238169644, 319.4435748128, 317.1143952737, 319.4341833103, 317.1036925384, -0.479454378196, 0.9303326686458, -0.6189105038815, 0.5043689506533, -0.1141427174496, -162.3361456596, -162.4658523375, -161.5725380253, -161.5521296941, -163.0463318522, -163.0311973601, 39.37549035794, 38.9911947736, 39.25650571948, 39.25960175298, 39.38823525651, 39.38998076478
9.425, 0.5157000066401, 0, 6, 0.4982436638758, -4.557302336989, -4.557475019005, -3.536625952895, -3.364194414308, -5.639306725239, -6.82476027458, 139.5087545595, 139.6154263872, 139.9288120731, 139.9815129409, 21.42238611434, 99.94634502952, 100, 99.94490430302, 320.1299485302, 338.9327292773, 320.1343960568, 317.8051476144, 320.1314890533, 317.8009573992, -0.2255220973909, 1.17878344099, -0.3665340355656, 0.753126860798, 0.1374617069013, -162.3427237034, -162.3890395238, -161.5790550007, -161.5689659622, -163.0528808205, -163.0480571301, 39.37536049758, 38.99142963012, 39.25660505625, 39.25906678408, 39.38840395113, 39.38955449581
9.45, 0.5106199606752, 0, 6, 0.4820851421016, -4.565636767452, -4.565798727179, -3.547496717417, -3.36851199861, -5.644552486252, -6.823515749962, 139.8774685536, 139.9854918034, 140.301149158, 140.354739485, 21.35852146515, 99.94737519659, 100, 99.94600789636, 320.8242531044, 339.6269490367, 320.8252667137, 318.4959945962, 320.8288006359, 318.4982706771, 0.02656186352704, 1.4256961789, -0.1155034866176, 1.000591592592, 0.3867695193641, -162.346181629, -162.3097114784, -161.5824656131, -161.5826228315, -163.0562985098, -163.0617109085, 39.37544669426, 38.99184779811, 39.25685387874, 39.2587324707, 39.38872058313, 39.38932875264
9.475, 0.5064172804819, 0, 6, 0.4671882199408, -4.574122408819, -4.574274797385, -3.558220815943, -3.374301752654, -5.649149409405, -6.821918383951, 140.2461974975, 140.3555730179, 140.6734806254, 140.7279642385, 21.29936194716, 99.94837587195, 100, 99.94706227803, 321.5185644026, 340.3208222574, 321.5161689434, 319.1869172587, 321.5261091703, 319.1956230832, 0.2771881207628, 1.671341455608, 0.134499033267, 1.246866038578, 0.6342766472264, -162.3465390199, -162.2277647775, -161.5827905506, -161.593136968, -163.0566041029, -163.0721961787, 39.37571886428, 38.99242647306, 39.25725723667, 39.25857679886, 39.38918470419, 39.3892727548
9.5, 0.5030936444275, 0, 6, 0.4529739050822, -4.582123442157, -4.582266950287, -3.567773469368, -3.380634853604, -5.653368587349, -6.820131627598, 140.6149391926, 140.7256695524, 141.0458093778, 141.1011897432, 21.24374295218, 99.94932813588, 100, 99.94804340511, 322.2128722553, 341.0143399309, 322.2070847317, 319.8778969245, 322.2234062674, 319.8930063454, 0.5267856367114, 1.91614044304, 0.3837421961007, 1.492176763357, 0.8805469257805, -162.3438091915, -162.143077226, -161.5800445895, -161.6005406226, -163.0538104178, -163.0795456009, 39.37615410404, 38.99315415491, 39.25783422705, 39.25858386408, 39.38981053366, 39.38936260837
9.525, 0.5006607671456, 0, 6, 0.4386940182368, -4.589117356656, -4.589252165404, -3.57547651232, -3.386803432632, -5.657378195483, -6.81847281241, 140.983691415, 141.0957788233, 141.4181381293, 141.4744181827, 21.19032754249, 99.95020659912, 100, 99.94892599748, 322.9071675866, 341.7074906832, 322.8979963889, 320.5689156922, 322.9206831029, 320.5904122518, 0.7757686278582, 2.1604726537, 0.6324858919792, 1.736764700411, 1.126109378077, -162.338001003, -162.0555260419, -161.5742381979, -161.6048607522, -163.0479265407, -163.0837860237, 39.3767388209, 38.99403214733, 39.25860538676, 39.25874075153, 39.39061664773, 39.38958174437
9.55, 0.4992486330786, 0, 6, 0.4235933298151, -4.594807595571, -4.594933439605, -3.581033034257, -3.392362159797, -5.661260870646, -6.817667505607, 141.352452215, 141.4658978584, 141.7904688553, 141.8476507428, 21.13802177361, 99.95098515275, 100, 99.94968723276, 323.6014412091, 342.4002612398, 323.5888871761, 321.2599571362, 323.6179293317, 321.2878316522, 1.024456551884, 2.404598918952, 0.8808535022953, 1.980819862373, 1.371432457736, -162.3291210685, -161.9650153321, -161.5653791826, -161.6061170528, -163.0389595362, -163.0849364001, 39.37746898544, 38.99507158236, 39.25958909903, 39.25904500776, 39.39162245016, 39.38992883258
9.575, 0.4986761692872, 0, 6, 0.4071787516159, -4.599103070293, -4.599219459155, -3.584429084024, -3.396613686651, -5.66506378807, -6.818035112537, 141.7212203674, 141.8360236573, 142.1628021829, 142.2208871552, 21.08631418559, 99.95164317643, 100, 99.95032027082, 324.2956820305, 343.0926377458, 324.2797420454, 321.9510067567, 324.3151320691, 321.9852530271, 1.272983079771, 2.648586066035, 1.128758106611, 2.224391908324, 1.616840537466, -162.3171750191, -161.871507707, -161.5534737459, -161.6043195704, -163.0269154202, -163.0830058056, 39.37835155549, 38.99628937455, 39.26080210483, 39.25951143543, 39.39284667945, 39.39042192793
9.6, 0.4985801244395, 0, 6, 0.3893179448873, -4.602089006386, -4.602195477636, -3.585853780997, -3.399003629626, -5.668849944445, -6.819437401242, 142.0899954543, 142.2061544278, 142.5351374466, 142.5941260893, 21.03526108374, 99.95216635367, 100, 99.95082791715, 324.9898764892, 343.7846070382, 324.97054742, 322.6420512699, 325.012276188, 322.6826619846, 1.521305225589, 2.892365943767, 1.376027671458, 2.467434350801, 1.862425719838, -162.3021681441, -161.7750227873, -161.5385270276, -161.5994704968, -163.0117995557, -163.077995715, 39.37940382876, 38.99770555677, 39.26225988549, 39.26016422692, 39.39430725418, 39.39108988594
9.625, 0.498520881916, 0, 6, 0.3701274930848, -4.604017858003, -4.604114131814, -3.585750375196, -3.399435176789, -5.672781894836, -6.82152188633, 142.4587775473, 142.5762898722, 142.9074732995, 142.967365895, 20.98522473516, 99.95255083625, 100, 99.95121986577, 325.6840094012, 344.4761571237, 325.661290389, 323.3330776887, 325.7093454689, 323.3800421414, 1.769285520687, 3.135875645656, 1.622517635553, 2.70993432833, 2.108078193263, -162.2841058313, -161.6756108544, -161.5205435156, -161.5915682096, -162.993616952, -163.0699041822, 39.38065003607, 38.99934213466, 39.26397630854, 39.26102820967, 39.3960213023, 39.39196330848
9.65, 0.4981476502712, 0, 6, 0.3498356754916, -4.605288274687, -4.605374305335, -3.584836280489, -3.398288872843, -5.676976234042, -6.823958783957, 142.8275668625, 142.9464308014, 143.2798081741, 143.3406051455, 20.93666665811, 99.95280713769, 100, 99.95151605924, 326.3780650225, 345.1672772013, 326.3519582391, 324.0240729655, 326.4063234511, 324.0773762231, 2.016758074854, 3.379040701493, 1.868140063432, 2.951913308651, 2.353559913224, -162.2629946862, -161.5733320348, -161.4995284695, -161.5806109826, -162.9723740186, -163.0587295164, 39.38211655011, 39.00122106623, 39.26595790266, 39.262124008, 39.39799957244, 39.39306894984
9.675, 0.4973681352614, 0, 6, 0.3287395128788, -4.606366828651, -4.606442814053, -3.583825943328, -3.396223592609, -5.681391121688, -6.826545612519, 143.1963636488, 143.3165785504, 143.652140437, 143.7138427835, 20.89007001011, 99.9529504102, 100, 99.95173500404, 327.0720274516, 345.8579576253, 327.0425384334, 324.7150239752, 327.1031938723, 324.7746468314, 2.263557019111, 3.621678090995, 2.11284220926, 3.193309509418, 2.598582042178, -162.2388435637, -161.4682483722, -161.4754891255, -161.5665991982, -162.9480796143, -163.0444724269, 39.3838270096, 39.00336021487, 39.26820376116, 39.26346732808, 39.40024498422, 39.39442784348
9.7, 0.4961776972809, 0, 6, 0.3071685084044, -4.607652033419, -4.607718392543, -3.58326829551, -3.39385384186, -5.685961343331, -6.829136475886, 143.5651681065, 143.6867344061, 144.0244686955, 144.0870781698, 20.84599895919, 99.95299576079, 100, 99.95189086854, 327.7658808764, 346.5481895676, 327.7330183847, 325.4059174124, 327.7999411785, 325.4718371255, 2.509543136341, 3.863645304452, 2.356592413951, 3.434075969177, 2.842884695309, -162.211662902, -161.3604152022, -161.4484343364, -161.5495361077, -162.9207441479, -163.0271367396, 39.38579986793, 39.00577156116, 39.27071184684, 39.26507078645, 39.40275706907, 39.39605552444
9.725, 0.4945137416064, 0, 6, 0.2854294386818, -4.609380584334, -4.609437904532, -3.583478385837, -3.391543019266, -5.690595310732, -6.831384901862, 143.9339802762, 144.0568996299, 144.3967919892, 144.4603112117, 20.80497182235, 99.95295849441, 100, 99.95199647136, 328.4596099253, 347.237964435, 328.4233852211, 326.0967396209, 328.4965508657, 326.1689312641, 2.75462999194, 4.104875045283, 2.599412096191, 3.674203630261, 3.086264621702, -162.1814637266, -161.2498722502, -161.4183740376, -161.5294284055, -162.8903788469, -163.0067299978, 39.38804788157, 39.00846176208, 39.27348105799, 39.26694257177, 39.4055338753, 39.39795991879
9.75, 0.4924734131603, 0, 6, 0.2637057204486, -4.611621879491, -4.611670830385, -3.584560349965, -3.389713338791, -5.695166410283, -6.833086779123, 144.3027998689, 144.4270754632, 144.7691100004, 144.8335425416, 20.76723795215, 99.95285276309, 100, 99.95205856713, 329.1532003148, 347.9272729121, 329.1136255051, 326.7874764461, 329.1930098421, 326.8659149453, 2.998817819536, 4.345389786938, 2.84141523772, 3.913741205754, 3.3285965838, -162.1482570954, -161.136631956, -161.3853188833, -161.5062871985, -162.8569952885, -162.9832642896, 39.39057749635, 39.01143357761, 39.27651102304, 39.26908293516, 39.40857295071, 39.40013879856
9.775, 0.4902438533782, 0, 6, 0.2420168860121, -4.614300827699, -4.614342081652, -3.586450640828, -3.388620298254, -5.699516661097, -6.834247509492, 144.67162625, 144.7972625734, 145.1414229999, 145.2067732788, 20.73279689627, 99.95268944367, 100, 99.95207881619, 329.8466390596, 348.6161044759, 329.8037253652, 327.4781135555, 329.8893062319, 327.5627755506, 3.242185277097, 4.585269123301, 3.082749767729, 4.152770119929, 3.569869968635, -162.112053875, -161.0206815235, -161.3492800243, -161.4801270688, -162.8206051723, -162.9567550365, 39.39338915973, 39.01468701926, 39.27980179801, 39.27148756933, 39.41187180938, 39.40258396515
9.8, 0.4880365369364, 0, 6, 0.2202784428427, -4.617231458382, -4.617265655902, -3.588938858694, -3.388262095626, -5.703450271329, -6.834975445342, 145.0404585969, 145.1674609905, 145.5137315505, 145.5800046381, 20.70153194627, 99.95247442796, 100, 99.95205624528, 330.5399140195, 349.3044476486, 330.493670875, 328.1686368243, 330.5854287944, 328.2595016251, 3.484847529104, 4.824603268622, 3.323541574619, 4.391364920265, 3.81017319993, -162.0728647131, -160.901996361, -161.3102689314, -161.4509640611, -162.7812202191, -162.9272188525, 39.39647911088, 39.01821994416, 39.28335364604, 39.27415182795, 39.41542791374, 39.40528630473
9.825, 0.4860811770783, 0, 6, 0.1983779661037, -4.62016090218, -4.620188655416, -3.591618241138, -3.388405523065, -5.706783688556, -6.835378187657, 145.4092960784, 145.5376702954, 145.8860362308, 145.9532376466, 20.67331692578, 99.95220353637, 100, 99.95198274069, 331.2330133108, 349.9922903966, 331.1834482973, 328.8590324422, 331.2813664149, 328.9560822358, 3.726922318993, 5.063444673295, 3.563878017978, 4.629537161928, 4.049654921472, -162.0306997211, -160.7805508267, -161.2682967219, -161.4188138513, -162.7388513187, -162.8946717087, 39.39984182303, 39.02202897613, 39.2871695437, 39.27707307462, 39.41924166999, 39.40823899274
9.85, 0.4844504692842, 0, 6, 0.1761794742269, -4.622821069684, -4.622842971897, -3.594051372822, -3.388700943725, -5.70954095149, -6.83551695164, 145.7781378795, 145.9078898135, 146.2583376715, 146.3264731231, 20.64801991976, 99.95186668521, 100, 99.95184768771, 331.9259251494, 350.6796199932, 331.8730438881, 329.5492867179, 331.9771079952, 329.6525066675, 3.968529063366, 5.301900258825, 3.803830185099, 4.867325242874, 4.288494064765, -161.9855675264, -160.6563173913, -161.2233729302, -161.3836906907, -162.6935071495, -162.8591279205, 39.40347282716, 39.02611226808, 39.29125837039, 39.28025095293, 39.4233204092, 39.41143837912
9.875, 0.4831296581549, 0, 6, 0.1535072679551, -4.624995974598, -4.625012610257, -3.595906649459, -3.38883012208, -5.711824667945, -6.835425563547, 146.1469831711, 146.2781188321, 146.6306364978, 146.6997117422, 20.62540846797, 99.9514536155, 100, 99.95164321334, 332.6186379183, 351.3664229926, 332.5624438544, 330.23938604, 332.6726423004, 330.3487641795, 4.209786154485, 5.540102632628, 4.043467656668, 5.104798430813, 4.526866901615, -161.9374751859, -160.529266974, -161.1755053776, -161.3456070476, -162.6451945962, -162.8205998221, 39.40737051311, 39.03047166725, 39.29563124189, 39.28368638666, 39.42767498751, 39.41488377307
9.9, 0.4821532540236, 0, 6, 0.1301607306774, -4.626567731781, -4.626579696154, -3.597003524583, -3.388633195233, -5.713739409699, -6.835292595313, 146.515831141, 146.6483566558, 147.0029332125, 147.0729540163, 20.60500194748, 99.9509538012, 100, 99.95136197326, 333.3111400826, 352.0526855027, 333.2516344699, 330.929316953, 333.3679577875, 331.0448437757, 4.450799864239, 5.778164829967, 4.282847561204, 5.342028203499, 4.764927488804, -161.8864286963, -160.3993727615, -161.1247005545, -161.3045734487, -162.5939194266, -162.7790976271, 39.41153641906, 39.03511272902, 39.3002989794, 39.28738163175, 39.43231716936, 39.41857779512
9.925, 0.4813396706908, 0, 6, 0.1059764328047, -4.627514197078, -4.627522130078, -3.59739835796, -3.387959469838, -5.715521407218, -6.835344224489, 146.8846810924, 147.0186024127, 147.3752280889, 147.4462000934, 20.58640543133, 99.95036544799, 100, 99.95100877287, 334.0034197951, 352.7383939642, 333.940602286, 331.6190663217, 334.0630423708, 331.74073386, 4.691638401754, 6.016207437176, 4.521970931822, 5.579129222918, 5.002806150263, -161.8324334271, -160.2666189799, -161.0709640046, -161.2605976737, -162.5396868305, -162.7346286687, 39.41597548937, 39.04004371217, 39.30527150293, 39.29134374112, 39.43725803913, 39.42252924876
9.95, 0.4800540232556, 0, 6, 0.08100424863524, -4.627869316399, -4.62787395159, -3.59777312018, -3.386624065432, -5.717057186982, -6.835614341694, 147.2535326728, 147.3888556764, 147.7475207826, 147.8194495395, 20.56963008777, 99.94974296424, 100, 99.95065298154, 334.6954642281, 353.4235381697, 334.629335232, 332.308622158, 334.7578831034, 332.4364212652, 4.932248481523, 6.254375949555, 4.760738310375, 5.816423245999, 5.240520113669, -161.7754969598, -160.1310304482, -161.0143038497, -161.2136844143, -162.4825081939, -162.6871974177, 39.42069463184, 39.04527053548, 39.31054087044, 39.29558463511, 39.44247782213, 39.42675222633
9.975, 0.4788702020784, 0, 6, 0.05587250130673, -4.627550228493, -4.627552433541, -3.597925071397, -3.384332939158, -5.716669620018, -6.835804077173, 147.6223865438, 147.7591173307, 148.1198089504, 148.1927007692, 20.55546864771, 99.94910227703, 100, 99.95031508549, 335.3872576458, 354.1081156187, 335.3178243542, 332.9979740756, 335.4524651397, 333.1318900778, 5.172359062672, 6.492000311712, 4.998915337777, 6.053389315436, 5.477899955261, -161.7156328582, -159.9927101021, -160.9547343228, -161.1638358619, -162.4224030937, -162.6368066287, 39.42569598576, 39.05078252939, 39.31607959782, 39.30012045473, 39.4479280986, 39.43126255561
10, 0.4774655017019, 0, 6, 0.03150400982208, -4.626348727145, -4.62634942802, -3.597651205699, -3.380796870087, -5.714397951193, -6.835433691702, 147.9912437769, 148.1293888488, 148.4920906708, 148.5659518139, 20.5448167141, 99.94845459577, 100, 99.95000542244, 336.0787826154, 354.7921264398, 336.0060605744, 333.6871112352, 336.1467741391, 333.8271239324, 5.411673901477, 6.729001261035, 5.236305847164, 6.289931663842, 5.71475006739, -161.6528549408, -159.8517709194, -160.8922690005, -161.1110540598, -162.3593855268, -162.5834593559, 39.43097858094, 39.05655985468, 39.32187740349, 39.30496773054, 39.45359351483, 39.43607398815
10.025, 0.4747569163175, 0, 6, 0.008792282182876, -4.624182905804, -4.624182960368, -3.597332283969, -3.375803281503, -5.710336314088, -6.832383677308, 148.360105189, 148.4996726156, 148.8643645582, 148.93920161, 20.53845875826, 99.94787261659, 100, 99.94980028252, 336.7700225816, 355.4755714534, 336.6940347349, 334.3760226977, 336.8407970204, 334.5221070863, 5.649941491345, 6.965423680785, 5.472835101199, 6.526163060952, 5.950802022779, -161.5871786401, -159.7083119111, -160.826923222, -161.0553444328, -162.2934716435, -162.5271626462, 39.43653925925, 39.06258113695, 39.32790623492, 39.31013178257, 39.45944857084, 39.44118733175
10.05, 0.4711710669236, 0, 6, -0.01157640090431, -4.621055463768, -4.621055558296, -3.597352635855, -3.370347091072, -5.703949844988, -6.826267995807, 148.7289711397, 148.86997257, 149.2366299064, 149.312451334, 20.53763707231, 99.94742605174, 100, 99.94973726204, 337.4609636456, 356.1584495284, 337.381737689, 335.0646976301, 337.5345234255, 335.2168261348, 5.887044332286, 7.201132945365, 5.708663221375, 6.762104060165, 6.185626165848, -161.5186238023, -159.5623928523, -160.7587171683, -160.9967228582, -162.2246836322, -162.4679353606, 39.4423614885, 39.06881587798, 39.33411445521, 39.31558855036, 39.46544389923, 39.44656473812
10.075, 0.4673306462431, 0, 6, -0.02907627150704, -4.616824836409, -4.61682543219, -3.597737504822, -3.364817913535, -5.694658459228, -6.817606424764, 149.0978416517, 149.2402900832, 149.6088867169, 149.6857018763, 20.54283995041, 99.94716420901, 100, 99.94983468543, 338.1515938637, 356.840758623, 338.0691607067, 335.7531261676, 338.2279447939, 335.9112708661, 6.122935475269, 7.436070257653, 5.943813290799, 6.99778709952, 6.419114367853, -161.4472134437, -159.41405316, -160.6876745432, -160.9352105888, -162.1530466585, -162.4058003862, 39.44841275622, 39.07522078302, 39.34044767819, 39.32131442029, 39.47152279656, 39.45217172061
10.1, 0.4631094298703, 0, 6, -0.04303315931584, -4.611234761001, -4.611236064431, -3.598181606043, -3.358624739622, -5.68211223673, -6.805797317297, 149.4667170395, 149.6106260628, 149.9811348547, 150.0589536918, 20.55422853906, 99.94713172477, 100, 99.95012761761, 338.8419011316, 357.5224991251, 338.7562962722, 336.4412993369, 338.9210528825, 336.6054317954, 6.357532642288, 7.670010238486, 6.178234167957, 7.233015627828, 6.651269565318, -161.3729728834, -159.2633466085, -160.61382116, -160.8708297742, -162.0785869876, -162.3407808777, 39.45465223045, 39.0817411583, 39.34685228168, 39.32728633561, 39.47762815171, 39.4579777812
10.125, 0.4585929034289, 0, 6, -0.05282918197197, -4.604089018264, -4.604090979602, -3.598276741549, -3.351802462768, -5.666268717547, -6.790454139661, 149.8355975648, 149.9809828193, 150.3533747297, 150.4322078715, 20.57179231045, 99.94736823575, 100, 99.95063729281, 339.5318744954, 358.2036704351, 339.4431368681, 337.1292083327, 339.6138408808, 337.2993008911, 6.590811932511, 7.902949181761, 6.412037645395, 7.467766097656, 6.882075399141, -161.2959288092, -159.1103095292, -160.5371836259, -160.8036068511, -162.0013304918, -162.2729039024, 39.46103159162, 39.08831599954, 39.35327466868, 39.33346208392, 39.48370551907, 39.46393870067
10.15, 0.4540494859907, 0, 6, -0.05813113190649, -4.595312496155, -4.595314866383, -3.59765733729, -3.344746488488, -5.64734104589, -6.771686679464, 150.2044831341, 150.3513623048, 150.725607605, 150.8054662415, 20.5951449597, 99.9479055801, 100, 99.95137356827, 340.2215054318, 358.8842681284, 340.1296744926, 337.8168446022, 340.3063036819, 337.99287262, 6.822863364604, 8.13502192177, 6.645418465435, 7.702121557789, 7.111601321799, -161.2161079153, -158.9549404516, -160.4577880608, -160.7335725383, -161.9213017168, -162.2022001654, 39.46749478824, 39.09488242832, 39.35966213142, 39.33978555932, 39.48970363398, 39.46999939532
10.175, 0.450006223153, 0, 6, -0.05889117030708, -4.584863406806, -4.584865833864, -3.595736985411, -3.337659298486, -5.625491769998, -6.749908318343, 150.573373386, 150.7217651603, 151.0978353064, 151.1787309268, 20.62359721206, 99.94875008729, 100, 99.95232705086, 340.9107875132, 359.5642840037, 340.8159008066, 338.5041999834, 340.9984371858, 338.6861435137, 7.053864539311, 8.366329124996, 6.878555043668, 7.936094214867, 7.340038428975, -161.1335352321, -158.7972074708, -160.3756588189, -160.6607589735, -161.838523038, -162.1287012609, 39.47398049364, 39.10137811978, 39.36596592356, 39.34619697449, 39.49557489116, 39.47610058168
10.2, 0.4470831446473, 0, 6, -0.05535889408622, -4.572583951411, -4.572586090283, -3.591276257887, -3.330317797853, -5.601137136738, -6.725572290081, 150.9422677688, 151.0921904091, 151.4700602719, 151.5520041472, 20.65606137492, 99.94985460153, 100, 99.95344342342, 341.5997155967, 360.2437039888, 341.5018061306, 339.1912658004, 341.6902376531, 339.3791118523, 7.284101304372, 8.596973396587, 7.111637621884, 8.169565536204, 7.567731693454, -161.0482297024, -158.6370388573, -160.2908139828, -160.5851968854, -161.7530089847, -162.0524369493, 39.48042775401, 39.10774711924, 39.37216363692, 39.35263953295, 39.50129610719, 39.48218319886
10.225, 0.4452957780779, 0, 6, -0.04830520457134, -4.558124127405, -4.558125750771, -3.58308710307, -3.322116709791, -5.575244584626, -6.699036834637, 151.3111651413, 151.4626354696, 151.8422862718, 151.9252885364, 20.69824426647, 99.95115354722, 100, 99.95466191674, 342.2882862316, 360.9225034329, 342.1873776887, 339.8780318325, 342.3817018635, 340.0717779246, 7.514037347729, 8.827509824874, 7.344965739412, 8.402749108975, 7.795202180426, -160.9601987169, -158.4742953086, -160.2032609335, -160.5069138219, -161.6647621732, -161.9734333242, 39.48678480243, 39.11395316961, 39.37826731598, 39.35906096334, 39.50687650719, 39.48818975059
10.25, 0.4445877710447, 0, 6, -0.03905723798205, -4.541071921148, -4.541072978445, -3.570418488182, -3.312428065753, -5.548466005514, -6.670757939056, 151.6800635767, 151.8330968934, 152.2145179982, 152.2985870289, 20.75541925194, 99.95258651236, 100, 99.95593351243, 342.9764978371, 361.600647887, 342.8726001683, 340.5644867425, 343.0728266969, 340.7641430347, 7.744265435113, 9.058863303975, 7.57893254217, 8.636290749522, 8.023061242855, -160.869439191, -158.3087856823, -160.112998474, -160.4259329486, -161.5737775303, -161.8917115502, 39.49301342195, 39.11998485035, 39.3842982981, 39.36541223247, 39.51233596876, 39.49406672253
10.275, 0.4453120253845, 0, 6, -0.02921980511626, -4.521118028305, -4.521118617458, -3.553015984679, -3.300918201904, -5.520989318046, -6.642110965508, 152.0489608077, 152.2035698435, 152.5867599249, 152.6719017106, 20.81703432846, 99.95409275799, 100, 99.95721262279, 343.6643492601, 362.2780986949, 343.5574575198, 341.2506189218, 343.7636076588, 341.4562075103, 7.975369820025, 9.291872895903, 7.813833090949, 8.870881846672, 8.251962089774, -160.775941608, -158.1403141699, -160.0200200995, -160.3422699893, -161.4800460713, -161.8072847031, 39.49908899815, 39.12585004548, 39.39027492946, 39.37165732189, 39.51769416349, 39.49977776242
10.3, 0.4474124919569, 0, 6, -0.02010726757313, -4.49809501218, -4.498095289738, -3.530982370214, -3.286630396344, -5.492760767627, -6.614194246654, 152.4178552726, 152.5740473009, 152.9590146305, 153.0452321682, 20.87281220861, 99.95561281568, 100, 99.95847620924, 344.3518364208, 362.9548232428, 344.2419354019, 341.9364171113, 344.4540362676, 342.1479672242, 8.20771385644, 9.526509373176, 8.04961385535, 9.106472834734, 8.482516306504, -160.6796936405, -157.9687521448, -159.9243162141, -160.2559268959, -161.3835572434, -161.7201521174, 39.50500329211, 39.13156717988, 39.39621158522, 39.37779364301, 39.5229682045, 39.50532250642
10.325, 0.4503827581612, 0, 6, -0.01234263782351, -4.472009683343, -4.472009787318, -3.504651191171, -3.268420702923, -5.463674437812, -6.587196847711, 152.7867466831, 152.9445231867, 153.3312824035, 153.4185757621, 20.91331057557, 99.95709631252, 100, 99.9597171199, 345.038950136, 363.6308015941, 344.9260217185, 342.6218701959, 345.1440995963, 342.8394113602, 8.441341696346, 9.762350006729, 8.285997042997, 9.342699233135, 8.715036018193, -160.5806830007, -157.7940735053, -159.8258758872, -160.1668915393, -161.2843004034, -161.6303000571, 39.51076607615, 39.13715871985, 39.40211932453, 39.38384358669, 39.5281727009, 39.51072816152
10.35, 0.4535948774788, 0, 6, -0.00592890158561, -4.443128383023, -4.443128406859, -3.474587707581, -3.245789963287, -5.433774257944, -6.560700474638, 153.1556358859, 153.3149945886, 153.7035617465, 153.7919289326, 20.92968724185, 99.95850999931, 100, 99.96093197155, 345.725676997, 364.3060251976, 345.6097060063, 343.3069668235, 345.8337814981, 343.5305235155, 8.676054486342, 9.998760967583, 8.522688467928, 9.579033988879, 8.949450309558, -160.478899277, -157.616331771, -159.7246880761, -160.0751433267, -161.1822654867, -161.5377073909, 39.51640106685, 39.1426486014, 39.40800670105, 39.38983583309, 39.5333219959, 39.51603215956
10.375, 0.4565360746961, 0, 6, -0.0005636613806184, -4.412007288811, -4.412007289025, -3.44158757881, -3.219125876387, -5.403293731151, -6.534131109708, 153.5245243683, 153.6854616506, 154.0758503171, 154.165288416, 20.91325313228, 99.95983912979, 100, 99.96211677267, 346.4120017382, 364.9804917853, 346.2929784901, 343.991695318, 346.5230644665, 344.2212844034, 8.911547995305, 10.23502914714, 8.759479519005, 9.81489997039, 9.185399744469, -160.3743347874, -157.4356160989, -159.6207426013, -159.9806597394, -161.0774436707, -161.4423517517, 39.52193902457, 39.14806174084, 39.4138805379, 39.3957932353, 39.53843045496, 39.52126924246
10.4, 0.4588794496449, 0, 6, 0.004056728872962, -4.379397896739, -4.379397907738, -3.406572535458, -3.189453545004, -5.372615376442, -6.507067516323, 153.8934138797, 154.055926282, 154.4481456661, 154.5386518692, 20.86079085036, 99.96108375965, 100, 99.96326769633, 347.097909401, 365.6542005854, 346.9758295556, 344.6760438632, 347.2119310387, 344.9116743338, 9.147522337408, 10.47030552191, 8.996251585032, 10.04958899179, 9.422385206663, -160.2669846404, -157.2520160859, -159.5140309157, -159.8834209534, -160.9698279015, -161.3442138995, 39.52741126689, 39.15342367927, 39.41974834195, 39.40172914865, 39.5435133737, 39.52646453255
10.425, 0.4604791099804, 0, 6, 0.008055181769493, -4.346063845201, -4.346063888234, -3.370455993942, -3.157976765723, -5.342128657545, -6.479332764717, 154.2623061508, 154.426390874, 154.8204458428, 154.9120178443, 20.78948895717, 99.96225312014, 100, 99.9643833774, 347.7833866101, 366.3271501259, 347.6582494627, 345.3600008886, 347.9003647995, 345.6016746143, 9.383726840444, 10.70401368143, 9.232926040457, 10.28263905159, 9.659892858541, -160.1568465101, -157.0656078341, -159.4045470157, -159.7834117988, -160.8594136716, -161.2432795737, 39.53284553616, 39.15876005408, 39.42561963997, 39.40764944571, 39.54858654969, 39.53163246018
10.45, 0.461436598891, 0, 6, 0.01134622253202, -4.312581097748, -4.312581182468, -3.333955508411, -3.125657481008, -5.311946997116, -6.450891705771, 154.6312025166, 154.7968575634, 155.1927498392, 155.2853854829, 20.69934143364, 99.96336042726, 100, 99.96546285804, 348.468421719, 366.9993380334, 348.3402278643, 346.0435552944, 348.5883511794, 346.2912680188, 9.619961338991, 10.9367776984, 9.469420615773, 10.51472600748, 9.897477675072, -160.043920013, -156.8764541969, -159.292287997, -159.6806217754, -160.7461995496, -161.1395394164, 39.53826415936, 39.16409522094, 39.43150526866, 39.41355655371, 39.55366315413, 39.53677938121
10.475, 0.4618418134012, 0, 6, 0.01371068534968, -4.279236716968, -4.279236839717, -3.297536072191, -3.093050050438, -5.281984245372, -6.421808474124, 155.0001043229, 155.1673278701, 155.565056382, 155.658754182, 20.58787090029, 99.96441740371, 100, 99.96650742216, 349.1530042127, 367.6707612312, 349.0217551689, 346.7266963676, 349.2758760369, 346.9804387479, 9.856066308344, 11.16836841257, 9.705631314484, 10.74567877897, 10.13479722608, -159.9282059586, -156.684607593, -159.1772535641, -159.5750442102, -160.6301870258, -161.0329880801, 39.5436839044, 39.16945054485, 39.43741623674, 39.41945324209, 39.55875327041, 39.54190679308
10.5, 0.4617723131278, 0, 6, 0.0149094779129, -4.246052058761, -4.246052202784, -3.261386280548, -3.060267830707, -5.252001939571, -6.392132872018, 155.3690129908, 155.5378027937, 155.9373641671, 156.0321231072, 20.45263186683, 99.96543452757, 100, 99.96752223312, 349.8371240815, 368.3414184321, 349.7028225564, 347.4094139539, 349.9629256903, 347.6691717022, 10.09187652494, 11.39840102624, 9.941400595456, 10.97515253731, 10.37159023316, -159.8097070497, -156.4901253429, -159.0594464787, -159.4666749024, -160.5113806892, -160.9236227932, 39.54911721922, 39.17484334283, 39.44336308737, 39.42534515357, 39.56386488319, 39.54701614823
10.525, 0.461272309883, 0, 6, 0.01477624757609, -4.212893189595, -4.212893329946, -3.225494108244, -3.027157536138, -5.221728348688, -6.361851982208, 155.7379301955, 155.90828326, 156.3096716752, 156.4054908956, 20.29134882757, 99.9664204862, 100, 99.96851499904, 350.5207714252, 369.0113126845, 350.3834223773, 348.0916986086, 350.6494866319, 348.3574517213, 10.32718059758, 11.626446378, 10.17650823508, 11.20273979316, 10.6076235789, -159.688429022, -156.2930832249, -158.9388729733, -159.355511196, -160.38978857, -160.8114423998, 39.5545739447, 39.18028677127, 39.44935549821, 39.43124065556, 39.56900521248, 39.55211171663
10.55, 0.4602788977753, 0, 6, 0.01325891974351, -4.17960204789, -4.179602160001, -3.189841098323, -2.993504859468, -5.190993912455, -6.330907530607, 156.1068579748, 156.2787704611, 156.6819770568, 156.7788555913, 20.10198317454, 99.9673878951, 100, 99.96950020012, 351.2039364154, 369.6804529413, 351.0635484332, 348.7735417028, 351.3355454368, 349.0452631565, 10.56170160807, 11.85205904751, 10.41067280837, 11.42800866751, 10.84264355064, -159.5643816531, -156.0935819046, -158.8155430766, -159.2415516942, -160.2654225442, -160.6964471048, 39.56006264975, 39.1857903822, 39.45540103799, 39.43714966314, 39.57418073365, 39.55720135047
10.575, 0.4587001523488, 0, 6, 0.01045173528204, -4.146107789646, -4.14610785875, -3.154533747241, -2.959189394871, -5.15968159738, -6.299237566706, 156.4757987939, 156.6492660563, 157.0542779986, 157.1522146589, 19.8834757076, 99.96835704213, 100, 99.97050134943, 351.8866094637, 370.3488557873, 351.7431964316, 349.4549356762, 352.0210888443, 349.732589623, 10.7950796201, 12.07473567896, 10.64354284007, 11.65049131702, 11.07633166955, -159.4375801346, -155.8917531057, -158.6894715367, -159.1247964145, -160.1382996192, -160.5786387574, 39.56559083685, 39.19135973071, 39.46149989545, 39.44308241949, 39.57939311573, 39.56229603886
10.6, 0.4565245552409, 0, 6, 0.006632743189599, -4.112471333527, -4.112471361131, -3.11969153244, -2.924234457148, -5.127714725776, -6.266797277214, 156.8447556245, 157.01977218, 157.4265716254, 157.5255650277, 19.64121725345, 99.96934763253, 100, 99.97154059289, 352.5687812638, 371.0165464748, 352.422364257, 350.1358741492, 352.7061038674, 350.4194140108, 11.02686756377, 12.29384382227, 10.87469360611, 11.86960595854, 11.30828689227, -159.308045958, -155.6877616057, -158.560678255, -159.005247249, -160.0084424037, -160.4580214499, 39.57116412604, 39.19699481564, 39.46764550246, 39.44904891867, 39.58463888117, 39.56740882654
10.625, 0.4537519619225, 0, 6, 0.002228083224199, -4.078830053741, -4.078830056831, -3.085378171456, -2.888712025609, -5.095144877502, -6.233475651235, 157.2137317223, 157.3902912432, 157.7988549799, 157.8989033314, 19.37819107919, 99.97037614763, 100, 99.97263449783, 353.250442915, 371.6835570837, 353.1010511737, 350.8163516692, 353.3905784107, 351.1057190875, 11.25656800682, 12.50913895577, 11.10366197049, 12.08512421647, 11.53805199257, -159.1758058597, -155.4817928399, -158.4291874093, -158.8829087133, -159.8758777604, -160.3346023184, 39.57678605677, 39.20269057871, 39.47383066914, 39.45505869635, 39.58991345436, 39.57255257137
10.65, 0.4502909763588, 0, 6, -0.002298850029102, -4.045329699218, -4.04532970248, -3.051599707927, -2.852707559599, -5.062141716531, -6.198998971484, 157.5827304287, 157.7608260107, 158.1711251664, 158.2722264127, 19.09621812331, 99.97145724265, 100, 99.97379519163, 353.9315863759, 372.3499223036, 353.7792572848, 351.496363359, 354.0745015455, 351.7914885913, 11.4836991496, 12.72033985862, 11.33002944808, 12.29675793309, 11.76515078996, -159.0408899866, -155.2740304024, -158.2950261989, -158.757789446, -159.7406354503, -160.2083928995, 39.582458164, 39.20843920075, 39.48004995285, 39.46111742894, 39.59521294057, 39.57773551378
10.675, 0.4461443711136, 0, 6, -0.006603509446875, -4.01210470242, -4.01210472911, -3.018337043399, -2.816518140219, -5.028930983777, -6.163231962279, 157.9517548301, 158.131379468, 158.5433798107, 158.6455317703, 18.79688658889, 99.97260250848, 100, 99.97502648558, 354.6122053, 373.0156748108, 354.4569828027, 352.1759048066, 354.7578641584, 352.4767084674, 11.70785913048, 12.92720348662, 11.55348116346, 12.50424184223, 11.98913802156, -158.9033306982, -155.064634327, -158.1582242113, -158.6299039772, -159.6027473153, -160.0794105683, 39.58817924922, 39.21423253741, 39.48629960722, 39.46722300825, 39.60053473504, 39.58295769926
10.7, 0.4413988049015, 0, 6, -0.01054250557443, -3.979257412541, -3.979257480012, -2.985568445239, -2.780480021045, -4.995737475002, -6.126262698412, 158.3208075813, 158.501954046, 158.9156172363, 159.018817505, 18.48148826789, 99.97381955299, 100, 99.9763267709, 355.2922954589, 373.6808434087, 355.1342278497, 352.8549721825, 355.4406591317, 353.1613673626, 11.92874307227, 13.12958993046, 11.77376914388, 12.70740587658, 12.20965748965, -158.7631619809, -154.8537349928, -158.0188132041, -158.4992727282, -159.4622470583, -159.9476783193, 39.59394512669, 39.22006353025, 39.49257719632, 39.47336833365, 39.60587736885, 39.58821325417
10.725, 0.4362401029823, 0, 6, -0.01413625364722, -3.946822269205, -3.946822389523, -2.95314557013, -2.744761172829, -4.962646112672, -6.088298489048, 158.6898909824, 158.8725512835, 159.287836215, 159.392082, 18.15110654272, 99.97510688089, 100, 99.97768809647, 355.9718544204, 374.3454542101, 355.8109927696, 353.5335623408, 356.1228809661, 353.8454561873, 12.14611568246, 13.3273413625, 11.99066321886, 12.90606667508, 12.42644977676, -158.6204192879, -154.641441917, -157.8768270466, -158.3659206911, -159.3191705513, -159.81322347, 39.59974952818, 39.225926337, 39.49888162983, 39.47954562332, 39.61123858085, 39.59349420929
10.75, 0.4307236263935, 0, 6, -0.01750799772615, -3.914717894875, -3.914718077927, -2.920866711386, -2.709269723267, -4.929737812025, -6.049530065211, 159.059007102, 159.24317194, 159.660035861, 159.7653236848, 17.8066884486, 99.97646223217, 100, 99.97910559801, 356.6508809654, 375.009531693, 356.4872781188, 354.211672705, 356.8045253822, 354.5289675712, 12.35978812991, 13.52037891967, 12.20394029269, 13.10008109304, 12.63933961662, -158.475138828, -154.427850911, -157.7323010121, -158.2298759752, -159.1735548211, -159.6760762824, 39.60558596041, 39.23181692916, 39.50521791261, 39.48574935972, 39.61661997678, 39.59879319028
10.775, 0.4246957266664, 0, 6, -0.02083416654581, -3.882810255662, -3.882810512754, -2.888666030199, -2.673781733023, -4.897038418464, -6.009822259027, 159.4281578175, 159.6138164051, 160.0322154482, 160.1385408552, 17.44917373344, 99.97788405443, 100, 99.98057991225, 357.3293749268, 375.6731006463, 357.1630850718, 354.889301428, 357.4855891588, 355.2118952763, 12.56958694741, 13.70866951632, 12.41337536702, 13.28937977255, 12.8481702421, -158.3273582547, -154.2130542111, -157.5852724672, -158.091168996, -159.0254390556, -159.5362692165, 39.61144948198, 39.23773388982, 39.51158795113, 39.49197653677, 39.62202280235, 39.60410544918
10.8, 0.4182321813105, 0, 6, -0.02422613321341, -3.851037274589, -3.851037619356, -2.856642454164, -2.638176075757, -4.864454340845, -5.969461651188, 159.7973448079, 159.984484933, 160.4043742299, 160.5117317381, 17.07955786907, 99.97936405433, 100, 99.98210663975, 358.0073368174, 376.3361868803, 357.8384155757, 355.566447449, 358.166070272, 355.8942341553, 12.77534594268, 13.89223383649, 12.61875555504, 13.47392408191, 13.05283651555, -158.1771184339, -153.9971442206, -157.435781838, -157.9498333565, -158.8748657141, -159.3938377059, 39.61733630809, 39.24367566957, 39.51798738093, 39.49822551119, 39.62744407841, 39.6094298304
10.825, 0.4114093472024, 0, 6, -0.02768043395261, -3.819386059779, -3.819386506163, -2.825040279112, -2.602364723417, -4.831897956396, -5.928774613889, 160.1665698004, 160.3551774258, 160.7765113055, 160.8848944198, 16.69897865419, 99.98090389753, 100, 99.983691142, 358.6847676647, 376.9988201441, 358.5132728526, 356.2431107385, 358.8459675777, 356.5759794573, 12.97686649688, 14.0712750826, 12.81982502508, 13.65375075147, 13.25319993158, -158.0244640396, -153.7802264126, -157.2838728949, -157.8059046737, -158.7218806917, -159.2488194805, 39.62324354146, 39.24963929368, 39.52441056454, 39.5044987815, 39.63287976493, 39.61476820296
10.85, 0.4042044815736, 0, 6, -0.03105254399416, -3.787833850904, -3.787834408017, -2.793533935812, -2.566052780315, -4.799347719152, -5.887627512901, 160.5358348075, 160.725894107, 161.148625226, 161.2580266559, 16.30874809418, 99.98249841396, 100, 99.98533423895, 359.3616687283, 377.6610352039, 359.1876620773, 356.9192921813, 359.5252803152, 357.2571265299, 13.1739072678, 14.24519499453, 13.01631223933, 13.82848891549, 13.44907741086, -157.8694427528, -153.5624229585, -157.1295919039, -157.6594198043, -158.5665328006, -159.1012537555, 39.62916987682, 39.25562050664, 39.5308530049, 39.5108015771, 39.63832567955, 39.6201256935
10.875, 0.3965583356714, 0, 6, -0.0341537716435, -3.756368750066, -3.7563694184, -2.762099739353, -2.529216612305, -4.766809801163, -5.845856173359, 160.9051415838, 161.0966359222, 161.5207147634, 161.6311264973, 15.91012888494, 99.984141594, 100, 99.98703049046, 360.0380418871, 378.3228668376, 359.8615886565, 357.5949932497, 360.2040090073, 357.937671843, 13.36624833756, 14.41387103587, 13.20803220517, 13.99801371302, 13.6402565384, -157.7121040825, -153.3438509286, -156.972986929, -157.5104186384, -158.4088723745, -158.95118279, 39.63511457515, 39.26161472576, 39.53731079411, 39.51713479964, 39.64377813116, 39.62550411586
10.9, 0.3887153322458, 0, 6, -0.03683087772066, -3.72499464836, -3.724995419063, -2.730365197518, -2.492005539106, -4.734145134618, -5.803387808937, 161.2744916187, 161.4674039576, 161.8927788091, 162.004192357, 15.50426780021, 99.98579390056, 100, 99.988737288, 360.7138901557, 378.9843480815, 360.5350584523, 358.2702161494, 360.8821557249, 358.617613539, 13.5537112579, 14.577122376, 13.3948622597, 14.1622534367, 13.82653799455, -157.5524995022, -153.1246158654, -156.8141080087, -157.3589448941, -158.2489527044, -158.7986525224, 39.64107571585, 39.26761691441, 39.54377941417, 39.52349517952, 39.64922347962, 39.63090150789
10.925, 0.381523431267, 0, 6, -0.03917525382853, -3.693263160156, -3.693264024648, -2.695816473928, -2.454092253978, -4.701278358265, -5.759924814526, 161.643886175, 161.8381984827, 162.264816467, 162.3772233053, 15.0917224662, 99.98733429348, 100, 99.99031712083, 361.3892165384, 379.6454982534, 361.208074649, 358.9449618701, 361.559722969, 359.2969528133, 13.73629344406, 14.73472413532, 13.57685494892, 14.32111160898, 14.00790993853, -157.3906743328, -152.90476604, -156.6529994126, -157.2050459249, -158.0868187508, -158.6437119987, 39.64705246047, 39.27362790238, 39.5503273896, 39.52988052942, 39.65469008978, 39.63630946543
10.95, 0.373398394127, 0, 6, -0.04236925883236, -3.660402521979, -3.660403524161, -2.658892059, -2.414867963087, -4.669742170686, -5.715259138906, 162.0133246158, 162.2090187614, 162.636829824, 162.7502199667, 14.67185533346, 99.98879431619, 100, 99.99180787358, 362.0640285008, 380.3063102109, 361.8806351953, 359.6192306245, 362.2367152983, 359.975695905, 13.91429188746, 14.88842294054, 13.75429110633, 14.47585933178, 14.18458972273, -157.2266620333, -152.6842439842, -156.4896993137, -157.0487724679, -157.9225042218, -158.4864125254, 39.65305920342, 39.27968581187, 39.55703384597, 39.53628806824, 39.66025975593, 39.64171246554
10.975, 0.364147542052, 0, 6, -0.04770878634065, -3.626466705482, -3.626467964366, -2.621509034521, -2.37461723419, -4.638452600275, -5.66917208075, 162.3828059718, 162.5798652899, 163.0088192303, 163.1231826653, 14.24462502708, 99.99022641369, 100, 99.99327501086, 362.7383379795, 380.9667900333, 362.5527441771, 360.2930264204, 362.9131383973, 360.6538482767, 14.0878437538, 15.03788822881, 13.9272607972, 14.62608711786, 14.35660854306, -157.0605080889, -152.4630484388, -156.3242577511, -156.8901769423, -157.7560613621, -158.3268068974, 39.65911255735, 39.28583364795, 39.5638616495, 39.5427063206, 39.66593595863, 39.64710359407
11, 0.3555489042008, 0, 6, -0.05555561746945, -3.592130002611, -3.592131693451, -2.585726574753, -2.334834770454, -4.606374927476, -5.624699374665, 162.7523303091, 162.9507357763, 163.3807830692, 163.4961100673, 13.81125830657, 99.99164781643, 100, 99.99473168221, 363.4121555893, 381.6269727907, 363.2244121333, 360.966356568, 363.5889983297, 361.3314117044, 14.25675943887, 15.18250662833, 14.09527437786, 14.77159909311, 14.52375629651, -156.8922749297, -152.2412932682, -156.1567363186, -156.7293092615, -157.5875565856, -158.164947624, 39.66521636416, 39.29208290384, 39.57073328973, 39.54914958638, 39.67168159616, 39.65249089371
11.025, 0.3464138247541, 0, 6, -0.0643733527342, -3.55777363279, -3.557775881193, -2.552740350896, -2.29263175502, -4.573021311111, -5.581194701994, 163.1218999984, 163.3216243135, 163.7527164945, 163.8689952206, 13.3748341973, 99.99312648768, 100, 99.99631007583, 364.0854826776, 382.2869407544, 363.8956563899, 361.6392292413, 364.2642975337, 362.008379574, 14.42031339542, 15.3214139621, 14.25705543286, 14.91179390431, 14.68592554117, -156.7220353974, -152.0192714547, -155.987202678, -156.5662044058, -157.4170636987, -158.0008736653, 39.67137581811, 39.29840768889, 39.57757530146, 39.55570454575, 39.67744773098, 39.6579551596
11.05, 0.3358119304095, 0, 6, -0.07128728470801, -3.5240873663, -3.52409009744, -2.523514945184, -2.248078279166, -4.538518317824, -5.536913010573, 163.4915185018, 163.6925362175, 164.1246136801, 164.2418326024, 12.93899282458, 99.99471457998, 100, 99.99808018688, 364.7583154336, 382.9467935142, 364.5664967313, 362.3116525158, 364.9390394318, 362.6847428372, 14.5776384068, 15.4539384094, 14.41211933679, 15.04622024656, 14.84236980997, -156.5498713768, -151.7973294342, -155.8157289391, -156.4009024962, -157.2446603357, -157.8346294515, 39.67759614255, 39.30475503152, 39.58430548078, 39.56240243542, 39.68317376155, 39.66355353469
11.075, 0.3238317344467, 0, 6, -0.07373997063127, -3.492564051468, -3.492566947569, -2.49923546502, -2.204697986708, -4.504360480917, -5.491528547433, 163.8611880162, 164.0634810049, 164.4964710816, 164.614620723, 12.50628275623, 99.99643915667, 100, 100.0000186005, 365.43065479, 383.6066061677, 365.2369506864, 362.9836354073, 365.6132326853, 363.3605003801, 14.72821016699, 15.57992567428, 14.56072447629, 15.17487620437, 14.99221346492, -156.3758704022, -151.5757072023, -155.6423897086, -156.2334628337, -157.0704228386, -157.6662767169, 39.68386193444, 39.31105808895, 39.59083839362, 39.56919888884, 39.68880536662, 39.6692881254
11.1, 0.3127878951108, 0, 6, -0.07032192897761, -3.464763616148, -3.464766228971, -2.477929689735, -2.166194424367, -4.471263609922, -5.445921380718, 164.2309093905, 164.434464937, 164.8682876483, 164.9873617372, 12.07750427751, 99.99824706288, 100, 100.0019912702, 366.1025087496, 384.2664106352, 365.9070315759, 363.6551875, 366.2868904781, 364.0356628204, 14.87202878812, 15.6982249767, 14.70348494277, 15.29667721776, 15.13502798622, -156.2001148202, -151.3544753318, -155.467254407, -156.063961959, -156.8944212257, -157.4958918006, 39.69013118454, 39.31724677123, 39.59715383236, 39.57600886671, 39.69429596776, 39.67511612612
11.125, 0.3018057494798, 0, 6, -0.06197554930712, -3.44098651099, -3.440988526437, -2.45800121026, -2.134098595795, -4.442942724009, -5.400711895501, 164.6006810797, 164.8054890317, 165.2400688206, 165.3600617084, 11.65091457538, 100.0000807758, 100, 100.0038828079, 366.7738934345, 384.9261705457, 366.5767402547, 364.3263162383, 366.9600292725, 364.7102541953, 15.00983500032, 15.81081254368, 14.84135766063, 15.4125657136, 15.27115949527, -156.0226583235, -151.1334521105, -155.2903729738, -155.8924860368, -156.7166947222, -157.3235580012, 39.69635939258, 39.32329583588, 39.60337735997, 39.58273812678, 39.69973560612, 39.68095215195
11.15, 0.2906838082086, 0, 6, -0.0518692238052, -3.420938538955, -3.420939942435, -2.439565139087, -2.108712749057, -4.420378503241, -5.357022434592, 164.9704990854, 165.1765517569, 165.611822332, 165.7327279266, 11.22353997061, 100.0019111432, 100, 100.005643899, 367.4448357363, 385.5858161191, 367.2460747949, 364.9970306614, 367.6326687346, 365.384305302, 15.14268830762, 15.91923569227, 14.97530345453, 15.52375104983, 15.4013892325, -155.8435391776, -150.9123430806, -155.1117915948, -155.7191233888, -156.5372828241, -157.1493588027, 39.70251221998, 39.32923525216, 39.60956071759, 39.5892884341, 39.70518096563, 39.68669773307
11.175, 0.2807306610482, 0, 6, -0.04347264603651, -3.404308526484, -3.404309507548, -2.423530570957, -2.090182804832, -4.402284550278, -5.316854201041, 165.3403588819, 165.5476487774, 165.9835540141, 166.105366526, 10.79282406644, 100.0037416691, 100, 100.0072728523, 368.115365459, 386.245290075, 367.915037567, 365.6673425388, 368.3048285078, 366.0578448591, 15.27147056936, 16.02402624811, 15.10582546011, 15.63084150045, 15.52647816583, -155.6627982799, -150.690912634, -154.9315616807, -155.5439561831, -156.3562361424, -156.973372955, 39.70855394663, 39.3350997257, 39.61568821993, 39.59558512536, 39.71062558227, 39.69226237029
11.2, 0.2724046924299, 0, 6, -0.03866762652894, -3.389996094739, -3.389996867644, -2.410336481781, -2.074044300857, -4.386628083721, -5.283071006411, 165.7102575629, 165.9187647112, 166.355266221, 166.4779750831, 10.35823695171, 100.0055855009, 100, 100.008858606, 368.7855030555, 386.9045865752, 368.5836372169, 366.3372644054, 368.9765231047, 366.7308910005, 15.39645451092, 16.12621991978, 15.23183342272, 15.73430305024, 15.64758474095, -155.4804805032, -150.4691213837, -154.7497384024, -155.3670410852, -156.1736123475, -156.7956566701, 39.71445970757, 39.34090221235, 39.62173761265, 39.60169435811, 39.71604027818, 39.69766429758
11.225, 0.2642921730506, 0, 6, -0.03643146270189, -3.376550292037, -3.376550975405, -2.398585451553, -2.05524569722, -4.371714616371, -5.253957828839, 166.0801967141, 166.289891458, 166.7269557837, 166.8505461418, 9.9216695757, 100.0074013217, 100, 100.0104814823, 369.455251948, 387.5637637611, 369.2518903222, 367.0068060645, 369.6477593045, 367.4034461471, 15.51720026702, 16.2238131081, 15.3522173448, 15.83305113964, 15.76526680436, -155.2966385723, -150.2471634186, -154.5663790455, -155.1884134957, -155.9894741029, -156.6162477139, 39.72023784357, 39.34662967717, 39.62768428241, 39.60772690687, 39.72138950172, 39.70299424208
11.25, 0.255517695755, 0, 6, -0.03439033507166, -3.363408181038, -3.363408787602, -2.387953859239, -2.033191883477, -4.357184432101, -5.227361330559, 166.4501782021, 166.6610325096, 167.0986184451, 167.2230737431, 9.485649519556, 100.0091759826, 100, 100.0121629035, 370.1246095041, 388.2228979849, 369.9198138166, 367.6759757702, 370.3185429865, 368.075507503, 15.63308996205, 16.31643013241, 15.46671552193, 15.92681505263, 15.87912874408, -155.1113344606, -150.0252938514, -154.3815431516, -155.0081100936, -155.8038842779, -156.4351861386, 39.72591216508, 39.35225743175, 39.63349643652, 39.6137383975, 39.7266508456, 39.7083207383
11.275, 0.24621731339, 0, 6, -0.03042449620051, -3.35117870212, -3.351179175124, -2.378461829227, -2.010256506984, -4.343583803685, -5.202094676873, 166.8202030606, 167.032194735, 167.4702509717, 167.5955581572, 9.051966600791, 100.0108585912, 100, 100.0138236807, 370.7935766841, 388.8820470154, 370.5874227717, 368.3447820594, 370.9888826536, 368.747076647, 15.74373301489, 16.40367959185, 15.57564046427, 16.01534297299, 15.98847291934, -154.9246356368, -149.8036963909, -154.1952904628, -154.8261796803, -155.6169043696, -156.2525227899, 39.73150114472, 39.35776107153, 39.63914670814, 39.6197270235, 39.73180872272, 39.713672367
11.3, 0.236693428991, 0, 6, -0.0236246119548, -3.340887619568, -3.340887903889, -2.370214390481, -1.989318813284, -4.332597762684, -5.178077161302, 167.1902707053, 167.4033832523, 167.8418531458, 167.9680063066, 8.621015048895, 100.0124548429, 100, 100.0154164856, 371.4621615059, 389.5412303676, 371.2547274175, 369.0132339211, 371.6587905036, 369.4181638595, 15.84915772005, 16.48606433609, 15.67960677125, 16.09916772996, 16.09294396468, -154.736605006, -149.5824173375, -154.0076760294, -154.642683517, -155.4285875192, -156.0683190219, 39.73701128479, 39.36312899671, 39.64465431793, 39.62565515142, 39.73688303349, 39.71903702682
11.325, 0.2271047198111, 0, 6, -0.01456875395019, -3.333325461193, -3.333325569072, -2.363654621292, -1.972316254405, -4.325445350492, -5.155696285388, 167.5603793222, 167.7746004109, 168.2134268084, 168.340422036, 8.192299248422, 100.0139706369, 100, 100.0169055259, 372.1303798966, 390.2004381806, 371.9217352018, 369.681341692, 372.3282817775, 370.0887862564, 15.94969780243, 16.56439135561, 15.77922146898, 16.17926766016, 16.19242410878, -154.547296665, -149.3614004513, -153.8187510244, -154.4576885654, -155.2389824617, -155.8826408343, 39.74244099937, 39.36837167689, 39.65004469794, 39.63147289507, 39.74189945057, 39.72437539918
11.35, 0.2176488618678, 0, 6, -0.00464675834452, -3.328815847064, -3.328815858024, -2.3593228706, -1.959929539093, -4.321779052761, -5.13528613786, 167.9305267663, 168.1458462841, 168.5849738064, 168.7128092976, 7.764977039017, 100.0153876664, 100, 100.0182492735, 372.7982517272, 390.8596493061, 372.5884535054, 370.3491167936, 372.9973720809, 370.7589638404, 16.04579234848, 16.63863867436, 15.87492180555, 16.25513846209, 16.28703947672, -154.3567586822, -149.1405536859, -153.628565243, -154.2712620949, -155.0481385536, -155.6955543479, 39.74778106392, 39.37350827075, 39.65532806195, 39.63713430462, 39.74686336233, 39.72963731646
11.375, 0.208720730976, 0, 6, 0.004723858874007, -3.327015056031, -3.327015067352, -2.357255911257, -1.951213833886, -4.320825854846, -5.117770688653, 168.3007110253, 168.5171177439, 168.9564961802, 169.0851702109, 7.338441094113, 100.0167227473, 100, 100.0194635862, 373.4657961894, 391.5188482103, 373.2548905571, 371.0165712661, 373.6660770183, 371.4287158427, 16.13780533403, 16.70899115292, 15.96671471823, 16.32701328273, 16.37718121356, -154.1650354494, -148.9198081564, -153.4371682104, -154.0834656924, -154.8561057652, -155.5071206802, 39.75301871903, 39.37855470814, 39.66050989751, 39.64262980619, 39.75176848259, 39.7347904038
11.4, 0.2001088603635, 0, 6, 0.01292514574629, -3.327072580452, -3.327072665204, -2.356958018015, -1.944027112828, -4.321490015024, -5.103026595877, 168.6709308687, 168.8884114611, 169.3279946056, 169.4575043256, 6.912809232133, 100.0179684468, 100, 100.0205764594, 374.1330273153, 392.178038884, 373.9210566699, 371.6837167046, 374.3344101816, 372.0980573638, 16.22588409937, 16.77545551367, 16.05434543517, 16.39493191481, 16.46332028891, -153.9721712487, -148.699164824, -153.2446099149, -153.8943525062, -154.6629354185, -155.3173930825, 39.7581485487, 39.38351781047, 39.66559300624, 39.64798632478, 39.7566029106, 39.73983987647
11.425, 0.1916318191442, 0, 6, 0.02011909515463, -3.32815824515, -3.328158450566, -2.357822731526, -1.937025146304, -4.32290946018, -5.090445102351, 169.0411856304, 169.2597271495, 169.6994686347, 169.829810393, 6.488760020333, 100.0191210757, 100, 100.0216106731, 374.7999549334, 392.837240723, 374.5869636916, 372.3505640494, 375.0023837228, 372.76699989, 16.31001151237, 16.83797944064, 16.13767774035, 16.45887111744, 16.54568891083, -153.7782131175, -148.4786785797, -153.0509412225, -153.703971662, -154.4686796762, -155.1264213851, 39.76317327196, 39.3883966846, 39.67057580703, 39.65323178452, 39.76135631421, 39.74480218475
11.45, 0.1832356843618, 0, 6, 0.02682192010849, -3.329798400436, -3.329798765705, -2.359413253491, -1.929880941688, -4.324700617395, -5.07939757621, 169.4114749007, 169.6310667767, 170.0709173669, 170.2020872861, 6.067192446711, 100.0201792046, 100, 100.022573801, 375.4665876656, 393.4964793537, 375.2526242675, 373.0171241172, 375.6700093302, 373.4355534455, 16.39010641644, 16.89650701049, 16.21671624785, 16.51879190194, 16.62430332468, -153.5832111947, -148.258425469, -152.8562134611, -153.5123716079, -154.2733906434, -154.9342548859, 39.7680992183, 39.3931869832, 39.67545511266, 39.65838315791, 39.76602414646, 39.7496926347
11.475, 0.1749539005626, 0, 6, 0.03349592540061, -3.331893116179, -3.331893686198, -2.361433553752, -1.922928777889, -4.32697994195, -5.069448616153, 169.7817983391, 170.0024330103, 170.442339984, 170.5743344504, 5.648939550759, 100.0211357315, 100, 100.0234537062, 376.1329351155, 394.1557790977, 375.9180510901, 373.6834079227, 376.3372987527, 374.1037282338, 16.46610138475, 16.95104083, 16.29155159989, 16.57466867035, 16.69906285515, -153.3872169469, -148.0384767893, -152.6604772885, -153.3196014925, -154.0771190091, -154.7409434715, 39.77293292556, 39.39788580695, 39.68023506048, 39.66344509722, 39.77061244911, 39.75451911793
11.5, 0.1667899246662, 0, 6, 0.04025366545492, -3.334537127002, -3.334537950878, -2.363701542875, -1.916666978014, -4.330133881612, -5.060361931161, 170.1521555901, 170.3738277861, 170.813736018, 170.9465519448, 5.234495137262, 100.0219849642, 100, 100.024234065, 376.7990090797, 394.81515893, 376.5832564708, 374.3494268359, 377.0042640055, 374.771535432, 16.53798128078, 17.00165075684, 16.36229788207, 16.62650257196, 16.76984361145, -153.1902806801, -147.8188857605, -152.4637817496, -153.125711036, -153.8799134373, -154.5465374632, 39.77768056487, 39.40249707525, 39.68493126908, 39.66841375578, 39.77513759482, 39.75928053942
11.525, 0.1587516509531, 0, 6, 0.04680060022276, -3.337827731195, -3.33782884596, -2.366130507151, -1.911398486616, -4.33441777195, -5.052043352468, 170.5225462705, 170.7452513399, 171.1851053108, 171.3187401716, 4.824201943382, 100.0227256919, 100, 100.0249040036, 377.4648235843, 395.4746331046, 377.2482524294, 375.0151926734, 377.6709174744, 375.4389871267, 16.60577506824, 17.04848407504, 16.42903998687, 16.67439043886, 16.83655166901, -152.9924503509, -147.5996900139, -152.2661744095, -152.9307497144, -153.6818214112, -154.3510868996, 39.7823482089, 39.40703288587, 39.68956407908, 39.67328213523, 39.77961803006, 39.76396940781
11.55, 0.1508756155971, 0, 6, 0.05258793107882, -3.341759088217, -3.341760497392, -2.368830657563, -1.907038470948, -4.339817483806, -5.044597897275, 170.8929699438, 171.1167015353, 171.5564479222, 171.6908993555, 4.418359898681, 100.0233565226, 100, 100.0254572001, 378.1303938948, 396.1342140431, 377.9130506652, 375.6807176005, 378.3372718385, 376.1060957854, 16.66952564528, 17.09216613781, 16.49178370756, 16.71870064688, 16.89916492675, -152.7937717356, -147.3809215675, -152.0677018879, -152.7347657935, -153.4828898377, -154.1546405819, 39.78694239717, 39.4115109318, 39.6941540903, 39.67804729837, 39.78407036034, 39.76857936282
11.575, 0.1432017898366, 0, 6, 0.05708901526355, -3.346209343603, -3.346211006546, -2.371767909634, -1.903090941698, -4.346086405696, -5.038171736755, 171.2634264505, 171.4881737053, 171.9277637818, 172.0630291469, 4.017298529125, 100.0238772546, 100, 100.0258984121, 378.7957348706, 396.7939148605, 378.5776629817, 376.3460137789, 379.0033395964, 376.7728737055, 16.72926450169, 17.1331473736, 16.55043887633, 16.75973805802, 16.95775103278, -152.594289203, -147.1626153176, -151.8684100122, -152.5378057042, -153.2831652127, -153.957245411, 39.79147222266, 39.41595096363, 39.69872073737, 39.68271838876, 39.78850901238, 39.77311449999
11.6, 0.1356447531378, 0, 6, 0.06000872832463, -3.350988258775, -3.350990098794, -2.374643903626, -1.898941458483, -4.352977044374, -5.032786097649, 171.6339155122, 171.8596616145, 172.2990525344, 172.4351289481, 3.621353703381, 100.0242806507, 100, 100.0262312962, 379.4608596534, 397.4537487082, 379.2421013275, 377.0110928418, 379.6691327885, 377.4393329129, 16.78501807825, 17.17095653579, 16.60491271149, 16.7974310066, 17.01241539145, -152.3940460529, -146.9448068073, -151.6683434379, -152.3399145707, -153.0826930627, -153.7589468571, 39.79595108477, 39.42037230553, 39.70328165918, 39.68731491308, 39.79294706716, 39.77758914221
11.625, 0.1281222936598, 0, 6, 0.06130648345663, -3.355908251037, -3.355910174327, -2.377382832207, -1.89414169538, -4.360223299334, -5.028325310035, 172.0044363382, 172.2311589859, 172.6703139807, 172.8071982623, 3.230836065554, 100.0245559268, 100, 100.0264549622, 380.1257796717, 398.1137277883, 379.9063766093, 377.6759658314, 380.3346635818, 378.1054853439, 16.83681826042, 17.20583793141, 16.65518082708, 16.83204651078, 17.06324781913, -152.1930852055, -146.7275292229, -151.4675462355, -152.1411373021, -152.8815178827, -153.5597900273, 39.80039639202, 39.42479311806, 39.70785295204, 39.69186069413, 39.79739699504, 39.78202297532
11.65, 0.1205421460178, 0, 6, 0.06113139808863, -3.36083495848, -3.360836873614, -2.380053221994, -1.888542737762, -4.367519692174, -5.024598145399, 172.3749878451, 172.6026611037, 173.0415476924, 173.1792370197, 2.845948586049, 100.0246976103, 100, 100.0265707202, 380.7905051477, 398.7738609103, 380.5704992149, 378.3406433093, 380.9999442077, 378.7713434691, 16.88472812864, 17.23765865794, 16.70132027783, 16.86350782417, 17.11032244325, -151.9914493966, -146.510805329, -151.2660619226, -151.941519789, -152.6796836631, -153.3598207158, 39.80482750893, 39.42922968272, 39.71244449837, 39.6963790521, 39.80186584566, 39.78643650803
11.675, 0.1128869570095, 0, 6, 0.05981163289829, -3.365693416477, -3.365695252469, -2.38286493387, -1.882269852229, -4.374501455019, -5.021391846879, 172.7455685309, 172.974165869, 173.412752262, 173.5512457097, 2.466822708815, 100.0247103931, 100, 100.02658537, 381.4550453319, 399.434153072, 381.2344788896, 379.0051355506, 381.6649874311, 379.4369205974, 16.92884709841, 17.26625437717, 16.74349390504, 16.89175074815, 17.15371418453, -151.7891815753, -146.294646067, -151.0639339376, -151.741109394, -152.4772342907, -153.1590858659, 39.80926219698, 39.43369306203, 39.71705560406, 39.70089080015, 39.80635073295, 39.79084846098
11.7, 0.1053506405057, 0, 6, 0.05781928243041, -3.370423257324, -3.370424975455, -2.385969798354, -1.875566895872, -4.380529663798, -5.018480439853, 173.1161765941, 173.3456735457, 173.7839233433, 173.9232253707, 2.093476014522, 100.0245861661, 100, 100.0264887151, 382.1194086427, 400.09460527, 381.8983247515, 379.6694526135, 382.3298063328, 380.1022309775, 16.96931324435, 17.29147661858, 16.78192410645, 16.91658536521, 17.19352604215, -151.5863244476, -146.0790498522, -150.8612052254, -151.5399546969, -152.2742126055, -152.9576333182, 39.81371427265, 39.43818745361, 39.72168189291, 39.7054141734, 39.81084495296, 39.7952746361
11.725, 0.0976261431542, 0, 6, 0.05567491710564, -3.374924251224, -3.374925846408, -2.389337447289, -1.868696992867, -4.386016233535, -5.015581228685, 173.4868097574, 173.7171855439, 174.1550725284, 174.2951773546, 1.725809704676, 100.02430309, 100, 100.026254625, 382.7836027324, 400.7552148686, 382.5620448034, 380.33360406, 382.9944143918, 380.7672891713, 17.00629362054, 17.31365983719, 16.81687652225, 16.93860447758, 17.22980666671, -151.3829198461, -145.8640050157, -150.6579179999, -151.3381048065, -152.0706599298, -152.7555112926, 39.81819316771, 39.44271166937, 39.72631971375, 39.70996338545, 39.81534180276, 39.79972549557
11.75, 0.09001513216194, 0, 6, 0.05378703962869, -3.379100105375, -3.379101596057, -2.392840724726, -1.862025566344, -4.390491166676, -5.012253460461, 173.8574659089, 174.0887039824, 174.5261985178, 174.6671035319, 1.363662034098, 100.0239232863, 100, 100.0259357051, 383.4476364856, 401.4159774483, 383.2256477339, 380.9976001508, 383.6588252734, 381.4321107964, 17.03997603554, 17.33280978666, 16.84866864193, 16.95770854371, 17.26271031655, -151.1790095767, -145.6494938502, -150.4541145101, -151.1356099977, -151.8666172913, -152.5527690872, 39.82270311986, 39.447261606, 39.7309660975, 39.71454195325, 39.81983603977, 39.80420103752
11.775, 0.08259543396148, 0, 6, 0.05233275385919, -3.382799346633, -3.382800759344, -2.396291631495, -1.855738947537, -4.393851442642, -5.008152196088, 174.2281430678, 174.4602306982, 174.8972999752, 175.0390063296, 1.006812638461, 100.0234567177, 100, 100.0255293687, 384.1115201007, 402.0768867942, 383.889142274, 381.6614515409, 384.3230529372, 382.0967119179, 17.07056290473, 17.34906662273, 16.87760831162, 16.97403591399, 17.29236574447, -150.9746338448, -145.4354930602, -150.2498360564, -150.9325200492, -151.6621246192, -152.3494555014, 39.82724253305, 39.45183200833, 39.73561911732, 39.71914488144, 39.82432245991, 39.80869162268
11.8, 0.07541837207688, 0, 6, 0.05128804403639, -3.385814678514, -3.385816036597, -2.399433670339, -1.849751438342, -4.395970595045, -5.003060139007, 174.5988395528, 174.8317669078, 175.2683775626, 175.4108878653, 0.65508772168, 100.0229247405, 100, 100.0250474379, 384.7752648529, 402.7379379594, 384.5525375766, 382.3251692655, 384.9871110457, 382.7611082906, 17.0982396386, 17.36255572224, 16.90392146871, 16.98769896304, 17.31891945232, -150.7698313432, -145.2219838318, -150.0451229246, -150.728882729, -151.4572209715, -152.1456173883, 39.8318051757, 39.45641705198, 39.74027740868, 39.72376431074, 39.82879599178, 39.81318445903
11.825, 0.0685073026233, 0, 6, 0.05053575017444, -3.387929997951, -3.387931317311, -2.401993449617, -1.84378921542, -4.396746308392, -4.996892472213, 174.9695540542, 175.203313311, 175.6394320289, 175.7827497367, 0.3084146062788, 100.02234661, 100, 100.0245049644, 385.4388825321, 403.3991289288, 385.2158433341, 382.9887646094, 385.6510127617, 383.4253149519, 17.12315821508, 17.37333021373, 16.92774096301, 16.99872950004, 17.34254502018, -150.5646397761, -145.0089570448, -149.8400144572, -150.5247432709, -151.2519446492, -151.9412991389, 39.83638241064, 39.46101039691, 39.74493966237, 39.72839326012, 39.83325222693, 39.81766854435
11.85, 0.06185780349672, 0, 6, 0.04995969524559, -3.38896911565, -3.388970405499, -2.403733880471, -1.837517760726, -4.396128622419, -4.989662626498, 175.3402856136, 175.5748703037, 176.0104639663, 176.1545930139, -0.03320014953557, 100.0217382454, 100, 100.0239185937, 386.1023849469, 404.0604615897, 385.8790697364, 383.6522489394, 386.314770681, 384.0893459254, 17.14542771678, 17.38142304964, 16.94912225262, 17.00713376498, 17.36341187577, -150.3590963783, -144.7964163401, -149.6345491797, -150.3201442563, -151.0463333217, -151.7365426342, 39.84096540609, 39.46560550398, 39.74960418904, 39.73302718133, 39.83768772635, 39.82213672681
11.875, 0.05543404262101, 0, 6, 0.04950678400198, -3.388821897296, -3.38882316381, -2.404495160737, -1.830644081956, -4.394112882581, -4.98142718, 175.7110336233, 175.9464381679, 176.381473625, 176.5264183436, -0.3696007667411, 100.0211120217, 100, 100.02330412, 386.7657835849, 404.7219419519, 386.5422275326, 384.3156335641, 386.9783967201, 384.7532141127, 17.16511251815, 17.38665537648, 16.96806885005, 17.01271399502, 17.38165460138, -150.1532382381, -144.5843787784, -149.4287648837, -150.1151257853, -150.8404242962, -151.5313874927, 39.84554638143, 39.47019562886, 39.75426783945, 39.73766387112, 39.84209850925, 39.82658545717
11.9, 0.04917362363113, 0, 6, 0.04920056845009, -3.387443795567, -3.387445045952, -2.404190303566, -1.822955210341, -4.390758664275, -4.972246707372, 176.0817977777, 176.3180172021, 176.7524609533, 176.8982260583, -0.7004465878241, 100.0204771999, 100, 100.0226744558, 387.4290895574, 405.3835801323, 387.2053279559, 384.9789297096, 387.6419022195, 385.4169313087, 17.18223304174, 17.3887565252, 16.98454966007, 17.01518280909, 17.39735235179, -149.9471025013, -144.3728747693, -149.2226988136, -149.9097257781, -150.6342546317, -151.3258714436, 39.85011899301, 39.47477393197, 39.75892696045, 39.74230267939, 39.84648058521, 39.83101340932
11.925, 0.04304667022448, 0, 6, 0.0491216157268, -3.3848387735, -3.384840018914, -2.40275654313, -1.814325523099, -4.386145396357, -4.962160777859, 176.4525779435, 176.6896078124, 177.1234258777, 177.2700162121, -1.025255439306, 100.0198408204, 100, 100.0220399841, 388.0923137625, 406.0453904173, 387.8683824805, 385.6421486041, 388.305298343, 386.0805082831, 17.19676622793, 17.38786360358, 16.99850445655, 17.01466175475, 17.41052485585, -149.7407265419, -144.1619482555, -149.0163880326, -149.7039802951, -150.4278613232, -151.1200306721, 39.85467841363, 39.47933395045, 39.76357820549, 39.74694389701, 39.85083035243, 39.83542069204
11.95, 0.03704159429303, 0, 6, 0.04936771733923, -3.381031695686, -3.381032952193, -2.400137478767, -1.804707549022, -4.380337375765, -4.951153026444, 176.8233741759, 177.0612105923, 177.4943681607, 177.6417887428, -1.343443757365, 100.0192079298, 100, 100.0214074777, 388.755467042, 406.7073900711, 388.5314029225, 386.3053014692, 388.9685959469, 386.7439550417, 17.20865789394, 17.38415390021, 17.00986516396, 17.01131543037, 17.42113334469, -149.5341476585, -143.9516528786, -148.809869303, -149.4979239906, -150.2212813018, -150.9139002391, 39.85922100303, 39.48387006689, 39.76821874894, 39.75158704656, 39.85514453614, 39.83980664243
11.975, 0.03114238904341, 0, 6, 0.05001007625016, -3.376043048918, -3.376044336429, -2.396295571068, -1.794083893466, -4.373380998664, -4.939165749361, 177.1941865883, 177.4328262364, 177.8652874635, 178.0135435882, -1.654393156565, 100.0185822512, 100, 100.0207806042, 389.4185602998, 407.3695973533, 389.1944012123, 386.9683994746, 389.6318056398, 387.4072812073, 17.21784204843, 17.37775475985, 17.01856628511, 17.00526161498, 17.42910667338, -149.3274025456, -143.7420456178, -148.6031788149, -149.2915905445, -150.0145511033, -150.7075143826, 39.86374368331, 39.48837776551, 39.77284624527, 39.75623034886, 39.85942007734, 39.84416892341
12, 0.02533770948257, 0, 6, 0.05106680301613, -3.36987961556, -3.3698809556, -2.391171291603, -1.782434134252, -4.365363458093, -4.926131152025, 177.5650150349, 177.8044554296, 178.2361834801, 178.3852807467, -1.957500773931, 100.0179606518, 100, 100.0201545368, 390.0816045616, 408.0320299932, 389.8573891324, 387.6314537, 390.2949378655, 388.0704963071, 17.2242554671, 17.36880817649, 17.02454769999, 16.99662654978, 17.43436809794, -149.1205270133, -143.533181987, -148.3963520186, -149.0850130278, -149.8077064365, -150.5009067489, 39.86824364094, 39.49285386934, 39.77746070997, 39.76087099256, 39.86365637556, 39.84850386591
12.025, 0.01963021900563, 0, 6, 0.05243214820713, -3.362542720339, -3.36254412991, -2.384546409765, -1.769724776042, -4.356504552789, -4.912004209286, 177.9358578968, 178.1760987913, 178.6070559991, 178.7570003096, -2.252202255414, 100.0173385512, 100, 100.0195219467, 390.7446113427, 408.6947041109, 390.5203782676, 388.2944751814, 390.9580028176, 388.7336099598, 17.22784775447, 17.35743531082, 17.02775442613, 16.98547779252, 17.43684900448, -148.9135558179, -143.3251127588, -148.1894234241, -148.8782241846, -149.6007816093, -150.2941105894, 39.87271935146, 39.49729900666, 39.78207195748, 39.76550535033, 39.86786293614, 39.85280703099
12.05, 0.01411236584797, 0, 6, 0.05380005193921, -3.354020777869, -3.354022258179, -2.375936816494, -1.75589710684, -4.347016261371, -4.89676403674, 178.3067118427, 178.5477568281, 178.9779049137, 179.1287025785, -2.538080386328, 100.0166907839, 100, 100.0188561314, 391.4075929058, 409.3576320715, 391.1833797458, 388.9574748303, 391.6210105261, 389.396632198, 17.22860199113, 17.34354562197, 17.02815253471, 16.97174397219, 17.43650745617, -148.7065219165, -143.1178771678, -147.9824261736, -148.6712566952, -149.3938094935, -150.0871588942, 39.87717215368, 39.50172073617, 39.78669746958, 39.77012934224, 39.87205630722, 39.85707351966
12.075, 0.008538878255662, 0, 6, 0.05469940647234, -3.344280089837, -3.344281615598, -2.365718226213, -1.740828029559, -4.336950022697, -4.880442681445, 178.6775866676, 178.9194295969, 179.3487304338, 179.5003881346, -2.814977525866, 100.0159668556, 100, 100.0181062522, 392.0705615399, 410.0208194457, 391.8464029652, 389.620462869, 392.2839709881, 390.059573569, 17.22655919199, 17.32752159165, 17.02574964493, 16.95560440389, 17.43336009526, -148.4994559734, -142.9114942693, -147.7753920046, -148.4641437009, -149.1868213724, -149.880084719, 39.8816064108, 39.50613298777, 39.79135544167, 39.7747398519, 39.87625358742, 39.86129907962
12.1, 0.003005415461855, 0, 6, 0.05462354154775, -3.333335559498, -3.333337076038, -2.353749711678, -1.724270601791, -4.326264676583, -4.863262138437, 179.0484834177, 179.2911169933, 179.7195325801, 179.8720573381, -3.082683467854, 100.0152085831, 100, 100.0173173257, 392.7335300725, 410.6842733391, 392.5094580658, 390.2834499282, 392.9468941745, 390.7224445394, 17.22174437701, 17.30926053642, 17.02048910166, 16.93700578986, 17.42745533722, -148.2923892876, -142.705988221, -147.5683530491, -148.256917899, -148.9798494863, -149.6729206259, 39.88602970764, 39.51055365486, 39.79606221616, 39.7793399097, 39.8804714324, 39.86548703445
12.125, -0.002456534840585, 0, 6, 0.05322529489629, -3.321222392755, -3.321223827404, -2.340062921079, -1.705977798451, -4.314902543315, -4.845508660752, 179.4193985485, 179.6628186498, 180.0903113947, 180.2437103967, -3.340996606177, 100.0143910705, 100, 100.0164742197, 393.3965103021, 411.3480004952, 393.1725547874, 390.9464463625, 393.6097900796, 391.3852555672, 17.21418526988, 17.28874191364, 17.01228893685, 16.91596664284, 17.4188885631, -148.0853532932, -142.5013823889, -147.3613413318, -148.0496117638, -148.7729259784, -149.4656987877, 39.89045401571, 39.51500178357, 39.800833138, 39.78394299218, 39.88472532534, 39.86965133139
12.15, -0.007859010565405, 0, 6, 0.05039179804984, -3.30795576786, -3.307957048678, -2.324777194022, -1.685830608427, -4.302772650697, -4.827345667212, 179.7903307459, 180.0345339595, 180.4610669858, 180.6153477479, -3.589783638881, 100.0134986594, 100, 100.0155718219, 394.0595121845, 412.0120053656, 393.8357019022, 391.609461721, 394.2726685752, 392.0480171153, 17.20392785791, 17.26601654532, 17.00112355519, 16.89255978897, 17.40775803189, -147.8783789951, -142.2976936829, -147.1543883064, -147.8422580405, -148.5660822155, -149.2584515132, 39.89489569858, 39.51949604299, 39.80568264209, 39.78856930145, 39.8890293979, 39.87381165966
12.175, -0.0131961886169, 0, 6, 0.04618855408295, -3.293522019867, -3.293523091221, -2.307994335396, -1.663866127512, -4.289710274722, -4.808763221142, 180.1612790367, 180.4062623782, 180.8317995169, 180.9869702537, -3.828963527025, 100.0125274771, 100, 100.0146136798, 394.7225442698, 412.6762906616, 394.4989074981, 392.272504904, 394.9355394375, 392.710739643, 17.19103201183, 17.24112831834, 16.98704641251, 16.86686064111, 17.39413279107, -147.6714969261, -142.0949340698, -146.9475248998, -147.6348897745, -148.3593489319, -149.0512113503, 39.89937392973, 39.5240542766, 39.81062351203, 39.79324051909, 39.89339586469, 39.87798856862
12.2, -0.01843297399616, 0, 6, 0.04081183319498, -3.277876466499, -3.277877298959, -2.289920954609, -1.640203449886, -4.27538311231, -4.789610490143, 180.5322423724, 180.7780035193, 181.2025092083, 181.3585791955, -4.058498716129, 100.0114872329, 100, 100.0136134212, 395.3856140733, 413.3408576074, 395.1621791142, 392.935584327, 395.598412508, 393.3734336654, 17.17556987209, 17.21410917392, 16.97019834079, 16.83897873796, 17.37805844329, -147.4647369971, -141.8931110431, -146.7407815321, -147.4275401275, -148.1527566577, -148.8440108961, 39.90390776883, 39.5286915452, 39.81565985884, 39.7979765424, 39.89782777456, 39.88220057453
12.225, -0.02353687060141, 0, 6, 0.03460500710994, -3.260950412791, -3.260951008201, -2.270818061319, -1.614988479605, -4.259426596653, -4.769656115856, 180.9032196306, 181.149757047, 181.5731963105, 181.7301760355, -4.278302059571, 100.0103900304, 100, 100.0125827484, 396.0487280627, 414.0057074917, 395.8255239945, 393.5987080187, 396.2612975274, 394.0361094706, 17.15761042063, 17.18499918658, 16.95074665396, 16.80905498932, 17.359567646, -147.2581286791, -141.6922324042, -146.5341880919, -147.2202417148, -147.9463354904, -148.6368822015, 39.90851277696, 39.5334164125, 39.82078680849, 39.80279469668, 39.90231971287, 39.88646340808
12.25, -0.02852551734376, 0, 6, 0.02802490917239, -3.242680897347, -3.242681285659, -2.250865566472, -1.58844372048, -4.241434565583, -4.748661862919, 181.2742098299, 181.5215227944, 181.9438608423, 182.1017620882, -4.488216530033, 100.0092517247, 100, 100.0115347071, 396.7118919311, 414.6708426869, 396.4889494646, 394.2618837365, 396.924203584, 394.6987769164, 17.13720979992, 17.15364123145, 16.92880186439, 16.77672577855, 17.33868614749, -147.0517011717, -141.492309542, -146.327773788, -147.0130261915, -147.7401146703, -148.4298563654, 39.91319974609, 39.53823036898, 39.82599704553, 39.80770892487, 39.90686451234, 39.89079013112
12.275, -0.0334012433321, 0, 6, 0.02154190614793, -3.223037263744, -3.223037491787, -2.230135471267, -1.560906837642, -4.221475647289, -4.726356795092, 181.6452120207, 181.893300903, 182.3145034272, 182.4733386847, -4.68807114683, 100.0080938859, 100, 100.0104854108, 397.3751112885, 415.3362659952, 397.1524626291, 394.9251191348, 397.5871401096, 395.3614456297, 17.11441825308, 17.12029208331, 16.90452740462, 16.74248966515, 17.31541153639, -146.8454833191, -141.2933551053, -146.1215672249, -146.8059245318, -147.534122201, -148.2229638513, 39.9179746175, 39.54312979101, 39.831283388, 39.81272614846, 39.91145575445, 39.89518762432
12.3, -0.03813849241814, 0, 6, 0.01547892983548, -3.202014117043, -3.202014234015, -2.208615693182, -1.532710502313, -4.199597780771, -4.702446566592, 182.0162255377, 182.2650918856, 182.6851244861, 182.844907141, -4.877685151988, 100.0069381927, 100, 100.0094452363, 398.0383926371, 416.0019805493, 397.8160709322, 395.5884220286, 398.2501161684, 396.0241250778, 17.08928139676, 17.08505058833, 16.87809663469, 16.70653789197, 17.28970360565, -146.6395032295, -141.095382666, -145.9155962511, -146.5989669477, -147.3283852581, -148.0162344693, 39.92283762299, 39.54810835181, 39.83663941869, 39.81784242274, 39.91608785986, 39.89965252147
12.325, -0.04273918781499, 0, 6, 0.009941889590117, -3.179624434957, -3.179624482873, -2.186279600077, -1.504021263328, -4.175873417549, -4.676744663171, 182.3872499576, 182.6368962881, 183.0557244542, 183.2164682665, -5.056897057492, 100.0058049353, 100, 100.0084224181, 398.7017436821, 416.6679889567, 398.4797819476, 396.2518004982, 398.913140591, 396.6868247323, 17.06184807898, 17.04798707299, 16.84964193799, 16.66893148258, 17.26154291096, -146.4337878408, -140.8984039406, -145.709887761, -146.392182648, -147.1229300187, -147.8096970107, 39.92778336814, 39.55315851737, 39.84205930623, 39.82304689829, 39.92075585556, 39.90417483326
12.35, -0.04721525540605, 0, 6, 0.004880228213366, -3.155899642014, -3.155899653473, -2.163095345041, -1.474828340675, -4.150412163733, -4.649231790369, 182.7582850088, 183.0087144399, 183.4263038713, 183.5880220331, -5.225576358779, 100.004710739, 100, 100.0074254755, 399.3651729196, 417.3342929483, 399.1436031816, 396.9152628011, 399.5762220711, 397.3495541215, 17.03217369002, 17.00918012953, 16.81923405602, 16.62972994157, 17.2309638649, -146.2283629865, -140.702427672, -145.5044677087, -146.1855998467, -146.9177816572, -147.6033791602, 39.93280252283, 39.55827200633, 39.84753724839, 39.82832716275, 39.92545490195, 39.90874308699
12.375, -0.05157831756601, 0, 6, 0.0001923073769282, -3.130890304083, -3.130890304101, -2.139028359579, -1.445017675457, -4.123355014834, -4.620039451823, 183.1293304622, 183.3805463421, 183.7968633868, 183.959567592, -5.383651087871, 100.003667353, 100, 100.006463343, 400.0286889674, 418.0008930692, 399.8075418721, 397.5788171614, 400.2393691779, 398.0123228488, 17.0003232029, 16.9687164565, 16.78689831477, 16.58899350964, 17.19805923174, -146.0232536098, -140.5074586843, -145.2993611752, -145.9792460156, -146.7129643537, -147.3973076794, 39.93788406555, 39.56343989187, 39.85306745756, 39.83367273082, 39.93018036093, 39.91334807577
12.4, -0.05583337938037, 0, 6, -0.004195170351287, -3.104662521039, -3.104662529369, -2.114042296678, -1.414459509137, -4.094860649624, -4.589378606773, 183.5003860366, 183.7523916688, 184.167403764, 184.3311035699, -5.531224503784, 100.0026818541, 100, 100.0055444477, 400.692300043, 418.6677883518, 400.4716048174, 398.2424715598, 400.9025903687, 398.6751405927, 16.96637440625, 16.92669108551, 16.75264644186, 16.5467857418, 17.1629619117, -145.8184838865, -140.3134968776, -145.094592406, -145.7731481803, -146.5085012993, -147.1915087142, 39.9430172252, 39.56865292711, 39.8586442872, 39.83907624956, 39.93492788884, 39.91798386459
12.425, -0.05998581989128, 0, 6, -0.008294175533212, -3.077286851736, -3.07728688401, -2.08810099626, -1.383064180804, -4.065106818177, -4.557464577901, 183.8714513386, 184.1242498348, 184.5379258925, 184.7026284883, -5.668351100593, 100.0017571607, 100, 100.0046749662, 401.3560137161, 419.3349761335, 401.1357982785, 398.9062335975, 401.5658940029, 399.3380170832, 16.9304196257, 16.88321083156, 16.71650518667, 16.50319259175, 17.1258224616, -145.6140772164, -140.1205366643, -144.8901848215, -145.5673331102, -146.3044147362, -146.9860080327, 39.94819257751, 39.57390196647, 39.86426218904, 39.84453302317, 39.93969319022, 39.92264700892
12.45, -0.06402761068554, 0, 6, -0.01206270965726, -3.048826959018, -3.048827026651, -2.061167103218, -1.350792238216, -4.034241785835, -4.524472593675, 184.242525861, 184.49612009, 184.9084307607, 185.0741411185, -5.795106518375, 100.0008932868, 100, 100.003858137, 402.0198369258, 420.002452246, 401.8001280009, 399.5701104646, 402.2292883068, 400.0009620359, 16.8925638937, 16.83838951784, 16.67852946385, 16.45830641385, 17.08679267214, -145.4100561991, -139.9285676, -144.6861610565, -145.3618273463, -146.1007260463, -146.780831107, 39.95340234295, 39.57917840891, 39.86991585628, 39.85003990662, 39.94447207992, 39.92733531159
12.475, -0.06794369512478, 0, 6, -0.01542938933692, -3.019332458644, -3.019332568225, -2.033204273106, -1.317651452613, -4.002383948911, -4.490528718611, 184.6136090018, 184.8680015963, 185.2789194346, 185.445640702, -5.911610764265, 100.0000886188, 100, 100.0030947984, 402.6837761001, 420.6702112106, 402.4645992481, 400.2341089492, 402.8927813402, 400.6639850875, 16.85292296478, 16.79234681982, 16.63880396071, 16.41223070128, 17.04602023346, -145.2064425417, -139.7375749977, -144.4825429349, -145.156657107, -145.8974557748, -146.5760030442, 39.95864024672, 39.58447455532, 39.87560029993, 39.85559436101, 39.94926053363, 39.93204697216
12.5, -0.07171500657396, 0, 6, -0.01832128353728, -2.988837923173, -2.988838076117, -2.004183818802, -1.283682810894, -3.969617020957, -4.455710393078, 184.984700096, 185.2398935015, 185.6493930309, 185.8171270507, -6.018018641909, 99.99934123323, 100, 100.002384297, 403.3478373074, 421.3382465306, 403.1292168567, 400.8982354632, 403.5563809442, 401.3270957139, 16.81162030043, 16.74520228518, 16.59743919559, 16.36507457236, 17.00364486277, -145.0032569769, -139.5475408402, -144.2793514233, -144.9518481148, -145.6946236292, -146.37154844, 39.96390113423, 39.58978378979, 39.88131074908, 39.86119353232, 39.95405467666, 39.93677975188
12.525, -0.07532893241535, 0, 6, -0.02068644499707, -2.957366895852, -2.957367088777, -1.974094371917, -1.24894149484, -3.936015419434, -4.420062255163, 185.3557984507, 185.6117949844, 186.0198526989, 186.1886005065, -6.114508509833, 99.99864826606, 100, 100.0017238322, 404.0120263875, 422.0065510354, 403.7939852903, 401.5624960765, 404.2200946887, 401.9903031421, 16.76878350737, 16.69708092344, 16.5545620312, 16.3169584415, 16.95979882775, -144.8005192121, -139.3584448522, -144.0766065791, -144.7474253807, -145.492248437, -146.1674911807, 39.96918051706, 39.59510058547, 39.88704269501, 39.86683377826, 39.95885106946, 39.94153063701
12.55, -0.07878871513538, 0, 6, -0.02252764637302, -2.92494643064, -2.924946656923, -1.942887763543, -1.213487298662, -3.901756861234, -4.383624414679, 185.7269034101, 185.9837052853, 186.3902996056, 186.560061794, -6.201255213162, 99.99799827774, 100, 100.0011005142, 404.6763491682, 422.6751174704, 404.458908761, 402.2268965782, 404.8839297416, 402.6536162014, 16.72453804631, 16.64813295492, 16.51030101689, 16.26801003213, 16.9146044943, -144.5982480411, -139.1702665088, -143.8743275768, -144.5434129911, -145.2903479587, -145.9638542658, 39.97447457917, 39.60042120182, 39.89279601328, 39.87251049997, 39.96365128237, 39.94629592012
12.575, -0.08208182490989, 0, 6, -0.02399056984151, -2.891620935749, -2.891621189447, -1.910395484371, -1.177374900425, -3.867087554267, -4.3464553717, 186.098014485, 186.3556237669, 186.7607348537, 186.9315118328, -6.278308982434, 99.99737653106, 100, 100.0004979589, 405.3408120211, 423.3439391821, 405.1239914707, 402.8914426296, 405.5478927292, 403.3170431824, 16.67900007768, 16.59848221603, 16.46477067393, 16.21828925768, 16.86816592915, -144.396461428, -138.9829874711, -143.6725327971, -144.3398339127, -145.0889389976, -145.7606596788, 39.97978139735, 39.60574670307, 39.89858005448, 39.87821802544, 39.96846629891, 39.95107128437
12.6, -0.08519240839782, 0, 6, -0.02540872027283, -2.857443342859, -2.857443624067, -1.876485926301, -1.140630686159, -3.832179941167, -4.308625860877, 186.4691313412, 186.7275499454, 187.1311594439, 187.302951629, -6.345897539158, 99.99677101592, 100, 99.99990348844, 406.0054220952, 424.0130100177, 405.7892375651, 403.5561398065, 406.2119898481, 403.9805918598, 16.63227743447, 16.54822179592, 16.41806833614, 16.16783362263, 16.82057007831, -144.1951762662, -138.7965912502, -143.4712397874, -144.1367098772, -144.8880378398, -145.5579282861, 39.98510184695, 39.61108477412, 39.90440860322, 39.88395005964, 39.97331113711, 39.95585196057
12.625, -0.08812787505604, 0, 6, -0.02724103201911, -2.822466685536, -2.822467004801, -1.841154663588, -1.103135734095, -3.797091031471, -4.270252756924, 186.8402536941, 187.0994833403, 187.5015742858, 187.6743820817, -6.404332421766, 99.99616962831, 100, 99.9993055836, 406.6701868784, 424.6823237351, 406.454650905, 404.2209934721, 406.8762269339, 404.6442695914, 16.5844754941, 16.49741733698, 16.3702677456, 16.11668498799, 16.77191540857, -143.9944082444, -138.6110611831, -143.2704651294, -143.9340613991, -144.6876602295, -145.355679751, 39.99043943001, 39.61644827703, 39.91029530706, 39.88970216789, 39.97820052406, 39.9606352437
12.65, -0.0908960347969, 0, 6, -0.02991390071688, -2.786751233401, -2.786751613513, -1.804501693733, -1.064666315587, -3.761808901666, -4.231597440271, 187.21138114, 187.471423097, 187.8719802544, 188.045803702, -6.453959064738, 99.99555847074, 100, 99.9986963493, 407.3351131923, 425.3518730871, 407.1202347037, 404.8860085308, 407.540609488, 405.3080834646, 16.53570644352, 16.44613490246, 16.32140251876, 16.06491062477, 16.72236009183, -143.7941720498, -138.4263773693, -143.0702243809, -143.7319080126, -144.4878210547, -145.1539326029, 39.99580079832, 39.62185256398, 39.9162524501, 39.89547805951, 39.98314800887, 39.96542674918
12.675, -0.09348080755814, 0, 6, -0.03366917076218, -2.750362006731, -2.750362481972, -1.766676971279, -1.02510768983, -3.726296103219, -4.192962913888, 187.5825130198, 187.8433680463, 188.242378238, 188.417216944, -6.495172194359, 99.99492399926, 100, 99.99807281158, 408.0002062482, 426.0216493968, 407.7859912938, 405.5511891048, 408.2051426754, 405.9720402881, 16.4860936014, 16.39445636031, 16.27151171145, 16.01261024458, 16.67209401428, -143.5944815659, -138.2425151905, -142.8705320468, -143.5302686189, -144.2885341098, -144.9527046032, 40.00119665346, 39.62731328513, 39.92229094549, 39.901290122, 39.988165799, 39.97024048957
12.7, -0.09585000041171, 0, 6, -0.03854677325699, -2.713354446157, -2.713355060672, -1.727828086598, -0.9845092432222, -3.690491921477, -4.154536176011, 187.9536484455, 188.2153170025, 188.6127691209, 188.7886225837, -6.528398058703, 99.99425594798, 100, 99.99743407245, 408.6654695372, 426.6916430941, 408.4519222151, 406.2165384328, 408.869831252, 406.6361464182, 16.43576592762, 16.34246969158, 16.22068398448, 15.95989836947, 16.62128483141, -143.3953498129, -138.0594470062, -142.6714015239, -143.3291614329, -144.0898120255, -144.7520128209, 40.00664122177, 39.6328455059, 39.92842091707, 39.90715489023, 39.99326492365, 39.97509413197
12.725, -0.09795074227802, 0, 6, -0.04444737762662, -2.675756770734, -2.675757576445, -1.688107992383, -0.9430340613075, -3.654215377315, -4.116329620899, 188.3247864093, 188.5872689762, 188.9831537273, 189.1600217849, -6.554071597777, 99.99355657401, 100, 99.99678827031, 409.3309052162, 427.3618444231, 409.1180284149, 406.8820589754, 409.5346795143, 407.3004076265, 16.38485101806, 16.29022681185, 16.16906200933, 15.90686767383, 16.57005611233, -143.1967886383, -137.8771443214, -142.4728449478, -143.1286035844, -143.8916663383, -144.5518733296, 40.01215041393, 39.6384631351, 39.93464918026, 39.91308896148, 39.99845273242, 39.9800047875
12.75, -0.09976257647467, 0, 6, -0.05114127646736, -2.637560880178, -2.637561931601, -1.647801764481, -0.9008845935662, -3.617170573532, -4.078203238284, 188.6959257941, 188.9592232031, 189.3535328447, 189.531415984, -6.572547280413, 99.99283862957, 100, 99.9961499027, 409.9965141594, 428.0322435418, 409.7843102188, 407.5477524629, 410.1996913839, 407.9648291004, 16.33347428254, 16.23778601106, 16.116828745, 15.85366365169, 16.51849943837, -142.9988083505, -137.6955777739, -142.2748728996, -142.9286107115, -143.694107426, -144.3523007931, 40.0177387417, 39.64417601971, 39.9409727443, 39.9191069521, 40.00372668853, 39.98498687195
12.775, -0.1012931578978, 0, 6, -0.05825452712931, -2.598741025498, -2.59874236964, -1.607200771581, -0.8582587187133, -3.579108022677, -4.039966718016, 189.0670654404, 189.3311790607, 189.7239072569, 189.902806684, -6.584025571559, 99.99211627456, 100, 99.9955309298, 410.6622959357, 428.7028309421, 410.4507674579, 408.2136199611, 410.8648702951, 408.6294153828, 16.28175457931, 16.18523355286, 16.0641803823, 15.80046124841, 16.46669954647, -142.8014178315, -137.5147184087, -142.07749434, -142.7291966909, -143.4971440051, -144.153308136, 40.02341669162, 39.64998704237, 39.94738224745, 39.92522093334, 40.0090783425, 39.99005258008
12.8, -0.1025408728591, 0, 6, -0.06532073218123, -2.559283404786, -2.559285069096, -1.566483933203, -0.8154306322385, -3.53991380915, -4.001440043162, 189.4382042812, 189.7031360823, 190.0942777284, 190.2741953773, -6.588681978259, 99.99140484963, 100, 99.99494261288, 411.3282492337, 429.3735981662, 411.117399751, 408.8796620534, 411.530219093, 409.2941702809, 16.22979695478, 16.13266906743, 16.01130608692, 15.74741453864, 16.41473000421, -142.6046248042, -137.3345401271, -141.8807167647, -142.5303734765, -143.3007830325, -143.9549064339, 40.0291901318, 39.65589258967, 39.95386717944, 39.93143945296, 40.0144984815, 39.99521128091
12.825, -0.103505786725, 0, 6, -0.07190847438405, -2.51919184249, -2.519193827791, -1.525723529506, -0.7727749834706, -3.499590129657, -3.962364782192, 189.8093414981, 190.0750942608, 190.464644955, 190.6455837774, -6.586628763392, 99.99072283691, 100, 99.99439493948, 411.9943727265, 430.0445387294, 411.784206856, 409.5458790738, 412.1957400146, 409.9590967383, 16.17768315724, 16.08018197793, 15.95839986461, 15.69463525499, 16.36260581557, -142.4084357996, -137.1550228496, -141.6845463229, -142.3321508841, -143.1050299838, -143.7571048769, 40.03505996599, 39.66188479938, 39.96041759031, 39.93776241077, 40.01997845909, 40.00046404701
12.85, -0.1042303404534, 0, 6, -0.0777698147839, -2.478488702327, -2.478490986901, -1.484934387351, -0.7305397416685, -3.458211230882, -3.92246176858, 190.1804766677, 190.4470540321, 190.835009491, 191.0169735559, -6.577894756465, 99.99008866846, 100, 99.99389304981, 412.6606660309, 430.7156486668, 412.4511889618, 410.2122714479, 412.8614346927, 410.6241968567, 16.12546612916, 16.02779903514, 15.90562584888, 15.64214814952, 16.310296954, -142.2128560411, -136.9761544601, -141.4889879124, -142.1345363349, -142.909889187, -143.5599105342, 40.04102138745, 39.66795383514, 39.9670244421, 39.94417978642, 40.02551024954, 40.00580251389
12.875, -0.1047825374441, 0, 6, -0.08286443900764, -2.437229328863, -2.437231879332, -1.444122830431, -0.6887882013195, -3.415908304613, -3.881601394889, 190.5516097495, 190.8190159532, 191.2053717378, 191.3883658995, -6.562438942315, 99.98951750241, 100, 99.99344020287, 413.3271299127, 431.3869261094, 413.1183466866, 410.8788398819, 413.5273042562, 411.2894721252, 16.07317478828, 15.97546343003, 15.85307126198, 15.58987563808, 16.25778216606, -142.0178896725, -136.7979295128, -141.2940453954, -141.9375350746, -142.7153640844, -143.3633284375, 40.0470645765, 39.67408907966, 39.97367932318, 39.95067643045, 40.03108654834, 40.01121376931
12.9, -0.1052102403532, 0, 6, -0.08727763441895, -2.395510205823, -2.395512986703, -1.403295988672, -0.6474519930248, -3.372853789069, -3.839855965375, 190.9227409101, 191.1909804436, 191.5757320873, 191.7597614055, -6.540183471494, 99.98901960885, 100, 99.99304006672, 413.9937658178, 432.058370315, 413.7856807531, 411.5455852879, 414.1933495932, 411.9549236823, 16.02082467385, 15.92320626709, 15.80074443323, 15.53782223621, 16.20507514432, -141.8235401122, -136.6203460743, -141.0997218602, -141.7411508019, -142.5214573665, -143.1673620881, 40.05317664753, 39.68027941525, 39.98037397231, 39.95723689076, 40.0367005044, 40.01668492451
12.925, -0.1055473455928, 0, 6, -0.09111890642631, -2.353461527913, -2.3534645057, -1.362480691047, -0.606412303549, -3.329262548517, -3.797445215702, 191.2938703788, 191.5629476545, 191.9460909419, 192.1311602317, -6.511116280114, 99.98860023097, 100, 99.99269669796, 414.6605752229, 432.7299804769, 414.45319175, 412.2125085702, 414.8595714236, 412.6205525369, 15.96843059811, 15.8710733385, 15.74860245436, 15.48600336316, 16.15222398942, -141.6298102192, -136.4434017525, -140.9060197093, -141.5453863354, -142.3281709947, -142.9720140664, 40.05934382879, 39.68651333841, 39.98709997693, 39.96384851651, 40.04234559964, 40.02220543874
12.95, -0.1058102448525, 0, 6, -0.09445733604613, -2.311226364088, -2.311229506584, -1.321704092749, -0.5655675429633, -3.285363493386, -3.754654048771, 191.664998341, 191.9349174818, 192.3164487496, 192.5025623312, -6.475382556929, 99.98826075837, 100, 99.99241411349, 415.3275591979, 433.4017550525, 415.1208799653, 412.8796104384, 415.5259703685, 413.2863596746, 15.91601384106, 15.81912177587, 15.69658853383, 15.43444488956, 16.09930013894, -141.4367023333, -136.2670914535, -140.7129407327, -141.3502440785, -142.1355062459, -142.7772864679, 40.06555314107, 39.69277931709, 39.99384920858, 39.97050202853, 40.04801558359, 40.02776781167
12.975, -0.10600415939, 0, 6, -0.0973032205454, -2.268933834242, -2.268937107865, -1.280978987907, -0.5248629347559, -3.241365469573, -3.711743204685, 192.0361248998, 192.3068896325, 192.6868060068, 192.8739676603, -6.433112548577, 99.98800009116, 100, 99.99219520933, 415.9947182506, 434.073691599, 415.7887453418, 413.5468913008, 416.1925469698, 413.952346066, 15.86360399681, 15.767410352, 15.64466315188, 15.38317783025, 16.04638058599, -141.2442182003, -136.0914068386, -140.5204861464, -141.1557262212, -141.9434637897, -142.5831811276, 40.07179326793, 39.69906627991, 40.00061406691, 39.97719043127, 40.05370427449, 40.03336661749
13, -0.1061284184906, 0, 6, -0.09962277696439, -2.226678241263, -2.22668160885, -1.240297569335, -0.4842762582559, -3.197432280109, -3.668897469433, 192.407250078, 192.6788637044, 193.0571632507, 193.2453762616, -6.384464211298, 99.98781570893, 100, 99.99204110526, 416.6620523862, 434.7457868881, 416.4567874995, 414.21435126, 416.8593016873, 414.6185126347, 15.81123783497, 15.71600166214, 15.59281303759, 15.33224266906, 15.9935365415, -141.0523588728, -135.9163367297, -140.3286566142, -140.9618347406, -141.7520437517, -142.3896996657, 40.07805471745, 39.705364072, 40.00738757723, 39.98390819283, 40.05940559077, 40.03899728209
13.025, -0.1061776703309, 0, 6, -0.1013624966652, -2.184512365527, -2.184515785675, -1.199635115409, -0.443809226483, -3.153671871365, -3.626220891619, 192.7783738403, 193.0508392612, 193.4275210427, 193.6167882649, -6.329617746715, 99.98770459441, 100, 99.99195148532, 417.329561251, 435.4180371085, 417.1250057892, 414.8819901495, 417.5262348811, 415.2848602231, 15.75895721798, 15.6649570295, 15.54105053233, 15.28168510724, 15.94083067678, -140.8611246642, -135.7418678022, -140.1374522618, -140.768571331, -141.5612457643, -142.1968434351, 40.08432961925, 39.71166374658, 40.01416333417, 39.99065047165, 40.06511361066, 40.04465538523
13.05, -0.1061455321718, 0, 6, -0.1024728315445, -2.142455154918, -2.142458583046, -1.158963184259, -0.4034787841988, -3.110142505418, -3.583751316812, 193.1494961189, 193.4228158935, 193.7978799542, 193.9882038759, -6.268768033623, 99.9876638603, 100, 99.99192495081, 417.9972442954, 436.0904380782, 417.7933993503, 415.5498075828, 418.1933467936, 415.9513895583, 15.7068068501, 15.6143341333, 15.48940913222, 15.2315540447, 15.88831615372, -140.6705151698, -135.5679853112, -139.9468726833, -140.5759373144, -141.3710689951, -142.0046134365, 40.0906113206, 39.71795764587, 40.02093530797, 39.99741231383, 40.07082260645, 40.05033612945
13.075, -0.1060439191467, 0, 6, -0.1029291039734, -2.100508946434, -2.10051233738, -1.118261224006, -0.3633103485148, -3.06692048683, -3.541490349754, 193.520616837, 193.7947932449, 194.1682405664, 194.3596233419, -6.202116106579, 99.98768645125, 100, 99.99195458126, 418.6651009317, 436.7629854739, 418.4619671659, 416.2178030077, 418.8606375241, 416.6181012094, 15.65483171415, 15.56420571629, 15.43793465592, 15.18191499488, 15.83603752255, -140.4805293673, -135.3946739121, -139.7569169809, -140.3839335549, -141.1815121185, -141.8130102353, 40.09689398641, 39.7242394315, 40.02769870006, 40.00418816676, 40.07652830774, 40.05603416634
13.1, -0.1058873768793, 0, 6, -0.1027868090724, -2.058682257905, -2.058685572087, -1.077413905956, -0.3233334210173, -3.024187511867, -3.499439697728, 193.8917359948, 194.1667710367, 194.5386034424, 194.7310468783, -6.129833212346, 99.98775629275, 100, 99.99202331193, 419.3331309115, 437.4356754033, 419.1307082632, 416.8859758216, 419.5281069135, 417.2849954766, 15.60307055112, 15.5146528394, 15.38667032292, 15.13280947843, 15.7840261425, -140.29116588, -135.2219199008, -139.5675839847, -140.1925603828, -140.9925733021, -141.6220339215, 40.10317298931, 39.73050560545, 40.0344560022, 40.01097159581, 40.08223385656, 40.06174363168
13.125, -0.1056656721725, 0, 6, -0.1022700096135, -2.016998042664, -2.017001257115, -1.036233308526, -0.2835684246233, -2.982132339754, -3.457617531915, 194.2628537476, 194.5387491118, 194.9089690618, 195.1024746242, -6.05199861715, 99.98785651799, 100, 99.99211366748, 420.0013348854, 438.1085047295, 419.7996218559, 417.5543255223, 420.1957545273, 417.952072374, 15.55155234125, 15.46571542238, 15.33564642855, 15.08421281188, 15.73229581351, -140.1024230232, -135.0497125474, -139.3788723613, -140.0018175458, -140.8042505324, -141.4316840981, 40.10944617126, 39.73675857178, 40.041217704, 40.01775525765, 40.0879504316, 40.06745810078
13.15, -0.1053759183188, 0, 6, -0.1017763993052, -1.975485986878, -1.975489104802, -0.9946268103744, -0.2439807464934, -2.940845888334, -3.416060151864, 194.6339703207, 194.9107273958, 195.2793378279, 195.473906653, -5.968691573603, 99.98797261475, 100, 99.9922112568, 420.6697143871, 438.7814704841, 420.4687071448, 418.2228516726, 420.8635797917, 418.6193317574, 15.50030256305, 15.41741187621, 15.28488197555, 15.03610212515, 15.68085446166, -139.9142985686, -134.8780419992, -139.1907804281, -139.8117042717, -140.616541796, -141.2419598936, 40.11571419022, 39.74300708413, 40.04799641336, 40.0245317268, 40.09369115138, 40.07317117451
13.175, -0.105039461053, 0, 6, -0.1017806386667, -1.93417917724, -1.934182230174, -0.9526243683883, -0.2043612203378, -2.900316394212, -3.374896345571, 195.0050858658, 195.2827055821, 195.6497101162, 195.845342771, -5.88002460022, 99.98808777604, 100, 99.99230191246, 421.3382711755, 439.4545688163, 421.1379629933, 418.8915537404, 421.5315820614, 419.286773513, 15.44935453676, 15.36975963127, 15.23437021646, 14.98848527641, 15.62974860739, -139.72678967, -134.7068954855, -139.0033059844, -139.6222195009, -140.4294448494, -141.0528600466, 40.12198041881, 39.74926417679, 40.05480419057, 40.03129783463, 40.09946818514, 40.0788807035
13.2, -0.1046512855524, 0, 6, -0.1026607941362, -1.893113173523, -1.893116213492, -0.910327687077, -0.1644992482743, -2.860483515562, -3.334386980298, 195.376200278, 195.6546828601, 196.0200863441, 196.216782486, -5.78618332275, 99.98818417197, 100, 99.99237671354, 422.007006119, 440.1277938574, 421.8073875648, 419.5604307998, 422.1997606466, 419.9543977043, 15.39876181544, 15.3227940261, 15.18408492073, 14.9414070259, 15.57909120399, -139.5398930118, -134.5362532081, -138.8164462607, -139.4333623293, -140.2429568697, -140.8643832263, 40.12825182951, 39.7555445187, 40.06165208839, 40.03805968182, 40.10529285594, 40.08459365863
13.225, -0.1041792101144, 0, 6, -0.104591100908, -1.852316912802, -1.852320000121, -0.8678604701112, -0.1243290896605, -2.821268301787, -3.294763519743, 195.7473131188, 196.0266581514, 196.3904669938, 196.5882255122, -5.687431604825, 99.98824526101, 100, 99.99243019655, 422.6759185195, 440.8011376144, 422.4769782181, 420.2294812477, 422.8681147743, 420.622204452, 15.34859932426, 15.27657349186, 15.13403626636, 14.89494707809, 15.52901372219, -139.3536048685, -134.3660878382, -138.6301978769, -139.2451321657, -140.0570742841, -140.6765282626, 40.13453941601, 39.76186265137, 40.06855010212, 40.04483036946, 40.11117557269, 40.09032368961
13.25, -0.1035739342054, 0, 6, -0.1075615406976, -1.811797476268, -1.811800669966, -0.8253282089644, -0.08392772450217, -2.782546053718, -3.256096095451, 196.1184236948, 196.3986304168, 196.7608525636, 196.9596720588, -5.584083544801, 99.98826099769, 100, 99.99246047216, 423.3450062289, 441.4745907596, 423.1467316805, 420.8987027895, 423.5366434859, 421.2901937039, 15.29895471267, 15.23115181681, 15.08429505762, 14.84918772938, 15.47961967941, -139.1679209457, -134.1963672041, -138.4445567543, -139.0575283825, -139.8717927507, -140.48929394, 40.14085712266, 39.76823231371, 40.07550714927, 40.05162567802, 40.11712532908, 40.09608623394
13.275, -0.1027832652195, 0, 6, -0.1114305038385, -1.771528301525, -1.771531652877, -0.7828924375506, -0.04344779007151, -2.744056293992, -3.218291693096, 196.4895311499, 196.7705988382, 197.1312435216, 197.3311228253, -5.476491353796, 99.98823592454, 100, 99.99247591623, 424.0142659874, 442.1481432924, 423.8166441861, 421.5680925587, 424.2053456214, 421.9583651365, 15.24992143933, 15.18655614493, 15.03498504553, 14.80421250954, 15.43098131673, -138.9828360381, -134.0270563539, -138.2595178458, -138.8705497944, -139.6871071996, -140.3026785157, 40.14721954889, 39.77466521583, 40.08252613832, 40.05846087202, 40.12314491785, 40.1018956362
13.3, -0.1017975599582, 0, 6, -0.1159166348001, -1.731454741874, -1.731458286418, -0.7408169725961, -0.003060910123273, -2.705480936442, -3.181155646779, 196.8606344904, 197.1425628054, 197.5016403318, 197.7025788628, -5.365092681058, 99.98818140258, 100, 99.99248713037, 424.6836934016, 442.8217848389, 424.4867114996, 422.2376471669, 424.874219834, 422.6267181138, 15.20159557074, 15.142839993, 14.98626483538, 14.76016618923, 15.3831571231, -138.7983438429, -133.858118315, -138.0750748972, -138.6841942537, -139.5030115901, -140.1166792861, 40.1536388162, 39.78116774162, 40.08960088694, 40.06534896698, 40.12922794021, 40.10776410156
13.325, -0.1006238351686, 0, 6, -0.1206127202305, -1.691514440929, -1.691518189913, -0.6992984949531, 0.03706433676339, -2.666584461947, -3.144468201698, 197.2317327065, 197.5145218415, 197.8720434562, 198.0740413511, -5.250262650374, 99.9881094051, 100, 99.99250215183, 425.3532831037, 443.4955053161, 425.1569291684, 422.9073628396, 425.5432644667, 423.2952515874, 15.15406849134, 15.10007584268, 14.93829820445, 14.71719591524, 15.33620230161, -138.6144371427, -133.6895164413, -137.8912205824, -138.4984583831, -139.3194986213, -139.9312923415, 40.16012274331, 39.7877394105, 40.09672167472, 40.07230034251, 40.13536441943, 40.11370155378
13.35, -0.09925336623206, 0, 6, -0.125065030085, -1.651656910669, -1.65166084651, -0.6584117584265, 0.07664771890657, -2.627259480483, -3.107988768184, 197.6028249119, 197.8864757357, 198.2424533273, 198.4455115925, -5.132325664074, 99.98803534045, 100, 99.99253033666, 426.0230293357, 444.1692957422, 425.8272928265, 423.5772356092, 426.2124774986, 423.963963999, 15.10741806347, 15.05833272398, 14.89124730857, 14.67540992665, 15.29014853372, -138.4311079872, -133.521217402, -137.7079467084, -138.3133373878, -139.1365598466, -139.7465124674, 40.16667461967, 39.7943742687, 40.10387874128, 40.07932041872, 40.14154452372, 40.11971346592
13.375, -0.09769780743236, 0, 6, -0.1289172959591, -1.611853184791, -1.611857265993, -0.6181442063244, 0.1153986880492, -2.587498563042, -3.071409374733, 197.9739104969, 198.2584247894, 198.6128703088, 198.8169911147, -5.011536652796, 99.98797693413, 100, 99.99257808938, 426.6929269202, 444.8431491421, 426.4977985154, 424.2472615717, 426.8818565501, 424.6328531953, 15.06169869363, 15.01766089534, 14.8452760652, 14.63486834328, 15.24497140164, -138.248347669, -133.3531945212, -137.5252443177, -138.1288247707, -138.9541859604, -139.5623329786, 40.17329264189, 39.80106325674, 40.1110632592, 40.08640487573, 40.14775934188, 40.12579612614
13.4, -0.09599860346446, 0, 6, -0.1320147898191, -1.57209719716, -1.572101371225, -0.5784422626932, 0.153185107598, -2.547356722916, -3.034476031814, 198.3449891933, 198.6303695807, 198.9832946862, 199.188481248, -4.888078327301, 99.98795119559, 100, 99.99264898238, 427.3629719202, 445.5170605943, 427.1684427747, 424.9174371677, 427.5513989512, 425.3019165827, 15.01694100644, 14.97809044837, 14.80050269794, 14.59559024102, 15.20062835347, -138.0661466484, -133.1854280495, -137.3431037432, -137.9449122707, -138.7723669878, -139.3787455993, 40.17996962401, 39.80779603763, 40.11826735003, 40.09354159293, 40.15400085589, 40.13193818051
13.425, -0.09420241866363, 0, 6, -0.1343797773728, -1.532407595641, -1.532411811358, -0.5392520509918, 0.1900474041867, -2.506925636067, -2.997107432908, 198.716060983, 199.0023106259, 199.3537267151, 199.5599827881, -4.762094064375, 99.98797132398, 100, 99.99274634393, 428.0331614819, 446.1910263369, 427.8392224475, 425.5877592181, 428.2211018739, 425.9711514078, 14.97316206987, 14.93964843811, 14.75697300696, 14.55758006265, 15.15710711741, -137.8844946492, -133.0179019995, -137.1615146806, -137.7615902885, -138.5910923658, -139.1957407382, 40.18669425874, 39.81456175895, 40.12548330959, 40.1007158188, 40.1602614633, 40.1381256891
13.45, -0.09234698524887, 0, 6, -0.1361168638588, -1.492827307273, -1.492831520914, -0.5005295349502, 0.2261347048557, -2.466328363147, -2.959398840162, 199.0871259545, 199.3742481845, 199.7241666704, 199.9314960028, -4.633726010782, 99.98804558153, 100, 99.99287440046, 428.7034932358, 446.8650427067, 428.5101344228, 426.2582247607, 428.8909624403, 426.6405549631, 14.93037743152, 14.90236071542, 14.71467130706, 14.5208378004, 15.11444139518, -137.7033808534, -132.8506003554, -136.9804662843, -137.5788484884, -138.4103509829, -139.0133079931, 40.19345317751, 39.82134918655, 40.132703342, 40.1079142758, 40.16653357262, 40.14434595593
13.475, -0.09045189004623, 0, 6, -0.1373251266954, -1.453416643308, -1.453420818814, -0.4622344513822, 0.261616729445, -2.425710329466, -2.921553017001, 199.4581841872, 199.746182212, 200.0946148795, 200.3030208209, -4.503126817166, 99.98817763349, 100, 99.99303787961, 429.3739647399, 447.5391054883, 429.1811754538, 426.928830841, 429.560977778, 427.3101246616, 14.88860854219, 14.86625747433, 14.67355451434, 14.48536453857, 15.0727002871, -137.5227940768, -132.6835047621, -136.7999472776, -137.3966762743, -138.2301312181, -138.8314366007, 40.20023294419, 39.82814690856, 40.13991975158, 40.11512656963, 40.17281001361, 40.15058917345
13.5, -0.08852277058733, 0, 6, -0.138051737416, -1.414240028623, -1.414244134641, -0.4243255282042, 0.2966285467069, -2.38521967615, -2.88379176384, 199.8292356954, 200.1181124109, 200.4650717222, 200.6745570451, -4.37053888934, 99.98836777257, 100, 99.99324095738, 430.0445731712, 448.2132096921, 429.8523420814, 427.5995743666, 430.2311450313, 427.9798580173, 14.84788527338, 14.83136686943, 14.63358168695, 14.45116016431, 15.03196722668, -137.3427228306, -132.5165937745, -136.6199460191, -137.2150630186, -138.0504210228, -138.6501156989, 40.20702139832, 39.83494373229, 40.14712513933, 40.12234514856, 40.17908393912, 40.15684819685
13.525, -0.08656000910637, 0, 6, -0.1382870870627, -1.375346368657, -1.375350375336, -0.3867535894945, 0.3312582257547, -2.344982183191, -2.846284424009, 200.2002804241, 200.4900383371, 200.8355376061, 201.0461044965, -4.236250287537, 99.98861430048, 100, 99.99348629779, 430.7153152668, 448.8873496838, 430.5236306514, 428.270452052, 430.9014613366, 428.649752577, 14.80824440944, 14.79770110632, 14.59473100117, 14.41821235054, 14.99232149355, -137.1631552766, -132.3498433869, -136.4404505402, -137.0339980759, -137.8712080101, -138.4693343928, 40.21380819232, 39.84172911907, 40.15431260772, 40.12956448997, 40.18534866026, 40.16311738825
13.55, -0.08455970599958, 0, 6, -0.1379854022561, -1.33675741095, -1.336761288197, -0.3494589995088, 0.3655542173915, -2.305083380297, -2.809129770277, 200.5713182703, 200.8619595098, 201.2060129488, 201.417663028, -4.100561588706, 99.98891479309, 100, 99.99377506048, 431.3861874452, 449.5615195356, 431.1950373755, 428.9414604437, 431.571923806, 429.3198058487, 14.76972565324, 14.76527154229, 14.55700373836, 14.38651343559, 14.95383140161, -136.9840792043, -132.1832283763, -136.2614485942, -136.853470684, -137.6924795496, -138.2890816847, 40.22058474761, 39.84849355839, 40.1614758384, 40.136780059, 40.19159768128, 40.16939184697
13.575, -0.08251503764763, 0, 6, -0.1370909077185, -1.298470505808, -1.298474223296, -0.3123817988677, 0.399535520496, -2.26555744309, -2.772360623119, 200.9423491189, 201.2338754941, 201.5764981511, 201.7892325063, -3.963771552186, 99.98926710328, 100, 99.9941074229, 432.0571859845, 450.2357133891, 431.8665584149, 429.6125959782, 432.2425295, 429.9900152381, 14.73236747209, 14.73408744701, 14.52042035472, 14.35605932589, 14.91654955524, -136.8054820645, -132.016723689, -136.0829276931, -136.6734698361, -137.5142228565, -138.1093463722, 40.2273439082, 39.85522875496, 40.16860893559, 40.14398738571, 40.19782449501, 40.17566664015
13.6, -0.08042823812985, 0, 6, -0.1355577469588, -1.260460301158, -1.260463829524, -0.2754671398563, 0.4332118653179, -2.226404570443, -2.735956008149, 201.313372871, 201.6057859408, 201.9469935816, 202.1608127693, -3.826167051398, 99.98966857969, 100, 99.99448166834, 432.7283071555, 450.9099257098, 432.5381899366, 430.283855036, 432.9132754137, 430.6603780088, 14.69620412083, 14.7041617453, 14.48501262118, 14.3268596708, 14.88051304756, -136.6273509733, -131.850305415, -135.9048751223, -136.4939841634, -137.3364250296, -137.9301169441, 40.23407940828, 39.86192750241, 40.17570630386, 40.15118156634, 40.20402231115, 40.18193626245
13.625, -0.07831781908728, 0, 6, -0.1333784909111, -1.222693900923, -1.222697214377, -0.2386236479444, 0.4665912359244, -2.187701176306, -2.699874113662, 201.6843894851, 201.9776906012, 202.3174995771, 202.5324035471, -3.688008153769, 99.99010806541, 100, 99.99488616181, 433.3995474178, 451.5841516327, 433.2099282217, 430.9552340106, 433.5841584161, 431.3308912151, 14.6612613564, 14.67552367685, 14.45081170866, 14.29892870259, 14.84574377505, -136.4496728781, -131.68395224, -135.7272781014, -136.3150018647, -137.1590729947, -137.7513815247, 40.24078568024, 39.86858407411, 40.1827657921, 40.15835701379, 40.21018840209, 40.1881945966
13.65, -0.07618698454801, 0, 6, -0.1306710683661, -1.185151809196, -1.185154891819, -0.2016349195135, 0.4996829534527, -2.149621259701, -2.664085757896, 202.0553990753, 202.3495893485, 202.6880164078, 202.9040043935, -3.549492475807, 99.99056829494, 100, 99.9953028426, 434.0709039764, 452.2583874025, 433.8817698655, 431.6267294445, 434.2551751663, 432.0015516446, 14.62755094847, 14.64819069636, 14.41783578688, 14.2722241084, 14.81224393888, -136.2724347654, -131.5176474236, -135.5501240391, -136.1365106739, -136.982153623, -137.5731278718, 40.24745891166, 39.87519705193, 40.1897947524, 40.16550718663, 40.21632978855, 40.1944349249
13.675, -0.0740315952351, 0, 6, -0.1277479931669, -1.14782453194, -1.147827385371, -0.164304318444, 0.5325169154635, -2.112295934712, -2.628568188872, 202.4264019045, 202.72148219, 203.0585442484, 203.275614733, -3.410719450753, 99.99103362578, 100, 99.9957158053, 434.7423751895, 452.9326302401, 434.5537117247, 432.2983381075, 434.9263221927, 432.6723558961, 14.59507213933, 14.6221489788, 14.38608729195, 14.2466707562, 14.77999435037, -136.0956235211, -131.3513783989, -135.3734004112, -135.9584978806, -136.8056540441, -137.3953434033, 40.2540981202, 39.88177180882, 40.19680610727, 40.17262478223, 40.22245898659, 40.20064951851
13.7, -0.07186521899537, 0, 6, -0.125076658316, -1.110701121649, -1.110703768501, -0.1265590171513, 0.5652386749698, -2.075740415291, -2.593348535363, 202.7973982815, 203.0933691381, 203.4290831911, 203.6472337635, -3.271757498489, 99.99148887626, 100, 99.9961104803, 435.4139602815, 453.6068777318, 435.2257506957, 432.9700569226, 435.5975959772, 433.3433005158, 14.56381861708, 14.5973680446, 14.35554867237, 14.22220801685, 14.74898152726, -135.9192257715, -131.1851344251, -135.1970945599, -135.7809504631, -136.6295616446, -137.2180152389, 40.26070504616, 39.88831959131, 40.20381335886, 40.17970362102, 40.22858897326, 40.20683176407
13.725, -0.06969945669756, 0, 6, -0.1231314318346, -1.073774367112, -1.073776846973, -0.08843433080977, 0.5981284975916, -2.039878067308, -2.55860297542, 203.1683884184, 203.4652498003, 203.7996332695, 204.0188601531, -3.132691966614, 99.99191624784, 100, 99.99647484983, 436.0856583915, 454.2811269231, 435.8978834201, 433.6418827925, 436.2689929571, 434.0143821357, 14.53378893614, 14.57381016375, 14.32615862761, 14.19878960305, 14.71924768584, -135.7432280232, -131.0189031545, -135.0211936464, -135.6038554186, -136.4538638465, -137.0411303849, 40.26728453105, 39.89485488925, 40.21082903778, 40.18674495064, 40.23473192889, 40.21298256742
13.75, -0.0675298391083, 0, 6, -0.1222196727747, -1.037041976322, -1.037044335993, -0.05002749000048, 0.6313992519938, -2.004512614273, -2.524566030058, 203.5393723498, 203.8371233981, 204.1701943645, 204.390492251, -2.993648520079, 99.99229808783, 100, 99.99680256347, 436.7574674819, 454.9553737213, 436.5701061609, 434.3138122732, 436.9405092945, 434.685597414, 14.50499313876, 14.55129754429, 14.29784641127, 14.17608117169, 14.69087385992, -135.567616869, -130.8526683702, -134.8456846403, -135.427200067, -136.2785479757, -136.864676037, 40.273845582, 39.90139296035, 40.21786445568, 40.19375934238, 40.24089896471, 40.21911216356
13.775, -0.06535266019933, 0, 6, -0.1224320411821, -1.000500198205, -1.000502482631, -0.01144253369532, 0.6651099923224, -1.969635845514, -2.491368838317, 203.910349826, 204.2089891589, 204.5407665482, 204.7621284973, -2.854759334751, 99.99261967018, 100, 99.99708951226, 437.4293840908, 455.6296137718, 437.2424147126, 434.9858414715, 437.6121413588, 435.3569427365, 14.4774428038, 14.52990488237, 14.27057596619, 14.15431066585, 14.66391661455, -135.3923792104, -130.6864132519, -134.6705545579, -135.2509718889, -136.1036012517, -136.6886395766, 40.2804011341, 39.90794858114, 40.22493012124, 40.20076253883, 40.24710035399, 40.22523585601
13.8, -0.06312653203143, 0, 6, -0.1236978155389, -0.9641337953276, -0.9641360424563, 0.02721941857347, 0.6991866836099, -1.935092285243, -2.458983025409, 204.2813205362, 204.5808465911, 204.9113496526, 205.1337676028, -2.716134156816, 99.99287620981, 100, 99.9973373994, 438.1014037238, 456.303843207, 437.914804833, 435.6579661568, 438.2838852363, 436.0284140997, 14.45114289804, 14.50961064012, 14.24435631226, 14.1335398925, 14.63838017531, -135.2175022058, -130.520123171, -134.4957904351, -135.0751582634, -135.9290110811, -136.5130083984, 40.28696642402, 39.91453554536, 40.23203423556, 40.20777115813, 40.25334386809, 40.23136962282
13.825, -0.06083667484144, 0, 6, -0.125815623333, -0.9279074092817, -0.9279096466495, 0.06572795492687, 0.7334907016159, -1.900586463892, -2.427245840337, 204.6522840853, 204.9526955277, 205.2819433715, 205.5054086104, -2.577930577381, 99.99307502333, 100, 99.99755515904, 438.7735210538, 456.9780585975, 438.5872721585, 436.3301818498, 438.9557368873, 436.7000071906, 14.42609264029, 14.49038731918, 14.21923188492, 14.11381986635, 14.61422789681, -135.0429729137, -130.353785173, -134.3213789821, -134.8997462063, -135.754764958, -136.3377696292, 40.29355610045, 39.92116439879, 40.23917625142, 40.21480024095, 40.25962846753, 40.23752759852
13.85, -0.0584877937159, 0, 6, -0.1284443888134, -0.891770404705, -0.8917726457163, 0.1038382093953, 0.7678781098988, -1.865821470483, -2.395929368831, 205.0232400171, 205.3245360445, 205.6525473411, 205.8770508285, -2.440341646514, 99.99322632992, 100, 99.99775024111, 439.4457299021, 457.6522571298, 439.2598122918, 437.0024839059, 439.6276921854, 437.3717174005, 14.40228366533, 14.47226028468, 14.19525796324, 14.09526588252, 14.59140356353, -134.868778274, -130.1873884663, -134.1473066201, -134.7247222052, -135.5808501616, -136.1629099363, 40.30018132869, 39.92783936033, 40.24634882469, 40.22186248921, 40.26594621719, 40.24372149622
13.875, -0.05608741853449, 0, 6, -0.1311481074794, -0.855672880926, -0.8556751226895, 0.1414169372716, 0.8021766387558, -1.830612631744, -2.36479137328, 205.3941879245, 205.6963683964, 206.0231611303, 206.2486937816, -2.303415259491, 99.99334129838, 100, 99.9979289176, 440.1180235583, 458.3264368003, 439.9324210461, 437.6748676418, 440.2997468243, 438.0435398575, 14.37969788709, 14.45520832783, 14.17248317643, 14.07791462224, 14.56984208161, -134.6949052058, -130.0209251691, -133.9735596594, -134.5500721784, -135.4072536047, -135.98841548, 40.30684885676, 39.93455830066, 40.25354322813, 40.22896762761, 40.27228791731, 40.24996034553
13.9, -0.05364285671279, 0, 6, -0.1335039634812, -0.8195804100502, -0.8195826350769, 0.1784339681648, 0.8361083179401, -1.794897669802, -2.333524368757, 205.7651274739, 206.0681932471, 206.3937842784, 206.6203374965, -2.167155093006, 99.99343502247, 100, 99.99809802347, 440.7903955164, 459.0005967111, 440.6050946009, 438.3473284712, 440.9718963992, 438.715469448, 14.35830429815, 14.43919722038, 14.15096701609, 14.06175694183, 14.54944056004, -134.5213406215, -129.854391413, -133.8001244002, -134.3757814302, -135.2339619426, -135.8142719406, 40.31356080524, 39.94131473312, 40.26075118784, 40.23611804234, 40.2786450347, 40.2562463615
13.925, -0.05116824817207, 0, 6, -0.1352478172526, -0.7834798943636, -0.7834820773006, 0.2149176032682, 0.8694610948884, -1.758697682759, -2.30181649142, 206.1360583562, 206.4400116633, 206.7644163264, 206.9919825048, -2.031514353305, 99.99352442877, 100, 99.99826135193, 441.4628404199, 459.6747373041, 441.2778296399, 439.0198621635, 441.6441365136, 439.3875009512, 14.33805667067, 14.42419946048, 14.13077726136, 14.04676615226, 14.53006267041, -134.3480713284, -129.687788196, -133.6269871744, -134.201834592, -135.0609617513, -135.640464464, 40.32031392862, 39.94810003583, 40.2679652701, 40.24330643836, 40.28500999968, 40.26257244004
13.95, -0.04870183379578, 0, 6, -0.1363186569065, -0.7473769845318, -0.7473790999718, 0.2509108817249, 0.9021748877753, -1.722081260235, -2.26948843565, 206.506979972, 206.811824756, 207.1350568101, 207.363629383, -1.896389006836, 99.99362566413, 100, 99.99842283407, 442.1353543538, 460.3488605246, 441.9506234053, 439.6924650654, 442.3164628041, 440.0596291666, 14.3188918079, 14.41017964468, 14.11191364086, 14.03288957426, 14.5115864776, -134.17508407, -129.5211220393, -133.4541344246, -134.0282156185, -134.8882397274, -135.4669775691, 40.32710001332, 39.95490475395, 40.27517861489, 40.25052028419, 40.29137595048, 40.26892622796
13.975, -0.04632307953112, 0, 6, -0.136792030661, -0.7112993253779, -0.7113013526968, 0.2864034532437, 0.9343102902451, -1.685148611188, -2.236547223782, 206.8778908753, 207.1836334892, 207.5057052725, 207.735278457, -1.761637071815, 99.99375230291, 100, 99.99858905949, 442.8079344588, 461.0229693298, 442.6234735423, 440.365134067, 442.9888710345, 440.7318490737, 14.30073614901, 14.39713395996, 14.09428409979, 14.02008019096, 14.49393100958, -134.0023657772, -129.3544031215, -133.2815528584, -133.854908222, -134.7157828373, -135.2937954877, 40.33390764211, 39.96171900956, 40.28238445687, 40.25774624469, 40.29773636141, 40.27529481459
14, -0.04407147498123, 0, 6, -0.1367804262348, -0.6753056032672, -0.6753075276618, 0.3213778647807, 0.9660027277687, -1.648021613837, -2.203158237954, 207.2487913883, 207.5554385132, 207.8763612897, 208.1069297564, -1.627073650238, 99.99389642418, 100, 99.99875083119, 443.4805783172, 461.697066749, 443.2963778849, 441.0378664074, 443.6613571693, 441.4041559669, 14.28351692706, 14.38506242293, 14.07776938545, 14.00829607988, 14.47705734885, -133.8299040328, -129.187641907, -133.109229738, -133.6818966577, -134.5435785829, -135.1209028966, 40.3407242879, 39.96853256869, 40.28957563941, 40.26497303291, 40.30408457544, 40.28166769036
14.025, -0.04186517792022, 0, 6, -0.1363565125813, -0.6394626167632, -0.639464427731, 0.3560573733183, 0.9973941989271, -1.610842651089, -2.169542421123, 207.619687677, 207.9272401154, 208.2470243955, 208.478583088, -1.492514554071, 99.99405155565, 100, 99.99890440509, 444.1532833148, 462.3711549239, 443.9693342666, 441.7106593517, 444.3339172658, 442.0765454475, 14.26717276078, 14.37378850632, 14.06223982027, 13.99740175599, 14.46095703048, -133.6576869632, -129.020845819, -132.937152776, -133.5091661129, -134.3716148933, -134.9482852899, 40.34753795415, 39.97533491733, 40.29674517808, 40.27219255541, 40.31041381297, 40.28803736123
14.05, -0.03971951352263, 0, 6, -0.1355263909077, -0.6038000713394, -0.6038017605459, 0.3905121358434, 1.028621447825, -1.573733808312, -2.13586978788, 207.9905825931, 208.2990383242, 208.6176943354, 208.850238344, -1.35808924876, 99.99424246758, 100, 99.9990789295, 444.8260464192, 463.0452338434, 444.6423400897, 442.38351005, 445.0065477786, 442.7490137071, 14.25166898899, 14.36329925929, 14.04759559618, 13.98736322301, 14.4456473396, -133.4857023112, -128.854013561, -132.765309548, -133.3367026488, -134.1998793234, -134.7759288747, 40.35433811935, 39.9821156584, 40.30388686584, 40.27939965216, 40.31671726136, 40.29439835607
14.075, -0.03766631374934, 0, 6, -0.1342424325338, -0.5683118690365, -0.5683134289709, 0.4247552860886, 1.059780601396, -1.536767463732, -2.102233319663, 208.3614745147, 208.6708330711, 208.9883710788, 209.2218955892, -1.224012375178, 99.99447448113, 100, 99.99928381454, 445.4988643287, 463.7193019265, 445.3153925238, 443.0564155951, 445.67924552, 443.4215574305, 14.23699122199, 14.35365393564, 14.03377587339, 13.97819317356, 14.43115163593, -133.3139376252, -128.6871372393, -132.5936876203, -133.1644931322, -134.0283592949, -134.6038205681, 40.36111599362, 39.98886503036, 40.31099472507, 40.28659066748, 40.32298833506, 40.30074609052
14.1, -0.03569666352075, 0, 6, -0.1324367279655, -0.532978041415, -0.5329794652656, 0.4588629229513, 1.090915251109, -1.499986826549, -2.06866793653, 208.7323622317, 209.0426242468, 209.3590546635, 209.593554955, -1.090528467591, 99.99474479096, 100, 99.99951884794, 446.1717336953, 464.3933568537, 445.9884887274, 443.7293730679, 446.3520074895, 444.0941735709, 14.22313507447, 14.34485621782, 14.02075244031, 13.96987526918, 14.41748537612, -133.1423807328, -128.5202060648, -132.4222748816, -132.992525199, -133.8570425554, -134.431948027, 40.3678642514, 39.99557432268, 40.31806306785, 40.29376190216, 40.32922096633, 40.30707599425
14.125, -0.03379570023977, 0, 6, -0.1300525695649, -0.4977754096377, -0.4977766919916, 0.4929088031365, 1.122034523351, -1.463412724333, -2.035173478674, 209.1032452747, 209.4144117376, 209.7297451584, 209.9652165928, -0.9578946236329, 99.9950514682, 100, 99.99978330815, 446.8446513334, 465.0673959793, 446.6616259016, 444.4023796048, 447.0248308475, 444.7668592765, 14.21010115655, 14.33689662584, 14.00851887605, 13.96238953637, 14.40465585126, -132.9710198192, -128.3532080371, -132.2510596041, -132.8207870977, -133.6859172685, -134.2602995115, 40.37457660884, 40.00223609477, 40.32508663292, 40.3009089936, 40.33540954643, 40.31338312826
14.15, -0.03195491157796, 0, 6, -0.1270630653073, -0.4626807807547, -0.4626819185266, 0.5269565025699, 1.153134417018, -1.427063874267, -2.001732014336, 209.4741234786, 209.7861954439, 210.1004426535, 210.3368806625, -0.8263713869354, 99.99539018253, 100, 100.0000729661, 447.5176143292, 465.7414165572, 447.3348013247, 445.0754324394, 447.6977128879, 445.4396118453, 14.19789223758, 14.3297671581, 13.99707986598, 13.95572167303, 14.39266455617, -132.7998433928, -128.1861308281, -132.0800304232, -132.649267535, -133.5149719806, -134.0888637378, 40.38124745031, 40.00884418147, 40.33206100358, 40.30802687259, 40.34154926053, 40.31966200486
14.175, -0.03017106488295, 0, 6, -0.123510980295, -0.4276714514885, -0.427672445188, 0.5611631659699, 1.184215313584, -1.391057207814, -1.968323780661, 209.8449968363, 210.1579752802, 210.4711472663, 210.7085472984, -0.6962020405724, 99.99574700945, 100, 100.0003730092, 448.1906202388, 466.4154159338, 448.008012433, 445.7485289226, 448.3706509675, 446.1124286606, 14.18651030739, 14.32347758211, 13.98644203333, 13.94984690578, 14.38150886006, -132.6288402495, -128.0189627293, -131.909176472, -132.4779555585, -133.3441954694, -133.9176297714, 40.38787211516, 40.01539479049, 40.3389883365, 40.31510988064, 40.34764176229, 40.32590660441
14.2, -0.02843362981746, 0, 6, -0.1196005470763, -0.3927275656234, -0.3927284212614, 0.5957646588335, 1.215292062371, -1.355569441097, -1.934941364026, 210.2158654779, 210.529751198, 210.8418591351, 211.0802165938, -0.5674579532549, 99.99610565822, 100, 100.0006667275, 448.8636676149, 467.0893917013, 448.6812568706, 446.4216665978, 449.0436424796, 446.7853071895, 14.17595418724, 14.31803954508, 13.97660871991, 13.94470761349, 14.37118113723, -132.4579993764, -127.8516934639, -131.7384873774, -132.3068404638, -133.1735768042, -133.7465869425, 40.39444832814, 40.02188980079, 40.34587988127, 40.32215175769, 40.35369794476, 40.33211037294
14.225, -0.02673390052997, 0, 6, -0.1157186554062, -0.3578319994918, -0.357832729314, 0.6309098894401, 1.246408610797, -1.320694024631, -1.901599404999, 210.5867295938, 210.9015231953, 211.21257839, 211.4518886245, -0.440128288005, 99.99645207097, 100, 100.0009404616, 449.5367561266, 467.7633416174, 449.3545323625, 447.0948432082, 449.7166849004, 447.4582450198, 14.16622037629, 14.31345643371, 13.96757908114, 13.94025920572, 14.36167170097, -132.2873098398, -127.6843138602, -131.5679529869, -132.1359117467, -133.0031055415, -133.5757247874, 40.4009768323, 40.02833782618, 40.35274977923, 40.32914608335, 40.35973161371, 40.33826662673
14.25, -0.02507212963094, 0, 6, -0.1123519782114, -0.3229671924573, -0.3229678133977, 0.6666244037742, 1.277744758716, -1.286410935988, -1.868417428628, 210.9575893523, 211.2732910906, 211.5833051288, 211.8235632606, -0.3142074805089, 99.99677106057, 100, 100.0011811643, 450.2098860222, 468.4372633779, 450.0278365724, 447.7680566331, 450.3897757579, 448.1312398716, 14.15730566609, 14.30972257469, 13.95932660052, 13.93648085379, 14.35299632588, -132.1167607957, -127.516814927, -131.3975632461, -131.9651591363, -132.8327716639, -133.4050330172, 40.40746117235, 40.03475231188, 40.35961172872, 40.33608982395, 40.36575615387, 40.34437191821
14.275, -0.02344264078065, 0, 6, -0.1099135409962, -0.2881151374831, -0.2881156676316, 0.7028557535123, 1.30956122278, -1.252631091422, -1.835628265479, 211.3284448034, 211.6450542402, 211.9540393859, 212.1952399024, -0.1897001975265, 99.99704571357, 100, 100.0013804588, 450.8830570259, 469.1111543146, 450.7011669338, 448.4413047062, 451.0629125299, 448.8042895278, 14.14921047421, 14.30682904714, 13.95178080345, 13.93337137282, 14.34522481071, -131.9463416915, -127.3491867117, -131.2273082173, -131.7945727144, -132.6625654377, -133.2345015776, 40.41390849309, 40.04114880439, 40.36647829051, 40.34298929957, 40.37178389475, 40.35043213945
14.3, -0.02183292229677, 0, 6, -0.1086123278387, -0.2532582586166, -0.2532587136572, 0.7395206708685, 1.342031227001, -1.219240761877, -1.803412919865, 211.699295829, 212.016811837, 212.3247811006, 212.5669178358, -0.06662221497538, 99.99725986906, 100, 100.0015336309, 451.5562675315, 469.7850113701, 451.3745205925, 449.1145849361, 451.7360925568, 449.4773915935, 14.14193891988, 14.30476549216, 13.94487833909, 13.93094183524, 14.33843099479, -131.7760424343, -127.181418217, -131.0571781131, -131.6241429322, -132.4924773177, -133.0641207628, 40.42033020952, 40.04754296914, 40.37336091433, 40.34985860274, 40.37782612678, 40.35646099375
14.325, -0.02022959184294, 0, 6, -0.1084613865981, -0.2183773901716, -0.2183777814496, 0.7765308461859, 1.375178804916, -1.186116860179, -1.771803682595, 212.0701421767, 212.388563253, 212.6955301072, 212.9385965826, 0.05500916361654, 99.9974021631, 100, 100.0016380425, 452.2295146689, 470.4588313469, 452.0478944922, 449.78789444, 452.4093130187, 450.1505433573, 14.13549584001, 14.30351907006, 13.93860046846, 13.92920632435, 14.33264829652, -131.6058533474, -127.0134983252, -130.8871632896, -131.4538604632, -132.3224979027, -132.8938811604, 40.42674110908, 40.05394985812, 40.38027028713, 40.35671486123, 40.38389333545, 40.36247522781
14.35, -0.01862048085379, 0, 6, -0.1093408458024, -0.1834510576801, -0.1834513917305, 0.8137176890842, 1.408904724346, -1.153050622177, -1.740691642108, 212.4409835091, 212.7603081971, 213.0662861387, 213.3102760183, 0.1751806631349, 99.99747488941, 100, 100.0017003258, 452.9027947494, 471.1326111966, 452.7212854613, 450.4612300729, 453.082570996, 450.8237418272, 14.1298839042, 14.30306571337, 13.9329743314, 13.92819038786, 14.32786175453, -131.4357650296, -126.8454166924, -130.7172540805, -131.2837160137, -132.1526180112, -132.7237734884, 40.43315722869, 40.06038306917, 40.3872121989, 40.36357455136, 40.38999123182, 40.36849097173
14.375, -0.01700413420943, 0, 6, -0.110998091326, -0.1484569993633, -0.1484572779486, 0.8508052928953, 1.443045025301, -1.119740275767, -1.709886026809, 212.811819429, 213.1320466851, 213.4370488341, 213.6819563132, 0.293758776774, 99.99748871419, 100, 100.0017307608, 453.5761033373, 471.8063481661, 453.3946902756, 451.1345885488, 453.7558635292, 451.4969838098, 14.12510270299, 14.3033625843, 13.92805386624, 13.92794199386, 14.32402484778, -131.265768298, -126.6771639767, -130.5474406691, -131.1137002058, -131.9828286704, -132.5537884552, 40.43959266642, 40.06685156123, 40.39418303566, 40.37045188485, 40.39611610047, 40.37452218896
14.4, -0.01538623333738, 0, 6, -0.1130521693185, -0.1133753249856, -0.1133755456856, 0.8875681513605, 1.477426170616, -1.085942607519, -1.679179224494, 213.1826495528, 213.5037789108, 213.8078177812, 214.0536377704, 0.4105875364134, 99.99745550212, 100, 100.0017374141, 454.2494353024, 472.4800398857, 454.0681058218, 451.8079665343, 454.4291876084, 452.1702659624, 14.12114801015, 14.30435728499, 13.92389475756, 13.92848701268, 14.3210809038, -131.0958541995, -126.5087320639, -130.3777133079, -130.9438035376, -131.8131208625, -132.3839166904, 40.44605742835, 40.07335759046, 40.40117494561, 40.3773586917, 40.40225993959, 40.38058051229
14.425, -0.01376647831789, 0, 6, -0.115059780295, -0.07819350415995, -0.07819366182793, 0.9239005345254, 1.511813292477, -1.051540107304, -1.648323981353, 213.553473559, 213.8755052742, 214.1785925864, 214.4253208141, 0.5255573356858, 99.99738965027, 100, 100.0017292418, 454.922785251, 473.1536844646, 454.7415291928, 452.4813607455, 455.1025402436, 452.843584853, 14.11801081209, 14.30604605435, 13.92055285532, 13.9298648452, 14.31896200374, -130.9260139825, -126.3401144195, -130.2080624706, -130.7740163657, -131.6434854486, -132.2141487381, 40.45255710807, 40.07989773225, 40.40817980642, 40.38430288997, 40.4084145633, 40.38667386108
14.45, -0.01214213070815, 0, 6, -0.1166495247841, -0.04290883764206, -0.04290892657, 0.9597907209072, 1.545907558103, -1.016514415532, -1.617009787836, 213.9242912456, 214.2472266176, 214.5493729287, 214.7970062203, 0.6385756868932, 99.99730884275, 100, 100.0017136545, 455.5961483868, 473.8272805296, 455.4149577823, 453.1547680531, 455.7759185764, 453.516937061, 14.1156771776, 14.30847411828, 13.91810819894, 13.93213511646, 14.31756353203, -130.7562388987, -126.171306143, -130.0384788056, -130.604328857, -131.4739131977, -132.0444750553, 40.45909240676, 40.08646513225, 40.41519018108, 40.39128335111, 40.41457256203, 40.39280129959
14.475, -0.01051856552914, 0, 6, -0.1176412118402, -0.007525133185782, -0.007525149047809, 0.995277427753, 1.579500849524, -0.9809064723148, -1.585004719701, 214.2951025842, 214.6189439631, 214.9201585823, 215.1686948836, 0.749557160831, 99.99723069397, 100, 100.0016951124, 456.269521225, 474.5008269911, 456.0883893259, 453.8281856908, 456.4493199245, 454.1903194396, 14.11413117062, 14.3116530283, 13.91662994571, 13.9353034408, 14.31678388977, -130.5865199323, -126.0023029887, -129.8689529969, -130.4347310191, -131.3043947761, -131.8748859409, 40.46565864121, 40.09305144207, 40.42219944681, 40.39829076278, 40.42072737062, 40.39895367466
14.5, -0.00890652035148, 0, 6, -0.1180379669875, 0.02794978444651, 0.02794984375917, 1.030420320013, 1.612547283386, -0.9447914756607, -1.552246474386, 214.665907678, 214.9906581467, 215.2909494351, 215.5403875002, 0.8584104260449, 99.99716992397, 100, 100.0016781982, 456.9429015088, 475.1743227176, 456.7618217868, 454.5016113176, 457.1227418044, 454.8637292722, 14.11335862971, 14.31556637734, 13.91614005089, 13.93933530286, 14.31657004826, -130.4168477576, -125.8331001116, -129.6994757022, -130.265212841, -131.1349207388, -131.7053715625, 40.47224678778, 40.0996477026, 40.42920148563, 40.40531254875, 40.42687296066, 40.40511853149
14.525, -0.007314097664599, 0, 6, -0.1179389174696, 0.06350362303855, 0.06350375757453, 1.065284845182, 1.64513685602, -0.9082604956245, -1.518829745824, 215.036706691, 215.3623696561, 215.6617454751, 215.9120844483, 0.9650321684941, 99.99713705492, 100, 100.0016689634, 457.6162876523, 475.8477663629, 457.4352532266, 455.1750429129, 457.796181904, 455.5371642283, 14.11334904095, 14.32019443011, 13.91661062231, 13.94418623576, 14.31692517256, -130.2472129051, -125.6636914837, -129.5300375812, -130.0957644402, -130.9654815835, -131.5359220758, 40.47884549931, 40.10624458453, 40.43619023983, 40.41233690346, 40.43300348355, 40.41128420119
14.55, -0.005746101677348, 0, 6, -0.1174412588436, 0.09912343375867, 0.09912364198885, 1.099935473826, 1.677429775505, -0.871399147708, -1.484932447146, 215.4074997926, 215.7340786453, 216.032546747, 216.2837858218, 1.069322264594, 99.99713900577, 100, 100.0016749619, 458.2896781209, 476.5211563414, 458.1086817193, 455.8484786101, 458.4696380235, 456.2106222151, 14.11409562712, 14.32552019789, 13.91798204231, 13.94981756816, 14.31789108652, -130.0776059406, -125.4940699101, -129.3606293394, -129.926376143, -130.7960678422, -131.3665277448, 40.48544300673, 40.11283229721, 40.4431590902, 40.41935486934, 40.43911225788, 40.41744179966
14.575, -0.004203474933996, 0, 6, -0.1165800991312, 0.1348001277068, 0.1348004067462, 1.134446105666, 1.709590786294, -0.834294786015, -1.450738087932, 215.7782871352, 216.1057850482, 216.4033533168, 216.6554915316, 1.171228557327, 99.99717949007, 100, 100.0017034365, 458.9630710496, 477.1944909145, 458.7821053297, 456.5219165587, 459.1431080168, 456.8841012213, 14.11559413385, 14.33153042515, 13.92018664703, 13.95619468253, 14.31952275319, -129.9080175868, -125.3242274681, -129.1912417946, -129.7570384947, -130.6266701269, -131.197179016, 40.49202840291, 40.11940064854, 40.45010124719, 40.42636048, 40.44519245437, 40.42358533161
14.6, -0.002684743203269, 0, 6, -0.1153210415604, 0.1705274831774, 0.1705278285901, 1.168898122278, 1.741743074458, -0.7970363171066, -1.416389065433, 216.1490688555, 216.4774887068, 216.7741652517, 217.0272014022, 1.270709821236, 99.99725987069, 100, 100.0017600686, 459.6364641938, 477.8677683088, 459.4555221257, 457.1953548624, 459.8165897621, 457.5575992221, 14.11784122996, 14.33821592002, 13.92316640516, 13.96328737786, 14.32186871535, -129.7384387823, -125.1541560599, -129.0218659143, -129.5877422256, -130.4572791805, -131.0278665353, 40.49859230658, 40.12593955812, 40.4570102337, 40.43334977429, 40.45123759935, 40.42971087895
14.625, -0.001188715348024, 0, 6, -0.1135880275133, 0.2063021737851, 0.2063025791968, 1.203369234814, 1.773947914495, -0.7597037762536, -1.381954209162, 216.5198450854, 216.8491894929, 217.144982608, 217.3989152894, 1.367727857154, 99.99738018441, 100, 100.0018481798, 460.3098550954, 478.5409868201, 460.1289302009, 457.8687915728, 460.4900811527, 458.2311141319, 14.1208331187, 14.34556721385, 13.92688357247, 13.97106782007, 14.32495504993, -129.5688606617, -124.9838478831, -128.8524928128, -129.4184781999, -130.287885917, -130.8585811327, 40.50512689296, 40.13243965436, 40.46388003492, 40.44031923198, 40.45724167233, 40.43581481983
14.65, 0.0002851407940547, 0, 6, -0.1113058124978, 0.2421264583549, 0.2421269152389, 1.237925061167, 1.806224842636, -0.7223562734683, -1.347448405802, 216.8906159675, 217.2208873547, 217.5158054333, 217.7706330989, 1.462250566879, 99.99754024081, 100, 100.0019690919, 460.9832413375, 479.2141448834, 460.8023277, 458.542224737, 461.1635801107, 458.9046438314, 14.12456464284, 14.35357299929, 13.93131889194, 13.97951044868, 14.32878691011, -129.3992744868, -124.8132957291, -128.6831137364, -129.2492373733, -130.1184814416, -130.6893137785, 40.511625469, 40.13889271424, 40.47070512648, 40.44726470821, 40.46319907647, 40.44189281542
14.675, 0.001737168692145, 0, 6, -0.1084268338386, 0.2780052107709, 0.2780057085713, 1.272611451343, 1.838573113806, -0.6850287098735, -1.312862460349, 217.2613816643, 217.5925823047, 217.8866337684, 218.1423547604, 1.554254165178, 99.99773929102, 100, 100.0021224134, 461.656620713, 479.8872411255, 461.4757128353, 459.2156524482, 461.837084594, 459.5781862028, 14.12902864685, 14.36221893024, 13.93646291096, 13.98859151696, 14.33335708068, -129.2296716332, -124.6424931989, -128.5137200601, -129.0800107753, -129.9490570658, -130.5200555474, 40.51808204879, 40.14529178536, 40.47748032013, 40.45418123236, 40.46910453127, 40.44793976974
14.7, 0.003168000499787, 0, 6, -0.1049455155457, 0.3139443208731, 0.3139448475086, 1.307506150821, 1.870989177304, -0.6477768957727, -1.27818294405, 217.6321423677, 217.9642743891, 218.2574676518, 218.5140802008, 1.643723646106, 99.9979698256, 100, 100.0022999834, 462.329991292, 480.5602743584, 462.1490839075, 459.8890728579, 462.5105925836, 460.2517391384, 14.13421584929, 14.37148869598, 13.94230868588, 13.99828329377, 14.33865272593, -129.0600435837, -124.4714347526, -128.3443033586, -128.9107895093, -129.7796042632, -130.3507976058, 40.52449115054, 40.15163127395, 40.48420268286, 40.46106319279, 40.47495480352, 40.45395000324
14.725, 0.00457846860433, 0, 6, -0.1009654440498, 0.3499496603799, 0.3499502037326, 1.34281664682, 1.903479735156, -0.610790492397, -1.243407099903, 218.0028983286, 218.3359636572, 218.6283071624, 218.8858093263, 1.730643593845, 99.99821545508, 100, 100.0024843293, 463.003351766, 481.2332434839, 462.8224393524, 460.5624841804, 463.1841020722, 460.9253005631, 14.14011522676, 14.38139071589, 13.94884855958, 14.0085344616, 14.34465965026, -128.8903818323, -124.3001155922, -128.1748556048, -128.7415647611, -129.6101145082, -130.181531203, 40.53084877338, 40.15790928825, 40.49087899874, 40.46790447382, 40.48075662691, 40.45991735036
14.75, 0.005968301327713, 0, 6, -0.09678384275795, 0.3860227580207, 0.3860233087656, 1.378746395713, 1.936063239082, -0.5742707694333, -1.208552565437, 218.3736498434, 218.7076501705, 218.9991524222, 219.2575420505, 1.814952345294, 99.99846000822, 100, 100.0026592131, 463.6767019489, 481.9061474515, 463.4957776583, 461.2358847464, 463.857611106, 461.59886851, 14.14671413291, 14.39194267369, 13.95607463953, 14.01929148115, 14.35136330592, -128.7206777808, -124.1285316213, -128.0053689582, -128.572327794, -129.4405794387, -130.0122476575, 40.53715394414, 40.1641309034, 40.49752335608, 40.474698487, 40.48652415598, 40.46583526177
14.775, 0.007335528611711, 0, 6, -0.09286698066846, 0.4221625203163, 0.4221630748595, 1.41537178329, 1.968806142514, -0.5383004643152, -1.173688419685, 218.744397201, 219.079333974, 219.3700035428, 219.6292782908, 1.896573752898, 99.99868870033, 100, 100.0028105163, 464.350042639, 482.5789852877, 464.1690972663, 461.9092730015, 464.5311177753, 462.272441119, 14.15399808218, 14.40314287863, 13.96397328433, 14.03051538765, 14.35875298777, -128.5509227728, -123.9566795168, -127.8358355453, -128.4030699581, -129.2709910199, -129.8429383555, 40.54340882058, 40.17030776383, 40.50415088172, 40.48143923054, 40.4922725569, 40.47169766926
14.8, 0.008679536603339, 0, 6, -0.08972196535593, 0.4583695617378, 0.4583701237527, 1.452658406923, 2.001926259076, -0.502851702262, -1.139044714749, 219.1151406343, 219.4510147252, 219.7408605698, 220.0010176177, 1.975441042542, 99.99888475163, 100, 100.0029258701, 465.0233748178, 483.2517561387, 464.842396501, 462.5826474832, 465.2046201107, 462.9460165871, 14.16195025582, 14.41497334472, 13.97248423361, 14.04218206526, 14.36686224299, -128.3811082853, -123.7845569018, -127.6662475085, -128.233782751, -129.101341548, -129.6735947462, 40.5496187113, 40.17645549488, 40.51077580357, 40.48812724052, 40.49801610181, 40.47750496629
14.825, 0.009998983843354, 0, 6, -0.08770499549676, 0.4946439805596, 0.4946445600915, 1.490513427615, 2.035675109432, -0.4678406981502, -1.104878580354, 219.4858802717, 219.8226916709, 220.1117234039, 220.3727592163, 2.051499938193, 99.99903014979, 100, 100.0029982991, 465.6966984638, 483.9244593322, 465.5156735124, 463.2560066074, 465.8781159259, 463.6195929116, 14.17055064795, 14.42740366151, 13.98150773818, 14.05427549732, 14.37575849767, -128.2112262647, -123.6121626452, -127.4965971368, -128.0644578446, -128.9316236413, -129.5042084154, 40.55579325525, 40.18259098169, 40.51741106171, 40.49477335444, 40.50376789334, 40.48326797014
14.85, 0.01129038566028, 0, 6, -0.08694455607509, 0.5309843955574, 0.5309850069274, 1.528828024335, 2.070185908397, -0.4331689962913, -1.07131775374, 219.8566161299, 220.194364104, 220.48259177, 220.74450228, 2.124709144464, 99.99910892958, 100, 100.0030231454, 466.3700120979, 484.5970943918, 466.1889262948, 463.9293484484, 466.5516027731, 464.2931676495, 14.17977596688, 14.44039535975, 13.99096452514, 14.06678205641, 14.38547981811, -128.0412692618, -123.4394969075, -127.3268769525, -127.8950870553, -128.7618302189, -129.3347711807, 40.56194647521, 40.18873086078, 40.52406872874, 40.50139461583, 40.50954013984, 40.48900373959
14.875, 0.01254546384724, 0, 6, -0.0873918829682, 0.5673875350761, 0.5673881951026, 1.567458832285, 2.105434069639, -0.3987150231287, -1.038326896145, 220.2273481403, 220.5660316542, 220.8534652458, 221.1162462495, 2.195039771227, 99.999114183, 100, 100.003000881, 467.0433131371, 485.2696610552, 466.8621527486, 464.6026707591, 467.2250780217, 464.9667379403, 14.18959985998, 14.45390985103, 14.00082297636, 14.07969605456, 14.39600845941, -127.8712303668, -123.2665610767, -127.1570797, -127.7256623203, -128.5919545116, -129.1652751112, 40.56809525277, 40.19489102202, 40.53075922612, 40.50800939007, 40.51534332289, 40.4947307395
14.9, 0.01375596614465, 0, 6, -0.08886578544964, 0.6038455648439, 0.6038462911778, 1.606130837419, 2.141272039874, -0.3642377102281, -1.005755682032, 220.598076169, 220.9376943557, 221.2243432813, 221.4879908612, 2.262489384647, 99.99905326855, 100, 100.0029416122, 467.7165982792, 485.9421594032, 467.5353507293, 465.2759711421, 467.898538977, 465.6403006629, 14.19999256786, 14.46788709014, 14.01109206564, 14.09303177312, 14.40727764223, -127.7011031933, -123.0933579059, -126.9871981613, -127.5561757043, -128.421990208, -128.995712522, 40.57425649044, 40.20108468233, 40.5374846239, 40.51463428108, 40.52117976089, 40.50046587253
14.925, 0.01491765234287, 0, 6, -0.09103835039067, 0.6403437003289, 0.6403445086896, 1.644528768226, 2.177496659776, -0.3294509889317, -0.9734108762026, 220.9688000575, 221.309352536, 221.5952252265, 221.8597360447, 2.327129589127, 99.99893817858, 100, 100.0028554247, 468.3898634854, 486.6145898938, 468.2085181784, 465.9492471733, 468.571982941, 466.3138525504, 14.21092151661, 14.48224513953, 14.02179615763, 14.10680408275, 14.41919496366, -127.5308819336, -122.9198913555, -126.8172253062, -127.3866194588, -128.2519313892, -128.8260759948, 40.58044385899, 40.20731884171, 40.54423862748, 40.52128336142, 40.52704343565, 40.50622360891
14.95, 0.01602654982762, 0, 6, -0.09346652584129, 0.6768642987787, 0.6768651994353, 1.682443262092, 2.213893753443, -0.2941705870245, -0.9410839720191, 221.3395196781, 221.6810066765, 221.9661104119, 222.2314818153, 2.389029849119, 99.99878149727, 100, 100.0027504861, 469.0631041682, 487.2869532207, 468.8816532464, 466.6224964876, 469.245407273, 466.9873903136, 14.22235322917, 14.49691618565, 14.03295630885, 14.12101292838, 14.43166309893, -127.3605612656, -122.7461659741, -126.6471545744, -127.2169860893, -128.0817723245, -128.6563583984, 40.58666644681, 40.21359357487, 40.55101275891, 40.5279681665, 40.53292602443, 40.51201573608
14.975, 0.01707760625694, 0, 6, -0.09569113415282, 0.7133902668311, 0.7133912618201, 1.719790364974, 2.250169335428, -0.2583352431162, -0.9084726372461, 221.7102349728, 222.05265759, 222.3369982218, 222.6032284464, 2.448255395378, 99.99860009959, 100, 100.0026365158, 469.736315811, 487.9592501436, 469.5547543486, 467.295716819, 469.9188095055, 467.6609107666, 14.23425557752, 14.51185039119, 14.04461379918, 14.13564093104, 14.44456432925, -127.1901361523, -122.5721861583, -126.4769798953, -127.0472683754, -127.911507403, -128.4865529278, 40.59292857123, 40.2199038567, 40.55779890575, 40.53469394641, 40.53881952269, 40.51784769555
15, 0.01806992578479, 0, 6, -0.09739350598756, 0.7499031184707, 0.7499042019365, 1.756567328397, 2.286009919741, -0.2219684786034, -0.8752810594793, 222.0809459845, 222.4243064941, 222.707888178, 222.9749765617, 2.504863472078, 99.99841278918, 100, 100.0025196643, 470.4094949583, 488.6314813486, 470.2278201966, 467.968906148, 470.5921875073, 468.3344110688, 14.24659975615, 14.52701509009, 14.05683711775, 14.1506613914, 14.45776210874, -127.0196015919, -122.3979554977, -126.3066955933, -126.8774594036, -127.7411311325, -128.3166531095, 40.59922899237, 40.2262419626, 40.56458976957, 40.54145573994, 40.5447168058, 40.52371476049
15.025, 0.01900694854574, 0, 6, -0.09846901092283, 0.7863847111935, 0.7863858726067, 1.792814315333, 2.321228798487, -0.1851381006133, -0.8413635806447, 222.4516528599, 222.7959545846, 223.0787799696, 223.3467268129, 2.558902481006, 99.99823694286, 100, 100.0024042961, 471.0826396538, 489.3036474284, 470.900849778, 468.6420629105, 471.2655395325, 469.0078889613, 14.25936051164, 14.54239086221, 14.06967020532, 14.16604323765, 14.47115450615, -126.8489524916, -122.2234766915, -126.1362963112, -126.7075526329, -127.5706381691, -128.1466527411, 40.60556100726, 40.23259905886, 40.57137873967, 40.54824199585, 40.55061149787, 40.52960551488
15.05, 0.01989402701322, 0, 6, -0.0989738150268, 0.8228216613147, 0.8228228890407, 1.828599575687, 2.355813897551, -0.1479328147232, -0.8067525457872, 222.8223558254, 223.1676027292, 223.4496734121, 223.7184796346, 2.610415288218, 99.9980860903, 100, 100.0022955852, 471.7557490803, 489.9757489467, 471.5738422956, 469.3151860062, 471.9388641465, 469.6813427485, 14.2725151247, 14.55796695287, 14.08310464028, 14.1817532076, 14.48470094789, -126.6781837272, -122.0487518735, -125.9657769818, -126.5375419143, -127.4000233536, -127.9765458542, 40.61191410841, 40.23896577877, 40.57815967816, 40.55503967504, 40.55649769183, 40.5355069738
15.075, 0.02073587277149, 0, 6, -0.09902420177879, 0.8592076849523, 0.8592089682833, 1.864008372317, 2.389886529781, -0.1104488821792, -0.771601743944, 223.1930551543, 223.5392513913, 223.8205683731, 224.0902351705, 2.659434452504, 99.99796927668, 100, 100.0022001798, 472.4288229077, 490.6477865134, 472.2467970976, 469.9882746601, 472.6121601078, 470.354771111, 14.28604208983, 14.57373679965, 14.09708489965, 14.19775691647, 14.49841363712, -126.5072902878, -121.8737830371, -125.7951328148, -126.3674214591, -127.229281749, -127.8063267126, 40.6182762399, 40.24533243085, 40.58492666585, 40.56183766829, 40.56236968272, 40.54140805483
15.1, 0.02153508005012, 0, 6, -0.09870907507242, 0.8955455329063, 0.8955468620211, 1.899135375726, 2.423630092323, -0.0727723718879, -0.7361020834143, 223.563751137, 223.9109007157, 224.1914646905, 224.4619933206, 2.705929129539, 99.99789207203, 100, 100.0021257573, 473.1018607293, 491.3197608352, 472.919713621, 470.6613282559, 473.2854262652, 471.0281728924, 14.29992015639, 14.58969239121, 14.11152921856, 14.21402077439, 14.51233217371, -126.336267399, -121.6985723418, -125.6243592763, -126.1971857872, -127.0584086764, -127.6359898272, 40.62463563391, 40.25168905559, 40.59167358443, 40.56862815092, 40.56822126581, 40.54730083531
15.125, 0.02229257698296, 0, 6, -0.09804973895937, 0.9318449553027, 0.9318463198862, 1.934081695759, 2.457221599239, -0.03498583935087, -0.7004222909539, 223.9344440682, 224.2825506755, 224.5623621111, 224.8337538365, 2.749929681299, 99.99785739767, 100, 100.002079382, 473.7748618016, 491.9916727307, 473.5925913679, 471.334346211, 473.9586615026, 471.7015469541, 14.31412787365, 14.6058210881, 14.12635341101, 14.23050834963, 14.52649879214, -126.1651105992, -121.5231222597, -125.4534520924, -126.0268296812, -126.8873997223, -127.465529975, 40.63098188717, 40.25802568365, 40.59839438272, 40.57540609187, 40.57404626817, 40.55318021991
15.15, 0.02300760980076, 0, 6, -0.09700439094894, 0.9681144844694, 0.9681158721071, 1.968943077399, 2.490787716616, 0.002827763238509, -0.6646787457516, 224.3051342406, 224.6542011904, 224.9332602439, 225.2055164051, 2.791486897656, 99.99786598399, 100, 100.0020661452, 474.4478250735, 492.663523132, 474.2654298938, 472.0073279259, 474.6318647318, 472.3748921169, 14.32864337908, 14.62211168404, 14.1414857964, 14.24718769808, 14.54094243212, -125.9938157866, -121.3474356462, -125.2824072471, -125.8563481598, -126.7162507536, -127.2949422121, 40.63730637918, 40.2643328446, 40.60508332614, 40.58216810257, 40.57983895081, 40.55904295945
15.175, 0.0236770375358, 0, 6, -0.09549965547704, 1.004356689723, 1.004358085003, 2.003796466845, 2.524387930931, 0.04058850432972, -0.6289238998576, 224.6758219456, 225.0258522225, 225.3041585388, 225.5772807418, 2.830655462576, 99.99791759457, 100, 100.0020888525, 475.1207493795, 493.3353130712, 474.9382288082, 472.6802727838, 475.3050349074, 473.0482071593, 14.34344444258, 14.63855235378, 14.15687509386, 14.26403169107, 14.55566789886, -125.8223792076, -121.1715157332, -125.1112209702, -125.6857364696, -126.5449579329, -127.1242218804, 40.6436021269, 40.27060206272, 40.61173507895, 40.58891099125, 40.58559409828, 40.56488598601
15.2, 0.02429571120121, 0, 6, -0.09346822948834, 1.040568313897, 1.040569698648, 2.038693182807, 2.55803196216, 0.0782271104808, -0.5931708155443, 225.0465074795, 225.3975038009, 225.6750563912, 225.949046608, 2.867495747298, 99.99801102019, 100, 100.0021476982, 475.7936336733, 494.0070437205, 475.6109877912, 473.3531801959, 475.97817105, 473.7214908646, 14.35850798745, 14.65512972187, 14.17248697811, 14.28101839642, 14.57066019994, -125.6507974281, -120.9953663037, -124.9398897473, -125.5149900906, -126.373517748, -126.953364601, 40.64986331216, 40.27682615015, 40.61834470259, 40.5956309338, 40.5913069363, 40.57070564617
15.225, 0.02486234039139, 0, 6, -0.09087196952806, 1.076740690952, 1.076742045353, 2.073668469431, 2.591703389119, 0.1156923789514, -0.557416467534, 225.4171911535, 225.7691560072, 226.0459535307, 226.3208137916, 2.902078932344, 99.99814156497, 100, 100.0022381684, 476.4664771689, 494.6787165084, 476.2837066245, 474.0260496483, 476.6512722431, 474.3947420418, 14.3738087017, 14.6718221178, 14.18829539493, 14.29812177102, 14.58589149082, -125.4790673534, -120.8189921911, -124.7684103733, -125.3441047413, -126.2019270669, -126.7823662689, 40.65608482886, 40.28299922376, 40.62490777168, 40.60232331279, 40.59697319763, 40.57649755112
15.25, 0.02538729770044, 0, 6, -0.08773166884465, 1.112865354998, 1.112866659772, 2.108842847818, 2.625384604649, 0.1528895217621, -0.5216558782125, 225.78787331, 226.1408089353, 226.4168505783, 226.6925820802, 2.934815463236, 99.99829373236, 100, 100.0023437078, 477.1392794585, 495.3503330531, 476.9563852284, 474.6988806857, 477.3243376108, 475.0679595339, 14.3893193498, 14.68860281725, 14.2042769751, 14.31528646538, 14.60132898383, -125.3071861479, -120.6423992131, -124.5967801382, -125.1730763957, -126.0301830651, -126.6112230449, 40.66226232505, 40.28911735349, 40.63142493123, 40.60898289133, 40.60259339769, 40.58225664702
15.275, 0.02588201703713, 0, 6, -0.08421601101246, 1.148943083995, 1.148944325279, 2.144429631577, 2.659077788759, 0.1896349555578, -0.4858904177656, 226.1585542981, 226.5124626498, 226.7877490846, 227.0643512859, 2.973123736309, 99.9984493995, 100, 100.0024452625, 477.8120409542, 496.0218947715, 477.6290235621, 475.3716728885, 477.9973663905, 475.7411423358, 14.40501451705, 14.7054996659, 14.22041386621, 14.33246331054, 14.61694413506, -125.1351509137, -120.4655928733, -124.424996806, -125.0019013048, -125.8582830306, -126.4399313269, 40.66839354256, 40.29518171278, 40.63790682814, 40.61560393511, 40.60817795209, 40.58797717685
15.3, 0.02640037289797, 0, 6, -0.08068719818313, 1.184992357361, 1.184993532561, 2.180612393953, 2.69281608752, 0.2258282070123, -0.4501322000984, 226.529234219, 226.8841171688, 227.158650901, 227.4361213251, 3.015909437517, 99.99859545851, 100, 100.0025296501, 478.4847631014, 496.6934022144, 478.3016211031, 476.044425832, 478.6703582194, 476.4142897804, 14.42087817661, 14.72291551143, 14.23670228245, 14.34999056772, 14.63272359775, -124.9629582805, -120.2885757242, -124.2530580231, -124.8305760254, -125.686224089, -126.2684877133, 40.6744793101, 40.3012005007, 40.64436858721, 40.62218053345, 40.61374164372, 40.5936529312
15.325, 0.0269424987803, 0, 6, -0.0776370355797, 1.221045237863, 1.221046359005, 2.217428902904, 2.726719572618, 0.2614618700722, -0.4145009220676, 226.8999131985, 227.2557722585, 227.5295571001, 227.8078921754, 3.057536491404, 99.99872047149, 100, 100.0025865789, 479.1574479102, 497.3648541381, 478.9741770801, 476.7171389742, 479.3433125924, 477.0874016577, 14.43691375602, 14.74082899353, 14.2531441909, 14.36782167694, 14.64869485947, -124.7906041109, -120.1113436612, -124.0809606652, -124.6590974789, -125.5140029551, -126.0968889692, 40.68052336363, 40.30718746161, 40.65082522198, 40.62870906299, 40.61929928719, 40.59927970538
15.35, 0.02747068080612, 0, 6, -0.07552349691642, 1.25713201803, 1.257133110324, 2.254807833419, 2.76103234353, 0.2965789668084, -0.3792469333089, 227.2705913099, 227.6274270853, 227.9004676849, 228.1796635167, 3.092291423726, 99.99881053038, 100, 100.0026090611, 479.8300970118, 498.0362482103, 479.6466904551, 477.3898116915, 480.0162287864, 477.7604779628, 14.45313558294, 14.75898438098, 14.26970093345, 14.38570943613, 14.66494839126, -124.6180840552, -119.9338887203, -123.9087011395, -124.4874628949, -125.3416161362, -125.9251319954, 40.68653288924, 40.31315910144, 40.65729040371, 40.63519459822, 40.62486473404, 40.60486205222
15.375, 0.02794267090843, 0, 6, -0.07461073459084, 1.293259391268, 1.293260487966, 2.292627028519, 2.795963696525, 0.3312433765879, -0.3445815893487, 227.6412685708, 227.9990805809, 228.2713820162, 228.5514347733, 3.114448936862, 99.99884965314, 100, 100.0025924732, 480.5027108502, 498.707582649, 480.3191601488, 478.0624432256, 480.6891057755, 478.4335182974, 14.4695504302, 14.77709516167, 14.28631114922, 14.40339274318, 14.68157605464, -124.4453945265, -119.756205525, -123.7362760878, -124.3156695764, -125.1690605553, -125.7532138366, 40.69251944484, 40.3191323521, 40.66377646894, 40.64165084403, 40.63045081789, 40.61041379626
15.4, 0.02831473758154, 0, 6, -0.07494895663655, 1.32939739869, 1.329398536288, 2.330732558674, 2.831564624878, 0.3655058069039, -0.3105848485521, 228.0119450588, 228.3707319774, 228.6422992147, 228.9232053365, 3.118326043747, 99.99882435473, 100, 100.0025330103, 481.1752887325, 499.3788575928, 480.9915854068, 478.7350327147, 481.3619421824, 479.1065214985, 14.48614268509, 14.79484097336, 14.30292398395, 14.42058174165, 14.69860431024, -124.2725333604, -119.5782965851, -123.5636829681, -124.1437147254, -124.996334146, -125.5811317082, 40.69849835344, 40.32512355351, 40.67029483794, 40.64809531026, 40.63606972542, 40.61595332299
15.425, 0.02853497698181, 0, 6, -0.07643939883863, 1.365480059356, 1.365481274778, 2.368868862694, 2.867718434995, 0.3994405836409, -0.2772073104432, 228.3826210035, 228.7423810777, 229.0132182356, 229.2949746648, 3.098356037925, 99.99873382903, 100, 100.0024354623, 481.8478294078, 500.0500761645, 481.6639660767, 479.4075794151, 482.0347363796, 479.7794856016, 14.50286365494, 14.81187432207, 14.31950143936, 14.43697403567, 14.71597000862, -124.099500176, -119.400176172, -123.3909203607, -123.9715954063, -124.823436367, -125.4088830441, 40.70448677635, 40.33114784792, 40.67685323087, 40.65454512571, 40.6417303264, 40.62149916326
15.45, 0.02862307675925, 0, 6, -0.07884907592613, 1.401427005525, 1.401428332844, 2.40669934474, 2.904214735208, 0.4332919588742, -0.2443101173311, 228.7532965942, 229.1140282696, 229.3841379934, 229.6667422556, 3.06626942657, 99.99858775403, 100, 100.0023106045, 482.5203312751, 500.7212448557, 482.3363024189, 480.0800829113, 482.7074868896, 480.4524079874, 14.51962935313, 14.82824529833, 14.33599999466, 14.45270843761, 14.73353355947, -123.9262964281, -119.2218713641, -123.2179880183, -123.7993086617, -124.6503683489, -125.2364655873, 40.71050053838, 40.33721630774, 40.68344968784, 40.66101531444, 40.64743148961, 40.62706765513
15.475, 0.02860738836102, 0, 6, -0.0818023845118, 1.437177320603, 1.437178785673, 2.443937233005, 2.940843409971, 0.4673127197817, -0.2117084713614, 229.1239720741, 229.4856742919, 229.7550573611, 230.0385076118, 3.029697502436, 99.99839812331, 100, 100.0021673978, 483.1927921874, 501.3923720566, 483.0085951499, 480.7525430479, 483.3801923314, 481.1252857362, 14.53633788154, 14.84413799936, 14.35236302366, 14.46805568839, 14.75112168911, -123.7529247416, -119.0434161298, -123.0448867392, -123.6268518015, -124.4771323055, -125.0638775099, 40.71655144688, 40.34333308875, 40.69007663044, 40.66751888017, 40.65316566295, 40.63267231377
15.5, 0.02849784144563, 0, 6, -0.08483615482107, 1.472707687848, 1.472709302576, 2.480444212235, 2.977403992586, 0.5016550715794, -0.179145934727, 229.4946478046, 229.8573200578, 230.1259752272, 230.4102703054, 2.981177949988, 99.99817889226, 100, 100.0020148795, 483.8652096312, 502.0634663634, 483.6808453885, 481.4249598148, 484.0528514133, 481.7981160319, 14.55288849363, 14.85962311018, 14.36853515245, 14.48313772051, 14.76855908435, -123.5793881978, -118.8648447349, -122.8716181148, -123.4542226899, -124.3037309211, -124.8911175514, 40.72264668558, 40.34949594671, 40.69672590883, 40.67406598142, 40.65892421837, 40.63832308867
15.525, 0.02825276360228, 0, 6, -0.08752522220064, 1.508013350652, 1.508015110589, 2.51617368037, 3.013615785712, 0.5363391116217, -0.1462769363453, 229.8653243795, 230.2289668778, 230.4968905051, 230.7820302925, 2.913141257212, 99.99794764189, 100, 100.0018616976, 484.5375815069, 502.7345356329, 484.3530547277, 482.097333304, 484.7254629661, 482.4708964696, 14.56919232508, 14.87436952082, 14.38450556049, 14.49764464707, 14.78565466252, -123.4056900531, -118.686188015, -122.6981842897, -123.281419929, -124.1301671788, -124.7181851802, 40.72878850648, 40.35569848105, 40.70338991495, 40.68065844703, 40.66469929404, 40.64402156493
15.55, 0.0278299380446, 0, 6, -0.08962702459831, 1.543077917708, 1.543079806117, 2.551120674522, 3.04920004357, 0.5712912915469, -0.1128564280845, 230.2360025088, 230.6006163186, 230.8678022666, 231.1537878114, 2.817934063632, 99.99772280192, 100, 100.001712954, 485.2099071716, 503.4055875937, 485.0252251816, 482.7696640232, 485.3980263322, 483.1436252898, 14.58516592924, 14.88799415367, 14.40027877624, 14.51119266545, 14.80222096616, -123.2318340474, -118.5074756809, -122.52458826, -123.1084429983, -123.9564446914, -124.5450807029, 40.73497350574, 40.36193234749, 40.71006162314, 40.68728844062, 40.67048420005, 40.64976000475
15.575, 0.02718746041379, 0, 6, -0.09110316577485, 1.577859787403, 1.577861782529, 2.585288414527, 3.084002398856, 0.6063809620572, -0.07883987885597, 230.6066831096, 230.9722698236, 231.2387096369, 231.5255429861, 2.687880408168, 99.99752075998, 100, 100.0015735035, 485.88218773, 504.0766313311, 485.6973594861, 483.4419532495, 486.0705413255, 483.8163013424, 14.60071498779, 14.90005581975, 14.41580778747, 14.52332621484, 14.81810674076, -123.057825031, -118.3287420481, -122.3508343394, -122.9352922785, -123.7825683639, -124.3718052811, 40.74119333318, 40.36818840391, 40.71673430649, 40.69394327184, 40.67627302182, 40.65552622984
15.6, 0.02627335381501, 0, 6, -0.09203621254361, 1.612295184849, 1.612297265513, 2.618675358788, 3.118021166725, 0.6414461564305, -0.04435633080392, 230.977367406, 231.343928573, 231.6096115819, 231.8972955477, 2.515354834372, 99.99735465364, 100, 100.0014503743, 486.5544256642, 504.7476789727, 486.3694614283, 484.1142031999, 486.7430080678, 484.4889237492, 14.61571578508, 14.91003254381, 14.43095984806, 14.53350285502, 14.83318954209, -122.8836697124, -118.1500325612, -122.1769287022, -122.7619689562, -123.6085451204, -124.198360935, 40.74743661887, 40.37445694466, 40.72340113996, 40.7006101318, 40.68205984108, 40.66130819635
15.625, 0.02501786741736, 0, 6, -0.09252562470877, 1.646306857823, 1.646309005058, 2.651279302117, 3.151362134828, 0.6763054276034, -0.009623243141689, 231.3480570358, 231.715593565, 231.9805066123, 232.269044701, 2.301767044973, 99.99723422821, 100, 100.0013527217, 487.2266243397, 505.4187472821, 487.0415361945, 484.7864170973, 487.4154268213, 485.1614914821, 14.62999796885, 14.91728328087, 14.44551272619, 14.54105828451, 14.84734207273, -122.7093774371, -117.9714099518, -122.0028799891, -122.588474937, -123.4343846516, -124.0247506198, 40.75369106992, 40.38072768145, 40.73005515518, 40.70727873018, 40.68783849019, 40.66709658501
15.65, 0.02340304718607, 0, 6, -0.09262131498316, 1.679818877291, 1.679821072793, 2.683138739726, 3.18417943755, 0.7108101653537, 0.02514675817287, 231.7187538183, 232.0872657945, 232.3513925995, 232.640789121, 2.057431029026, 99.99716681265, 100, 100.0012908529, 487.8987876975, 506.089858622, 487.7135902121, 485.458599179, 488.087798295, 485.8340030883, 14.64333486391, 14.92160343768, 14.45916916993, 14.54575974761, 14.86039627647, -122.5349607224, -117.7929579466, -121.8286998703, -122.4148128909, -123.2600998566, -123.8509784003, 40.75994507894, 40.38699000269, 40.73668955234, 40.71394194788, 40.69360263661, 40.67288517535
15.675, 0.02148156047018, 0, 6, -0.09230691796978, 1.712783487578, 1.712785711018, 2.714346755906, 3.216635785964, 0.7449015691402, 0.05982412841281, 232.0894596278, 232.4589463438, 232.7222665713, 233.012527108, 1.783488311297, 99.99715734357, 100, 100.0012737296, 488.5709200321, 506.7610397405, 488.3856308487, 486.1307544934, 488.7601237458, 486.5064568301, 14.65545785437, 14.92327889413, 14.47159487293, 14.54785410197, 14.87213395653, -122.3604348677, -117.6147766401, -121.6544028089, -122.2409865363, -123.0857065168, -123.6770496814, 40.7661885522, 40.39323346664, 40.74329800034, 40.72059513837, 40.69934574313, 40.67866950361
15.7, 0.01927003686248, 0, 6, -0.09152121772901, 1.745196684681, 1.745198911821, 2.744991012478, 3.248877757324, 0.778567578186, 0.09437190898884, 232.460176621, 232.8306363017, 233.0931263673, 233.3842568321, 1.481052674252, 99.99719802289, 100, 100.0012969573, 489.2430258145, 507.4323188263, 489.0576663379, 486.8028885192, 489.4324045142, 487.1788511304, 14.66608845307, 14.92220066988, 14.48246479589, 14.5471882302, 14.88230989445, -122.1858169643, -117.4369714423, -121.4800051218, -122.0670010954, -122.9112224946, -123.5029714672, 40.77241302943, 40.39944836074, 40.74987468603, 40.7272348212, 40.70506129579, 40.68444553341
15.725, 0.01669034990707, 0, 6, -0.09018939644162, 1.77708017938, 1.777082381711, 2.77515280507, 3.281011350384, 0.8116320599759, 0.1288096924792, 232.8309068173, 233.2023366889, 233.4639750209, 233.7559764458, 1.151239777142, 99.99727256943, 100, 100.0013464317, 489.9151097518, 508.1037240868, 489.7297051135, 487.4750069987, 490.1046424567, 487.8511847912, 14.67495257587, 14.91837130744, 14.49147919566, 14.54379003431, 14.89066773254, -122.0111257328, -117.259648098, -121.3055248571, -121.8928636794, -122.7366673784, -123.3287526578, 40.77861141621, 40.40562606693, 40.75641411697, 40.73385753608, 40.71074322011, 40.69020913914
15.75, 0.01368024499719, 0, 6, -0.08824837782017, 1.808434703011, 1.808436848794, 2.804875979772, 3.313069771742, 0.8439631329161, 0.1631526118996, 233.201652423, 233.5740485802, 233.8348139154, 234.1276841632, 0.7951824314477, 99.99740059088, 100, 100.0014427094, 490.5871772818, 508.7752842377, 490.401756489, 488.1471162574, 490.7768397844, 488.5234572425, 14.68177733796, 14.91135780898, 14.49835515875, 14.53724425395, 14.8969393436, -121.8363822326, -117.0829141692, -121.130982174, -121.7185836497, -122.5620630949, -123.1544044425, 40.78477754539, 40.4117591295, 40.76291065617, 40.74045888406, 40.71638617505, 40.69595598002
15.775, 0.01023440686278, 0, 6, -0.08566558989798, 1.839221129795, 1.839223186259, 2.834159160655, 3.345026161265, 0.8755497244592, 0.1973883276422, 233.5724158152, 233.9457731442, 234.2056393356, 234.4993783239, 0.4140306894983, 99.99758489114, 100, 100.0015883401, 491.259234829, 509.4470285545, 491.0738306459, 488.8192233589, 491.4489993203, 489.1956687181, 14.68629175031, 14.90052424042, 14.50281953387, 14.52687218269, 14.90084981767, -121.6616101358, -116.9068790608, -120.9563996581, -121.544172866, -122.3874340604, -122.9799405306, 40.79090582857, 40.41784128395, 40.76935969456, 40.74703334764, 40.72198631685, 40.70168139993
15.8, 0.006323843387853, 0, 6, -0.08249531427992, 1.869382100427, 1.869384038793, 2.863097279597, 3.376842015897, 0.9061851764608, 0.2314894152857, 233.9431992186, 234.317511527, 234.5764479309, 234.8710573155, 0.009017689261204, 99.99780579, 100, 100.0017623742, 491.9312899639, 510.1189867846, 491.7459382393, 489.4913360127, 492.1211248738, 489.8678201673, 14.68822548722, 14.88563736763, 14.50460337672, 14.51238448777, 14.90212171304, -121.4868356434, -116.7316545012, -120.7818028551, -121.369645774, -122.2128071581, -122.8053771988, 40.79699181306, 40.42386916414, 40.77576465753, 40.75357467461, 40.72754749718, 40.70738003156
15.825, 0.001931417174074, 0, 6, -0.07896848780163, 1.89886577137, 1.898867575576, 2.891836473992, 3.408498889871, 0.9356171470567, 0.2654215388234, 234.3140048345, 234.6892648752, 234.9472374131, 235.2427195544, -0.4185612133848, 99.9980439262, 100, 100.0019447221, 492.6033519283, 510.7911894883, 492.4180906027, 490.1634626565, 492.7932210543, 490.5399133046, 14.68730445535, 14.86655067236, 14.50343976459, 14.49356413463, 14.90047655959, -121.3120874773, -116.5573562671, -120.6072202853, -121.1950194855, -122.0382120655, -122.6307333532, 40.80303359236, 40.42984554422, 40.78213717649, 40.76007608514, 40.73308152229, 40.71304555631
15.85, -0.002943531914508, 0, 6, -0.07549281927261, 1.927638070337, 1.927639744222, 2.920440604106, 3.440024949935, 0.9637207167473, 0.299118307757, 234.6848347915, 235.0610343807, 235.3180059107, 235.6143634944, -0.8675439658023, 99.99828258737, 100, 100.0021186917, 493.2754316591, 511.4636680177, 493.0902996223, 490.8356125019, 493.4652932597, 491.2119506842, 14.68325108909, 14.84316617891, 14.49906195797, 14.47027012956, 14.89564214884, -121.1373969047, -116.384104225, -120.4326831151, -121.0203138954, -121.8636813566, -122.4560306252, 40.8090321539, 40.43577969122, 40.78849072835, 40.76653099723, 40.73860191694, 40.7186714625
15.875, -0.008298564939824, 0, 6, -0.07254655320597, 1.955687865063, 1.955689433355, 2.948884289809, 3.471594295258, 0.9905125740961, 0.3323853876895, 235.0556911085, 235.4328210134, 235.6887516594, 235.9859873867, -1.336750676549, 99.99850271776, 100, 100.0022679779, 493.9475410928, 512.1364540674, 493.7625776428, 491.5077955281, 494.1373475471, 491.883935733, 14.67578895584, 14.81538048435, 14.49117317346, 14.44238708102, 14.88738726013, -120.9627977944, -116.21202082, -120.258225059, -120.8455518989, -121.6892504172, -122.2812935149, 40.81499127816, 40.44168510416, 40.79483814193, 40.77293773049, 40.74412119629, 40.72425575614
15.9, -0.01413976266609, 0, 6, -0.07049602328388, 1.98302695002, 1.983028451627, 2.97709541342, 3.503481588195, 1.016093021084, 0.3650018390271, 235.4265756581, 235.8046254, 236.0594728393, 236.3575891444, -1.825002049051, 99.99868438927, 100, 100.002381796, 494.6196919842, 512.8095790028, 494.434937377, 492.1800223227, 494.8093904428, 492.5558726164, 14.66464959407, 14.78303102736, 14.47944129014, 14.40976148905, 14.87552995002, -120.7883267787, -116.0412287953, -120.0838823985, -120.670759589, -121.514957331, -122.1065495832, 40.82091848909, 40.44757675382, 40.80119103405, 40.77930430855, 40.7496504016, 40.7298059028
15.925, -0.0204686665949, 0, 6, -0.06949076752362, 2.009675544107, 2.009677022818, 3.004973143981, 3.535880746964, 1.040600317447, 0.396854563167, 235.7974901363, 236.176448254, 236.4301675143, 236.7291666782, -2.331140977631, 99.99880709362, 100, 100.0024505784, 495.2918952696, 513.4830732559, 495.1073918577, 492.8523038176, 495.4814288861, 493.2277660361, 14.64957877004, 14.7458825308, 14.46355693027, 14.37217072772, 14.85988489347, -120.6140234472, -115.8718491212, -119.9096940533, -120.4959663048, -121.3408428352, -121.9318296064, 40.82682538536, 40.453469278, 40.80755967798, 40.78564548887, 40.75519927687, 40.73533623756
15.95, -0.0272507435023, 0, 6, -0.06942076925856, 2.03567956038, 2.035681055225, 3.032156522047, 3.568842387905, 1.064622867757, 0.4280056184002, 236.1684359479, 236.5482906669, 236.8008335603, 237.1007181921, -2.854051335871, 99.99887873746, 100, 100.0024932646, 495.9641607963, 514.1569658283, 495.7799540901, 493.5246511636, 496.1534701677, 493.8996211953, 14.63034191604, 14.70364541661, 14.44327145401, 14.32944441098, 14.84023402745, -120.4399301966, -115.7039991846, -119.7357007843, -120.3212046306, -121.166950177, -121.757167599, 40.8327253082, 40.45937378408, 40.81393954663, 40.79197830069, 40.76075585068, 40.74086318931
15.975, -0.03453427333351, 0, 6, -0.06973223021384, 2.061158544553, 2.061160071735, 3.058385091881, 3.602329940239, 1.088607505844, 0.4587093465206, 236.5394141317, 236.9201541764, 237.1714688089, 237.4722422929, -3.392669338661, 99.99891662992, 100, 100.0025265932, 496.6364962702, 514.8312836171, 496.4526371748, 494.1970757759, 496.8255222686, 494.5714438918, 14.60673361797, 14.65612812394, 14.41839281674, 14.28156211684, 14.81633359039, -120.2660918596, -115.537789345, -119.5619453675, -120.1465104206, -120.9933246558, -121.5826007694, 40.83862696179, 40.46528773376, 40.82031001459, 40.79832012657, 40.76629841958, 40.74640197423
16, -0.04231727110131, 0, 6, -0.06985381095361, 2.08606645168, 2.086068002728, 3.083826133622, 3.636071715431, 1.112042168466, 0.4890857645554, 236.9104260703, 237.2920405859, 237.5420712842, 237.8437379046, -3.945814353507, 99.99889806491, 100, 100.0025229755, 497.308910082, 515.506052324, 497.1254557304, 494.8695895699, 497.497593852, 495.2432407721, 14.5785644367, 14.60270727432, 14.38876335378, 14.22778160635, 14.7879229759, -120.0925568882, -115.3733274979, -119.3884751826, -119.9719227894, -120.8200143478, -121.4081696274, 40.84453752353, 40.47120666729, 40.82667667439, 40.80468314334, 40.77184568155, 40.75196588712
16.025, -0.05060295440264, 0, 6, -0.06956692204848, 2.110225590633, 2.110227146799, 3.108592458002, 3.669484691135, 1.134378279506, 0.5194913013235, 237.2814730336, 237.6639520095, 237.9126391709, 238.2152047974, -4.512233874851, 99.99879352953, 100, 100.0024481838, 497.9814135691, 516.1812982527, 497.7984250359, 495.5422052027, 498.169694604, 495.9150192603, 14.54563832056, 14.54305683683, 14.35427122969, 14.16767568377, 14.75467004448, -119.9193771224, -115.2107267322, -119.2153411125, -119.7974836077, -120.647070517, -121.2339175134, 40.85046563299, 40.47713473016, 40.83305608167, 40.81106939033, 40.77741944499, 40.75755824616
16.05, -0.05938584241589, 0, 6, -0.0692757584395, 2.133574807281, 2.133576367538, 3.132763023369, 3.702038563542, 1.155431114615, 0.5503762162996, 237.6525560979, 238.0358916632, 238.2831708122, 238.5866443129, -5.090549585581, 99.99862748576, 100, 100.0022999023, 498.6540225648, 516.8570504161, 498.471561228, 496.2149362812, 498.8418354834, 496.5867874359, 14.50772933852, 14.47719466616, 14.3149042791, 14.10120655143, 14.71609201107, -119.7466063106, -115.0501132369, -119.0425970845, -119.623236627, -120.4745477695, -121.0598896643, 40.85641607435, 40.48308490725, 40.83946713888, 40.81745774761, 40.78303871122, 40.76315296106
16.075, -0.06864255878555, 0, 6, -0.06980081464544, 2.156057789052, 2.156059389757, 3.156327946157, 3.733954080259, 1.175171727336, 0.5812272050477, 238.0236752914, 238.4078616862, 238.6536646885, 238.9580558852, -5.67923638461, 99.99839867904, 100, 100.0020688325, 499.3267563375, 517.5333410486, 499.1448815398, 496.8877983896, 499.5140284176, 497.2585552652, 14.46457696206, 14.40528433236, 14.27042579387, 14.02849707631, 14.67202458989, -119.5743010808, -114.8916280405, -118.8703001645, -119.4492283585, -120.3025042036, -120.8861339009, 40.86239062912, 40.48907564938, 40.84592901071, 40.82383503337, 40.78872321747, 40.76874356142
16.1, -0.07813461693684, 0, 6, -0.07180765065382, 2.177520281102, 2.177521992054, 3.179547561501, 3.765604659373, 1.193507679739, 0.6113544321012, 238.3948271228, 238.7798632361, 239.0241191528, 239.329438244, -6.276767912555, 99.99807292715, 100, 100.0017343145, 499.9996337486, 518.210201652, 499.8184035376, 497.560808006, 500.1862856096, 497.9303335662, 14.41592836723, 14.327250918, 14.22046564649, 13.9495895062, 14.62241497598, -119.4025213477, -114.7354129215, -118.6985096853, -119.2755086172, -120.1310004496, -120.7127010756, 40.86839534858, 40.49512650125, 40.85245845366, 40.83020635318, 40.79449340305, 40.77434192875
16.125, -0.08779965674475, 0, 6, -0.07551758685963, 2.197885540531, 2.197887450557, 3.201163475584, 3.79732115397, 1.211689094709, 0.6403001103078, 238.7660240738, 239.1518965908, 239.3945323509, 239.7007904372, -6.881908584898, 99.99762119473, 100, 100.0012939866, 500.6726701415, 518.8876551223, 500.4921423082, 498.2339805911, 500.8586186938, 498.6021338353, 14.36161918944, 14.2432139863, 14.1647264873, 13.86441270786, 14.56725858612, -119.231327439, -114.5815820113, -118.5272840112, -119.1021311745, -119.9600969424, -120.5396453991, 40.87444107483, 40.50125278127, 40.85904748383, 40.8365906058, 40.80032974804, 40.77996949885
16.15, -0.09784201684239, 0, 6, -0.07987394454577, 2.217479139917, 2.217481295734, 3.220418196016, 3.829491842304, 1.23134132612, 0.6682458374318, 239.1372630659, 239.5239621225, 239.7649021261, 240.0721124468, -7.493751956998, 99.99720719965, 100, 100.0009247112, 501.3458729691, 519.565716518, 501.1661111951, 498.9073310515, 501.5310394423, 499.27396817, 14.30157955455, 14.15290779194, 14.10302694172, 13.77354385297, 14.5065542074, -119.0607785703, -114.4302189189, -118.356677827, -118.9291528081, -119.7898528418, -120.3670236104, 40.88052878998, 40.50743405326, 40.86561533104, 40.84301852535, 40.80612385901, 40.78565165921
16.175, -0.1083222081037, 0, 6, -0.08297959805593, 2.236618025877, 2.2366203727, 3.237811808859, 3.862164659472, 1.251937999797, 0.6954714534904, 239.5085411858, 239.8960603454, 240.1352271543, 240.4434049413, -8.111729435881, 99.99677084002, 100, 100.0005628937, 502.0192445469, 520.2443945213, 501.8403247715, 499.5808735198, 502.2035604807, 499.9458488564, 14.23581070098, 14.05646984787, 14.03528699967, 13.6769408371, 14.4402824141, -118.8909356079, -114.2813845644, -118.1867522198, -118.7566334208, -119.6203278493, -120.1948954803, 40.88665095179, 40.51362425913, 40.87213501957, 40.84952123429, 40.81186169569, 40.79141536041
16.2, -0.1189955751797, 0, 6, -0.08344998596159, 2.255278401425, 2.255280794753, 3.254502367851, 3.894409461353, 1.272455842632, 0.7223693209391, 239.8798585064, 240.2681922283, 240.5055062106, 240.8146697965, -8.735133582364, 99.99622876553, 100, 100.0001238072, 502.6927909858, 520.9236997986, 502.5147998378, 500.2546223152, 502.8761940519, 500.617788, 14.16428164546, 13.95340547416, 13.96152863147, 13.5729441023, 14.36826440505, -118.7218637983, -114.1351528504, -118.0175742918, -118.5846343467, -119.4515856126, -120.0233227647, 40.89280631452, 40.51979397701, 40.87863163603, 40.85611211916, 40.8175804996, 40.79727601257
16.225, -0.1297594212018, 0, 6, -0.08149649488534, 2.273561280074, 2.273563581185, 3.271527290268, 3.924644013046, 1.291485009407, 0.7510455073462, 240.2512155977, 240.6403622992, 240.8757385839, 241.1859152028, -9.362715418725, 99.99561488155, 100, 99.99958488617, 503.3665287975, 521.60365501, 503.1895547932, 500.9285921994, 503.548954625, 501.2897954383, 14.086808767, 13.84427111059, 13.88218203531, 13.46263158475, 14.28956993596, -118.5536296618, -113.9916500869, -117.8492142959, -118.4132131712, -119.2836938283, -119.852364279, 40.89899176251, 40.5259444141, 40.88514653398, 40.86273641867, 40.82332402392, 40.80315829438
16.25, -0.140894342633, 0, 6, -0.0792244460293, 2.291767610078, 2.291769802105, 3.289620860594, 3.953700515932, 1.308945955097, 0.7817208401448, 240.6226148787, 241.0125747541, 241.2459229337, 241.5571456885, -9.99255005186, 99.99494003868, 100, 99.99890051836, 504.0404870275, 522.2842985987, 503.8646114436, 501.6028018734, 504.2218563783, 501.9618825879, 14.003015286, 13.72891733679, 13.79716741194, 13.34568075197, 14.20372769957, -118.386300076, -113.8510693332, -117.681744595, -118.2424248655, -119.1167246958, -119.6820762702, 40.90519277473, 40.53210395381, 40.89172697766, 40.86932511217, 40.82913643235, 40.80898943837
16.275, -0.1526193507136, 0, 6, -0.0790089196171, 2.309882028084, 2.309884225451, 3.308824553802, 3.983181502128, 1.324779729815, 0.8129936771767, 240.9940591, 241.3848313272, 241.6160575659, 241.9283578353, -10.62250684492, 99.99416952005, 100, 99.99805429048, 504.7146970954, 522.965672333, 504.5399919483, 502.2772728652, 504.8949133597, 502.6340626874, 13.9124733773, 13.60716497537, 13.70579704719, 13.22182925894, 14.11082824914, -118.2199467211, -113.7136246652, -117.5152395574, -118.0723277117, -118.950753899, -119.5125177431, 40.91140170033, 40.53831325483, 40.8984129287, 40.8758560787, 40.83506315319, 40.81475766756
16.3, -0.1645486586171, 0, 6, -0.08237149530754, 2.327567963016, 2.327570369708, 3.328672761387, 4.014356000811, 1.33967064877, 0.8431590681757, 241.3655502737, 241.7571318543, 241.9861405299, 242.2995413388, -11.25078184636, 99.99327981112, 100, 99.99708101085, 505.3891853141, 523.647808038, 505.2157165221, 502.9520265699, 505.5681392172, 503.3063503764, 13.81486068958, 13.47856708584, 13.60732810664, 13.0905869422, 14.01115926569, -118.0546458695, -113.5794990758, -117.3497741082, -117.9029866396, -118.7858583713, -119.3437537952, 40.91762910084, 40.54461374105, 40.90522757149, 40.8823527952, 40.84113012299, 40.82049991883
16.325, -0.1769343916946, 0, 6, -0.08917799219431, 2.344658025596, 2.344660867194, 3.347684743669, 4.047855842836, 1.354778689597, 0.871309470081, 241.7370880672, 242.1294747615, 242.3561701394, 242.6706830578, -11.87647192771, 99.99232604353, 100, 99.99609365986, 506.0639664902, 524.3307143493, 505.8917995552, 503.6270814696, 506.2415478311, 503.9787622469, 13.71012158705, 13.3430867493, 13.50132931585, 12.95244733442, 13.90505862001, -117.8904719359, -113.4487880166, -117.1854174912, -117.7344741238, -118.6221105414, -119.1758558857, 40.92389638011, 40.55102404337, 40.91213375149, 40.88887122993, 40.84728146531, 40.82627779287
16.35, -0.1898561626415, 0, 6, -0.09775432671225, 2.361106251024, 2.361109689443, 3.365238269707, 4.083481230535, 1.370067635464, 0.8972637064323, 242.1086705423, 242.5018579243, 242.726145704, 243.0417717821, -12.49940159753, 99.99126782673, 100, 99.99508042255, 506.739044941, 525.0143810158, 506.5682528985, 504.3024530916, 506.9151539258, 504.6513157737, 13.59841881937, 13.20102988545, 13.38773346062, 12.8078444124, 13.79277283373, -117.7274990547, -113.3215144007, -117.0222406872, -117.5668692387, -118.4595810111, -119.0089013677, 40.93022674086, 40.55753329848, 40.91910454318, 40.89547881998, 40.85349776941, 40.83215855775
16.375, -0.2029130453615, 0, 6, -0.106131595831, 2.376725979647, 2.376730059487, 3.381615890295, 4.119993833333, 1.384861492352, 0.921035383496, 242.4802954745, 242.8742794901, 243.0960670231, 243.4128019132, -13.11955910606, 99.99002928189, 100, 99.99397607213, 507.4144229659, 525.6987911975, 507.2450884046, 504.9781553795, 507.5889725765, 505.3240284642, 13.47998804633, 13.05259381353, 13.26675747153, 12.65686027754, 13.67436845981, -117.5658042998, -113.1976789084, -116.8603195357, -117.4002549764, -118.2983423974, -118.8429716682, 40.93664834043, 40.56412955673, 40.92614714641, 40.90223055154, 40.85979442761, 40.83820000122
16.4, -0.2156604294902, 0, 6, -0.1131028977453, 2.391555801883, 2.391560464243, 3.397473107965, 4.155113285715, 1.398807438279, 0.9442467391806, 242.8519611144, 243.2467400601, 243.465933729, 243.7837779998, -13.73667414897, 99.98860084963, 100, 99.99273833923, 508.0901070859, 526.3839328571, 507.9223190045, 505.6542010787, 508.2630183692, 505.9969155202, 13.35499197497, 12.89745911559, 13.13898532283, 12.49931874495, 13.5493069324, -117.4054645852, -113.077306735, -116.6997318347, -117.2347117643, -118.1384695276, -118.6781461043, 40.94318588387, 40.57081297301, 40.93328047556, 40.90912988286, 40.86618889212, 40.84439013047
16.425, -0.2284594314371, 0, 6, -0.119018934445, 2.406060700569, 2.406065894781, 3.41370655107, 4.188712250552, 1.412159717712, 0.9686904410899, 243.2236671542, 243.6192419359, 243.8357450432, 244.154706473, -14.3498266162, 99.98701019312, 100, 99.99132762221, 508.766113177, 527.0698085095, 508.5999604055, 506.3306045187, 508.9373052276, 506.6699910695, 13.22340012259, 12.73461550301, 13.00489654694, 12.33471285857, 13.41708242722, -117.2465543524, -112.9604873116, -116.5405561546, -117.0703139898, -117.9800393307, -118.5144985613, 40.94984642759, 40.57759785974, 40.94052917255, 40.91613827772, 40.87269702225, 40.85067909536
16.45, -0.2414568243668, 0, 6, -0.1250026847159, 2.420592904892, 2.420598669165, 3.430186050995, 4.221571165673, 1.42537551996, 0.9946234890437, 243.5954130278, 243.9917867542, 244.2055002148, 244.5255905062, -14.95770234351, 99.98525546015, 100, 99.98971963271, 509.4424620922, 527.7564284714, 509.278027869, 507.007382574, 509.6118472087, 507.3432698123, 13.08507009957, 12.56528136691, 12.86449887018, 12.16350188919, 13.2776106595, -117.0891500692, -112.8473493847, -116.3828727075, -116.9071354469, -117.8231311212, -118.352102227, 40.95662748524, 40.58450467373, 40.94791269056, 40.92322863165, 40.87933519754, 40.85704049262
16.475, -0.2546041562256, 0, 6, -0.1321031182037, 2.435215236633, 2.435221713289, 3.446796803462, 4.254530402276, 1.439510233908, 1.02142736402, 243.967199178, 244.3643751461, 244.5751978715, 244.8964315583, -15.5590918069, 99.98334370943, 100, 99.98793046257, 510.1191741268, 528.4437990152, 509.9565369899, 507.6845526616, 510.2866565403, 508.016767499, 12.93989434672, 12.38858395412, 12.71759163438, 11.9836736627, 13.13105611826, -116.9333304828, -112.7380119793, -116.2267616014, -116.74525296, -117.6678250894, -118.1910327851, 40.96352693596, 40.59155265637, 40.95544232172, 40.93039393147, 40.88611791791, 40.86347290764
16.5, -0.2679372252446, 0, 6, -0.1408742282548, 2.449807737477, 2.449815146923, 3.463278632209, 4.288108656716, 1.453879445115, 1.048234344147, 244.3390245489, 244.7370068191, 244.9448369276, 245.2672306899, -16.15310930379, 99.98128844683, 100, 99.98599672884, 510.7962660807, 529.1319176421, 510.6355004151, 508.3621314093, 510.9617479415, 508.6905007457, 12.78786186633, 12.20528065024, 12.56397783202, 11.79708773141, 12.97768076089, -116.7791754932, -112.6325626803, -116.0723027425, -116.5847471671, -117.5142000953, -118.0313691884, 40.97054769276, 40.59875596353, 40.96312274419, 40.93764523433, 40.89305272963, 40.86999315037
16.525, -0.2812642125867, 0, 6, -0.1512709844206, 2.46422994578, 2.464238539602, 3.479342878861, 4.322423081058, 1.468618036749, 1.074386705889, 244.7108876412, 245.1096808622, 245.3144170495, 245.6379893814, -16.73925148851, 99.97910252358, 100, 99.98395336561, 511.4737502807, 529.8207720884, 511.3149289432, 509.0401338743, 511.6371350466, 509.364486681, 12.62907493319, 12.01567286819, 12.40359062374, 11.60419472909, 12.81774656646, -116.6267648799, -112.5310518802, -115.9195750937, -116.4257022472, -117.3623338763, -117.8731934411, 40.97769730106, 40.60612118956, 40.97095023826, 40.9450045895, 40.90013675148, 40.87662578452
16.55, -0.2944778845607, 0, 6, -0.1627768908709, 2.478450499855, 2.478460508215, 3.494793151105, 4.357316717617, 1.483811797989, 1.099643968344, 245.0827863612, 245.4823959648, 245.6839386991, 246.008709918, -17.31744095116, 99.97680424871, 100, 99.98183136669, 512.1516350307, 530.5103413102, 511.9948313796, 509.7185731824, 512.3128311638, 510.0387426111, 12.46373911934, 11.81996931285, 12.23653716921, 11.40527194075, 12.65148841483, -116.4761764343, -112.4334945756, -115.768656169, -116.2682043551, -117.2123019718, -117.7165891013, 40.9849851886, 40.61364724669, 40.97891782339, 40.95249715521, 40.90736189966, 40.88339446869
16.575, -0.307241789905, 0, 6, -0.1746650695154, 2.492579008055, 2.492590597472, 3.509687743432, 4.392326878009, 1.49953349038, 1.12415839834, 245.4547183702, 245.8551546674, 246.0534026087, 246.3793950803, -17.88776469259, 99.97437590233, 100, 99.97961481309, 512.8299262284, 531.2006007106, 512.6752153515, 510.3974608295, 512.9888489204, 510.7132850247, 12.29209570631, 11.61838444487, 12.06317933114, 11.2005750957, 12.47907636226, -116.3274859209, -112.3398921459, -115.6196225468, -116.1123392389, -117.0641783746, -117.5616392631, 40.99242010774, 40.62132812765, 40.98701976509, 40.96014413976, 40.91472010153, 40.89031604273
16.6, -0.3196134781443, 0, 6, -0.1862853133273, 2.506871127754, 2.506884386216, 3.524302589451, 4.427183513847, 1.515910947494, 1.14851821114, 245.826681985, 246.22796289, 246.4228090574, 246.7500479568, -18.44996991999, 99.97185943375, 100, 99.9773362816, 513.5086294424, 531.8915325534, 513.3560893074, 511.0768077832, 513.6651990171, 511.3881273216, 12.11427725944, 11.41100308739, 11.88365184385, 10.99020809905, 12.30050525066, -116.1807678841, -112.2502797244, -115.4725505188, -115.958187416, -116.9180370859, -117.4084224168, 41.00000759325, 40.629156207, 40.99525240196, 40.96795600775, 40.92220443629, 40.89739469275
16.625, -0.3316793782276, 0, 6, -0.1972698178997, 2.521589127334, 2.521604082906, 3.538931213583, 4.461785800872, 1.533066425161, 1.173427427866, 246.1986765713, 246.6008214931, 246.7921578237, 247.1206712201, -19.00343648951, 99.96929008271, 100, 99.97501405467, 514.1877516754, 532.5831263859, 514.0374627638, 511.7566249992, 514.3418907376, 512.0632806408, 11.93030355613, 11.19783760394, 11.69805600917, 10.77418472184, 12.11569738122, -116.036096318, -112.1647290625, -115.3275160365, -115.8058242786, -116.7739522493, -117.2570126388, 41.00774795727, 40.63712438526, 41.00361289043, 40.9759283756, 40.92980959062, 40.90462345866
16.65, -0.3434885497466, 0, 6, -0.2075506443739, 2.536873982002, 2.536890637519, 3.553737413283, 4.496181772051, 1.551058127008, 1.199358059652, 246.5707020939, 246.973731505, 247.1614485022, 247.4912670669, -19.54731818971, 99.96669540786, 100, 99.97265993467, 514.8673014037, 533.2753754229, 514.7193455334, 512.43692363, 515.0189322652, 512.7387547998, 11.74012253625, 10.97887085027, 11.50644838868, 10.55247604863, 11.92457303389, -115.8935452006, -112.0833346671, -115.1845945145, -115.6553220825, -116.6319978839, -117.1074811605, 41.01563635406, 40.64522647427, 41.01209737262, 40.98404909284, 40.93753180286, 40.91199055936
16.675, -0.355143243449, 0, 6, -0.2172321923261, 2.55273374684, 2.552752106673, 3.568920788384, 4.530551364921, 1.56993289689, 1.226332964646, 246.9427591463, 247.3466941004, 247.5306804598, 247.8618367156, -20.08064891534, 99.9641001727, 100, 99.97028944063, 515.5472876755, 533.9682739727, 515.4017474771, 513.1177149015, 515.6963306664, 513.4145587693, 11.54364380375, 10.75364428172, 11.30877718198, 10.32481802704, 11.72696628488, -115.7531884322, -112.0062033426, -115.0438604985, -115.5067512458, -116.4922474929, -116.9598974159, 41.02366444089, 40.65345625951, 41.02069947408, 40.99230505111, 40.94536546553, 40.91948550122
16.7, -0.3667357183919, 0, 6, -0.2264091808518, 2.569077714767, 2.569097786463, 3.584897116212, 4.565072193226, 1.58962554291, 1.254182438842, 247.314848158, 247.7197099498, 247.8998529808, 248.2323808542, -20.60263913984, 99.9615237634, 100, 99.96791947416, 516.2277186191, 534.6618113464, 516.0846777092, 513.7990092947, 516.3740922126, 514.0907017866, 11.34082390222, 10.52046079778, 11.10497176434, 10.0904351893, 11.52288044047, -115.6150986343, -111.9334252506, -114.905386453, -115.3601826617, -116.3547726497, -116.8143309027, 41.03182185046, 40.66180527659, 41.02940735123, 41.00068597388, 40.95329990873, 40.92710129803
16.725, -0.3781626196705, 0, 6, -0.2350400621741, 2.585800450232, 2.585822222395, 3.60064374134, 4.599875563072, 1.610728244099, 1.282623922238, 247.6869666829, 248.0927791338, 248.2689661196, 248.6029002521, -21.11262370255, 99.95897953772, 100, 99.96556503862, 516.9086005343, 535.3559711069, 516.7681413238, 514.4808162212, 517.052223423, 514.767193251, 11.13167977571, 10.28108996129, 10.89498185745, 9.849564698709, 11.3123841738, -115.4793469278, -111.8650695037, -114.7692437213, -115.215688226, -116.2196428074, -116.6708516731, 41.0400972028, 40.67026126963, 41.03820579675, 41.00918581294, 40.96132058064, 40.93483359905
16.75, -0.3895648134836, 0, 6, -0.2429383151322, 2.602841391659, 2.602864805174, 3.616129817388, 4.634940132895, 1.632654049731, 1.311458413792, 248.0591135731, 248.465901053, 248.6380206378, 248.9733961939, -21.61019321646, 99.9564804068, 100, 99.96324168406, 517.5899376087, 536.0507292476, 517.452142158, 515.1631434827, 517.7307310465, 515.444043121, 10.91632242302, 10.03595191182, 10.67884401102, 9.602971822351, 11.09561761993, -115.346001842, -111.801172312, -114.635501487, -115.0733413383, -116.0869247406, -116.5295307367, 41.04847894702, 40.67880887261, 41.04707987631, 41.01780123772, 40.96941239714, 40.94267865063
16.775, -0.4008700992284, 0, 6, -0.2498515779872, 2.620178286432, 2.620203216652, 3.63142792891, 4.670081439257, 1.65517354294, 1.340577786415, 248.431287711, 248.8390749037, 249.0070175011, 249.3438705509, -22.09508085393, 99.95403909201, 100, 99.96096180697, 518.2717327565, 536.7460583075, 518.1366828779, 515.8459976702, 518.4096212325, 516.1212611242, 10.69490208986, 9.785397225382, 10.45666729888, 9.35110996915, 10.87271631836, -115.2151308167, -111.741755718, -114.504228311, -114.9332159524, -115.9566842618, -116.3904395072, 41.05695526114, 40.68743111832, 41.0560155219, 41.02652673646, 40.9775611972, 40.95062941728
16.8, -0.4120360758255, 0, 6, -0.2555744367146, 2.637825599723, 2.637851861024, 3.64664156524, 4.705165786169, 1.678210103663, 1.370035384937, 248.8034881288, 249.2122999797, 249.375957715, 249.7143255898, -22.56702745035, 99.95166934472, 100, 99.95873452188, 518.9539884154, 537.4419301726, 518.8217655552, 516.5293844931, 519.0888992645, 516.7988562589, 10.46756872299, 9.529591471745, 10.22859900658, 9.094133744047, 10.64379196999, -115.0868005272, -111.6868410599, -114.3754923147, -114.7953853724, -115.8289867355, -116.2536488, 41.06551322369, 40.69611090644, 41.06499921825, 41.03535206618, 40.98575312092, 40.95867412481
16.825, -0.4230757910276, 0, 6, -0.2600002318404, 2.655821240128, 2.655848604531, 3.661886175709, 4.740168131253, 1.70170097091, 1.399937315931, 249.1757140105, 249.5855756795, 249.7448423236, 250.0847635493, -23.02573377363, 99.94938396152, 100, 99.9565669021, 519.6367068755, 538.1383169835, 519.5073916771, 517.213309005, 519.7685696232, 517.4768366676, 10.23445762128, 9.268688944464, 9.994783981717, 8.832185720172, 10.40895156793, -114.9610769219, -111.6364537304, -114.2493610955, -114.6599218225, -115.7038970808, -116.1192284078, 41.07413845659, 40.70483169808, 41.0740177536, 41.04426352285, 40.99397458912, 40.96679793058
16.85, -0.4342838466659, 0, 6, -0.2631248755879, 2.674181942671, 2.67421016279, 3.677144965726, 4.775130338889, 1.725228886073, 1.430326608876, 249.5479646647, 249.9589014571, 250.1136724042, 250.4551863544, -23.47083020111, 99.94717538039, 100, 99.95444680762, 520.3198903519, 538.8351915612, 520.193562233, 517.8977757513, 520.44863601, 518.1552095174, 9.995680667087, 9.002958065127, 9.755336391208, 8.565499337031, 10.16830189886, -114.8380258828, -111.5906262194, -114.1259024068, -114.5268965753, -115.5814803311, -115.9872472616, 41.08281568683, 40.71357814232, 41.08306125705, 41.05324563483, 41.00221754594, 40.97498519257
16.875, -0.4459190699158, 0, 6, -0.2651596214974, 2.6927795391, 2.69280839696, 3.692641614932, 4.810070646722, 1.747956983462, 1.461046005788, 249.9202401236, 250.3322771704, 250.4824487303, 250.825595153, -23.9015704098, 99.94500112965, 100, 99.95233069345, 521.0035422171, 539.5325324197, 520.8802795317, 518.5827897772, 521.1291008085, 518.8339798873, 9.75123911341, 8.732656633945, 9.510251171922, 8.294165707401, 9.921860015376, -114.7177174927, -111.5494293034, -114.0051888449, -114.3963799599, -115.4618058651, -115.8577738788, 41.09153178504, 40.72234137306, 41.09213975918, 41.06228130759, 41.01049786593, 40.98322137821
16.9, -0.4576684502629, 0, 6, -0.2667294535566, 2.711354111469, 2.711383513762, 3.708876483795, 4.844655481196, 1.769385829472, 1.491801178081, 250.2925416795, 250.7057034306, 250.851171363, 251.1959901691, -24.31673885692, 99.94281672674, 100, 99.95017783617, 521.6876683685, 540.2303257283, 521.5675477692, 519.2683571902, 521.8099646981, 519.5131504935, 9.500980431334, 8.457777543018, 9.259409824693, 8.018000668886, 9.669509941625, -114.6002278522, -111.512989467, -113.8872989628, -114.2684415934, -115.3449491564, -115.7308766734, 41.1002802999, 40.73112758604, 41.10128297623, 41.07135230283, 41.018849393, 40.99149281622
16.925, -0.4695909197292, 0, 6, -0.2688520642273, 2.729735623807, 2.729765698752, 3.726217051946, 4.879157671306, 1.789198689339, 1.52260312767, 250.6648713601, 251.0791815031, 251.2198396797, 251.5663709096, -24.714774985, 99.94057952307, 100, 99.94795192864, 522.3722763642, 540.9285617837, 522.2553716013, 519.9544845866, 522.4912264783, 520.1927219694, 9.244633542044, 8.178142886988, 9.002573543522, 7.736694474574, 9.411051414444, -114.4856353701, -111.4814749272, -113.7723132577, -114.1431495199, -115.2309886283, -115.6066225432, 41.10906260128, 40.73995882155, 41.11052625542, 41.08044426989, 41.02730738282, 40.99978627148
16.95, -0.4820673941507, 0, 6, -0.2726641350708, 2.74783279129, 2.747863930553, 3.744769369577, 4.915272239092, 1.807423633172, 1.55337655277, 251.0372312961, 251.4527122331, 251.5884524933, 251.9367391696, -25.09401582924, 99.93819278482, 100, 99.9455724013, 523.0573732856, 541.6272289854, 522.9437544552, 520.6411782215, 523.1728835845, 520.8726940385, 8.981903858112, 7.893562393544, 8.739373445441, 7.450017084713, 9.146463325583, -114.3740197487, -111.4550647732, -113.6603128077, -114.0205731405, -115.1200040103, -115.4850794686, 41.11788795982, 40.74886746813, 41.11990340963, 41.08955595406, 41.03590460616, 41.0081024816
16.975, -0.4948838449328, 0, 6, -0.2789824289528, 2.765506507578, 2.76553931672, 3.765037571547, 4.953653176688, 1.82414688905, 1.583464079513, 251.4096227411, 251.8262948055, 251.9570086767, 252.3071074449, -25.45330721953, 99.9356269968, 100, 99.94304255497, 523.7429624912, 542.3263037885, 523.6326964686, 521.3284421269, 523.8549329866, 521.553067747, 8.712655404608, 7.603039401212, 8.469528467844, 7.157481015305, 8.875834156445, -114.2654612194, -111.4338874166, -113.5513779898, -113.9007889256, -115.012074401, -115.3663217062, 41.12677604976, 40.75788978965, 41.12944393922, 41.09870956092, 41.04467206154, 41.01646676292
17, -0.5078273653824, 0, 6, -0.2881045036233, 2.78265715873, 2.782692365872, 3.786077157179, 4.994154461882, 1.839991090087, 1.612039839564, 251.7820439992, 252.1999271547, 252.3255085968, 252.6774752266, -25.79250314818, 99.93290196755, 100, 99.94041697385, 524.4290424479, 543.0257450884, 524.322191283, 522.016276504, 524.5373737321, 522.2338472583, 8.437052539093, 7.307495565848, 8.193049922238, 6.859604277302, 8.599440178436, -114.1600361841, -111.4179702107, -113.4455854747, -113.7838816498, -114.9072739102, -115.2504307413, 41.13575742173, 40.76706236785, 41.13917468469, 41.10794457726, 41.05363761291, 41.02492015669
17.025, -0.5200854542595, 0, 6, -0.2999003957845, 2.799287619742, 2.799325997275, 3.80791543789, 5.036088011937, 1.855463259231, 1.638578070961, 252.1544920333, 252.573605697, 252.6939541925, 253.0478418968, -26.112347079, 99.93004443081, 100, 99.93774648354, 525.1156072042, 543.72549826, 525.012228093, 522.7046773251, 525.2202057588, 522.9150388616, 8.155518026403, 7.007317564171, 7.910294946598, 6.556833848474, 8.317725343079, -114.0578166027, -111.4072510081, -113.343007258, -113.6699419844, -114.8056717588, -115.137493187, 41.14486986071, 40.77642034724, 41.14911576027, 41.11730560462, 41.06281942414, 41.03350541063
17.05, -0.5304626345831, 0, 6, -0.3137309853677, 2.815752679478, 2.815794925841, 3.83031805012, 5.078733893088, 1.872778765257, 1.663336921593, 252.5269622662, 252.9473259318, 253.0623482379, 253.4182099121, -26.41454926788, 99.92719016582, 100, 99.93517262357, 525.8026454806, 544.4254964048, 525.7027905018, 523.3936355819, 525.9034295147, 523.5966508045, 7.868755255568, 6.70243214369, 7.622003231256, 6.24950523565, 8.031291986193, -113.9588628838, -111.401567218, -113.2437017133, -113.5590616562, -114.7073254738, -115.0275959254, 41.15414850711, 40.78598597191, 41.15924120308, 41.12683595199, 41.07218090999, 41.04225852591
17.075, -0.5388727994367, 0, 6, -0.3280067721552, 2.83287294431, 2.832919404126, 3.851999888395, 5.121526831262, 1.893923188401, 1.687299750893, 252.8994470852, 253.321081673, 253.4306954789, 253.7885847871, -26.70212950955, 99.92450451792, 100, 99.93284433151, 526.4901372489, 545.1256564103, 526.3938540794, 524.0831353944, 526.5870473696, 524.2786941084, 7.57787857818, 6.393408351223, 7.329347917437, 5.938773914997, 7.741083335914, -113.8632141422, -111.4006025299, -113.1477056278, -113.4513297336, -114.612272058, -114.9208221183, 41.16361116462, 40.79574494084, 41.16946824166, 41.13657667022, 41.08162902595, 41.05120749343
17.1, -0.5452799498085, 0, 6, -0.3401772276329, 2.851547418497, 2.851597720002, 3.872049764269, 5.163481524296, 1.920052608349, 1.711224591732, 253.271937042, 253.6948654497, 253.7990030227, 254.1589735543, -26.97932305428, 99.92213679146, 100, 99.9308824293, 527.1780546031, 545.8258885051, 527.0853897434, 524.7731553577, 527.2710626957, 524.9611803194, 7.284279455996, 6.081356387758, 7.033737071133, 5.626176332231, 7.448274462776, -113.7708917944, -111.4039298309, -113.0550405196, -113.3468285546, -114.5205313084, -114.8172482744, 41.17325265484, 40.80564041546, 41.17969549765, 41.1465606017, 41.09105810557, 41.06037501901
17.125, -0.548868227939, 0, 6, -0.3473080548672, 2.87248315392, 2.872535972008, 3.890274672895, 5.201665376812, 1.951490196313, 1.735317953647, 253.6444234129, 254.0686714111, 254.1672786967, 254.5293873018, -27.2503363045, 99.92022516461, 100, 99.92937804426, 527.8663667198, 546.5261134715, 527.7773694391, 525.4636716431, 527.9554769357, 525.644116813, 6.98928233037, 5.7673028136, 6.736614461143, 5.312919337864, 7.153755131318, -113.6819068437, -111.4111279704, -112.9657195849, -113.2456245474, -114.4321130034, -114.7169366832, 41.18304509491, 40.81558496685, 41.18982179848, 41.15678690844, 41.1003700078, 41.06975371216
17.15, -0.5496651159989, 0, 6, -0.3471553218893, 2.896242999855, 2.896296208741, 3.907165182439, 5.234265163628, 1.988106359413, 1.761584763338, 254.0169013859, 254.4424993516, 254.535528609, 254.8998427111, -27.51770981195, 99.91889644176, 100, 99.92836630133, 528.5550474762, 547.2262814303, 528.4697725262, 526.154662908, 528.6402855097, 526.3275012889, 6.693670512065, 5.451718631366, 6.439203048496, 4.999471193227, 6.857667378956, -113.5962645625, -111.4219429489, -112.8797522286, -113.1477537855, -114.3470228449, -114.6199222545, 41.1929321869, 40.82547677265, 41.19975534077, 41.16718977514, 41.10947463944, 41.07927369083
17.175, -0.5485934490589, 0, 6, -0.3387912977931, 2.923106486449, 2.923157633104, 3.92337332691, 5.261640739927, 2.029467915628, 1.792568337185, 254.3893711983, 254.8163544248, 254.903755753, 255.2703551655, -27.78178525226, 99.91825336957, 100, 99.92785281249, 529.2440797239, 547.9263734918, 529.1625872499, 526.8461144221, 529.325477021, 527.0113219755, 6.397540132595, 5.134592855765, 6.142074787221, 4.685705194016, 6.559644070832, -113.5139680224, -111.4363422349, -112.7971456473, -113.0532214156, -114.2652652718, -114.5262111818, 41.20282707402, 40.8352101934, 41.20941022624, 41.17765444555, 41.11828817479, 41.08882321069
17.2, -0.5474799417088, 0, 6, -0.3223804464771, 2.952776254662, 2.95282303713, 3.938697767757, 5.285315047822, 2.074018828294, 1.829454350269, 254.7618365143, 255.1902442035, 255.2719606121, 255.6409340668, -28.04137376715, 99.91832721558, 100, 99.9278075521, 529.9334538498, 548.6263885469, 529.8558075378, 527.5380179922, 530.0110358714, 527.6955618948, 6.10051407266, 4.815994692537, 5.845095896842, 4.371493808505, 6.259206179089, -113.4350214864, -111.4544479142, -112.7179059056, -112.9620137105, -114.186844681, -114.4357916166, 41.21262043858, 40.84467921288, 41.21870153345, 41.18804682372, 41.12673749456, 41.09828402056
17.225, -0.5485581043866, 0, 6, -0.298861013184, 2.9840628661, 2.984103498184, 3.952330425779, 5.306780152381, 2.118481942824, 1.871269326557, 255.1343033964, 255.5641764429, 255.6401421393, 256.0115816564, -28.29409363802, 99.91899376808, 100, 99.92809707589, 530.6231659675, 549.3263351218, 530.549432385, 528.2303717104, 530.6969436464, 528.3802007624, 5.801861463266, 4.496167004574, 5.547429090683, 4.056463457019, 5.955813448615, -113.3594412144, -111.4765042554, -112.6420508687, -112.8741122717, -114.1117754218, -114.3486471077, 41.22219726548, 40.85378759279, 41.22759150639, 41.19823860549, 41.13480331533, 41.1075539364
17.25, -0.5526192535827, 0, 6, -0.2701863886652, 3.015118513082, 3.015152068391, 3.965361859974, 5.32709564964, 2.159215392487, 1.915600007413, 255.5067815266, 255.9381598897, 256.0082971868, 256.3822937512, -28.53604569371, 99.92002813273, 100, 99.9285338473, 531.3132197034, 550.026232465, 531.2434683634, 528.9231809563, 531.383178154, 529.0652139523, 5.500380170521, 4.174715049075, 5.247584297721, 3.739376473381, 5.648611733301, -113.2872690057, -111.5029314421, -112.569625178, -112.7895031798, -114.0400964975, -114.264765994, 41.23146061204, 40.86247760613, 41.2361266551, 41.20811518211, 41.14253508762, 41.11654848878
17.275, -0.5596709362153, 0, 6, -0.2394347018967, 3.044057543217, 3.044084148253, 3.979035143488, 5.347589290903, 2.193603146563, 1.960143162766, 255.8792833769, 256.3122065916, 256.3764201485, 256.7530623406, -28.76143398175, 99.9212060976, 100, 99.92894962629, 532.0036261271, 550.726103904, 531.9379270202, 529.6164567992, 532.0697142032, 529.750573769, 5.194471014403, 3.850722256052, 4.943696998592, 3.418607911803, 5.336397179738, -113.2185725293, -111.5343077034, -112.5006964618, -112.7081830098, -113.9718729706, -114.1841467796, 41.24034610677, 40.87074694451, 41.24438698669, 41.21757998438, 41.15002114579, 41.12519294848
17.3, -0.5697417099098, 0, 6, -0.2103065587692, 3.069461031517, 3.069481728674, 3.994175194495, 5.371034298417, 2.220563063726, 2.003322291726, 256.2518213948, 256.6863228608, 256.7445042002, 257.1238739396, -28.96418302578, 99.92235127363, 100, 99.92923516894, 532.6943992884, 551.425960423, 532.6328182275, 530.3102113931, 532.7565272029, 530.4362550683, 4.882560860851, 3.523103329846, 4.633840029179, 3.092754434975, 5.018211420771, -113.1534342837, -111.5712253899, -112.4353451069, -112.630168584, -113.9071848105, -114.1068063356, 41.24882503753, 40.87864173172, 41.25245686199, 41.2265797967, 41.15734969325, 41.13344124813
17.325, -0.5838288075163, 0, 6, -0.1859497335756, 3.090739118138, 3.09075541116, 4.010311534077, 5.40144685692, 2.239899696973, 2.043940229159, 256.624403724, 257.0605063181, 257.1125440688, 257.4947059535, -29.1399966071, 99.92330129049, 100, 99.92933093985, 533.385547488, 552.125784597, 533.3281420904, 531.0044516999, 533.4435975371, 531.1222410302, 4.563658073084, 3.191399531034, 4.316357053716, 2.761214546096, 4.693852145864, -113.0919399719, -111.6140974526, -112.373656029, -112.5555106569, -113.8461159738, -114.0327920069, 41.25690993786, 40.88623831657, 41.26041729397, 41.23514824702, 41.16459702491, 41.14131022612
17.35, -0.6010069037572, 0, 6, -0.1680370228796, 3.107942582122, 3.107955961487, 4.027500168999, 5.439475871028, 2.252216446861, 2.079774841226, 256.9970321441, 257.4347472778, 257.4805381561, 257.8655312377, -29.28740419941, 99.92391829389, 100, 99.92920902109, 534.0770673407, 552.8255273906, 534.0238853675, 531.6991734762, 534.1309128501, 531.8085251572, 4.237663148471, 2.85569742121, 3.990449697166, 2.424176587238, 4.363946934305, -113.0341777994, -111.6630511169, -112.315718254, -112.4843012844, -113.7887530376, -113.9621909946, 41.26465730894, 40.89362719383, 41.26834482352, 41.24338443168, 41.17183189206, 41.1488816191
17.375, -0.6192148149567, 0, 6, -0.1567603174225, 3.12157628617, 3.121587981226, 4.046204577351, 5.483282817129, 2.258910612434, 2.108720569418, 257.369702081, 257.8090323617, 257.8484890275, 258.2363304045, -29.40748166884, 99.92410225487, 100, 99.92884471291, 534.7689436825, 553.5251181146, 534.7200228292, 532.3943599624, 534.8184664366, 532.4951080336, 3.905264467526, 2.516560695655, 3.656452021125, 2.082410900116, 4.029501288376, -112.9802367126, -111.7179556485, -112.2616235267, -112.4166644291, -113.73518353, -113.8951220641, 41.27215962451, 40.90090485915, 41.27631777572, 41.25141203589, 41.17911775497, 41.15626528674
17.4, -0.6357084105993, 0, 6, -0.1513728716284, 3.132822570975, 3.132833515351, 4.067613720864, 5.530348074394, 2.262953158365, 2.130690728994, 257.7424055538, 258.1833484499, 258.2164020286, 258.6070978797, -29.50293921319, 99.92387758939, 100, 99.92829059769, 535.4611529966, 554.224478223, 535.4165209398, 533.0899844781, 535.5062538288, 533.1819928048, 3.567639044139, 2.174396374203, 3.315595725441, 1.736744009962, 3.691543364055, -112.9301979982, -111.7785143715, -112.2114570812, -112.3527370543, -113.685489006, -113.8317163482, 41.27952776123, 40.90816737339, 41.28439481782, 41.25935579055, 41.18648997885, 41.16356175018
17.425, -0.6490886204499, 0, 6, -0.1504441652865, 3.143682117642, 3.143692965686, 4.091709859011, 5.578269637273, 2.267704192246, 2.147855872607, 258.1151315996, 258.5576844235, 258.5842845388, 258.9778395817, -29.57782685947, 99.92337425501, 100, 99.92766810968, 536.1536652238, 554.9235287841, 536.1133388518, 533.7860120892, 536.1942722479, 533.8691836557, 3.226330845687, 1.829965053346, 2.969715050166, 1.388606188136, 3.351201693183, -112.8841210707, -111.8442916576, -112.1652817751, -112.2926521097, -113.6397322131, -113.7721002837, 41.2868670236, 40.9154916274, 41.29257805874, 41.26733167566, 41.19393287513, 41.17084757484
17.45, -0.6592181702457, 0, 6, -0.1519996089519, 3.156521450245, 3.156532569082, 4.118188872138, 5.626106697149, 2.276079412686, 2.163437946978, 258.4878681739, 258.9320318922, 258.9521453312, 259.3485662886, -29.63717197714, 99.92275628701, 100, 99.92711164603, 536.8464455738, 555.6221990858, 536.8104330432, 534.4824027327, 536.882518603, 534.5566827842, 2.883002348971, 1.484233279639, 2.620942406312, 1.039552157239, 3.009674295694, -112.8420421325, -111.9147891088, -112.1231386143, -112.2365247466, -113.5979558881, -113.7163838252, 41.29426044642, 40.92292132179, 41.3008412712, 41.27543099054, 41.20141044809, 41.17818050561
17.475, -0.6655944106624, 0, 6, -0.1539096399405, 3.173276764305, 3.173288224975, 4.14712686502, 5.671923133532, 2.290059666046, 2.179379501063, 258.8606047632, 259.3063846575, 259.3199933244, 259.7192903113, -29.68581073788, 99.92218413636, 100, 99.92673880257, 537.5394581438, 556.3204331638, 537.5077623608, 535.1791151896, 537.5709871612, 535.2444875129, 2.539143213345, 1.138118782364, 2.271349538556, 0.6908554535808, 2.667983604157, -112.8039828994, -111.9895453412, -112.0850543376, -112.1844442667, -113.5601883836, -113.6646544025, 41.30176365026, 40.93046945025, 41.30915669037, 41.28370139557, 41.20889064858, 41.18560111147
17.5, -0.6681546977446, 0, 6, -0.1545223944432, 3.195111178373, 3.195122810133, 4.178600731585, 5.713920603829, 2.310622431574, 2.19776143431, 259.2333346309, 259.6807410674, 259.687835913, 260.0900283871, -29.72706258001, 99.92179333735, 100, 99.92661587335, 538.2326705399, 557.0181930722, 538.2052926015, 535.8761120027, 538.2596664523, 535.9325870157, 2.195729498523, 0.7922245172842, 1.922639068952, 0.3432715672958, 2.326538802082, -112.7699571597, -112.0682525074, -112.0510458097, -112.1364650483, -113.5264482051, -113.6169675485, 41.30940143505, 40.93812764289, 41.31749631862, 41.29213255965, 41.21634885949, 41.19310796719
17.525, -0.6678668073157, 0, 6, -0.1531609527248, 3.222360084063, 3.222371609422, 4.212335999122, 5.752223011847, 2.337867788857, 2.221020152029, 259.6060559874, 260.0551044154, 260.0556775146, 260.4607963837, -29.76217920807, 99.92169519957, 100, 99.92677112742, 538.9260571664, 557.7154559031, 538.9029983198, 536.5733638124, 538.9485380642, 536.6209621248, 1.853070744982, 0.4466892673119, 1.575745204002, -0.003048480042695, 1.985215024052, -112.7399740226, -112.1508121866, -112.0211222292, -112.0926058576, -113.4967463057, -113.5733446164, 41.31716582922, 40.94587431348, 41.32582980694, 41.30067304921, 41.22376533914, 41.20066435651
17.55, -0.66608293325, 0, 6, -0.1500064060842, 3.254484985209, 3.254496151149, 4.247520121087, 5.78805220779, 2.371042258622, 2.250336378353, 259.9787707741, 260.4294806594, 260.4235198056, 260.8316033786, -29.79091244841, 99.92196187823, 100, 99.92721434562, 539.6195983419, 558.4122057551, 539.6008602994, 537.2708490562, 539.6375788725, 537.3095887824, 1.510995731258, 0.10142527127, 1.23080826237, -0.3482750945994, 1.643701490894, -112.7140401081, -112.2372779651, -111.9952867329, -112.0528610394, -113.4710873224, -113.5337827512, 41.32502262957, 40.95367879535, 41.33412360019, 41.3092550214, 41.2311240311, 41.20822443574
17.575, -0.6642029823839, 0, 6, -0.1456496173541, 3.290165789136, 3.29017643155, 4.28284169176, 5.822756102298, 2.408454360481, 2.285074803423, 260.3514825401, 260.8038753157, 260.7913629814, 261.2024508246, -29.81243851893, 99.92261052076, 100, 99.92793390322, 540.3132771386, 559.1084269376, 540.2988617754, 537.968550692, 540.3267640837, 537.9984416601, 1.169143864415, -0.2435918198692, 0.887465403367, -0.692597136623, 1.301741029136, -112.6921613823, -112.3277618633, -111.9735390533, -112.0172145843, -113.4494715386, -113.4982684331, 41.33292327563, 40.96150411144, 41.34234587287, 41.31781064888, 41.23841494003, 41.215751019
17.6, -0.6630683171124, 0, 6, -0.1407186965858, 3.327580559907, 3.327590607145, 4.317191492857, 5.857159417631, 2.447934562679, 2.323234937474, 260.7241950606, 261.1782913816, 261.1592068804, 261.57333491, -29.82586962553, 99.92360920723, 100, 99.9288999431, 541.0070766391, 559.8041009253, 540.9969859412, 538.6664531572, 541.0160689753, 538.6874960367, 0.8271658421857, -0.5883834414424, 0.5451125037389, -1.036286941168, 0.9591949691595, -112.6743456224, -112.422371779, -111.9558801774, -111.9856517478, -113.4318987399, -113.4667885894, 41.34081766592, 40.96931229456, 41.35047848392, 41.32628586525, 41.24563947242, 41.22322142243
17.625, -0.6629052534356, 0, 6, -0.1356972539058, 3.364888518901, 3.364897966865, 4.349839668427, 5.891408213207, 2.4874101564, 2.362368218881, 261.0969113935, 261.5527289293, 261.5270516041, 261.9442500473, -29.8302949318, 99.92490195755, 100, 99.93007834934, 541.7009784739, 560.499205928, 541.6952142198, 539.3645400422, 541.7054698603, 539.3767285932, 0.4848357921564, -0.9329339720819, 0.2031143235261, -1.379576740729, 0.6160379755235, -112.6606023558, -112.5211771151, -111.9423135966, -111.9581656125, -113.4183702267, -113.4393367117, 41.3486636811, 40.97707038193, 41.35851449622, 41.33464859592, 41.25280347434, 41.23062420902
17.65, -0.6637452970127, 0, 6, -0.1308635530119, 3.400700379024, 3.400709259615, 4.38041841694, 5.925454456408, 2.525290982057, 2.400644550384, 261.4696333985, 261.9271858472, 261.8948977934, 262.315191349, -29.82521872887, 99.92642596196, 100, 99.93143536269, 542.3949622978, 561.1937178993, 542.393525554, 540.0627925917, 542.3949443446, 540.0661174119, 0.142084835091, -1.277144141396, -0.1390195700451, -1.722554281583, 0.2723470284937, -112.6509408863, -112.6241981911, -111.9328446184, -111.9347582407, -113.4088890533, -113.4159141916, 41.35643096694, 40.98475314074, 41.36645268339, 41.34288689511, 41.25991076393, 41.23795363906
17.675, -0.6655224038183, 0, 6, -0.1262867073658, 3.434266992378, 3.434275344475, 4.408984382031, 5.959307779245, 2.560627462318, 2.436975119053, 261.8423618424, 262.3016584595, 262.2627465901, 262.6861541546, -29.8105937512, 99.92812444629, 100, 99.93294329743, 543.0890057945, 561.8876119883, 543.0918966078, 540.7611891991, 543.0844710182, 540.755641643, -0.2010093790697, -1.621046111811, -0.4815693923746, -2.065379759155, -0.07167717808444, -112.6453695723, -112.7314100543, -111.927480369, -111.9154400328, -113.403460365, -113.3965302792, 41.36410152631, 40.99234366775, 41.37429649245, 41.35100514737, 41.2669632241, 41.24521084424
17.7, -0.6679069376031, 0, 6, -0.121840280017, 3.465415699651, 3.465423544647, 4.435929418047, 5.992695437988, 2.593059764323, 2.470716782996, 262.215096469, 262.6761423343, 262.6305996372, 263.0571341277, -29.78670727882, 99.92994758781, 100, 99.93457800312, 543.7830848554, 562.5808638378, 543.7903020311, 541.4597055085, 543.7740291986, 541.4452808878, -0.5442577707175, -1.964563924129, -0.8246030368461, -2.40805051102, -0.4157581102488, -112.6438964246, -112.8427539631, -111.9262298974, -111.9002281019, -113.4020917856, -113.3812009435, 41.37166917116, 40.99983310782, 41.38205246168, 41.3590187665, 41.27396259683, 41.25240298006
17.725, -0.6704615174115, 0, 6, -0.1172993537968, 3.494401276803, 3.494408608904, 4.46184418667, 6.025239985552, 2.622711339101, 2.50178455974, 262.587836505, 263.0506334089, 262.9984588568, 263.4281282278, -29.75393363098, 99.93185703026, 100, 99.93631731846, 544.477174297, 563.2734502781, 544.4887153927, 542.1583152816, 544.4635981331, 542.1350142677, -0.8874375509931, -2.307477936485, -1.16801330487, -2.750372642377, -0.7596441447546, -112.6465296759, -112.9581624669, -111.9291038958, -111.8891425208, -113.4047932488, -113.3699454466, 41.37913701159, 41.00722007042, 41.38972882312, 41.36694573662, 41.28091119872, 41.2595380888
17.75, -0.6727560823321, 0, 6, -0.1124647246348, 3.521728109694, 3.52173490269, 4.487372140979, 6.056655397304, 2.650093451927, 2.530572990476, 262.9605812981, 263.4251287324, 263.3663260497, 263.7991347201, -29.71252197656, 99.93383280009, 100, 99.93814709505, 545.1712487779, 563.9653492436, 545.1871102438, 542.8569915627, 545.1531562242, 542.8248198804, -1.230360540501, -2.649667203613, -1.511598690162, -3.092202504775, -1.103161211372, -112.6532776473, -113.077580899, -111.9361135076, -111.8822025368, -113.4115758471, -113.3627826481, 41.38651370149, 41.01450933793, 41.39733284678, 41.37480095137, 41.28781050035, 41.26662192262
17.775, -0.6745683706026, 0, 6, -0.1072196615879, 3.547968393015, 3.54797461329, 4.512910847645, 6.086822959066, 2.675836268633, 2.557717691019, 263.3333304717, 263.799626601, 263.7342027107, 264.1701525949, -29.66262418887, 99.93586960139, 100, 99.94006027584, 545.8652833067, 564.6565393758, 545.8854604967, 543.5557074388, 545.8426810077, 543.5146748599, -1.572894483599, -2.991054543429, -1.855133065175, -3.433402177921, -1.446206036424, -112.6641478182, -113.2009725688, -111.9472684071, -111.879424097, -113.4224499387, -113.359728501, 41.39380948858, 41.02170899985, 41.4048674146, 41.38259397171, 41.29465969154, 41.27365748531
17.8, -0.6758327599285, 0, 6, -0.1015328528585, 3.573591456338, 3.573597074666, 4.538625306584, 6.115762104598, 2.700500792901, 2.583808750797, 263.7060839801, 264.1741262718, 264.102090021, 264.541180917, -29.60458172591, 99.93796907065, 100, 99.9420530008, 546.559253354, 565.3469995975, 546.5837406079, 544.2544364578, 546.532149277, 544.2045555799, -1.914963251065, -3.331595570383, -2.198414131615, -3.773860209854, -1.788725864211, -112.67914647, -113.3283174692, -111.9625761105, -111.8808188149, -113.4374240657, -113.3607950153, 41.40103347705, 41.02882770579, 41.4123326591, 41.3903284947, 41.30145769715, 41.28064634351
17.825, -0.6765145698642, 0, 6, -0.09544167878468, 3.598864711532, 3.59886971117, 4.564467993682, 6.143426893675, 2.724476984773, 2.609153608352, 264.0788420618, 264.5486275547, 264.4699888966, 264.9122186468, -29.53859725822, 99.94013481856, 100, 99.94412287938, 547.2531347959, 566.0367088325, 547.2819255464, 544.9531527548, 547.2215373066, 544.8944379247, -2.256533656435, -3.671276520768, -2.541290386754, -4.113504389785, -2.130704983961, -112.698278555, -113.4596072386, -111.9820416333, -111.8863940443, -113.4565043865, -113.3659902211, 41.40819249272, 41.03587314732, 41.41972683806, 41.39800344919, 41.30820401273, 41.28758937626
17.85, -0.6766536326857, 0, 6, -0.0890395416266, 3.623854024466, 3.623858406153, 4.590222512736, 6.169760260268, 2.747966513455, 2.633905020134, 264.4516051568, 264.9231306304, 264.8379000393, 265.2832651061, -29.4647830875, 99.94236954107, 100, 99.94626624222, 547.9469038722, 566.725645802, 547.9799907552, 545.6518310574, 547.9108210315, 545.5842974797, -2.597606201776, -4.010100419587, -2.883655487735, -4.452292150382, -2.472167236842, -112.7215473311, -113.5948416793, -112.0056672884, -111.8961529356, -113.4796943308, -113.3753180924, 41.41529055431, 41.04285126834, 41.42704684697, 41.40561312201, 41.31489842877, 41.29448534448
17.875, -0.6763756746312, 0, 6, -0.0824641347575, 3.648474744786, 3.648478528813, 4.61558825859, 6.194814202964, 2.771012688623, 2.658116458384, 264.8243738179, 265.2976357427, 265.2058239819, 265.6543197514, -29.38322021158, 99.94467480784, 100, 99.9484789984, 548.6405371501, 567.4137890082, 548.6779120185, 546.3504466368, 548.5999762866, 546.2741097836, -2.938200090525, -4.348074953925, -3.225451927293, -4.790198918306, -2.813148841291, -112.7489539647, -113.7340238698, -112.0334527019, -111.9100951408, -113.5069944746, -113.3887790653, 41.42232876178, 41.04976593283, 41.43428908393, 41.41314956485, 41.32154052865, 41.3013314497
17.9, -0.6758210829866, 0, 6, -0.07585777852855, 3.672557897934, 3.672561121149, 4.640253211805, 6.21865503853, 2.793539841816, 2.681718108959, 265.1971485245, 265.6721428764, 265.573761212, 266.0253818657, -29.2940483245, 99.94704937063, 100, 99.95075684025, 549.3340113054, 568.1011171247, 549.3756651473, 547.0489749631, 549.2889791592, 546.963850626, -3.278325060749, -4.685188612664, -3.566656207098, -5.127192653429, -3.153663104776, -112.7804972531, -113.8771510779, -112.0653949494, -111.9282181572, -113.5384026451, -113.4063712828, 41.42930597017, 41.05661881733, 41.4414499501, 41.42060544094, 41.32812948602, 41.30812482477
17.925, -0.6751228073935, 0, 6, -0.06933043632623, 3.695905829596, 3.695908539143, 4.663930964819, 6.241313919515, 2.815382735378, 2.704546689446, 265.5699295298, 266.0466516068, 265.9417123009, 266.3964505652, -29.19752241346, 99.94948628544, 100, 99.95309220814, 550.0273028934, 568.7876094801, 550.0732257423, 547.7473913523, 549.9778061853, 547.6534961603, -3.617962948539, -5.021383427637, -3.907253667355, -5.463214776401, -3.493686403667, -112.8161737438, -114.0242090627, -112.1014890588, -111.9505184429, -113.5739144096, -113.4280917287, 41.43621979651, 41.06340968786, 41.44852684903, 41.42797536888, 41.33466487307, 41.31486337064
17.95, -0.6742910553448, 0, 6, -0.06295223954963, 3.718339128541, 3.718341376077, 4.686509405433, 6.262780141635, 2.836411478927, 2.726412161201, 265.9427168846, 266.4211611359, 266.3096779307, 266.7675249334, -29.09399635765, 99.95197856779, 100, 99.95547940904, 550.7203883014, 569.4732463346, 550.7705691915, 548.4456708193, 550.666434307, 548.3430228482, -3.957066550211, -5.35660757119, -4.247220791733, -5.79821988409, -3.833163377009, -112.855978144, -114.175172409, -112.1417286358, -111.9769920126, -113.6135236888, -113.4539368699, 41.44306766152, 41.07013730946, 41.45551894697, 41.43525611317, 41.34114639759, 41.32154579819
17.975, -0.6733297747749, 0, 6, -0.05674416197476, 3.739738891185, 3.739740727833, 4.707903463277, 6.283016541673, 2.856522951649, 2.74717135335, 266.3155103561, 266.7956703562, 266.6776589141, 267.1386042005, -28.98377671351, 99.95452059031, 100, 99.95791476316, 551.4132437563, 570.1580093585, 551.4676705993, 549.1437879207, 551.3548410147, 549.0324075187, -4.295553183698, -5.690774349978, -4.586504706565, -6.132120101673, -4.172006126796, -112.8999030874, -114.3300024916, -112.1861054322, -112.0076345904, -113.6572226891, -113.4839028608, 41.44984717286, 41.07679965828, 41.46242417542, 41.44244633241, 41.34757227001, 41.32817118235
18, -0.6722752660455, 0, 6, -0.05067322304881, 3.760043420476, 3.760044893124, 4.728054860623, 6.302036757658, 2.875634037092, 2.76676881849, 266.6883094456, 267.1701779269, 267.045656215, 267.5096877246, -28.86718269135, 99.95710627785, 100, 99.96039375133, 552.1058453339, 570.8418819097, 552.1645048663, 549.8417167756, 552.0430043211, 549.7216273099, -4.633308372417, -6.023762512293, -4.925018999365, -6.464794567663, -4.510097136693, -112.9479392568, -114.4886487324, -112.2346095373, -112.0424414998, -113.7050020819, -113.5179855169, 41.45655608422, 41.0833937828, 41.46923971951, 41.44954599168, 41.35394013446, 41.3347390947
18.025, -0.6711036904949, 0, 6, -0.04465939414445, 3.779226120565, 3.779227270263, 4.746958398547, 6.319791734911, 2.893674678158, 2.785101036996, 267.061113472, 267.5446822833, 267.4136709228, 267.8807748361, -28.74462492671, 99.95972966614, 100, 99.96291222301, 552.7981690048, 571.5248491023, 552.8610468061, 550.5394311922, 552.7309026547, 550.4106595657, -4.9701941959, -6.355433217477, -5.262658847968, -6.796109756758, -4.847297258469, -113.0000758487, -114.6510516934, -112.2872298249, -112.0814076875, -113.7568513789, -113.5561803529, 41.46319251387, 41.08991615431, 41.47596307283, 41.45655657499, 41.36024789099, 41.34125013688
18.05, -0.6697603053306, 0, 6, -0.03860179837873, 3.797291313796, 3.797292176875, 4.764656352343, 6.336136707003, 2.910596401382, 2.802131327522, 267.4339217031, 267.9191819142, 267.781704178, 268.2518652305, -28.61653438443, 99.96238471425, 100, 99.96546504868, 553.4901908146, 572.2068974004, 553.5572714044, 551.2369049178, 553.4185146318, 551.0994816637, -5.306070177524, -6.685649668119, -5.599300021061, -7.125936801958, -5.183477977718, -113.0563009302, -114.8171501444, -112.34395426, -112.1245270437, -113.8127592174, -113.5984819586, 41.46975499242, 41.09636324621, 41.48259231895, 41.4634789556, 41.366493803, 41.34770425027
18.075, -0.6682273464242, 0, 6, -0.03242399702841, 3.814258785987, 3.814259397647, 4.781210638743, 6.350998824677, 2.926373472364, 2.817909412655, 267.8067335315, 268.2936755569, 268.1497570381, 268.6229588283, -28.48328036768, 99.965066424, 100, 99.96804636455, 554.1818871814, 572.8880138503, 554.2531541261, 551.9341120687, 554.1058188131, 551.7880708957, -5.640817599346, -7.014307254073, -5.934818062942, -7.454180167505, -5.518536817789, -113.1166017623, -114.9868893137, -112.4047700732, -112.1717916713, -113.8727135226, -113.6448832584, 41.4762420793, 41.10273206525, 41.48912609916, 41.47031214517, 41.37267658779, 41.35410015943
18.1, -0.6665091151246, 0, 6, -0.02609431489877, 3.830142178915, 3.830142576728, 4.796673373977, 6.364370644934, 2.940994075957, 2.832500912531, 268.1795485292, 268.6681621743, 268.5178304098, 268.9940554459, -28.34515082166, 99.96777071729, 100, 99.97065070221, 554.8732350382, 573.5681856848, 554.9486710016, 552.6310273418, 554.7927936886, 552.4764045124, -5.974345157534, -7.341333974172, -6.269107841807, -7.780773257367, -5.852392388871, -113.1809649446, -115.1602228564, -112.4696637056, -112.223191812, -113.9367014844, -113.69537537, 41.48265215458, 41.10902034717, 41.49556315308, 41.47705383271, 41.37879526617, 41.3604359079
18.125, -0.6646903758274, 0, 6, -0.0196202409268, 3.844930342919, 3.844930568693, 4.811004860551, 6.376275082652, 2.954379673093, 2.845931441521, 268.5523663793, 269.0426408574, 268.8859250667, 269.3651546442, -28.2023651575, 99.97049019317, 100, 99.97326938888, 555.5642117931, 574.2474002728, 555.643798539, 553.3276259995, 555.4794177743, 553.1644598026, -6.306583349265, -7.666642950536, -6.602089001998, -8.105640624528, -6.184975992808, -113.2493764967, -115.3371109426, -112.5386208562, -112.2787161293, -114.0047095846, -113.7499478492, 41.48898345251, 41.11522646808, 41.5019026819, 41.48370117306, 41.38484987148, 41.36670955233
18.15, -0.6628090832044, 0, 6, -0.01305477834696, 3.858576860454, 3.858576960765, 4.824221048848, 6.386739090554, 2.966441326356, 2.858165921036, 268.9251869395, 269.4171107962, 269.2540416488, 269.7362556949, -28.05506577406, 99.97321432197, 100, 99.97589130617, 556.2547952898, 574.9256446536, 556.3385137351, 554.0238839194, 556.1656694636, 553.8522140182, -6.637489434546, -7.990174240484, -6.933712761289, -8.428747707414, -6.516237556715, -113.3218224466, -115.5175223375, -112.6116272967, -112.3383520579, -114.0767241505, -113.8085890038, 41.49523460054, 41.12135010756, 41.50814714796, 41.49025126611, 41.39084311732, 41.37291959738
18.175, -0.6608540020603, 0, 6, -0.006503173905381, 3.871025272294, 3.871025297267, 4.836371550504, 6.395772261853, 2.977123720209, 2.869137754171, 269.2980102253, 269.7915712684, 269.6221806343, 270.1073576855, -27.90358184993, 99.97593247076, 100, 99.97850625195, 556.9449638378, 575.6029053821, 557.0327940147, 554.7197775217, 556.851527055, 554.5396444256, -6.967043873741, -8.311908661391, -7.263955148482, -8.750097481812, -6.846145059209, -113.3982888727, -115.7014335094, -112.6886687845, -112.4020861166, -114.152731393, -113.8712861562, 41.50140519953, 41.12739297646, 41.51430112804, 41.49670165125, 41.39677892147, 41.37906481326
18.2, -0.6588540454774, 0, 6, -0.0001085459885498, 3.882239387648, 3.882239387655, 4.847489150063, 6.403469572096, 2.986419992932, 2.878854221033, 269.670836295, 270.166021606, 269.9903423724, 270.4784596325, -27.74826782805, 99.97863471749, 100, 99.98110498685, 557.6346961764, 576.279168879, 557.7266171105, 555.4152835789, 557.5369689458, 555.2267284492, -7.295237352863, -8.631851391487, -7.592799050441, -9.069706889777, -7.174672428649, -113.4787614407, -115.888824137, -112.7697305609, -112.4699041105, -114.2327170665, -113.9380258499, 41.50749587797, 41.13335859216, 41.52036969427, 41.50305060622, 41.40266115577, 41.38514410844
18.225, -0.6568478287426, 0, 6, 0.005985768952282, 3.892209195925, 3.892209217198, 4.85759038372, 6.410009435612, 2.994362022668, 2.887305134293, 270.0436650868, 270.5404609513, 270.3585271878, 270.8495601828, -27.58952929084, 99.9813131346, 100, 99.98368140855, 558.3239712914, 576.9544224303, 558.4199608157, 556.1103788923, 558.2219739506, 555.9134438499, -7.622046616393, -8.949992245381, -7.920228463276, -9.387568622577, -7.501766762569, -113.5632250004, -116.079668978, -112.8547969916, -112.5417918548, -114.3166661844, -114.0087945788, 41.51350837014, 41.13925159379, 41.52635792585, 41.50929920863, 41.40849345191, 41.39115831445
18.25, -0.6548130741737, 0, 6, 0.01168506907367, 3.900956751399, 3.900956832651, 4.866694080184, 6.415466392871, 3.001011159295, 2.894426039938, 270.4164962745, 270.9148881394, 270.7267355098, 271.2206578705, -27.42789661076, 99.98396029791, 100, 99.98623145536, 559.0127681589, 577.6286553524, 559.1128027925, 556.8050399001, 558.9065215369, 556.5997688143, -7.947413014506, -9.266303275268, -8.246206116007, -9.703652023136, -7.827340573908, -113.6516632773, -116.2739305426, -112.9438513698, -112.6177356715, -114.4045628543, -114.0835793666, 41.51944583588, 41.14507707158, 41.53227082118, 41.51545189473, 41.41427916979, 41.39711049652
18.275, -0.6526665965239, 0, 6, 0.01695571827556, 3.908546528013, 3.908546699427, 4.8748652952, 6.419840457879, 3.006488639896, 2.900192156003, 270.7893292671, 271.2893018197, 271.0949679069, 271.5917515653, -27.26401900275, 99.98657080618, 100, 99.98875287652, 559.7010657186, 578.3018592462, 559.8051206433, 557.4992426522, 559.5905918115, 557.2856819068, -8.271244945935, -9.580738803889, -8.570657203892, -10.01790474736, -8.151287676748, -113.7440587208, -116.4715597423, -113.0368758785, -112.6977220254, -114.49639021, -114.1623674874, 41.52531276017, 41.15084021873, 41.53811334027, 41.52151502588, 41.42002117688, 41.40300478452
18.3, -0.6502907867898, 0, 6, 0.02181817414639, 3.915094213271, 3.915094497573, 4.88220057805, 6.423114105089, 3.010991673094, 2.904626812356, 271.1621632523, 271.6637005908, 271.4632250408, 271.9628406248, -27.09864428854, 99.98914566796, 100, 99.99124880868, 560.3888430364, 578.9740280294, 560.4968921286, 558.1929629894, 560.2741655331, 557.971162102, -8.593425050716, -9.893263973624, -8.893467669794, -10.33026740162, -8.473493654003, -113.8403921184, -116.6724979936, -113.1338510728, -112.7817368345, -114.5921300045, -114.2451458049, 41.53111431235, 41.15654583656, 41.54388852735, 41.52749558966, 41.42572014792, 41.40884526563
18.325, -0.647659740987, 0, 6, 0.02635070271705, 3.920752874937, 3.920753290233, 4.88872428649, 6.425287740433, 3.014706518914, 2.90786992702, 271.5349970336, 272.038083024, 271.8315076437, 272.3339246328, -26.93252711335, 99.99168708879, 100, 99.99372191272, 561.0760794139, 579.6451579272, 561.1880953815, 558.8861768108, 560.9572241572, 558.6561888335, -8.913817702453, -10.203830977, -9.214494812554, -10.64066104113, -8.793836812928, -113.9406421939, -116.8766791371, -113.2347554275, -112.8697647222, -114.6917622131, -114.331900033, 41.53685531417, 41.16219722115, 41.54959635805, 41.53340035911, 41.43137464104, 41.41463553245
18.35, -0.6447787667433, 0, 6, 0.03067649429127, 3.925665862546, 3.925666426093, 4.894453693641, 6.426362301265, 3.017772344372, 2.910096580048, 271.907829502, 272.412447661, 272.1998164558, 272.7050031977, -26.76615095925, 99.99419130269, 100, 99.99616753093, 561.7627544217, 580.3152467346, 561.8787090776, 559.578860401, 561.6397496236, 559.3407418736, -9.232285795535, -10.5123805745, -9.533590727989, -10.94900479242, -9.112198453355, -114.0447860342, -117.0840350337, -113.3395658645, -112.9617885734, -114.7952653033, -114.4226142892, 41.54253963122, 41.1677957957, 41.55523576643, 41.53923517369, 41.43698307055, 41.42037896336
18.375, -0.6416063492343, 0, 6, 0.03493135797517, 3.929934349411, 3.929935080925, 4.899411415281, 6.426222160631, 3.020267623852, 2.911386520839, 272.2806597176, 272.7867932642, 272.5681521315, 273.0760762101, -26.59988687112, 99.99665471078, 100, 99.99858040987, 562.4488480294, 580.9842926863, 562.5687126141, 560.2709907799, 562.3217241053, 560.0248012214, -9.548710754293, -10.81884855108, -9.850620939478, -11.25522431119, -9.428488889662, -114.1527997086, -117.2945023968, -113.4482582896, -113.057789166, -114.9026166268, -114.5172706717, 41.54817000908, 41.17334158873, 41.56080564328, 41.54500380096, 41.44254439444, 41.42607788525
18.4, -0.6381569230693, 0, 6, 0.03921294979495, 3.933612736456, 3.933613659152, 4.903615504225, 6.424800896254, 3.022220962333, 2.91188083648, 272.6534870084, 273.1611190747, 272.9365151058, 273.4471439491, -26.43397157808, 99.99907507153, 100, 100.0009548659, 563.1343409007, 581.6522927734, 563.2580864051, 560.962546203, 563.0031297269, 560.7083470474, -9.863018730239, -11.12320001177, -10.16547881843, -11.55928317599, -9.742669708062, -114.2646587095, -117.508031641, -113.5608079642, -113.1577445214, -115.0137926846, -114.6158485258, 41.5537477456, 41.17883393625, 41.56630512561, 41.55070627128, 41.44805807133, 41.43173215089
18.425, -0.6342960669331, 0, 6, 0.04355045837821, 3.936713321989, 3.936714461001, 4.907322399181, 6.42214924699, 3.0237033068, 2.911717810932, 273.0263110264, 273.5354246919, 273.304905546, 273.8182066235, -26.26852834345, 100.0014539252, 100, 100.0032885567, 563.8192146614, 582.319242744, 563.9468119092, 561.6535062209, 563.6839487743, 561.3913599308, -10.17517367337, -11.42548313429, -10.47809514276, -11.86119528248, -10.05472672064, -114.3803376799, -117.7245847619, -113.6771891654, -113.2616301097, -115.1287688017, -114.7183245762, 41.55927258652, 41.18427199549, 41.57173386986, 41.55634002377, 41.45352392919, 41.43734002339
18.45, -0.6302277160328, 0, 6, 0.0479133570121, 3.93925189669, 3.939253276238, 4.910387538379, 6.41838538436, 3.024715613542, 2.911003030328, 273.3991311642, 273.9097095513, 273.6733236541, 274.1892643286, -26.10380557152, 100.0037948598, 100, 100.0055825002, 564.503452249, 582.9851411679, 564.6348710389, 562.3438507841, 564.3641649935, 562.0738216453, -10.48510987083, -11.72559335966, -10.78838575267, -12.16086570161, -10.36459453905, -114.4998082723, -117.9441116708, -113.7973731683, -113.3694196754, -115.2475173732, -114.8246739001, 41.56474322217, 41.18965508388, 41.577092341, 41.56190221612, 41.45894184976, 41.44289910411
18.475, -0.6261554891288, 0, 6, 0.05224081670201, 3.941189096128, 3.941190736937, 4.912664905339, 6.413595301519, 3.025051013629, 2.909708581981, 273.771946714, 274.2839729089, 274.0417697903, 274.5603168736, -25.94008146136, 100.0060921556, 100, 100.0078298693, 565.1870373625, 583.6499879127, 565.3222462983, 563.0335604501, 565.0437627916, 562.7557146043, -10.79275856674, -12.02343403776, -11.09628365297, -12.45825038355, -10.67219078223, -114.623041255, -118.1665596814, -113.9213300643, -113.4810859946, -115.3700097263, -114.9348706341, 41.57015798667, 41.19498275386, 41.58238154853, 41.56739037324, 41.46431389538, 41.44840790567
18.5, -0.6220874211158, 0, 6, 0.05645044589737, 3.942409751804, 3.942411668299, 4.914142140976, 6.407812322806, 3.024585892171, 2.907671186146, 274.1447571827, 274.6582140511, 274.4102442254, 274.9313636818, -25.77768766936, 100.0083388461, 100, 100.0100240935, 565.8699540535, 584.3137818022, 566.008920832, 563.7226166453, 565.7227265424, 563.4370213505, -11.09807837412, -12.31895597469, -11.4017608931, -12.75332968259, -10.97745415346, -114.7500083196, -118.3918855973, -114.0490306734, -113.5966013333, -115.4962176611, -115.048888352, 41.57551577477, 41.20025552265, 41.587604826, 41.57280244524, 41.46964407626, 41.45386651407
18.525, -0.6180164700403, 0, 6, 0.06044583987913, 3.942791075065, 3.94279327266, 4.914807239902, 6.401046883103, 3.023214853003, 2.904725548198, 274.5175621992, 275.0324322676, 274.7787470829, 275.3024040936, -25.6171443362, 100.0105277877, 100, 100.0121593727, 566.5521867619, 584.976521124, 566.6948783087, 564.4110014374, 566.4010407428, 564.1177246607, -11.40104371605, -12.61213836016, -11.7048097303, -13.04610410667, -11.2803416833, -114.880681525, -118.6200518604, -114.1804461034, -113.7159376936, -115.6261131684, -115.166700236, 41.58081657232, 41.20547527989, 41.59276653875, 41.57813762348, 41.47493637196, 41.45927562091
18.55, -0.6139737833686, 0, 6, 0.06413317227547, 3.942255853784, 3.942258327337, 4.914659598555, 6.393403063816, 3.020885829465, 2.900799324172, 274.8903614155, 275.4066268181, 275.1472783848, 275.6734374072, -25.45890093162, 100.0126517288, 100, 100.0142299826, 567.2337203134, 585.6382043204, 567.3801028312, 565.0986973303, 567.0786901923, 564.7978076447, -11.70163289308, -12.9029835917, -12.00542804119, -13.33658765298, -11.58081441759, -115.0150327051, -118.8510224418, -114.3155473676, -113.839066995, -115.7596681531, -115.2882792525, 41.58606151735, 41.21064503556, 41.59787142137, 41.58339708626, 41.48019426542, 41.46463650122
18.575, -0.6099544994394, 0, 6, 0.06744969932804, 3.940790916197, 3.940793651176, 4.913730668168, 6.384971723675, 3.017606489402, 2.895831883943, 275.2631543946, 275.7807968295, 275.5158381319, 276.0444627741, -25.30344426494, 100.0147044198, 100, 100.0162322336, 567.914539799, 586.298830998, 568.0645787792, 565.7856869975, 567.7556601848, 565.4772537985, -11.99981323045, -13.19148538514, -12.30361293341, -13.62477791425, -11.87881991212, -115.1530331533, -119.084757892, -114.4543051959, -113.9659614911, -115.8968543168, -115.4135986054, 41.59125305671, 41.21576850566, 41.60292443169, 41.58858522487, 41.48542085751, 41.4699519681
18.6, -0.6059130308618, 0, 6, 0.07037960848237, 3.938450459211, 3.938453435183, 4.912092917164, 6.375764056526, 3.013441261854, 2.88981436243, 275.6359405852, 276.1549413877, 275.8844263461, 276.4154794578, -25.1513071206, 100.0166801902, 100, 100.0181631643, 568.5946305092, 586.9584021937, 568.748290813, 566.4719531993, 568.4319365237, 566.1560469922, -12.29553911476, -13.47763351539, -12.59934378129, -13.9106630857, -12.17430090797, -115.2946535278, -119.321214545, -114.5966900059, -114.0965936124, -116.0376431299, -115.542631688, 41.59639496963, 41.2208498152, 41.60793068165, 41.59370848411, 41.49061896779, 41.47522577605
18.625, -0.6017014635256, 0, 6, 0.07294125518284, 3.935346667095, 3.935349861119, 4.90985889308, 6.365819555141, 3.008507189861, 2.882563721285, 276.0087194289, 276.5290597244, 276.2530430111, 276.7864870257, -25.00300715352, 100.0185734078, 100, 100.0200189156, 569.2739780132, 587.6169191401, 569.4312241016, 567.1574791509, 569.1075052948, 566.8341714064, -12.58877104895, -13.76143115256, -12.89258876664, -14.19424158834, -12.46719775142, -115.4398639828, -119.5603505441, -114.742672034, -114.2309352323, -116.1820058666, -115.6753513085, 41.60149200285, 41.22589338856, 41.61289540521, 41.59877385305, 41.49579128699, 41.48046162982
18.65, -0.5971698964547, 0, 6, 0.07516962047808, 3.931653447722, 3.93165683669, 4.907190604399, 6.354484597814, 3.002996763059, 2.874532067599, 276.3814906671, 276.9031515922, 276.6216878248, 277.1574852381, -24.8588923348, 100.0203802983, 100, 100.0217959293, 569.9525682824, 588.2743797551, 570.1133649058, 567.8422495541, 569.7823522814, 567.5116113877, -12.87952283415, -14.04295348889, -13.18336731855, -14.4755766325, -12.75754804427, -115.5886342886, -119.802140991, -114.8922215348, -114.3689560801, -116.3299135567, -115.8117278645, 41.60654937075, 41.23090380768, 41.6178234192, 41.60378848219, 41.5009397309, 41.48566265991
18.675, -0.5925549222636, 0, 6, 0.07711298583697, 3.927575598202, 3.927579160955, 4.904211709149, 6.342621019934, 2.99711556152, 2.866038431126, 276.7542545031, 277.2772175807, 276.9903599752, 277.5284733472, -24.71900369918, 100.0220974724, 100, 100.0234906621, 570.630387748, 588.9307769453, 570.7947008364, 568.5262510823, 570.4564628444, 568.1883515182, -13.16787798519, -14.32233522983, -13.47173377311, -14.75478218436, -13.04544049783, -115.740933802, -120.0465833269, -115.0453085659, -114.5106230752, -116.4813367314, -115.9517285295, 41.61157210079, 41.23588521103, 41.62271781002, 41.60875918559, 41.50606485121, 41.49083220639
18.7, -0.58790564863, 0, 6, 0.07883047314523, 3.923229812106, 3.923233531195, 4.900936436106, 6.330399464914, 2.990985247156, 2.857217474597, 277.1270112751, 277.651258448, 277.3590583752, 277.89945055, -24.58313184501, 100.0237200009, 100, 100.0250969858, 571.307423157, 589.5861020953, 571.4752201757, 569.2094713231, 571.1298225959, 568.8643768398, -13.45393684734, -14.59968649446, -13.7577651244, -15.03195329585, -13.33098179945, -115.8967320534, -120.2936802721, -115.2019029145, -114.655902086, -116.6362456418, -116.0953195214, 41.61656451282, 41.24084076946, 41.62757994052, 41.61369042108, 41.51116756458, 41.4959739756
18.725, -0.5832338121259, 0, 6, 0.08038331315115, 3.918616981464, 3.918620843956, 4.897289705563, 6.317805672853, 2.984623397075, 2.848059738302, 277.499761268, 278.0252764707, 277.7277818747, 278.2704161999, -24.45117455205, 100.0252325351, 100, 100.0265982386, 571.9836614934, 590.2403463204, 572.1549115776, 569.8918983848, 571.8024175368, 569.5396728511, -13.7377989476, -14.87509592753, -14.04154797157, -15.30717258306, -13.61428439187, -116.0559990128, -120.5434339676, -115.3619742816, -114.8047588659, -116.7946104329, -116.2424669791, 41.62153010525, 41.2457727376, 41.63241035106, 41.6185852483, 41.51624948119, 41.50109184081
18.75, -0.5785662282683, 0, 6, 0.08182176308032, 3.913672134803, 3.913676131704, 4.893172164485, 6.304800452767, 2.977985980019, 2.838539506233, 277.8725047536, 278.399273956, 278.0965292545, 278.6413701822, -24.32302203732, 100.0266400383, 100, 100.0279977827, 572.6590901041, 590.8935000108, 572.8337641288, 570.5735209874, 572.4742339858, 570.2142255161, -14.01956887366, -15.14866349879, -14.32317793043, -15.58053849164, -13.89547635374, -116.2187050228, -120.7958479911, -115.5254925513, -114.9571590336, -116.9564012533, -116.3931368156, 41.62647154411, 41.25068273138, 41.63720969915, 41.62344535825, 41.52131216911, 41.50618846995
18.775, -0.5739542314895, 0, 6, 0.0831697948103, 3.908314990797, 3.908319114813, 4.888501073854, 6.291383215073, 2.97101060933, 2.828662285328, 278.2452420649, 278.773251748, 278.4652992447, 279.0123126409, -24.19853677116, 100.0279421669, 100, 100.0292934057, 573.3336968653, 591.5455525222, 573.5117673852, 571.2543285341, 573.145258589, 570.8880213075, -14.29935958087, -15.42049578914, -14.60276311515, -15.8521580196, -14.17469363876, -116.3848207551, -121.0509287363, -115.6924279814, -115.1130682127, -117.1215884247, -116.5472947993, 41.63139061171, 41.2555720106, 41.641979067, 41.62827144837, 41.52635694872, 41.51126518602
18.8, -0.5694474511198, 0, 6, 0.08442801699009, 3.90247607383, 3.902480317199, 4.883221025036, 6.277586646603, 2.963641681829, 2.818435834872, 278.6179735338, 279.1472106215, 278.8340905542, 279.3832437261, -24.07757640424, 100.0291380436, 100, 100.0304828961, 574.0074701263, 592.1964926683, 574.1889112107, 571.9343108861, 573.8154783473, 571.5610471648, -14.57728484278, -15.69069693589, -14.88041988543, -16.12213720702, -14.45206438767, -116.5543171841, -121.3086831497, -115.8627512458, -115.2724524842, -117.2901425738, -116.7049070225, 41.636288389, 41.26044161361, 41.64671980011, 41.63306411633, 41.53138496221, 41.51632265873
18.825, -0.5650851608301, 0, 6, 0.08558808558458, 3.896105969547, 3.896110323188, 4.877297334529, 6.263454234873, 2.955836830124, 2.807856080343, 278.9906994276, 279.5211512689, 279.2029019195, 279.7541635545, -23.96002306703, 100.0302270973, 100, 100.0315651915, 574.6803985971, 592.8463094736, 574.8651856415, 572.613458103, 574.4848806755, 572.2332904531, -14.85344995069, -15.95936377367, -15.15626367287, -16.39057316777, -14.72769897201, -116.7271656153, -121.569115876, -116.0364334443, -115.4352788024, -117.4620347469, -116.8659403896, 41.64116554605, 41.26529235901, 41.65143308533, 41.63782434806, 41.53639699992, 41.52136150402
18.85, -0.5609245378472, 0, 6, 0.08664552340193, 3.889172532215, 3.889176986135, 4.870693109332, 6.249020708947, 2.947528817582, 2.796903358296, 279.3634199025, 279.8950742746, 279.5717321502, 280.1250722293, -23.84579387448, 100.0312070237, 100, 100.0325378399, 575.3524712004, 593.4949925505, 575.5405807449, 573.2917602648, 575.1534533744, 572.9047388706, -15.12794771162, -16.22655919129, -15.43040212986, -16.65753670816, -15.00168955013, -116.9033378587, -121.8322280889, -116.2134463524, -115.601515265, -117.6372366471, -117.0303629456, 41.64602261906, 41.27012486082, 41.65612064453, 41.64255361919, 41.5413943187, 41.52638260597
18.875, -0.5569747666495, 0, 6, 0.08758805513152, 3.881656858962, 3.881661401486, 4.863455291753, 6.234310546887, 2.938666080089, 2.785552490418, 279.7361350886, 280.2689801702, 279.94058011, 280.495969848, -23.73483270627, 100.0320750172, 100, 100.0333981653, 576.0236769944, 594.142531344, 576.2150865736, 573.9692074916, 575.8211843741, 573.5753802929, -15.40086670115, -16.49235313707, -15.70293778724, -16.92311391076, -15.27412106027, -117.0828067252, -122.0980205505, -116.3937630173, -115.7711312205, -117.8157210755, -117.1981439678, 41.65086047685, 41.27494023028, 41.66078636133, 41.6472537053, 41.54637970511, 41.53138709506
18.9, -0.5532143162918, 0, 6, 0.08838225219873, 3.873561615743, 3.873566231343, 4.855664846044, 6.219330922775, 2.929235481824, 2.773792192782, 280.108845114, 280.6428694893, 280.3094446812, 280.8668565402, -23.62711629956, 100.032829313, 100, 100.0341448091, 576.6940052109, 594.7889147505, 576.8886931813, 574.6457899591, 576.4880616578, 574.2452027303, -15.67229516246, -16.75682434242, -15.97396688702, -17.18739726098, -15.54507745487, -117.2655461561, -122.36649505, -116.5773576933, -115.9440972461, -117.9974619954, -117.3692539278, 41.65568061209, 41.27974064204, 41.66543512805, 41.65192648686, 41.55135648635, 41.53637599113
18.925, -0.549656193784, 0, 6, 0.08897288224524, 3.864915056526, 3.864919723548, 4.847399383759, 6.204169921182, 2.919264772778, 2.761673422845, 280.4815500916, 281.0167427784, 280.67832476, 281.2377324597, -23.52261928893, 100.0334693383, 100, 100.0347773029, 577.3634452789, 595.43413124, 577.5613906365, 575.3214978805, 577.1540732962, 574.9141943416, -15.9423197906, -17.02005506889, -16.24357701596, -17.45047655703, -15.81463913247, -117.4515310966, -122.6376539423, -116.7642056173, -116.1203850882, -118.1824344008, -117.5436644413, 41.66048504868, 41.28452925653, 41.67007190613, 41.65657390138, 41.55632787978, 41.54135015226
18.95, -0.5463070827277, 0, 6, 0.08930326333635, 3.855763550938, 3.855768241518, 4.838725923973, 6.188944970896, 2.908809512609, 2.749225028063, 280.8542500569, 281.3906004748, 281.0472192999, 281.6085976219, -23.42134789396, 100.0339960513, 100, 100.0352974195, 578.031986717, 596.0781698828, 578.2331689234, 575.9963213092, 577.8192075806, 575.5823434331, -16.21101494448, -17.28211679896, -16.51185157375, -17.71242559632, -16.08286528968, -117.6407373328, -122.9114966266, -116.9542828191, -116.2999679861, -118.3706141975, -117.7213486098, 41.66527637204, 41.28930983309, 41.67470144259, 41.66119936454, 41.56129690801, 41.54631153827
18.975, -0.5431432136466, 0, 6, 0.08934206786863, 3.846169078117, 3.846173761057, 4.829707738221, 6.173720628638, 2.897943093043, 2.736451884216, 281.2269449107, 281.7644428781, 281.4161272491, 281.97945204, -23.32337030565, 100.0344120825, 100, 100.0357094218, 578.6996189937, 596.7210213023, 578.9040178695, 576.6702499369, 578.4834531132, 576.2496384339, -16.47843400713, -17.54306462809, -16.77885784823, -17.97329793145, -16.34979432916, -117.8331413229, -123.188016638, -117.1475660006, -116.4828207636, -118.5619781107, -117.9022811941, 41.67005788821, 41.29408634319, 41.67932822177, 41.66580782302, 41.56626635101, 41.55126326392
19, -0.5401123109877, 0, 6, 0.08908823145969, 3.836210675652, 3.836215319928, 4.820423536787, 6.158524685316, 2.886770832824, 2.723380541691, 281.5996344427, 282.1382702079, 281.7850476325, 282.3502958714, -23.22880801509, 100.0347205674, 100, 100.0360179609, 579.3663315161, 597.36267757, 579.5739272006, 577.3432731411, 579.1467987675, 576.9160678783, -16.7446124467, -17.80294946385, -17.04464057842, -18.23314011096, -16.61545467352, -118.0287201037, -123.4672025236, -117.3440324936, -116.6689195435, -118.7565036038, -118.0864383561, 41.67483351272, 41.29886276005, 41.68395645264, 41.67040490335, 41.57123860267, 41.55620888555
19.025, -0.5371537335134, 0, 6, 0.08856760150594, 3.825987105211, 3.825991683094, 4.810953934358, 6.143375245675, 2.875437927515, 2.710083021774, 281.9723183647, 282.5120826567, 282.1539797038, 282.7211294518, -23.13781878587, 100.0349286762, 100, 100.036231276, 580.0321137255, 598.0031320116, 580.2428866812, 578.015380127, 579.8092337149, 577.5816204603, -17.0095717968, -18.06182673633, -17.30922249829, -18.49199165684, -16.87986962028, -118.2274510666, -123.7490389537, -117.5436599489, -116.8582413622, -118.9541686199, -118.2737972688, 41.67960735589, 41.30364271308, 41.6885888634, 41.67499622881, 41.57621455883, 41.56115177769
19.05, -0.534248301651, 0, 6, 0.08783830022738, 3.815606932196, 3.815611422744, 4.801326834708, 6.12829216113, 2.864079106667, 2.696663815746, 282.3449963061, 282.8858804058, 282.5229228304, 283.0919532666, -23.05052542834, 100.035045458, 100, 100.036358644, 580.696955154, 598.6423793111, 580.9108862185, 578.6865600556, 580.4707475124, 578.2462851097, -17.27332079597, -18.31973163372, -17.57260853424, -18.74986653875, -17.14305643309, -118.4293117044, -124.0335067859, -117.7464260413, -117.0507638499, -119.1549513324, -118.4643357984, 41.68438308348, 41.3084287351, 41.69322588544, 41.67958700287, 41.58119360156, 41.56609493173
19.075, -0.5313899330489, 0, 6, 0.08698637932071, 3.80516465932, 3.805169051097, 4.791557343404, 6.113286352778, 2.852792028663, 2.683217971851, 282.7176678773, 283.2596636454, 282.8918764555, 283.462767867, -22.96705756545, 100.0350796533, 100, 100.0364083201, 581.3608454062, 599.2804149037, 581.5779159026, 579.3568022148, 581.1313299988, 578.9100509701, -17.53586255522, -18.57668504692, -17.83479717127, -19.00677023072, -17.40503040886, -118.6342797617, -124.32058531, -117.952308726, -117.2464650202, -119.358830214, -118.6580322634, 41.68916355148, 41.31322197492, 41.69786698748, 41.68418167629, 41.58617482395, 41.57104105954
19.1, -0.5285525305496, 0, 6, 0.08610718067141, 3.794728621221, 3.794732912831, 4.781666957759, 6.098299500976, 2.841632850519, 2.669810022743, 283.0903327538, 283.6334326398, 283.2608400475, 283.833573884, -22.88753432809, 100.0350396565, 100, 100.0363877812, 582.0237741951, 599.9172338625, 582.243966065, 580.0260962292, 581.7909711191, 579.5729073653, -17.79720555795, -18.83271012879, -18.09578956633, -19.2627181689, -17.66581810054, -118.8423334971, -124.6102558328, -118.1612865152, -117.445323035, -119.5657841739, -118.8548651329, 41.69395073147, 41.31802249631, 41.70251151229, 41.68878330586, 41.59115749722, 41.57599202278
19.125, -0.5256997210004, 0, 6, 0.08527292943169, 3.784343394701, 3.784347592003, 4.771680061011, 6.083285844139, 2.830690863484, 2.656536305908, 283.4629907651, 284.0071878291, 283.6298130347, 284.204372043, -22.8120161979, 100.0349342144, 100, 100.0363037617, 582.6857315139, 600.552829603, 582.9090273935, 580.6944323197, 582.4496607946, 580.2348438371, -18.05737552849, -19.08785167233, -18.35559350028, -19.51775752582, -17.92546788077, -119.0534518109, -124.9025055069, -118.3733385692, -117.6473158467, -119.7757925649, -119.054812611, 41.69874553601, 41.32282976321, 41.70715891103, 41.69339247173, 41.59614104724, 41.58094791729
19.15, -0.5228290547453, 0, 6, 0.08451110073678, 3.774036998533, 3.774041109912, 4.761752937623, 6.068265509222, 2.819969127472, 2.643492658544, 283.8356419509, 284.3809297352, 283.9987947941, 284.5751630241, -22.74053682827, 100.0347725186, 100, 100.0361630016, 583.3467078992, 601.1871947641, 583.5730910561, 581.3618012394, 583.1073891514, 580.8958503206, -18.31640647621, -19.34233266766, -18.6142236996, -19.77201664028, -18.18402830586, -119.2676138417, -125.1973242553, -118.5884442471, -117.8524212289, -119.9888347951, -119.257852691, 41.70354777003, 41.32764303406, 41.7118088684, 41.6980079272, 41.60112500267, 41.5859075459
19.175, -0.5200615245749, 0, 6, 0.08381205926815, 3.763815739319, 3.763819771982, 4.751812870897, 6.053290546253, 2.809368592752, 2.630725644977, 284.2082861877, 284.7546588442, 284.367784779, 284.9459473694, -22.67312823533, 100.0345603916, 100, 100.0359694732, 584.0066943628, 601.8203219402, 584.2361483008, 582.0281941151, 583.7641467388, 581.5559171229, -18.57433369804, -19.59607177458, -18.8717058216, -20.02546302472, -18.44153649126, -119.4847989586, -125.4947023451, -118.8065829509, -118.0606170853, -120.2048903946, -119.4639634648, 41.7083564015, 41.33246147505, 41.71646129145, 41.70262780509, 41.60610948822, 41.5908693826
19.2, -0.5174477356216, 0, 6, 0.08314249578691, 3.753641741908, 3.753645699637, 4.741782538144, 6.038399326096, 2.798825261987, 2.61819489482, 284.5809234512, 285.1283756459, 284.7367824588, 285.3167253773, -22.60978298901, 100.0342999821, 100, 100.0357244079, 584.6656819572, 602.4522021668, 584.8981904673, 582.6936024304, 584.419923944, 582.2150345892, -18.83120515454, -19.84898636645, -19.12809021011, -20.27808837618, -18.69803237718, -119.7049876846, -125.7946347307, -119.0277351109, -118.271881875, -120.4239397574, -119.6731234646, 41.71317009809, 41.33728441429, 41.72111695231, 41.70725020043, 41.61109585619, 41.59583247169
19.225, -0.5149883890952, 0, 6, 0.08245127111514, 3.743451065262, 3.74345494686, 4.731675531981, 6.023612679405, 2.788269545562, 2.605810989495, 284.9535539054, 285.5020806319, 285.1057872408, 285.6874971642, -22.55063623409, 100.0339931557, 100, 100.0354298125, 585.3236616586, 603.0828249084, 585.559208947, 583.3580178583, 585.0747108678, 582.8731929993, -19.08707935957, -20.1011312312, -19.38344536902, -20.52996349511, -18.95356188362, -119.9281618241, -126.0971207381, -119.2518824174, -118.4861948911, -120.6459643125, -119.8853119328, 41.71798783121, 41.34211183501, 41.72577784055, 41.71187367197, 41.61608595978, 41.60079646637
19.25, -0.5126855731644, 0, 6, 0.08168143506689, 3.73319104253, 3.733194841512, 4.721499355443, 6.008954635862, 2.77765437141, 2.593501884098, 285.3261777473, 285.8757742683, 285.4747985086, 286.0582627865, -22.49562004243, 100.0336414497, 100, 100.035087938, 585.9806243936, 603.7121789476, 586.2191950672, 584.0214320663, 585.7284975038, 583.5303825954, -19.34201685104, -20.35256709647, -19.63784445437, -20.78115949369, -19.20817312684, -120.1543040719, -126.4021612288, -119.4790074451, -118.7035363531, -120.8709463544, -120.1005089422, 41.72280912807, 41.34694439949, 41.730446113, 41.71649765493, 41.62108133844, 41.60576127377
19.275, -0.5105547209374, 0, 6, 0.08078529718136, 3.722837905791, 3.722841611537, 4.711269127668, 5.99450886234, 2.766964747149, 2.581225955114, 285.6987951435, 286.2494569495, 285.8438156644, 286.429022216, -22.4445661497, 100.0332457136, 100, 100.034700658, 586.636561004, 604.3402532004, 586.8781400208, 584.6838365466, 586.3812738425, 584.1865935752, -19.5960728444, -20.60333965547, -19.89135909533, -21.03172682746, -19.46190640428, -120.3833977487, -126.7097562017, -119.7090934788, -118.9238875306, -121.0988689388, -120.3186955665, 41.72763413956, 41.35178321803, 41.73512390643, 41.72112303199, 41.62608319275, 41.61072751087
19.3, -0.5085772625968, 0, 6, 0.07974382208927, 3.712402977353, 3.712406578017, 4.701018475208, 5.980319853572, 2.756217248394, 2.568943409545, 286.0714061826, 286.6231289539, 286.2128381696, 286.79977539, -22.39734209223, 100.0328072128, 100, 100.0342710589, 587.2914621601, 604.9670376136, 587.5360347976, 585.3452224312, 587.0330299442, 584.8418160613, -19.84928978291, -20.85348021713, -20.1440534609, -21.28169745987, -19.71479041588, -120.6154266294, -127.0199023736, -119.9421244119, -119.1472308808, -121.3297158231, -120.5398540636, 41.73246380211, 41.3566296191, 41.73981333485, 41.72575262147, 41.63109247186, 41.6156967462
19.325, -0.5067224735082, 0, 6, 0.0785676102451, 3.70193470022, 3.701938185565, 4.690805469431, 5.966403646208, 2.745459493221, 2.556663650236, 286.4440108906, 286.9967905221, 286.5818655475, 287.1705223416, -22.35384329036, 100.0323276802, 100, 100.0338024388, 587.9453183698, 605.5925229686, 588.192870225, 586.0055805386, 587.6837559031, 585.4960401013, -20.1017000902, -21.10301670394, -20.39597421422, -21.53109698208, -19.96685193177, -120.8503748921, -127.3325939556, -120.1780847371, -119.3735497929, -121.5634714255, -120.7639676768, 41.73729976482, 41.36148505718, 41.74451653593, 41.73039002639, 41.63610992284, 41.62067079019
19.35, -0.504949685987, 0, 6, 0.07728210231223, 3.691508185946, 3.691511548648, 4.680711413573, 5.952772439068, 2.734775525546, 2.544446664146, 286.816609289, 287.3704419297, 286.9508973502, 287.5412631986, -22.31396727551, 100.0318098436, 100, 100.0332983317, 588.5981200528, 606.2167000423, 588.8486370643, 586.6649015722, 588.3334417656, 586.1492556952, -20.35333413271, -21.35198456884, -20.6471543886, -21.77995685882, -20.21812291097, -121.0882271896, -127.6478251071, -120.4169595584, -119.6028282737, -121.8001207858, -120.9910203021, 41.74214408682, 41.36635110614, 41.74923557003, 41.73503870949, 41.64113612526, 41.62565123489
19.375, -0.5032440244316, 0, 6, 0.07591772755825, 3.681211103956, 3.681214339895, 4.670797879234, 5.939447290747, 2.72425522296, 2.532385095774, 287.1892014152, 287.7440835164, 287.3199331331, 287.9119981464, -22.27760349016, 100.0312574487, 100, 100.032762602, 589.2498576258, 606.8395592624, 589.5033261147, 587.3231762695, 588.9820775603, 586.8014528625, -20.60422366458, -21.60042011986, -20.89761946092, -22.02830173388, -20.46864063513, -121.3289686045, -127.9655908877, -120.6587343827, -119.8350507195, -122.0396494051, -121.2209962411, 41.7469988294, 41.37122924559, 41.75397147867, 41.73970155835, 41.64617088824, 41.63063927845
19.4, -0.5016206519243, 0, 6, 0.07450489469527, 3.671118824168, 3.671121932218, 4.661096728098, 5.926453214623, 2.713945174225, 2.520567219249, 287.5617873417, 288.1177156901, 287.6889724522, 288.2827273708, -22.24456644396, 100.0306726612, 100, 100.0321967265, 589.9005214678, 607.4610902078, 590.1569282001, 587.9803955156, 589.6296532263, 587.4526216344, -20.85440612062, -21.84834657088, -21.14739728585, -22.27615058482, -20.71844917494, -121.5725847941, -128.2858885106, -120.9033952887, -120.0702018201, -122.2820433193, -121.4538800675, 41.75186575141, 41.37612064747, 41.75872519954, 41.74438072247, 41.65121482496, 41.63563587085
19.425, -0.5000750686916, 0, 6, 0.07305569176847, 3.661276038397, 3.661279018679, 4.651655547629, 5.913809208011, 2.703869506703, 2.509046669836, 287.9343672465, 288.4913389425, 288.0580148297, 288.6534510053, -22.21483412106, 100.0300569927, 100, 100.0316014388, 590.5501019007, 608.0812807003, 590.8094341442, 588.6365504398, 590.2761584524, 588.102752007, -21.10393112199, -22.09580243755, -21.39652771326, -22.52354537526, -20.96760334179, -121.8190623185, -128.6087195411, -121.1509292306, -120.3082665712, -122.5272892597, -121.6896565815, 41.75674644305, 41.38102667431, 41.76349868728, 41.74907759555, 41.6562698729, 41.6406418613
19.45, -0.4985946844555, 0, 6, 0.07155478244964, 3.651703541353, 3.651706392939, 4.64250476434, 5.90149921511, 2.694042514201, 2.497858432457, 288.3069414088, 288.8649538576, 288.4270597333, 289.0241692031, -22.18847477611, 100.0294118919, 100, 100.0309775095, 591.1985892474, 608.7001167117, 591.4608347967, 589.2916324168, 590.9215826907, 588.7518339667, -21.35286048527, -22.34284853137, -21.64506082633, -22.77055077093, -21.21617170076, -122.0683886027, -128.9340898598, -121.4013238981, -120.5492302508, -122.7753745717, -121.9283107643, 41.76164240703, 41.38594914838, 41.76829420317, 41.75379270655, 41.6613382613, 41.64565750681
19.475, -0.4972118459037, 0, 6, 0.06995812207311, 3.64240740188, 3.642410120668, 4.633651271299, 5.889582326952, 2.68447562276, 2.487059427095, 288.6795101832, 289.2385610874, 288.7961065786, 289.3948820711, -22.16552060834, 100.0287389054, 100, 100.0303254681, 591.8459738762, 609.3175826041, 592.1111210279, 589.9456330277, 591.5659152223, 589.3998575175, -21.60126562031, -22.58955857062, -21.89305613677, -23.01724263244, -21.46422749199, -122.3205518007, -129.2620087902, -121.6545675761, -120.7930784554, -123.0262871194, -122.1698278289, 41.76655493407, 41.39089025725, 41.7731139522, 41.75852593768, 41.66642211644, 41.65068277841
19.5, -0.4959466480507, 0, 6, 0.06821621119993, 3.633376594789, 3.633379173445, 4.625078647256, 5.878115242068, 2.675170607112, 2.476636869696, 289.0520739177, 289.6121612262, 289.1651547796, 289.7655895531, -22.14600765456, 100.0280392415, 100, 100.029646591, 592.4922460707, 609.9336625516, 592.7602836012, 590.5985437728, 592.2091452911, 590.0468126266, -21.84921549185, -22.83599945341, -22.14058342797, -23.26368879168, -21.71183034544, -122.5755406628, -129.5924853407, -121.9106490115, -121.039797497, -123.2800152533, -122.414193673, 41.77148529983, 41.39585227729, 41.77795991072, 41.76327800777, 41.67152347471, 41.6557187227
19.525, -0.4947934926383, 0, 6, 0.06629830776652, 3.624589912221, 3.62459234201, 4.6167632514, 5.867117617175, 2.666125737067, 2.466538243729, 289.4246328932, 289.9857547696, 289.5342037961, 290.1362915672, -22.13000434386, 100.0273139734, 100, 100.028942883, 593.1373959045, 610.5483416273, 593.4083130854, 591.250355836, 592.8512621747, 590.6926891665, -22.09676818744, -23.08223058057, -22.38770984174, -23.50994846818, -21.95902779691, -122.8333443893, -129.9255255389, -122.1695573468, -121.2893745611, -123.5365477894, -122.6613951067, 41.77643503552, 41.40083735504, 41.7828338224, 41.76805066878, 41.6766442046, 41.66076734386
19.55, -0.4936881957693, 0, 6, 0.06420331554932, 3.616032026673, 3.616034299934, 4.608700047541, 5.856581466228, 2.657403649236, 2.456718608834, 289.7971873116, 290.3593421197, 289.9032531451, 290.5069881228, -22.11762505732, 100.0265677314, 100, 100.028220395, 593.7814132653, 611.1616063954, 594.0551999133, 591.9010600129, 593.4922552663, 591.3374769385, -22.34396709864, -23.32832753113, -22.63448895828, -23.75608935012, -22.20585812537, -123.0939523886, -130.2611311946, -122.4312818783, -121.5417976308, -123.7958738414, -122.9114198241, 41.78140591388, 41.4058472786, 41.78773620683, 41.7728463903, 41.68178479097, 41.66583104709
19.575, -0.4926003896891, 0, 6, 0.06198453359629, 3.607714411487, 3.607716525454, 4.600820549103, 5.846489191602, 2.649110781713, 2.447175019388, 290.1697372037, 290.7329235577, 290.2723024366, 290.8776794101, -22.10897237687, 100.0258091617, 100, 100.0274890663, 594.4242879869, 611.7734465312, 594.7009345264, 592.5506466383, 594.132114429, 591.981165822, -22.5908306062, -23.57434332766, -22.88094821574, -24.00213923401, -22.45234244515, -123.3573536094, -130.5992963394, -122.6958113436, -121.797055289, -124.057982305, -123.1642562985, 41.78639935781, 41.41088239167, 41.79266396363, 41.77766811043, 41.68694157106, 41.67091216113
19.6, -0.4915397483182, 0, 6, 0.0597701494787, 3.599677413457, 3.599679374689, 4.593051647897, 5.836820788652, 2.64133344129, 2.437945363129, 290.5422824244, 291.1064992418, 290.641351414, 291.248365782, -22.10398194862, 100.0250466513, 100, 100.0267576455, 595.0660098283, 612.3838551115, 595.3455073781, 593.1991056606, 594.7708300469, 592.623745809, -22.83735219779, -23.8202888214, -23.12709035814, -24.2480807438, -22.69848412467, -123.6235362888, -130.9400070268, -122.9631340225, -122.0551365097, -124.3228617904, -123.4198935835, 41.79141574808, 41.41594048545, 41.79761175441, 41.78251891886, 41.69210832128, 41.67601277416
19.625, -0.4904798418969, 0, 6, 0.05774427307932, 3.591970657161, 3.591972483768, 4.585377649526, 5.82747886469, 2.634118978843, 2.429055699173, 290.9148227763, 291.4800693058, 291.010399917, 291.6190476865, -22.10264617481, 100.0242875581, 100, 100.0260331894, 595.7065684217, 612.9928266675, 595.9889089259, 593.8464269297, 595.4083927069, 593.2652069384, -23.08351606408, -24.06615223215, -23.37290624167, -24.4938851373, -22.94428435749, -123.8924884089, -131.283246356, -123.2332383238, -122.3160304244, -124.590500965, -123.6783209892, 41.79645428202, 41.42101703453, 41.80257390415, 41.78740114563, 41.6972787317, 41.68113438901
19.65, -0.4893834528722, 0, 6, 0.05609187984575, 3.584640206275, 3.584641926311, 4.577829462723, 5.818312626186, 2.627481546831, 2.420571516121, 291.2873581914, 291.8536340828, 291.3794477679, 291.9897258257, -22.10490557258, 100.0235390381, 100, 100.0253208148, 596.3459534245, 613.6003537512, 596.6311297888, 594.4926007529, 596.044792802, 593.90553934, -23.3293229497, -24.31194071118, -23.61838294792, -24.7395548348, -23.18977871191, -124.1641982684, -131.6290026013, -123.5061132467, -122.5797257405, -124.8608888051, -123.9395273241, 41.8015127959, 41.42610613311, 41.80754499045, 41.79231390376, 41.70244702778, 41.68627558934
19.675, -0.4882697013045, 0, 6, 0.0549316390598, 3.577729689436, 3.577731335863, 4.570471805657, 5.809289598955, 2.621423596148, 2.412659317099, 291.6598888456, 292.2271942129, 291.7484946851, 292.360401021, -22.11057659236, 100.0228079301, 100, 100.0246230711, 596.9841548293, 614.2064239813, 597.2721608549, 595.1376184054, 596.6800203536, 594.5447333571, -23.57481070368, -24.5576186983, -23.86352854972, -24.98505429555, -23.43504495541, -124.4386548452, -131.9772756882, -123.7817485666, -122.8462104131, -125.1340146931, -124.2035003309, 41.80658731665, 41.43120141261, 41.81252003941, 41.79725244025, 41.70760773814, 41.69143109494
19.7, -0.4871888488317, 0, 6, 0.0542976537419, 3.571270702278, 3.571272308009, 4.563370480703, 5.800484241179, 2.615942814656, 2.405470665837, 292.0324151984, 292.6007505356, 292.117540248, 292.7310738782, -22.11936709953, 100.0221002732, 100, 100.0239418511, 597.6211630253, 614.8110204209, 597.9119932885, 595.781472019, 597.3140650103, 595.1827795507, -23.82004911975, -24.80321525849, -24.10838875145, -25.2304190273, -23.68017383499, -124.7158478949, -132.3280756631, -124.0601347664, -123.1154720391, -125.4098683912, -124.4702270685, 41.81167214107, 41.43629648831, 41.8174942681, 41.802209796, 41.7127556426, 41.69659369571
19.725, -0.4860314091519, 0, 6, 0.05417504051437, 3.565272138987, 3.565273734782, 4.556627973234, 5.79201484565, 2.611204684619, 2.399067108833, 292.4049378632, 292.9743038962, 292.4865839665, 293.101744711, -22.13096088426, 100.0214306767, 100, 100.023290304, 598.256968678, 615.414124842, 598.5506185083, 596.4241540124, 597.9469164083, 595.8196686604, -24.0651144014, -25.04887406031, -24.3530336553, -25.47578803918, -23.92523852689, -124.9957676524, -132.6814148413, -124.3412623643, -123.3874984872, -125.6884397513, -124.7396947548, 41.81676031114, 41.44138470724, 41.82246023222, 41.80717857196, 41.71788318279, 41.7017561825
19.75, -0.4846934701938, 0, 6, 0.05463190822404, 3.559759235913, 3.559760856221, 4.550094217606, 5.783995655832, 2.607610569493, 2.393452462004, 292.7774570987, 293.3478547777, 292.8556255093, 293.4724138468, -22.14532339523, 100.0208298377, 100, 100.0227011389, 598.8915629089, 616.015727587, 599.1880285004, 597.0656560303, 598.578565794, 596.4553919553, -24.3100215565, -25.29471539911, -24.5974966447, -25.72122179361, -24.17023878144, -125.2784025589, -133.0372860714, -124.6251190853, -123.6622782737, -125.9697169347, -125.0118917346, 41.82184289736, 41.44645576473, 41.82739800954, 41.81215268792, 41.72296862341, 41.70691227101
19.775, -0.4832640229059, 0, 6, 0.0559949289016, 3.554829834055, 3.55483153386, 4.543481975564, 5.776509715376, 2.605447826606, 2.388652063017, 293.1499723888, 293.7214029727, 293.2246650405, 293.8430819218, -22.16301550796, 100.0203278839, 100, 100.0222065849, 599.5249371365, 616.61583569, 599.8242156888, 597.7059681826, 599.2090071311, 597.0899414006, -24.5546746871, -25.54067504739, -24.84172940852, -25.96655219317, -24.41506956869, -125.5637370462, -133.3956461614, -124.9116889321, -123.939800551, -126.2536854522, -125.286807875, 41.82690714966, 41.45149030946, 41.83227693827, 41.81712855967, 41.72797696569, 41.71205663287
19.8, -0.4817229627438, 0, 6, 0.05885808184155, 3.550603501149, 3.550605376988, 4.536655022002, 5.769387371716, 2.604814056808, 2.384619612015, 293.5224827483, 294.0949477849, 293.5937032451, 294.213749803, -22.18473174532, 100.0199491564, 100, 100.0218323719, 600.1570825013, 617.2144685263, 600.4591726625, 598.345079547, 599.8382360435, 597.7233092873, -24.79890200356, -25.78661815869, -25.08562412281, -26.21158300467, -24.65957248155, -125.8517527416, -133.7564272018, -125.2009542897, -124.2200547444, -126.5403295141, -125.5644340046, 41.8319363919, 41.45645963973, 41.83706322989, 41.82210309886, 41.73287332617, 41.7171842165
19.825, -0.4798837732549, 0, 6, 0.06391366146182, 3.547162966827, 3.547165176606, 4.529646102479, 5.762055970315, 2.605650767436, 2.381283477452, 293.8949873237, 294.4684888158, 293.9627409736, 294.5844192402, -22.21112540041, 100.0197154029, 100, 100.02159798, 600.7879900508, 617.8116453793, 601.0928924626, 598.9829799765, 600.4662482784, 598.3554882635, -25.04254464882, -26.03243638364, -25.32903054153, -26.4561947706, -24.90367418166, -126.1424307772, -134.1195644805, -125.4928979981, -124.5030287599, -126.8296331895, -125.844759557, 41.83691024443, 41.46132933842, 41.84172390111, 41.82706497207, 41.73762551775, 41.7222826197
19.85, -0.4777795883941, 0, 6, 0.07167394085569, 3.544600023229, 3.544602800188, 4.522631102842, 5.754255747262, 2.607859819946, 2.379086548737, 294.2674860957, 294.8420266562, 294.3317787079, 294.9550930662, -22.24246884725, 100.0196448292, 100, 100.0215100368, 601.417651971, 618.4073701607, 601.7253692984, 599.6196626122, 601.0930384175, 598.9864719127, -25.28556048412, -26.27813917472, -25.57183545424, -26.70041486776, -25.14748537374, -126.4357534123, -134.4850286305, -125.7875046741, -124.7887070143, -127.1215808835, -126.1277694183, 41.84180295025, 41.46606327667, 41.84622829851, 41.83198891855, 41.74220279661, 41.72732351958
19.875, -0.4756141909887, 0, 6, 0.08233149363624, 3.543015979394, 3.54301964195, 4.515845681761, 5.746147327894, 2.611354891783, 2.378612712985, 294.6399800712, 295.2155628324, 294.700816332, 295.3257735351, -22.27856786552, 100.0197513317, 100, 100.0215694495, 602.0460620941, 619.00162693, 602.3565985626, 600.2551243863, 601.718599568, 599.6162548436, -25.5280465751, -26.52384149685, -25.81405379232, -26.94439085189, -25.39120270522, -126.731704943, -134.852833073, -126.0847610167, -125.0770710825, -127.416157684, -126.4134442937, 41.84658280446, 41.47062588323, 41.8505475836, 41.83683972274, 41.74657543394, 41.73226963737
19.9, -0.473806603977, 0, 6, 0.09581972523459, 3.542415344011, 3.542420304088, 4.509325833611, 5.738097781218, 2.615794336407, 2.380101843512, 295.0124709158, 295.5890992742, 295.0698532995, 295.6964614912, -22.31890594293, 100.0200308009, 100, 100.021763974, 602.6732150022, 619.5943852595, 602.9865759896, 600.8893645731, 602.342923575, 600.2448320884, -25.77019360566, -26.76961452154, -26.05584123381, -27.18825214663, -25.63501954077, -127.0302724136, -135.2230204893, -126.3846558753, -125.3681018855, -127.7133500129, -126.7017632937, 41.85121406185, 41.47498277818, 41.8546549222, 41.84157837861, 41.75071728876, 41.73708339243
19.925, -0.4727621166748, 0, 6, 0.1118519177881, 3.542605506819, 3.542612265921, 4.503190607843, 5.730438182721, 2.620378889202, 2.383330677122, 295.3849608723, 295.9626380077, 295.4388887846, 296.0671563302, -22.36263755099, 100.0204482473, 100, 100.0220549597, 603.2991043149, 620.1855997605, 603.6152959786, 601.5223834337, 602.9659996988, 600.8721978126, -26.0122785269, -27.01548457443, -26.2974991479, -27.43217263898, -25.87914462034, -127.3314480291, -135.5956618292, -126.6871833782, -125.6617819452, -128.0131481398, -126.9927061761, 41.85566124108, 41.47910424143, 41.858539124, 41.84616646112, 41.754620406, 41.74173108287
19.95, -0.4724976755244, 0, 6, 0.1298284667684, 3.543199936636, 3.543209044474, 4.497813917607, 5.723369125721, 2.624316723919, 2.387740805071, 295.7574530152, 296.336181247, 295.8079215108, 296.437856298, -22.40844878975, 100.0209608121, 100, 100.0224019057, 603.923721851, 620.7752052899, 604.2427508185, 602.1541814423, 603.5878131209, 601.4983443214, -26.25468350282, -27.2616864757, -26.53945968914, -27.67658951814, -26.12385632373, -127.635231764, -135.9708642391, -126.9923448044, -125.9580969525, -128.3155481234, -127.2862547424, 41.85989490696, 41.48297287844, 41.86220682483, 41.85056783902, 41.75829645187, 41.74618314197
19.975, -0.4729979801802, 0, 6, 0.1488582678898, 3.543769309625, 3.543781285069, 4.493382556332, 5.717167506459, 2.627065046209, 2.392794627729, 296.1299507654, 296.709731235, 296.1769497851, 296.8085592032, -22.45486759705, 100.0215290866, 100, 100.0227715509, 604.5470580876, 621.3631237318, 604.8689308667, 602.7847580142, 604.2083460635, 602.1232621058, -26.49784526686, -27.50853689404, -26.78220389153, -27.92196554224, -26.36947850555, -127.9416298617, -136.3487555537, -127.3001459591, -126.2570364685, -128.6205505882, -127.5823939751, 41.86389411973, 41.48658569159, 41.86567007719, 41.85475062574, 41.76176106453, 41.75041272219
20, -0.4744748239106, 0, 6, 0.1679503361131, 3.543986691999, 3.544001937246, 4.489870804213, 5.712687427183, 2.628384406767, 2.398173434893, 296.5024571514, 297.0832894198, 296.5459718859, 297.1792619761, -22.50055100104, 100.0221166025, 100, 100.0231363887, 605.16910226, 621.9492795926, 605.4938243133, 603.4141092943, 604.8275796913, 602.7469397617, -26.74215180167, -27.75631493169, -27.02621195636, -28.16864438744, -26.61623358801, -128.2506516202, -136.7294522569, -127.6105944505, -126.5585955621, -128.9281590661, -127.8811144763, 41.86764655328, 41.48995036004, 41.8689409784, 41.85869618004, 41.76502747486, 41.75440252855
20.025, -0.4768589268303, 0, 6, 0.1863582685291, 3.54365178964, 3.543670558128, 4.4871427226, 5.710423080073, 2.628253553064, 2.403161785727, 296.874973886, 297.4568555252, 296.9149867223, 297.5499602112, -22.54473202925, 100.0226932803, 100, 100.0234854378, 605.7898412164, 622.5336213603, 606.117416335, 604.0422248686, 605.4454959226, 603.3693632302, -26.98780686817, -28.00513882694, -27.27187364695, -28.41674693664, -26.86409239556, -128.5623065758, -137.1130181076, -127.9236976391, -126.8627771904, -129.2383790721, -128.1824163361, 41.87115028471, 41.49308004094, 41.87203012111, 41.86240827596, 41.76810643167, 41.7581558564
20.05, -0.4798154963965, 0, 6, 0.2037781576914, 3.542693516884, 3.542715952078, 4.48505021985, 5.710231333096, 2.626793696396, 2.406980383351, 297.2475010475, 297.830427836, 297.2839941763, 297.9206501247, -22.58735330217, 100.0232354927, 100, 100.0238158002, 606.4092588046, 623.1161287979, 606.7396891179, 604.6690870513, 606.0620779481, 603.9905157034, -27.23479501619, -28.25496877182, -27.51934153038, -28.66619593483, -27.11287184963, -128.8766029527, -137.4994527142, -128.2394618649, -127.1695910452, -129.5512174516, -128.4863087293, 41.87441424639, 41.49598980587, 41.8749464975, 41.86590590239, 41.77100680851, 41.76168997815
20.075, -0.4829085756516, 0, 6, 0.2202672062722, 3.54120928132, 3.541235483184, 4.483559347025, 5.711603525132, 2.62431303388, 2.409276699833, 297.6200375613, 298.2040040655, 297.6529948825, 298.2913298521, -22.62883752983, 100.0237305384, 100, 100.0241278934, 607.027336754, 623.6968036942, 607.3606229121, 605.2946731949, 606.6773097084, 604.6103784733, -27.48295458899, -28.50571162037, -27.76851964348, -28.91683366526, -27.36237549977, -129.193547277, -137.8887127433, -128.5578926242, -127.4790502499, -129.8666816983, -128.7928060119, 41.87745530491, 41.49869539341, 41.87769820528, 41.86921280795, 41.77373572246, 41.76502490326
20.1, -0.4857551769101, 0, 6, 0.2360623012682, 3.539480752599, 3.539510832305, 4.482731210579, 5.713993468646, 2.621361949648, 2.410255283911, 297.9925818618, 298.5775821265, 298.0219898022, 298.6619993855, -22.66979701895, 100.0241808852, 100, 100.0244286114, 607.6440562461, 624.2756573758, 607.9801975287, 605.9189587802, 607.2911755664, 605.2289322127, -27.73206778868, -28.75729793866, -28.01914158046, -29.16849483072, -27.61245786585, -129.5131441748, -138.2807381254, -128.8789942773, -127.7911680515, -130.1847788351, -129.1019235095, 41.88029355102, 41.50121219291, 41.88029030204, 41.87235018415, 41.77629540122, 41.76817645815
20.125, -0.4881901734399, 0, 6, 0.2514565094606, 3.537921700745, 3.537955816475, 4.482614825024, 5.717016613565, 2.618563917513, 2.410518679511, 298.3651323105, 298.9511604729, 298.3909799385, 299.0326598231, -22.71079332919, 100.0245969802, 100, 100.0247260277, 608.2593990833, 624.8527024794, 608.598393454, 606.5419197723, 607.9036603812, 605.8461580562, -27.98191967469, -29.00963633463, -28.27086484025, -29.42097621283, -27.86302321831, -129.8353961131, -138.6754686244, -129.2027696125, -128.1059555436, -130.5055144038, -129.4136746308, 41.88294750586, 41.50355293848, 41.88272370492, 41.8753330874, 41.77868259702, 41.77115452476
20.15, -0.4901727871926, 0, 6, 0.2667241233173, 3.536952762648, 3.536991136436, 4.483268194308, 5.720450862701, 2.616469390419, 2.410753250974, 298.7376875368, 299.3247381572, 298.7599661722, 299.403312485, -22.75224221311, 100.02499156, 100, 100.0250266822, 608.8733479655, 625.4279471515, 609.2151923021, 607.1635339982, 608.5147492464, 606.4620380624, -28.2323362901, -29.26264502242, -28.52336368085, -29.67410351728, -28.11401170649, -130.1603040506, -139.0728547562, -129.5292202597, -128.4234207967, -130.8288923662, -129.7280695505, 41.88543130902, 41.50572636854, 41.88499698942, 41.87817006312, 41.78089294976, 41.77396458024
20.175, -0.491666876059, 0, 6, 0.2820753077044, 3.536875352466, 3.536918269645, 4.484697852436, 5.724034347724, 2.615456005568, 2.411453635834, 299.1102466128, 299.6983148596, 299.1289491608, 299.7739585809, -22.79438576553, 100.0253776023, 100, 100.0253369973, 609.4858863769, 626.0013917105, 609.8305769511, 607.7837817779, 609.1244272517, 607.0765553655, -28.48320418576, -29.51626887929, -28.77637999707, -29.9277615929, -28.36540650115, -130.487868345, -139.4728634273, -129.8583470806, -128.7435686683, -131.1549152476, -130.0451147585, 41.88775385645, 41.50773723344, 41.88710702081, 41.88086290687, 41.7829228846, 41.77660837111
20.2, -0.4927447573683, 0, 6, 0.297609532153, 3.5378224287, 3.537870215921, 4.486827006807, 5.727648105063, 2.615702998915, 2.413005968831, 299.482809165, 300.071890884, 299.4979292456, 300.1445992887, -22.83723736746, 100.025765903, 100, 100.0256602777, 610.0969986345, 626.5730258703, 610.4445316191, 608.4026463512, 609.7326793178, 607.6896943304, -28.73448503147, -29.77049486852, -29.02974323663, -30.18190718831, -28.61725462301, -130.8180893198, -139.8754821594, -130.1901504671, -129.0664006658, -131.4835842135, -130.3648126737, 41.88991848487, 41.50958690495, 41.88904949451, 41.88340585968, 41.78476950795, 41.77908251451
20.225, -0.4935613685118, 0, 6, 0.3133093540173, 3.539773040794, 3.539826032187, 4.489513693672, 5.731342211149, 2.617215917113, 2.415636471377, 299.8553753137, 300.4454668821, 299.8669064556, 300.5152353883, -22.88061770017, 100.0261642205, 100, 100.025997831, 610.7066698649, 627.1428300304, 611.0570416406, 609.0201134801, 610.3394902984, 608.3014404334, -28.98620344783, -30.02533894685, -29.2833906446, -30.4365493136, -28.8696314547, -131.1509673414, -140.2807156693, -130.5246304099, -129.391915783, -131.8148992118, -130.6871624243, 41.89192346381, 41.51127399949, 41.89081958318, 41.88578905497, 41.78643019581, 41.78138072163
20.25, -0.4942844436461, 0, 6, 0.3290951074045, 3.542591672293, 3.542650184785, 4.492578452329, 5.735239124573, 2.619860963266, 2.419348004359, 300.2279454314, 300.8190435122, 300.2358806418, 300.8858670887, -22.9242664916, 100.0265763851, 100, 100.0263500888, 611.3148856868, 627.7107803726, 611.668092994, 609.636170305, 610.9448452371, 608.9117798559, -29.23841198686, -30.28081707212, -29.53734682011, -30.69171309455, -29.12259836921, -131.4865025916, -140.6885758255, -130.861786403, -129.7201117985, -132.1488592365, -131.0121614306, 41.89376353621, 41.51279482364, 41.89241222972, 41.88800234705, 41.78790228921, 41.78349678909
20.275, -0.49510440701, 0, 6, 0.344887949663, 3.54607526059, 3.546139587148, 4.495822299727, 5.739443582084, 2.62332972946, 2.423956051266, 300.6005198958, 301.1926212047, 300.6048516386, 301.2564941583, -22.96793744153, 100.026998701, 100, 100.0267122703, 611.9216317415, 628.2768532907, 612.2776717079, 610.2508042034, 611.5487294064, 609.5206989678, -29.49116166546, -30.53689315189, -29.79168596656, -30.94738747543, -29.37618729093, -131.8246949826, -141.0990733575, -131.2016176723, -130.0509863897, -132.4854628567, -131.3398068218, 41.89543182808, 41.51414402249, 41.89382354348, 41.8900376862, 41.78918451893, 41.78542619362
20.3, -0.4961109628945, 0, 6, 0.360616273229, 3.54998982535, 3.550060230741, 4.499170690684, 5.743996555175, 2.627239796214, 2.429169760462, 300.9730991004, 301.5662001633, 300.9738193039, 301.6271161016, -23.01150711313, 100.0274214872, 100, 100.0270747082, 612.5268931922, 628.8410248888, 612.885763284, 610.8640022142, 612.1511276943, 610.1281837932, -29.74450207996, -30.79354377938, -30.04650791453, -31.20360175968, -29.63041881364, -132.1655448587, -141.5122186669, -131.5441242385, -130.3845378283, -132.8247091578, -131.6700961873, 41.8969219626, 41.51531657829, 41.89505423419, 41.8918895816, 41.79028050954, 41.7871663098
20.325, -0.4973008830142, 0, 6, 0.37618671584, 3.554119850032, 3.554196555986, 4.502644307828, 5.748887597226, 2.631265431785, 2.434702159092, 301.3456834787, 301.9397804704, 301.3427834617, 301.9977323526, -23.05475132321, 100.0278342004, 100, 100.0274277834, 613.1306546754, 629.4032697383, 613.4923525546, 611.4757508269, 612.7520242871, 610.7342197889, -29.99848656409, -31.05078598601, -30.30191760727, -31.46042779459, -29.88531984558, -132.5090534163, -141.9280239445, -131.8893071408, -130.7207652221, -133.166598082, -132.003027824, 41.89822965128, 41.51631000962, 41.89610855109, 41.89355470172, 41.79119659335, 41.78871558798
20.35, -0.4986865411907, 0, 6, 0.3914773174491, 3.558318278429, 3.558401445243, 4.50628724129, 5.75417303751, 2.63519356991, 2.440403682963, 301.7182734325, 302.3133621477, 301.7117438947, 302.3683423769, -23.09734894079, 100.028226793, 100, 100.0277623021, 613.7329005011, 629.9635615083, 614.0974237581, 612.0860358551, 613.3514028099, 611.3387918645, -30.25316807672, -31.30864454918, -30.55800883724, -31.71792745105, -30.1409208252, -132.8552224247, -142.3465019902, -132.2371680149, -131.0596685041, -133.5111302561, -132.3386007976, 41.89935305845, 41.51712489485, 41.8969920682, 41.89503176033, 41.79193918615, 41.79007303677
20.375, -0.500264714237, 0, 6, 0.4063679922472, 3.562509985325, 3.562599705294, 4.510210382806, 5.759986380688, 2.63891607374, 2.446171403534, 302.0908692746, 302.6869450358, 302.080700397, 302.7389453753, -23.13903114676, 100.0285912, 100, 100.028071434, 614.3336146455, 630.5218760684, 614.7009605741, 612.6948420193, 613.949246606, 611.9418842938, -30.50858114879, -31.56723312195, -30.81485999704, -31.9761858003, -30.397216939, -133.2040538196, -142.767660921, -132.5877086701, -131.4012487456, -133.8583067794, -132.6768155055, 41.90029287355, 41.51776432756, 41.89771073622, 41.89632313144, 41.79251442246, 41.79124083287
20.4, -0.5019928509787, 0, 6, 0.4207947216764, 3.566666483138, 3.566762799278, 4.514392458612, 5.766341126494, 2.642398367924, 2.45183498896, 302.4634708975, 303.0605286957, 302.4496529354, 303.1095404375, -23.17965811796, 100.0289213066, 100, 100.028351688, 614.9327806038, 631.0781955501, 615.3029459308, 613.3021524831, 614.5455392075, 612.5434806355, -30.76472015773, -31.8264399579, -31.0725095274, -32.23512909664, -30.65415808487, -133.5555492614, -143.1914975915, -132.9409305056, -131.7455082751, -134.2081290451, -133.0176741063, 41.9010525983, 41.51823309434, 41.89827034868, 41.897435107, 41.79292831417, 41.792225162
20.425, -0.5037779470581, 0, 6, 0.4347601999953, 3.570787245451, 3.570890180079, 4.518826171385, 5.773136966562, 2.645654938268, 2.457256989906, 302.8360779774, 303.4341125343, 302.8186016297, 303.4801269282, -23.21919435102, 100.0292129424, 100, 100.02860118, 615.5303813311, 631.6325073237, 615.9033622901, 613.9079491456, 615.1402641487, 613.1435638302, -31.0215477085, -32.08620591878, -31.33094414179, -32.49471258698, -30.91168383547, -133.9097101329, -143.6179998747, -133.296834649, -132.0924501625, -134.5605985988, -133.3611799605, 41.90163820136, 41.51853710664, 41.89867639452, 41.89837570359, 41.79318678322, 41.79303405227
20.45, -0.5054369818528, 0, 6, 0.4483084256168, 3.574901140246, 3.575010716832, 4.523566450093, 5.780231898362, 2.648846112723, 2.46240196407, 303.2086901019, 303.8076959631, 303.187546664, 303.8507046111, -23.25765963825, 100.0294692078, 100, 100.0288248878, 616.1263995656, 632.1848016544, 616.5021920123, 614.5122132903, 615.7334050073, 613.7421165409, -31.27901022248, -32.3465478863, -31.59010812124, -32.75493601333, -31.16974357223, -134.2665373884, -144.0471510192, -133.6554217877, -132.442077509, -134.9157167727, -133.7073367372, 41.90205715312, 41.51868295197, 41.89893327838, 41.89915293871, 41.79329412125, 41.79367539387
20.475, -0.506849449222, 0, 6, 0.4615359731081, 3.579089273224, 3.579205548012, 4.52856393726, 5.787508088407, 2.652252027677, 2.467362905739, 303.5813066715, 304.1812783983, 303.5564882878, 304.2212736672, -23.29516891783, 100.0297015899, 100, 100.0290369077, 616.7208185277, 632.7350739935, 617.0994180404, 615.1149259656, 616.3249462618, 614.3391217239, -31.53702865197, -32.60746617828, -31.84990232362, -33.01574335925, -31.42827984671, -134.626030393, -144.4789262612, -134.0166907177, -132.7943927657, -135.2734835915, -134.0561478024, 41.90231667931, 41.51867592875, 41.89903927208, 41.89977424993, 41.79324752264, 41.79415584549
20.5, -0.5079994079598, 0, 6, 0.4746353001889, 3.583472481689, 3.583595601551, 4.533676675988, 5.794886189713, 2.656145829491, 2.472308469405, 303.9539268222, 304.5548591771, 303.9254269138, 304.5918345878, -23.33205187315, 100.0299228272, 100, 100.0292515263, 617.3136221822, 633.2833273575, 617.6950241597, 615.7160682163, 616.9148738245, 614.9345629619, -31.79548927187, -32.8688898372, -32.11019047676, -33.27699991355, -31.68720980291, -134.988186043, -144.9132894412, -134.3806378767, -133.1493972801, -135.6338972614, -134.4076158511, 41.9024218708, 41.51851727321, 41.89898730043, 41.90024629288, 41.79303898126, 41.79448097476
20.525, -0.5088783720887, 0, 6, 0.4878843333126, 3.588159588344, 3.58828984852, 4.538806797132, 5.802211192533, 2.660659437521, 2.477338637012, 304.3265495677, 304.9284375774, 304.2943631185, 304.9623880071, -23.36877791365, 100.0301447371, 100, 100.0294811887, 617.9047951007, 633.8295702083, 618.288994916, 616.3156214692, 617.5031747603, 615.5284245101, -32.0542573092, -33.13071716322, -32.37082065135, -33.53855923779, -31.94643344788, -135.3529991843, -145.3501969481, -134.747258076, -133.5070910806, -135.996954476, -134.7617425638, 41.90237511465, 41.51820378134, 41.89876882885, 41.90057424502, 41.79265993627, 41.79465553641
20.55, -0.5094243229324, 0, 6, 0.5015758561692, 3.593214831939, 3.593352700407, 4.543912569636, 5.809157215656, 2.665815928059, 2.48252138817, 304.6991740846, 305.302013129, 304.663297491, 305.3329349624, -23.40576395043, 100.0303768375, 100, 100.0297351671, 618.4943223616, 634.3738087912, 618.881315657, 616.9135685127, 618.0898364936, 616.1206914517, -32.31321973688, -33.39287036557, -32.63164238349, -33.80032371383, -32.20589940302, -135.720463724, -145.7896101945, -135.1165455497, -133.8674722124, -136.3626509019, -135.1185274808, 41.90217593574, 41.5177290694, 41.89837534681, 41.90075824869, 41.79210266326, 41.79467994725
20.575, -0.5096881601188, 0, 6, 0.5159034454064, 3.598662425625, 3.59880850504, 4.548988612601, 5.815585371565, 2.671592449551, 2.488090256225, 305.0718000468, 305.6755859063, 305.0322303724, 305.7034767347, -23.44321132481, 100.0306258608, 100, 100.0300168742, 619.0821898418, 634.9160381689, 619.471972709, 617.5098946803, 618.6748461265, 616.7113500303, -32.57233252771, -33.65533382488, -32.89254946322, -34.06227706953, -32.46564017235, -136.0905735993, -146.2315093868, -135.4884947532, -134.2305361324, -136.7309814486, -135.4779667969, 41.9018202746, 41.51708516624, 41.89779893299, 41.90079122177, 41.79136010729, 41.79454788494
20.6, -0.5097995109929, 0, 6, 0.5309182994299, 3.604479532783, 3.604634489972, 4.554026685025, 5.82156206942, 2.677914890189, 2.494258717058, 305.4444276589, 306.049156418, 305.4011617731, 306.0740141877, -23.48109363739, 100.0308958622, 100, 100.0303264899, 619.668384247, 635.4562411228, 620.0609532463, 618.1045877704, 619.2581903359, 617.3003875597, -32.8316225224, -33.91813668572, -33.15351965169, -34.32445925426, -32.72572840891, -136.4633232216, -146.675894286, -135.8631005071, -134.5962763367, -137.1019404887, -135.8400538633, 41.90130057173, 41.51626346906, 41.89703206193, 41.90066167539, 41.79042578236, 41.79424937548
20.625, -0.5099556061483, 0, 6, 0.5465679567709, 3.610578854925, 3.610743360954, 4.558947840624, 5.827243771763, 2.684586022019, 2.501071116283, 305.8170574371, 306.422725331, 305.7700914806, 306.4445475198, -23.51924695463, 100.0311852625, 100, 100.0306595518, 620.2528926859, 635.9943926562, 620.6482448204, 618.6976370151, 619.839855508, 617.8877919411, -33.09115895858, -34.1812885353, -33.4146086428, -34.58690257712, -32.98623516334, -136.8387075959, -147.1227762954, -136.2403579581, -134.9646855027, -137.4755222152, -136.2047806143, 41.90060693963, 41.51525512214, 41.89606781145, 41.90035701784, 41.78929450941, 41.79377423476
20.65, -0.5103096047261, 0, 6, 0.5627348648285, 3.616797763522, 3.616972446867, 4.563702275266, 5.832766800249, 2.691282885788, 2.508368596699, 306.1896900892, 306.7962932824, 306.139019171, 306.8150763388, -23.5573476662, 100.0314855214, 100, 100.0310050327, 620.8357019381, 636.5304625646, 621.2338346033, 619.2890320491, 620.4198273597, 618.4735509749, -33.35103566908, -34.4447977635, -33.67593047043, -34.84966545251, -33.24722339919, -137.2167228615, -147.5721738895, -136.6202633707, -135.3357565603, -137.8517214576, -136.5721388473, 41.89972911349, 41.51405218018, 41.89490346187, 41.89986560303, 41.78796604453, 41.79311406158
20.675, -0.5108903144145, 0, 6, 0.5792396697075, 3.622925554347, 3.62311094961, 4.568308050672, 5.838203069196, 2.697694140188, 2.515867698225, 306.5623264669, 307.1698608392, 306.5079444272, 307.1855999008, -23.59486512727, 100.0317867431, 100, 100.0313520377, 621.4167980817, 637.064416404, 621.8177089912, 619.8787621985, 620.9980906209, 619.0576518835, -33.61136234206, -34.70871827883, -33.937633082, -35.11286089009, -33.50875802831, -137.5973667381, -148.0241107515, -137.0028144416, -135.7094833911, -138.2305341578, -136.9421210286, 41.89865850744, 41.51264960814, 41.89354056663, 41.89917777029, 41.78644425571, 41.79226238566
20.7, -0.5117067369907, 0, 6, 0.5958613908769, 3.62876917122, 3.62896567704, 4.572768312164, 5.843630063203, 2.703590352562, 2.52331923958, 306.9349673895, 307.543428456, 306.8768667899, 307.5561174033, -23.63139525181, 100.0320798399, 100, 100.0316917108, 621.9961666509, 637.5962187566, 622.3998536327, 620.4668159377, 621.5746293619, 619.6400812021, -33.87224627908, -34.97310469315, -34.19986397377, -35.37658504016, -33.77090184977, -137.9806380048, -148.4786106398, -137.388009626, -136.085861054, -138.6119571378, -137.3147207417, 41.89738909475, 41.51104577901, 41.89198214791, 41.89828635187, 41.78473345998, 41.79121401289
20.725, -0.5128027402499, 0, 6, 0.61238433286, 3.634196988651, 3.634404855405, 4.577072185751, 5.84924334464, 2.708843802869, 2.530557008523, 307.3076134702, 307.9169963157, 307.245785862, 307.9266279024, -23.66662206529, 100.0323571862, 100, 100.0320169158, 622.5737927473, 638.1258380954, 622.9802534314, 621.0531802686, 622.1494274404, 620.2208246444, -34.13376707656, -35.23800050053, -34.46275263255, -35.64090205663, -34.03368002965, -138.3665357382, -148.9356901992, -137.7758475112, -136.4648861179, -138.9959878229, -137.6899333307, 41.8959175852, 41.5092417185, 41.89023154871, 41.89718855261, 41.7828373128, 41.7899667488
20.75, -0.5141321750285, 0, 6, 0.6286706263345, 3.639140403603, 3.639359773122, 4.581207391421, 5.855113131354, 2.713408036349, 2.537345036657, 307.6802649168, 308.2905641719, 307.6147014603, 308.2971303335, -23.70040685736, 100.0326136494, 100, 100.0323247626, 623.1496608642, 638.6532524089, 623.5588924419, 621.6378399957, 622.7224688952, 620.7998668511, -34.39594867469, -35.50340549039, -34.72638451923, -35.90581664746, -34.29705452058, -138.7550587083, -149.3953510891, -138.1663263474, -136.8465569909, -139.3826241134, -138.0677566356, 41.89424383466, 41.50724004586, 41.88829197918, 41.8958872798, 41.78075894646, 41.7885232673
20.775, -0.5155871055497, 0, 6, 0.644686908382, 3.643591292955, 3.643822265867, 4.58517611429, 5.861159654343, 2.717301174473, 2.543488694521, 308.0529215232, 308.6641314522, 307.9836136621, 308.6676239517, -23.73278879842, 100.0328461859, 100, 100.0326148388, 623.7237548805, 639.1784495831, 624.1357540004, 622.2207778826, 623.2937380024, 621.3771914943, -34.65876053113, -35.76928623174, -34.99077386288, -36.17128952837, -34.56095674998, -139.1462051093, -149.857580163, -138.5594439445, -137.2308733886, -139.7718642215, -138.4481905423, 41.89237069819, 41.5050442865, 41.88616646985, 41.89438879784, 41.77850113165, 41.78688892762
20.8, -0.5170155296958, 0, 6, 0.660471816755, 3.6476016607, 3.647844350826, 4.589030831334, 5.867237732095, 2.720638683162, 2.548934168603, 308.4255828456, 309.0376974779, 308.3525227171, 309.0381085049, -23.76390973327, 100.0330556627, 100, 100.0328900096, 624.2960583615, 639.701423413, 624.7108210967, 622.8019755327, 623.8632191626, 621.9527817006, -34.92214133264, -36.03561753505, -35.25587109484, -36.43727946498, -34.82532147345, -139.5399725546, -150.3223559231, -138.9551977281, -137.6178354376, -140.1637064048, -138.8312358363, 41.89030306565, 41.502658567, 41.88385768445, 41.89270000856, 41.77606597666, 41.78506919634
20.825, -0.5182929064936, 0, 6, 0.6761031466597, 3.651278362468, 3.651532933697, 4.592804510543, 5.873216320624, 2.723637281485, 2.553778246578, 308.7982483263, 309.4112616058, 308.7214289497, 309.4085841621, -23.79394556487, 100.0332476589, 100, 100.0331579087, 624.8665550862, 640.2221711044, 625.2840769653, 623.381414254, 624.4308971505, 622.5266206097, -35.18601467608, -36.30239050422, -35.52158042013, -36.70374314042, -35.09009315925, -139.9363577812, -150.7896525261, -139.3535842362, -138.0074428526, -140.5581483656, -139.2168931994, 41.88804637354, 41.50008679084, 41.88136555285, 41.89082672331, 41.7734525029, 41.78306826244
20.85, -0.5193870014669, 0, 6, 0.6916946505369, 3.65475836273, 3.655025065955, 4.5964689157, 5.879011429142, 2.726510253041, 2.558206536993, 309.1709173153, 309.7848232495, 309.0903327429, 309.7790513409, -23.82304661819, 100.0334287552, 100, 100.0334263567, 625.435229365, 640.7406927028, 625.8555054262, 623.959075616, 624.9967574321, 623.0986917798, -35.45029462454, -36.56956086314, -35.78778192882, -36.97059345653, -35.35521730538, -140.3353562855, -151.2594408328, -139.7545987915, -138.3996944356, -140.9551868376, -139.6051626051, 41.88560503237, 41.49733112066, 41.87868694944, 41.88877321622, 41.77065676088, 41.78088892543
20.875, -0.5202868690031, 0, 6, 0.7073859983483, 3.658161656762, 3.658440858996, 4.599992356884, 5.884537818122, 2.7294122314, 2.562384319808, 309.5435891773, 310.1583819047, 309.459234514, 310.1495104981, -23.85146906138, 100.0336052016, 100, 100.0337021231, 626.0020659597, 641.256989097, 626.4250908942, 624.5349418403, 625.5607860182, 623.6689793101, -35.71489667978, -36.83706927663, -36.05435679958, -37.23773886058, -35.62064032805, -140.7369625809, -151.7316913494, -140.1582358767, -138.7945879072, -141.3548176753, -139.9960429952, 41.88298168078, 41.49439141638, 41.87581753532, 41.88654203796, 41.76767434243, 41.7785331146
20.9, -0.5209580492774, 0, 6, 0.7233148962402, 3.661556207454, 3.661848397865, 4.603340740104, 5.889623485658, 2.732418513048, 2.566397770662, 309.9162634174, 310.531937243, 309.8281346461, 310.5199621544, -23.87943690122, 100.0337822706, 100, 100.033990979, 626.5670499894, 641.7710588386, 626.9928183905, 625.1089962249, 626.122969183, 624.237467955, -35.97975375385, -37.10487217848, -36.3211985689, -37.50511844116, -35.88633062737, -141.1411706786, -152.2063786275, -140.5644895425, -139.1921196782, -141.7570359971, -140.3895318628, 41.88017701263, 41.4912656124, 41.87275258614, 41.88413273027, 41.76450126199, 41.77600096296
20.925, -0.5214286606085, 0, 6, 0.7395692076362, 3.66495503146, 3.665260786864, 4.606471821446, 5.89417463999, 2.735536439495, 2.57036849089, 310.2889398102, 310.9054892173, 310.1970333865, 310.8904069132, -23.90706318705, 100.0339630901, 100, 100.0342954413, 627.1301670361, 642.2828940993, 627.5586736087, 625.6812236693, 626.6832932059, 624.8041433284, -36.24483556579, -37.37295510668, -36.58823071875, -37.7727119969, -36.15229970353, -141.5479744915, -152.6834865743, -140.9733537302, -139.5922846084, -142.1618362534, -140.785624709, 41.87718948363, 41.4879503923, 41.86948736257, 41.88154083877, 41.76113389902, 41.77328930274
20.95, -0.521774394357, 0, 6, 0.7561664280941, 3.668322682656, 3.668642610933, 4.609330606096, 5.898203171733, 2.738721010712, 2.574392244933, 310.6616184119, 311.2790380047, 310.5659308068, 311.2608451765, -23.93434576337, 100.0341491777, 100, 100.034615923, 627.6914031731, 642.7924801918, 628.122642832, 626.251610598, 627.2417443236, 625.3689918465, -36.51014898647, -37.64132593387, -36.85542597155, -38.04052993054, -36.41858123519, -141.957368007, -153.1630086352, -141.3848223537, -139.9950763432, -142.5692123286, -141.1843153, 41.87401538104, 41.4844416762, 41.86601722745, 41.87875947831, 41.75756887439, 41.77039298725
20.975, -0.522155940443, 0, 6, 0.7730732217289, 3.671579769841, 3.671914463147, 4.6118014843, 5.901769951374, 2.741807615202, 2.578468843892, 311.0342994288, 311.652583864, 310.9348268631, 311.6312770159, -23.96121348133, 100.0343374389, 100, 100.0349477834, 628.2507447511, 643.2997981257, 628.6847126168, 626.8201443554, 627.7983087645, 625.9320004055, -36.77572332055, -37.90995529049, -37.12280281858, -38.30855560875, -36.68520787118, -142.3693453208, -153.6449438905, -141.7988893503, -140.4004879276, -142.9791577971, -141.5855964356, 41.87064950468, 41.48073490751, 41.86233831788, 41.87578124955, 41.75380364983, 41.76730668957
21, -0.5227338459298, 0, 6, 0.7902039599634, 3.674597978798, 3.674947959012, 4.613843975617, 5.904926956754, 2.74446328759, 2.582482789489, 311.4069832515, 312.0261271024, 311.3037214223, 312.001702146, -23.98752171203, 100.0345166818, 100, 100.0352755654, 628.8081777249, 643.8048229765, 629.2448690157, 627.3868127319, 628.3529719751, 626.4931558186, -37.04161524418, -38.17881576928, -37.3904269721, -38.57680720372, -36.95222060995, -142.7839014608, -154.1292988608, -142.2155499262, -140.8085124567, -143.3916668726, -141.9894605248, 41.86708660625, 41.47682651903, 41.85845259612, 41.87259928266, 41.74984199171, 41.7640259572
21.025, -0.5235170056781, 0, 6, 0.8073712829039, 3.677203664834, 3.677569278062, 4.615548277596, 5.907695805628, 2.746382587504, 2.586233733274, 311.7796705857, 312.3996681758, 311.6726141657, 312.3721199531, -24.01306499086, 100.0346745094, 100, 100.0355825112, 629.3636871623, 644.3075199362, 629.8030971261, 627.951603722, 628.9057177931, 627.0524443679, -37.30792350326, -38.44796051365, -37.65841108571, -38.84540324034, -37.21969044971, -143.2010335194, -154.6160922811, -142.6348013673, -141.2191435837, -143.8067351279, -142.3958999361, 41.86332337831, 41.47271692349, 41.85436840277, 41.86920741584, 41.74569457726, 41.76054734281
21.05, -0.5245049721739, 0, 6, 0.824284914197, 3.679227719449, 3.679609023285, 4.616967122904, 5.91015187653, 2.747359655648, 2.589549634307, 312.1523622916, 312.7732076504, 312.0415045705, 312.7425297005, -24.03724984772, 100.0348000739, 100, 100.0358546846, 629.9172575142, 644.8078473419, 630.3593812836, 628.5145050626, 629.4565288484, 627.6098517457, -37.5747723929, -38.71747600934, -37.92688960705, -39.11447643168, -37.48770895394, -143.6207402725, -155.1053505835, -143.0566421372, -141.6323757308, -144.224359117, -142.8049074145, 41.85935926505, 41.46841136816, 41.8500960864, 41.86560084418, 41.74137329245, 41.75686800511
21.075, -0.5257885808477, 0, 6, 0.840615047932, 3.680550860861, 3.680947566961, 4.618095248902, 5.912601427498, 2.747301703177, 2.592371781368, 312.5250591006, 313.1467459379, 312.4103920551, 313.1129304148, -24.059454371, 100.0348847257, 100, 100.036080329, 630.4688728698, 645.3057648236, 630.9137051438, 629.0755032976, 630.0053873633, 628.1653628529, -37.84227223087, -38.98742196098, -38.19600180455, -39.38410581906, -37.75633220007, -144.0430210962, -155.5970970396, -143.4810708348, -142.0482046173, -144.6445359437, -143.2164770714, 41.85519651268, 41.46391872072, 41.84564607643, 41.86177932389, 41.73688914531, 41.75298828471
21.1, -0.5273393005501, 0, 6, 0.8561143117212, 3.681097943587, 3.681509476197, 4.61888846382, 5.915193869518, 2.746189352488, 2.594450446852, 312.8977612594, 313.5202829465, 312.7792762836, 313.4833207959, -24.07927415125, 100.0349239598, 100, 100.0362544622, 631.0185167098, 645.8012448118, 631.466051513, 629.6345823287, 630.5522759111, 628.7189612312, -38.11046535883, -39.25779418586, -38.4658509257, -39.65428772451, -38.02551853198, -144.4678749345, -156.0913372422, -143.9080853398, -142.4666280001, -145.0672630922, -143.6306059366, 41.85084088371, 41.45924971342, 41.84102827629, 41.8577502979, 41.73225239862, 41.74891596928
21.125, -0.5290279514239, 0, 6, 0.8706872082904, 3.680834130098, 3.681259763054, 4.619292163985, 5.917837402303, 2.744047234136, 2.595486665636, 313.2704684129, 313.8938180728, 313.1481572979, 313.8536998985, -24.09657431516, 100.0349161994, 100, 100.0363769197, 631.5661718068, 646.29427621, 632.0164024428, 630.1917232136, 631.0971776793, 629.2706290608, -38.37931254006, -39.52853276884, -38.73645061428, -39.92495117491, -38.29516769419, -144.8952997153, -156.5880553158, -144.3376825241, -142.8876452046, -145.4925382311, -144.0472937934, 41.84630187477, 41.4544157555, 41.83625204774, 41.85352639488, 41.72747277549, 41.74466372402
21.15, -0.5306162423314, 0, 6, 0.8843623482147, 3.679783805577, 3.680222789331, 4.619337778095, 5.920314732419, 2.741029091058, 2.595331508097, 313.6431798053, 314.2673504401, 313.5170354324, 314.2240674838, -24.11140520992, 100.0348655662, 100, 100.036453792, 632.1118206276, 646.7848595973, 632.5647396804, 630.7469052518, 631.6400763832, 629.8203477577, -38.64871987726, -39.79958185645, -39.00772470027, -40.19601881976, -38.56517323667, -145.3252922098, -157.0872209583, -144.769858347, -143.3112560429, -145.9203588612, -144.4665417625, 41.84159170719, 41.44942849503, 41.83132629564, 41.84912198609, 41.72255902373, 41.74024510323
21.175, -0.5317050137339, 0, 6, 0.8972672202443, 3.678066504703, 3.67851818334, 4.619105498939, 5.922416749401, 2.737692977905, 2.594072695293, 314.0158944232, 314.640879051, 313.8859111915, 314.5944240375, -24.12399837319, 100.0347937072, 100, 100.0365151616, 632.6554465825, 647.2730071949, 633.1110461038, 631.3001070946, 632.1809572764, 630.3680990207, -38.91854380378, -40.07099699794, -39.27951120427, -40.46747315584, -38.83542021441, -145.7578469208, -157.5887902969, -145.2046061745, -143.7374596355, -146.3507208298, -144.8883510669, 41.836723122, 41.44429814024, 41.82625167745, 41.84455104791, 41.71751011731, 41.73567199714
21.2, -0.532212173799, 0, 6, 0.9097329555032, 3.675927368216, 3.676391414923, 4.61833455653, 5.924006816146, 2.734655248165, 2.592016481545, 314.3886105741, 315.0144025536, 314.2547854228, 314.9647707805, -24.13509282247, 100.0347284077, 100, 100.036601317, 633.1970356241, 647.7587546955, 633.6553073062, 631.8513071261, 632.71980958, 630.9138659597, -39.18854533502, -40.3427083639, -39.55154146811, -40.73910628235, -39.10572505077, -146.1929531799, -158.0926921644, -145.6419137903, -144.1662532853, -146.7836162835, -145.3127225052, 41.83170535431, 41.43902732837, 41.82101255457, 41.83982679724, 41.71230714826, 41.73095405643
21.225, -0.5321924735129, 0, 6, 0.922355645431, 3.673652237988, 3.674128956833, 4.616751594479, 5.924945116606, 2.73234185715, 2.589494434858, 314.7613259725, 315.3879191885, 314.623659477, 315.3351093266, -24.14589839449, 100.0346940114, 100, 100.0367461035, 633.7365759552, 648.2421598286, 634.1975113233, 632.4004842006, 633.2566263688, 631.4576333638, -39.45840296324, -40.61446701526, -39.82347762301, -41.01055064413, -39.37583298325, -146.6305949647, -158.5988311362, -146.0817645737, -144.5976319582, -147.2190340549, -145.7396557587, 41.82654151585, 41.43360723348, 41.81558537694, 41.83496087092, 41.70692447384, 41.72609983277
21.25, -0.5314857233783, 0, 6, 0.9359000156709, 3.671449846046, 3.671940374994, 4.614240575405, 5.924602038383, 2.730921216338, 2.586550308635, 315.1340383585, 315.7614272074, 314.9925349713, 315.7054415937, -24.15768689243, 100.0347113594, 100, 100.0369791249, 634.2740571119, 648.7232864336, 634.737648099, 632.947619272, 633.7914027619, 631.9993878916, -39.72778715977, -40.88603339805, -40.09496105881, -41.2815083988, -39.64550961288, -147.07075317, -159.1071078281, -146.5241401157, -145.031587638, -147.6569607917, -146.1691478277, 41.82122854692, 41.42801941892, 41.8099454519, 41.82995866323, 41.70133752873, 41.72111405839
21.275, -0.5300372876084, 0, 6, 0.9510446472655, 3.669438946196, 3.669945202608, 4.610820512416, 5.922369947283, 2.730375395953, 2.583502285798, 315.5067463211, 316.1349257519, 315.3614132253, 316.075770298, -24.17137196615, 100.0347908185, 100, 100.037316117, 634.8094701139, 649.2021767692, 635.2757096532, 633.4926987531, 634.3241339319, 632.5391193637, -39.99648668182, -41.15729046919, -40.36567053853, -41.55185291508, -39.91471833735, -147.5134082188, -159.6174520616, -146.9690225417, -145.4681074624, -148.0973815035, -146.6011894037, 41.81575626369, 41.42224003316, 41.80406936559, 41.82480953132, 41.69552384389, 41.71598653406
21.3, -0.5280806666048, 0, 6, 0.9681451001901, 3.667666197039, 3.668190570864, 4.60658728293, 5.918228294292, 2.730590108566, 2.580985450251, 315.8794498428, 316.5084152308, 315.7302947523, 316.4460978107, -24.18724546734, 100.034934226, 100, 100.0377581891, 635.3428079189, 649.6788336287, 635.811690108, 634.0357163193, 634.854813977, 633.0768214178, -40.26448326773, -41.42827472669, -40.63545414743, -41.8216419099, -40.18360461816, -147.9585419425, -160.1298425496, -147.4163957321, -145.9071737952, -148.5402799227, -147.0357636416, 41.81010611625, 41.41624336526, 41.7979356671, 41.81948795584, 41.68946265211, 41.71069295146
21.325, -0.5260485969739, 0, 6, 0.9872280777018, 3.666066251122, 3.666611264483, 4.6015385946, 5.912551871712, 2.73127442362, 2.579432566982, 316.2521500327, 316.881896946, 316.0991792803, 316.8164250782, -24.20509386961, 100.035135221, 100, 100.0382962055, 635.8740648598, 650.1532268032, 636.3455849734, 634.5766711355, 635.3834359857, 633.6124904743, -40.53191259348, -41.69906482891, -40.90437069447, -42.09099435505, -40.45236991165, -148.4061381828, -160.6442970025, -147.8662451167, -146.3487664069, -148.9856391529, -147.4728487197, 41.80425262227, 41.41000337764, 41.7915238253, 41.81396144423, 41.68313495536, 41.7052038841
21.35, -0.5247886214452, 0, 6, 1.008083018561, 3.664383539344, 3.66495156391, 4.595412033516, 5.905783727729, 2.731375017768, 2.578770562902, 316.624848588, 317.2553725858, 316.4680660912, 317.1867514511, -24.22433757113, 100.0353575608, 100, 100.0388797316, 636.403234485, 650.6253012763, 636.877388698, 635.1155649062, 635.9099909643, 634.1461235626, -40.79901773221, -41.96948101905, -41.1726727702, -42.35985207152, -40.72121961479, -148.8561840935, -161.1608606421, -148.3185594944, -146.7928651537, -149.4334439878, -147.9124210982, 41.79816737594, 41.4034958276, 41.78482457434, 41.80819721711, 41.67653603878, 41.69949221118
21.375, -0.5246442695213, 0, 6, 1.03012997185, 3.662084781327, 3.662677553459, 4.588553483084, 5.898218401711, 2.729520313802, 2.578377246753, 316.9975485537, 317.6288444536, 316.8369538272, 317.5570746551, -24.24365320543, 100.0355479156, 100, 100.0394282532, 636.9303057904, 651.0949579875, 637.4070909476, 635.6524003258, 636.4344628604, 634.6777156341, -41.06621789148, -42.23970733653, -41.44084133681, -42.62867290181, -40.99046180149, -149.3086754924, -161.6796267201, -148.7733374299, -147.2394526346, -149.8836851937, -148.3544572192, 41.79182697804, 41.39670882829, 41.77786134567, 41.80216470892, 41.66969708047, 41.69353614142
21.4, -0.5255120025437, 0, 6, 1.052264639766, 3.658488258981, 3.659106173414, 4.581465109639, 5.890041100884, 2.724658141573, 2.577414604274, 317.3702541679, 318.0023156724, 317.2058401587, 317.9273913759, -24.26088663899, 100.0356580699, 100, 100.0398703949, 637.4552628351, 651.5620501194, 637.9346762547, 636.1871795774, 636.9568277423, 635.2072584554, -41.33411000775, -42.51011767629, -41.7095270271, -42.89809088239, -41.26054676062, -149.7636187146, -162.2007384761, -149.2305863286, -147.688515575, -150.3363599415, -148.7989349542, 41.78521980652, 41.38965279986, 41.77067719844, 41.79583687659, 41.66266761907, 41.68731751061
21.425, -0.5276165037288, 0, 6, 1.072992427306, 3.653025300145, 3.653666839619, 4.57433833288, 5.882204140037, 2.716242148584, 2.575545774387, 317.7429699025, 318.3757895874, 317.5747220714, 318.2976978317, -24.27364920055, 100.0356468466, 100, 100.0401440275, 637.9780867797, 652.0264109071, 638.4601254077, 636.7199015585, 637.4770570104, 635.7347403373, -41.60334238646, -42.78114327538, -41.97943639735, -43.16868002183, -41.53193877475, -150.2210267185, -162.7243555085, -149.6903175368, -148.1400456106, -150.7914694795, -149.2458360897, 41.7783469674, 41.3823588142, 41.76331875585, 41.78919647187, 41.65549641662, 41.68082358411
21.45, -0.5311982822007, 0, 6, 1.090866345014, 3.645327802405, 3.645989495676, 4.567095187841, 5.876060693888, 2.704149810104, 2.57222681005, 318.1156989097, 318.7492681544, 317.94359686, 318.6679887229, -24.28009500249, 100.0354916778, 100, 100.0402071201, 638.4987563195, 652.4879067037, 638.9834154104, 637.2505557196, 637.9951213769, 636.2601437676, -41.8743803968, -43.05305137655, -42.25124380378, -43.44074510145, -41.80476547442, -150.6809138859, -163.2505937653, -150.1525417004, -148.5940425946, -151.2490179029, -149.6951529065, 41.7712235429, 41.37487102888, 41.75583107762, 41.78225569024, 41.6482282963, 41.67406758363
21.475, -0.5358816911952, 0, 6, 1.10500961894, 3.635202439763, 3.635879513894, 4.559527847964, 5.871867045093, 2.688506041269, 2.566167402248, 318.488441633, 319.1227508701, 318.3124632787, 319.0382588764, -24.27958439454, 100.0351883694, 100, 100.0400488527, 639.0172468102, 652.9464828871, 639.5045191777, 637.779117099, 638.5109936061, 636.783443361, -42.14731516591, -43.32581645308, -42.52532444019, -43.71423107083, -42.07875214945, -151.1432917367, -163.7794768654, -150.6172657433, -149.0505154651, -151.7090116066, -150.1468922845, 41.76388164921, 41.3672391805, 41.74825644859, 41.77505894816, 41.64090521963, 41.66709311384
21.5, -0.5409142089682, 0, 6, 1.115225886123, 3.622695436593, 3.623382711126, 4.551579070201, 5.868982416264, 2.669714545344, 2.556347273091, 318.8611959717, 319.4962352231, 318.6813217358, 319.4085058734, -24.27259940712, 100.0347456232, 100, 100.0396792413, 639.53353104, 653.4021603028, 640.0234066832, 638.3055486051, 639.0246488545, 637.3046074665, -42.42189772714, -43.59926608497, -42.80160541007, -43.9888912376, -42.35346973336, -151.6081671589, -164.3109443467, -151.0844927335, -149.5094785155, -152.1714581326, -150.6010718168, 41.75636867542, 41.35951463334, 41.74063605167, 41.76766728366, 41.63356618545, 41.65995683616
21.525, -0.5447129709829, 0, 6, 1.121824901904, 3.608210348451, 3.608902993815, 4.543757114843, 5.866469758713, 2.649476635486, 2.542673457866, 319.2339583897, 319.8697177068, 319.0501737179, 319.778730629, -24.26040376804, 100.0342211436, 100, 100.0391795927, 640.0475826568, 653.8550141323, 640.5400489906, 638.8298069031, 639.5360658412, 637.8236022317, -42.69764931871, -43.87360182508, -43.07960754187, -44.26473888503, -42.62848505547, -152.0755408431, -164.8448787998, -151.5542198684, -149.9709465228, -152.6363627663, -151.0577133823, 41.74874032927, 41.3517469997, 41.73299595598, 41.76014475967, 41.62623108213, 41.65271312915
21.55, -0.5463696181542, 0, 6, 1.125776000815, 3.592670806851, 3.593365328639, 4.535610406185, 5.863583353164, 2.630368202539, 2.526124502325, 319.6067231039, 320.2431936707, 319.4190218812, 320.1489373315, -24.24549163857, 100.0337115202, 100, 100.0387043383, 640.5593836471, 654.3052026042, 641.0544262501, 639.3518463714, 640.0452355588, 638.3403970584, -42.97376882273, -44.14874152657, -43.35841598053, -44.54123026403, -42.90320338458, -152.5453983747, -165.3810783242, -152.0264270454, -150.4349295382, -153.1037206476, -151.5168393182, 41.74104629825, 41.34396676609, 41.72530467395, 41.75255302801, 41.61885539275, 41.64540725155
21.575, -0.5459830364043, 0, 6, 1.129023774493, 3.577347098377, 3.578042646658, 4.526112928178, 5.859831884803, 2.614503256745, 2.508255767028, 319.9794818452, 320.6166568503, 319.7878707024, 320.5191324598, -24.23177571811, 100.033304563, 100, 100.0383946043, 641.0689265147, 654.7529788464, 641.5665296453, 639.8716225718, 640.5521648049, 638.8549676328, -43.24911380172, -44.42393965249, -43.63676966973, -44.81711950129, -43.17676712644, -153.0177051627, -165.9192481056, -152.5010761454, -150.9014293465, -153.5735148934, -151.978469182, 41.73331567278, 41.3361642627, 41.71748783568, 41.74494750642, 41.61135212612, 41.63807704267
21.6, -0.5432711716398, 0, 6, 1.134287092952, 3.563348444592, 3.564047739781, 4.514735135439, 5.853655816889, 2.603071220998, 2.489896409528, 320.3522257881, 320.9901003388, 320.1567260042, 320.889323129, -24.22365944328, 100.0330753879, 100, 100.0383680288, 641.5762104307, 655.1986390746, 642.0763585424, 640.3890976337, 641.0568706739, 639.3672967352, -43.52242910809, -44.69819257814, -43.91329873673, -45.09109236971, -43.4482467483, -153.4924129443, -166.4590593031, -152.9781203954, -151.3704379593, -154.0457202731, -152.4426151432, 41.72555353293, 41.32829009916, 41.70946028775, 41.73736697478, 41.60363164929, 41.63075264718
21.625, -0.5376780722402, 0, 6, 1.144305802024, 3.551377604326, 3.552086912259, 4.50142762279, 5.842361563025, 2.596387618586, 2.471801891044, 320.7249483862, 321.3635192963, 320.5255932113, 321.2595182744, -24.22468209019, 100.0330684411, 100, 100.0387099107, 642.0812394878, 655.6424254081, 642.5839196789, 640.9042510927, 641.5593730612, 639.8773783842, -43.79276014667, -44.97081481941, -44.18668806775, -45.36235247927, -43.71725377054, -153.9694695557, -167.000251918, -153.4575134256, -151.8419324245, -154.5203053681, -152.9092708964, 41.71773959817, 41.32026893736, 41.70113790282, 41.7297998958, 41.59561255017, 41.62342252465
21.65, -0.5298100734211, 0, 6, 1.160819916435, 3.541796586805, 3.54252454457, 4.486515094397, 5.825246459587, 2.594235866275, 2.456317744866, 321.0976480569, 321.7369134102, 320.8944751121, 321.6297266449, -24.23617919098, 100.0332850538, 100, 100.0394381408, 642.584024189, 656.0844300916, 643.0892273659, 641.4170903726, 642.0596889036, 640.3852225783, -44.05984157533, -45.24178156947, -44.45612764807, -45.63090432739, -43.98420046389, -154.4488272875, -167.5427301942, -153.9392157207, -152.3158723861, -154.9972332863, -153.3784024592, 41.70982236405, 41.31201428664, 41.6924440714, 41.7221718834, 41.5872211154, 41.61601550147
21.675, -0.5210673264146, 0, 6, 1.184261986257, 3.534520114524, 3.535276215265, 4.47030660727, 5.803404359389, 2.595549245076, 2.44551353824, 321.4703280395, 322.1102865586, 321.2633712793, 321.9999526512, -24.25732012232, 100.0336959858, 100, 100.0405230642, 643.0845801688, 656.5245941708, 643.5923016304, 641.9276474218, 642.5578308494, 640.8908527992, -44.32406908987, -45.51150467619, -44.72160473238, -45.89722262312, -44.24987350287, -154.9304466932, -168.086556088, -154.4231948305, -152.7922065665, -155.4764639996, -153.8499541328, 41.70172106954, 41.30343664829, 41.68330463688, 41.71437092057, 41.57839489802, 41.60842999594
21.7, -0.5137135729642, 0, 6, 1.214091287452, 3.528599204163, 3.529392546717, 4.451649894398, 5.778377634946, 2.597616599029, 2.43952138432, 321.8429941713, 322.4836448444, 321.6322792817, 322.3701954371, -24.28588662362, 100.0342171134, 100, 100.0418549302, 643.5829218605, 656.9627588011, 644.0931625245, 642.4359667739, 643.0538062272, 641.3942981967, -44.58625033208, -45.7798738584, -44.98384576675, -46.16151322593, -44.51508188124, -155.4142991316, -168.6318897135, -154.9094255202, -153.2708822276, -155.957959854, -154.3238613037, 41.69333767227, 41.29444856813, 41.67365341424, 41.70627522478, 41.56910584485, 41.60056674116
21.725, -0.5094811374557, 0, 6, 1.248862419205, 3.522064346356, 3.522902232309, 4.430178021397, 5.751236646245, 2.59609476974, 2.436269151184, 322.2156550455, 322.8569956121, 322.0011951403, 322.7404495243, -24.31823580233, 100.0347131115, 100, 100.0432249696, 644.0790522785, 657.398662673, 644.5918183123, 642.9420955057, 643.5476074313, 641.8955841855, -44.84757473508, -46.04703974005, -45.24426218437, -46.42463512152, -44.78071250946, -155.9003754936, -169.1789869601, -155.3979037727, -153.7518540843, -156.4416950377, -154.800059654, 41.68457843837, 41.28498476286, 41.66350499195, 41.6977719417, 41.55940048765, 41.59234571843
21.75, -0.5084282754696, 0, 6, 1.285872655246, 3.512479448031, 3.513365318751, 4.406896871581, 5.722315904364, 2.587255234547, 2.432927466523, 322.5883225724, 323.2303477959, 322.3701126165, 323.1107061066, -24.3489597226, 100.0350626606, 100, 100.0444353335, 644.5729589458, 657.8319196112, 645.0882611254, 643.4460772625, 644.0392048374, 642.3947266752, -45.10966138574, -46.31404083207, -45.50478220531, -46.68840898821, -45.04792574388, -156.3886933311, -169.7282174192, -155.8886507698, -154.235089459, -156.9276606626, -155.2784899949, 41.67537772578, 41.27503322026, 41.65294912481, 41.68876443117, 41.54938701995, 41.58370268291
21.775, -0.5106721399507, 0, 6, 1.321360771452, 3.497628528981, 3.498560017801, 4.382281287417, 5.692678670086, 2.568721328443, 2.42713442213, 322.9610096394, 323.6037111262, 322.7390236212, 323.4809542135, -24.37191664192, 100.0351693292, 100, 100.045323371, 645.0646182322, 658.2620764788, 645.5824705796, 643.9479456213, 644.5285531147, 642.891730173, -45.37430660548, -46.58198933496, -45.76744086371, -46.95445311991, -45.31791608399, -156.8792904244, -170.280002226, -156.3817011896, -154.720569012, -157.4158607399, -155.7591043711, 41.66570649929, 41.26463994781, 41.64209493768, 41.67917599987, 41.53918089676, 41.57459416903
21.8, -0.5170856188338, 0, 6, 1.351403106118, 3.475810282649, 3.476778526501, 4.355948800055, 5.665899692249, 2.53934836371, 2.416981092969, 323.3337267673, 323.9770927726, 323.1079201658, 323.8511802381, -24.38185950911, 100.0349726535, 100, 100.0457484046, 645.5539984372, 658.6887356143, 646.0744154972, 644.447711315, 645.0156010386, 643.3865830682, -45.64297989917, -46.85176512776, -46.03424904208, -47.22385814038, -45.59128982816, -157.3722125454, -170.8346917337, -156.8770914063, -155.2082925506, -157.9063083429, -156.2418781772, 41.65557425429, 41.25389292279, 41.63104816514, 41.66899543945, 41.52888936394, 41.56502780933
21.825, -0.5270942459124, 0, 6, 1.373279070118, 3.446053335235, 3.447044606796, 4.327239360485, 5.643463745892, 2.498972822416, 2.399075228476, 323.7064779535, 324.3504939236, 323.4767974119, 324.2213698074, -24.37641043405, 100.0344735724, 100, 100.0456507467, 646.0410598297, 659.1116999753, 646.5640531274, 644.9453464999, 645.5003001451, 643.8792504521, -45.91624506022, -47.12356616737, -46.3066431512, -47.49681743995, -45.86757981816, -157.8675001845, -171.3924279392, -157.3748500151, -155.6982838178, -158.399024276, -156.7268239739, 41.6450367444, 41.24290238255, 41.61990867455, 41.65830935882, 41.51861176287, 41.55508961134
21.85, -0.5390635996042, 0, 6, 1.386069176918, 3.408345594619, 3.40934434513, 4.296033572007, 5.624359258563, 2.448317573145, 2.370524890746, 324.0792598549, 324.7239100111, 323.845654956, 324.5915148351, -24.35634909519, 100.0337001687, 100, 100.0450249635, 646.5257561957, 659.5309989645, 647.0513308687, 645.4407861446, 645.9826071744, 644.3696762263, -46.1936969163, -47.3971330062, -46.5848620716, -47.77291876361, -46.14575247156, -158.3651817252, -171.9531292719, -157.8749961465, -156.1905828872, -158.8940346703, -157.2139863821, 41.63419498661, 41.23178789913, 41.60877831032, 41.64726340939, 41.50843916982, 41.54490856634
21.875, -0.5505362282355, 0, 6, 1.390232000233, 3.363776364533, 3.364767955485, 4.263507873654, 5.606425850361, 2.389639362401, 2.33072753382, 324.4520642958, 325.0973332843, 324.2144957673, 324.9616160054, -24.32449638871, 100.0327135612, 100, 100.0439295117, 647.0080397913, 659.9468122622, 647.536191611, 645.9339432473, 646.4624832852, 644.8577927207, -46.47431490044, -47.67215604675, -46.86800669828, -48.0515648467, -46.42477487593, -158.8652732002, -172.5165736741, -158.3775411849, -156.6852350113, -159.3913668658, -157.7034257471, 41.62318068995, 41.22067241126, 41.59775935842, 41.63601851801, 41.49844876983, 41.53461515327
21.9, -0.5591277987592, 0, 6, 1.387059395112, 3.314480756206, 3.315453327539, 4.230735049486, 5.587651330226, 2.327179816338, 2.281604518108, 324.8248803572, 325.4707550552, 324.5833247423, 325.3316809175, -24.28694414078, 100.0316236403, 100, 100.0425388339, 647.4878711021, 660.3594182871, 648.0185857664, 646.4247249347, 646.93989973, 645.343532694, -46.7567161804, -47.94837303419, -47.15442490748, -48.33192014981, -46.70370054344, -159.3677750252, -173.0824545389, -158.8824805507, -157.1822807779, -159.8910405153, -158.1952039213, 41.61213254282, 41.20966945207, 41.58690127856, 41.62473087969, 41.48865997098, 41.52431989265
21.925, -0.5642330751914, 0, 6, 1.378657453877, 3.263269163141, 3.26421510691, 4.197205150026, 5.566622876132, 2.265243119504, 2.226635872705, 325.1976949225, 325.8441660785, 324.9521483778, 325.7017210849, -24.25924206364, 100.0305317031, 100, 100.0410498897, 647.9652261372, 660.7691809041, 648.4984803259, 646.9130445275, 647.4148450699, 645.8268387462, -47.03925803174, -48.2249486205, -47.4419790672, -48.61242492181, -46.98148667649, -159.872665931, -173.6503977389, -159.3897875077, -157.6817472556, -160.3930611576, -158.6893749045, 41.60116909652, 41.19885622921, 41.57618237136, 41.61353359344, 41.47902787369, 41.51411261305
21.95, -0.5659318155427, 0, 6, 1.367793281416, 3.212769331805, 3.213685982892, 4.162564763553, 5.542478754034, 2.207077820113, 2.169137498894, 325.5704955446, 326.2175573359, 325.3209738568, 326.0717480758, -24.24156111502, 100.0295164443, 100, 100.0396193758, 648.4400925907, 661.1764799568, 648.9758568604, 647.3988314228, 647.887320698, 646.3076672497, -47.32033112008, -48.50128924791, -47.72846364429, -48.89196612162, -47.257094124, -160.3799083507, -174.2200290858, -159.8994243696, -158.1836442042, -160.8974221472, -159.1859771776, 41.59037522084, 41.18826281095, 41.56556172737, 41.60252195924, 41.46949700018, 41.50406906542
21.975, -0.5636817159044, 0, 6, 1.357382008739, 3.164763878839, 3.165653108575, 4.12695341073, 5.512968376787, 2.154502600512, 2.1108946765, 325.9432725402, 326.5909215943, 325.6898077724, 326.4417726256, -24.23023437861, 100.0286359936, 100, 100.0383846611, 648.9124649966, 661.5816284163, 649.4507081443, 647.8820389822, 648.3573347355, 646.7859909696, -47.59868180191, -48.77643962021, -48.01189540581, -49.16930968287, -47.52989971458, -160.8894581582, -174.791050034, -160.411351631, -158.6879626232, -161.4041075602, -159.6850266935, 41.57980046336, 41.17788058174, 41.55499954662, 41.59173739693, 41.46002035445, 41.49423465917
22, -0.5578707716111, 0, 6, 1.349560340545, 3.120143802085, 3.121010393042, 4.090421167958, 5.47664634108, 2.108127101753, 2.054656413277, 326.316021354, 326.964255842, 326.0586542713, 326.8118049573, -24.21942808724, 100.0278968927, 100, 100.0374068211, 649.3823453556, 661.9847847226, 649.9230385239, 648.3626539326, 648.8248970661, 647.2618040487, -47.87374782199, -49.0497553735, -48.2908784663, -49.44372002211, -47.8001575172, -161.4012728116, -175.3633130928, -160.9255332214, -159.194673156, -161.9130921284, -160.1865081803, 41.56945436622, 41.16767625426, 41.54445275019, 41.58115235339, 41.45055674069, 41.48459059537
22.025, -0.5498372994262, 0, 6, 1.345124430032, 3.078993837071, 3.079843363196, 4.052725731758, 5.434200772505, 2.067652075308, 2.00314085852, 326.6887429978, 327.337562239, 326.4275140772, 327.1818512366, -24.20093187146, 100.027273022, 100, 100.0366757319, 649.8497434928, 662.385933031, 650.3928623635, 648.8406955287, 649.2900174256, 647.7351211068, -48.14570557828, -49.32105928016, -48.56503582797, -49.71506636713, -48.06862444013, -161.91531572, -175.9368319544, -161.4419380744, -159.7037321933, -162.4243423859, -160.6903783818, 41.55930584965, 41.157602658, 41.53387588283, 41.57069711178, 41.44106941669, 41.47507511226
22.05, -0.5412035360119, 0, 6, 1.343786299799, 3.040607928769, 3.041445175122, 4.013234025177, 5.387174845636, 2.031837023948, 1.957398884956, 327.0614420701, 327.7108463461, 326.7963853219, 327.5519124959, -24.16503236746, 100.0267234404, 100, 100.0361431131, 650.3146740139, 662.7849454111, 650.8601998639, 649.3162033828, 649.7527059533, 648.2059697947, -48.41519110626, -49.59032305936, -48.83483152959, -49.98346811471, -48.33606828928, -162.4315562041, -176.5117185152, -161.9605386345, -160.2150900088, -162.9378199266, -161.196578781, 41.54929404317, 41.14760443237, 41.52322524835, 41.56028328567, 41.4315274579, 41.46561761652
22.075, -0.5336032258564, 0, 6, 1.344730868101, 3.003591791501, 3.004419989805, 3.971244073265, 5.337405563305, 1.998282509081, 1.916515373816, 327.4341245248, 328.0841147024, 327.1652650269, 327.9219858452, -24.10296143679, 100.0261935654, 100, 100.0357207296, 650.7771511058, 663.1816502177, 651.3250708906, 649.7892234897, 650.212972211, 648.6743816726, -48.68300467151, -49.85736682839, -49.10123096969, -50.24902940554, -48.60306517544, -162.9499686805, -177.0881180405, -162.4813114486, -160.7286981313, -163.4534862707, -161.7050478562, 41.53934518629, 41.13762374375, 41.5124762379, 41.54982503424, 41.4219206483, 41.45615958438
22.1, -0.5277249657473, 0, 6, 1.346920149197, 2.966135547859, 2.966956065309, 3.926604107138, 5.286250386003, 1.964313109539, 1.878140204799, 327.8067965195, 328.4573731977, 327.5341500327, 328.2920663639, -24.02842017454, 100.0256384454, 100, 100.035322199, 651.2371840905, 663.5758740928, 651.7874900063, 650.2597969358, 650.6708222327, 649.1403842255, -48.94992199479, -50.12220975066, -49.36544807971, -50.51215457879, -48.86999068399, -163.4705336603, -177.6661709873, -163.00423843, -161.2445155283, -163.9713073484, -162.2157301032, 41.52939100859, 41.12761263144, 41.50163185736, 41.53925898887, 41.41226622989, 41.4466618151
22.125, -0.5236754120394, 0, 6, 1.349268093246, 2.926519224869, 2.927331589579, 3.879244701301, 5.234218093389, 1.927659523468, 1.839666929668, 328.1794634548, 328.8306262753, 327.9030373082, 328.6621493788, -23.94178071908, 100.0250306851, 100, 100.0348882495, 651.6947775418, 663.9674754675, 652.2474661521, 650.7279534519, 651.1262581275, 649.6039968924, -49.21655639626, -50.3857069451, -49.62864058685, -50.77405073746, -49.13705953067, -163.9932361415, -178.2459843947, -163.5293044284, -161.7625102955, -164.4912541947, -162.7285807072, 41.51938016184, 41.11754108775, 41.49070812088, 41.52854891239, 41.40258866099, 41.43709969022
22.15, -0.5216061225175, 0, 6, 1.350799380654, 2.883591473551, 2.884393720025, 3.829300069729, 5.182260339089, 1.886876769069, 1.799471027804, 328.5521286899, 329.2038765548, 328.2719246724, 329.0322311914, -23.83634079004, 100.0243525718, 100, 100.0343716164, 652.1499329353, 664.3563594452, 652.7050024672, 651.1937095684, 651.5792794523, 650.0652301048, -49.48330313048, -50.64810022013, -49.89172812082, -51.03517747452, -49.4043261902, -164.5180627851, -178.8276207331, -164.0564947553, -162.2826587548, -165.0133033361, -163.2435665069, 41.50928131506, 41.10739710685, 41.47972735332, 41.51768401852, 41.39290894938, 41.42746079261
22.175, -0.5212794296257, 0, 6, 1.350889080873, 2.836901014695, 2.837690354784, 3.777206332283, 5.131090950364, 1.841366295525, 1.756254123122, 328.9247931495, 329.5771243265, 328.6408113338, 329.4023084565, -23.70631873047, 100.0236074925, 100, 100.0337497795, 652.6026491898, 664.7425015533, 653.1600965044, 651.657066182, 652.0298845676, 650.5240838826, -49.75025229203, -50.90907386993, -50.15531291357, -51.29532060089, -49.67152077033, -165.0449993116, -179.4110799192, -164.5857935303, -162.8049457162, -165.5374365586, -163.7606682307, 41.49908468479, 41.09718341396, 41.46871593578, 41.5066860164, 41.38324530352, 41.41775623523
22.2, -0.5220087438552, 0, 6, 1.349418321804, 2.786617703859, 2.787391343089, 3.723626547932, 5.08061145977, 1.791227662995, 1.709065157007, 329.2974553956, 329.950367627, 329.0096981859, 329.7723793116, -23.54691517805, 100.0228142128, 100, 100.0330267867, 653.0529229837, 665.1259537849, 653.6127413725, 652.1180095097, 652.4780715294, 650.9805486246, -50.01717874102, -51.1680832518, -50.41953811676, -51.55395406361, -49.93815650789, -165.574029047, -179.9962972946, -165.1171829253, -163.329362094, -166.0636399529, -164.2798790071, 41.48880180481, 41.08691405507, 41.4577018932, 41.49559904221, 41.37361486302, 41.40801455942
22.225, -0.5229622751301, 0, 6, 1.346627182153, 2.733413003576, 2.73416871243, 3.669426401839, 5.030305238486, 1.737167601535, 1.657803095288, 329.6701124621, 330.32360314, 329.3785874868, 330.1424441022, -23.35395221089, 100.0219989527, 100, 100.0322219902, 653.5007502084, 665.5068179439, 654.0629278012, 652.5765168708, 652.9238383645, 651.4346089515, -50.28366004813, -51.42449091669, -50.6841130146, -51.8103972225, -50.20373706783, -166.1051332007, -180.5831688939, -165.6506436354, -163.8559010469, -166.5919021805, -164.8011988015, 41.47846041847, 41.07661220266, 41.4467142834, 41.48447311966, 41.36403420144, 41.39826755621
22.25, -0.523242090858, 0, 6, 1.342864889852, 2.678316549998, 2.67905287122, 3.615609770842, 4.979679324154, 1.680596525746, 1.603245932935, 330.0427608941, 330.6968271953, 329.7474821274, 330.5125049575, -23.12365823593, 100.0212002512, 100, 100.0313797428, 653.9461285326, 665.8852176284, 654.5106473934, 653.0325632806, 653.3671842387, 651.8862483996, -50.54919717863, -51.67778094295, -50.9484529498, -52.06401598013, -50.4678407721, -166.6382911207, -181.1715764853, -166.1861543426, -164.3845546496, -167.122211903, -165.324628967, 41.46809663641, 41.06630729161, 41.4357769947, 41.4733530645, 41.35451345724, 41.38854154074
22.275, -0.52237384363, 0, 6, 1.338511207163, 2.622544580938, 2.623260879333, 3.562753151655, 4.928500248726, 1.623198679316, 1.546734368108, 330.4153969245, 331.0700361295, 330.1163855239, 330.8825651322, -22.86222765801, 100.0204569573, 100, 100.030557393, 654.3890605815, 666.2612949925, 654.9558964545, 653.4861259175, 653.8081128358, 652.3354533581, -50.81324133415, -51.92733089999, -51.21179826351, -52.31398935619, -50.73006509227, -167.1734784903, -181.7613910101, -166.7236888032, -164.9153114078, -167.6545549132, -165.8501690747, 41.45774586772, 41.05602747078, 41.4248976195, 41.46227438704, 41.34504681101, 41.37885522363
22.3, -0.520289986797, 0, 6, 1.334003783702, 2.567233901779, 2.567930357156, 3.511064169785, 4.876758742401, 1.56643095051, 1.489640358075, 330.7880168866, 331.4432263251, 330.4853014518, 331.2526282491, -22.57600204115, 100.019802187, 100, 100.0298060487, 654.8295545214, 666.6352082024, 655.3986774447, 653.937186667, 654.2466336497, 652.7822150597, -51.07521342583, -52.17291901239, -51.47333109637, -52.55991528367, -50.98997425682, -167.710666637, -182.3524751453, -167.2632160492, -165.4481551755, -168.1889128357, -166.3778152539, 41.44743617428, 41.04579231963, 41.414072199, 41.45126245109, 41.33562083452, 41.3692224077
22.325, -0.5168944624607, 0, 6, 1.329814672427, 2.513197545162, 2.513875046042, 3.460564384468, 4.824160678899, 1.511303886217, 1.43280182589, 331.1606173353, 331.8163943902, 330.8542338961, 331.622697791, -22.26698247781, 100.0192639816, 100, 100.0291711694, 655.2676227126, 667.0071185735, 655.8389983079, 654.3857337161, 654.6827613818, 653.2265302475, -51.33455409399, -52.41430585041, -51.73226893997, -52.80143380767, -51.24713006699, -168.2498238845, -182.9446939374, -167.8047018323, -165.9830650867, -168.7252636609, -166.907559028, 41.43718618171, 41.0356111647, 41.40329153625, 41.44033152535, 41.32622253133, 41.35965320916
22.35, -0.5121576405091, 0, 6, 1.326323028316, 2.460879749716, 2.461539649531, 3.411173707243, 4.770284726546, 1.458380016762, 1.376843965559, 331.5331955167, 332.1895376112, 331.2231867127, 331.9927773378, -21.93691734156, 100.0188583341, 100, 100.0286861933, 655.7032812309, 667.3771696623, 656.2768721315, 654.831763858, 655.1165147462, 653.6684023931, -51.59080161442, -52.65113294508, -51.98791111948, -53.03812159819, -51.50122932419, -168.7909171271, -183.5379312098, -168.3481102649, -166.5200149449, -169.2635819029, -167.4393851465, 41.4270041795, 41.02548474643, 41.39254445651, 41.42947903794, 41.31684020216, 41.35014595806
22.375, -0.5063073742438, 0, 6, 1.32365762796, 2.410451024978, 2.411094790039, 3.362766903458, 4.715201736644, 1.407961533392, 1.322462628343, 331.9057498646, 332.5626541991, 331.5921631597, 332.362870016, -21.58715579937, 100.0185912378, 100, 100.0283666569, 656.1365504697, 667.7454752919, 656.712317199, 655.2752835965, 655.5479158049, 654.1078423943, -51.84363241844, -52.88325885699, -52.23973005246, -53.26982673868, -51.75210103342, -169.3339126882, -184.1320980065, -168.8934047514, -167.0589736564, -169.8038384024, -167.9732708823, 41.41688739982, 41.01540771401, 41.38181994817, 41.4186878448, 41.30746258659, 41.34068610874
22.4, -0.499574788718, 0, 6, 1.321712330188, 2.361910567141, 2.362539500424, 3.315592465449, 4.659346967977, 1.360129498583, 1.270106927298, 332.2782798149, 332.9357428852, 331.961165938, 332.7329779684, -21.21885412378, 100.0184659714, 100, 100.028218651, 656.5674557552, 668.1121352743, 657.1453570208, 655.7163068612, 655.9769907453, 654.5448673907, -52.0927968938, -53.11114546967, -52.48737419832, -53.49674650906, -51.99956301976, -169.8787756663, -184.727119057, -169.4405472468, -167.5999067657, -170.346000543, -168.5091884407, 41.40682394115, 41.00537027384, 41.37110790394, 41.40793546483, 41.29807853421, 41.33125386663
22.425, -0.492573892329, 0, 6, 1.320275220268, 2.315133219151, 2.315748342635, 3.269214484753, 4.603235006615, 1.314419476056, 1.219812536554, 332.6507843189, 333.3088023645, 332.3301978635, 333.1031024687, -20.83319041213, 100.0184754839, 100, 100.0282316498, 656.996026322, 668.4772521097, 657.576018432, 656.1548517818, 656.4037700051, 654.9794985355, -52.33805357474, -53.33414271392, -52.73061784491, -53.71849328557, -52.24335037852, -170.4254696204, -185.3229191732, -169.9894972123, -168.1427781128, -170.8900338067, -169.0471077105, 41.39679660668, 40.99535943983, 41.36040046821, 41.39720159062, 41.2886797747, 41.32183076564
22.45, -0.4855158150703, 0, 6, 1.319107310819, 2.26985768444, 2.270459698904, 3.223620876323, 4.547243700937, 1.270337186147, 1.17120551002, 333.023262673, 333.6818312779, 332.6992616949, 333.47324398, -20.43132260404, 100.0186087588, 100, 100.0283857045, 657.4222922165, 668.8409252331, 658.0043295029, 656.5909385195, 656.8282851487, 655.4117585845, -52.57918054702, -53.55192437358, -52.96933602759, -53.93487720258, -52.48316223965, -170.973958283, -185.9194275593, -170.5402146677, -168.6875513877, -171.4359032727, -169.5869977075, 41.38678758158, 40.98536212292, 41.34969685763, 41.38647058233, 41.27926606846, 41.31240316275
22.475, -0.4784141431443, 0, 6, 1.317950924292, 2.225791152647, 2.226380433076, 3.178979392083, 4.491599698674, 1.227413957372, 1.123769705423, 333.395714311, 334.0548281391, 333.0683600495, 333.8434025714, -20.01450618988, 100.0188562334, 100, 100.0286627299, 657.8462838938, 669.2032528418, 658.4303188572, 657.0245880405, 657.2505681495, 655.8416709151, -52.81596416189, -53.76430366066, -53.20344039905, -54.1458099755, -52.71869641829, -171.5242058338, -186.5165762019, -171.0926601966, -169.2341905303, -171.9835741703, -170.1288273601, 41.37678222682, 40.97536878538, 41.33900231429, 41.37573194363, 41.26984177453, 41.30296128345
22.5, -0.47128596183, 0, 6, 1.31654572001, 2.182744425464, 2.183321066208, 3.135502492568, 4.436601196488, 1.185349445658, 1.077175103322, 333.7681385841, 334.4277912853, 333.4374954349, 334.2135782503, -19.58404894458, 100.0192089567, 100, 100.0290460067, 658.268032884, 669.5643355529, 658.854015946, 657.455821701, 657.6706516485, 656.26925939, -53.0481850294, -53.97111402228, -53.43283343525, -54.35119822539, -52.94965876247, -172.0761762903, -187.1142969811, -171.6467942193, -169.7826595995, -172.5330117714, -170.6725657426, 41.3667705136, 40.96537458594, 41.32832457498, 41.36498055367, 41.26041120513, 41.29349775215
22.525, -0.4641467855199, 0, 6, 1.314683527636, 2.140690374399, 2.141254295764, 3.093447367438, 4.382667280308, 1.144043205793, 1.031235641654, 334.1405345929, 334.8007187588, 333.8066703319, 334.5837708644, -19.14135070425, 100.0196587167, 100, 100.0295189668, 658.6875720948, 669.9242821428, 659.2754511778, 657.8846606481, 658.0885693315, 656.6945480554, -53.275596797, -54.17218517534, -53.65739987537, -54.55091752895, -53.17571877234, -172.6298328122, -187.7125173565, -172.2025764659, -170.3329229456, -173.0841813407, -171.2181826479, 41.35674754264, 40.95537880413, 41.31767247311, 41.35421961025, 41.25097792298, 41.28401062942
22.55, -0.4568664809083, 0, 6, 1.312286294122, 2.099754055682, 2.100305167665, 3.053109815746, 4.330017293155, 1.1035843596, 0.9857718858813, 334.5129010382, 335.1736082334, 334.175887309, 334.9539802826, -18.68796367211, 100.0201996269, 100, 100.030070538, 659.104935727, 670.2832144649, 659.694655995, 658.3111254339, 658.5043562435, 657.1175609335, -53.49790924241, -54.3673252255, -53.87696800531, -54.74479680902, -53.39650410723, -173.1851371413, -188.3111568755, -172.7599656366, -170.8849450347, -173.6370480982, -171.7656488663, 41.34671408534, 40.94538380232, 41.3070552022, 41.34346049238, 41.24154504962, 41.27450451331
22.575, -0.4493950505703, 0, 6, 1.309402293176, 2.060212588213, 2.060750938305, 3.014569360069, 4.278734068218, 1.064421705765, 0.9407949629676, 334.8852361936, 335.5464570767, 334.5451490835, 335.3242067865, -18.2255976022, 100.0208192009, 100, 100.0306845786, 659.5201601084, 670.6412679841, 660.1116634813, 658.7352368903, 658.9180495522, 657.5383228725, -53.71478978851, -54.55626003661, -54.09127028216, -54.93266710482, -53.61163999802, -173.7420490664, -188.9101270362, -173.3189190709, -171.438689501, -174.1915765882, -172.3149353976, 41.33667592272, 40.93539443745, 41.29648441088, 41.33271846078, 41.23211355722, 41.26498668373
22.6, -0.4420350456567, 0, 6, 1.30604551372, 2.02267320305, 2.023199028564, 2.97910691276, 4.229066939126, 1.026526977692, 0.8968158891307, 335.2575384982, 335.9192628059, 334.9144581381, 335.6944507974, -17.75578761277, 100.0214831371, 100, 100.0313013221, 659.9332835051, 670.9985649464, 660.5265057751, 659.1570183929, 659.3296863987, 657.9568604992, -53.92596210074, -54.73856213373, -54.30001964008, -55.1140710608, -53.82084180444, -174.3005277537, -189.5093508934, -173.8793973148, -171.9941187879, -174.7477312139, -172.8660111458, 41.32664353104, 40.92542102544, 41.28600986216, 41.3220101161, 41.22268666808, 41.25546199975
22.625, -0.4335863334489, 0, 6, 1.30185828648, 1.987931841465, 1.988445319028, 2.948684428604, 4.181436677877, 0.9909992161648, 0.8546752719508, 335.6298078709, 336.2920241932, 335.2838161225, 336.0647120444, -17.27946855385, 100.0222084128, 100, 100.0319413078, 660.3443445623, 671.3551810527, 660.9392165387, 659.5764980024, 659.7393009726, 658.3732028676, -54.13131578185, -54.91478924369, -54.50302621595, -55.28952511322, -54.02400691597, -174.8605360297, -190.1087867943, -174.4413626709, -172.551194882, -175.3054774522, -173.418841546, 41.31663443894, 40.91548846792, 41.27566454502, 41.31135005229, 41.2133002892, 41.24593102417
22.65, -0.4237151452996, 0, 6, 1.296598037551, 1.956345045147, 1.956846281406, 2.922112964218, 4.136133892928, 0.9590562536807, 0.8145645590148, 336.0020432187, 336.6647400245, 335.653224507, 336.4349912742, -16.79782035025, 100.0230113805, 100, 100.0326642201, 660.7533859155, 671.7112217753, 661.349838542, 659.9937066073, 660.1469341214, 658.7873828991, -54.33064816092, -55.08515446095, -54.69999702586, -55.45905726642, -54.22085154822, -175.4220339513, -190.7083724891, -175.0047673072, -173.10987706, -175.8647767322, -173.9733916594, 41.30666397556, 40.90561703674, 41.26540656549, 41.3007459144, 41.2039442562, 41.23639845665
22.675, -0.4131571266028, 0, 6, 1.290763797036, 1.92802752261, 1.928517061725, 2.897677934056, 4.094604718006, 0.9313375247781, 0.7769772994152, 336.3742419918, 337.0374076773, 336.0226852199, 336.8052955599, -16.31262453348, 100.0238724235, 100, 100.0334720654, 661.160455597, 672.0668461466, 661.7584222282, 660.4086778198, 660.5526365543, 659.1994382692, -54.52359315574, -55.24946281597, -54.89065252387, -55.62220172414, -54.41117856661, -175.9849720708, -191.308008577, -175.5695554532, -173.6701219884, -176.4255850486, -174.5296251592, 41.29673595434, 40.8958004679, 41.25516966005, 41.29022227057, 41.19457374758, 41.22686939945
22.7, -0.4017214223954, 0, 6, 1.285854823794, 1.903229572327, 1.903709140971, 2.874521366337, 4.05567839313, 0.9080306809471, 0.7418341045072, 336.7464005437, 337.4100238034, 336.3922008647, 337.1756287153, -15.82626478721, 100.0248475624, 100, 100.0344526128, 661.5656054973, 672.4222633407, 662.1650221506, 660.8214460243, 660.9564665985, 659.6094090269, -54.70962727938, -55.40731095363, -55.07480434814, -55.77835679428, -54.59443029744, -176.5492906582, -191.9075622913, -176.1356673128, -174.2318847224, -176.9878553743, -175.0875065689, 41.28684739581, 40.88600554916, 41.24488970869, 41.279826055, 41.18513955035, 41.21737487599
22.725, -0.3888068352839, 0, 6, 1.283819739289, 1.881609638778, 1.882082255901, 2.851931274396, 4.016607803659, 0.8885091057967, 0.7082485729296, 337.1185158595, 337.7825855891, 336.7617740994, 337.5459935647, -15.34084628294, 100.0259504652, 100, 100.0356586277, 661.9688862346, 672.7776611418, 662.5696953781, 661.2320532859, 661.3584845933, 660.0173405094, -54.88832986729, -55.5583280056, -55.25177897742, -55.92707091231, -54.77034463356, -177.1149285528, -192.5069189275, -176.7030447725, -174.7951132522, -177.5515391536, -175.6469949154, 41.27698827329, 40.87618282296, 41.23450369239, 41.26955045167, 41.17560298879, 41.20793507461
22.75, -0.3746491911543, 0, 6, 1.285975376894, 1.862139485827, 1.862608781369, 2.828734774792, 3.975490917399, 0.8717388328075, 0.6763819822905, 337.4905878168, 338.1550925177, 337.131405854, 337.9163925666, -14.85719535905, 100.0271597801, 100, 100.0370811248, 662.3703484539, 673.1331234109, 662.9725019515, 661.6405583027, 661.7587489575, 660.4232889075, -55.05967351487, -55.70260076768, -55.42108791093, -56.06873221648, -54.93931623766, -177.6818308696, -193.1060383643, -177.2716356953, -175.3597496268, -178.1165853922, -176.2080362441, 41.26713223796, 40.86627912087, 41.22395235479, 41.25933693272, 41.16593881709, 41.1985274406
22.775, -0.360944691737, 0, 6, 1.29251163654, 1.843590719241, 1.844060072942, 2.804619479777, 3.931694125872, 0.8556721372294, 0.6465122995597, 337.8626188133, 338.5275464935, 337.5010947762, 338.2868256211, -14.37480995264, 100.0283877505, 100, 100.0385856213, 662.7700455651, 673.4886246917, 663.3735015318, 662.0470351365, 662.1573153127, 660.8273206044, -55.22403118091, -55.84113838275, -55.58274179318, -56.20412063789, -55.10202692281, -178.2499504942, -193.704955974, -177.8413984569, -175.9257332971, -178.6829411855, -176.7705655884, 41.25723728935, 40.85624834035, 41.21324168034, 41.24910097404, 41.15612880944, 41.1891022299
22.8, -0.3478348503619, 0, 6, 1.301991229632, 1.825148883665, 1.825620381383, 2.782230819513, 3.885757178921, 0.8378899287881, 0.6188126683855, 338.2346145645, 338.8999521537, 337.8708377865, 338.6572888747, -13.89156272245, 100.0295773807, 100, 100.0400408952, 663.1680305958, 673.8440047166, 663.7727469455, 662.4515677868, 662.5542298427, 661.2295066088, -55.38223693864, -55.97414470907, -55.73740540906, -56.3336484321, -55.25933709642, -178.8192540594, -194.3037977136, -178.4123052817, -176.4930068487, -179.2505587495, -177.3345108833, 41.24726367144, 40.84607956313, 41.2024577549, 41.23875832923, 41.14623755596, 41.1795968287
22.825, -0.3350073393327, 0, 6, 1.311776502297, 1.805668146841, 1.806141648059, 2.760864277818, 3.838011082352, 0.8176202448212, 0.5921712910848, 338.606581958, 339.2723157585, 338.2406305821, 339.027776375, -13.40490307001, 100.0307073356, 100, 100.0414154888, 663.5643543009, 674.1990593956, 664.1702920113, 662.8542399854, 662.9495332743, 661.6299167227, -55.53524807546, -56.10172646655, -55.88603919779, -56.45816359767, -55.41196751873, -179.3897202951, -194.9027155974, -178.9843269007, -177.061518012, -179.8193932331, -177.8998026807, 41.23718402473, 40.83579842459, 41.19162152095, 41.22823100651, 41.13632951697, 41.16996089503
22.85, -0.32356747475, 0, 6, 1.319419417894, 1.783757694715, 1.7842309143, 2.738330628436, 3.791741042256, 0.7942215799661, 0.5645229308651, 338.9785256932, 339.6446415972, 338.6104695141, 339.3982836379, -12.91351850466, 100.0317381991, 100, 100.042657915, 663.9590689594, 674.5536755019, 664.5661936014, 663.2551252608, 663.3432716606, 662.0286157013, -55.68368596802, -56.22429341557, -56.029638095, -56.57804934984, -55.56019363817, -179.9613256954, -195.5017953996, -179.5574261146, -177.6312194214, -180.3893993162, -178.4663814781, 41.22697769716, 40.8254333906, 41.18071608495, 41.21747576216, 41.12641796986, 41.16016566852
22.875, -0.3136731059156, 0, 6, 1.323908571287, 1.75886666651, 1.759336459765, 2.713300720767, 3.748314774346, 0.7675208861546, 0.5345266524846, 339.3504456823, 340.0169292605, 338.9803536418, 339.7688077448, -12.41833473946, 100.0326811694, 100, 100.043761278, 664.3522304194, 674.9079233088, 664.9605080875, 663.6542752211, 663.7355002423, 662.4256558842, -55.82750503458, -56.34167242437, -56.16921142448, -56.69302952923, -55.70342681321, -180.5340323993, -196.1009956595, -180.1315553163, -178.2020732077, -180.960533084, -179.0342062128, 41.2166384842, 40.81499856462, 41.16972490853, 41.20655693275, 41.11649539948, 41.15023736316
22.9, -0.3039945718318, 0, 6, 1.326199894004, 1.73091950749, 1.731383433532, 2.685367450443, 3.705755525083, 0.7374832529973, 0.4993948157229, 339.722337317, 340.3891747061, 339.3502851074, 340.1393489327, -11.92216410442, 100.0335771671, 100, 100.0447959183, 664.7438919981, 675.26202976, 665.353289328, 664.051722204, 664.126279713, 662.8210770681, -55.96610261768, -56.45329305264, -56.3046834107, -56.80239985042, -55.84051728182, -181.107788963, -196.7001697564, -180.7066602229, -178.7740423278, -181.5327534488, -179.6032514311, 41.20618458116, 40.80449286022, 41.15863397393, 41.19555428899, 41.10655150316, 41.14025816026
22.925, -0.2936981322213, 0, 6, 1.328032181152, 1.699792236538, 1.700249074827, 2.654266132167, 3.661571685297, 0.7038957257306, 0.4584858172084, 340.0941951875, 340.7613730538, 339.7202668266, 340.5099110289, -11.42800539934, 100.0344420627, 100, 100.045797431, 665.1341037225, 675.6162385411, 665.744590192, 664.4474967021, 664.5156703988, 663.2149173094, -56.09882573085, -56.55874163745, -56.43527699501, -56.9056859671, -55.97092241941, -181.682540852, -197.2991624784, -181.2826873044, -179.3470861103, -182.1060204645, -180.1734910305, 41.19564503833, 40.79391024916, 41.14742976992, 41.18451214779, 41.09658630933, 41.13028454286
22.95, -0.2827939920669, 0, 6, 1.330734966155, 1.665442712625, 1.665892137997, 2.619939205858, 3.613945564723, 0.6667469175676, 0.4126961997886, 340.4660155535, 341.1335208185, 340.0903006793, 340.880498013, -10.93802737369, 100.0352512784, 100, 100.0467384097, 665.522916575, 675.9707254556, 666.1344634385, 664.8416383627, 664.9037300432, 663.6072204244, -56.22527178108, -56.65773946854, -56.56014520871, -57.00270038602, -56.09465709859, -182.2582370464, -197.8978663742, -181.8595887248, -179.9211601909, -182.6802933952, -180.744890927, 41.18504532564, 40.7832494028, 41.1361238928, 41.17343751539, 41.08660032626, 41.12033533839
22.975, -0.2713806790947, 0, 6, 1.334558981518, 1.628302531304, 1.628744458326, 2.584021089322, 3.562381445097, 0.6261693474908, 0.36374380392, 340.83779749, 341.5056168324, 340.4603868547, 341.2511119119, -10.45318911516, 100.0359801284, 100, 100.0475714013, 665.9103855452, 676.3255667378, 666.5229614263, 665.2341988571, 665.2905125326, 663.9980379124, -56.34539358284, -56.75042865875, -56.67874423156, -57.09355867634, -56.21204706413, -182.8348331442, -198.4962413067, -182.4373247517, -180.4962182589, -183.2555310798, -181.3174079854, 41.1744037458, 40.77252368436, 41.12477069046, 41.16231431597, 41.0766089522, 41.11039877647
23, -0.2593072999084, 0, 6, 1.338715390864, 1.58883150891, 1.589265408541, 2.54701731322, 3.507089734366, 0.5828412210155, 0.3130016742644, 341.2095419687, 341.8776621079, 340.8305242, 341.6217526632, -9.973441552317, 100.0366108815, 100, 100.0482773024, 666.2965681837, 676.6807648406, 666.9101390799, 665.6252388002, 665.6760691981, 664.3874271185, -56.45940251072, -56.83725580312, -56.79082993328, -57.17875218339, -56.32336682434, -183.4122920903, -199.0942958129, -183.0158575016, -181.0722138878, -183.8316921313, -181.8909937239, 41.16373281175, 40.76176164171, 41.11339683758, 41.15111478536, 41.0666388323, 41.10045306837
23.025, -0.2470423833434, 0, 6, 1.342105968147, 1.547136574749, 1.547561225526, 2.508340655668, 3.44934630678, 0.5376205315967, 0.260604437166, 341.581250836, 342.2496601613, 341.2007096542, 341.9924190711, -9.498251428852, 100.0371178548, 100, 100.0488329835, 666.6815224642, 677.0362870912, 667.2960541369, 666.0148248529, 666.0604510022, 664.7754497855, -56.56763763761, -56.91889231604, -56.89656500196, -57.25926666474, -56.42899465635, -183.9905794914, -199.6920605437, -183.5951490147, -181.6491009011, -184.4087331237, -182.4655965103, 41.15303822474, 40.75099118275, 41.10200403822, 41.1398162818, 41.0566969799, 41.09048322756
23.05, -0.2352436294004, 0, 6, 1.344028516347, 1.50339233846, 1.503806160245, 2.46741476433, 3.390866006158, 0.4912164468645, 0.2066489722906, 341.9529255692, 342.6216145412, 341.5709393164, 342.3631095103, -9.027324658565, 100.0374963347, 100, 100.0492305744, 667.06530752, 677.3921198302, 667.6807657247, 666.4030231316, 666.4437113497, 665.1621681532, -56.67036896083, -56.99589302006, -56.99665189331, -57.33596162683, -56.52910225738, -184.5696571426, -200.2895522636, -184.1751594445, -182.2268356842, -184.9866094899, -183.0411657998, 41.14232308477, 40.74022963431, 41.0905889412, 41.12843841602, 41.04677817395, 41.08048717219
23.075, -0.2236853791142, 0, 6, 1.344594122632, 1.457932575924, 1.458334216935, 2.424618442614, 3.331768030649, 0.4435820004746, 0.1506770565488, 342.3245663237, 342.9935261971, 341.9412116156, 342.7338228986, -8.560987356865, 100.0377623313, 100, 100.0495015997, 667.4479816384, 677.7483009172, 668.0643323603, 666.789893919, 666.8259065126, 665.5476408675, -56.76768342945, -57.06874715995, -57.09141784376, -57.40790248419, -56.62355059102, -185.14948127, -200.8867532037, -184.7558469609, -182.8053756846, -185.5652783282, -183.6176564071, 41.13159462856, 40.72948207738, 41.07914860928, 41.11701544411, 41.03687235018, 41.07048926068
23.1, -0.2122265027344, 0, 6, 1.344409004749, 1.410938654222, 1.411327236664, 2.379726400226, 3.271682971355, 0.3949176993773, 0.09262609932588, 342.6961723235, 343.3653954877, 342.3115252417, 343.1045590914, -8.099726520486, 100.0379259148, 100, 100.0496708771, 667.8296002016, 678.1048815402, 668.4468109726, 667.1754952865, 667.2070922707, 665.9319247286, -56.85961990474, -57.13689061271, -57.18091782232, -57.47484390211, -56.71235957117, -185.730006627, -201.4836365893, -185.3371697039, -183.3846779953, -186.1446974403, -184.1950245104, 41.12086208743, 40.71874556915, 41.06767797706, 41.10556985162, 41.02697235502, 41.06051061879
23.125, -0.2007892412881, 0, 6, 1.344100010727, 1.362469121129, 1.362844177093, 2.332726875912, 3.210185371326, 0.3452598422245, 0.03283578253665, 343.0677431811, 343.7372229473, 342.6818787952, 343.4753180849, -7.643871724177, 100.0379897963, 100, 100.0497490299, 668.2102168569, 678.4618995982, 668.8282575035, 667.5598860116, 667.5873230557, 666.3150765791, -56.94626114512, -57.19996714684, -57.26513431295, -57.53668106146, -56.79574060558, -186.3111894994, -202.080184112, -185.9190879739, -183.9646997074, -186.7248255228, -184.7732256169, 41.11013209622, 40.70801413236, 41.05617338804, 41.09411007597, 41.01707382108, 41.05055945445
23.15, -0.1894676688667, 0, 6, 1.344046650822, 1.312548330563, 1.312909610903, 2.283793865967, 3.14704854531, 0.2944847107664, -0.02823462243158, 343.4392792077, 344.1090094381, 343.0522706689, 343.8460996572, -7.193573274656, 100.0379497677, 100, 100.0497313336, 668.5898851391, 678.8193772492, 669.2087273945, 667.9431261128, 667.9666522601, 666.6971539067, -57.02774235775, -57.25809869962, -57.34408379924, -57.59355056, -56.87398227661, -186.8929886928, -202.6763873259, -186.5015643794, -184.5453983887, -187.3056219799, -185.3522146879, 41.09940674024, 40.69728222428, 41.04463664268, 41.08263396927, 41.0071758908, 41.04063269989
23.175, -0.178364686275, 0, 6, 1.344293273047, 1.261210505797, 1.261557778122, 2.233206213559, 3.082292152238, 0.2424481516397, -0.09021475994982, 343.8107811342, 344.4807561389, 343.4226991786, 344.2169032997, -6.749018934616, 100.0378009932, 100, 100.0496068462, 668.9686587699, 679.1773235311, 669.5882752784, 668.3252761961, 668.3451322436, 667.078214415, -57.10424031411, -57.31143993075, -57.41786447797, -57.64565262611, -56.94736372956, -187.4753659576, -203.2722457688, -187.084563448, -185.1267327264, -187.8870472462, -185.9319469032, 41.08868458806, 40.68654754854, 41.0330762336, 41.07113414269, 40.99728347039, 41.03072105626
23.2, -0.1675530133459, 0, 6, 1.344609377908, 1.208497995202, 1.208830905364, 2.181209906962, 3.0161066934, 0.1890639062629, -0.1529312814335, 344.1822498669, 344.8524644017, 343.7931626635, 344.5877283534, -6.310284725871, 100.0375416229, 100, 100.0493674933, 669.3465913953, 679.5357427271, 669.9669549485, 668.7063962066, 668.7228143737, 667.4583151813, -57.17594265742, -57.36016474098, -57.48664355437, -57.69320639892, -57.0161020076, -188.0582856469, -203.8677614884, -187.6680509115, -185.7086629565, -188.4690629241, -186.5123786924, 41.07796282908, 40.67581197544, 41.02150275245, 41.0596026243, 40.98740388411, 41.02081422048
23.225, -0.1570896028858, 0, 6, 1.344640424889, 1.154458816264, 1.154776850584, 2.127964845526, 2.948834922564, 0.1343221320682, -0.216403933559, 344.553686203, 345.2241355335, 344.163659608, 344.9585742362, -5.877424404597, 100.0371720811, 100, 100.0490077794, 669.7237361625, 679.8946435298, 670.3448192707, 669.0865442749, 669.0997492331, 667.8375118842, -57.24301554565, -57.40442438668, -57.55062748754, -57.73639232084, -57.08032930896, -188.641713752, -204.4629331695, -188.2519930614, -186.2911510336, -189.0516318192, -187.0934685209, 41.06723903743, 40.66508026272, 41.009926031, 41.04803506299, 40.97754388396, 41.01090496903
23.25, -0.1469847168026, 0, 6, 1.344081748121, 1.099158999017, 1.099461543698, 2.073587205989, 2.880864145138, 0.07827483735567, -0.2808072579668, 344.925090628, 345.5957706038, 344.5341887137, 345.3294405816, -5.450623136895, 100.0366968887, 100, 100.0485271666, 670.1001452411, 680.2540454888, 670.721920007, 669.4657759157, 669.4759867637, 668.2158582382, -57.3055811649, -57.44433600774, -57.6100362386, -57.77534181406, -57.14008183087, -189.2256167824, -205.0577520932, -188.8363564087, -186.874160675, -189.6347179247, -187.6751773563, 41.05651292255, 40.65435829899, 40.99835481518, 41.03643521933, 40.9677089343, 41.00099340533
23.275, -0.1371940707235, 0, 6, 1.342798729946, 1.042694680917, 1.042981132424, 2.01819667495, 2.812475749444, 0.02101976482241, -0.3463259099431, 345.2964632527, 345.9673703721, 344.9047489035, 345.7003273842, -5.030209523415, 100.0361241551, 100, 100.0479317534, 670.4758694548, 680.6139800937, 671.0983077021, 669.8441439031, 669.8515762415, 668.5934058402, -57.36371452213, -57.4799872714, -57.66505072181, -57.81014513874, -57.19534421069, -189.8099610515, -205.6522015888, -189.4211076671, -187.4576570141, -190.2182863673, -188.2574684937, 41.0457876205, 40.6436519716, 40.98679705458, 41.02481417133, 40.95790336716, 40.99108653238
23.3, -0.1276570609575, 0, 6, 1.340826646769, 0.9852015374648, 0.9854713965343, 1.961940607565, 2.743826290535, -0.03730644579545, -0.4130054878617, 345.6678039197, 346.3389353493, 345.2753392528, 346.0712351225, -4.616603137498, 100.0354619136, 100, 100.0472296827, 670.8509582733, 680.9744864056, 671.4740317104, 670.2216988444, 670.2265661236, 668.9702044956, -57.41745942449, -57.51145960251, -57.71578374795, -57.84087857465, -57.24610983237, -190.3947126937, -206.2462599397, -190.0062140053, -188.0416061702, -190.8023033045, -188.8403068979, 41.03506950084, 40.63296697656, 40.97526036892, 41.01318628485, 40.94813088131, 40.98119423766
23.325, -0.1183243787854, 0, 6, 1.338295066497, 0.9268531861176, 0.9271061019855, 1.904990958925, 2.674989285383, -0.09653319572108, -0.4807091518181, 346.0391123592, 346.7104659296, 345.6459589035, 346.4421650911, -4.210242672521, 100.0347139736, 100, 100.0464258194, 671.225460003, 681.3356050127, 671.8491402861, 670.5984899624, 670.6010038828, 669.3463027184, -57.46685008475, -57.53882971883, -57.76228882595, -57.86760921802, -57.29241085226, -190.9798381259, -206.8399042751, -190.5916433309, -188.6259749893, -191.3867358232, -189.4236585444, 41.02436695355, 40.62230912907, 40.96375222927, 41.00156561811, 40.93839513626, 40.9713258613
23.35, -0.1092048406767, 0, 6, 1.335343813501, 0.8678411556549, 0.868076922487, 1.847518754802, 2.60600114945, -0.1564640839995, -0.5490522217062, 346.4103882978, 347.0819624983, 346.0166069873, 346.8131205808, -3.811475710066, 100.0338748853, 100, 100.0455160785, 671.5994219398, 681.6973737969, 672.2236806597, 670.9745656343, 670.9749358916, 669.7217480927, -57.51192598177, -57.56217103515, -57.80458600794, -57.89039849274, -57.33432145964, -191.5653045486, -207.4331132142, -191.1773644428, -189.2107309544, -191.9715518394, -190.0074900306, 41.01368895161, 40.61168461774, 40.95227978713, 40.98996383056, 40.92869984623, 40.96148858068
23.375, -0.1003929344066, 0, 6, 1.332068629747, 0.8083365710915, 0.8085550939213, 1.789630350826, 2.536865380654, -0.2166607384529, -0.6173967723025, 346.7816316133, 347.4534255562, 346.3872823653, 347.184105742, -3.420736351212, 100.0329690964, 100, 100.0445260982, 671.9728905017, 682.0598311194, 672.5976992523, 671.3499730258, 671.3484073004, 670.0965871141, -57.55272008842, -57.58200486938, -57.84267093779, -57.91019896094, -57.37193215326, -192.1510802857, -208.0258648156, -191.7633471384, -189.795842387, -192.5567196806, -190.5917690608, 41.00304390428, 40.60109994988, 40.94084968768, 40.97838957762, 40.91904870297, 40.95168764713
23.4, -0.09166533111311, 0, 6, 1.328503311189, 0.7484613817158, 0.7486626342836, 1.731397020053, 2.467554297762, -0.2771849741323, -0.6863641570826, 347.1528417682, 347.824855842, 346.757984774, 347.5551108271, -3.038631144721, 100.032074081, 100, 100.0435348979, 672.3459114116, 682.4230218205, 672.9712414515, 671.724757552, 671.7214632515, 670.4708649137, -57.58923952483, -57.59827608303, -57.87651563406, -57.92665717216, -57.40525685751, -192.7371352961, -208.6181333014, -192.3495617596, -190.3812790894, -193.1422098935, -191.1764653496, 40.99243905471, 40.59056170768, 40.92946789539, 40.96684888714, 40.90944554465, 40.9419266562
23.425, -0.08292332820015, 0, 6, 1.324637412131, 0.6883607586901, 0.6885447733882, 1.672943974699, 2.398265644447, -0.3379279971488, -0.7558362576597, 347.5240174015, 348.1962537493, 347.1287137169, 347.9261270423, -2.665537916192, 100.0311403233, 100, 100.0424941024, 672.7185291423, 682.78697137, 673.3443516262, 672.0989658381, 672.0941468315, 670.8446269004, -57.62155729807, -57.61113784482, -57.90609759287, -57.93974016221, -57.43439639891, -193.3234409608, -209.2099050991, -192.935980737, -190.9670115142, -193.7279934347, -191.7615477474, 40.98188041717, 40.58007613555, 40.91814029767, 40.95534700664, 40.89989347237, 40.93220676862
23.45, -0.07453570194143, 0, 6, 1.320443235191, 0.6282017189198, 0.6283685883803, 1.614078397884, 2.329147276383, -0.3986839906576, -0.8251599317227, 347.8951554138, 348.5676203606, 347.4994677104, 348.2971582952, -2.301421262536, 100.0301306706, 100, 100.0413677257, 673.0907859324, 683.1516699626, 673.7170724372, 672.4726469557, 672.4664978652, 671.2179193698, -57.64986368159, -57.62067440295, -57.93165903199, -57.94963968354, -57.45957434462, -193.9099699541, -209.8011882822, -193.5225789697, -191.5530102739, -194.3140411954, -192.3469827357, 40.9713729433, 40.56964876104, 40.90687223205, 40.94388939947, 40.89039463337, 40.92252957604
23.475, -0.06630844270688, 0, 6, 1.315900362967, 0.5680690604772, 0.5682189190476, 1.555421017532, 2.260298098435, -0.4593744077063, -0.8942027208497, 348.2662676988, 348.9389572665, 347.870244618, 348.6682065137, -1.946114901348, 100.0290320609, 100, 100.0401437966, 673.4627215346, 683.5170963702, 674.0894449625, 672.8458491748, 672.8385537817, 671.590787414, -57.67437951517, -57.62766727494, -57.95343137249, -57.95691131885, -57.48101014283, -194.4966962087, -210.391997422, -194.1093331348, -192.1392467518, -194.9003246171, -192.9327369406, 40.96092082926, 40.55928419951, 40.89566805964, 40.93248015527, 40.88095165889, 40.91289830506
23.5, -0.05840155854495, 0, 6, 1.311007642657, 0.508007055971, 0.508140074171, 1.496663330859, 2.191795176061, -0.5199213117739, -0.9629215688365, 348.6373533717, 349.3102660982, 348.2410428086, 349.0392718188, -1.599515844783, 100.0279011416, 100, 100.0388820334, 673.8343749569, 683.8832347274, 674.4615092064, 673.2186194246, 673.2103519027, 671.9632750842, -57.69530435185, -57.63187945204, -57.97161857676, -57.96142625735, -57.49890139617, -195.0835944709, -210.9823437206, -194.6962199132, -192.7256934571, -195.4868165359, -193.5187785218, 40.95052768588, 40.54898608765, 40.88453070883, 40.92112355838, 40.87156600349, 40.90331632402
23.525, -0.05078037814916, 0, 6, 1.305827032996, 0.4480245966487, 0.4481409826549, 1.437720784061, 2.123676484362, -0.5801666183547, -1.031296443881, 349.0084110533, 349.6815485159, 348.6118607408, 349.410353782, -1.261510716467, 100.0267374121, 100, 100.0375887567, 674.2057834374, 684.2500695229, 674.8333038967, 673.5910029848, 673.5819280051, 672.3354248669, -57.71283089262, -57.63328632742, -57.9864253849, -57.96312722279, -57.51344363998, -195.6706402974, -211.5722379919, -195.2832168385, -193.3123240932, -196.0734907863, -194.1050769194, 40.94019606061, 40.5387557223, 40.87345647959, 40.90982422806, 40.8622335444, 40.89378710061
23.55, -0.04344091988964, 0, 6, 1.300533989816, 0.3881293789497, 0.3882293892104, 1.378504251867, 2.055968336614, -0.6399723342211, -1.099291112639, 349.3794413214, 350.0528060162, 348.9826969141, 349.7814517867, -0.9319128349051, 100.0255507783, 100, 100.0362800616, 674.5769826515, 684.6175886687, 675.2048664529, 673.9630432749, 673.9533166921, 672.7072776158, -57.72713470215, -57.63198508495, -57.99804247052, -57.96206969292, -57.52481857231, -196.257809427, -212.1616886689, -195.8703021124, -193.8991133753, -196.660322052, -194.691602918, 40.92992661586, 40.52859022455, 40.86243775931, 40.89858715013, 40.85294562793, 40.88431405942
23.575, -0.03638543637506, 0, 6, 1.295399099151, 0.3283577534542, 0.3284416949031, 1.319018540003, 1.98868142693, -0.6992508652303, -1.166816901292, 349.7504449558, 350.4240399117, 349.3535499917, 350.1525651984, -0.6105355597983, 100.0243525825, 100, 100.0349720261, 674.9480070266, 684.9857843798, 675.5762329827, 674.3347818509, 674.3245517273, 673.0788725933, -57.73837162625, -57.62807245373, -58.00663587025, -57.95832769032, -57.53319247651, -196.8450777468, -212.7507013226, -196.4574546387, -194.48603697, -197.2472859532, -195.2783286801, 40.91971814275, 40.5184829249, 40.85146699619, 40.88741711663, 40.84369260955, 40.87489980367
23.6, -0.02961140296517, 0, 6, 1.29071369202, 0.2687770314585, 0.2688452451815, 1.259354878422, 1.921758870468, -0.757951382711, -1.233681303578, 350.1214227533, 350.7952513716, 349.7244188338, 350.5236934465, -0.2972342865014, 100.0231545005, 100, 100.033681331, 675.3188899732, 685.3546524004, 675.9474383251, 674.7062584469, 674.6956660258, 673.450247467, -57.74668050989, -57.62164171697, -58.0123238146, -57.95198661415, -57.53873844457, -197.4324217596, -213.3392791916, -197.0446540809, -195.0730714096, -197.8343591316, -195.8652276788, 40.90956758212, 40.50842488421, 40.84053713337, 40.87631532906, 40.83446519874, 40.8655430381
23.625, -0.02311862546828, 0, 6, 1.28668426305, 0.2094665821278, 0.2095194116481, 1.199641975629, 1.855131617149, -0.8160441089979, -1.299662919862, 350.4923755349, 351.1664414682, 350.0953025117, 350.8948360449, 0.008104734973764, 100.0219651828, 100, 100.0324193749, 675.6896641092, 685.724191043, 676.3185161001, 675.0775110502, 675.0666915753, 673.8214383638, -57.75218645813, -57.61278392733, -58.01518163756, -57.94313934689, -57.54163272641, -198.019819277, -213.9274238017, -197.6318809268, -195.6601941405, -198.4215193252, -196.4522747058, 40.89946935854, 40.49840635703, 40.82964141171, 40.86527664428, 40.8252547347, 40.85623663668
23.65, -0.0169042321846, 0, 6, 1.28339025092, 0.1504983685592, 0.1505361314996, 1.140007552739, 1.788792093408, -0.8735145477597, -1.3646198156, 350.8633041384, 351.5376111891, 350.4662003012, 351.2659925815, 0.3055650490421, 100.0207913408, 100, 100.0311931046, 676.0603612899, 686.0944011317, 676.6894987218, 675.4485759349, 675.4376593823, 674.1924799319, -57.75500097504, -57.60158506449, -58.01528393021, -57.93187945125, -57.54202057213, -198.6072496934, -214.515134998, -198.2191164537, -196.2473837385, -199.008745367, -197.039445987, 40.88941529147, 40.48841755438, 40.81877310721, 40.8542921004, 40.81605306224, 40.84696993978
23.675, -0.01096005551571, 0, 6, 1.280814499908, 0.09193626906088, 0.09195924508588, 1.080605896877, 1.722810343773, -0.930388457415, -1.42851244995, 351.2342093878, 351.9087614297, 350.8371116584, 351.6371627106, 0.5951965814795, 100.019635696, 100, 100.0300020853, 676.4310125065, 686.4652862895, 677.0604173816, 675.8194876683, 675.8085995017, 674.5634053626, -57.75522104801, -57.58812349334, -58.01272207324, -57.91829723469, -57.54000122719, -199.1946937664, -215.1024107604, -198.8063426967, -196.8346199482, -199.5960171175, -197.6267191873, 40.87939548143, 40.47844891588, 40.80792677794, 40.8433519269, 40.8068534407, 40.83773150082
23.7, -0.005265955539032, 0, 6, 1.278839796901, 0.03383995559666, 0.03384838655645, 1.021740745204, 1.657312076702, -0.9868471391853, -1.491377295989, 351.6050920885, 352.2798929705, 351.2080362228, 352.0083461343, 0.8770112483344, 100.018496491, 100, 100.0288336463, 676.801647921, 686.8368527606, 677.4313019938, 676.1902791552, 676.1795413251, 674.9342464148, -57.75292988382, -57.57244621036, -58.00759957604, -57.90249316766, -57.5356341594, -199.7821335569, -215.689247284, -199.3935426411, -197.421883573, -200.1833154229, -198.2140732903, 40.86940035801, 40.46849322813, 40.79710587648, 40.83244708552, 40.79765835199, 40.82851064603
23.725, 0.0002092558401956, 0, 6, 1.277179390408, -0.02374065481311, -0.0237465542585, 0.9637695554482, 1.592439350839, -1.043151967766, -1.553295571536, 351.9759530128, 352.6510065008, 351.5789738104, 352.3795426293, 1.150891446466, 100.0173724995, 100, 100.0276741749, 677.1722971893, 687.2091094368, 677.8021814134, 676.5609817535, 676.5505135884, 675.3050335085, -57.74819711732, -57.55456139246, -58.00001752323, -57.88455914684, -57.52895469414, -200.3695527852, -216.2756389566, -199.9807000346, -198.0091563698, -200.7706220785, -198.8014885077, 40.85942344161, 40.45854978891, 40.78632323307, 40.82156941599, 40.78848059908, 40.81929780352
23.75, 0.005493159496308, 0, 6, 1.275377929148, -0.08076332589462, -0.08078333864079, 0.9069338097635, 1.528351330923, -1.09946515934, -1.614381515669, 352.3467928515, 353.0221026523, 351.9499243368, 352.7507520983, 1.416604948282, 100.0162617941, 100, 100.0265119118, 677.5429896592, 687.5820683644, 678.1730837241, 676.9316254104, 676.9215441307, 675.6757958534, -57.74107764239, -57.53447581816, -57.99006507523, -57.86456306058, -57.51998307605, -200.956936724, -216.8615780472, -200.5677989539, -198.5964209225, -201.357919677, -199.3889461738, 40.84946242023, 40.44862546553, 40.77559452809, 40.81071189254, 40.77933574549, 40.81008473759
23.775, 0.01061287674203, 0, 6, 1.272915301363, -0.1371832561373, -0.1372171183252, 0.851334303637, 1.465331519637, -1.155810014841, -1.674883275462, 352.717612164, 353.3931819558, 352.3208877333, 353.121974512, 1.673879886638, 100.0151590734, 100, 100.0253313863, 677.9137541652, 687.9557446965, 678.5440363007, 677.3022388484, 677.2926598539, 676.0465616455, -57.73161229388, -57.512221833, -57.97785414551, -57.84256617475, -57.50869318196, -201.5442714509, -217.4470547161, -201.1548235765, -199.1836606173, -201.9451913766, -199.9764286397, 40.83951921774, 40.43873266758, 40.76493496213, 40.79987344474, 40.77023871192, 40.80086903266
23.8, 0.01561785788431, 0, 6, 1.269398151542, -0.1929550183755, -0.1930023844086, 0.7969924018461, 1.403702350254, -1.212106127376, -1.735113426764, 353.0884112242, 353.7642448108, 352.6918639483, 353.4932098243, 1.92241987097, 100.0140618083, 100, 100.0241236355, 678.2846183913, 688.3301555862, 678.9150656556, 677.6728497757, 677.6638868395, 676.4173582445, -57.71983213079, -57.48761965852, -57.96352704825, -57.81839340152, -57.49500424641, -202.1315426864, -218.0320577095, -201.7417579522, -199.7708594421, -202.5324207821, -200.563919018, 40.82960103323, 40.42888652121, 40.75435852006, 40.7890639484, 40.76120319638, 40.79165991348
23.825, 0.02054041782642, 0, 6, 1.264668100395, -0.2480407579233, -0.2481011933791, 0.7438747515744, 1.343664221114, -1.268238220397, -1.795267595589, 353.459190163, 354.1352914907, 353.0628527552, 353.8644579983, 2.161904810176, 100.0129691279, 100, 100.0228863881, 678.6556086619, 688.7053201263, 679.2861977016, 678.0434849931, 678.0352504527, 676.7882121969, -57.70575933622, -57.46067745647, -57.94719399006, -57.7920408287, -57.47884818014, -202.7187350925, -218.6165744169, -202.3285861313, -200.3580015155, -203.1195915392, -201.1514007902, 40.81972063364, 40.41910297791, 40.74387794756, 40.77830105941, 40.75224195906, 40.7824748933
23.85, 0.02537508706971, 0, 6, 1.258763387895, -0.3024087914435, -0.3024817873894, 0.6918747685802, 1.285234466506, -1.324080108138, -1.855353883049, 353.8299489857, 354.5063221737, 353.4338538024, 354.2357190382, 2.391993340794, 100.0118818212, 100, 100.0216234883, 679.0267502318, 689.0812591453, 679.657457893, 678.4141705046, 678.4067755352, 677.1591492902, -57.68940856011, -57.43153489138, -57.92889567006, -57.76362491731, -57.46021200436, -203.3058324215, -219.2005910038, -202.9152921222, -200.945070857, -203.7066873369, -201.7388575959, 40.80989487369, 40.40939810861, 40.73350438369, 40.76760476754, 40.7433664712, 40.77333393287
23.875, 0.03009966834351, 0, 6, 1.251858442276, -0.3560403699469, -0.3561253714124, 0.6407152294579, 1.228275660924, -1.37938079224, -1.915236429882, 354.2006875925, 354.8773370374, 353.8048666589, 354.6069929858, 2.612350496975, 100.0108056919, 100, 100.0203523176, 679.3980673461, 689.4579930342, 680.0288711601, 678.7849316886, 678.7784860467, 677.5301946327, -57.6707943901, -57.40033515524, -57.90861281677, -57.73323070106, -57.43914228547, -203.8928180108, -219.7840938154, -203.5018598674, -201.5320514886, -204.2936920982, -202.3262731723, 40.80014167935, 40.39978630678, 40.72324081508, 40.75699339867, 40.73458049031, 40.76425552564
23.9, 0.0347024636258, 0, 6, 1.244288132317, -0.4089446417232, -0.4090410965373, 0.5899981210871, 1.172556004035, -1.433782599082, -1.974723980979, 354.5714058672, 355.2483363243, 354.175890763, 354.9782798551, 2.822754224225, 100.0097445436, 100, 100.0190918454, 679.7695828095, 689.8355388999, 680.4004616634, 679.1557934254, 679.1504047297, 677.901372692, -57.64994064166, -57.36723965565, -57.88630196476, -57.7009195296, -57.41572692391, -204.4796748535, -220.3670711909, -204.0882735467, -202.1189276083, -204.8805900621, -202.9136313032, 40.7904760048, 40.3902757563, 40.71307860023, 40.74648214503, 40.7258762855, 40.75525546297
23.925, 0.03917688399905, 0, 6, 1.236544407819, -0.4611528657022, -0.4612602851116, 0.5394083931017, 1.117815666921, -1.487014365728, -2.033614981803, 354.9421037796, 355.6193203347, 354.5469254366, 355.3495795494, 3.023139614842, 100.0087010163, 100, 100.0178570722, 680.141317846, 690.2139089238, 680.7722525711, 679.52678018, 679.5225534044, 678.2727073382, -57.62688559084, -57.3323917626, -57.86192737381, -57.66675194834, -57.39007335279, -205.0663856589, -220.9495144931, -204.6745180784, -202.7056837041, -205.4673658176, -203.5009157965, 40.78090752628, 40.38086619265, 40.70300468998, 40.73608311551, 40.71724124425, 40.74634665533
23.95, 0.04351030282051, 0, 6, 1.229185267034, -0.5127060573539, -0.5128240684293, 0.4887799424168, 1.063704694304, -1.538964304861, -2.091606884076, 355.3127814551, 355.9902894696, 354.9179698898, 355.7208918847, 3.213506678205, 100.0076822479, 100, 100.0166668111, 680.5132924617, 690.5931103506, 681.1442660858, 679.8979159711, 679.8949532158, 678.6442217968, -57.60168180511, -57.2959079949, -57.83544559781, -57.63079741064, -57.36232159073, -205.6529333698, -221.5314181424, -205.2605793258, -203.2923045729, -206.0540043935, -204.088110531, 40.77144028797, 40.37155038554, 40.69300576444, 40.72580226184, 40.70866257279, 40.73753603335
23.975, 0.04769255016848, 0, 6, 1.222651628264, -0.563656663306, -0.5637850267232, 0.4380461487806, 1.009800736006, -1.589651351976, -2.148349757701, 355.6834392342, 356.3612443, 355.289023137, 356.0922166922, 3.393893855947, 100.006694547, 100, 100.0155357251, 680.8855261626, 690.9731471613, 681.5165236158, 680.2692241984, 680.2676247516, 679.0159385178, -57.57439024736, -57.25789549527, -57.80678107708, -57.5931438881, -57.33265774929, -206.2393022225, -222.1127785944, -205.8464441245, -203.8787754105, -206.6404914317, -204.6751996682, 40.7620718729, 40.36231700714, 40.6830689685, 40.71563335342, 40.70012850975, 40.72881865532
24, 0.0517160415378, 0, 6, 1.21713588827, -0.6140605123107, -0.6141990960729, 0.387204215465, 0.9557926024283, -1.639184787921, -2.203632081129, 356.0540776746, 356.7321855171, 355.6600835574, 356.4635538351, 3.564358270705, 100.0057439249, 100, 100.0144720978, 681.2580385081, 691.3540217428, 681.8890458791, 680.6407276338, 680.640588067, 679.3878792935, -57.54507452642, -57.2184374463, -57.77588246928, -57.55387192041, -57.30125387492, -206.8254784194, -222.6935932819, -206.4321002156, -204.4650821671, -207.2268132805, -205.2621679932, 40.75279300594, 40.35315288936, 40.67318255214, 40.70556042495, 40.69162832746, 40.72017956654
24.025, 0.05555280996941, 0, 6, 1.212611548505, -0.66396549293, -0.6641142282654, 0.3363088799345, 0.9015818839031, -1.687781982191, -2.257452088028, 356.4246975268, 357.1031138957, 356.031148688, 356.8349031552, 3.724989031197, 100.0048324068, 100, 100.0134761282, 681.6308489181, 691.7357337679, 682.2618527899, 681.0124485709, 681.0138624384, 679.760065424, -57.51380478738, -57.17758561505, -57.74277595816, -57.51301679978, -57.26822268618, -207.4114499831, -223.273861334, -207.0175362637, -205.0512117557, -207.8129569932, -205.8490009615, 40.74358912124, 40.34404399348, 40.66333574403, 40.69556423954, 40.68315203579, 40.71160017045
24.05, 0.05925072782459, 0, 6, 1.208934374975, -0.7134113289197, -0.7135701737979, 0.2855255270383, 0.8472617887993, -1.735610450897, -2.309972374183, 356.7952997566, 357.4740302915, 356.4022203241, 357.2062642895, 3.87596241633, 100.0039341684, 100, 100.0125154629, 682.0039758522, 692.1182753002, 682.6349630899, 681.3844090277, 681.3874658382, 680.1325177133, -57.48067379067, -57.13544583426, -57.70758276239, -57.47073378559, -57.23363077396, -207.9972062979, -223.8535865664, -207.6027421774, -205.6371519365, -208.3989100954, -206.4356842466, 40.7344432295, 40.33497623543, 40.65352162077, 40.68562718226, 40.6746932777, 40.70306327758
24.075, 0.06290342076872, 0, 6, 1.205885780335, -0.7624056522852, -0.7625745520329, 0.2351191105072, 0.7930518113955, -1.7827495951, -2.361411078132, 357.1658854275, 357.8449355631, 356.7733042521, 357.5776367074, 4.017380820215, 100.0030567154, 100, 100.011588362, 682.3774373776, 692.5016355217, 683.0083948341, 681.7566306387, 681.7614156782, 680.5052565438, -57.44578080508, -57.09212556975, -57.670473235, -57.42727470292, -57.19750861324, -208.5827374165, -224.4327744855, -208.1877085221, -206.2228909543, -208.984660351, -207.0222037822, 40.72533945203, 40.3259381417, 40.64374082812, 40.67573532108, 40.66625221573, 40.69455496889
24.1, 0.0664619885486, 0, 6, 1.203185139265, -0.8109198273666, -0.8110986721972, 0.185347366257, 0.7392056058928, -1.829524540929, -2.41197249537, 357.5364555052, 358.2158305096, 357.1444003716, 357.9490200711, 4.149219136221, 100.0022234331, 100, 100.0107104491, 682.7512521384, 692.8858100831, 683.3821661688, 682.1291343677, 682.1357297487, 680.8783019425, -57.40920231266, -57.047622762, -57.63160384807, -57.38267442935, -57.15985410531, -209.1680336582, -225.0114266271, -208.7724255749, -206.8084173858, -209.5701959251, -207.6085462986, 40.71626545706, 40.31692303575, 40.63399770362, 40.66587821705, 40.65783271758, 40.68606439457
24.125, 0.06990712227012, 0, 6, 1.200527518129, -0.8589384351096, -0.8591270356854, 0.1363663926677, 0.6859639909877, -1.876150090978, -2.461904756594, 357.9070109152, 358.5867158868, 357.515506501, 358.3204141004, 4.27146295069, 100.0014327426, 100, 100.009873104, 683.1254384049, 693.2707957748, 683.7562948741, 682.5019406029, 682.5104252569, 681.2516734261, -57.37100980084, -57.00197728859, -57.59112584995, -57.33699703672, -57.12065979229, -209.753085816, -225.5895438512, -209.3568837275, -207.3937201579, -210.1555053146, -208.194698974, 40.70721309733, 40.30792891753, 40.62429669867, 40.65604886328, 40.64943980105, 40.67758467771
24.15, 0.07324320576133, 0, 6, 1.197665814542, -0.9064783456525, -0.9066764385044, 0.08822056424165, 0.6335725487066, -1.922731289505, -2.511504861002, 358.2775525535, 358.9575923733, 357.8866213676, 358.6918183573, 4.384137951923, 100.0006809964, 100, 100.0090666261, 683.5000132777, 693.6565859805, 684.1307979699, 682.875069363, 682.8855182808, 681.6253900251, -57.33128440022, -56.95526419705, -57.54921775479, -57.29033841486, -57.07991441824, -210.3378848857, -226.1671291444, -209.9410737331, -207.9787885475, -210.7405772899, -208.7806491076, 40.69817878807, 40.29895718525, 40.61464168142, 40.64624700573, 40.64107852061, 40.66911610118
24.175, 0.07645902560441, 0, 6, 1.194489636612, -0.9535809009038, -0.9537881849255, 0.0408777316402, 0.5821999072473, -1.969330378256, -2.560994212418, 358.6480812765, 359.3284606156, 358.2577441005, 359.0632322466, 4.487320371051, 99.99996691214, 100, 100.0082871233, 683.8749924187, 694.0431698149, 684.5056916428, 683.2485402858, 683.2610237694, 681.999470219, -57.29011977882, -56.90757338077, -57.50605810164, -57.24279477583, -57.03763018299, -210.9224216257, -226.7441882079, -210.52498673, -208.5636120126, -211.3254008661, -209.3663839656, 40.68916377941, 40.29001131502, 40.60503607584, 40.63647850593, 40.63275368421, 40.66066562054
24.2, 0.07953005708418, 0, 6, 1.191016698276, -1.000304163121, -1.000520342795, -0.005747782999673, 0.5318739807832, -2.01598781496, -2.61045935855, 359.0185979019, 359.699321273, 358.6288739026, 359.4346550845, 4.581126486314, 99.99928948813, 100, 100.0075335086, 684.2503901383, 694.4305330246, 684.8809912396, 683.6223724125, 683.6369556468, 682.3739317201, -57.24761886396, -56.85900101638, -57.46178870506, -57.19445720874, -56.99387234118, -211.5066865936, -227.3207289152, -211.108614252, -209.1481801243, -211.9099653633, -209.9518908213, 40.68017324076, 40.28109611848, 40.59548300503, 40.62675151471, 40.62446994633, 40.65224278764
24.225, 0.08241530494478, 0, 6, 1.187334582716, -1.046718798498, -1.046943614411, -0.05184311897904, 0.4824910000065, -2.062693008024, -2.659876902229, 359.3891032066, 360.0701750402, 359.0000099895, 359.806086169, 4.665696437099, 99.99865052911, 100, 100.0068113207, 684.6262195986, 694.8186593657, 685.2567112243, 683.9965839518, 684.0133267557, 682.7487912944, -57.20388880431, -56.80963683764, -57.41650751065, -57.14539596527, -56.94875793253, -212.0906705067, -227.8967604586, -211.6919482137, -209.7324827009, -212.494260563, -210.5371571792, 40.67121442128, 40.27221707897, 40.58598304505, 40.61707338955, 40.61622980752, 40.64385645458
24.25, 0.08509061635685, 0, 6, 1.183593532793, -1.092909608114, -1.093142870155, -0.09771968505022, 0.4338601129384, -2.109310216777, -2.70917358704, 359.7595979349, 360.4410226592, 359.3711515491, 360.1775248127, 4.741299940544, 99.99805215084, 100, 100.0061307786, 685.0024926684, 695.2075307449, 685.6328650014, 684.3711921112, 684.3901484951, 683.1240646338, -57.15903996627, -56.7596002594, -57.37028454818, -57.09567338912, -56.90243722022, -212.6743644141, -228.4722932948, -212.274980969, -210.3165100171, -213.0782768704, -211.1221709868, 40.66229399813, 40.26337784567, 40.57652915497, 40.60744935093, 40.60802830209, 40.63551344764
24.275, 0.0875519382596, 0, 6, 1.180030875799, -1.138962154869, -1.139203787046, -0.1436786181014, 0.3857697532969, -2.155673535213, -2.758267450584, 360.1300828229, 360.8118648784, 359.742297759, 360.548970327, 4.808233069471, 99.99749546226, 100, 100.0055004126, 685.3792197722, 695.5971273262, 686.0094647828, 684.7462129883, 684.7674310099, 683.4997662939, -57.11318508947, -56.70901732437, -57.32318208134, -57.04535199958, -56.8550695752, -213.2577595688, -229.0473390849, -212.8577055103, -210.9002529193, -213.6620053398, -211.7069207633, 40.65341581517, 40.25457747753, 40.56710957672, 40.59788265981, 40.59985501722, 40.62721850694
24.3, 0.08977294733304, 0, 6, 1.176950813725, -1.184946029885, -1.185196109472, -0.189919889902, 0.3380079501582, -2.201672492338, -2.807065810306, 360.5005586125, 361.1827024098, 360.1134478528, 360.9204220106, 4.866683954934, 99.9969829138, 100, 100.0049292551, 685.7564100821, 695.9874289495, 686.3865216312, 685.1216614372, 685.1451835488, 683.8759096479, -57.06643417063, -56.65799908885, -57.2752564399, -56.99449806881, -56.80682768847, -213.8408474584, -229.6219097926, -213.4401155203, -211.4837028827, -214.2454376793, -212.2913957716, 40.644580252, 40.24581021797, 40.55771173354, 40.58837444604, 40.5916976958, 40.61897411558
24.325, 0.09176838329547, 0, 6, 1.174649165337, -1.230915726949, -1.23117449599, -0.2365437721792, 0.2902998358905, -2.247269915479, -2.855352721011, 360.8710260239, 361.5535359452, 360.4846012248, 361.2918792721, 4.916806460806, 99.99651698612, 100, 100.0044260804, 686.1340719072, 696.3784183804, 686.7640455658, 685.4975506754, 685.5234147507, 684.2525066174, -57.01888313492, -56.60663522861, -57.22652271245, -56.94317746108, -56.75784940515, -214.4236201868, -230.1960155913, -214.0222052671, -212.066852056, -214.8285663519, -212.8755863085, 40.63578390537, 40.23706669585, 40.54832329828, 40.57891983412, 40.58354409967, 40.6107768731
24.35, 0.0935548236262, 0, 6, 1.173302518326, -1.276912483997, -1.277180310593, -0.2835812620751, 0.2423854612309, -2.292496841773, -2.902974216125, 361.2414857926, 361.924366168, 360.8557574692, 361.6633416902, 4.958719840205, 99.9960989311, 100, 100.0039947809, 686.512213123, 696.7700813308, 687.1420456756, 685.8738924298, 685.9021326994, 684.6295677718, -56.9706140559, -56.55499854131, -57.17697573726, -56.89145827121, -56.70828948506, -215.0060710852, -230.7696648312, -214.6039696617, -212.6496933866, -215.4113846085, -213.459483732, 40.627019016, 40.22833559088, 40.53893261886, 40.56950685194, 40.57538327966, 40.60261576445
24.375, 0.09515607929229, 0, 6, 1.172941152326, -1.322958386259, -1.323235703218, -0.3310133404801, 0.1941249352911, -2.337410718642, -2.949873139417, 361.6119386938, 362.2951937196, 361.2269163424, 362.034808926, 4.992516470298, 99.99572960667, 100, 100.0036364668, 686.8908413438, 697.1624058007, 687.5205302053, 686.2506972393, 686.2813448485, 685.0071026428, -56.92169768668, -56.50315109863, -57.1266343842, -56.83941014176, -56.65826521317, -215.5881948007, -231.3428644466, -215.1854042365, -213.2322207068, -215.9938864337, -214.0430804252, 40.61827391661, 40.21960462757, 40.52952867359, 40.560119948, 40.56720491094, 40.59447553635
24.4, 0.09662809068337, 0, 6, 1.173491150167, -1.369044087621, -1.36933133787, -0.3786986986227, 0.1455317247336, -2.382085273023, -2.996095626849, 361.9823855448, 362.6660191596, 361.5980776975, 362.4062806669, 5.018273097206, 99.99540471371, 100, 100.0033426693, 687.2699638945, 697.5553811225, 687.8995066539, 686.6279747149, 686.6610580762, 685.3851199562, -56.87219713094, -56.45116624757, -57.07555709692, -56.78712521571, -56.60784490352, -216.1699869481, -231.9156205515, -215.7665051216, -213.8144286283, -216.5760663871, -214.6263696138, 40.60953448719, 40.21086117784, 40.52010319657, 40.55074341103, 40.55900031515, 40.58633997806
24.425, 0.09801260389561, 0, 6, 1.174767668709, -1.415121500733, -1.415419069174, -0.426285718527, 0.09674896694212, -2.426754006623, -3.04175416057, 362.3528271983, 363.0368429179, 361.9692414991, 362.7777565917, 5.03602193265, 99.99511676641, 100, 100.0030938871, 687.649588115, 697.9489984337, 688.2789820839, 687.0057337363, 687.0412793838, 685.7636278696, -56.82216689946, -56.39907574714, -57.0238312709, -56.7347080726, -56.55704691973, -216.7514439087, -232.4879380774, -216.3472689679, -214.3963123034, -217.1579193431, -215.2093451743, 40.60078703823, 40.20209527806, 40.51065940602, 40.54136334614, 40.55077141642, 40.57819473479
24.45, 0.09931388135422, 0, 6, 1.176411581886, -1.461131960751, -1.461440068942, -0.4734044781285, 0.04796724702338, -2.47172568794, -3.086988389926, 362.7232645019, 363.4076653256, 362.3404078158, 363.1492364079, 5.045811594888, 99.99485997613, 100, 100.0028724242, 688.0297217113, 698.3432514522, 688.6589633518, 687.3839825864, 687.4220158101, 686.142634062, -56.77165107081, -56.34687283956, -56.97155206204, -56.68224741087, -56.50586665482, -217.3325631448, -233.0598202539, -216.9276926611, -214.9778673029, -217.7394404717, -215.7920015164, 40.59202164797, 40.19330424919, 40.50120973661, 40.53196773563, 40.54253019104, 40.57002754529
24.475, 0.1005414573142, 0, 6, 1.177910530236, -1.507042292153, -1.507360896339, -0.5198458684766, -0.0006275918672755, -2.517204445906, -3.131995749847, 363.0936982629, 363.7784866814, 362.7115767072, 363.5207198533, 5.047786142531, 99.9946275914, 100, 100.0026619915, 688.4103724827, 698.7381351302, 689.0394570078, 687.7627290623, 687.8032737394, 686.5221457401, -56.72068815949, -56.2945656126, -56.91881708713, -56.62981531269, -56.45429887708, -217.9133432459, -233.6312694851, -217.5077732068, -215.5590895747, -218.3206253108, -216.3743334268, 40.58323325726, 40.18449337221, 40.49176820398, 40.52254657236, 40.53429110134, 40.5618285146
24.5, 0.1017250699404, 0, 6, 1.178723406558, -1.55284886732, -1.553177613507, -0.5655645280054, -0.04875136139823, -2.563270852932, -3.177146338671, 363.4641292321, 364.1493071491, 363.0827480957, 363.8922065655, 5.042115525703, 99.99441093389, 100, 100.0024439508, 688.7915476891, 699.1336424551, 689.4204690936, 688.1419808647, 688.1850585632, 686.9021699347, -56.66932239449, -56.24218544933, -56.8657757556, -56.57747302761, -56.40231045891, -218.4937832964, -234.2022894258, -218.08750779, -216.1399754001, -218.9014696475, -216.9563357949, 40.57442189355, 40.17567359943, 40.4823480089, 40.51309776446, 40.52606825386, 40.55359559015
24.525, 0.1028762487331, 0, 6, 1.178481446384, -1.598561166306, -1.598899456027, -0.6105972385821, -0.09606403549947, -2.609909695423, -3.222781414637, 363.8345580314, 364.5201267314, 363.4539217072, 364.2636959753, 5.029037181641, 99.99420499208, 100, 100.0022081412, 689.1732533167, 699.5297607668, 689.8020049734, 688.5217459465, 688.5673746777, 687.2827137403, -56.61761670529, -56.18964728763, -56.81262860182, -56.52514067057, -56.34985224947, -219.0738817296, -234.7728874305, -218.6668937122, -216.720521091, -219.4819693688, -217.538003181, 40.56559387813, 40.16685869887, 40.47296117174, 40.50363154229, 40.51787490735, 40.54533920262
24.55, 0.1039589806435, 0, 6, 1.177072734659, -1.644201237428, -1.644548359287, -0.655048473217, -0.1423659332323, -2.657078904643, -3.269054727707, 364.204985212, 364.8909453791, 363.8250969636, 364.6351873868, 5.008845641533, 99.99400617003, 100, 100.0019504928, 689.5554938841, 699.9264726538, 690.1840694689, 688.9020321765, 688.950225609, 687.6637839705, -56.56564961798, -56.13699778362, -56.75954586287, -56.47285075086, -56.29692425134, -219.653635821, -235.3430740231, -219.2459284282, -217.3007227006, -220.0621202714, -218.1193297366, 40.55676178342, 40.15806350577, 40.46361869569, 40.49416554256, 40.50972334765, 40.53707757261
24.575, 0.1049005656132, 0, 6, 1.174577270837, -1.689809224272, -1.690164469, -0.6991051968151, -0.1876792425019, -2.704719656316, -3.315936615552, 364.5754112188, 365.2617630796, 364.1962731331, 365.0066801007, 4.981859683351, 99.99381383132, 100, 100.0016738689, 689.9382726502, 700.3237587137, 690.5666667985, 689.2828468031, 689.3336141497, 688.0453867399, -56.51350520172, -56.08431673298, -56.70662402603, -56.42065823134, -56.2435951569, -220.2330421092, -235.9128611137, -219.8246095014, -217.880576134, -220.6419182967, -218.700309541, 40.54794242934, 40.14930323167, 40.45433025278, 40.48471864111, 40.5016244207, 40.52883100822
24.6, 0.1056358602918, 0, 6, 1.171203918423, -1.735450730415, -1.73581348304, -0.7431448849426, -0.2322253980787, -2.752625486645, -3.363286453966, 364.9458363774, 365.6325799281, 364.5674494095, 365.3781734979, 4.948404848159, 99.99363115012, 100, 100.0013932802, 690.3215915623, 700.7215985117, 690.9498002394, 689.6641960676, 689.7175417576, 688.4275271356, -56.46126885617, -56.03169869412, -56.65389113232, -56.36858859711, -56.18999200562, -220.812096998, -236.4822614147, -220.4029346793, -218.4600775032, -221.2213599475, -219.2809370046, 40.53915339127, 40.14059124743, 40.44509605107, 40.47530693911, 40.49358002936, 40.52061788756
24.625, 0.1061554481419, 0, 6, 1.1673170493, -1.781209031937, -1.781578887698, -0.7876083705685, -0.2763127971127, -2.800469440809, -3.410924906458, 365.3162609423, 366.0033961321, 364.9386249152, 365.7496670117, 4.908731198789, 99.99345929626, 100, 100.0011232381, 690.7054508442, 701.119969833, 691.3334718287, 690.0460850406, 690.1020083457, 688.810209034, -56.40902878372, -55.97928322972, -56.60134756021, -56.31667785985, -56.13627226055, -221.3907967985, -237.0512889489, -220.9809022081, -219.0392234112, -221.8004424455, -219.8612070927, 40.53040876176, 40.13193430548, 40.4359056234, 40.46594353226, 40.48558077661, 40.51245316023
24.65, 0.1064640745716, 0, 6, 1.163418343496, -1.827157539056, -1.827534411571, -0.8328071079673, -0.3202418303044, -2.848012936547, -3.458655201411, 365.6866851507, 366.374211943, 365.3097988116, 366.1211600965, 4.863023285727, 99.99329928314, 100, 100.0008751092, 691.0898491498, 701.5188495655, 691.7176824447, 690.428517572, 690.4870130094, 689.1934351239, -56.3568725879, -55.92719675712, -56.54899091869, -56.26497453577, -56.08259074095, -221.9691377311, -237.6199584594, -221.558511013, -219.618011054, -222.3791636397, -220.4411154869, 40.52171716009, 40.12333091105, 40.42674550073, 40.4566389302, 40.47761355724, 40.50434831434
24.675, 0.1065436142875, 0, 6, 1.160045115988, -1.873353151063, -1.87373732083, -0.8788901033584, -0.3643750447967, -2.895162522428, -3.506148450589, 366.0571092516, 366.74502771, 365.6809704118, 366.4926523138, 4.811445906153, 99.9931555882, 100, 100.0006636293, 691.4747841359, 701.9182161348, 692.1024320217, 690.8114960709, 690.8725544789, 689.5772067747, -56.30487880414, -55.87553525107, -56.49678478642, -56.21353267689, -56.02911131508, -222.5471164061, -238.1882838088, -222.1357606766, -220.196438258, -222.9575220273, -221.02065879, 40.51308148899, 40.11477313022, 40.41760252527, 40.44739689901, 40.46966543121, 40.49630792619
24.7, 0.1064114512944, 0, 6, 1.15758448636, -1.919845778394, -1.920237820737, -0.9258991036464, -0.409142492175, -2.941936611259, -3.553082778091, 366.4275335232, 367.1158439248, 366.0521393093, 366.8641434568, 4.754098089775, 99.99303026909, 100, 100.000497092, 691.8602533067, 702.3180535023, 692.4877197658, 691.195021176, 691.258631344, 689.9615237989, -56.25310292742, -55.82435892365, -56.44463870933, -56.16239903798, -55.97601162133, -223.1247308018, -238.7562753034, -222.7126513517, -220.7745036765, -223.5355169025, -221.5998348921, 40.50449797104, 40.10624938127, 40.40846441095, 40.43820890124, 40.46172457279, 40.48832402858
24.725, 0.1061178902147, 0, 6, 1.156168824667, -1.966668931507, -1.967069560943, -0.9738095454062, -0.454841303882, -2.988413497215, -3.599313968301, 366.7979582825, 367.4866610734, 366.4233054004, 367.2356335117, 4.69100007644, 99.99292410681, 100, 100.0003771369, 692.2462545705, 702.7183522206, 692.8735443148, 691.5790920969, 691.6452420814, 690.3463848805, -56.20157428056, -55.77370016246, -56.39247752489, -56.11161353293, -55.92341767635, -223.7019807048, -239.3239389292, -223.2891836865, -221.3522069949, -224.1131483305, -222.17864308, 40.49595601211, 40.09774640806, 40.39931964871, 40.42905800261, 40.45378032413, 40.48037968618
24.75, 0.1057244434503, 0, 6, 1.155730801957, -2.013825894634, -2.014235827383, -1.022530334635, -0.5015307001028, -3.034677242236, -3.644892573535, 367.1683839007, 367.8574795443, 366.7944687692, 367.6071225484, 4.62212725872, 99.99283746929, 100, 100.0003021064, 692.6327861592, 703.1191065914, 693.2599038349, 691.9637072654, 692.0323848788, 690.7317881727, -56.15030674672, -55.7235862319, -56.34028969345, -56.06122295494, -55.87137148285, -224.2788672932, -239.8912782099, -223.8653588019, -221.9295488049, -224.6904169577, -222.7570836707, 40.48744005703, 40.08925002077, 40.39015752416, 40.41992519915, 40.44582218763, 40.47245548369
24.775, 0.1052918310685, 0, 6, 1.156106437318, -2.061278987288, -2.061698860643, -1.071826236061, -0.5490587916219, -3.080861542937, -3.689994176948, 367.5388108236, 368.228299599, 367.1656295634, 367.9786106147, 4.547451201614, 99.99276915818, 100, 100.0002642611, 693.0198463895, 703.5203113986, 693.6467961959, 692.3488648594, 692.420057807, 691.1177317227, -56.09931094942, -55.67404957588, -56.28812696115, -56.01130237026, -55.81984048371, -224.8553924368, -240.4582963663, -224.4411782784, -222.5065302565, -225.2673236933, -223.3351574907, 40.47893256817, 40.08074599003, 40.38097190866, 40.41079358374, 40.43784309842, 40.4645343384
24.8, 0.1048384500275, 0, 6, 1.157065623635, -2.108961170365, -2.109391478311, -1.121369162734, -0.5971602920031, -3.12719558524, -3.734824764308, 367.9092395601, 368.5991213933, 367.536787962, 368.3500976847, 4.46702663361, 99.99271940785, 100, 100.0002555466, 693.4074337023, 703.9219607673, 694.0342191866, 692.7345630747, 692.8082590813, 691.5042135982, -56.04859908163, -55.62509064993, -56.2360781369, -55.96192600887, -55.76875903994, -225.4315584345, -241.0249970796, -225.0166440127, -223.0831527676, -225.843869515, -223.9128655157, 40.47041761252, 40.07222301899, 40.37176395867, 40.40164978077, 40.42984343225, 40.45660257991
24.825, 0.1043647282041, 0, 6, 1.158325909976, -2.156806148644, -2.157247187268, -1.170882762952, -0.645559895919, -3.173873233059, -3.779567589834, 368.2796706412, 368.9699450638, 367.9079441105, 368.7215836475, 4.381025874116, 99.99268905136, 100, 100.0002704484, 693.7955465492, 704.3240473141, 694.4221704765, 693.120800204, 693.1969865997, 691.891231843, -55.99818826755, -55.57668342558, -56.1842442557, -55.91313138602, -55.71806791404, -226.0073680233, -241.5913850796, -225.5917580807, -223.6594178947, -226.420055549, -224.4902086879, 40.46188304305, 40.06367465278, 40.36253751983, 40.39248364815, 40.42182670566, 40.44864956857
24.85, 0.1038881656299, 0, 6, 1.159592403727, -2.204769209106, -2.205221051758, -1.220201010991, -0.6939960390385, -3.221007551895, -3.824449452712, 368.6501045936, 369.3407707431, 368.2790980579, 369.0930682871, 4.289655697228, 99.99267676174, 100, 100.0003013955, 694.1841831158, 704.7265613777, 694.8106475151, 693.5075746555, 693.586237676, 692.2787844739, -55.94810330258, -55.52879668733, -56.13273460622, -55.86492736328, -55.66772055547, -226.5828242392, -242.1574666675, -226.1665227141, -224.2353272728, -226.9958830871, -225.0671878281, 40.45332090095, 40.05509887987, 40.35329649203, 40.3832886572, 40.41379691533, 40.44066846522
24.875, 0.1034106190462, 0, 6, 1.160643525704, -2.252834963883, -2.253297504678, -1.26925780904, -0.7421995848122, -3.268656040104, -3.869722567695, 369.0205419243, 369.7115984997, 368.6502496851, 369.4645512204, 4.193167280036, 99.99268136334, 100, 100.0003421415, 694.5733409243, 705.1294896328, 695.1996474699, 693.8948851393, 693.9760089828, 692.6668696828, -55.89838172679, -55.48143012707, -56.08168571358, -55.81733365005, -55.61766650874, -227.1579299631, -242.7232506563, -226.7409402989, -224.8108825189, -227.571353469, -225.6438034904, 40.44472784173, 40.04649682882, 40.34404442112, 40.37406530196, 40.40575802346, 40.43266001553
24.9, 0.1029082755595, 0, 6, 1.161398962702, -2.301020253087, -2.301493312895, -1.318064189859, -0.7899970706463, -3.316849342917, -3.91554560142, 369.3909830962, 370.0824284068, 369.02139869, 369.8360319394, 4.091860986094, 99.9927020817, 100, 100.0003900383, 694.9630165584, 705.5328147074, 695.5891671821, 694.2827305095, 694.3662966066, 693.0554856452, -55.84907506041, -55.43460717706, -56.03122521104, -55.77037754246, -55.56788590015, -227.7326875691, -243.2887486578, -227.3150133454, -225.38608509, -228.1464680485, -226.220055891, 40.43610533677, 40.03787159903, 40.33478445758, 40.36481958681, 40.39771385011, 40.42463097184
24.925, 0.1023491355621, 0, 6, 1.161894483213, -2.349368116331, -2.349851539188, -1.366688419916, -0.8373694792488, -3.365606241812, -3.961954480736, 369.7614285053, 370.4532605941, 369.3925446585, 370.207509899, 3.986062978678, 99.99273817867, 100, 100.0004441303, 695.3532058104, 705.9365171285, 695.979203162, 694.6711093746, 694.7570962097, 693.4446301823, -55.8002416095, -55.38834730085, -55.98143739974, -55.72407135912, -55.51841047257, -228.3070990458, -243.8539737849, -227.8887444406, -225.9609363278, -228.7212282778, -226.7959451189, 40.42745860651, 40.029227702, 40.32551955707, 40.35555919831, 40.38966832395, 40.41659003378
24.95, 0.1016800412967, 0, 6, 1.162220108454, -2.397935862186, -2.398429566912, -1.415307278297, -0.8844316847816, -3.414881019215, -4.008900009599, 370.1318784596, 370.8240952537, 369.7636871429, 370.5789846027, 3.875836082915, 99.99279068534, 100, 100.0005093064, 695.7439039671, 706.3405776995, 696.3697515175, 695.0600197711, 695.1484029366, 693.8343005411, -55.75193773905, -55.34264977634, -55.93235691883, -55.67839140429, -55.46932019601, -228.8811663263, -244.4189390517, -228.4621362079, -226.5354376459, -229.2956359015, -227.3714714661, 40.41879476887, 40.02057045591, 40.31625000163, 40.34629068332, 40.3816228252, 40.40854492676
24.975, 0.1008835145553, 0, 6, 1.162527536008, -2.446777983117, -2.447282022532, -1.46419222958, -0.9313673440199, -3.464477529889, -4.056283226152, 370.5023331617, 371.1949326027, 370.1348256564, 370.9504556187, 3.753725830393, 99.99286013808, 100, 100.0005934794, 696.1351057195, 706.744978679, 696.7608077386, 695.4494589042, 695.5402110522, 694.224493236, -55.70421298866, -55.29754723804, -55.88398258887, -55.63331010237, -55.42070898448, -229.4548912975, -244.9836565744, -229.0351913443, -227.1095907288, -229.8696931543, -227.9466357292, 40.4101201022, 40.01190309426, 40.30696877539, 40.3370186761, 40.37357060257, 40.40050134511
25, 0.09994490700537, 0, 6, 1.163052485026, -2.495935778855, -2.496450422088, -1.513600154613, -0.9783575087789, -3.514223626089, -4.10398786883, 370.8727928153, 371.5657728265, 370.5059595667, 371.3219226103, 3.620680258479, 99.99294669795, 100, 100.0007032276, 696.5268049138, 707.1497031192, 697.1523667109, 695.839423119, 695.9325141954, 694.6152040121, -55.65711214512, -55.25331806172, -55.83630233989, -55.58904683101, -55.37265424568, -230.0282757513, -245.548138004, -229.6079129677, -227.6833976413, -230.443402572, -228.5214392795, 40.40143799102, 40.00322425738, 40.29766512179, 40.32774640608, 40.3655010659, 40.39246294592
25.025, 0.09885720301669, 0, 6, 1.164087520273, -2.545432426005, -2.545958223147, -1.563662562964, -1.025575160033, -3.564001614636, -4.151857071725, 371.2432575902, 371.93661613, 370.877088251, 371.6933852597, 3.482798497207, 99.99305246608, 100, 100.0008466219, 696.9189944806, 707.5547322678, 697.5444225314, 696.2299080974, 696.325305596, 695.0064279329, -55.61068390352, -55.21003465012, -55.78930557872, -55.54563741886, -55.32524100162, -230.6013216543, -246.112396306, -230.1803046667, -228.2568608872, -231.0167672162, -229.0958839248, 40.39274855618, 39.9945281696, 40.2883279323, 40.31847517731, 40.3574030999, 40.38443121295
25.05, 0.09762700127655, 0, 6, 1.165895178417, -2.595272106888, -2.595809879696, -1.614413059833, -1.073246139914, -3.613747258368, -4.199654353276, 371.6137276909, 372.3074628069, 371.2482109485, 372.0648433364, 3.346131749481, 99.99317996472, 100, 100.0010318922, 697.3116669304, 707.9600478627, 697.9369687382, 696.620908605, 696.7185782087, 695.3981591427, -55.56497262824, -55.16771614766, -55.74295049933, -55.50308467083, -55.27857780388, -231.1740315545, -246.6764442063, -230.7523705222, -228.8299834578, -231.5897906365, -229.6699720803, 40.38404826931, 39.98580600767, 40.278946471, 40.30919998778, 40.34926577964, 40.3764008822
25.075, 0.09630641797861, 0, 6, 1.168605684369, -2.645436469752, -2.64598720416, -1.665817080507, -1.121553224196, -3.663412477088, -4.247204144748, 371.9842033053, 372.6783131554, 371.619326695, 372.4362967272, 3.216643955614, 99.99333091409, 100, 100.0012630072, 697.7048150147, 708.3656355481, 698.3299984958, 697.0124184746, 697.1123250259, 695.790391009, -55.52000677515, -55.12618764426, -55.69718393311, -55.46121672386, -55.23275916607, -231.746408963, -247.2402918371, -231.3241148371, -229.4027689516, -232.1624769422, -230.2437070071, 40.37532930328, 39.97704731532, 40.26951048458, 40.29990929003, 40.34107853371, 40.36835987147
25.1, 0.09498032582909, 0, 6, 1.172211898344, -2.695880622858, -2.696445344142, -1.717784185606, -1.17054326965, -3.712924251945, -4.294443546293, 372.3546845968, 373.0491673614, 371.990434421, 372.8077454331, 3.100186274018, 99.99350379367, 100, 100.0015384804, 698.0984321297, 708.7714871154, 698.7235049656, 697.4044308877, 697.5065393438, 696.1831165544, -55.47579195931, -55.0852441523, -55.65197207202, -55.41985215338, -55.18782191678, -232.3184580932, -247.8039451566, -231.8955418784, -229.9752214675, -232.7348305164, -230.8170927993, 40.36658015553, 39.96824072686, 40.26001019143, 40.29058874247, 40.33283094228, 40.36029306887
25.125, 0.09374614779663, 0, 6, 1.176617751656, -2.746529488432, -2.747109169411, -1.770088612996, -1.220121106904, -3.762306762699, -4.341401201534, 372.7251716079, 373.4200253838, 372.3615349801, 373.1791895646, 3.002471698844, 99.99368315664, 100, 100.001837549, 698.4925126259, 709.177602641, 699.1174817804, 697.7969386131, 697.9012155151, 696.5763288192, -55.43230479524, -55.04462952555, -55.6072983387, -55.37876431317, -55.14373130315, -232.8901831651, -248.3674043694, -232.4666553677, -230.54734523, -233.3068555978, -231.3901341725, 40.35778736531, 39.95937470403, 40.25043967244, 40.28122436109, 40.32451606106, 40.35218546812
25.15, 0.0926307549651, 0, 6, 1.181607868183, -2.797289259481, -2.797884690142, -1.822313767624, -1.270106092131, -3.811870624986, -4.388162411503, 373.0956642005, 373.7908869035, 372.7326323799, 373.5506293515, 2.911806642879, 99.99385664249, 100, 100.00213543, 698.8870523364, 709.5839926519, 699.5119236373, 698.1899341719, 698.2963499601, 696.9700210816, -55.38948668827, -55.0039701422, -55.56314359275, -55.33763170776, -55.10039189326, -233.46158822, -248.9306623167, -233.037458108, -231.119144279, -233.8785558606, -231.9628362558, 40.34893872338, 39.95044136167, 40.24080533819, 40.27180375039, 40.31613943625, 40.34402368553
25.175, 0.09157391010275, 0, 6, 1.186790845547, -2.848091883649, -2.84870347704, -1.874142019857, -1.320318635183, -3.861962279427, -4.43485829934, 373.4661623275, 374.1617514788, 373.1037296479, 373.9220651873, 2.817357150196, 99.99402694115, 100, 100.0024237918, 699.282048597, 709.9906762727, 699.9068264271, 698.5834100786, 698.6919400285, 697.3641869283, -55.34725111741, -54.96356031013, -55.51947960688, -55.29682416922, -55.05768119125, -234.0326777076, -249.4937057996, -233.6079525801, -231.690622553, -234.4499342496, -232.5352044447, 40.34002620545, 39.94144055994, 40.23112096322, 40.26231606219, 40.30771461488, 40.33579641493
25.2, 0.09056024535375, 0, 6, 1.191641789252, -2.898924141698, -2.899551769613, -1.925446852048, -1.370587998947, -3.912766777797, -4.481723530206, 373.8366659688, 374.5326187432, 373.4748273347, 374.2934975113, 2.728841257803, 99.99419370534, 100, 100.0026929932, 699.6774992915, 710.3976731958, 700.3021862661, 698.977359229, 699.0879828014, 697.7588202632, -55.30551096785, -54.92373500269, -55.47629255634, -55.25673734759, -55.01548112934, -234.6034568563, -250.056521151, -234.1781412338, -232.2617840348, -235.0209937344, -233.1072439847, 40.33104657407, 39.93237965697, 40.22140087789, 40.25275272495, 40.29925639643, 40.32749548343
25.225, 0.08968250003112, 0, 6, 1.195648144832, -2.949803051418, -2.950446016563, -1.976177970615, -1.420616952404, -3.96427499353, -4.529140218464, 374.2071749165, 374.9034883453, 373.8459251984, 374.6649265588, 2.655943576801, 99.99435130973, 100, 100.0029276667, 700.0734020698, 710.8049975725, 700.6979988876, 699.3717755695, 699.4844749457, 698.153915799, -55.26419944634, -54.88407522554, -55.43364188796, -55.21698306176, -54.97364700599, -235.1739309284, -250.6190984214, -234.7480262142, -232.8326325641, -235.5917376372, -233.6789594519, 40.32200179922, 39.92327097782, 40.21165854425, 40.24311461058, 40.29077873323, 40.31912252438
25.25, 0.08898127420294, 0, 6, 1.198501542704, -3.000733236035, -3.001390448766, -2.0263405094, -1.470078523998, -4.016395419122, -4.57740059373, 374.5776888398, 375.2743598758, 374.2170228872, 375.0363523995, 2.60829148102, 99.99449476075, 100, 100.0031183082, 700.4697542931, 711.2126594227, 701.0942602857, 699.766654164, 699.8814130846, 698.5494692188, -55.22326617006, -54.84416682721, -55.39161674635, -55.17715138607, -54.93202687183, -235.7441036614, -251.181430414, -235.3176091774, -233.4031712607, -236.1621687848, -234.2503545257, 40.3129002729, 39.91412914208, 40.20190688414, 40.23341480561, 40.282294341, 40.31069064239
25.275, 0.08846856847419, 0, 6, 1.200143014133, -3.051680372926, -3.05235059738, -2.075943339707, -1.518785628425, -4.068980529774, -4.626571197242, 374.9482071386, 375.6452328407, 374.5881203248, 375.4077751414, 2.595386419908, 99.99461986686, 100, 100.0032604237, 700.8665535731, 711.6206704861, 701.4909671718, 700.1619905431, 700.2787946983, 698.9454767858, -55.18265735941, -54.80357596525, -55.35023725075, -55.13679580199, -54.89050560503, -236.3139765576, -251.7435086478, -235.8868906444, -233.9734022076, -236.7322892858, -234.8214322511, 40.30375627906, 39.90496961206, 40.19215861756, 40.22367274705, 40.27381502923, 40.3022185622
25.3, 0.0881327800533, 0, 6, 1.200686664268, -3.102572172735, -3.103254213599, -2.125050533415, -1.56673748, -4.12178879339, -4.67651069434, 375.3187288445, 376.0161065935, 374.9592177882, 375.7791951363, 2.62651384653, 99.99472668336, 100, 100.0033590418, 701.263798557, 712.0290513581, 701.8881173037, 700.5577800984, 700.67661868, 699.3419350747, -55.14229120747, -54.76184079818, -55.30940926167, -55.09542472953, -54.84900091588, -236.8835490039, -252.3053183963, -236.4558695131, -234.5433264923, -237.3021005431, -235.3921955605, 40.29458767055, 39.8958079106, 40.18242392501, 40.21390847413, 40.26534955937, 40.29372531859
25.325, 0.08790077501266, 0, 6, 1.200386964689, -3.153329573064, -3.154022448269, -2.173963881719, -1.614082283937, -4.174446449371, -4.726974461807, 375.6892527752, 376.3869803071, 375.3303155103, 376.1506130896, 2.704395376509, 99.99481814366, 100, 100.0034300806, 701.6614889015, 712.437833658, 702.2857094837, 700.9540178791, 701.0748845972, 699.7388409061, -55.10205049241, -54.71916458243, -55.26894112861, -55.05315614409, -54.8074375815, -237.4528186029, -252.8668371702, -237.0245434019, -235.1129444352, -237.8716031909, -235.9626476001, 40.28541194836, 39.88665637087, 40.17270126289, 40.20413971215, 40.25689531674, 40.28522767964
25.35, 0.0877792513238, 0, 6, 1.199667396957, -3.203898182039, -3.204601347678, -2.223007692612, -1.661053799204, -4.226536741768, -4.777714755162, 376.0597774434, 376.7578530112, 375.7014140575, 376.5220299382, 2.815283276174, 99.99489564475, 100, 100.0034879166, 702.059624342, 712.8470545343, 702.6837428758, 701.3506987784, 701.4735928685, 700.1361913606, -55.06180071532, -54.67553829013, -55.22859328001, -55.00987822519, -54.76573215614, -238.0217815389, -253.4280385006, -237.5929088136, -235.6822558204, -238.4407976302, -236.5327915774, 40.27624230219, 39.87751960972, 40.16297930161, 40.19438090939, 40.24844060891, 40.27673968765
25.375, 0.08778261368421, 0, 6, 1.199076732771, -3.254253795082, -3.254967332713, -2.27238612039, -1.707928417082, -4.277796926863, -4.828478706686, 376.430301276, 377.1287236153, 376.0725141788, 376.8934467336, 2.957801557385, 99.99496134624, 100, 100.0035455707, 702.4582046112, 713.2567539072, 703.0822172502, 701.7478178422, 701.8727451467, 700.533983923, -55.02139940635, -54.63091658223, -55.18811087381, -54.96547560731, -54.72378829994, -238.5904329521, -253.9888938317, -238.1609616146, -236.2512599703, -239.0096837255, -237.1026305757, 40.26708622364, 39.86839402605, 40.1532444304, 40.18464287989, 40.23997178426, 40.26827202191
25.4, 0.08793734948217, 0, 6, 1.199158080551, -3.304378742835, -3.305103393577, -2.322142471549, -1.755085567457, -4.328094587998, -4.878892492283, 376.8008226558, 377.499591038, 376.4436169501, 377.2648646944, 3.131528801998, 99.995020376, 100, 100.003619049, 702.8572302743, 713.6669757682, 703.4811332577, 702.1453702432, 702.2723447111, 700.9322163413, -54.98069157247, -54.58501601316, -55.14719409449, -54.91963071234, -54.68153337215, -239.1587674792, -254.5493716187, -238.7286969366, -236.8199557718, -239.5782608623, -237.6721675717, 40.2579451419, 39.85927007252, 40.14348356004, 40.17492759811, 40.23147545006, 40.25982616027
25.425, 0.08830254869764, 0, 6, 1.20025973271, -3.35423933302, -3.354976295503, -2.372212438609, -1.80288662929, -4.377381894649, -4.928607004332, 377.1713400141, 377.8704542143, 376.8147237577, 377.6362852583, 3.335938248852, 99.99507520522, 100, 100.0037166937, 703.2567040015, 714.0777727728, 703.8804929481, 702.5433513027, 702.6723967704, 701.3308867461, -54.93949412891, -54.53750779569, -55.10550394763, -54.87200842342, -54.63889658864, -239.726779932, -255.1094340793, -239.2961090615, -237.3883417893, -240.1465277932, -238.241405638, 40.24881332164, 39.85013496449, 40.1336846463, 40.16522463169, 40.22293894284, 40.25139075944
25.45, 0.08895214251888, 0, 6, 1.20247321722, -3.403776052331, -3.404526685494, -2.422466563988, -1.851493194922, -4.425648117703, -4.977443789185, 377.5418518297, 378.2413119947, 377.1858362803, 378.0077100326, 3.570376657596, 99.99512761799, 100, 100.0038414669, 703.6566311894, 714.4892079548, 704.2803000819, 702.9417571053, 703.0729086471, 701.7299943836, -54.89759106136, -54.48805452544, -55.06273074054, -54.82228355927, -54.59573687367, -240.294465325, -255.6690359201, -239.8631911755, -237.9564162219, -240.7144824407, -238.8103478295, 40.23967824357, 39.84097430739, 40.1238362698, 40.1555164298, 40.21435006751, 40.24294699318
25.475, 0.08997789688438, 0, 6, 1.205714113505, -3.452903034331, -3.453668638575, -2.472699830344, -1.900829314055, -4.472903595823, -5.025414616149, 377.912356578, 378.6121630903, 377.5569564204, 378.3791407324, 3.834079927807, 99.99517857251, 100, 100.0039919174, 704.0570199135, 714.9013534343, 704.6805603483, 703.3405851178, 703.4738899597, 702.1295402659, -54.85473925114, -54.43628985437, -55.0186225508, -54.77011469973, -54.55181581894, -240.8618182113, -256.2281251781, -240.4299350843, -238.5241765774, -241.282121618, -239.3789967763, 40.23052286262, 39.83177272222, 40.11392797736, 40.14578438108, 40.20569737308, 40.23447486886
25.5, 0.09152940379809, 0, 6, 1.209808549724, -3.501507134885, -3.502288825788, -2.522522814362, -1.950648339278, -4.519222054658, -5.072651601016, 378.2828525133, 378.9830060161, 377.9280865958, 378.7505791576, 4.126134648171, 99.99522777604, 100, 100.0041601738, 704.4578810624, 715.3142905663, 705.0812816761, 703.739834537, 703.8753536865, 702.5295275711, -54.81066922807, -54.38118486561, -54.97296426561, -54.71453302197, -54.50680858653, -241.4288318411, -256.7866430375, -240.9963304111, -239.0916191853, -241.8494408533, -239.9473542939, 40.22132898894, 39.82251547872, 40.10395561026, 40.13601234886, 40.19697532244, 40.22595698113
25.525, 0.09371153363501, 0, 6, 1.214510978336, -3.549441532572, -3.550240125069, -2.571470050336, -2.000619481711, -4.56470653671, -5.119308248494, 378.6533377205, 379.3538389963, 378.2992291436, 379.1220273138, 4.445090008802, 99.9952772146, 100, 100.0043400149, 704.8592293526, 715.7281161693, 705.482475379, 704.1395063594, 704.2773167054, 702.9299619208, -54.76506534581, -54.32193563505, -54.92552572421, -54.65481688951, -54.46032039885, -241.9954973246, -257.3445193632, -241.5623641216, -239.6587386617, -242.4164334642, -240.5154213213, 40.21208077789, 39.81319162281, 40.09392181722, 40.1261879012, 40.18818452106, 40.21737910967
25.55, 0.09652828543718, 0, 6, 1.219530444325, -3.596544248889, -3.597360170733, -2.619205070448, -2.05041709491, -4.609451285595, -5.165530685151, 379.0238100667, 379.7246599108, 378.6703855374, 379.4934875521, 4.789462015196, 99.99533176557, 100, 100.0045299326, 705.2610838625, 716.1429466539, 705.8841566466, 704.5396033943, 704.679799864, 703.330851574, -54.71755334575, -54.25838172108, -54.87602008122, -54.59086511477, -54.41190154469, -242.5618030784, -257.901669683, -242.128020077, -240.2255275433, -242.9830901784, -241.0831978702, 40.20276633447, 39.8037950571, 40.08383076572, 40.11630177902, 40.17932726381, 40.20872998158
25.575, 0.09992660331367, 0, 6, 1.224588258132, -3.642688057936, -3.643521346592, -2.665538449245, -2.099729420849, -4.653622083903, -5.211553973858, 379.3942671047, 380.0954663387, 379.0415556581, 379.8649624603, 5.157686005938, 99.99539430294, 100, 100.0047259214, 705.6634671797, 716.5589118741, 706.2863439162, 704.9401307221, 705.0828276056, 703.732207692, -54.66772256662, -54.19037254685, -54.82413041673, -54.52251866379, -54.36105690618, -243.1277349257, -258.4579993953, -242.6932790853, -240.79197624, -243.549399563, -241.6506825481, 40.19337800105, 39.79432368446, 40.07368587246, 40.10634927319, 40.17040607039, 40.20000383418
25.6, 0.1039210496514, 0, 6, 1.229516494796, -3.687823730003, -3.68867417743, -2.710405548848, -2.148308762514, -4.697216380569, -5.257644836152, 379.7647062681, 380.4662557311, 379.4127459182, 380.2364544766, 5.548225895456, 99.99542154982, 100, 100.0048801149, 706.0664034995, 716.9761392094, 706.689057904, 705.3410965306, 705.4864262984, 704.1340444588, -54.61518061979, -54.11788060553, -54.76956502145, -54.44977577142, -54.30729734386, -243.6932763298, -259.0134146978, -243.2581200495, -241.358072905, -244.1153479502, -242.2178713803, 40.18391292037, 39.78477800187, 40.06348946939, 40.09633277576, 40.16142348426, 40.19120322336
25.625, 0.1085897483027, 0, 6, 1.234300565449, -3.731941046417, -3.73280840833, -2.753853734037, -2.196033497431, -4.739941444977, -5.303956443935, 380.1351248917, 380.8370255484, 379.7839657332, 380.6079658998, 5.959566178883, 99.99543788941, 100, 100.0050158431, 706.4699190636, 717.3947542388, 707.0923219607, 705.7425121259, 705.8906247496, 704.5363790759, -54.55954983278, -54.04085601607, -54.7120096852, -54.37270367056, -54.25017651385, -244.2584078351, -259.5678221181, -243.8225195899, -241.923803176, -244.6809193175, -242.784757755, 40.17437284256, 39.77516003377, 40.05324329675, 40.08625928457, 40.15238104158, 40.18233545053
25.65, 0.1135495879497, 0, 6, 1.239132683649, -3.774970584739, -3.775854860768, -2.796413051683, -2.24286257126, -4.781347583708, -5.350424577903, 380.5055201058, 381.2077733557, 380.1552147588, 380.9794992308, 6.390189141355, 99.99546679567, 100, 100.0051903664, 706.8740426514, 717.8148827675, 707.496161447, 706.1443918767, 706.2954519315, 704.9392317321, -54.50046282372, -53.95900431416, -54.65109627762, -54.29081674358, -54.18929875485, -244.8231066296, -260.1211273431, -244.3864518496, -242.4891502938, -245.2460967809, -243.3513327983, 40.16476110711, 39.76546919398, 40.04292957547, 40.07613743125, 40.14324891588, 40.1734079829
25.675, 0.1191422418446, 0, 6, 1.244777516654, -3.816766238011, -3.817668499643, -2.838377626593, -2.288799528477, -4.820666115926, -5.396774574753, 380.8758891918, 381.5784971245, 380.5264925806, 381.3510565858, 6.838901036445, 99.99552485837, 100, 100.0054280802, 707.2788013905, 718.2366241157, 707.9006015715, 706.5467537386, 706.7009365097, 705.34262516, -54.43765117047, -53.87244293459, -54.58647987001, -54.20400226492, -54.12436626113, -245.3873463338, -260.6732542043, -244.949891064, -243.0540954351, -245.8108619229, -243.917584368, 40.15507362142, 39.75568587486, 40.03249896333, 40.06597642069, 40.13398158358, 40.16442711681
25.7, 0.1254530614795, 0, 6, 1.251966597131, -3.857452664909, -3.858375139349, -2.879210786486, -2.334147647717, -4.858943773003, -5.442962630414, 381.2462300013, 381.9491949515, 380.8978006787, 381.7226396314, 7.304513655411, 99.99558956523, 100, 100.0056746533, 707.6842231151, 718.6600715119, 708.3056720233, 706.9496182815, 707.1071162093, 705.7465846584, -54.37087406007, -53.78100658463, -54.51782358984, -54.11229197888, -54.0551315451, -245.9510999143, -261.224129929, -245.5128103851, -243.6186178926, -246.3751918078, -244.4834976955, 40.14530505669, 39.7457900206, 40.02195696438, 40.05577898041, 40.12460405475, 40.15539827981
25.725, 0.1321811032539, 0, 6, 1.260739228604, -3.897236180138, -3.898181307568, -2.918296133981, -2.379419981427, -4.897188621914, -5.488348576908, 381.6165406558, 382.3198650837, 381.2691410976, 382.0942502025, 7.785566729776, 99.99562240134, 100, 100.0058803205, 708.0903420425, 719.0853346774, 708.7114074249, 707.3530083543, 707.514032398, 706.1511375434, -54.2998416647, -53.68440055929, -54.44472797151, -54.01559840436, -53.98146862418, -246.5143411816, -261.7736686964, -246.0751802459, -244.1826952125, -246.9390611623, -245.0490563213, 40.13545652585, 39.73578203129, 40.01133950771, 40.04553620278, 40.11515277356, 40.1463124594
25.75, 0.1394661184069, 0, 6, 1.270049704788, -3.936043635086, -3.937012357151, -2.955441337572, -2.425246031836, -4.935656516197, -5.532308601213, 381.9868192676, 382.690506659, 381.6405165223, 382.4658907714, 8.280248569672, 99.99562330335, 100, 100.006029042, 708.4972021765, 719.5125533775, 709.1178460966, 707.7569467421, 707.9217292908, 706.5563106932, -54.22416308586, -53.58162669664, -54.36654918224, -53.91344196226, -53.90344813284, -247.0770458285, -262.3217616621, -246.6369679762, -244.7463041539, -247.5024436584, -245.6142438453, 40.12552800839, 39.72568295148, 40.00068631583, 40.03520267677, 40.10566092237, 40.13711605243
25.775, 0.1475925123635, 0, 6, 1.278138057943, -3.973854027796, -3.974844585221, -2.990441540435, -2.471216214749, -4.974360077471, -5.575963697829, 382.3570643476, 383.0611188227, 382.0119295803, 382.8375637487, 8.786553840116, 99.99556801246, 100, 100.0060582381, 708.9048533042, 719.9418828922, 709.5250296559, 708.1614605837, 708.3302532434, 706.9621375763, -54.14340223875, -53.47281666547, -54.28301405579, -53.80579471632, -53.82056432681, -247.6391909183, -262.8682872105, -247.1981394742, -245.3094206221, -248.0653108963, -246.1790423264, 40.11551826894, 39.71552704407, 39.99003446264, 40.02474846484, 40.09616337442, 40.12779037172
25.8, 0.1565249447039, 0, 6, 1.283619264265, -4.010832073328, -4.011840473653, -3.02352412608, -2.51648426236, -5.013386624771, -5.620689820914, 382.7272742112, 383.4317011805, 382.3833822297, 383.209271156, 9.302686692408, 99.99543635441, 100, 100.0059317276, 709.3133452803, 720.3734609369, 709.9330016132, 708.5665840959, 708.7396519659, 707.368657865, -54.05719747921, -53.35805023296, -54.19421113524, -53.69260887097, -53.73222856595, -248.2007496946, -263.4131344458, -247.7586585304, -245.872017214, -248.6276314159, -246.7434290056, 40.10543719697, 39.70535220847, 39.97941469198, 40.01418608713, 40.08669516424, 40.11835474249
25.825, 0.1650771358317, 0, 6, 1.285988545046, -4.047071357077, -4.048092659486, -3.056209310581, -2.560217291923, -5.052107186895, -5.667187407078, 383.0974467593, 383.802254884, 382.7548755085, 383.581014362, 9.827238737679, 99.99520330326, 100, 100.0056878846, 709.7227261481, 720.8073931068, 710.3418051161, 708.9723571014, 709.1499683062, 707.7759153112, -53.96531174549, -53.2368157457, -54.10027773092, -53.57320700289, -53.63790005703, -248.7616888046, -263.9562137673, -248.3184869816, -246.434062419, -249.1893731447, -247.3073757239, 40.09530738648, 39.69519125285, 39.96882811554, 40.00355584753, 40.07723726279, 40.10885002379
25.85, 0.1740900276796, 0, 6, 1.28682620955, -4.082196470781, -4.083228009985, -3.090060690576, -2.601483397645, -5.086475046343, -5.715065142737, 383.4675799059, 384.1727831941, 383.1264072679, 383.9527936286, 10.35998183954, 99.99496334884, 100, 100.0055145565, 710.1330322961, 721.2436887139, 710.7514744299, 709.3788250624, 709.5612271921, 708.1839555501, -53.86784863482, -53.10991664915, -54.0013744056, -53.44766116164, -53.53741813385, -249.3219659976, -264.4975045922, -248.8775911969, -246.9955217236, -249.7505076574, -247.8708477594, 40.08514046537, 39.6850237265, 39.95814507112, 39.99291530036, 40.06763214328, 40.09932507595
25.875, 0.1842874301497, 0, 6, 1.288934537719, -4.116284583767, -4.117328178341, -3.123774982737, -2.640654272396, -5.118413906631, -5.763987737226, 383.8376725302, 384.5432834394, 383.4979761026, 384.3246082575, 10.90120383742, 99.99471572123, 100, 100.0053237163, 710.5442915739, 721.6823216198, 711.1620488198, 709.7860340791, 709.9734772494, 708.5928248986, -53.76503279424, -52.97786531412, -53.89752141389, -53.31671603156, -53.43081302515, -249.8815343682, -265.0370119752, -249.4359378911, -247.5563582195, -250.3109961382, -248.4338072789, 40.07493827815, 39.67479494485, 39.94734264427, 39.98231622165, 40.05792576986, 40.08983297297
25.9, 0.1948705878007, 0, 6, 1.293651175503, -4.150076463965, -4.151136372033, -3.155700650306, -2.679554744815, -5.15180561174, -5.812583486072, 384.207723613, 384.9137425432, 383.8695830448, 384.6964584333, 11.45031081666, 99.99439902086, 100, 100.0050015178, 710.9565437097, 722.1233452174, 711.5735797089, 710.1940280026, 710.3867824238, 709.0025702977, -53.65682070318, -52.84012891666, -53.78838267501, -53.18044009418, -53.31822330754, -250.4403503162, -265.5746820772, -249.9934861375, -248.1165334602, -250.8707943266, -248.9962181791, 40.06472264684, 39.6645000763, 39.93651934927, 39.97178152297, 40.04824770519, 40.08040703076
25.925, 0.2053645344903, 0, 6, 1.299556131502, -4.183740409725, -4.18481872509, -3.184947036411, -2.720547458323, -5.188204713633, -5.857434622971, 384.5777312356, 385.2841545952, 384.2412310074, 385.068346575, 12.0048978478, 99.9939454346, 100, 100.0044900114, 711.3698521646, 722.5669376988, 711.9861262481, 710.6028409309, 710.8012111953, 709.4132278768, -53.54272388531, -52.69600147229, -53.67265079683, -53.03847031211, -53.20059262867, -250.9983758417, -266.1103669635, -250.5501867652, -248.6760102105, -251.4298582473, -249.5580516345, 40.05451904199, 39.65419332684, 39.92578683256, 39.9612320831, 40.03870133353, 40.07093701973
25.95, 0.2172240892182, 0, 6, 1.30234880069, -4.217102667881, -4.218194290633, -3.211310125168, -2.764066442777, -5.227670194902, -5.901745886451, 384.9476928896, 385.6545211159, 384.6129248569, 385.4402767821, 12.56125060177, 99.99326206415, 100, 100.003584408, 711.7842996394, 723.0133810552, 712.3997518067, 711.0125047609, 711.2168357335, 709.8248404539, -53.42188844309, -52.54483336259, -53.54937126706, -52.89032590254, -53.07740975963, -251.5555820078, -266.6438383094, -251.1059859685, -249.2347544027, -251.9881439476, -250.1192841833, 40.04433532227, 39.64396925199, 39.91525015602, 39.95056333312, 40.0293823359, 40.06134204894
25.975, 0.2307961331492, 0, 6, 1.29810808882, -4.25064182653, -4.251735007215, -3.23554607638, -2.808440601718, -5.270423405776, -5.949573820948, 385.3176061402, 386.0248428477, 384.9846675792, 385.8122528999, 13.1162480162, 99.99231207522, 100, 100.0021986736, 712.1999658013, 723.462907384, 712.8145204337, 711.42306836, 711.6337265215, 710.2374679774, -53.29365993086, -52.3864221797, -53.41894946353, -52.73583683514, -52.94725037382, -252.1119370166, -267.1748998448, -251.6608290595, -249.7927271302, -252.5456026389, -250.6798822542, 40.03419752895, 39.63393324207, 39.90499588629, 39.93978918031, 40.02038747122, 40.05167287537
26, 0.2450792618516, 0, 6, 1.284946087679, -4.284973622352, -4.286053425955, -3.259181277583, -2.851820541885, -5.316846572754, -6.003463132662, 385.6874689176, 386.3951198672, 385.3564592087, 386.1842769299, 13.66808907445, 99.99108884268, 100, 100.0003455679, 712.6169223483, 723.9156404096, 713.2304968605, 711.8345972001, 712.0519495085, 710.6511809385, -53.15779431028, -52.22054362807, -53.28222094469, -52.57464663706, -52.80912034832, -252.6673966278, -267.7034320756, -252.2146606453, -250.3498801298, -253.1021804029, -251.2397973452, 40.0241674257, 39.62418547403, 39.8950964751, 39.9290080309, 40.01179079477, 40.04204287746
26.025, 0.2589350439556, 0, 6, 1.26354233293, -4.320277652863, -4.321330410689, -3.285101498251, -2.892927167738, -5.364099551775, -6.063704579208, 386.0572798059, 386.7653536307, 385.7282957855, 386.5563482099, 14.21684216108, 99.98970920891, 100, 99.99827977295, 713.0352275968, 724.3715519644, 713.6477381286, 712.2471693087, 712.4715473425, 711.066055113, -53.01460445044, -52.04720786784, -53.13997800019, -52.40583666074, -52.66286164815, -253.221904556, -268.2294273189, -252.7674301876, -250.9061577424, -253.6578274868, -251.7989666554, 40.01432638641, 39.61479374722, 39.88552031753, 39.91835424799, 40.00351676302, 40.03258792748
26.05, 0.2726990747103, 0, 6, 1.237416914138, -4.356441105847, -4.35745925507, -3.314585584839, -2.931444062708, -5.40932443836, -6.128972192493, 386.4270390436, 387.1355478007, 386.1001695437, 386.9284630191, 14.7644944146, 99.98822596085, 100, 99.99612098657, 713.4549193186, 724.8304586786, 714.0662929576, 712.6608683566, 712.8925540565, 711.4821660747, -52.86494925612, -51.86762495369, -52.99286275653, -52.22987602823, -52.50906582528, -253.7753957157, -268.752995641, -253.3190962056, -251.4615006877, -254.2124939643, -252.3573175899, 40.00474340204, 39.60575601339, 39.87617448484, 39.90796444152, 39.99547583854, 40.02344321074
26.075, 0.2857886806825, 0, 6, 1.21112187157, -4.39354889506, -4.394532565111, -3.34762657602, -2.968073802583, -5.45260572936, -6.197073727185, 386.7967479489, 387.5057060708, 386.4720729969, 387.3006163467, 15.31335884939, 99.98663311483, 100, 99.99389369062, 713.8760269986, 725.2921497645, 714.4862112532, 713.0757748706, 713.3150122598, 711.8995857447, -52.70977927977, -51.68285136297, -52.84121170558, -52.04818558537, -52.34864634113, -254.3278019413, -269.2742702309, -253.8696183871, -252.0158485502, -254.7661255782, -252.9147765492, 39.99547396925, 39.59703596137, 39.86702109361, 39.89795238835, 39.98764812097, 40.01472350534
26.1, 0.2965954160961, 0, 6, 1.1884522534, -4.431694953517, -4.432650393714, -3.384393371277, -3.004547592222, -5.494592209878, -6.261991026493, 387.1664070398, 387.8758322673, 386.8440018684, 387.6728041949, 15.86509909491, 99.98494998506, 100, 99.99169792056, 714.2985836209, 725.7564875644, 714.9075426405, 713.4919552969, 713.7389695695, 712.3183710546, -52.54976269912, -51.49121184524, -52.68459246832, -51.86017644897, -52.18316574659, -254.8790588103, -269.7933310735, -254.4189527311, -252.5691447668, -255.3186708097, -253.4712795814, 39.98655686249, 39.58859579404, 39.85804916424, 39.88835645045, 39.9800212658, 40.00643974516
26.125, 0.306152520939, 0, 6, 1.170486654557, -4.47080056625, -4.471735544392, -3.423575362495, -3.044461711015, -5.535664081179, -6.321884009426, 387.5360150105, 388.2459295569, 387.2159557588, 388.0450261179, 16.41912536998, 99.98320108809, 100, 99.98953992844, 714.7226363856, 726.2235207897, 715.330338168, 713.9094497028, 714.1644796824, 712.7385600003, -52.3848602413, -51.29421214932, -52.52162211341, -51.66634276801, -52.01385197494, -255.4291147531, -270.310116966, -254.9670527069, -253.1213443117, -255.8700833387, -254.0267851013, 39.97798925217, 39.58041084306, 39.84925733399, 39.87908815551, 39.97258611554, 39.99848607475
26.15, 0.315371631008, 0, 6, 1.155999608767, -4.510970251274, -4.51189045219, -3.465036106052, -3.08963915467, -5.576205414862, -6.377867717789, 387.905569722, 388.6159984077, 387.5879379524, 388.4172854912, 16.9732766506, 99.981360711, 100, 99.9873504329, 715.1482415239, 726.6934234673, 715.7546469754, 714.3282875105, 714.5915998176, 713.160189506, -52.21456115615, -51.09145493604, -52.35139567321, -51.46636679328, -51.84056233931, -255.9779299591, -270.8244680619, -255.5138685279, -253.672410803, -256.4203205251, -254.5812648793, 39.96973184545, 39.57246660141, 39.84064336361, 39.87004456133, 39.96533900132, 39.99077444115
26.175, 0.3249759631566, 0, 6, 1.143078175597, -4.552264507921, -4.55317251993, -3.508603242626, -3.139862209755, -5.616379936878, -6.432003781289, 388.2750691643, 388.9860379088, 387.9599521037, 388.7895868176, 17.52516434271, 99.97943129502, 100, 99.98510494466, 715.5754569387, 727.1663862643, 716.1805167986, 714.748499976, 715.0203855747, 713.5832993294, -52.03828669689, -50.88265019216, -52.17369760506, -51.26004190489, -51.66259195545, -256.5254680445, -271.3362075475, -256.0593508958, -254.2223101514, -256.9693403423, -255.134692319, 39.9617315594, 39.56474865128, 39.83219958659, 39.86115623519, 39.95827105446, 39.98323933045
26.2, 0.3351785161309, 0, 6, 1.130249010441, -4.594370612061, -4.595266599577, -3.553785993526, -3.193429278326, -5.655947223214, -6.485896210462, 388.6445119236, 389.3560468814, 388.3320006305, 389.1619342627, 18.07300114855, 99.9774283927, 100, 99.98280713785, 716.0043387748, 727.6425501432, 716.6079948917, 715.1701265571, 715.4508891432, 714.0079347634, -51.85563993294, -50.66771950241, -51.98880699689, -51.04737440532, -51.47923570496, -257.071689222, -271.8451932246, -256.6034519969, -254.7710055723, -257.5170993198, -255.6870349469, 39.95393796235, 39.55723616638, 39.82391583485, 39.85239726204, 39.95136279646, 39.97584303875
26.225, 0.3460426471214, 0, 6, 1.11693437227, -4.636658315015, -4.637541402404, -3.599643822531, -3.248212707753, -5.694521118101, -6.540351938287, 389.0138972602, 389.7260245315, 388.7040844958, 389.5343315795, 18.61573028238, 99.97537533354, 100, 99.98047712051, 716.4349398773, 728.1219964631, 717.0371286521, 715.5932140417, 715.8831609257, 714.4341461789, -51.6664435715, -50.44672590038, -51.79715662931, -50.82851966482, -51.28982980907, -257.6165477243, -272.3513263806, -257.1461246853, -255.3184558427, -258.0635513945, -256.2382530626, 39.94631216551, 39.54990160664, 39.8157834029, 39.84377300896, 39.94459323556, 39.96857621997
26.25, 0.357519365844, 0, 6, 1.103305773546, -4.678444662104, -4.679314127104, -3.64511605835, -3.302503657379, -5.731955574419, -6.59547066523, 389.3832248313, 390.0959706193, 389.0762038121, 389.9067800223, 19.15267692166, 99.97330004389, 100, 99.97814397942, 716.867310355, 728.6047625759, 717.4679663422, 716.0178139393, 716.3172515196, 714.8619870498, -51.47068751279, -50.21972396754, -51.5990845224, -50.60363188197, -51.09386335928, -258.1599928309, -272.8545408617, -257.6873214241, -255.8646155506, -258.6086476175, -256.7883008624, 39.93882955802, 39.54271653643, 39.80779783747, 39.83529992978, 39.93794924061, 39.96144495456
26.275, 0.3693435936818, 0, 6, 1.089879774006, -4.719200240795, -4.720056094894, -3.689334341159, -3.355319464976, -5.76829163703, -6.650755793011, 389.7524947551, 390.4658856999, 389.4483580204, 390.2792797307, 19.68332504314, 99.97122191678, 100, 99.97582798894, 717.3014988856, 729.0908560292, 717.9005572925, 716.4439808751, 716.753211547, 715.2915125371, -51.26847634818, -49.98678956117, -51.39478069116, -50.37286432376, -50.89119686005, -258.7019713425, -273.3547927814, -258.2269940739, -256.4094360806, -259.1523367236, -257.3371277052, 39.93147732854, 39.53565741679, 39.79995683979, 39.8269910014, 39.9314236209, 39.95445765331
26.3, 0.3812715268931, 0, 6, 1.077148053752, -4.758651202641, -4.759494195387, -3.73178162348, -3.406552103686, -5.803691552544, -6.705784259406, 390.1217073065, 390.8357708573, 389.8205464768, 390.6518304804, 20.20726943674, 99.96915325248, 100, 99.97353789158, 717.7375542525, 729.5802830069, 718.3349516814, 716.871769538, 717.1910921813, 715.7227776699, -51.05992150036, -49.74797437419, -51.18438846241, -50.13631288366, -50.68186004369, -259.2424295095, -273.8520383173, -258.765093063, -256.952867375, -259.6945660707, -257.8846812431, 39.92424969235, 39.52870836402, 39.79225897484, 39.81884969374, 39.92501289502, 39.94761776717
26.325, 0.3933067133276, 0, 6, 1.065410667167, -4.796750709783, -4.797582062098, -3.772276959837, -3.456244651987, -5.838347902947, -6.760317673399, 390.4908625311, 391.205627181, 390.192768968, 391.0244323102, 20.7238613421, 99.96710101354, 100, 99.97127480609, 718.1755263061, 730.0730684921, 718.7712001911, 717.3012328786, 717.6309455813, 716.1558365631, -50.8450644847, -49.50325729749, -50.96776329043, -49.89397068163, -50.46589817504, -259.7813136095, -274.3462172979, -259.3015667058, -257.49485906, -260.2352822815, -258.4309097422, 39.91714440968, 39.52186102855, 39.78470316724, 39.81087413824, 39.91871514109, 39.94092524435
26.35, 0.4053145648337, 0, 6, 1.054768044345, -4.833534302706, -4.834355404575, -3.810778180483, -3.504556018766, -5.873172044967, -6.814167366636, 390.8599600609, 391.5754552863, 390.565026561, 391.3970854748, 21.23231680324, 99.96506336473, 100, 99.96903292088, 718.6154657755, 730.56924744, 719.209353093, 717.7324230704, 718.0728247286, 716.5907426147, -50.62390856119, -49.25160548462, -50.7448379629, -49.64358409858, -50.24336583264, -260.3185700122, -274.8372598344, -259.8363615467, -258.0353604643, -260.7744326151, -258.9757615258, 39.91016081081, 39.51511270891, 39.77728867262, 39.80306126117, 39.91252762494, 39.93437618861
26.375, 0.41729701857, 0, 6, 1.045174581248, -4.869008210287, -4.869820387145, -3.84769092281, -3.551571702901, -5.907193198704, -6.867163351608, 391.228999703, 391.9452556513, 390.9373168949, 391.7697903584, 21.73175123539, 99.96303485473, 100, 99.96680466306, 719.0574241372, 731.0688617773, 719.6494609496, 718.1653914775, 718.5167804019, 717.0275485107, -50.39642681528, -48.99340694424, -50.51555751558, -49.38687661048, -50.01430459191, -260.8541446855, -275.3250882438, -260.3694238661, -258.5743205745, -261.3119618181, -259.5191849226, 39.90329848596, 39.50846389964, 39.77001430959, 39.79540734396, 39.90644538224, 39.92796357288
26.4, 0.4292064379686, 0, 6, 1.0364943336, -4.903111251178, -4.903915613624, -3.883076172441, -3.597255811114, -5.94018545674, -6.919123061902, 391.5979814789, 392.3150288215, 391.3096394772, 392.1425472966, 22.22132827027, 99.9610147869, 100, 99.96458713955, 719.501452535, 731.571948698, 720.0915733838, 718.6001893502, 718.9628626675, 717.4663063913, -50.16260586154, -48.72881245776, -50.27990327871, -49.12410561892, -49.77876617468, -261.3879835192, -275.809626635, -260.9006998108, -259.1116880296, -261.8478151019, -260.0611275025, 39.89655663073, 39.5019164902, 39.76287944313, 39.78790861383, 39.90046293189, 39.92167858543
26.425, 0.4410918140718, 0, 6, 1.02853534111, -4.93570346292, -4.936500809167, -3.916550152283, -3.641457013813, -5.971952064002, -6.969830175175, 391.9669056602, 392.6847755774, 391.6819939782, 392.5153564431, 22.70037351252, 99.9590026556, 100, 99.96237852914, 719.947601534, 732.0785374002, 720.5357394444, 719.0368680074, 719.4111203663, 717.9070679922, -49.92245621066, -48.45845477148, -50.03789337438, -48.85561258191, -49.53681412383, -261.9200322126, -276.2908037412, -261.4301359001, -259.6474110126, -262.3819371636, -260.6015358251, 39.88993408113, 39.49547309878, 39.75588580131, 39.78056142983, 39.8945765006, 39.91551167767
26.45, 0.45289727403, 0, 6, 1.021080880009, -4.966580319911, -4.967371089386, -3.948043678911, -3.683942879206, -6.002203116435, -7.019037011356, 392.3357725632, 393.0544968726, 392.0543801383, 392.8882178359, 23.16852758309, 99.95700055075, 100, 99.96018141289, 720.3959211126, 732.5886508402, 720.9820071034, 719.4754787356, 719.8616013036, 718.3498846816, -49.67600741611, -48.18241877172, -49.78957029221, -48.58146856353, -49.28852047041, -262.4502359982, -276.7685516254, -261.9576782964, -260.1814371211, -262.9142723624, -261.1403554597, 39.88342936362, 39.48913649766, 39.74903476859, 39.77336230377, 39.88878194829, 39.90945300461
26.475, 0.464611248741, 0, 6, 1.01392792731, -4.99552972378, -4.996314019459, -3.977482239635, -3.724464363191, -6.030623693624, -7.066567543565, 392.7045826925, 393.4241939011, 392.4267974851, 393.2611313061, 23.625186978, 99.95501221735, 100, 99.9580004078, 720.8464597545, 733.1023020707, 721.4304230469, 719.9160727069, 720.3143515458, 718.794807283, -49.42332108092, -47.90081069136, -49.53501239382, -48.3017606943, -49.03397577895, -262.9785400584, -277.2428090119, -262.4832735867, -260.7137135331, -263.4447648693, -261.6775309156, 39.87704049315, 39.48290866525, 39.74232595222, 39.76630790855, 39.88307419642, 39.90349346283
26.5, 0.476235654121, 0, 6, 1.006934367027, -5.022363817761, -5.023141506336, -4.00479260364, -3.762821904496, -6.056930454394, -7.112282497685, 393.0733367894, 393.7938679923, 392.7992452592, 393.6340963949, 24.06985302961, 99.9530430172, 100, 99.95584220772, 721.2992638288, 733.6194913213, 721.8810325188, 720.3587011373, 720.769415147, 719.2418861489, -49.16450232825, -47.61379729114, -49.27434998229, -48.01663400908, -48.77328912993, -263.5048896321, -277.7135241468, -263.0068690535, -261.2441869544, -263.9733587283, -262.2130054335, 39.87076511597, 39.47678999312, 39.73575745458, 39.75939669453, 39.87744735734, 39.89762669542
26.525, 0.4877210647342, 0, 6, 1.000050575936, -5.046929142171, -5.047700004002, -4.02989880737, -3.798773787384, -6.080893021492, -7.15598387014, 393.442035874, 394.1635206291, 393.171722388, 394.0071123002, 24.50221117579, 99.95109959004, 100, 99.95371585461, 721.7543772677, 734.1402041073, 722.3338792523, 720.8034152682, 721.2268340203, 719.6911709919, -48.89970745179, -47.32158449632, -49.00776020401, -47.72627399559, -48.50660942323, -264.0292300388, -278.1806569334, -263.5284128037, -261.7728035732, -264.4999979147, -262.7467208696, 39.86460081877, 39.47077896296, 39.72932627571, 39.75262851421, 39.87189486948, 39.8918486348
26.55, 0.498767883365, 0, 6, 0.9933059860966, -5.069115502517, -5.06987936097, -4.052734963857, -3.832150128578, -6.102348854198, -7.196871059733, 393.8106812012, 394.5331534947, 393.5442275916, 394.3801779121, 24.92207342715, 99.94918947892, 100, 99.95163075069, 722.2118416066, 734.6644159058, 722.7890053745, 721.2502655454, 721.6866481409, 720.1427102839, -48.6291252735, -47.02439803178, -48.73543506845, -47.43089085206, -48.23417771864, -264.5515068108, -278.6441754165, -264.0478536064, -262.2995093881, -265.0246265099, -263.2786183935, 39.85854504002, 39.4648723352, 39.7230287121, 39.74600313093, 39.86640994614, 39.8861560742
26.575, 0.509224614409, 0, 6, 0.9867865843739, -5.088920307307, -5.089677131333, -4.073548849197, -3.863008273069, -6.121370757876, -7.235073686489, 394.1792737909, 394.902768037, 393.9167600381, 394.7532922938, 25.32909846549, 99.94732637155, 100, 99.94960723467, 722.6716959221, 735.1921136717, 723.2464503932, 721.6992983056, 722.1488960224, 720.5965495431, -48.35289058636, -46.72224272482, -48.45749935255, -47.13046570131, -47.9561076316, -265.07166607, -279.104037111, -264.5651401129, -262.8242517244, -265.5471898367, -263.8086415296, 39.85259462435, 39.45906519624, 39.71685568162, 39.73951893443, 39.86098276675, 39.88054672578
26.6, 0.5190237833934, 0, 6, 0.9807436804157, -5.106405947278, -5.107156111584, -4.092924043111, -3.891456710843, -6.137668656018, -7.270866417359, 394.5478143306, 395.2723655119, 394.2893189315, 395.1264548543, 25.72301673648, 99.94553650445, 100, 99.9476875303, 723.133975091, 735.7232783918, 723.7062496767, 722.1505569777, 722.6136112012, 721.0527311625, -48.0711528626, -46.4152344353, -48.17407629065, -46.82499216247, -47.67252502929, -265.5896552245, -279.5602042868, -265.0802231016, -263.3469793068, -266.067636034, -264.3367352221, 39.84674319801, 39.45334611113, 39.71077825011, 39.73317326409, 39.8555844482, 39.87501621781
26.625, 0.5281443575546, 0, 6, 0.9757367460172, -5.121632397896, -5.122377147189, -4.111188728051, -3.9175287265, -6.150853795355, -7.30408506663, 394.9163041226, 395.6419480875, 394.6619026626, 395.4996642084, 26.10405799013, 99.94384073044, 100, 99.94590481851, 723.5987067637, 736.2578480121, 724.1684336965, 722.6040848214, 723.0808199618, 721.5112950552, -47.78421654601, -46.10364315839, -47.88543859013, -46.51447847194, -47.38371315015, -266.1054244081, -280.0126779201, -265.5930586813, -263.8676419211, -266.5859164386, -264.8628431462, 39.84097802781, 39.44769105533, 39.70475464209, 39.72696337375, 39.8501715301, 39.86955924733
26.65, 0.5362779757596, 0, 6, 0.9726070982412, -5.134650660364, -5.135392530209, -4.128316558082, -3.941070593741, -6.161064103126, -7.334280129332, 395.2847450884, 396.0115254113, 395.0345088815, 395.8729179491, 26.47324875754, 99.94224128134, 100, 99.94427011567, 724.0659111438, 736.7957238805, 724.6330281298, 723.0599233762, 723.5505430577, 721.9722776528, -47.49251368843, -45.78751242528, -47.5920451852, -46.19848867969, -47.09005059075, -266.6189268467, -280.4614935466, -266.1036078125, -264.3861910928, -267.1019852707, -265.3869088237, 39.83528017173, 39.44206409276, 39.69874256418, 39.72088462385, 39.84469888176, 39.8641695861
26.675, 0.5433277888342, 0, 6, 0.9722571995327, -5.145557415042, -5.146300334337, -4.144742124083, -3.962236796814, -6.167602002321, -7.360548987628, 395.6531395794, 396.3811054247, 395.4071342358, 396.2462141519, 26.83182159132, 99.94079819049, 100, 99.94285174204, 724.5356029118, 737.3368028832, 725.100054451, 723.518108301, 724.0227967938, 722.4357092805, -47.19647824833, -45.46755743074, -47.29402228552, -45.87828631827, -46.79199664183, -267.1301197615, -280.9066935655, -266.6118356017, -264.9025821978, -267.6157991568, -265.9088798266, 39.82962474545, 39.43642213734, 39.69270066405, 39.7149193206, 39.83912410289, 39.8588293819
26.7, 0.5496412022273, 0, 6, 0.975308099029, -5.154397658196, -5.155146539204, -4.15972939896, -3.981503639471, -6.170625677911, -7.382379359643, 396.021489836, 396.750692686, 395.779776947, 396.6195515398, 27.18071837638, 99.93952848952, 100, 99.94166666158, 725.0077951402, 737.881005114, 725.5695309509, 723.9786679965, 724.4975962906, 722.9016138962, -46.89643842188, -45.14409949767, -46.99148329563, -45.55416058253, -46.48999526562, -267.6389641092, -281.348301821, -267.117708574, -265.416775205, -268.1273181288, -266.4287099668, 39.82397866053, 39.43071956229, 39.6865907279, 39.70903207327, 39.83340701356, 39.85350109334
26.725, 0.5554704487846, 0, 6, 0.9819838523861, -5.161045136368, -5.161805289946, -4.172927020279, -3.99923814583, -6.170170699973, -7.399725316527, 396.3897970326, 397.1202908755, 396.1524365096, 396.9929298429, 27.52030401033, 99.93843829514, 100, 99.94071642363, 725.4825024738, 738.4282944207, 726.0414741685, 724.4416240146, 724.9749572875, 723.3700109791, -46.59254019725, -44.8172204861, -46.68444447563, -45.22623866232, -46.18429728834, -268.1454224809, -281.7863028978, -267.6211922269, -265.9287337755, -268.6365039962, -266.9463596763, 39.8183005421, 39.4249103861, 39.68037733115, 39.70317832746, 39.82750704575, 39.84813423678
26.75, 0.5619065377398, 0, 6, 0.9921959560966, -5.16515787857, -5.165934548511, -4.183010315161, -4.015361436023, -6.165741217044, -7.412786305482, 396.7580619706, 397.4899023507, 396.5251131759, 397.3663494557, 27.8504797264, 99.93749298235, 100, 99.93995148872, 725.9597416878, 738.9786689285, 726.5159005264, 724.9069936375, 725.4548971459, 723.8409179119, -46.28478581278, -44.48717912568, -46.37290149539, -44.89486905926, -45.8749333303, -268.6494574938, -282.2206488947, -268.1222502327, -266.4384234793, -269.1433183858, -267.4617935947, 39.81254377681, 39.4189495869, 39.67403508566, 39.69731308103, 39.82138965245, 39.8426745966
26.775, 0.569999336477, 0, 6, 1.005386869476, -5.166014154797, -5.16681174875, -4.187519322455, -4.029132473694, -6.157388445828, -7.421713830072, 397.1262850048, 397.8595274094, 396.8978088373, 397.7398118476, 28.1701494508, 99.93660271138, 100, 99.93923705766, 726.4395392959, 739.5321989481, 726.9928337701, 725.374790817, 725.9374463373, 724.3143532239, -45.9728905298, -44.1540401409, -46.05667349644, -44.56048077095, -45.56158894671, -269.1510253601, -282.6512205426, -268.6208357242, -266.9458082072, -269.6477148296, -267.9749794388, 39.80666538569, 39.41280504027, 39.66759475031, 39.69139617304, 39.81506914647, 39.8370683012
26.8, 0.5796685830583, 0, 6, 1.020052030274, -5.162552463844, -5.163372945797, -4.184417009664, -4.039356108153, -6.146157295085, -7.426607505861, 397.4944646208, 398.2291639094, 397.2705286561, 398.1133206346, 28.47652231124, 99.93567293204, 100, 99.93843268813, 726.92194031, 740.0890730319, 727.4723084372, 725.8450266777, 726.4226541122, 724.7903395007, -45.65611191814, -43.81701593374, -45.7352259395, -44.22277285829, -45.24352818465, -269.650071459, -283.0777781033, -269.1168842804, -267.4508476137, -270.1496353826, -268.4858875323, 39.80063912706, 39.40648030392, 39.6611370274, 39.68539159343, 39.8086118546, 39.83126308251
26.825, 0.5909626595355, 0, 6, 1.033734282076, -5.153790009707, -5.15463121504, -4.172607865029, -4.045361954344, -6.13268093682, -7.428243479827, 397.8625972642, 398.5988083222, 397.6432797496, 398.4868811718, 28.76527315251, 99.93461937944, 100, 99.93742055062, 727.4070047013, 740.6495627442, 727.954365725, 726.3177123896, 726.9105797054, 725.2689043666, -45.33338466265, -43.47511787165, -45.40778608865, -43.88107447978, -44.91977034014, -270.1465333762, -283.4999896399, -269.6103186887, -267.9534968762, -270.6490144175, -268.9944874114, 39.79445978225, 39.40001925587, 39.65474844181, 39.6792654812, 39.80209823695, 39.82521362596
26.85, 0.6047612245558, 0, 6, 1.043599980837, -5.139033174244, -5.13988804688, -4.151844632456, -4.047120792213, -6.117037599517, -7.429435871946, 398.2306786352, 398.9684540299, 398.0160686529, 398.8604984074, 29.0319660606, 99.93337361989, 100, 99.93609682903, 727.8947985275, 741.2139286182, 728.4390503788, 726.7928691205, 727.4012834642, 725.7500850475, -45.00369817391, -43.12764957351, -45.07389427381, -43.53480190627, -44.58923341734, -270.6403434976, -283.9175199042, -270.1010566048, -268.4537030465, -271.1457801552, -269.5007381911, 39.78814303772, 39.39349445438, 39.64850764228, 39.67301433701, 39.7956088228, 39.81890832403
26.875, 0.6207433450259, 0, 6, 1.047492845981, -5.117757994417, -5.118615672942, -4.122301766679, -4.042713076916, -6.098885845788, -7.431197077117, 398.5987061027, 399.338091209, 398.3888978684, 399.2341756273, 29.27399440229, 99.93190631086, 100, 99.93442077341, 728.3853844037, 741.7822926063, 728.9264100886, 727.2705418981, 727.8948187691, 726.2339344335, -44.66662547637, -42.77458847188, -44.7338968123, -43.18390551407, -44.25110723648, -271.1314279691, -284.3301592641, -270.589017717, -268.9513976013, -271.6398538657, -270.0045737538, 39.78173146125, 39.38699175493, 39.64248684346, 39.66669512407, 39.78921914169, 39.81239773503
26.9, 0.6376247938241, 0, 6, 1.044517381814, -5.089750198396, -5.090598318716, -4.084436056208, -4.029820113357, -6.077803842953, -7.432231311478, 398.9666800464, 399.7077126076, 398.7617649311, 399.6079099698, 29.49101079056, 99.93022613853, 100, 99.93241158268, 728.8788154134, 742.3546114181, 729.416493858, 727.7507964281, 728.3912296558, 726.7205162998, -44.32243182122, -42.41642583576, -44.38857911371, -42.82877307083, -43.90524177524, -271.6197076531, -284.7378588167, -271.0741262469, -269.4464975365, -272.1311515394, -270.5059026997, 39.7752959232, 39.38060004027, 39.6367538283, 39.66040061242, 39.78299927177, 39.80577866029
26.925, 0.6538278913019, 0, 6, 1.034822104616, -5.055363052169, -5.056189845264, -4.039692108058, -4.00738348969, -6.05404789908, -7.432258834534, 399.3346030226, 400.0773162644, 399.1346643781, 399.981695469, 29.68415251622, 99.92836482078, 100, 99.93012688359, 729.3751336482, 742.9307362647, 729.9093486018, 728.2337064448, 728.8905520965, 727.2098960819, -43.97182759178, -42.05372129133, -44.03872123506, -42.46979747437, -43.55215706851, -272.105102232, -285.1406784481, -271.5563107212, -269.9389127345, -272.6195877487, -271.0046195802, 39.76892728856, 39.3744074494, 39.63136628221, 39.65422704733, 39.77701571709, 39.79916457431
26.95, 0.6666470973135, 0, 6, 1.019255823004, -5.01570711823, -5.016502896759, -3.99165372147, -3.976060881431, -6.02831282183, -7.429428992584, 399.7024792555, 400.4469059996, 399.5075885967, 400.3555249817, 29.85594725415, 99.92644815455, 100, 99.92775842628, 729.874365072, 743.5104233162, 730.4050109519, 728.7193464433, 729.3928041552, 727.7021331149, -43.61591648022, -41.68693106389, -43.68515730989, -42.10699533859, -43.1930377605, -272.5875398938, -285.5387832821, -272.0355120257, -270.4285540644, -273.1050865879, -271.5006135313, 39.76272040579, 39.36849240801, 39.62632667654, 39.6482559253, 39.77129071043, 39.79266379744
26.975, 0.6768355968281, 0, 6, 0.9996228471117, -4.972770618756, -4.97352944657, -3.943217216842, -3.938223085396, -5.998883484861, -7.423469310122, 400.0703151831, 400.8164906734, 399.8805261383, 400.729389416, 30.01083430715, 99.92458861188, 100, 99.9254849003, 730.3765069613, 744.0933022735, 730.9034989736, 729.2077853554, 729.8979740818, 728.1972721673, -43.25629895458, -41.31768851292, -43.32902159387, -41.74134477861, -42.82973261422, -273.0669691506, -285.9324842535, -272.5116961334, -270.9153423226, -273.5875926433, -271.9937761055, 39.75675190741, 39.3628963062, 39.62156499919, 39.64254920395, 39.76577838613, 39.7863704084
27, 0.6850854498676, 0, 6, 0.9783838261062, -4.928663320203, -4.929383761321, -3.896269273705, -3.896761423828, -5.966129633039, -7.413776761649, 400.4381190648, 401.1860795342, 400.2534652284, 401.1032788287, 30.15393926679, 99.92282625137, 100, 99.92335276036, 730.8815401106, 744.6789836021, 731.4048224904, 729.699080194, 730.4060479525, 728.6953432494, -42.89463154695, -40.94763215845, -42.97146338268, -41.37437261937, -42.4641928367, -273.5433491594, -286.3221310144, -272.9848392354, -271.3992075914, -274.0670550879, -272.4840093627, 39.75107385976, 39.35762272406, 39.61703726792, 39.63716064587, 39.76048403065, 39.78035583082
27.025, 0.6887697611516, 0, 6, 0.957732300477, -4.885297354014, -4.885981594918, -3.853587183757, -3.85268649752, -5.932780198254, -7.397725460283, 400.8058983087, 401.5556815986, 400.6263980629, 401.4771856422, 30.28945980094, 99.92127024128, 100, 99.92151646936, 731.3894429132, 745.2671611824, 731.9089851116, 730.1932696842, 730.9170120922, 729.1963616584, -42.53221814859, -40.57719575973, -42.61327781616, -41.00626108867, -42.09818318414, -274.0166451179, -286.7080023996, -273.4549188258, -271.8800914261, -274.5434309887, -272.9712336628, 39.74572114195, 39.35266328177, 39.61270630849, 39.63211725346, 39.75541127026, 39.77465464395
27.05, 0.6881632893953, 0, 6, 0.9392148255481, -4.844419930749, -4.84507243279, -3.816806602877, -3.809247732065, -5.899100229721, -7.37421415115, 401.1736586032, 401.9253108187, 400.9993191869, 401.8511065466, 30.42024060184, 99.91999384261, 100, 99.92008164768, 731.9001871954, 745.8576287463, 732.4159764808, 730.6903629323, 731.4308406985, 729.7003189941, -42.16989169072, -40.20691688501, -42.25452065019, -40.63733551404, -41.73332236251, -274.4868373637, -287.0902834956, -273.9219218309, -272.3579582876, -275.0166977551, -273.4553998421, 39.74069662392, 39.34799052384, 39.60850481056, 39.62737522528, 39.75050131679, 39.76923438175
27.075, 0.6860781234324, 0, 6, 0.9235777368616, -4.807170169107, -4.807796248051, -3.786792227711, -3.770996115641, -5.864838817118, -7.348107084673, 401.5414034891, 402.2949771414, 401.3722266178, 402.2250416146, 30.54770619452, 99.91901655772, 100, 99.91902965081, 732.4137412029, 746.4502818318, 732.9257743399, 731.1903452613, 731.9475036221, 730.2071938571, -41.80800595958, -39.83708737086, -41.89512674682, -40.26776156872, -41.37026695805, -274.953918872, -287.4690562444, -274.3858426906, -272.8327926742, -275.4868468434, -273.9364859288, 39.73596226484, 39.34355189078, 39.60435912707, 39.62286733248, 39.7456785931, 39.76404974499
27.1, 0.6828190998193, 0, 6, 0.9115864525202, -4.773933994655, -4.774539683418, -3.763252843538, -3.738027004212, -5.829684262037, -7.31956882871, 401.9091360711, 402.6646840799, 401.7451189627, 402.5989909147, 30.67338227934, 99.91837653804, 100, 99.918399846, 732.9300686551, 747.0450118588, 733.4383509183, 731.6931982401, 732.4669664452, 730.7169639209, -41.44691539046, -39.46815934004, -41.53545723752, -39.89799860888, -41.00908315698, -275.4178879327, -287.8444122753, -274.846683342, -273.3045851777, -275.9538755343, -274.4144765901, 39.73145776774, 39.33927175193, 39.60020055486, 39.61854823724, 39.74086512108, 39.75907650486
27.125, 0.6793825435502, 0, 6, 0.9040108671921, -4.744363479158, -4.744955435151, -3.744277815377, -3.709854739836, -5.793336983988, -7.288374385641, 402.2768592398, 403.034435158, 402.1179957433, 402.9729554796, 30.79833710186, 99.91804600644, 100, 99.91815236663, 733.4491342727, 747.6417435283, 733.9536771536, 732.1988959931, 732.989198546, 731.2295997582, -41.08681341275, -39.10056128814, -41.17566547037, -39.52864103762, -40.64985012789, -275.8787424526, -288.2164101635, -275.3044457978, -273.7733318019, -276.4177814993, -274.8893661721, 39.72711094756, 39.33506209976, 39.59597987617, 39.61436525556, 39.73599961434, 39.75425572514
27.15, 0.6766130995773, 0, 6, 0.900982446233, -4.71731130018, -4.717895928345, -3.727236950174, -3.685631246729, -5.756118892073, -7.254754629699, 402.6445741299, 403.40423222, 402.4908598535, 403.3469386302, 30.92199851977, 99.91795359937, 100, 99.9181788596, 733.9709148085, 748.2405117971, 734.4717279882, 732.7074022239, 733.5141836552, 731.7450691257, -40.72740683599, -38.73393865293, -40.81545046121, -39.15974231336, -40.29222413631, -276.3364732311, -288.584983148, -275.7591206492, -274.2390327153, -276.8785562937, -275.3611613905, 39.72284501115, 39.33084281509, 39.59169098549, 39.61025673421, 39.73105831085, 39.74950384196
27.175, 0.6749339345524, 0, 6, 0.9016887367979, -4.691151699884, -4.691733983386, -3.709740843499, -3.66409119708, -5.718449305426, -7.219273342501, 403.0122792131, 403.7740742563, 402.8637176419, 403.7209461337, 31.04176518927, 99.91802130436, 100, 99.91836783526, 734.4954025671, 748.841465119, 734.992483699, 733.2186739635, 734.041919112, 732.2633425888, -40.36790580451, -38.36735346688, -40.45413800109, -38.79079691562, -39.93530215346, -276.7910622715, -288.9499271621, -276.2106844696, -274.7016891875, -277.3361843494, -275.8298768764, 39.71858834903, 39.32655782325, 39.5873498249, 39.60615811224, 39.72604179176, 39.74473438867
27.2, 0.6750871208679, 0, 6, 0.904612646181, -4.6643084528, -4.664891150726, -3.690007282225, -3.644599191507, -5.680378426292, -7.183305001757, 403.3799709121, 404.1439573487, 403.2365769713, 404.0949847134, 31.15399577673, 99.91817613979, 100, 99.91862216939, 735.0226004382, 749.4448066237, 735.5159288571, 733.7326688887, 734.5724091849, 732.7843967496, -40.00727932588, -37.99984573557, -40.09097709995, -38.42115462646, -39.57784564599, -277.2424854343, -289.3109624071, -276.659104462, -275.161299891, -277.7906445219, -276.2955268184, 39.71428046955, 39.3221764723, 39.58297189503, 39.60201127133, 39.7209580525, 39.73987461083
27.225, 0.6777480781453, 0, 6, 0.9081528372795, -4.635504947614, -4.636088573224, -3.666875755208, -3.625829302046, -5.641694215356, -7.149157762198, 403.7476453305, 404.5138732292, 403.6094445659, 404.46905904, 31.25568354135, 99.91836966615, 100, 99.91888009019, 735.5525149, 750.0507040159, 736.0420526125, 734.2493569917, 735.1056585011, 733.3082187354, -39.64466444606, -37.63083791097, -39.72561560522, -38.05041521964, -39.21858287683, -277.6907137053, -289.667837664, -277.1043442311, -275.6178537988, -278.2419098291, -276.758111987, 39.70987772317, 39.31768683509, 39.57856814133, 39.59778990795, 39.7158166301, 39.73488863119
27.25, 0.6825295841484, 0, 6, 0.9112893081527, -4.603851329598, -4.604434963648, -3.639697792651, -3.60513875091, -5.602107444255, -7.11748028208, 404.1153002865, 404.8838113254, 403.9823237613, 404.8431692053, 31.34539725563, 99.91858384688, 100, 99.91912990407, 736.0851501363, 750.6592176404, 736.5708493058, 734.7687280702, 735.641667547, 733.8348072875, -39.27970149528, -37.26021565392, -39.35822151251, -37.67854149216, -38.85662170424, -278.1357132785, -290.0204207068, -277.5463679144, -276.0713247014, -278.6899470092, -277.2176098825, 39.70535933661, 39.31308832137, 39.57414603564, 39.59350271923, 39.71062630985, 39.72978283048
27.275, 0.688584239184, 0, 6, 0.9137636992361, -4.569059124654, -4.569641479231, -3.608405047782, -3.580708007648, -5.561620514742, -7.087672939792, 404.4829359424, 405.2537638328, 404.3552144421, 405.2173115973, 31.42326327834, 99.91881182579, 100, 99.91937793597, 736.6205053204, 751.2703056226, 737.1023172806, 735.2907876765, 736.1804324975, 734.3641682131, -38.91251729229, -36.88818582308, -38.98922184277, -37.30573682334, -38.49166724683, -278.5774472248, -290.3687001109, -277.985140931, -276.5216733003, -279.1347175892, -277.6739773879, 39.7007269503, 39.30838767706, 39.56970925944, 39.58917328985, 39.70539726906, 39.72458969211
27.3, 0.6948434629938, 0, 6, 0.9158338403969, -4.531566014252, -4.53214619019, -3.573692288274, -3.552031407641, -5.520781240564, -7.058624372235, 404.8505541865, 405.623727961, 404.7281143877, 405.5914810809, 31.49031309902, 99.91906263195, 100, 99.91964419166, 737.1585749636, 751.8838691884, 737.6364568226, 735.8155488354, 736.7219468068, 734.8963091151, -38.54351887423, -36.51506623944, -38.6190482297, -36.93225393577, -38.12394752247, -279.0158780422, -290.7127365713, -278.4206292711, -276.9688529937, -279.5761801394, -278.1271596725, 39.6959980935, 39.30359747974, 39.56525695384, 39.58482266716, 39.70014178607, 39.71934923606
27.325, 0.700470166875, 0, 6, 0.9179470227195, -4.492460818296, -4.493038624454, -3.536932376905, -3.520036871924, -5.48049075805, -7.02958266482, 405.2181576399, 405.9937048038, 405.1010207794, 405.9656730811, 31.54781051385, 99.91936057025, 100, 99.91996120295, 737.6993498199, 752.4997973701, 738.1732674321, 736.3430243105, 737.2662017122, 735.4312351666, -38.17318069597, -36.14114635648, -38.24802668337, -36.55824539827, -37.75400195535, -279.4509704797, -291.0526110386, -278.8527997695, -277.4128162993, -280.0142938463, -278.5770998702, 39.69119715698, 39.29873366608, 39.56078016085, 39.58046148319, 39.6948684235, 39.71409646803
27.35, 0.7049560275528, 0, 6, 0.9205405237059, -4.453152325212, -4.453728296344, -3.499701090154, -3.486473307294, -5.44155300796, -6.999773559006, 405.5857489686, 406.363697073, 405.473931062, 406.33988438, 31.59695067455, 99.91973376812, 100, 99.92036170259, 738.2428177065, 753.1179910221, 738.7127459746, 736.8732221785, 737.8131860307, 735.9689468079, -37.8019225828, -35.76669739123, -37.87638186898, -36.18381733134, -37.38245660651, -279.8826929587, -291.3883951366, -279.2816210345, -277.8535191728, -280.4490212555, -279.023745557, 39.68634695114, 39.29381093999, 39.55626410724, 39.57609089959, 39.6895773399, 39.70885511723
27.375, 0.7082927427091, 0, 6, 0.9239525649156, -4.414943437435, -4.415518688192, -3.463392337019, -3.453058374387, -5.404509438167, -6.96957984651, 405.9533304248, 406.7337070924, 405.8468435901, 406.7141136353, 31.63860847154, 99.92020552059, 100, 99.92087131564, 738.7889649104, 753.7383799758, 739.2548858881, 737.4061431164, 738.3628872285, 736.5094389194, -37.43001872436, -35.39191378553, -37.50422968688, -35.80902643781, -37.00986118872, -280.3110168925, -291.7201279712, -279.7070632415, -278.2909235052, -280.8803291098, -279.4670529736, 39.68146369279, 39.2888393375, 39.55169429009, 39.57170722191, 39.68426199795, 39.70363589227
27.4, 0.7105469458603, 0, 6, 0.9283797249646, -4.378680084456, -4.379256072628, -3.42894814858, -3.420857745502, -5.369512881948, -6.939342701228, 406.3209035979, 407.1037365144, 406.2197578199, 407.0883608386, 31.67287982333, 99.92079299657, 100, 99.9215096466, 739.3377775524, 754.3609221027, 739.7996773422, 737.9417807752, 738.9152918692, 737.0527012558, -37.05759780656, -35.01690926494, -37.13157467107, -35.43389464419, -36.63662566899, -280.7359154053, -292.0478149673, -280.1290981767, -278.724997185, -281.3081880592, -279.9069872614, 39.67655514579, 39.28382305623, 39.54705865425, 39.56730278906, 39.67891091195, 39.69843402133
27.425, 0.7118276909865, 0, 6, 0.933840383433, -4.344653074815, -4.345231313168, -3.396788201393, -3.390478810723, -5.336411622377, -6.909088277147, 406.6884695438, 407.4737867628, 406.5926740658, 407.4626268733, 31.69949424734, 99.92150162732, 100, 99.9222827799, 739.8892420741, 754.9855965154, 740.347107499, 738.4801229171, 739.4703855497, 737.5987194841, -36.68467096199, -34.64174464509, -36.75832851665, -35.05844725532, -36.2630002378, -281.157362968, -292.3714344727, -280.5476995525, -279.1557135633, -281.7325722437, -280.3435212896, 39.67162010263, 39.27876063866, 39.54234707182, 39.56286490378, 39.67350920288, 39.6932309075
27.45, 0.7123964285382, 0, 6, 0.9401985695178, -4.31273074659, -4.313312563639, -3.36690458664, -3.362148102768, -5.30487440378, -6.879020264045, 407.056028947, 407.8438587125, 406.965593155, 407.8369128795, 31.71805884282, 99.92233587246, 100, 99.92319419216, 740.4433440985, 755.6123896812, 740.8971604546, 739.0211532769, 740.0281519503, 738.1474763892, -36.31119779264, -34.26643308867, -36.38440033179, -34.68269854944, -35.88909632518, -281.5753365328, -292.6909546429, -280.9628443324, -279.5830506439, -282.1534593575, -280.7766335074, 39.66664943609, 39.27364561851, 39.5375497277, 39.55837809143, 39.66804120091, 39.6880014618
27.475, 0.7127789424192, 0, 6, 0.9472601383938, -4.282537144923, -4.28312358528, -3.338960644093, -3.335696432685, -5.27412609624, -6.849357965917, 407.4235825456, 408.2139538584, 407.3385157266, 408.211219396, 31.72832161653, 99.92327794738, 100, 99.92422538933, 741.0000672931, 756.2412793327, 741.4498178648, 739.5648540934, 740.5885720488, 738.6989532921, -35.93716590158, -33.89103886986, -36.00977984919, -34.30667927518, -35.5149420616, -281.9898159191, -293.0063547883, -281.374513363, -280.0069891879, -282.5708301018, -281.2063046739, 39.66162865591, 39.26846722676, 39.53265652439, 39.55382722104, 39.66249131122, 39.68272160911
27.5, 0.7134882772076, 0, 6, 0.9548519976361, -4.253553542836, -4.254145374329, -3.312159503478, -3.31064866568, -5.243569595623, -6.820200724648, 407.7911311726, 408.5840754708, 407.7114421335, 408.5855464092, 31.73009659814, 99.92430892088, 100, 99.9253527311, 741.5593945057, 756.8722391002, 742.0050608926, 740.1112072529, 741.1516263995, 739.2531314905, -35.56257702596, -33.51572600519, -35.63449614201, -33.93060334203, -35.14048949246, -282.4007812279, -293.317619382, -281.7826883402, -280.4275104179, -282.9846652042, -281.6325157804, 39.65654112387, 39.2632120574, 39.52766298772, 39.54919981189, 39.65684953197, 39.67737160889
27.525, 0.7146883916798, 0, 6, 0.9627574915971, -4.225215387898, -4.225813037899, -3.285674793427, -3.286362420859, -5.213091257781, -6.791522121679, 408.1586756029, 408.9542233153, 408.0843730812, 408.9598937731, 31.72305488114, 99.92540749828, 100, 99.92654688189, 742.1213101531, 757.5052512729, 742.5628720247, 740.6601945914, 741.7172985123, 739.809993382, -35.18739246233, -33.14046590013, -35.25855374416, -33.55455959503, -34.76561347376, -282.8082104105, -293.6247204295, -282.1873482552, -280.8445944837, -283.3949424394, -282.055247235, 39.65137219769, 39.25786956606, 39.52257714141, 39.54448578552, 39.65112071657, 39.67193592714
27.55, 0.7162288542652, 0, 6, 0.9706297279932, -4.197064974563, -4.197668377592, -3.25894183786, -3.261894885012, -5.182859225622, -6.763294567361, 408.5262161499, 409.3243963671, 408.4573098719, 409.3342614183, 31.7067578352, 99.92654306781, 100, 99.92777133423, 742.6858011808, 758.1403146503, 743.1232350199, 741.2117975274, 742.2855750409, 740.3695225914, -34.81149551455, -32.76492478778, -34.88187557649, -33.178329297, -34.39012606227, -283.2120787669, -293.9276052281, -282.588468116, -281.2582202578, -283.8016365473, -282.4744789295, 39.64611214326, 39.25243680781, 39.51741221596, 39.53967537739, 39.64531856196, 39.66640257228
27.575, 0.7183097089263, 0, 6, 0.9780097394004, -4.168882668222, -4.169491154821, -3.231829258346, -3.237779383304, -5.153114252206, -6.735979974316, 408.8937525697, 409.6945931356, 408.8302541057, 409.708649513, 31.68063115211, 99.92768964644, 100, 99.92899392357, 743.2528560074, 758.7774403918, 743.6861343185, 741.7659971895, 742.8564441709, 740.9317037402, -34.43470925343, -32.38882248129, -34.50434627862, -32.80168147414, -34.01379893937, -283.6123601007, -294.2262007107, -282.9860200976, -281.6683655497, -284.2047202994, -282.8901901312, 39.64075654992, 39.24691854502, 39.51218047723, 39.53476017308, 39.6394593417, 39.66076487311
27.6, 0.7210874012886, 0, 6, 0.9844623101481, -4.140637975583, -4.141250327044, -3.204250558355, -3.214025067772, -5.124080712238, -6.710195589385, 409.2612845412, 410.0648101615, 409.2032068208, 410.0830575355, 31.64430692459, 99.92883488726, 100, 99.93019712659, 743.8224627919, 759.4166251015, 744.2515552967, 742.3227781166, 743.4298930139, 741.4965235403, -34.05693467966, -32.01207867925, -34.12599254976, -32.42458283312, -33.63643691538, -284.0090275424, -294.5204519987, -283.379975878, -282.075004743, -284.604165077, -283.3023553511, 39.63530685946, 39.24132500296, 39.50689312489, 39.52974180083, 39.63355939366, 39.65502797927
27.625, 0.7243658063993, 0, 6, 0.9897487488485, -4.112409377041, -4.113024089264, -3.176344618724, -3.190257533809, -5.09593071645, -6.686092624886, 409.628812405, 410.4350432002, 409.5761679709, 410.4574837796, 31.59790037142, 99.92997285291, 100, 99.93137511716, 744.3946083759, 760.0578372795, 744.8194845663, 742.8821297504, 744.0059067401, 742.0639707451, -33.67822392362, -31.63480285185, -33.7469913112, -32.04714792936, -33.2579757747, -284.4020530846, -294.8103442014, -283.7703073567, -282.4781073132, -284.9999408107, -283.7109421506, 39.62977136221, 39.23566933281, 39.501561036, 39.52463236162, 39.6276339241, 39.64920860739
27.65, 0.7278346461521, 0, 6, 0.9938483017429, -4.084391714821, -4.085007293356, -3.148363685479, -3.166176617792, -5.068853111837, -6.66350479066, 409.996337199, 410.805289079, 409.9491365877, 410.8319257687, 31.54193513264, 99.93110249897, 100, 99.93252880078, 744.9692778857, 760.7010228501, 745.3899094676, 743.4440447419, 744.584468827, 742.6340347295, -33.29875423705, -31.25721159453, -33.36757202885, -31.6695794179, -32.87851999301, -284.791408006, -295.0958969676, -284.1569867555, -282.8776390574, -285.392016417, -284.1159128318, 39.62416431762, 39.22996630205, 39.49619434923, 39.51944793462, 39.62169791954, 39.64332906757
27.675, 0.7309355108289, 0, 6, 0.9968678001169, -4.056927742571, -4.057542889326, -3.120925174567, -3.141858632149, -5.043303089349, -6.642200436095, 410.3638604013, 411.1755463206, 410.3221113249, 411.2063809144, 31.47713306218, 99.93223604432, 100, 99.93367444403, 745.5464548368, 761.346117931, 745.9628171115, 744.0085163977, 745.1655614334, 743.2067041226, -32.91876145307, -30.87949635288, -32.98794614449, -31.29203256908, -32.49830047436, -285.1770639839, -295.3771473492, -284.5399868246, -283.2735644852, -285.7803609308, -284.5172276996, 39.61850360683, 39.22423178709, 39.49080096275, 39.51420325176, 39.61576557245, 39.63741236254
27.7, 0.7332197802694, 0, 6, 0.9990151143271, -4.030536641993, -4.031150409822, -3.094988506457, -3.117826323352, -5.019582532564, -6.622061565034, 410.731383775, 411.5458149459, 410.695090459, 411.580846716, 31.40447631256, 99.93340500681, 100, 99.93485517292, 746.12611947, 761.9930461264, 746.5381924209, 744.5755374484, 745.7491626248, 743.7819653175, -32.53855099246, -30.50190101462, -32.60834631499, -30.91463928375, -32.11767135544, -285.5589963068, -295.6541554681, -284.9192841809, -283.665849348, -286.1649473281, -284.9148474412, 39.61280693189, 39.21847952027, 39.48537521474, 39.50890928884, 39.60983810673, 39.63147971441
27.725, 0.7346863256952, 0, 6, 1.000684966031, -4.005838837217, -4.006450872927, -3.071351476654, -3.094838748648, -4.997639305286, -6.60310815138, 411.0989096264, 411.9160959107, 411.0680715039, 411.9553204704, 31.32522170029, 99.93464599485, 100, 99.93611831017, 746.7082468015, 762.6417106053, 747.1160172548, 745.1450996832, 746.3352448512, 744.3598014106, -32.15853573667, -30.12485841021, -32.22909494705, -30.53769327828, -31.73710675765, -285.9371861618, -295.9270188132, -285.2948620906, -284.05446217, -286.5457545395, -285.3087344011, 39.60708736592, 39.21271486859, 39.47989947285, 39.50357440451, 39.60390344164, 39.62554966896
27.75, 0.7353394527246, 0, 6, 1.002453681839, -3.983366448639, -3.983977193314, -3.050528479177, -3.073402726326, -4.97742016174, -6.585208145436, 411.4664408599, 412.2863902869, 411.4410515977, 412.3297992662, 31.24075420298, 99.93599503189, 100, 99.93750688324, 747.2928077107, 763.2920028148, 747.6962710774, 745.7171932213, 746.9237770345, 744.9401923075, -31.779192959, -29.7488384742, -31.85058428108, -30.16156987181, -31.3571281422, -286.311619295, -296.1958607489, -285.6667091463, -284.4393745878, -286.9227661412, -285.6988537997, 39.60135183627, 39.20693333619, 39.4743551614, 39.49820676618, 39.59794508398, 39.61963684508
27.775, 0.7349290389969, 0, 6, 1.004955570861, -3.963448821748, -3.964059540222, -3.032738866957, -3.053504848045, -4.958905000412, -6.567614243129, 411.8339806123, 412.6567001176, 411.8140281977, 412.7042806665, 31.15256402287, 99.93747233524, 100, 99.93904911259, 747.8797711766, 763.9438219042, 748.278931231, 746.2918041956, 747.5147270431, 745.5231142707, -31.40095964402, -29.37422989695, -31.47312480585, -29.78661617141, -30.97825348049, -286.6822842605, -296.460800296, -286.034816943, -284.8205627794, -287.2959691973, -286.0851765718, 39.59560114894, 39.20112303854, 39.46872620151, 39.49280844896, 39.59194574748, 39.61374489943
27.8, 0.7335562573923, 0, 6, 1.008640156265, -3.946235138448, -3.946847663615, -3.017996963183, -3.03562925609, -4.942101625941, -6.550057586223, 412.2015314774, 413.027028928, 412.1870000245, 413.0787636676, 31.06158136487, 99.93908240989, 100, 99.94075121291, 748.4691065742, 764.5970998913, 748.8639724656, 746.868911405, 748.1080640358, 746.1085395014, -31.0240884915, -29.00120456262, -31.09680072914, -29.41300058012, -30.60088025983, -287.0491718429, -296.7219094854, -286.3991779885, -285.1980102727, -287.6653538101, -286.4676837029, 39.58982858519, 39.1952682205, 39.46299848137, 39.4873678392, 39.58588908101, 39.60786081113
27.825, 0.7315529943789, 0, 6, 1.01365559752, -3.931706645296, -3.9323229932, -3.006177816597, -3.020390343981, -4.927006329094, -6.532780264149, 412.5690950452, 413.3973794302, 412.5599673127, 413.4532485964, 30.96807414638, 99.94082283561, 100, 99.94260770721, 749.0607848068, 765.2518051217, 749.4513671815, 747.4484868861, 748.7037590066, 746.6964376415, -30.64862331531, -28.62974549965, -30.72154843829, -29.0407253622, -30.22517483809, -287.4122746235, -296.9792036602, -286.7597849922, -285.5717077067, -288.0309125793, -286.846366007, 39.58401982606, 39.18935154547, 39.45715931121, 39.48186529792, 39.57975981006, 39.6019610979
27.85, 0.7294027003553, 0, 6, 1.019926372747, -3.919659716877, -3.920281797256, -2.996938655746, -3.008051058656, -4.913408012615, -6.516223511729, 412.9366720663, 413.7677521996, 412.9329312297, 413.8277363282, 30.87191513484, 99.94268378154, 100, 99.94460516516, 749.6547779968, 765.9079266966, 750.0410862545, 748.0304989954, 749.3017837719, 747.286777467, -30.27448333938, -28.25978437856, -30.34727676837, -28.66975459845, -29.85109889355, -287.7715863502, -297.2326636868, -287.1166312558, -285.9416502031, -288.3926399969, -287.2212203099, 39.57815514643, 39.18335471281, 39.45119654088, 39.47628058202, 39.57354217033, 39.59601951704
27.875, 0.7278290864962, 0, 6, 1.027264221556, -3.909688376068, -3.910317830567, -2.989320893723, -2.998355800762, -4.900913886785, -6.500728646241, 413.3042628507, 414.1381457317, 413.305893321, 414.2022276548, 30.77274545641, 99.94463444726, 100, 99.94670154314, 750.2510598127, 766.565465002, 750.6331008355, 748.6149148752, 749.9021120874, 747.8795284209, -29.90151690757, -27.89130485093, -29.97389262928, -28.30016508491, -29.47845705757, -288.1270996416, -297.4822496182, -287.4697088632, -286.307834155, -288.7505293677, -287.5922455418, 39.57221302261, 39.17725981542, 39.44510760863, 39.47059705498, 39.56722945151, 39.590012025
27.9, 0.7269399018228, 0, 6, 1.035304856433, -3.901204543504, -3.901842500032, -2.982415504017, -2.990628002233, -4.889644381973, -6.486360902625, 413.6718671783, 414.5085568723, 413.6788560294, 414.5767235516, 30.6697562599, 99.94663152583, 100, 99.94883971616, 750.8496081191, 767.2244421002, 751.227384113, 749.2017010187, 750.5047228135, 748.4746621337, -29.52944759653, -27.52403339866, -29.6012126445, -27.93184451561, -29.10688845809, -288.4788019262, -297.7278805968, -287.8190039715, -286.6702547257, -289.1045687592, -287.9594408025, 39.5661756814, 39.17105617662, 39.43890826407, 39.46480244747, 39.56083235908, 39.58391789916
27.925, 0.7266577230467, 0, 6, 1.043473187932, -3.893614406296, -3.894261205854, -2.975575395806, -2.984090596659, -4.87972857476, -6.473296416352, 414.0394840717, 414.8789819131, 414.0518224745, 414.9512252636, 30.561742923, 99.94863128245, 100, 99.95096747878, 751.4504048384, 767.8848973372, 751.8239109077, 749.7908239971, 751.1095983165, 749.0721525157, -29.15789754173, -27.15759320604, -29.22895382677, -27.56454740063, -28.73594429046, -288.8266758765, -297.9694397133, -288.1644972501, -287.0289051048, -289.4547419509, -288.3228040253, 39.56003232407, 39.16474435412, 39.43261916718, 39.45888642271, 39.55436822843, 39.57772024834
27.95, 0.727265840608, 0, 6, 1.051063498361, -3.886506236337, -3.887161279467, -2.968473466409, -2.978731476344, -4.871217521304, -6.462384384713, 414.4071120525, 415.2494169659, 414.424795764, 415.325733744, 30.44734821999, 99.95060213548, 100, 99.95304351276, 752.0534338253, 768.5468708513, 752.422657171, 750.3822521282, 751.7167219179, 749.6719756654, -28.78647989439, -26.7916525599, -28.85683358006, -27.19801011789, -28.36516249415, -289.1707018242, -298.2068014877, -288.5061664888, -287.3837757134, -289.8010300813, -288.6823298326, 39.55377905606, 39.1583345308, 39.42625869626, 39.45284117793, 39.54785588696, 39.5714100783
27.975, 0.7288046083983, 0, 6, 1.057476811353, -3.879687052113, -3.880348947611, -2.961050314522, -2.974269440483, -4.864145492351, -6.454225562026, 414.7747499266, 415.6198561335, 414.7977779384, 415.7002484775, 30.32569731338, 99.95253381059, 100, 99.95505122601, 752.6586782712, 769.2103761477, 753.0236006024, 750.9759596516, 752.326075126, 750.2741107458, -28.41496755562, -26.42608063779, -28.48480703443, -26.83211999508, -27.99415511804, -289.5108590874, -298.4398823308, -288.8439892315, -287.7348506934, -290.1434123532, -289.0380042317, 39.54741997054, 39.15184281602, 39.41984293672, 39.44667368075, 39.54131412047, 39.5649970719
28, 0.7309325730266, 0, 6, 1.062430533634, -3.873150859826, -3.873817842983, -2.953427358826, -2.970005620524, -4.85856075683, -6.448720048082, 415.1423975441, 415.9902934947, 415.1707692976, 416.0747672847, 30.19670706966, 99.95442434352, 100, 99.95698943014, 753.2661189028, 769.8753873041, 753.6267208153, 751.5719277249, 752.9376362826, 750.8785387374, -28.04337755343, -26.06097005127, -28.11304678357, -26.46695548571, -27.62277971266, -289.8471264434, -298.6686681289, -289.1779441348, -288.0821067325, -290.4818666134, -289.3898028976, 39.54096824729, 39.1452880941, 39.41338648246, 39.44040339116, 39.53476079901, 39.55850503147
28.025, 0.7332008256306, 0, 6, 1.06593393216, -3.86708818455, -3.867758520259, -2.945880948868, -2.965503714035, -4.854612756646, -6.445410221868, 415.5100558157, 416.3607253972, 415.5437687608, 416.4492871014, 30.06088843712, 99.95627787838, 100, 99.95886482764, 753.8757338719, 770.5418505516, 754.2319985194, 752.1701415697, 753.5513812344, 751.4852406706, -27.67190621188, -25.69654144987, -27.74179602917, -26.10270570841, -27.25115336172, -290.1794828678, -298.893197754, -289.5080109771, -288.4255156814, -290.8163701151, -289.737694694, 39.53444432719, 39.13869069955, 39.40690286737, 39.43405284283, 39.52821384117, 39.55196325081
28.05, 0.7347477335599, 0, 6, 1.06815174718, -3.861895880205, -3.862568102115, -2.939306071261, -2.960896555017, -4.852815436212, -6.443723662968, 415.8777262604, 416.7311507052, 415.9167747332, 416.8238049405, 29.91903633793, 99.95811632973, 100, 99.96070766325, 754.4874991747, 771.2097004265, 754.8394140243, 752.7705871956, 754.1672837711, 752.09419625, -27.3008320227, -25.33289534929, -27.37128238102, -25.73940009987, -26.87957320742, -290.507909033, -299.1135361044, -289.8341712067, -288.7650483585, -291.1469015746, -290.0816466307, 39.52787238521, 39.13207165051, 39.4004009648, 39.4276415616, 39.52168691202, 39.54540016164
28.075, 0.7352139442283, 0, 6, 1.069411228837, -3.85819376652, -3.858866926971, -2.934836653462, -2.956851731155, -4.853212036391, -6.443499747146, 416.2454108293, 417.1015702622, 416.2897848268, 417.198317991, 29.7723637938, 99.95998173715, 100, 99.96257713292, 755.1013863742, 771.8788545872, 755.4489450453, 753.373250206, 754.7853121443, 752.7053821027, -26.93054324404, -24.97035515833, -27.00179443946, -25.37720148803, -26.5085120908, -290.832392095, -299.329786575, -290.1564132005, -289.1006781303, -291.4734466503, -290.4216272033, 39.52127462655, 39.12544680981, 39.39386926376, 39.42118449783, 39.51517455911, 39.53884095198
28.1, 0.7346904246807, 0, 6, 1.070285504336, -3.856695738734, -3.857369737863, -2.933347565749, -2.954285229936, -4.855644288156, -6.444719432192, 416.6131121831, 417.4719859526, 416.6627957664, 417.5728231471, 29.62260327903, 99.96191788093, 100, 99.96453053057, 755.7173613821, 772.5492114685, 756.0605665035, 753.9781152424, 755.4054291868, 753.3187710959, -26.56155150288, -24.60944315711, -26.63373290514, -25.01646655096, -26.1385726839, -291.1529272922, -299.5420987564, -290.4747340228, -289.4323825027, -291.7959987618, -290.7576081294, 39.51466616138, 39.11882001838, 39.38728454339, 39.41469360937, 39.5086595242, 39.53230665835
28.125, 0.733065315881, 0, 6, 1.071539575311, -3.857970707573, -3.858646511343, -2.935359936913, -2.953568743267, -4.860031471187, -6.446859413597, 416.9808336029, 417.8423996493, 417.0358040582, 417.9473172143, 29.47175086803, 99.96396256911, 100, 99.96661626437, 756.3353863888, 773.2206632022, 756.6742512826, 754.5851649273, 756.0275950719, 753.9343328522, -26.19441620545, -24.25063625239, -26.26755459626, -24.65757365218, -25.77038870606, -291.4695153622, -299.7506455732, -290.7891368437, -289.7601435083, -292.1145569292, -291.0895659013, 39.50805407399, 39.11218315153, 39.38062439794, 39.40817983938, 39.5021212001, 39.52581193501
28.15, 0.7301349693638, 0, 6, 1.073923970102, -3.862326726863, -3.863006310799, -2.941047955535, -2.954728990688, -4.866321311169, -6.449061747673, 417.3485783472, 418.2128148131, 417.4088069557, 418.3217980387, 29.32149921814, 99.96612807481, 100, 99.96885713684, 756.9554227221, 773.893119884, 757.2899699567, 755.1943763133, 756.6517703794, 754.5520332798, -25.82958500538, -23.89424641158, -25.90353143132, -24.30079792918, -25.40455653441, -291.7821601846, -299.9555744591, -291.0996278449, -290.0839506231, -292.4291242476, -291.4174864355, 39.50143710693, 39.10551992337, 39.37386929727, 39.40164202681, 39.49553837302, 39.51935367599
28.175, 0.7261854675871, 0, 6, 1.077881153639, -3.869860212842, -3.87054615438, -2.950360570252, -2.958497441496, -4.874495514855, -6.451261203135, 417.7163486716, 418.5832359321, 417.7818035169, 418.6962653017, 29.17271271693, 99.96841169351, 100, 99.97125165527, 757.577433442, 774.5665313876, 757.9076901946, 755.8057180592, 757.2779185476, 755.17183538, -25.46724145264, -23.54031633213, -25.54164692395, -23.94618726419, -25.04144740374, -292.0908679478, -300.1569588059, -291.4062139433, -290.4038037467, -292.7397069628, -291.741369142, 39.49480393321, 39.09881011459, 39.36700184913, 39.39506173408, 39.48889128171, 39.51290997975
28.2, 0.7216771346618, 0, 6, 1.083486393094, -3.880471661878, -3.881166663491, -2.963062746701, -2.965586487291, -4.884497961242, -6.453736499726, 418.0841455175, 418.9536656314, 418.154794548, 419.0707201063, 29.02547742112, 99.97080314867, 100, 99.97378600605, 758.2013840843, 775.2408827433, 758.5273774124, 756.4191524536, 757.9060058281, 755.7937012127, -25.10732682572, -23.18871375024, -25.18174143355, -23.59364191335, -24.68112342137, -292.3956463717, -300.3548013584, -291.7089022182, -290.719711359, -293.0463135451, -292.0612245238, 39.48813419146, 39.09203180939, 39.3600063701, 39.38841308068, 39.48216157403, 39.5064496276
28.225, 0.7174463326206, 0, 6, 1.090576190174, -3.893843742531, -3.894550304673, -2.97841336109, -2.976170458178, -4.895996432735, -6.457225180876, 418.4519688323, 419.3241037073, 418.5277818604, 419.4451641396, 28.8794029164, 99.97327662054, 100, 99.97642627712, 758.8272423088, 775.9161790774, 759.148996186, 757.034638774, 758.5360006381, 756.4175934625, -24.74963588645, -22.83928882564, -24.82362779761, -23.24307541699, -24.32339358756, -292.6965031745, -300.5490608322, -292.0076993219, -291.0316865406, -293.3489530052, -292.3770690597, 39.48140214034, 39.0851624433, 39.35287184851, 39.38167150096, 39.47533403864, 39.49994065233
28.25, 0.7140349911086, 0, 6, 1.098813939233, -3.909388304033, -3.910108454605, -2.995276977379, -2.989720130819, -4.908811086517, -6.462175170093, 418.8198179262, 419.6945475336, 418.9007680007, 419.8195989853, 28.73368381204, 99.97578449522, 100, 99.9791087089, 759.4549791745, 776.5924415598, 759.7725124662, 757.6521355717, 759.1678754585, 757.0434770422, -24.3938462423, -22.49182074448, -24.46707887176, -22.89441359905, -23.96785928969, -292.9934417723, -300.7396569358, -292.3026074197, -291.339742445, -293.6476300703, -292.688920381, 39.47458236333, 39.07818315439, 39.34560545056, 39.3748180788, 39.46840827495, 39.49335427692
28.275, 0.7114482541184, 0, 6, 1.107638221428, -3.926340821937, -3.927075770578, -3.012734829029, -3.005279405401, -4.923009326276, -6.468745714617, 419.1876913807, 420.0649931882, 419.2737562638, 420.1940261885, 28.58712176845, 99.9782789684, 100, 99.98177077805, 760.0845702819, 777.2697056027, 760.3978942942, 758.2716020123, 759.8016070878, 757.6713198675, -24.03953337267, -22.14593111971, -24.11179273048, -22.54743934946, -23.61398726719, -293.2864592043, -300.9264711953, -292.5936221435, -291.6438895937, -293.9423434289, -292.9967941929, 39.46765565164, 39.07108574817, 39.33822890893, 39.36783876796, 39.4613978563, 39.48666640561
28.3, 0.7097822557284, 0, 6, 1.116299103105, -3.944011551376, -3.944761410486, -3.029994366059, -3.022181743213, -4.938610440629, -6.477290743103, 419.5555872387, 420.4354367012, 419.6467500835, 420.5684470923, 28.43830602581, 99.98071753759, 100, 99.98435897861, 760.7159944732, 777.9480104048, 761.025111322, 758.892999076, 760.437174387, 758.3010925082, -23.68623920312, -21.80116842667, -23.75743034988, -22.20184453643, -23.26121523351, -293.5755481151, -301.1093679063, -292.8807344502, -291.944134924, -294.2330875185, -293.3007022984, 39.46061119208, 39.0638742606, 39.33076526687, 39.3607220492, 39.45432143215, 39.47985995399
28.325, 0.7092536971456, 0, 6, 1.124028215536, -3.961944981568, -3.96270873018, -3.046706848732, -3.040221067831, -4.955587591687, -6.488590260486, 419.9235035226, 420.8058731329, 420.0197522343, 420.9428621365, 28.28598992888, 99.98307472155, 100, 99.98683633627, 761.3492315503, 778.627382543, 761.6541350603, 759.5162920784, 761.0745558662, 758.9327682644, -23.33359158102, -21.45724970974, -23.4037900834, -21.85740273881, -22.90902118713, -293.8606988211, -301.2882311419, -293.1639330355, -292.2404794417, -294.5198538287, -293.6006490598, 39.4534469902, 39.05656201641, 39.32323466326, 39.35346654751, 39.4471988223, 39.47293296876
28.35, 0.7096758931079, 0, 6, 1.130306227018, -3.979907992827, -3.980683810966, -3.062783040377, -3.058650117095, -4.973892115836, -6.50282192765, 420.2914390366, 421.1762964972, 420.392763837, 421.3172700245, 28.12966692815, 99.98534315937, 100, 99.98919037237, 761.9842598103, 779.3078166472, 762.284939531, 760.1414535059, 761.7137273293, 759.5663226267, -22.98145301706, -21.11413825777, -23.05094417107, -21.51408308307, -22.55707134634, -294.1419004331, -301.4630125059, -293.443206535, -292.5329150788, -294.8026318558, -293.8966272294, 39.44617137122, 39.04916772419, 39.31565488059, 39.34608802399, 39.44004924161, 39.46590270148
28.375, 0.7105832514186, 0, 6, 1.134971439926, -3.997882053847, -3.998667834667, -3.078338598833, -3.076655678774, -4.993523308452, -6.519566961508, 420.6593937807, 421.5467023114, 420.7657842183, 421.691668058, 27.96961787419, 99.98752328794, 100, 99.99142182677, 762.6210549843, 779.9892758086, 762.9175009264, 760.7684618067, 762.3546616237, 760.2017316321, -22.62992782146, -20.7719751028, -22.699122998, -21.17200192953, -22.20532538091, -294.4191416554, -301.6337362822, -293.7185442709, -292.821425801, -295.0814099244, -294.1886193137, 39.43880258546, 39.04171288883, 39.30804271411, 39.33861141056, 39.43289132061, 39.45879796206
28.4, 0.7113074849283, 0, 6, 1.1381205665, -4.016088619447, -4.016882377707, -3.093858339438, -3.093931282813, -5.014718532072, -6.538200525071, 421.0273686742, 421.9170887941, 421.1388116033, 422.0660531079, 27.80659872581, 99.98962451283, 100, 99.99354401385, 763.2595905634, 780.6717057912, 763.5517963504, 761.3972980727, 762.9973296069, 760.8389705287, -22.27926308014, -20.43093626472, -22.34857601461, -20.83128768061, -21.85399385108, -294.6924120034, -301.8004712111, -293.9899365123, -293.1059916936, -295.3561764242, -294.4766027138, 39.43136565303, 39.03422067579, 39.3004129852, 39.33106168783, 39.4257428853, 39.45165038126
28.425, 0.7110549126562, 0, 6, 1.140000485548, -4.035011165161, -4.035811312957, -3.110365270214, -3.110832608912, -5.037938180401, -6.558224571043, 421.3953651195, 422.2874565253, 421.5118436411, 422.4404222393, 27.64168370705, 99.99168154268, 100, 99.99560469097, 763.8998374783, 781.3550423908, 764.1878020268, 762.0279437567, 763.6416992568, 761.478012594, -21.92979406243, -20.0912065543, -21.99955610214, -20.49203811525, -21.50347807855, -294.9617050363, -301.9633163586, -294.2573774021, -293.386593366, -295.6269236999, -294.7605546909, 39.42388735163, 39.0267130986, 39.29276814735, 39.32345930075, 39.41861190234, 39.44448899792
28.45, 0.7096257318251, 0, 6, 1.141041040106, -4.055380441896, -4.056186111446, -3.128927442247, -3.128246674051, -5.063234410114, -6.579406418454, 421.7633851564, 422.6578077614, 421.8848770679, 422.8147724036, 27.47649919568, 99.99374006853, 100, 99.99766660364, 764.541761973, 782.0392037433, 764.8254921456, 762.6603803536, 764.2877331332, 762.1188276845, -21.58199931409, -19.7531682627, -21.65242516669, -20.15446497176, -21.15437310384, -295.2270236174, -302.1224233994, -294.5208704708, -293.6632151829, -295.8936530609, -295.0404551694, 39.41639015279, 39.01920428863, 39.28509327684, 39.31581940427, 39.4114907808, 39.43733879146
28.475, 0.7070756308835, 0, 6, 1.14187715506, -4.077926890907, -4.078738242765, -3.150345688933, -3.146633824034, -5.090297172296, -6.601555628837, 422.1314316385, 423.0281453493, 422.2579078855, 423.1891003277, 27.31309317276, 99.99583553791, 100, 99.99977881199, 765.1853261112, 782.7240973554, 765.4648391043, 763.2945882741, 764.9353900159, 762.7613824207, -21.23644895595, -19.41730486466, -21.30763745899, -19.81887569494, -20.8073606525, -295.4883787621, -302.2779828785, -294.7804276899, -293.9358466108, -296.1563738759, -295.3162889281, 39.408888629, 39.01169634373, 39.27736797439, 39.30815456863, 39.40436233107, 39.43021922166
28.5, 0.7033172233846, 0, 6, 1.143250379729, -4.103125279742, -4.103943627328, -3.175021498048, -3.166499300553, -5.119009205431, -6.623993975433, 422.4995075262, 423.398472428, 422.6309325838, 423.5634033914, 27.15338546059, 99.99799199945, 100, 100.001977661, 765.8304903875, 783.4096417548, 766.1058134039, 763.9305439305, 765.5846287688, 763.4056409247, -20.89363879165, -19.08399145235, -20.96555373545, -19.4855694225, -20.46306046114, -295.7457852446, -302.4301703709, -295.0360650461, -294.2044842648, -296.4151002497, -295.5880494907, 39.40138889309, 39.00418063788, 39.2695741501, 39.30047260983, 39.39720619214, 39.42313831799
28.525, 0.6984034495939, 0, 6, 1.145764814802, -4.13113888705, -4.131966470117, -3.202996339306, -3.188300271406, -5.149237055043, -6.646189696639, 422.8676150466, 423.7687927786, 423.0039491412, 423.9376805275, 26.99866796567, 100.0002120673, 100, 100.0042740491, 766.4772162674, 784.0957820701, 766.7483832003, 764.5682173395, 766.2354107984, 764.0515653172, -20.55385769525, -18.75338686707, -20.6262755011, -19.15468479468, -20.12193677289, -295.9992597783, -302.5791029079, -295.2878001668, -294.4691346025, -296.6698494318, -295.8557426871, 39.39388766354, 38.99664178815, 39.26169653082, 39.29276747059, 39.39000214193, 39.41608554218
28.55, 0.6927085395494, 0, 6, 1.14969587811, -4.161861346904, -4.162700838125, -3.234050421721, -3.212641590108, -5.180816750483, -6.668211325191, 423.2357551575, 424.1391122156, 423.3769573677, 424.3119321982, 26.84939743515, 100.0024690756, 100, 100.0066423164, 767.1254677228, 784.7824950612, 767.3925142128, 765.2075719874, 766.8877009168, 764.699117005, -20.21713274659, -18.42542854319, -20.28967050738, -18.82617553893, -19.784181451, -296.2488201779, -302.7248191049, -295.5356510178, -294.7298142425, -296.9206407531, -296.1193869632, 39.3863717981, 38.98906106708, 39.253721792, 39.28502078835, 39.38273134918, 39.4090350333
28.575, 0.6867538546632, 0, 6, 1.155016172948, -4.194944894222, -4.195798933605, -3.267729364139, -3.239844510698, -5.213463461659, -6.690457850112, 423.6039276015, 424.5094343959, 423.7499584407, 424.6861599675, 26.70541869192, 100.0047611008, 100, 100.0090778667, 767.7752112196, 785.4697791119, 768.0381706865, 765.8485675556, 767.5414664998, 765.3482580792, -19.88330204081, -18.09994066528, -19.95552248958, -18.49990429816, -19.44971143798, -296.4944847771, -302.8672994548, -295.7796358063, -294.9865467467, -297.1674949274, -296.3790092205, 39.37882044468, 38.98141803985, 39.2456379137, 39.27721064247, 39.37537562897, 39.40195489626
28.6, 0.6812647713198, 0, 6, 1.161535079645, -4.229826248019, -4.230697164536, -3.303078418578, -3.26963660341, -5.24665328777, -6.713310996024, 423.9721314889, 424.879758447, 424.1229541062, 425.0603654715, 26.56630289817, 100.0070620496, 100, 100.0115460453, 768.4264151263, 786.1576411706, 768.6853169691, 766.4911629926, 768.1966767634, 765.9989522139, -19.55212048817, -17.77679231915, -19.62363104118, -18.17581384368, -19.11825118546, -296.7362711713, -303.0064978673, -296.0197722392, -295.239358104, -297.410432212, -296.6346392547, 39.37120902862, 38.97369173898, 39.23743800419, 39.26931795867, 39.3679210793, 39.39481488814
28.625, 0.6766297241369, 0, 6, 1.168929638832, -4.265762455167, -4.266652019172, -3.338892528861, -3.301229384943, -5.280186974815, -6.736940486067, 424.3403655463, 425.2500818382, 424.4959466058, 425.434550188, 26.43132323689, 100.0093298051, 100, 100.0139882968, 769.0790505856, 786.8460966641, 769.3339189063, 767.1353175506, 768.8533044633, 766.6511655643, -19.22326270115, -17.45575941152, -19.2937695164, -17.85383221939, -18.78937129778, -296.9741924834, -303.14233908, -296.2560733454, -295.4882730748, -297.6494677215, -296.8863060151, 39.36351483476, 38.96586563397, 39.22913209585, 39.26132872791, 39.36037005388, 39.38758969684
28.65, 0.6728101885175, 0, 6, 1.176681582944, -4.301971561639, -4.30288064554, -3.374194984899, -3.333658380797, -5.314130583573, -6.761327418298, 424.7086279536, 425.6204013614, 424.8689387621, 425.8087156796, 26.29944013532, 100.0115239851, 100, 100.0163499884, 769.7330923834, 787.5351701676, 769.9839440001, 767.7809912679, 769.5113258977, 767.3048670542, -18.89631834764, -17.13645618511, -18.9656414246, -17.53373490997, -18.46254737239, -297.2082558532, -303.2747141169, -296.4885457707, -295.7333134073, -297.8846104339, -297.1340356847, 39.35572196449, 38.95793392341, 39.22074140442, 39.25323239456, 39.35273745597, 39.38025939121
28.675, 0.6697924323698, 0, 6, 1.184109422564, -4.337846822814, -4.338775128659, -3.408371637636, -3.366397255774, -5.348524769531, -6.786497795743, 425.0769164386, 425.9907138304, 425.2419334618, 426.1828635038, 26.16936372286, 100.0136102732, 100, 100.0185849992, 770.3885178759, 788.224888118, 770.635361077, 768.4281458394, 770.1707189046, 767.960027821, -18.57085125884, -16.81850262634, -18.63892379845, -17.21524403122, -18.13724233011, -297.438464592, -303.403499201, -296.7171918372, -295.9744972373, -298.1158653354, -297.3778503592, 39.3478226552, 38.94990230998, 39.21228715193, 39.24502034513, 39.34504219843, 39.37281110149
28.7, 0.667679805343, 0, 6, 1.190534369441, -4.373075751081, -4.37402181067, -3.441186421003, -3.399303015989, -5.38340998062, -6.8128396784, 425.44522868, 426.3610153002, 425.6149330171, 426.556994795, 26.03990002857, 100.0155674893, 100, 100.0206594858, 771.0453049641, 788.9152685261, 771.2881403537, 769.0767462169, 770.831461002, 768.6166210441, -18.24649086148, -16.50160009479, -18.31341641355, -16.89810266773, -17.81293802006, -297.6648203774, -303.5285860005, -296.9420117762, -296.2118375563, -298.3432350631, -297.6177657486, 39.33981757274, 38.94178500483, 39.20378815623, 39.23669406404, 39.33730418313, 39.36524764441
28.725, 0.666421037451, 0, 6, 1.195524871706, -4.407584880921, -4.408546448018, -3.472669265583, -3.431798685089, -5.418830401405, -6.841154296674, 425.8135628335, 426.7313014592, 425.987938497, 426.9311096092, 25.91039594083, 100.0173876506, 100, 100.0225601718, 771.7034301071, 789.6063101837, 771.9422539757, 769.7267622274, 771.4935277723, 769.2746210345, -17.92303949808, -16.18563949386, -17.98911736329, -16.58219956294, -17.48928133346, -297.8873240035, -303.6499169989, -297.1630053115, -296.4453399493, -298.5667207753, -297.853788575, 39.33171705549, 38.93360101299, 39.19526157792, 39.22827011281, 39.32954271255, 39.35758869884
28.75, 0.665601082217, 0, 6, 1.198965996366, -4.441444319504, -4.442418890187, -3.50300048903, -3.463275878013, -5.454813203073, -6.871068793222, 426.181917986, 427.1015696423, 426.3609494416, 427.3052068351, 25.78086849074, 100.0190691623, 100, 100.0242849992, 772.3628677701, 790.2979902332, 772.597676153, 770.3781683618, 772.1568923798, 769.9340019329, -17.60050577185, -15.87067622324, -17.66614775415, -16.26756370156, -17.16617642918, -298.1059756918, -303.7674984208, -297.3801724039, -296.6750026637, -298.7863227521, -298.0859168341, 39.32354020109, 38.92537177714, 39.18672401286, 39.21977300344, 39.32177584969, 39.3498621464
28.775, 0.6646300787862, 0, 6, 1.200955724357, -4.474870418824, -4.475855616307, -3.532637223381, -3.493475495456, -5.491546544131, -6.902051459282, 426.5502939509, 427.4718194247, 426.7339644913, 427.6792849726, 25.6517287295, 100.020621341, 100, 100.0258466172, 773.0235909591, 790.9902742728, 773.2543821014, 771.0309412625, 772.8215265958, 770.5947371239, -17.27901711092, -15.55676928581, -17.34463444243, -15.95420631178, -16.8437422989, -298.3207760058, -303.881374249, -297.59351354, -296.900820406, -299.0020413012, -298.3141442631, 39.31531172664, 38.91712013702, 39.17819052213, 39.21122718852, 39.31402051994, 39.34209700691
28.8, 0.66287580795, 0, 6, 1.201717415243, -4.508256130173, -4.509249967943, -3.562522992253, -3.522571961457, -5.529182587451, -6.933696620003, 426.9186908967, 427.8420519716, 427.1069818262, 428.0533425987, 25.52364221178, 100.0220724859, 100, 100.0272876282, 773.6855711162, 791.6831216138, 773.9123466123, 771.6850580477, 773.4874001819, 771.2567986625, -16.9587711207, -15.24397280663, -17.02469271723, -15.64206496427, -16.52225131684, -298.5317287539, -303.9916131122, -297.803032554, -297.1227884359, -299.2138805231, -298.5384647611, 39.30705734125, 38.90886748807, 39.1696638724, 39.20265270409, 39.30628231884, 39.33431933948
28.825, 0.6602953776404, 0, 6, 1.201666017127, -4.542143958274, -4.543145212176, -3.593550609187, -3.551413569452, -5.567480451766, -6.965805630299, 427.2871093692, 428.2122694481, 427.4799989475, 428.4273782124, 25.3976236697, 100.023452583, 100, 100.0286556842, 774.3487767151, 792.3764830414, 774.5715433865, 772.3404958558, 774.1544797089, 771.9201565785, -16.64005520681, -14.93254466593, -16.70649625337, -15.33122746866, -16.20209577501, -298.7388444735, -304.0983183722, -298.0087402486, -297.3409052374, -299.421851681, -298.7588750327, 39.29879800401, 38.90062669159, 39.16112960256, 39.1940652094, 39.29855064152, 39.32655131676
28.85, 0.6568720608572, 0, 6, 1.201426847523, -4.577040668756, -4.578049246202, -3.626450371293, -3.580653190871, -5.606187403106, -6.998172289274, 427.6555503875, 428.582474414, 427.8530129487, 428.8013901441, 25.27503675206, 100.0247893001, 100, 100.0299917103, 775.0131734669, 793.0703036058, 775.2319454745, 772.9972314831, 774.8227298922, 772.5847791711, -16.32322399, -14.6228351686, -16.3902830086, -15.02188991079, -15.88371588336, -298.9421396302, -304.2016218592, -298.2106535527, -297.5551730629, -299.625971726, -298.9753755573, 39.29054695638, 38.89239863378, 39.15256873666, 39.185478463, 39.29080795608, 39.31881051161
28.875, 0.6524603419946, 0, 6, 1.2017211862, -4.613263164582, -4.614280256607, -3.661458118415, -3.610398578901, -5.645129547298, -7.029997145608, 428.0240151763, 428.9526697897, 428.2260210371, 429.1753768843, 25.15742018801, 100.0261051643, 100, 100.0313316196, 775.6787257925, 793.7645296966, 775.8935252761, 773.6552402789, 775.4921152029, 773.2506332106, -16.00863125852, -14.31511476626, -16.07626842686, -14.71425654586, -15.56756579225, -299.1416348768, -304.3016618249, -298.4087938367, -297.765599216, -299.8262618143, -299.1879725695, 39.28230962449, 38.88417435635, 39.14396436801, 39.1769009371, 39.2830352606, 39.31110420653
28.9, 0.6471704459987, 0, 6, 1.203117221927, -4.650893535016, -4.651921344166, -3.698446364589, -3.641034678559, -5.684173280383, -7.060766436584, 428.3925046216, 429.3228590967, 428.5990214239, 429.5493380275, 25.04581956447, 100.0274043652, 100, 100.0326886969, 776.3453994011, 794.4591243075, 776.5562537065, 774.3144933157, 776.16260257, 773.9176847029, -15.69646583009, -14.00943004223, -15.76444203824, -14.4083747713, -15.25399829886, -299.3373525439, -304.3985286873, -298.6031838973, -297.9721994883, -300.0227452844, -299.3966824185, 39.27408247342, 38.87593891225, 39.13530242997, 39.16832582915, 39.2752140228, 39.30342108037
28.925, 0.6413672898654, 0, 6, 1.205852046217, -4.689795945656, -4.690837108438, -3.737175048519, -3.673143201072, -5.723168984411, -7.090543506549, 428.7610186032, 429.6930448363, 428.972013925, 429.9232745779, 24.94052439553, 100.0286806052, 100, 100.0340580853, 777.0131629159, 795.1540724734, 777.2201000567, 774.9749572122, 776.8341624415, 774.5859004671, -15.3866828678, -13.70566369376, -15.45460318367, -14.1041457798, -14.9431173266, -299.5293151002, -304.4922396224, -298.7938462195, -298.1749983379, -300.2154461931, -299.6015317613, 39.26585248459, 38.86767444189, 39.12657060737, 39.15973477235, 39.26732685659, 39.29573585843
28.95, 0.6355599562849, 0, 6, 1.209878572711, -4.729631712712, -4.730688784974, -3.777169226167, -3.706958228203, -5.761835477767, -7.119670516166, 429.1295560767, 430.0632276825, 429.3449996696, 430.2971883347, 24.8413075594, 100.0299220149, 100, 100.0354252054, 777.6819875838, 795.8493729538, 777.8850328377, 775.6365964852, 777.5067677618, 775.2552489359, -15.07908054371, -13.40362362808, -15.14650542633, -13.80141822785, -14.63478561292, -299.7175445537, -304.5827612883, -298.9808028298, -298.3740253492, -300.4043887216, -299.8025532453, 39.25759948219, 38.85936155561, 39.11775784276, 39.15110671159, 39.25935701502, 39.28801832027
28.975, 0.6304131570641, 0, 6, 1.214993768486, -4.769875744856, -4.770950888654, -3.817459658738, -3.742164263204, -5.799765529518, -7.148458614419, 429.4981155263, 430.4334067702, 429.7179802438, 430.671081231, 24.74768620845, 100.031101677, 100, 100.0367518876, 778.3518466519, 796.5450301262, 778.5510211003, 776.2993756285, 778.1803935355, 775.925700524, -14.7733830193, -13.10317672551, -14.83992495006, -13.50014706142, -14.32869110041, -299.9020608349, -304.6700348771, -299.164073811, -298.5693109036, -300.5895947446, -299.9997805081, 39.24930031117, 38.85098092617, 39.10886066548, 39.14242379756, 39.25129484843, 39.28024042385
29, 0.6259757005307, 0, 6, 1.220835405252, -4.80986970725, -4.810964360762, -3.856959621186, -3.77801654979, -5.837308411525, -7.177044022691, 429.8666951228, 430.8035802127, 430.090957753, 431.044955223, 24.65891686997, 100.0321898099, 100, 100.0379905975, 779.0227159965, 797.2410532445, 779.2180353045, 776.9632598712, 778.8550178135, 776.5972280194, -14.46925043768, -12.8040115306, -14.53462978975, -13.20013955195, -14.02439847749, -300.0828789464, -304.7539760614, -299.3436739821, -298.760883027, -300.7710802002, -300.1932448769, 39.24093463566, 38.84251917687, 39.09989291276, 39.13367292189, 39.24314790053, 39.27237918478
29.025, 0.622392966915, 0, 6, 1.226839138643, -4.848994003589, -4.850108486882, -3.894856889881, -3.813716766487, -5.874285716221, -7.205456799951, 430.2352928574, 431.1737459502, 430.4639342668, 431.4188121648, 24.57399030967, 100.0331616795, 100, 100.0391025853, 779.6945741712, 797.9374524738, 779.8860473896, 777.6282159964, 779.530620137, 777.2698060926, -14.16632172297, -12.50585130718, -14.23038318732, -12.90130171599, -13.72145138093, -300.2600097129, -304.834488185, -299.5196137843, -298.9487661003, -300.9488564121, -300.3829736054, 39.23248922452, 38.83397412464, 39.09087631825, 39.12484364653, 39.23493381098, 39.26441737143
29.05, 0.6197735151288, 0, 6, 1.232305837649, -4.88679448924, -4.887927736797, -3.930682108713, -3.848891515791, -5.910775876443, -7.234162080709, 430.6039065928, 431.5439019588, 430.8369117882, 431.7926537621, 24.49180747469, 100.0339970789, 100, 100.0400548076, 780.3674017565, 798.6342367332, 780.5550304628, 778.2942127121, 780.2071807714, 777.9434111249, -13.86423969893, -12.20837405623, -13.92696222591, -12.60340198741, -13.41940469647, -300.4334602563, -304.9114699915, -299.6918997597, -299.13297998, -301.1229312099, -300.5689887655, 39.22395869034, 38.82535423094, 39.08183200337, 39.11592894204, 39.22667222476, 39.25634557719
29.075, 0.6181474635736, 0, 6, 1.236600270221, -4.923021070899, -4.924170733465, -3.964264771306, -3.883104025703, -5.946803814397, -7.263711403854, 430.9725344571, 431.9140457111, 431.2098914879, 432.1664809232, 24.4116226975, 100.0346886884, 100, 100.040827917, 781.0411794992, 799.3314049159, 781.2249594394, 778.961222574, 780.8846789285, 778.6180208606, -13.56276134502, -11.91141579297, -13.62432389625, -12.30631173111, -13.11787058335, -300.6032354308, -304.984851922, -299.8605362857, -299.313537122, -301.2933099427, -300.7513038346, 39.21534612514, 38.81667525223, 39.07277916541, 39.10693472574, 39.218382946, 39.2481705795
29.1, 0.6171853679553, 0, 6, 1.239372723018, -4.957610015589, -4.958772994284, -3.995650449812, -3.91552632498, -5.982383989797, -7.294127613868, 431.3411753429, 432.2841752352, 431.582873189, 432.540293387, 24.33328346234, 100.0352411555, 100, 100.0414218487, 781.7158865387, 800.0289407857, 781.8958112915, 779.6292224646, 781.5630917844, 779.293613267, -13.26183080364, -11.61498134797, -13.32261053771, -12.01003243504, -12.8166370506, -300.7693388043, -305.0546220115, -300.0255268339, -299.4904415501, -301.4599963881, -300.929922651, 39.20666422397, 38.80795688553, 39.06373543124, 39.09788050047, 39.2100850058, 39.23991473484
29.125, 0.6165558123436, 0, 6, 1.240579649492, -4.990691186797, -4.991864246912, -4.025069957233, -3.945898212235, -6.017600282034, -7.325079078304, 431.7098288257, 432.6542898948, 431.9558557142, 432.9140902065, 24.25708689601, 100.0356652295, 100, 100.0418471138, 782.3915001586, 800.7268178003, 782.5675643539, 780.2981917798, 782.2423951279, 779.970165687, -12.96153181057, -11.31915704708, -13.02197195275, -11.71462013613, -12.51570195265, -300.93177347, -305.120812183, -300.1868743877, -299.6636917726, -301.6229933729, -301.1048428993, 39.19793387535, 38.79922095141, 39.05471711676, 39.08879127918, 39.20179714429, 39.2316077319
29.15, 0.6156649318138, 0, 6, 1.240358339732, -5.022561692191, -5.0237418606, -4.053123064817, -3.974207319675, -6.052721324702, -7.356139525379, 432.0784949013, 433.0243902984, 432.3288374473, 433.2878702263, 24.18357368582, 100.0359811258, 100, 100.0421296447, 783.0679965322, 801.42500485, 783.240197525, 780.9681108829, 782.9225639947, 780.6476545855, -12.66202200148, -11.02395411627, -12.72254555569, -11.42002760334, -12.21523581934, -301.0905429639, -305.1834782575, -300.3445821446, -299.8332840915, -301.7823040091, -301.2760598608, 39.18918067806, 38.79049042982, 39.04573758757, 39.07969082467, 39.19353564684, 39.22327900313
29.175, 0.6140740991759, 0, 6, 1.238973926536, -5.053671863925, -5.054856730438, -4.080775365054, -4.000921266815, -6.087787460549, -7.387006702378, 432.4471737839, 433.3944781068, 432.701816422, 433.6616322736, 24.11349488645, 100.0362199813, 100, 100.0423174887, 783.7453505537, 802.1234676692, 783.9136893378, 781.6389603706, 783.6035717296, 781.3260552083, -12.36351537517, -10.72945681233, -12.42445396631, -11.12620853694, -11.91554060439, -301.2456542307, -305.2426968221, -300.4986569369, -299.9992159507, -301.9379358533, -301.443569876, 39.18042987508, 38.78178545828, 39.03679523313, 39.07059841161, 39.18530242196, 39.2149539665
29.2, 0.6117777623623, 0, 6, 1.236892465446, -5.084545509654, -5.085733649748, -4.108860796752, -4.026746632165, -6.12252101758, -7.417535306316, 432.8158660374, 433.7645555925, 433.0747901381, 434.0353749979, 24.04792297264, 100.0364100858, 100, 100.0424563194, 784.4235348732, 802.8221675807, 784.5880178903, 782.310720924, 784.2853896271, 782.0053413605, -12.0662984492, -10.43597627903, -12.12786155694, -10.83331162163, -11.61700144124, -301.3971199478, -305.2985736625, -300.649111557, -300.161487745, -302.0899026783, -301.6073721449, 39.17170093992, 38.77311639863, 39.02787415117, 39.06152959573, 39.17708502353, 39.20665385324
29.225, 0.6087879142327, 0, 6, 1.234771285533, -5.115606142663, -5.116797482064, -4.137897656754, -4.052183856975, -6.156682074483, -7.44742171679, 433.1845725344, 434.1346250401, 433.4477560511, 434.4090969809, 23.98812049454, 100.0365754247, 100, 100.0425836017, 785.1025203524, 803.5210651577, 785.2631609829, 782.9833727155, 784.9679885466, 782.6854859413, -11.77068635705, -10.14378258338, -11.83295852402, -10.54149265386, -11.32000707862, -301.5449570072, -305.3512295498, -300.7959630563, -300.3201034258, -302.2382222652, -301.7674698108, 39.16300555838, 38.76448191253, 39.01895628589, 39.05249809435, 39.16886593239, 39.19839472115
29.25, 0.604935481371, 0, 6, 1.233316312188, -5.147059294934, -5.148255174869, -4.168056718454, -4.077363770649, -6.19009531884, -7.475883645475, 433.5532940888, 434.5046888936, 433.8207121889, 434.7827972982, 23.93515320374, 100.0367324915, 100, 100.0427299791, 785.7822776662, 804.2201271644, 785.9390957793, 783.6568939048, 785.6513406728, 783.3664614082, -11.47692602211, -9.853041834664, -11.53982676244, -10.25086374829, -11.02491091211, -301.6891841667, -305.4007676184, -300.9392304925, -300.4750724157, -302.3829143859, -301.9238725386, 39.15434748046, 38.75587162218, 39.0100258247, 39.04350971674, 39.16062662138, 39.19017998949
29.275, 0.600373669118, 0, 6, 1.233022557648, -5.178911773706, -5.180114521411, -4.199253210072, -4.102792583526, -6.222626303959, -7.50255273349, 433.9220308412, 434.8747495796, 434.1936579269, 435.1564762231, 23.88949110052, 100.0368834449, 100, 100.0429051727, 786.4627793907, 804.9193340887, 786.6157980177, 784.3312589529, 786.3354211593, 784.0482407055, -11.1850753892, -9.563725767177, -11.24831607507, -9.961388209502, -10.73192809691, -301.8298207756, -305.4472322536, -301.0789332944, -300.6264126113, -302.5239995955, -302.0765997149, 39.14572121276, 38.74727004927, 39.00106898329, 39.03455441743, 39.15234942809, 39.18199510297
29.3, 0.595484321554, 0, 6, 1.234050513299, -5.211004045666, -5.21221630677, -4.231229310686, -4.129010485333, -6.254140616408, -7.527549817258, 434.2907819973, 435.2448083804, 434.5665940695, 435.53013524, 23.85095311877, 100.037022406, 100, 100.0431037615, 787.144000898, 805.6186796099, 787.2932421344, 785.006439426, 787.0202081547, 784.7307984046, -10.89499227987, -9.275656982211, -10.95814732731, -9.672910094064, -10.441039352, -301.9668860688, -305.4906032677, -301.2150905581, -300.7741492668, -302.6614985292, -302.2256789324, 39.13711219658, 38.73865930468, 38.99207333577, 39.02561244016, 39.14401794542, 39.17381430478
29.325, 0.5907988620725, 0, 6, 1.23631045714, -5.243014482375, -5.244238704314, -4.263461627444, -4.156150344861, -6.284370418187, -7.551205682706, 434.6595460962, 435.614865174, 434.9395222362, 435.9037764766, 23.8189704568, 100.0371365384, 100, 100.043308685, 787.8259197856, 806.3181640427, 787.9714021696, 785.6824060108, 787.7056817048, 785.414110945, -10.606417692, -8.988640476938, -10.66904200119, -9.385279569086, -10.15202144363, -302.1003984524, -305.5308216551, -301.3477207247, -300.9183110318, -302.7954312378, -302.3711414638, 39.12849961846, 38.73002019684, 38.98302825256, 39.01666291525, 39.13561706751, 39.16560898131
29.35, 0.5867593267489, 0, 6, 1.239568862213, -5.274465050217, -5.275703159122, -4.294992931908, -4.18383430102, -6.313089688418, -7.573415305002, 435.0283213884, 435.9849187554, 435.3124443574, 436.2774022277, 23.79275267157, 100.0371991213, 100, 100.0434788995, 788.5085153806, 807.0177903074, 788.6502528197, 786.3591296931, 788.391823686, 786.0981566839, -10.31903091181, -8.702552536117, -10.38075181418, -9.098476034544, -9.864501205838, -302.2303733678, -305.5678058825, -301.4768392245, -301.0589260219, -302.9258140482, -302.5130180132, 39.11986099371, 38.72133466753, 38.97393410734, 39.00768886222, 39.12714196179, 39.15735357526
29.375, 0.5835560627185, 0, 6, 1.243419531947, -5.304797173126, -5.306050193139, -4.324884467786, -4.21139414359, -6.340462847017, -7.594544738548, 435.3971057095, 436.3549670709, 435.6853630394, 436.651015176, 23.77113436244, 100.0371829979, 100, 100.0435696336, 789.1917693656, 807.7175659661, 789.3297693065, 787.0365814055, 789.0786188394, 786.7829163043, -10.03241357468, -8.417039313786, -10.09298261627, -8.812302322575, -9.577963902997, -302.3568204825, -305.6014370498, -301.6024552764, -301.1960203341, -303.0526565733, -302.6513372389, 39.11117790307, 38.71259215393, 38.96480700022, 38.99867784468, 39.11860378165, 39.14902806392
29.4, 0.5812300750364, 0, 6, 1.247269662993, -5.333496325967, -5.334763979663, -4.35245820381, -4.238164111288, -6.366675187552, -7.61500959872, 435.7658964169, 436.7250078117, 436.0582812503, 437.0246182492, 23.7526761181, 100.0370669466, 100, 100.0435466378, 789.8756657495, 808.4174999592, 790.0099274282, 787.7147328261, 789.7660533869, 787.4683721827, -9.746096399695, -8.131644012377, -9.805401002993, -8.526431052445, -9.291859627165, -302.4797440401, -305.6315727709, -301.7245727179, -301.3296164281, -303.1759632402, -302.7861238927, 39.10243918554, 38.70379313701, 38.95566776559, 38.98962009841, 39.11002071022, 39.14061724729
29.425, 0.5799374847124, 0, 6, 1.250435018523, -5.360197848451, -5.361478361679, -4.377348666742, -4.263821279918, -6.391791982317, -7.635395846096, 436.1346908632, 437.0950387323, 436.4312015029, 437.3982140134, 23.73602872001, 100.0368340263, 100, 100.0433795887, 790.5601897431, 809.1175964965, 790.6907041409, 788.3935578765, 790.4541131179, 788.1545076737, -9.459658241145, -7.846018277053, -9.517741470341, -8.24058662785, -9.005676120144, -302.5991448299, -305.6580806931, -301.8431920901, -301.4597308786, -303.2957353354, -302.9173959819, 39.09364126534, 38.69494761311, 38.94653596157, 38.9805112052, 39.10141196971, 39.13211519367
29.45, 0.5796444897072, 0, 6, 1.252365101513, -5.384711893867, -5.38600227295, -4.399449970215, -4.287838195269, -6.415818115253, -7.656127424229, 436.5034869415, 437.4650575246, 436.8041251347, 437.7718040277, 23.72033592226, 100.0364792106, 100, 100.0430533574, 791.2453258518, 809.8178492089, 791.3720782511, 789.0730342979, 791.1427818315, 788.8413063728, -9.172838893445, -7.560001734401, -9.229949986422, -7.954632900342, -8.719001272863, -302.7150216708, -305.680876774, -301.9583122169, -301.5863713359, -303.4119721228, -303.0451614451, 39.08478916848, 38.68607158411, 38.93742918016, 38.97136102771, 39.09279633858, 39.12353297786
29.475, 0.5800426408219, 0, 6, 1.252817094078, -5.407015238002, -5.408311929276, -4.418845947639, -4.3095580312, -6.438762648195, -7.677130260723, 436.8722833785, 437.8350627307, 437.177052014, 438.145388994, 23.7053995214, 100.0360076267, 100, 100.0425702125, 791.9310565668, 810.5182398489, 792.0540305585, 789.7531434823, 791.8320408636, 789.5287509481, -8.885584216587, -7.27360392236, -8.942133148991, -7.668569175237, -8.431637926185, -302.8273722917, -305.6999420415, -302.0699310473, -301.7095363834, -303.5246715113, -303.1694182461, 39.07589712146, 38.67718414413, 38.92836345639, 38.96219074399, 39.08419177278, 39.1148950164
29.5, 0.5807188472731, 0, 6, 1.251822138505, -5.427266768016, -5.428566278118, -4.435817413024, -4.328655355858, -6.460732801527, -7.698055673645, 437.2410795859, 438.2050542744, 437.54998098, 438.5189684302, 23.69149040653, 100.0354326446, 100, 100.0419447714, 792.6173625963, 811.218742836, 792.7365431894, 790.4338688419, 792.5218699633, 790.2168227778, -8.597985114593, -6.986903034632, -8.654429802077, -7.382439475197, -8.143612284806, -302.9361940274, -305.715304047, -302.1780459027, -301.8292188255, -303.6338304749, -303.2901581169, 39.066986541, 38.66830616256, 38.91935357064, 38.95302444473, 39.07561592929, 39.1062306931
29.525, 0.5810997680239, 0, 6, 1.249559000806, -5.445808667312, -5.447107932391, -4.45108496736, -4.345300747984, -6.481996052528, -7.71854162003, 437.6098755133, 438.5750331731, 437.9229105312, 438.8925413759, 23.67909693044, 100.0347791231, 100, 100.0412108559, 793.3042236734, 811.9193301462, 793.4195985888, 791.1151943763, 793.2122480825, 790.9055021604, -8.310198352127, -6.699863626683, -8.366946772044, -7.09613712697, -7.855113236001, -303.0414849584, -305.7270119454, -302.2826545248, -301.9454096186, -303.7394466934, -303.4073708847, 39.05808229938, 38.65945910224, 38.91040873253, 38.94388349277, 39.06708196753, 39.09756783174
29.55, 0.5808889843211, 0, 6, 1.246342688596, -5.463138777501, -5.464435499731, -4.465608660481, -4.360081542171, -6.502521924113, -7.738363376481, 437.9786714054, 438.9450012278, 438.2958387295, 439.26610673, 23.66894202913, 100.0340772273, 100, 100.0404164957, 793.9916183006, 812.6199716862, 794.1031790826, 791.7971044088, 793.9031525656, 791.5947682056, -8.022443497051, -6.412619520314, -8.079795126767, -6.809652123803, -7.566449168744, -303.1432468969, -305.7351382419, -302.383758565, -302.0581007552, -303.8415225905, -303.5210473649, 39.04920740229, 38.65065991084, 38.90152166305, 38.93478458535, 39.05858749238, 39.08893030602
29.575, 0.5801039102813, 0, 6, 1.242685983137, -5.479789371678, -5.481082447572, -4.480174025472, -4.373712385968, -6.522091343392, -7.757410643691, 438.3474678821, 439.3149606071, 438.6687632211, 439.6396632014, 23.66201505133, 100.0333523632, 100, 100.0396032151, 794.6795231914, 813.3206355674, 794.7872670124, 792.4795834039, 794.5945594925, 792.2845989392, -7.73500242531, -6.125478559686, -7.793127673644, -6.523141903935, -7.277986835651, -303.2414865209, -305.7397809233, -302.481364491, -302.1672866144, -303.9400656088, -303.6311808579, 39.04037837002, 38.64191508447, 38.89267473866, 38.92574125703, 39.0501184537, 39.08033775791
29.6, 0.5786686104418, 0, 6, 1.239257605987, -5.496153644571, -5.497443457979, -4.495238485514, -4.386593025353, -6.540540797294, -7.775266574385, 438.7162658109, 439.6849134362, 439.0416817325, 440.0132095234, 23.65937627898, 100.0326276132, 100, 100.0388075594, 795.3679138739, 814.0212909925, 795.4718446615, 793.1626153238, 795.2864450678, 792.9749718729, -7.448167093781, -5.838725115666, -7.507103456862, -6.236793912758, -6.990086565504, -303.3362135152, -305.7410458786, -302.5754817488, -302.2729646932, -304.0350859128, -303.7377683522, 39.03160406179, 38.63322022668, 38.88385007029, 38.91676465693, 39.04165716976, 39.07180332726
29.625, 0.5764686541086, 0, 6, 1.236706765922, -5.512412594939, -5.51370092638, -4.510934367752, -4.398985785262, -6.557758345735, -7.791254038925, 439.0850658955, 440.0548620178, 439.4145927523, 440.3867450448, 23.66181587633, 100.0319178021, 100, 100.0380573883, 796.0567662569, 814.7219127117, 796.1568935833, 793.8461821686, 795.9787871784, 793.6658646054, -7.16213853744, -5.552475394313, -7.221739650106, -5.950684261304, -6.703066363868, -303.4274386603, -305.739012644, -302.6661209977, -302.3751382359, -304.1265947704, -303.8408135173, 39.02288528499, 38.62456315155, 38.87503195901, 38.90785519374, 39.03318547014, 39.06332548519
29.65, 0.5736992566542, 0, 6, 1.235425262992, -5.528570923869, -5.52986037826, -4.527174742406, -4.411453574287, -6.573668116653, -7.805159675149, 439.4538682073, 440.424808344, 439.7874960253, 440.7602702327, 23.66954463357, 100.0312260016, 100, 100.0373610598, 796.74605836, 815.422484082, 796.8423940553, 794.5302631523, 796.6715663491, 794.3572559365, -6.876935754543, -5.266773141838, -6.936861183886, -5.664854010734, -6.417093832664, -303.5151729149, -305.7337026921, -302.753293067, -302.473818362, -304.2146036637, -303.9403286757, 39.01421360473, 38.61592751666, 38.86620639756, 38.89899863094, 39.02468617455, 39.05488624793
29.675, 0.5707093195569, 0, 6, 1.235489189809, -5.544480256312, -5.545773578413, -4.543718313164, -4.424431597339, -6.588179888244, -7.817174369198, 439.822672113, 440.7947533537, 440.1603924648, 441.1337865124, 23.682253084, 100.0305494919, 100, 100.0367151769, 797.4357706569, 816.1229948743, 797.5283253308, 795.2148358057, 797.364765341, 795.0491265251, -6.59241788253, -4.981554778409, -6.652225458319, -5.379262153326, -6.132127044794, -303.5994269681, -305.7250851488, -302.8370086602, -302.5690220241, -304.2991239863, -304.0363323139, 39.00557228146, 38.60729495142, 38.85736051141, 38.89017366205, 39.01614302136, 39.04645901486
29.7, 0.5680195074543, 0, 6, 1.23677331025, -5.559845235767, -5.561144862409, -4.56002476227, -4.437920385502, -6.601030709542, -7.827625561507, 440.1914765665, 441.1646969592, 440.5332835451, 441.5072956923, 23.69939013498, 100.0298776265, 100, 100.0361039434, 798.1258852311, 816.8234368483, 798.2146664264, 795.8998775231, 798.0583680742, 795.7414585989, -6.308371004486, -4.696672567395, -6.367629660476, -5.093812420735, -5.847961968037, -303.6802107495, -305.7131045664, -302.9172780712, -302.6607680844, -304.3801665622, -304.1288447691, 38.99693937877, 38.59864585885, 38.84848347077, 38.88135951315, 39.00754108374, 39.03801629476
29.725, 0.566090296053, 0, 6, 1.23903315467, -5.574235199674, -5.575542978339, -4.575154411342, -4.45145993553, -6.612124575684, -7.836765126602, 440.5602803938, 441.534638306, 440.9061709512, 441.8807996224, 23.7202497597, 100.029188412, 100, 100.0354895959, 798.8163853414, 817.523802161, 798.9013968725, 796.5853660417, 798.7523597633, 796.4342357859, -6.024540001909, -4.411990575334, -6.082910540611, -4.808486158953, -5.564277745617, -303.7575310292, -305.6976895604, -302.9941082557, -302.7490739152, -304.4577378288, -304.2178847318, 38.98829244409, 38.58996244512, 38.83957761281, 38.87253985415, 38.99887853856, 39.02953417066
29.75, 0.5649557010405, 0, 6, 1.241840541404, -5.587147229033, -5.588464004294, -4.588250982909, -4.464353771118, -6.621721242339, -7.844712170483, 440.9290821852, 441.9045760018, 441.2790568244, 442.2543003008, 23.74390078574, 100.0284616334, 100, 100.0348352659, 799.5072560853, 818.2240839565, 799.5884965365, 797.2712792676, 799.4467272631, 797.1274432059, -5.740608175064, -4.127189063173, -5.797880490015, -4.523119677846, -5.280669751258, -303.8313887451, -305.6787429082, -303.0675001813, -302.8339536131, -304.5318376511, -304.3034674138, 38.97961403445, 38.58123558593, 38.83065996756, 38.86370219936, 38.99016874425, 39.02099345425
29.775, 0.5645772166892, 0, 6, 1.244581046499, -5.598152981874, -5.599478198378, -4.598746771254, -4.476031661478, -6.630032610701, -7.8516349919, 441.2978802769, 442.2745085769, 441.6519434324, 442.6277998006, 23.76923824543, 100.0276810548, 100, 100.0341126038, 800.1984842677, 818.9242748505, 800.2759454825, 797.957595594, 800.1414579304, 797.8210668935, -5.456227622182, -3.841912954239, -5.512323126648, -4.237475615385, -4.99672397654, -303.9017799574, -305.6561512723, -303.1374501398, -302.9154174439, -304.6024615554, -304.3856037609, 38.97089408328, 38.57246733759, 38.82175031986, 38.85483574748, 38.98142998932, 39.01237982656
29.8, 0.5651395841189, 0, 6, 1.246568547585, -5.607004775086, -5.608336343955, -4.606400487161, -4.486297502376, -6.637173797612, -7.858247279699, 441.6666730132, 442.6444344291, 442.0248326479, 443.0012998486, 23.79517079182, 100.0268350835, 100, 100.0332962583, 800.8900572996, 819.6243642739, 800.9637243684, 798.6442948406, 800.8365383567, 798.5150932066, -5.171093213968, -3.555889042628, -5.226094611472, -3.951342369805, -4.712045452067, -303.9686979229, -305.629810566, -303.2039516128, -302.993470326, -304.6696025933, -304.4642985979, 38.96212994583, 38.56366873917, 38.81286678609, 38.84593602855, 38.97268127992, 39.00368956525
29.825, 0.5665506437246, 0, 6, 1.247291655165, -5.613625887397, -5.614960586195, -4.61121476934, -4.494651421462, -6.643209134993, -7.864952976192, 442.0354592574, 443.0143517956, 442.3977252308, 443.3748011756, 23.82108871342, 100.0259232461, 100, 100.0323773193, 801.5819613107, 820.3243354355, 801.651815277, 799.3313595571, 801.5319529377, 799.2095077962, -4.885056273289, -3.269026299044, -4.93925740646, -3.664645497621, -4.426334944219, -304.0321344398, -305.5996648717, -303.2669966385, -303.068108603, -304.7332524243, -304.5395474387, 38.95332770151, 38.55485613636, 38.80402574574, 38.83701400175, 38.9639409399, 38.9949364873
29.85, 0.5684859711578, 0, 6, 1.24655882942, -5.618083673567, -5.61941786961, -4.613356161371, -4.50054032957, -6.648195162552, -7.871675264266, 442.4042386664, 443.3842596945, 442.7706206459, 443.7483033931, 23.84697156157, 100.0249525721, 100, 100.0313614132, 802.2741801481, 821.0241657242, 802.3402017734, 800.0187745562, 802.2276836895, 799.9042945187, -4.5981516154, -2.981393242614, -4.651993165506, -3.377438128065, -4.139501179818, -304.0920806244, -305.5657172566, -303.3265765213, -303.1393206577, -304.7934019378, -304.6113375023, 38.94450241046, 38.54604849332, 38.79524213588, 38.82809088032, 38.95522618492, 38.98614585282
29.875, 0.5705079736001, 0, 6, 1.244433789021, -5.620594184032, -5.621924432179, -4.613191496078, -4.503763137566, -6.652290690002, -7.878086283863, 442.7730115039, 443.7541582621, 443.1435175603, 444.1218054288, 23.87317528387, 100.0239360433, 100, 100.0302639658, 802.9666958564, 821.7238298367, 803.0288682122, 800.7065255387, 802.9237112076, 800.5994354983, -4.310529581732, -2.693103141484, -4.364480495177, -3.089795807606, -3.851653292658, -304.1485275272, -305.5280084911, -303.3826821328, -303.2070905035, -304.8500415997, -304.6796516129, 38.93567571859, 38.5372663054, 38.78652970194, 38.81918969977, 38.94655373734, 38.97734610494
29.9, 0.5720218678767, 0, 6, 1.241119765304, -5.621527029939, -5.622850422041, -4.611569546129, -4.504581597722, -6.655737763354, -7.883857421152, 443.1417783148, 444.1240485482, 443.5164143886, 444.4953060019, 23.90024497279, 100.0229000918, 100, 100.0291236101, 803.6594894665, 822.423302119, 803.7177989453, 801.394598298, 803.62001519, 801.2949115801, -4.022395472256, -2.404197334388, -4.076859088542, -2.801669823594, -3.563043665882, -304.2014677695, -305.4865982655, -303.4353058031, -303.27140155, -304.9031639429, -304.7444721167, 38.92687179784, 38.52852987859, 38.77789350801, 38.81033033127, 38.93793274379, 38.96856346582
29.925, 0.5728320834275, 0, 6, 1.236992451111, -5.621383944677, -5.622698514203, -4.609442397225, -4.503611718858, -6.658378860177, -7.888787280101, 443.5105399221, 444.4939323368, 443.8893090314, 444.8688036312, 23.92900375412, 100.0218729703, 100, 100.0279877674, 804.3525406079, 823.1225565049, 804.406978364, 802.082978896, 804.3165737707, 801.9907022723, -3.734026702061, -2.114932094657, -3.789287424382, -2.513158240392, -3.274033978493, -304.2508990334, -305.4415742269, -303.484445105, -303.3322391276, -304.9527676878, -304.8057833405, 38.91811157458, 38.51985287802, 38.76932038679, 38.8015282808, 38.92935501488, 38.95982051986
29.95, 0.5729836405526, 0, 6, 1.232644390737, -5.620669587504, -5.621974763041, -4.607532186956, -4.501533303053, -6.659985487093, -7.892751766296, 443.8792975135, 444.8638117034, 444.2621990857, 445.24229664, 23.9605416107, 100.0208777391, 100, 100.0268947783, 805.0458272204, 823.8215673862, 805.0963910548, 802.7716534192, 805.0133643435, 802.6867860958, -3.445757333552, -1.825644392649, -3.501962938783, -2.224454246185, -2.985029261095, -304.2968244291, -305.3930484792, -303.5301026926, -303.3895916697, -304.9988566576, -304.8635729948, 38.90940873753, 38.51123735563, 38.76078956038, 38.79279623833, 38.92080323462, 38.95113544197
29.975, 0.5723299908076, 0, 6, 1.228804075032, -5.619733541591, -5.621030378257, -4.606219609851, -4.498645816119, -6.660422398862, -7.895166317775, 444.2480524421, 445.2336887131, 444.6350823617, 445.6157834855, 23.99601302594, 100.0199350074, 100, 100.025879266, 805.7393263393, 824.5203114397, 805.7860215024, 803.4606072454, 805.7103648239, 803.3831413162, -3.157911526702, -1.536623003615, -3.21506161039, -1.93576228722, -2.696421393974, -304.3392502543, -305.3411346928, -303.5722842386, -303.4434517619, -305.0414373501, -304.9178336176, 38.9007691764, 38.50267471936, 38.75228132771, 38.78414318864, 38.91225780288, 38.94251842952
30, 0.570824515147, 0, 6, 1.226111048861, -5.61872929382, -5.620020219158, -4.605586359051, -4.495334628419, -6.659614844733, -7.895415496584, 444.6168057342, 445.6035656619, 445.0079576236, 445.9892634532, 24.03619441797, 100.0190539803, 100, 100.0249621353, 806.4330158446, 825.2187696231, 806.475853153, 804.1498236282, 806.4075551774, 804.0797469124, -2.870685648202, -1.247993002548, -2.92856934913, -1.647177140754, -2.408542449071, -304.3781840869, -305.2859078767, -303.610996798, -303.4938195619, -305.0805173836, -304.9685661148, 38.89219018717, 38.49414945197, 38.74377831746, 38.77556396383, 38.90369922018, 38.93396229741
30.025, 0.568744114625, 0, 6, 1.224890588935, -5.617650359825, -5.61893846701, -4.605517822609, -4.492236160645, -6.657513275911, -7.893425944501, 444.9855576274, 445.9734443051, 445.3808250566, 446.3627370594, 24.08122149864, 100.0182329978, 100, 100.0241446738, 807.1268760004, 825.9169272863, 807.1658678766, 804.839283467, 807.104918134, 804.7765839196, -2.584075166472, -0.9596887823217, -2.642292824808, -1.35864102062, -2.121537435384, -304.4136337885, -305.2273782528, -303.646247887, -303.540703999, -305.1161046433, -305.0157805412, 38.88365940681, 38.4856426185, 38.73526493324, 38.76703925306, 38.89510915223, 38.92544428375
30.05, 0.5664996029045, 0, 6, 1.225153818497, -5.616339287071, -5.617627645361, -4.605731196406, -4.489741583441, -6.654019311962, -7.889491356152, 445.354307612, 446.343325242, 445.7536859397, 446.7362057651, 24.13072738292, 100.0174646214, 100, 100.0234173038, 807.8208893659, 826.6147719325, 807.8560464541, 805.5289664898, 807.8024384293, 805.4736356492, -2.297920828429, -0.6715400787039, -2.355998096649, -1.070017246892, -1.835330162934, -304.4456069097, -305.1655050904, -303.6780451265, -303.5841196983, -305.1482069633, -305.0594926494, 38.8751564721, 38.47713352968, 38.72672686905, 38.75854471408, 38.88646999609, 38.91693491801
30.075, 0.564697644374, 0, 6, 1.226729464235, -5.614485833039, -5.615777078952, -4.605521765278, -4.487748588203, -6.648886959044, -7.883989225045, 445.723054787, 446.7132080393, 446.1265419561, 447.109671393, 24.18410711379, 100.0167294552, 100, 100.0227514619, 808.5150398065, 827.3122909586, 808.5463694469, 806.2188523407, 808.5001017618, 806.1708870395, -2.011991890328, -0.3834527483644, -2.069496021449, -0.7812808259416, -1.549678346014, -304.4741097253, -305.1002233408, -303.7063952265, -303.6240827263, -305.1768307641, -305.0997194347, 38.86665674138, 38.46860080297, 38.71815460335, 38.75005825449, 38.87776845967, 38.90840539965
30.1, 0.5636710507174, 0, 6, 1.229295463215, -5.611630097636, -5.612926088377, -4.603919120391, -4.485712561, -6.642189490846, -7.877185776613, 446.091798022, 447.0830914414, 446.4993952025, 447.483135933, 24.24051523628, 100.0160003381, 100, 100.0221020035, 809.2093122629, 828.0094709831, 809.2368173518, 806.9089205141, 809.1978950698, 806.8683244285, -1.725993810283, -0.0952195066228, -1.78260552826, -0.4923680618003, -1.26421003198, -304.499143992, -305.0314434491, -303.7313002331, -303.6606074183, -305.2019766922, -305.1364759194, 38.85813685379, 38.46002728579, 38.7095556803, 38.74156257019, 38.86900759021, 38.89983106857
30.125, 0.5634034010643, 0, 6, 1.232322502703, -5.607254651789, -5.60855601217, -4.600112843329, -4.482911919514, -6.634182780485, -7.869212371543, 446.4605358455, 447.452973716, 446.8722482116, 447.8566015747, 24.29875669038, 100.0152546474, 100, 100.0214307572, 809.9036931377, 828.7062973233, 809.9273703113, 807.5991503229, 809.895806171, 807.5659352633, -1.439567746214, 0.1935245164938, -1.495108638112, -0.2030701698862, -0.9784810149925, -304.5207053314, -304.9590487041, -303.7527563677, -303.6937048111, -305.2236393169, -305.1697734983, 38.8495797995, 38.4514063244, 38.7009488518, 38.73304394209, 38.86020237896, 38.89119206659
30.15, 0.5639600996328, 0, 6, 1.23511773991, -5.600945092438, -5.602250883905, -4.59360551554, -4.478890130689, -6.625015945372, -7.860459809388, 446.829266551, 447.8228531025, 447.2451034797, 448.2300704861, 24.35750704406, 100.0144736519, 100, 100.0207063341, 810.5981698791, 829.4027530247, 810.6180083192, 808.2895213969, 810.5938226381, 808.2637073217, -1.152341486183, 0.4831178653469, -1.206776905282, 0.08684829903965, -0.6920486855079, -304.5387850006, -304.8829125834, -303.7707558686, -303.7233818722, -305.2418096338, -305.1996189479, 38.84097632193, 38.44274238634, 38.69235327012, 38.72449122567, 38.85137091299, 38.88247471881
30.175, 0.5654787076418, 0, 6, 1.236997864187, -5.592467392726, -5.593775168251, -4.584210045533, -4.473331247348, -6.614750067381, -7.851632848199, 447.1979885847, 448.1927275442, 447.6179628323, 448.6035442187, 24.41571765033, 100.013645671, 100, 100.0199037515, 811.2927296285, 830.098818135, 811.3087120066, 808.9800148064, 811.2919304701, 808.9616278088, -0.8640288804146, 0.7737720098594, -0.9175198717713, 0.3775521420314, -0.4045038900886, -304.5533719935, -304.8029327339, -303.7852887021, -303.7496387689, -305.2564767494, -305.2260115648, 38.83232532797, 38.43404802664, 38.6837860863, 38.71590432406, 38.84253150965, 38.8736799069
30.2, 0.5677635520984, 0, 6, 1.237539286431, -5.581747259087, -5.583053654867, -4.571955318216, -4.465598783216, -6.60340404334, -7.842956239691, 447.5667010634, 448.5625951191, 447.9908267836, 448.9770231468, 24.47292657863, 100.0127704114, 100, 100.0190169347, 811.9873574715, 830.7944700196, 811.9994634377, 809.6706137136, 811.990112994, 809.6596819208, -0.5745299275798, 1.065517530527, -0.6274461809399, 0.6690658373747, -0.1155856778557, -304.5644543364, -304.7190658196, -303.7963436526, -303.7724664203, -305.2676288992, -305.2489410739, 38.8236353001, 38.42534023682, 38.67526304432, 38.70729863482, 38.83370153885, 38.86482557435
30.225, 0.570450496789, 0, 6, 1.236646990119, -5.568868539067, -5.570170022312, -4.557035124835, -4.455187271845, -6.591019025719, -7.834219858048, 447.9354038937, 448.9324549512, 448.3636946018, 449.350506563, 24.52923899857, 100.0118537705, 100, 100.0180518185, 812.6820360435, 831.4896849102, 812.690245913, 810.3613025819, 812.6883511812, 810.3578522646, -0.2839199529808, 1.358252745572, -0.3367406101607, 0.9613109510855, 0.1747397865347, -304.5720199327, -304.6313255862, -303.803908909, -303.7918485546, -305.2752539294, -305.2683900244, 38.81492353484, 38.41663829265, 38.66679856559, 38.69869691656, 38.82489756466, 38.85593874695
30.25, 0.5730160935587, 0, 6, 1.234443985019, -5.554085818186, -5.555379203426, -4.539953546577, -4.442040983662, -6.577814979735, -7.825046771876, 448.3040974901, 449.3023073255, 448.7365649388, 449.7239932248, 24.58506722031, 100.010910173, 100, 100.0170273375, 813.3767463782, 832.1844393854, 813.3810431779, 811.0520661091, 813.3866247789, 811.0561195081, 0.007632271873871, 1.651894173293, -0.04556027975236, 1.254254193692, 0.4663171585675, -304.5760572347, -304.5397566247, -303.8079725829, -303.8077657805, -305.2793397824, -305.2843380133, 38.80621300563, 38.40796285567, 38.65840475902, 38.69012145701, 38.81613519999, 38.84704767415
30.275, 0.5749381297116, 0, 6, 1.231184423486, -5.537825273714, -5.53910804602, -4.52167922597, -4.426582831913, -6.563937788793, -7.815125633267, 448.6727825004, 449.6721534474, 449.1094361595, 450.0974817326, 24.64102878947, 100.0099668013, 100, 100.0159865718, 814.0714686362, 832.878711187, 814.0718390219, 811.7428890717, 814.084912608, 811.7544629758, 0.2999010793538, 1.946382839516, 0.2459632888962, 1.547954561634, 0.7588546763534, -304.5765576458, -304.4444240644, -303.8085256535, -303.8201991399, -305.2798781935, -305.2967652555, 38.79752754522, 38.39933290796, 38.65008024573, 38.68159025738, 38.80741806012, 38.83817758819
30.3, 0.5761321110249, 0, 6, 1.227319754452, -5.520626704184, -5.521897450851, -4.503147818492, -4.409521692687, -6.549170826771, -7.804287994365, 449.0414599034, 450.041995199, 449.4823060564, 450.4709704593, 24.69806772428, 100.0090492903, 100, 100.0149740642, 814.7661817355, 833.5724798716, 814.7626177569, 812.4337566597, 814.7831923652, 812.4528607462, 0.5925840954182, 2.241419968692, 0.53766129943, 1.842281608286, 1.051961650099, -304.5735185811, -304.3454235521, -303.8055649343, -303.829132166, -305.2768675871, -305.3056546985, 38.78888595078, 38.39075848242, 38.64180685132, 38.67311714099, 38.79873323671, 38.8293495912
30.325, 0.576627574224, 0, 6, 1.223509263187, -5.502975977385, -5.50423478149, -4.485004874683, -4.391478762797, -6.533307493507, -7.79233610839, 449.4101310236, 450.4118346151, 449.8551722274, 450.844457642, 24.75733469644, 100.0081786111, 100, 100.0140250388, 815.4608633278, 834.2657273711, 815.4533641707, 813.1246541401, 815.4814415996, 813.1512902987, 0.88533635447, 2.536664253099, 0.829327709433, 2.137025142199, 1.345224687361, -304.5669426063, -304.2428704968, -303.7990918803, -303.8345517953, -305.2703109236, -305.3109931795, 38.78029910601, 38.38223746444, 38.63356236406, 38.66471371398, 38.7900611183, 38.82057964409
30.35, 0.5762354610307, 0, 6, 1.220499031035, -5.485168263657, -5.486416801661, -4.467538641524, -4.372679256276, -6.516226297959, -7.778538912772, 449.7787972375, 450.7816738548, 450.2280326696, 451.2179418399, 24.81981673614, 100.0073719652, 100, 100.0131712352, 816.1554907059, 834.9584378688, 816.1440628554, 813.8155659985, 816.1796389071, 813.8497294312, 1.177853282977, 2.831864779818, 1.120824366235, 2.432002338541, 1.6382508592, -304.556834955, -304.1368714816, -303.7891105801, -303.8364501379, -305.2602133599, -305.3127734039, 38.77176979506, 38.37375776327, 38.62532655107, 38.65638512517, 38.78138063641, 38.8118727701
30.375, 0.5750224040302, 0, 6, 1.218861944161, -5.467312309464, -5.468553421439, -4.450764942952, -4.353637323654, -6.497864257817, -7.762429214349, 450.147459412, 451.1515152776, 450.6008865516, 451.5914226608, 24.88599197621, 100.0066334374, 100, 100.0124259024, 816.8500426122, 835.6505964151, 816.8346971002, 814.5064748631, 816.8777653416, 814.548157728, 1.469994605079, 3.126956809895, 1.412231954936, 2.727165626538, 1.930745516905, -304.543201788, -304.027481762, -303.7756263623, -303.8348281347, -305.2465807567, -305.3109973242, 38.76329147503, 38.36530133809, 38.61708145014, 38.64812014295, 38.77267135609, 38.80321531882
30.4, 0.5733276566164, 0, 6, 1.218827908461, -5.44936705962, -5.450604004101, -4.434524149851, -4.334981826269, -6.478177627631, -7.744083986037, 450.5161175605, 451.52136045, 450.973734457, 451.9649009608, 24.95569269673, 100.0059581629, 100, 100.0117852398, 817.5445002905, 836.3421870981, 817.525248615, 815.1973618036, 817.575804615, 815.2465576635, 1.761821473613, 3.422045648915, 1.703772924886, 3.022602890438, 2.22262964685, -304.5260492755, -303.9146911008, -303.7586450797, -303.8296952597, -305.2294189832, -305.3056753371, 38.75484790005, 38.35684727549, 38.60881069253, 38.63989563974, 38.76391406903, 38.79458034407
30.425, 0.5716423930757, 0, 6, 1.220341927979, -5.431139824197, -5.432375671555, -4.418429346116, -4.316987179165, -6.457024518356, -7.723875955269, 450.884771019, 451.891209715, 451.3465778679, 452.3383783944, 25.02832444949, 100.0053353204, 100, 100.0112347513, 818.2388469586, 837.0331921238, 818.215698205, 815.888207373, 818.2737420438, 815.9449141595, 2.053526205784, 3.717269345739, 1.995675351072, 3.318411672922, 2.514037662685, -304.5053830119, -303.7984459296, -303.7381727178, -303.8210656191, -305.2087336251, -305.2968221686, 38.74641560162, 38.34837309835, 38.60049910038, 38.63168597335, 38.75509053623, 38.78593658561
30.45, 0.5705730098106, 0, 6, 1.223185243654, -5.412272417534, -5.413509692486, -4.40160677186, -4.299411813045, -6.434218173802, -7.702185661704, 451.2534188074, 452.2610623592, 451.7194186085, 452.7118568892, 25.10306702829, 100.0047388441, 100, 100.0107351358, 818.9330667762, 837.7235914758, 818.9060263926, 816.5789920361, 818.9715636871, 816.6432136803, 2.345366910543, 4.012689962253, 2.288127737034, 3.61456096603, 2.805264085331, -304.4812062522, -303.6786696891, -303.7142132177, -303.808953726, -305.1845274099, -305.2844525851, 38.73796832868, 38.33985675335, 38.59214124879, 38.6234689818, 38.7461910769, 38.77725493487
30.475, 0.570316698722, 0, 6, 1.22695521545, -5.392251771443, -5.393492053955, -4.38307584974, -4.281603554009, -6.409928529205, -7.679245688581, 451.6220596553, 452.6309168288, 452.0922590476, 453.0853385836, 25.17881495283, 100.0041403021, 100, 100.0102393429, 819.6271447255, 838.4133619922, 819.5962129808, 817.2696957601, 819.6692564231, 817.3414438985, 2.637675832611, 4.308588138803, 2.581333371518, 3.911165886083, 3.096727838694, -304.4535163956, -303.5552567897, -303.6867648458, -303.7933717191, -305.1567963518, -305.2685786149, 38.72948311609, 38.33128309355, 38.58374994188, 38.61522746553, 38.73722323899, 38.76851069894
30.5, 0.5708384910119, 0, 6, 1.231033280472, -5.370545718511, -5.371789205513, -4.362084143735, -4.262838242351, -6.384377452955, -7.655208068546, 451.9906919159, 453.0007712352, 452.4651018847, 453.4588257721, 25.25425111949, 100.003517278, 100, 100.0097104987, 820.3210667689, 839.1024769386, 820.2862369332, 817.9602981224, 820.3668072407, 818.0395930613, 2.930839060647, 4.605347608326, 2.875533544273, 4.208461415641, 3.388896697819, -304.4223047231, -303.4280779156, -303.6558204222, -303.7743281011, -305.1255309589, -305.2492081934, 38.72094438621, 38.32264871136, 38.57534512189, 38.60694735504, 38.72820365873, 38.75968413024
30.525, 0.5722895955376, 0, 6, 1.234671420388, -5.346767196331, -5.348012474914, -4.338218994572, -4.24276958335, -6.357672348973, -7.630669295565, 452.3593137182, 453.3706236135, 452.8379495928, 453.832320549, 25.32808219407, 100.0028511221, 100, 100.0091161646, 821.014819281, 839.7909067851, 820.9760769645, 818.6507789431, 821.0642021909, 818.7376490379, 3.225227411724, 4.903281042918, 3.170940786234, 4.506673119879, 3.682225928423, -304.3875587528, -303.2970038139, -303.6213693048, -303.7518264795, -305.0907187506, -305.2263437617, 38.71234465021, 38.31396099478, 38.56694563509, 38.59861907542, 38.71915099746, 38.75076408559
30.55, 0.5747080517794, 0, 6, 1.237219167335, -5.320713054376, -5.321957350101, -4.31136119409, -4.220936693723, -6.329847539936, -7.606233720434, 452.7279236054, 453.7404716029, 453.2108036708, 454.2058240888, 25.39941791316, 100.0021331433, 100, 100.0084358931, 821.7083874947, 840.4786217218, 821.665712636, 819.3411192797, 821.7614250011, 819.4355978777, 3.521077745813, 5.202532415555, 3.467572996833, 4.805912348987, 3.977102469184, -304.3492643028, -303.1619457832, -303.5833989024, -303.7258620138, -305.0523458878, -305.199978946, 38.7036854338, 38.305234493, 38.55856832557, 38.59024779597, 38.71008371886, 38.74175683558
30.575, 0.5778108235404, 0, 6, 1.238342304008, -5.29234422369, -5.293584095579, -4.281593911167, -4.196655175425, -6.300913684575, -7.581959121036, 453.0965209783, 454.1103133246, 453.5836641619, 454.5793362507, 25.46802642007, 100.0013656754, 100, 100.0076681785, 822.4017541181, 841.1655944847, 822.3551249814, 820.0313015071, 822.4584564207, 820.1334223665, 3.818420480704, 5.503061469517, 3.765270412579, 5.106144247536, 4.273716061619, -304.3074067867, -303.0228814592, -303.5418955916, -303.6964203272, -305.0103981234, -305.1700979582, 38.69497830513, 38.29648751641, 38.55022865712, 38.58185253366, 38.7010192281, 38.73268430661
30.6, 0.5811842535304, 0, 6, 1.238022217459, -5.261802909679, -5.263034948649, -4.249187568382, -4.169522196422, -6.270952847772, -7.557531299008, 453.4651060379, 454.4801481875, 453.9565299475, 454.9528558896, 25.53420420305, 100.0005565895, 100, 100.0068216891, 823.0948994903, 841.8518011707, 823.0442960777, 820.7213085182, 823.1552749588, 820.8311021424, 4.117123581803, 5.804727629768, 4.06383025913, 5.407260147683, 4.572020112515, -304.2619720461, -302.8798416104, -303.4968452438, -303.6634807044, -304.9648611239, -305.1366789937, 38.68624316302, 38.2877404468, 38.54194091356, 38.57345688454, 38.69197455601, 38.72357531121
30.625, 0.584179291012, 0, 6, 1.236422923739, -5.229424700201, -5.230645953469, -4.21488581543, -4.139651001577, -6.240282469447, -7.532555652986, 453.8336794327, 454.8499768378, 454.3293994445, 455.3263814694, 25.5985103936, 99.99972764783, 100, 100.005926135, 823.7878026781, 842.5372206064, 823.7332082785, 821.4111231226, 823.8518580892, 821.5286148486, 4.416976385435, 6.10746440599, 4.363085951967, 5.709262320673, 4.871789271167, -304.2129472947, -302.7328832601, -303.4482343512, -303.6270204414, -304.915721595, -305.0996985735, 38.67750446322, 38.27901465207, 38.53371441872, 38.56508216772, 38.68296370643, 38.71445837285
30.65, 0.5863583254994, 0, 6, 1.233865683046, -5.195737699189, -5.196946027121, -4.179819716694, -4.107636319491, -6.208945788478, -7.506761289398, 454.2022420915, 455.2198009345, 454.7022706187, 455.6999112546, 25.66179388604, 99.99891189045, 100, 100.0050351905, 824.4804420841, 843.2218353631, 824.4218445229, 822.1007285597, 824.5481824241, 822.2259366605, 4.717690358493, 6.411139636116, 4.662862975834, 6.012175882264, 5.172653513702, -304.160324749, -302.5820923337, -303.3960542303, -303.5870181057, -304.8629724195, -305.0591348223, 38.66878545136, 38.27032722679, 38.5255390702, 38.55674480515, 38.67398292489, 38.7053585292
30.675, 0.5877235270548, 0, 6, 1.23092679261, -5.161354917603, -5.162549493723, -4.144954534754, -4.074281779231, -6.176672626363, -7.480017715359, 454.570795417, 455.5896227938, 455.075140754, 456.0734431706, 25.72522457524, 99.99813835658, 100, 100.0041980823, 825.1727950484, 843.9056332995, 825.1101890633, 822.7901088516, 825.2442239167, 822.9230425511, 5.018882261483, 6.715379634862, 4.962920911321, 6.315810996362, 5.474142859384, -304.1041040702, -302.4275925346, -303.3403029863, -303.5434552564, -304.8066141133, -305.0149693585, 38.660102265, 38.26168305162, 38.51738950778, 38.54845754338, 38.66501211144, 38.69629637317
30.7, 0.5882328181235, 0, 6, 1.228411710434, -5.126769219421, -5.127950903055, -4.110879048805, -4.040096705481, -6.143259231612, -7.451939242658, 454.9393412187, 455.9594448219, 455.4480069815, 456.4469750122, 25.79012052512, 99.9974321212, 100, 100.003455582, 825.8648379375, 844.5886066991, 825.798227047, 823.4792482843, 825.9399588716, 823.6199072579, 5.320131622347, 7.019769193781, 5.262984815901, 6.619877964479, 5.775771842522, -304.0442902999, -302.2695259693, -303.2809835154, -303.4963174373, -304.7466517511, -304.9671884796, 38.65146206463, 38.25307332371, 38.50923886521, 38.5402310517, 38.65602581267, 38.6872861366
30.725, 0.5876789819932, 0, 6, 1.227164507794, -5.092250635511, -5.093421938123, -4.07779486449, -4.005303670578, -6.108600179377, -7.421640645854, 455.3078812523, 456.3292698322, 455.820867105, 456.8205051537, 25.85762142482, 99.99680982471, 100, 100.0028405232, 826.5565473377, 845.2707487079, 826.4859432644, 824.1681303757, 826.6353653719, 824.3165067537, 5.621100074921, 7.324043625409, 5.562919532099, 6.92416701, 6.077083762487, -303.9808910145, -302.1080124081, -303.2181014096, -303.445597386, -304.6830923991, -304.9157862794, 38.64286281053, 38.24447912232, 38.50106306714, 38.53206485678, 38.64699788169, 38.67832650219
30.75, 0.5862452198309, 0, 6, 1.227755325696, -5.057886593995, -5.059051071616, -4.04564526393, -3.970586028495, -6.072662873476, -7.38877580092, 455.6764165153, 456.6991007046, 456.1937204669, 457.1940334281, 25.92818433883, 99.99627166872, 100, 100.0023608664, 827.247902037, 845.9520477948, 827.1733207993, 824.8567371727, 827.330424654, 825.0128203755, 5.921667492459, 7.628174507683, 5.862846316079, 7.228653651858, 6.377777383938, -303.9139144934, -301.9431025088, -303.1516636571, -303.3912988031, -304.6159435053, -304.8607677543, 38.63429161573, 38.23587609976, 38.4928402763, 38.52393953162, 38.63790352052, 38.66939523265
30.775, 0.5843616338704, 0, 6, 1.230355788298, -5.023599147211, -5.024760595471, -4.014200435344, -3.93661255905, -6.035420680668, -7.353582909295, 456.0449469821, 457.0689391138, 456.5665679809, 457.5675612197, 26.00154869706, 99.99581009804, 100, 100.0020089714, 827.9388836533, 846.6324854679, 827.8603409914, 825.5450498054, 828.0251208356, 825.7088315101, 6.221936522594, 7.932298841813, 6.163011503354, 7.533447601071, 6.677813834748, -303.84336866, -301.7747744718, -303.0816779467, -303.3334345715, -304.5452123078, -304.8021465317, 38.62572519757, 38.2272374626, 38.4845499784, 38.51582509217, 38.62871929958, 38.66045754411
30.8, 0.5827280302637, 0, 6, 1.234851107537, -4.989122517461, -4.990284399792, -3.982828012484, -3.903560740748, -5.996614155064, -7.316540037502, 456.413471924, 457.438785203, 456.9394113812, 457.9410904744, 26.07703744691, 99.99540587431, 100, 100.0017592958, 828.629475655, 847.3120377914, 828.5469843502, 826.233049287, 828.7194394816, 826.404526388, 6.522137316693, 8.23649095919, 6.463648167212, 7.838567385849, 6.977385477355, -303.7692603228, -301.6029644898, -303.0081519038, -303.2720217981, -304.4709054029, -304.7399398734, 38.61713332173, 38.21853514337, 38.47617443506, 38.50769105668, 38.61942341343, 38.65147591673
30.825, 0.5821550928464, 0, 6, 1.240921780431, -4.953955824292, -4.955120848862, -3.950130569316, -3.870973630394, -5.956070224854, -7.278041952349, 456.7819902474, 457.8086377159, 457.3122529392, 458.3146234829, 26.15362004433, 99.9950148536, 100, 100.0015429011, 829.3196621376, 847.990674914, 829.2332304104, 826.9207160229, 829.4133668963, 827.0998931095, 6.822600256668, 8.540827512252, 6.764983073754, 8.143921998166, 7.27688495879, -303.6915913179, -301.4275732389, -302.9310884515, -303.2070772919, -304.3930230137, -304.6741641409, 38.60848483222, 38.20974415773, 38.46771760115, 38.49951214729, 38.61001377913, 38.64241611359
30.85, 0.5827404518024, 0, 6, 1.24788232561, -4.91738433321, -4.918553726344, -3.914761035149, -3.837943147311, -5.914248930811, -7.23829659048, 457.1505001875, 458.1784941375, 457.685096156, 458.6881632008, 26.22965715662, 99.99459123695, 100, 100.0012838497, 830.0094280881, 848.6683566564, 829.9190560709, 827.6080286794, 830.1068902992, 827.7949216641, 7.123821368649, 8.845834618706, 7.067347182847, 8.449775699057, 7.576897683209, -303.6103526948, -301.2484386684, -302.8504805357, -303.1386149981, -304.3115536785, -304.6048321111, 38.59975619067, 38.20085441449, 38.45921280494, 38.49126858831, 38.60051690995, 38.63324816228
30.875, 0.5844035774194, 0, 6, 1.25463291515, -4.878704045221, -4.879876783522, -3.875812958574, -3.803634600306, -5.87151507482, -7.197562384934, 457.5189991723, 458.5483514649, 458.0579451867, 459.0617131501, 26.30304520835, 99.99409617531, 100, 100.0009207092, 830.6987597415, 849.3450328245, 830.6044358382, 828.2949645792, 830.7999966353, 828.4896028533, 7.426414995811, 9.152076442301, 7.371172430957, 8.756489258263, 7.878096367202, -303.5255258481, -301.0653507363, -302.7663129864, -303.0666446403, -304.2264780292, -304.5319514827, 38.59093579032, 38.19187613401, 38.45070078874, 38.4829431995, 38.59096980623, 38.62394756603
30.9, 0.587516309931, 0, 6, 1.259856982797, -4.837435512601, -4.838607988555, -3.832897329573, -3.767867864653, -5.827987056071, -7.157108504729, 457.8874843102, 458.9182061906, 458.4308038526, 459.4352765921, 26.37160568716, 99.99349950324, 100, 100.0003988388, 831.3876435967, 850.0206488278, 831.2893434167, 828.9815009532, 831.4926709596, 829.1839263373, 7.730966336262, 9.460005289224, 7.676804481284, 9.064412808665, 8.181165851094, -303.4370870321, -300.8781020114, -302.6785660595, -302.9911685668, -304.1377730528, -304.4555217386, 38.58202402072, 38.1828360416, 38.44221927395, 38.47452832136, 38.58141074942, 38.61450512554
30.925, 0.5920529726848, 0, 6, 1.262476824023, -4.793337629973, -4.794504205011, -3.786007101836, -3.729867917979, -5.783627278991, -7.117822407707, 458.2559534689, 459.2880538595, 458.8036741274, 459.8088550422, 26.43397187236, 99.99279359674, 100, 99.99969294709, 832.0760636293, 850.6951570825, 831.9737542109, 829.667616347, 832.1848939362, 829.8778771814, 8.037795415826, 9.769765380914, 7.984203930052, 9.373667815306, 8.486664786089, -303.3450110329, -300.6865676049, -302.5872178548, -302.9121745443, -304.0454150258, -304.3755278106, 38.57303553329, 38.17377044212, 38.43380285495, 38.46604403566, 38.57187646104, 38.60494263842
30.95, 0.5973645282992, 0, 6, 1.261990692078, -4.74640383438, -4.747558044656, -3.735392976859, -3.688529803007, -5.738379559571, -7.079159648334, 458.6244060468, 459.6578912066, 459.1765554508, 460.1824477224, 26.48992832859, 99.99198583667, 100, 99.99880579488, 832.7639994036, 851.3685241484, 832.6576461994, 830.3532903567, 832.8766412377, 830.5714336134, 8.346866388439, 10.08120992321, 8.29305485148, 9.684138636479, 8.794791237938, -303.2492735113, -300.490738075, -302.4922457285, -302.8296354, -303.9493809402, -304.2919406692, 38.5640006692, 38.16471984033, 38.4254836286, 38.45753129064, 38.56240179971, 38.59530567308
30.975, 0.6028998669923, 0, 6, 1.258415639923, -4.696935012249, -4.698070675415, -3.681581513045, -3.643335186723, -5.692402418106, -7.040950518757, 458.9928426527, 460.027717384, 459.5494455757, 460.5560524387, 26.54001735731, 99.9910900474, 100, 99.99775375142, 833.4514268278, 852.0407278785, 833.3409987057, 831.038502462, 833.5678854277, 831.2645686099, 8.657913567231, 10.39408339953, 8.603018199053, 9.995637730104, 9.105385362998, -303.149852282, -300.290679653, -302.3936270788, -302.7435161463, -303.8496484966, -304.2047242897, 38.55496197704, 38.1557266481, 38.41729132843, 38.44903593826, 38.55302240357, 38.58564930635
31, 0.6078681308761, 0, 6, 1.25203747646, -4.645517740261, -4.64662955752, -3.625605425953, -3.594585177645, -5.646131177026, -7.002565474607, 459.3612645073, 460.3975337106, 459.9223416117, 460.9296665447, 26.58512602039, 99.99012993983, 100, 99.99657192236, 834.1383201607, 852.7117530123, 834.0237914847, 831.7232316849, 834.2585978072, 831.9572521959, 8.970570452837, 10.70818179876, 8.913832131476, 10.30807227538, 9.418027552674, -303.0467281041, -300.0864926648, -302.2913406688, -302.6537802228, -303.746197479, -304.1138417797, 38.545967926, 38.1468339236, 38.40925008559, 38.44059888559, 38.54377044874, 38.57602663615
31.025, 0.6118780963342, 0, 6, 1.243272161074, -4.592936668323, -4.594020507392, -3.568702088671, -3.543234424817, -5.599716516824, -6.963549282979, 459.7296731297, 460.767342893, 460.2952403273, 461.3032874413, 26.62633191062, 99.98913203006, 100, 99.99530662361, 834.8246535027, 853.3815896249, 834.7060049078, 832.4074571308, 834.9487495326, 832.6494532263, 9.284426330684, 11.02320404281, 9.225280488916, 10.62130854383, 9.73214921881, -302.9398872107, -299.8782957816, -302.1853699207, -302.5603941904, -303.6390136795, -304.0192600218, 38.53706531164, 38.13808051811, 38.40136967325, 38.43225323718, 38.53466374475, 38.56648337585
31.05, 0.6149182622613, 0, 6, 1.232632645194, -4.539978987525, -4.541032016311, -3.511912482754, -3.490424806729, -5.553127830667, -6.923711764084, 460.098070231, 461.1371480471, 460.6681384714, 461.6769127625, 26.66482889532, 99.98811697818, 100, 99.99399577388, 835.5104011646, 854.050231605, 835.3876200516, 833.0911582039, 835.6383125272, 833.3411407729, 9.599068461165, 11.3387782143, 9.537149810892, 10.93513258218, 10.04715073937, -302.8293217843, -299.6662140294, -302.0757036724, -302.4633301882, -303.52808883, -303.9209521969, 38.52829352153, 38.12949590071, 38.39365262754, 38.42402678899, 38.52571045655, 38.55705609047
31.075, 0.6161864181402, 0, 6, 1.220668704023, -4.487214721442, -4.488235352652, -3.456246926774, -3.436877393399, -5.506842265438, -6.882582269604, 460.4664575384, 461.506952013, 461.0410332856, 462.0505405871, 26.70172038719, 99.98712331852, 100, 99.99269589655, 836.1955378284, 854.7176738366, 836.0686182215, 833.7743144169, 836.3272601842, 834.0322852637, 9.914132183448, 11.65463067542, 9.849241701491, 11.24936392637, 10.36249691343, -302.7150279326, -299.4503617892, -301.9623350503, -302.3625668022, -303.4134188088, -303.8188985413, 38.51968301538, 38.12109973801, 38.38610191301, 38.41594416306, 38.5169144647, 38.54777175426
31.1, 0.6069063324905, 0, 6, 1.208388924649, -4.435037012264, -4.436025530871, -3.409180881002, -3.383146440422, -5.46486522584, -6.839696764051, 460.8348368227, 461.8767596625, 461.4139237758, 462.4241681999, 26.73956762782, 99.98660141056, 100, 99.99207494971, 836.8800406777, 855.3839412258, 836.7489864357, 834.4569122048, 837.0155693234, 834.7228547307, 10.22884680158, 11.97413700853, 10.16100971356, 11.56875291625, 10.67727128802, -302.5970251072, -299.2309984293, -301.8452857446, -302.2580892514, -303.2950485961, -303.7130882018, 38.51124656967, 38.11288464432, 38.37861305132, 38.40802028936, 38.50808991875, 38.53864489798
31.125, 0.5947356556327, 0, 6, 1.200746550983, -4.382804195395, -4.383768707093, -3.36958457485, -3.328426585968, -5.407598722444, -6.79324435191, 461.2032187372, 462.2465865309, 461.7867875704, 462.797781608, 26.78914293405, 99.98672766038, 100, 99.99254418084, 837.563879005, 856.0492182728, 837.4287555715, 835.1389629211, 837.7032020444, 835.4127942136, 10.54019769349, 12.28943681705, 10.47001613823, 11.88725041819, 10.98880733152, -302.4754257525, -299.0091974363, -301.7246712459, -302.1498821575, -303.1731622459, -303.6035202553, 38.50292101911, 38.10468711152, 38.37081340741, 38.40027533042, 38.4986126684, 38.52968388786
31.15, 0.5852039623473, 0, 6, 1.206025506955, -4.327306343047, -4.328266987511, -3.328033088968, -3.268864880482, -5.327983436359, -6.739915002692, 461.5716219215, 462.616451525, 462.1596008516, 463.1713589945, 26.86349342008, 99.98738002821, 100, 99.99387593594, 838.2470035313, 856.7137547802, 838.1079670826, 835.8204790833, 838.390124181, 836.1020443613, 10.84464094208, 12.59613207357, 10.77351479685, 12.19997563727, 11.29440894315, -302.3503658661, -298.7862538648, -301.6006194379, -302.037938596, -303.0479016206, -303.4902082075, 38.49457302859, 38.09620494607, 38.36252538937, 38.3927506832, 38.48819678548, 38.52087579282
31.175, 0.5711794008537, 0, 6, 1.230502008508, -4.26443261347, -4.265418069777, -3.275792177062, -3.196487130829, -5.231466409023, -6.66068668945, 461.9400601618, 462.9863684125, 462.5323551163, 463.5448871179, 26.96904166273, 99.98853653357, 100, 99.99600813164, 838.9293698446, 857.3776965138, 838.7866349557, 836.501455962, 839.0763187947, 836.7905717078, 11.14055722956, 12.89513638173, 11.0707867775, 12.50639164321, 11.59263248346, -302.2219275069, -298.562800609, -301.4732047446, -301.9222860117, -302.9193168908, -303.3731961731, 38.48607599422, 38.08718292524, 38.35378789713, 38.38543909442, 38.47687578575, 38.51213358118
31.2, 0.5512981529325, 0, 6, 1.273795453977, -4.190452727152, -4.191490375341, -3.20769450714, -3.114152371088, -5.121906475841, -6.54358014638, 462.3085318267, 463.35636004, 462.9050644209, 463.9183808076, 27.09912865145, 99.9899448386, 100, 99.9987428196, 839.6109706227, 858.0409384209, 839.4647273734, 837.1818691456, 839.7618069696, 837.4783958707, 11.43021763038, 13.19015723134, 11.36609693539, 12.80904061032, 11.88225290725, -302.0901305974, -298.3381715593, -301.3424584544, -301.803069267, -302.7874104504, -303.2526467084, 38.47729076269, 38.07748812189, 38.34465917623, 38.37805604471, 38.46471260837, 38.5029886147
31.225, 0.5358793487741, 0, 6, 1.327707018706, -4.100931665829, -4.102034859508, -3.120302977523, -3.030964870114, -4.998583393424, -6.405521798661, 462.6770162907, 463.7264279171, 463.2777643079, 464.2918750267, 27.23668137723, 99.99123200013, 100, 100.0014812344, 840.2918416307, 858.7031395932, 840.1421796745, 837.8616898163, 840.4466392853, 838.1655996251, 11.71900606748, 13.48601865279, 11.66486091359, 13.11197054254, 12.16650303385, -301.9549476044, -298.1106466358, -301.2083913911, -301.6805169583, -302.6521632497, -303.1287804432, 38.46802108277, 38.06708819853, 38.33518381438, 38.37025470204, 38.45174565982, 38.49292715
31.25, 0.5289921425894, 0, 6, 1.382936134539, -3.990839757314, -3.992004425346, -3.010547531435, -2.941562050427, -4.857914321746, -6.257728016749, 463.0454897738, 464.096542054, 463.6504876191, 464.6653992059, 27.36693409182, 99.99226199755, 100, 100.0039952982, 840.9720207409, 859.3639730579, 840.8189362049, 838.5408997729, 841.1308531385, 838.8522653016, 12.01148662898, 13.78562241146, 11.96899443133, 13.41762949434, 12.45127541361, -301.8163400753, -297.8787493123, -301.0710114965, -301.5547994927, -302.5135616639, -303.0017418292, 38.45808612806, 38.0559882979, 38.32538805995, 38.3619043178, 38.43798335878, 38.48173185411
31.275, 0.5295770343778, 0, 6, 1.434131444386, -3.855987675912, -3.857197739959, -2.875857519732, -2.834199327207, -4.696502712239, -6.103067648122, 463.4139384236, 464.4666639802, 464.0232498543, 465.0389624412, 27.48345776654, 99.99306326241, 100, 100.0063358512, 841.6515200248, 860.0232733793, 841.4949684103, 839.2194897829, 841.8144537794, 839.538426747, 12.30948901084, 14.08938984375, 12.27750625704, 13.72631534313, 12.74092519462, -301.6742859457, -297.6418895539, -300.9303315139, -301.4259791992, -302.3716078035, -302.8715732699, 38.44738091029, 38.0441902831, 38.31526516148, 38.35304413287, 38.42341649574, 38.46941357362
31.3, 0.5346943612421, 0, 6, 1.480546234793, -3.694658059876, -3.69589362781, -2.715207558792, -2.699222962575, -4.51279312074, -5.939579063711, 463.7823607516, 464.8367682612, 464.396048718, 465.412555739, 27.58798165687, 99.99371527791, 100, 100.0086063473, 842.3303246366, 860.6810429446, 842.1702712694, 839.8974538768, 842.4974179419, 840.2240661653, 12.61236805316, 14.39606424714, 12.58818896707, 14.0368069103, 13.03693664547, -301.5287893084, -297.400285805, -300.7863677941, -301.2940322972, -302.2263153846, -302.7382418302, 38.43588148433, 38.03168560196, 38.30478252534, 38.34377045604, 38.40804361095, 38.45610685133
31.325, 0.5412050052613, 0, 6, 1.524297576469, -3.508352631183, -3.50959611213, -2.529901605578, -2.534170232075, -4.308652074823, -5.763982090195, 464.1507630135, 465.206850033, 464.7688719986, 465.7861626492, 27.68615654317, 99.99428337255, 100, 100.0108699007, 843.0084045761, 861.3373771503, 842.8448492636, 840.5747841336, 843.1797078715, 840.9091356373, 12.91828918427, 14.7040727263, 12.89899173778, 14.34770769446, 13.33852914238, -301.3798742096, -297.1545422586, -300.6391338075, -301.158896384, -302.0776988082, -302.6016819317, 38.42361996524, 38.01846568871, 38.29389717902, 38.33415718932, 38.39188376732, 38.44197856064
31.35, 0.5473390178309, 0, 6, 1.568203579243, -3.301207554815, -3.302445835939, -2.323174491734, -2.343163294429, -4.088086859168, -5.574087993606, 464.5191534224, 465.5769187205, 465.1417057924, 466.1597681948, 27.7835539342, 99.99480248801, 100, 100.0131447779, 843.685727633, 861.9923822199, 843.5187043687, 841.251468273, 843.8612843166, 841.5935803045, 13.22543221449, 15.01219444608, 13.20878316172, 14.65802222874, 13.64373206976, -301.2275721627, -296.9052524721, -300.4886354378, -301.0205099925, -301.9257654363, -302.4618312638, 38.41065278573, 38.00453331012, 38.2825705132, 38.32422472048, 38.37497107041, 38.42715497465
31.375, 0.5526565523398, 0, 6, 1.614162411278, -3.078358805333, -3.079582013856, -2.098691501175, -2.132871833344, -3.855618518948, -5.369617708132, 464.8875382399, 465.9469863082, 465.5145400557, 466.5333632353, 27.883170962, 99.99524700012, 100, 100.0153616746, 844.3622669169, 862.646115892, 844.1918287241, 841.9274886251, 844.5421143151, 842.2773545156, 13.53273832762, 15.3197618111, 13.5173363372, 14.96721094076, 13.95055434099, -301.0719058325, -296.6527538932, -300.3348660922, -300.8788324312, -301.7705081216, -302.3186479518, 38.39703670842, 37.98991028417, 38.27079645741, 38.3139474588, 38.35736016901, 38.4116964012
31.4, 0.5568901063773, 0, 6, 1.662252288116, -2.844260139708, -2.845458527679, -1.860246512202, -1.909748962289, -3.615583807536, -5.151869584051, 465.2559193431, 466.3170597265, 465.8873723076, 466.9069461345, 27.98736553719, 99.99555819428, 100, 100.0174108374, 845.0380033451, 863.2985556188, 844.8642008769, 842.6028219447, 845.2221743391, 842.9604297337, 13.84020704192, 15.62712149911, 13.82522649919, 15.27562693525, 14.25785487438, -300.9128751203, -296.3970284718, -300.1778041475, -300.7338482437, -301.6119008341, -302.1721130286, 38.38282044101, 37.97464642413, 38.25861515636, 38.30327829352, 38.33912978703, 38.39560721475
31.425, 0.5604226866779, 0, 6, 1.710782785612, -2.601792145402, -2.602953185709, -1.610612560282, -1.678238968477, -3.370494129861, -4.923049965188, 465.6242938904, 466.6871389314, 466.2602064521, 467.2805213456, 28.10740865006, 99.9956603573, 100, 100.0191845806, 845.7129247116, 863.949608948, 845.5357883076, 843.2774416447, 845.9014482842, 843.6427926141, 14.14865975658, 15.93542094498, 14.13347557823, 15.58435698717, 14.56547975888, -300.7504573563, -296.1377837747, -300.0174189671, -300.5855610415, -301.4499059483, -302.0222242104, 38.36804428687, 37.95881785622, 38.24608536255, 38.29216983456, 38.32035686247, 38.37885602409
31.45, 0.5643328095909, 0, 6, 1.757067079848, -2.35214189523, -2.353248976221, -1.351831837788, -1.440897229722, -3.120749685633, -4.686611108213, 465.9926555613, 467.0572174722, 466.6330497795, 467.6540963193, 28.23256291089, 99.99549239033, 100, 100.020587685, 846.3870213862, 864.5991459409, 846.206552523, 843.9513200069, 846.5799232546, 844.3244381084, 14.45927299248, 16.24649596279, 14.44312198687, 15.89525114041, 14.87407824236, -300.5846145639, -295.874609048, -299.8536769954, -300.4339812247, -301.2844814487, -301.8689841215, 38.35274250481, 37.94251392892, 38.23326664687, 38.28059502121, 38.30110637352, 38.36140776908
31.475, 0.5692268559434, 0, 6, 1.798547990424, -2.095253130596, -2.096286314043, -1.085011108777, -1.197459566153, -2.865562875188, -4.445267888116, 466.3609979225, 467.4272836145, 467.0059079791, 468.02767739, 28.34912361117, 99.99504098805, 100, 100.0215715819, 847.0602807837, 865.2470488768, 846.8764576247, 844.624430374, 847.2575822806, 845.0053588866, 14.77296897084, 16.56053373134, 14.75465010184, 16.20857624677, 15.18463854385, -300.4153046297, -295.6071763546, -299.6865464321, -300.2791085765, -301.1155884781, -301.7123846845, 38.33695154434, 37.92582309959, 38.22021312107, 38.26857144437, 38.28143575137, 38.34326501266
31.5, 0.5749471634966, 0, 6, 1.833653470568, -1.830623044044, -1.831561235552, -0.8106894240201, -0.9459747157813, -2.60385951662, -4.199960591906, 466.7293169421, 467.7973265434, 467.3787826757, 468.4012670553, 28.44517757413, 99.99432882349, 100, 100.0221334773, 847.7326839979, 865.8932481187, 847.5454743789, 845.2967479114, 847.9344014205, 845.6855370277, 15.09004370984, 16.87692672201, 15.06796405371, 16.52382875777, 15.49784415634, -300.2424914362, -295.3353645793, -299.5160004812, -300.1209238806, -300.9431960707, -301.5524005902, 38.32071833381, 37.90882437476, 38.20696985813, 38.25615103469, 38.26139885646, 38.3244754071
31.525, 0.5809484605419, 0, 6, 1.861933738077, -1.558126049608, -1.558949341942, -0.5294230541896, -0.6849902312706, -2.335197242696, -3.950509936187, 467.0976118091, 468.1673415578, 467.7516711856, 468.7748638758, 28.51053227503, 99.99339869701, 100, 100.0222996472, 848.4042066085, 866.5377263337, 848.2135803865, 845.9682491603, 848.6103506172, 846.3649429685, 15.41019059141, 17.19464077247, 15.38266049686, 16.8400860268, 15.81378611249, -300.0661504224, -295.0592528405, -299.3420180196, -299.9593923968, -300.7672817906, -301.3889932717, 38.30410129736, 37.89158582131, 38.19357322966, 38.24339547033, 38.24105267946, 38.30511821215
31.55, 0.5862896944244, 0, 6, 1.883729012028, -1.278494201328, -1.279185599365, -0.2425783673187, -0.4146554794666, -2.060394215489, -3.696488960947, 467.4658843635, 468.5373306144, 468.1245680122, 469.1484639212, 28.53598760054, 99.99230983483, 100, 100.022130984, 849.0748218932, 867.180504519, 848.8807581593, 846.6389115803, 849.2853965887, 847.0435390942, 15.73271745772, 17.51254761936, 15.69823951637, 17.15636122736, 16.13200602202, -299.886270002, -294.7790495471, -299.1645834543, -299.7944720957, -300.587831119, -301.2221190638, 38.28716602433, 37.87416695894, 38.18004959271, 38.23035982437, 38.22045646137, 38.28528634554
31.575, 0.5903410577869, 0, 6, 1.899847060723, -0.9933578420353, -0.9939042415474, 0.04782680794967, -0.1367295447732, -1.780744462073, -3.437641515443, 467.8341383537, 468.9073001915, 468.4974660302, 469.5220619971, 28.51360789205, 99.99112548299, 100, 100.0217171475, 849.7445040753, 867.8216317533, 849.5469944443, 847.3087142395, 849.959505252, 847.7212835432, 16.05670428941, 17.82932565318, 16.01412600445, 17.47153653278, 16.45162271982, -299.7028532506, -294.4950428775, -298.9836889403, -299.6261211233, -300.4048402178, -301.051736954, 38.26997729482, 37.85661714498, 38.16640514574, 38.217087438, 38.19965560005, 38.26507188803
31.6, 0.5930969217099, 0, 6, 1.911366512843, -0.7048432278772, -0.7052356274881, 0.3397464944625, 0.1461691994903, -1.497695457577, -3.17449392783, 468.2023785098, 469.2772583807, 468.8703577578, 469.8956525765, 28.46200897083, 99.98989608185, 100, 100.0211399307, 850.4132293558, 868.4611730966, 850.2122789197, 847.9776379817, 850.6326444302, 848.3981339819, 16.38116087448, 18.14420077476, 16.32967970466, 17.7850047817, 16.77155508118, -299.5159155928, -294.2075512739, -298.7993346628, -299.4543034186, -300.2183148604, -300.8778139871, 38.25259180265, 37.83897206509, 38.15263682474, 38.20361337882, 38.17868462637, 38.24455714959
31.625, 0.5946065735275, 0, 6, 1.919427271567, -0.4149610266203, -0.415193989163, 0.6314891933766, 0.4318767158087, -1.212678038428, -2.907640615506, 468.5706093725, 469.6472125418, 469.2432365771, 470.2692304967, 28.39129850305, 99.98866073031, 100, 100.0204621, 851.080975543, 869.0991946953, 850.8766019218, 848.6456647036, 851.3047854317, 849.0740505996, 16.70518294647, 18.4575017002, 16.64426755607, 18.09714910176, 17.09074375603, -299.3254778268, -293.9168708314, -298.6115261052, -299.2789913083, -300.0282659639, -300.7003270072, 38.23505606034, 37.82125572722, 38.13874573101, 38.18996953348, 38.15757400723, 38.22380942832
31.65, 0.5947387321198, 0, 6, 1.924986567781, -0.1252564613149, -0.1253271883223, 0.9218245685908, 0.7188530123354, -0.9269563907757, -2.637187851993, 468.9388352817, 470.0171695503, 469.616096994, 470.6427918142, 28.299385199, 99.98742998429, 100, 100.0197200677, 851.7477222076, 869.7357489324, 851.5399534507, 849.312776558, 851.9759028381, 849.7489985188, 17.02808986864, 18.76879938463, 16.95747501517, 18.40754718056, 17.40827576067, -299.1315607546, -293.623229416, -298.4202714124, -299.1001684561, -299.8347064988, -300.5192642912, 38.2174061583, 37.80348512782, 38.12473916063, 38.17617694577, 38.13635251928, 38.20287274555
31.675, 0.5937783537146, 0, 6, 1.928564463483, 0.1631936935274, 0.1632861852085, 1.209920835756, 1.005369681767, -0.6415401207863, -2.363972547019, 469.3070594353, 470.3871353937, 469.9889358245, 471.0163345722, 28.18314560366, 99.98619629175, 100, 100.0189238034, 852.4134518561, 870.3708633953, 852.2023213361, 849.9789558582, 852.6459758368, 850.4229502818, 17.34950962853, 19.07762472055, 17.26919112086, 18.71570343242, 17.72357022004, -298.9341835329, -293.3267585498, -298.2255809504, -298.9178323569, -299.6376499095, -300.3346265795, 38.19966693398, 37.78567460768, 38.11062847033, 38.16224170953, 38.11504957713, 38.18176998798
31.7, 0.5920458463104, 0, 6, 1.930240559639, 0.4496847564816, 0.4499400678348, 1.49524443858, 1.289987481107, -0.3572111972669, -2.088748625717, 469.6752837175, 470.7571136963, 470.361752048, 471.3898586056, 28.03862673365, 99.98494912951, 100, 100.018067853, 853.07814993, 871.0045443807, 852.8636915674, 850.6441854757, 853.3149875916, 851.0958853996, 17.66931348469, 19.38366923728, 17.57944254117, 19.02126064909, 18.03642937509, -298.7333640115, -293.0275138347, -298.0274672227, -298.7319914512, -299.4371102223, -300.1464239311, 38.18185403223, 37.76783804865, 38.09642718348, 38.14816420562, 38.0936958324, 38.16051552352
31.725, 0.5901890178401, 0, 6, 1.929836244377, 0.733740178447, 0.7341566036985, 1.777640221942, 1.571783592284, -0.07459181343109, -1.813272095179, 470.0435090425, 471.1271070725, 470.7345460661, 471.7633649623, 27.86133769886, 99.98367428792, 100, 100.0171286109, 853.7418036932, 871.6367838748, 853.5240490827, 851.308448973, 853.982923979, 851.7677885899, 17.98752584536, 19.68667262109, 17.88829039141, 19.32388074231, 18.34696134158, -298.5291196681, -292.725503688, -297.825944578, -298.5426615067, -299.2331022302, -299.9546723576, 38.16397839517, 37.74998974925, 38.08215160306, 38.13394702585, 38.07232537113, 38.13912567168
31.75, 0.5887088104157, 0, 6, 1.927046696891, 1.015052166014, 1.01562661015, 2.057243807419, 1.850422096882, 0.205634513836, -1.539257136366, 470.4117358735, 471.4971155703, 471.1073190526, 472.1368551689, 27.64654920562, 99.98237342318, 100, 100.0160800929, 854.4044009574, 872.267567622, 854.1833786294, 851.9717301275, 854.6497720824, 852.4386468384, 18.3042287382, 19.98638588994, 18.19578151835, 19.6232029591, 18.65543223143, -298.3214665187, -292.4207179126, -297.6210274974, -298.3498603027, -299.0256400752, -299.7593892535, 38.14605203257, 37.73214757344, 38.06782997478, 38.11959887883, 38.05098405306, 38.11762250363
31.775, 0.5875285777347, 0, 6, 1.92144988112, 1.293402447318, 1.294130216963, 2.334077705885, 2.1261112957, 0.4825397183477, -1.267724696396, 470.7799647133, 471.8671372754, 471.48007247, 472.5103306381, 27.39617376618, 99.981050052, 100, 100.0148942485, 855.0659297053, 872.8968807992, 854.8416647942, 852.6340123771, 855.3155189115, 853.1084471791, 18.61949923846, 20.28258033037, 18.50194724844, 19.91886482908, 18.96215168726, -298.1104179431, -292.1131459898, -297.4127288506, -298.1536036316, -298.8147363184, -299.5605899795, 38.12809324954, 37.71433801495, 38.05350172512, 38.10513439297, 38.02972863941, 38.09603531955
31.8, 0.5866588343139, 0, 6, 1.912539868878, 1.568444556342, 1.569318986582, 2.607883142336, 2.398562841431, 0.7551976347487, -0.9997655263271, 471.1481960126, 472.2371705246, 471.8528078, 472.8837925274, 27.11459685067, 99.97971397047, 100, 100.0135526533, 855.7263785472, 873.5247117423, 855.4988918791, 853.2952788897, 855.9801512654, 853.7771759415, 18.93337672079, 20.57532843441, 18.80682473461, 20.21084229315, 19.26739985773, -297.8959866953, -291.8027878712, -297.2010604005, -297.9539048026, -298.6004031204, -299.3582878001, 38.11012858538, 37.69659744398, 38.03920801409, 38.09057114784, 38.00862107452, 38.07440168238
31.825, 0.5862947860043, 0, 6, 1.899828602449, 1.839587578725, 1.840599676432, 2.878076710902, 2.666890468286, 1.022747102091, -0.7367417269579, 471.5164304623, 472.6072135702, 472.2255259454, 473.2572413954, 26.80205104794, 99.97838577821, 100, 100.0120469749, 856.3857368046, 874.1510604448, 856.15504518, 853.9555129955, 856.6436550794, 854.4448174846, 19.24579090156, 20.86478037749, 19.11034074495, 20.4992488961, 19.57137042473, -297.6781871844, -291.4896772628, -296.9860337749, -297.7507729785, -298.3826540504, -299.152492978, 38.0921928927, 37.67897009904, 38.02498873927, 38.07593402441, 37.98772551896, 38.05277158508
31.85, 0.5862728844876, 0, 6, 1.883012916519, 2.1060679159, 2.107206316245, 3.143846207475, 2.930672553874, 1.284231764327, -0.4796168736712, 471.8846697279, 472.9772643664, 472.5982265515, 473.630676676, 26.45932774789, 99.97709504243, 100, 100.0103845638, 857.043993456, 874.7759462952, 856.8101120834, 854.6146981783, 857.306014288, 855.1113524523, 19.55650258393, 21.15071940896, 19.41221859524, 20.78385696249, 19.87408398358, -297.4570356982, -291.1739003914, -296.767660329, -297.5442108813, -298.1615046678, -298.9432112144, 38.07432993052, 37.66150530528, 38.01088357723, 38.06126073559, 37.96710598766, 38.03120883812
31.875, 0.5862847108609, 0, 6, 1.862035861103, 2.366988302748, 2.368239527856, 3.404231946359, 3.189557789102, 1.538706838192, -0.2289450444694, 472.2529165776, 473.3473218597, 472.9709080661, 474.0040966408, 26.0877429042, 99.97587214095, 100, 100.0085847358, 857.7011369335, 875.3994082855, 857.4640820895, 855.2728179755, 857.9672112387, 855.7767576056, 19.86511737076, 21.43275052643, 19.71206350734, 21.06428600888, 20.17533209951, -297.2325508654, -290.8555921618, -296.5459516838, -297.3342158281, -297.9369728429, -298.7304448972, 38.05659159923, 37.64425546399, 37.99693233213, 38.04659666167, 37.94682629933, 38.00978550296
31.9, 0.586054013914, 0, 6, 1.836997956489, 2.621305364008, 2.622654168934, 3.658194627236, 3.442894288884, 1.785135360037, 0.01486206775006, 472.6211745877, 473.7173866346, 473.3435682471, 474.3774988512, 25.68891773846, 99.97475022676, 100, 100.0066768677, 858.3571559248, 876.0214986643, 858.1169462589, 855.9298560195, 858.6272279863, 856.4410074234, 20.17115470191, 21.7105013666, 20.00946275398, 21.3401576771, 20.47472184524, -297.004753951, -290.5349149753, -296.3209203885, -297.1207829115, -297.7090787029, -298.5141958682, 38.03903544087, 37.62727531673, 37.98317597098, 38.03198825907, 37.92695341068, 37.98857576374
31.925, 0.5848735047118, 0, 6, 1.808026846725, 2.867803050081, 2.86923269175, 3.90413302137, 3.68958842699, 2.021835125388, 0.2512881761713, 472.9894476422, 474.0874605642, 473.7162047121, 474.7508806461, 25.2646451216, 99.97375035976, 100, 100.0046999289, 859.0120408351, 876.6422788969, 858.7686969249, 856.5857966014, 859.2860474608, 857.1040758179, 20.47409047006, 21.98389571345, 20.3040081696, 21.6114477172, 20.77173477338, -296.7736700902, -290.2120459, -296.0925812744, -296.9039080627, -297.4778459288, -298.2944681294, 38.02172163672, 37.61062153948, 37.96965154114, 38.017479191, 37.90754995487, 37.96765203904
31.95, 0.5828916741988, 0, 6, 1.775348946876, 3.105151112644, 3.106643819382, 4.140608555603, 3.928260192678, 2.24831779817, 0.4796646530733, 473.3577401883, 474.4575464011, 474.0888143178, 475.1242389321, 24.81714129391, 99.97289254021, 100, 100.0027008183, 859.6657845184, 877.2618261092, 859.4193295467, 857.2406259468, 859.9436535434, 857.7659364434, 20.77331624997, 22.25259101193, 20.59521095319, 21.8779139264, 21.06572049644, -296.5393315603, -289.8871929007, -295.8609542916, -296.6835896754, -297.2433053499, -298.0712697809, 38.00470794718, 37.59434624575, 37.95638374651, 38.00311032173, 37.88866236061, 37.9470837551
31.975, 0.5802742234663, 0, 6, 1.73928437481, 3.332075273768, 3.333612854219, 4.366377042185, 4.157481084906, 2.463752680654, 0.6989860533032, 473.7260571262, 474.8276468525, 474.4613937412, 475.4975704364, 24.34880654656, 99.97219681291, 100, 100.0007173164, 860.3183813715, 877.8802247618, 860.0688420925, 857.8943319048, 860.6000321988, 858.4265641668, 21.06821175852, 22.51621700197, 20.88253569044, 22.13923727037, 21.3560116581, -296.3017752095, -289.5605711986, -295.6260638965, -296.459830049, -297.0054925522, -297.8446136032, 37.98804775534, 37.57849519107, 37.94339818514, 37.98892228433, 37.8703394691, 37.92693709141
32, 0.5767773036454, 0, 6, 1.700181417875, 3.547443731644, 3.549008124987, 4.580385160818, 4.376512455548, 2.66717842047, 0.9091072809474, 474.0944035418, 475.1977639702, 474.8339399137, 475.870871958, 23.86189330863, 99.97166977623, 100, 99.99877663596, 860.9698270643, 878.497561084, 860.7172341859, 858.5469036191, 861.255171506, 859.0859358368, 21.35818650334, 22.77440368085, 21.16543402354, 22.39506069605, 21.64196688701, -296.0610403039, -289.2323888205, -295.3879378525, -296.2326357027, -296.764446149, -297.6145168095, 37.97179148421, 37.56311056306, 37.93072468567, 37.97495650308, 37.85263321415, 37.90727592687
32.025, 0.5724121831854, 0, 6, 1.658251964112, 3.750274617821, 3.751848099464, 4.781732173585, 4.584306600236, 2.857668096139, 1.109500100299, 474.4627841517, 475.5679001324, 475.2064505554, 476.244141027, 23.35829408183, 99.97129387829, 100, 99.99688412738, 861.6201191991, 879.1139115372, 861.3645055633, 859.1983311764, 861.9090625046, 859.7440317497, 21.642769273, 23.02685971146, 21.44354319629, 22.64508362444, 21.92298489408, -295.8171674064, -288.9028188839, -295.1466068262, -296.0020203545, -296.5202066122, -297.3810032181, 37.95598578078, 37.54823351275, 37.91839571967, 37.96124451598, 37.83559668897, 37.88814892886
32.05, 0.5674162998193, 0, 6, 1.613456194464, 3.939726886842, 3.941291958982, 4.969637857778, 4.779612628557, 3.03437169466, 1.29900571514, 474.8312028292, 475.9380567533, 475.5789244995, 476.6173760983, 22.83950052147, 99.9710523712, 100, 99.99503525744, 862.2692579423, 879.7293402376, 862.0106557998, 859.8486059854, 862.5616993929, 860.4008372284, 21.92161754453, 23.27340494307, 21.71661330361, 22.88910163529, 22.19865819853, -295.5701980159, -288.5719961241, -294.9021043122, -295.7680054465, -296.2728159863, -297.1441031226, 37.94067257037, 37.53390556161, 37.9064458667, 37.94781206342, 37.81928414856, 37.86959893734
32.075, 0.5635706777527, 0, 6, 1.565576088152, 4.115104046669, 4.11664339577, 5.144817262299, 4.961565736596, 3.198130576216, 1.476412690023, 475.1996632065, 476.3082335367, 475.9513610367, 476.9905761888, 22.30669220843, 99.97089183672, 100, 99.99314876332, 862.9172447966, 880.3439012422, 862.6556849614, 860.4977203426, 863.2130783781, 861.0563415878, 22.19448974893, 23.51308719676, 21.98443340539, 23.12605149085, 22.46877793092, -295.3201732073, -288.2400255945, -294.6544653604, -295.5306176897, -296.0223164191, -296.9038508329, 37.92589183331, 37.52016993443, 37.89492156836, 37.93468657729, 37.80376928314, 37.85167030717
32.1, 0.5558176278576, 0, 6, 1.513774025058, 4.27565384059, 4.277149329998, 5.303070876977, 5.129867708486, 3.340669517969, 1.640335748524, 475.5681657588, 476.678427631, 476.3237633144, 477.3637422037, 21.76002806027, 99.97093082743, 100, 99.99137271775, 863.5640826102, 880.9576109031, 863.2995860212, 861.1456648633, 863.863200741, 861.7105403516, 22.4614229202, 23.7483884664, 22.24704972219, 23.35812055949, 22.73348605102, -295.0671252374, -287.9069174099, -294.4037205336, -295.2898884423, -295.7687406605, -296.6602820822, 37.91169333287, 37.50709211692, 37.88389677939, 37.92189753506, 37.7891795575, 37.83441072084
32.125, 0.5471918700951, 0, 6, 1.45828811086, 4.420180055951, 4.421614989574, 5.443253294666, 5.28302090791, 3.46916780178, 1.789727887979, 475.9367143875, 477.048639648, 476.696127641, 477.7368716354, 21.20272020566, 99.97122963897, 100, 99.98993742722, 864.2097839498, 881.5706039425, 863.9423703445, 861.792442584, 864.5120595593, 862.3634203701, 22.72160740227, 23.97740562173, 22.50359350656, 23.58457050008, 22.99205609005, -294.8111231327, -287.5729631991, -294.1499181405, -295.0458447502, -295.5121596891, -296.4134378497, 37.89811350416, 37.4947024007, 37.87328810551, 37.90947644789, 37.77535165759, 37.81788232368
32.15, 0.5411520665653, 0, 6, 1.401182507323, 4.548575081267, 4.549938445437, 5.568110219588, 5.420757065961, 3.587122063193, 1.921940268192, 476.3053181592, 477.4188758495, 477.0684453254, 478.1099568241, 20.63898837359, 99.97154317143, 100, 99.98852823939, 864.8543511662, 882.1830578949, 864.5840641596, 862.4380596815, 865.1596523417, 863.0149621168, 22.97399711948, 24.19793533828, 22.75280269065, 23.80298275072, 23.2434536479, -294.5522451416, -287.2385458253, -293.8931243268, -294.798513743, -295.2526552957, -296.1633619765, 37.88516398339, 37.48297002205, 37.8630824927, 37.89747702593, 37.7622615026, 37.80214783521
32.175, 0.5355330152125, 0, 6, 1.344105866153, 4.661217524029, 4.662503256616, 5.680145898209, 5.547014715199, 3.690650448516, 2.040349948589, 476.6739846035, 477.7891374891, 477.4407120566, 478.4829898488, 20.07126048683, 99.97187070566, 100, 99.98703532779, 865.4977780666, 882.7950841863, 865.224684247, 863.0825148145, 865.8059790425, 863.6651531213, 23.2180211722, 24.40942020157, 22.99367368903, 24.01195190317, 23.48767417133, -294.2905442859, -286.9038814472, -293.6333933292, -294.5479221796, -294.990284366, -295.9100920206, 37.87287897992, 37.47189545803, 37.85338980848, 37.88599089148, 37.75007124252, 37.78732524168
32.2, 0.5271442175433, 0, 6, 1.286612006909, 4.757610733871, 4.758813275833, 5.779924805266, 5.661613040586, 3.774796401593, 2.156044884188, 477.0427154951, 478.1594310741, 477.8129315828, 478.8559738695, 19.49792732121, 99.97207436966, 100, 99.98539435319, 866.1400645036, 883.4066360911, 865.864223006, 863.7257967896, 866.4510481561, 864.3139942539, 23.4542848653, 24.61290881643, 23.22755915208, 24.21188744729, 23.72424306504, -294.0260497251, -286.5688147159, -293.3707602621, -294.2941193891, -294.7250739671, -295.6536795663, 37.86132192473, 37.46155026643, 37.84435631333, 37.875001082, 37.7390010724, 37.7733850057
32.225, 0.5145854975897, 0, 6, 1.224299897718, 4.836852285753, 4.837959367197, 5.860517464515, 5.755427084451, 3.830710993349, 2.255413546568, 477.4114998129, 478.5297529131, 478.1851206544, 479.2289240907, 18.91326054274, 99.97215588938, 100, 99.98357983758, 866.7812323964, 884.0174972932, 866.5026492131, 864.3678974335, 867.0948831277, 864.9615243557, 23.68457667813, 24.81220094923, 23.4570717636, 24.4065709743, 23.95428767006, -293.7587762291, -286.2328148968, -293.1052540478, -294.0372004004, -294.4570360503, -295.3942047322, 37.85054365781, 37.45207310946, 37.83609989284, 37.86442877819, 37.7292264718, 37.76023064165
32.25, 0.5011590838878, 0, 6, 1.154706704442, 4.897740364141, 4.898737598702, 5.916426098293, 5.826382269358, 3.867952283819, 2.330764606209, 477.7803295827, 478.9000925698, 478.5572813838, 479.601845513, 18.31888598188, 99.97238755054, 100, 99.98210173117, 867.4213216039, 884.6277418963, 867.13996745, 865.0088356188, 867.7374932066, 865.6077642219, 23.90858473216, 25.00787192561, 23.68132794148, 24.59891336256, 24.17839983365, -293.4888043567, -285.8960269656, -292.8369318034, -293.7772358918, -294.186254471, -295.1317416348, 37.84056534064, 37.44353386218, 37.82842342216, 37.85429759871, 37.72042188834, 37.74791676671
32.275, 0.4894440661751, 0, 6, 1.082177574416, 4.940631103658, 4.941514686695, 5.950285410694, 5.88024426125, 3.896075748605, 2.380420964691, 478.149218044, 479.270451025, 478.9293934038, 479.9747211915, 17.72419621675, 99.97284251826, 100, 99.98101310157, 868.0603473779, 885.2377633055, 867.7762430902, 865.6486447646, 868.3788765569, 866.2526874473, 24.12383648237, 25.19475218386, 23.89639558141, 24.78401543227, 24.39520065805, -293.2162681561, -285.5593039123, -292.5658967798, -293.5142497519, -293.912872899, -294.8663428445, 37.8313683102, 37.43582606805, 37.82114652178, 37.84476305208, 37.71231985957, 37.73662447498
32.3, 0.4748055984959, 0, 6, 1.014766165184, 4.966512937549, 4.967293944557, 5.963056997196, 5.926925367367, 3.915673226984, 2.413337248811, 478.5181873473, 479.6408400894, 479.3014315154, 480.3475233878, 17.14061307939, 99.973713972, 100, 99.98066398028, 868.6983045875, 885.848050418, 868.4115586975, 866.2873560434, 869.0190284548, 866.8962430978, 24.32726433376, 25.36971208494, 24.09792021765, 24.95920575589, 24.6021793327, -292.9413110185, -285.22367834, -292.2922617831, -293.2482407886, -293.6370417762, -294.5980472992, 37.82295048156, 37.42878521779, 37.81414374045, 37.83603331903, 37.70473763357, 37.72658421455
32.325, 0.4529312645424, 0, 6, 0.9611904191782, 4.975837176684, 4.976539205068, 5.959230940452, 5.971192587536, 3.929154544324, 2.455466777972, 478.8872605934, 480.0112931438, 479.6733743419, 480.7202332933, 16.57598905437, 99.97514240199, 100, 99.98140143754, 869.335188164, 886.4589576878, 869.0459898997, 866.9249939458, 869.6579591926, 867.5383902993, 24.51694042531, 25.52909078676, 24.28502184971, 25.12067294436, 24.79506476048, -292.6640784615, -284.8898519956, -292.0161445991, -292.9792403351, -293.3589030671, -294.3269265541, 37.81528927878, 37.42221243331, 37.80728970577, 37.82809470911, 37.69750223532, 37.71777828933
32.35, 0.4309617308493, 0, 6, 0.9235131084873, 4.96954044975, 4.970187689674, 5.942519794512, 5.996095299206, 3.932697509582, 2.494212254746, 479.2564424765, 480.3818303396, 480.0452275005, 481.0928568108, 16.02764968133, 99.97691127032, 100, 99.9827529215, 869.9710204129, 887.0704058225, 869.6795683184, 867.5615821674, 870.2957202866, 868.179167629, 24.69404133085, 25.67459922673, 24.46082273854, 25.26934177708, 24.97213706832, -292.3846699545, -284.5575674249, -291.737659884, -292.7073837759, -293.0785503167, -294.0531173825, 37.80828179687, 37.41596330003, 37.80058577172, 37.82070305807, 37.69062316411, 37.70989152763
32.375, 0.4077794719612, 0, 6, 0.8984839369664, 4.949959518034, 4.950569720698, 5.916109024572, 6.003602755791, 3.92427127152, 2.535349638753, 479.6257226905, 480.7524422088, 480.4170117052, 481.4654123677, 15.48831468805, 99.97885402765, 100, 99.98442824904, 870.6058428946, 887.6821154785, 870.312298948, 868.1971550643, 870.9323768851, 868.8186680776, 24.86106334399, 25.80934291874, 24.62805762693, 25.40746277051, 25.13532445225, -292.1031451576, -284.226152074, -291.4569092272, -292.4328582121, -292.7960473477, -293.7767764551, 37.80179442154, 37.40997108498, 37.79408809623, 37.81369037226, 37.68414447921, 37.7026391108
32.4, 0.3876639624488, 0, 6, 0.8796483102242, 4.920794634407, 4.921376055265, 5.883111185887, 5.991447776488, 3.905400212189, 2.568837610157, 479.9950814963, 481.1231102401, 480.7887539743, 481.8379261754, 14.94881463694, 99.98077013716, 100, 99.98605286119, 871.2397085758, 888.2937167877, 870.9441722014, 868.8317491697, 871.5679990484, 869.4570067115, 25.02102997035, 25.93684986724, 24.79009107636, 25.53793187959, 25.28786580463, -291.819539923, -283.8947668987, -291.1739842968, -292.155868414, -292.5114437676, -293.4980640976, 37.79568421602, 37.40422547568, 37.7878484046, 37.80685679754, 37.67808947636, 37.69570585405
32.425, 0.3711884406231, 0, 6, 0.8605453099599, 4.886435160735, 4.886987696115, 5.846194745659, 5.965370129709, 3.879417532375, 2.59128850598, 480.3644996585, 481.4938069731, 481.1604762359, 482.2104158971, 14.40293324515, 99.98257190556, 100, 99.9874466549, 871.8726691191, 888.9049545878, 871.5751873148, 869.4654045919, 872.202645342, 870.0942869524, 25.17605305884, 26.05947461169, 24.94833954396, 25.66264497201, 25.43384156656, -291.5338877653, -283.5628450478, -290.8889707364, -291.8765880975, -292.2247949683, -293.2171140174, 37.78983143286, 37.39873993995, 37.78190392561, 37.80011909997, 37.6724686242, 37.68894154883
32.45, 0.3585338453375, 0, 6, 0.8374599683596, 4.850313867679, 4.850833266176, 5.808200242413, 5.934033203841, 3.848711325335, 2.599090154121, 480.73396698, 481.8645099725, 481.5321886075, 482.5828884088, 13.8490457582, 99.98426055272, 100, 99.9886212315, 872.5047650511, 889.5157633203, 872.2053618567, 870.0981591445, 872.836356873, 870.7305747244, 25.32686296118, 26.17787244049, 25.102411654, 25.78210667026, 25.57620326396, -291.2462393835, -283.2302378583, -290.6019504845, -291.5951370923, -291.9361715775, -292.9340255253, 37.7841739891, 37.39352952808, 37.77627422823, 37.79350706386, 37.6672998969, 37.68235356694
32.475, 0.3471702817667, 0, 6, 0.8099031974522, 4.813882167854, 4.814364278056, 5.769303629436, 5.903743952235, 3.812923265083, 2.594349490788, 481.1034817227, 482.2352106824, 481.903889383, 482.9553389493, 13.28965378231, 99.98586564251, 100, 99.98969395924, 873.1360261596, 890.1262531132, 872.834728808, 870.7300441295, 873.4691592933, 871.3658952862, 25.47295110112, 26.29279652876, 25.2509769012, 25.8982235406, 25.71598855695, -290.9566691923, -282.8971701327, -290.313001646, -291.311582605, -291.6456585634, -292.6488686685, 37.77870958957, 37.38860269509, 37.77093780297, 37.78709836605, 37.66256250865, 37.67604788398
32.5, 0.3365805936832, 0, 6, 0.7801394034033, 4.776375733468, 4.77681955566, 5.728992754392, 5.876443083106, 3.774315905019, 2.579908563292, 481.4730504212, 482.6059138824, 482.2755670424, 483.3277539687, 12.72980656842, 99.98740675788, 100, 99.99075300388, 873.766475574, 890.7366461267, 873.4633346618, 871.361086334, 874.1010667203, 872.0002463353, 25.61306554452, 26.40196220609, 25.39241934814, 26.00830051598, 25.85246623771, -290.6652767877, -282.5640956673, -290.0222025802, -291.0259613479, -291.3533553809, -292.3616997774, 37.77346767328, 37.38394267551, 37.7658303491, 37.78096990036, 37.65820104921, 37.67016339869
32.525, 0.3258921070903, 0, 6, 0.7514074665935, 4.735524369961, 4.73593256297, 5.685789141972, 5.850060956302, 3.730884399461, 2.557402955542, 481.8426814037, 482.9766295186, 482.6472098854, 483.7001210933, 12.1742087626, 99.98892748423, 100, 99.99186555168, 874.3961328327, 891.3471534422, 874.0912254963, 871.9913081302, 874.7320940041, 872.6336199743, 25.74605137264, 26.50381461233, 25.52560180463, 26.11086913542, 25.98414815733, -290.3721669451, -282.2314354695, -289.7296299031, -290.7383056236, -291.0593574037, -292.0725734446, 37.76848938184, 37.37952384864, 37.76091447405, 37.77517248419, 37.65420487157, 37.66481586449
32.55, 0.3136280395846, 0, 6, 0.7263560358815, 4.688533172277, 4.688910797439, 5.637563286909, 5.821713051852, 3.679715485356, 2.530334850863, 482.2123806533, 483.3473664863, 483.0188101353, 484.0724334912, 11.62586795975, 99.99043667733, 100, 99.99306160484, 875.0250195063, 891.9579154308, 874.7184393713, 872.6207300216, 875.3622606251, 873.2660165998, 25.87124707929, 26.59786670656, 25.65014011523, 26.20557329243, 26.10942228018, -290.0774373368, -281.8994562636, -289.4353557983, -290.4486591958, -290.7637486095, -291.7815499016, 37.76381550415, 37.37533191274, 37.756176074, 37.76971966322, 37.6505815292, 37.66005928203
32.575, 0.2999494996771, 0, 6, 0.7058095154998, 4.633144751052, 4.63349708237, 5.582272545263, 5.786248573756, 3.618925966334, 2.498674450056, 482.5821498073, 483.7181310733, 483.3903659547, 484.4446919813, 11.08554093755, 99.99189462047, 100, 99.99427516604, 875.6531649022, 892.5689750354, 875.3450044045, 873.2493734238, 875.9915943626, 873.8974538639, 25.98865958774, 26.6843388442, 25.76658078556, 26.29272775926, 26.22696212346, -289.7811730585, -281.5682217691, -289.139450925, -290.1570889534, -290.4666023503, -291.4887020549, 37.75946662751, 37.371369632, 37.75161262165, 37.76455881724, 37.64733454008, 37.65584224189
32.6, 0.2857083276734, 0, 6, 0.6888138376122, 4.568384607158, 4.568715463205, 5.518815689012, 5.740442770845, 3.548256513253, 2.460775421006, 482.9519861471, 484.0889329748, 483.7618804524, 484.8169011554, 10.55236570007, 99.99324851126, 100, 99.99540945784, 876.2806046736, 893.1803032436, 875.9709417954, 873.877264483, 876.6201296647, 874.5279686111, 26.09877970664, 26.7639334419, 25.87582785382, 26.37305413653, 26.33651154987, -289.4834455364, -281.237650546, -288.8419862511, -289.8636831858, -290.1679847156, -291.1941139295, 37.75543748563, 37.36765068014, 37.74722957972, 37.75962744722, 37.64445689824, 37.65208175057
32.625, 0.2713552929353, 0, 6, 0.6737529377336, 4.494674843191, 4.494986259698, 5.446379920573, 5.684252336237, 3.468932155508, 2.415539811457, 483.3218846545, 484.4597742293, 484.1333585161, 485.1890669062, 10.02516069407, 99.99454072897, 100, 99.99648204219, 876.9073756089, 893.7918554703, 876.5962716884, 874.5044338067, 877.2479034945, 875.1576058482, 26.20219229075, 26.83828529223, 25.97862903796, 26.44766077098, 26.43852863061, -289.184317693, -280.9076331074, -288.5430340228, -289.5685376278, -289.8679602246, -290.8978721453, 37.75170821863, 37.36418833199, 37.74303152472, 37.75488778718, 37.64192938424, 37.6487029617
32.65, 0.256924158286, 0, 6, 0.6592670239809, 4.413340230556, 4.413632981975, 5.366201688255, 5.619625534668, 3.382866870177, 2.363830393618, 483.6918424333, 484.8306508419, 484.5048035298, 485.5611927351, 9.503466442148, 99.99578010504, 100, 99.99749877845, 877.5335132014, 894.403617863, 877.2210200393, 875.1309147893, 877.8749518914, 875.7864089881, 26.29927677425, 26.9071028324, 26.07523935557, 26.5166559213, 26.53355210574, -288.8838520683, -280.5781253245, -288.2426683352, -289.27174396, -289.5665980647, -290.6000605041, 37.74825495295, 37.36098714025, 37.73901512041, 37.75032598985, 37.6397233534, 37.64565617714
32.675, 0.2427743379164, 0, 6, 0.6446886793829, 4.325839613757, 4.326113988752, 5.279421293108, 5.548730476897, 3.291089896901, 2.305189007618, 484.0618564383, 485.2015598919, 484.8762170533, 485.93328001, 8.987173951699, 99.99696588308, 100, 99.99847092962, 878.1590498058, 895.0155912745, 877.8452146958, 875.7567417094, 878.5013113808, 876.4144198092, 26.39031455372, 26.97107983874, 26.16579557281, 26.58187319117, 26.62229835759, -288.5821140545, -280.2491148868, -287.9409647295, -288.9733908942, -289.2639695294, -290.3007618186, 37.74505516122, 37.35803902717, 37.73516527683, 37.74594080613, 37.63780613801, 37.642918343
32.7, 0.229205843545, 0, 6, 0.6300594919329, 4.233319735821, 4.233576173695, 5.187020724015, 5.473081010567, 3.195161804983, 2.240087956883, 484.4319244334, 485.5725000096, 485.2475981315, 486.3053289861, 8.476526035365, 99.99808554782, 100, 99.9993995429, 878.7840151477, 895.6277915363, 878.4688862303, 876.3819484555, 879.1270162647, 877.0416764695, 26.47548171447, 27.03026698902, 26.25038231192, 26.64315300989, 26.70522373796, -288.2791732212, -279.9206213246, -287.6379989809, -288.6735623356, -288.9601484096, -290.0000568254, 37.74208921506, 37.35532426075, 37.73145982909, 37.74173424072, 37.63614712569, 37.64048099636
32.725, 0.2160790403637, 0, 6, 0.6158658708501, 4.136486511744, 4.136725901222, 5.0896297839, 5.393454998339, 3.096033947639, 2.169377876148, 484.8020453916, 485.943470773, 485.6189462871, 486.677339309, 7.971891289534, 99.9991408516, 100, 100.0002957328, 879.4084368932, 896.2402396257, 879.0920661367, 877.0065674727, 879.7520987142, 877.6682140762, 26.55491014186, 27.0838852909, 26.32910806232, 26.69894571701, 26.78257251137, -287.9751005983, -279.5926756456, -287.3338448483, -288.372337437, -288.6552077352, -289.6980232422, 37.7393397923, 37.3528161558, 37.72787536124, 37.73770499912, 37.63471964285, 37.63834058077
32.75, 0.2033293647185, 0, 6, 0.6027052139444, 4.035655629604, 4.035879289363, 4.987718755687, 5.309939897938, 2.993743484804, 2.093751607171, 485.1722180457, 486.3144722858, 485.9902614451, 487.0493107554, 7.473637434348, 100.0001364844, 100, 100.0011664651, 880.0323424337, 896.8529561916, 879.7147851655, 877.6306300459, 880.3765912583, 878.2940661419, 26.62872448076, 27.13201498118, 26.40214536568, 26.74933719455, 26.85443731519, -287.6699672188, -279.2653089083, -287.0285743595, -288.0697921951, -288.3492180047, -289.3947363309, 37.73678988136, 37.35048588178, 37.72439031881, 37.73384293779, 37.63350041263, 37.63648790322
32.775, 0.1909614419568, 0, 6, 0.5910273395616, 3.930910597513, 3.931120073628, 4.881573160809, 5.222239716583, 2.888153322584, 2.013607775867, 485.5424410711, 486.68550456, 486.3615437969, 487.4212435335, 6.982037160327, 100.0010766342, 100, 100.0020111507, 880.6557598553, 897.4659573158, 880.3370731658, 878.2541667446, 881.0005261966, 878.9192660253, 26.69707023713, 27.1747951775, 26.46971497764, 26.79445296348, 26.92086503718, -287.3638423686, -278.9385438021, -286.7222573124, -287.7660008903, -288.0422470383, -289.0902693614, 37.7344208055, 37.3483058172, 37.72098565595, 37.7301296215, 37.63246826729, 37.63490504296
32.8, 0.1789935066801, 0, 6, 0.5810466870903, 3.822294335293, 3.822491184887, 4.77141281565, 5.130108970626, 2.779146803681, 1.929159668342, 485.9127129949, 487.0565671839, 486.7327938931, 487.7931382262, 6.497266337816, 100.0019649924, 100, 100.0028258647, 881.2787178413, 898.0792543951, 880.9589588467, 878.8772076825, 881.6239354896, 879.5438472886, 26.76011377499, 27.21241906021, 26.53203901017, 26.83446422944, 26.98193165906, -287.05679223, -278.6123945039, -286.4149610166, -287.4610362925, -287.7343596877, -288.7846933988, 37.73221175351, 37.346250958, 37.71764494727, 37.72654298362, 37.6316025571, 37.63356730062
32.825, 0.1673514792387, 0, 6, 0.5727803391361, 3.709937001117, 3.710122650346, 4.657487976872, 5.033458082012, 2.666745969935, 1.840558890814, 486.2830320355, 487.4276594995, 487.1040125131, 488.1649955505, 6.019451852725, 100.0028093241, 100, 100.003611497, 881.9012451393, 898.692856281, 881.5804699071, 879.4997825653, 882.2468505063, 880.1678434084, 26.81802852111, 27.24509774394, 26.58922397799, 26.86955707649, 27.03776629671, -286.7488794596, -278.2868709621, -286.106750254, -287.1549692679, -287.4256180169, -288.4780770035, 37.73014051204, 37.34429893764, 37.71435377587, 37.72306116958, 37.63088234001, 37.6324468175
32.85, 0.1560036398334, 0, 6, 0.5661356107836, 3.594065228, 3.594240914949, 4.539313646711, 4.932539268679, 2.551160451211, 1.747924416133, 486.6533939144, 487.7987810598, 487.4752008936, 488.5368163501, 5.548619192117, 100.0036332594, 100, 100.0043869132, 882.5233701485, 899.3067669596, 882.2016317583, 880.1219208343, 882.8693027527, 880.7912883053, 26.87101199391, 27.27502962207, 26.64150169099, 26.90079821657, 27.0885702968, -286.4401635599, -277.9619741916, -285.7976881042, -286.8478695172, -287.1160811536, -288.1704869815, 37.72818469284, 37.34242947816, 37.71109875075, 37.71966401037, 37.63028650886, 37.63151613403
32.875, 0.145145743334, 0, 6, 0.5609896855029, 3.474978328688, 3.475145105988, 4.418032257854, 4.827791691718, 2.432619274676, 1.651431947639, 487.0237976624, 488.169930715, 487.8463601019, 488.9086015721, 5.08473219089, 100.0044438811, 100, 100.0051566884, 883.1451205168, 899.9209874229, 882.8224711648, 880.7436515382, 883.4913221735, 881.414215768, 26.91927291231, 27.30064402676, 26.6891130944, 26.92766596828, 27.1345900934, -286.130701303, -277.637699792, -285.4878341689, -286.5398050466, -286.8058063422, -287.8619881249, 37.72632281248, 37.34062383975, 37.70786685342, 37.71633493228, 37.62979457249, 37.63075013087
32.9, 0.1345964827648, 0, 6, 0.5572427013444, 3.35303737089, 3.353196139721, 4.293993742315, 4.719695014779, 2.311372027681, 1.551387816127, 487.3942416565, 488.5411072707, 488.2174912719, 489.2803519366, 4.627795519296, 100.0052406047, 100, 100.0059195371, 883.7665227112, 900.535520171, 883.4430131882, 881.365002786, 884.1129379178, 882.0366581563, 26.96299975354, 27.32199609436, 26.73222076453, 26.9502574579, 27.1759958884, -285.8205468784, -277.3140471614, -285.1772460615, -286.230840643, -286.4948483794, -287.5526422302, 37.72453493326, 37.33886437536, 37.70464557596, 37.71305986239, 37.62938634401, 37.63012613221
32.925, 0.1242707984892, 0, 6, 0.5548231566998, 3.228565876104, 3.228717413755, 4.167549744464, 4.608610043384, 2.187286085594, 1.448067026233, 487.764723809, 488.9123094323, 488.5885956542, 489.6520717226, 4.177750314562, 100.0059770358, 100, 100.0066289684, 884.3876022226, 901.1503643963, 884.0632813827, 881.9860018729, 884.7341791151, 882.6586474336, 27.00239550069, 27.33980346846, 26.77101315084, 26.96992592726, 27.21299840957, -285.5097528487, -276.9910102157, -284.865979715, -285.9210396911, -286.1832597076, -287.2425096432, 37.72280265559, 37.33713437128, 37.70142262863, 37.70982529737, 37.62904257998, 37.62962459351
32.95, 0.1144592503637, 0, 6, 0.5536765175793, 3.101820955922, 3.101965931608, 4.039002153065, 4.494777421238, 2.060910911832, 1.341566558107, 488.1352419059, 489.2835358337, 488.9596740587, 490.0237666377, 3.734346618015, 100.0066640996, 100, 100.0072963287, 885.0083834656, 901.7655101164, 884.6832980058, 882.6066752838, 885.3550732816, 883.2802158469, 27.03771281642, 27.35411481534, 26.80573935065, 26.98636247111, 27.24600304934, -285.1983698713, -276.6685660382, -284.5540887971, -285.6104652638, -285.871090755, -286.931649866, 37.72110894677, 37.33541809803, 37.69818584685, 37.70661763734, 37.62874532469, 37.62922616555
32.975, 0.1050891963756, 0, 6, 0.5537496753646, 2.97307837009, 2.973217354162, 3.908586029524, 4.378488442645, 1.932613504722, 1.232167010481, 488.5057938962, 489.6547853129, 489.3307276626, 490.3954382312, 3.297342414584, 100.0073098671, 100, 100.007929117, 885.6288898075, 902.3809475015, 885.3030845151, 883.2270484477, 885.9756467557, 883.9013942252, 27.06919257781, 27.36486959362, 26.83664198809, 26.99918062495, 27.27526325847, -284.8864459444, -276.3466925134, -284.2416243154, -285.299177325, -285.5583894888, -286.6201194397, 37.71943798261, 37.33370099974, 37.69492430486, 37.70342414268, 37.62847722283, 37.6289109147
33, 0.09613926338363, 0, 6, 0.5549842163557, 2.842632803158, 2.842766272129, 3.776599230001, 4.260055568932, 1.802661108261, 1.120191683377, 488.8763778452, 490.0260571617, 489.7017576367, 490.7670876565, 2.866620778425, 100.0079205991, 100, 100.0085330253, 886.2491439475, 902.9966722198, 885.9226619712, 883.84714585, 886.5959251225, 884.5222114647, 27.09703171279, 27.37233902396, 26.86392529121, 27.00865326555, 27.30098608596, -284.5740272024, -276.0253787709, -283.9286353742, -284.9872322014, -285.2452021558, -286.3079717867, 37.71777495906, 37.33196964025, 37.69162828682, 37.70023275124, 37.62822137701, 37.62865947693
33.025, 0.08761875064038, 0, 6, 0.5573162903718, 2.710776055906, 2.710904396255, 3.6433404525, 4.139779974596, 1.671356963493, 1.005966080987, 489.2469920303, 490.3973512447, 490.0727649539, 491.138715799, 2.442179797621, 100.0085016103, 100, 100.0091129091, 886.8691679876, 903.6126850176, 886.5420511067, 884.4669910676, 887.2159329719, 885.1426946635, 27.12138700933, 27.37694261361, 26.88775711104, 27.01519298421, 27.32333884583, -284.2611581202, -275.7046242691, -283.61516921, -284.6746828376, -284.9315735384, -285.9952574515, 37.71610595928, 37.33021156389, 37.68828862542, 37.69703182561, 37.62796165873, 37.62845333309
33.05, 0.07953008944834, 0, 6, 0.5606781230452, 2.577787308138, 2.577910820254, 3.509088434113, 4.017941433394, 1.538994119541, 0.8898054619402, 489.6176349874, 490.76866803, 490.4437504164, 491.5103233588, 2.024077740483, 100.0090564549, 100, 100.009671974, 887.4889832583, 904.2289892478, 887.1612721374, 885.0866066994, 887.8356937425, 885.7628694001, 27.14239083635, 27.37899382306, 26.90828174116, 27.01910930151, 27.34246400844, -283.9478812711, -275.3844338933, -283.3012709151, -284.3615791673, -284.6175466622, -285.6820242923, 37.7144178565, 37.32841516455, 37.68489668526, 37.69381021095, 37.62768274187, 37.62827480348
33.075, 0.0718777098214, 0, 6, 0.5649999608508, 2.443932854188, 2.444051756954, 3.37410495604, 3.894789674052, 1.405848403018, 0.7720124821621, 489.9883053438, 491.1400086794, 490.8147147809, 491.8819109409, 1.612384436277, 100.0095866934, 100, 100.0102115424, 888.1086101393, 904.8455886597, 887.7803443706, 885.7060143015, 888.4552297874, 886.3827599717, 27.16016492591, 27.37883979326, 26.92563184027, 27.02074751965, 27.35849235408, -283.63423708, -275.0648136181, -282.98698331, -284.0479684421, -284.3031624208, -285.3683176464, 37.71269825703, 37.32656958955, 37.68144448266, 37.69055738054, 37.6273700609, 37.62810699239
33.1, 0.06465422099995, 0, 6, 0.5702118981525, 2.309470812952, 2.309585249039, 3.238638017629, 3.770529635181, 1.272177536919, 0.652881004289, 490.3590019169, 491.5113750879, 491.185658723, 492.2534791242, 1.207151004603, 100.0100930759, 100, 100.0107322253, 888.7280679238, 905.4624860169, 888.3992861985, 886.3252343379, 889.074562169, 887.0023895305, 27.17482886896, 27.37655062444, 26.9399364195, 27.02018118518, 27.37155127967, -283.3202636464, -274.7457678086, -282.6723467438, -283.7338954317, -283.9884594706, -285.054180429, 37.7109354726, 37.32466467678, 37.67792473193, 37.68726358065, 37.62700980599, 37.6279337368
33.125, 0.05780809549186, 0, 6, 0.5762453038265, 2.174648805166, 2.174758846438, 3.102832559885, 3.645315087932, 1.138190835199, 0.5326976104579, 490.7297236847, 491.8827693292, 491.5565828225, 492.625028476, 0.8084284170554, 100.0105809763, 100, 100.011239333, 889.3473748968, 906.079683962, 889.0181151525, 886.9442862207, 889.6937107035, 887.6217799913, 27.186494537, 27.37205755704, 26.95131516341, 27.01725445854, 27.38175916733, -283.0059969194, -274.4273008679, -282.3573992651, -283.4194023465, -283.6734744111, -284.7396531287, 37.70911850422, 37.32269090945, 37.6743307643, 37.68391985761, 37.62658900496, 37.6277396549
33.15, 0.0513408590041, 0, 6, 0.5830329247918, 2.039701038417, 2.039806690895, 2.966696566262, 3.519337672516, 1.004142970667, 0.411742948264, 491.1004696865, 492.2541915385, 491.9274877156, 492.9965594826, 0.416339951088, 100.0110734912, 100, 100.0117559013, 889.9665487192, 906.6971884001, 889.6368478614, 887.5631885393, 890.3126945913, 888.2409518058, 27.19524616571, 27.36618142138, 26.95985710896, 27.01237774659, 27.38920587528, -282.691471299, -274.1094236611, -282.0421774032, -283.1045285898, -283.3582422155, -284.4247737995, 37.70723702966, 37.32063940134, 37.67065666118, 37.68051798633, 37.6260953935, 37.62751019888
33.175, 0.04516084749381, 0, 6, 0.5905083245427, 1.904848021935, 1.904949230298, 2.830751498831, 3.392988468252, 0.8702077898175, 0.2902898554158, 491.4712400417, 492.6256368802, 492.2983736896, 493.3680725289, 0.03107229588264, 100.0116014553, 100, 100.0123128764, 890.5856065148, 907.3150082433, 890.255501751, 888.1819591488, 890.9315316876, 888.8599241348, 27.20114344237, 27.35794045855, 26.96562059306, 27.00510738791, 27.3939557057, -282.3767195738, -273.792152656, -281.7267153105, -282.7893108305, -283.04279663, -284.1095780918, 37.70528140307, 37.3185019087, 37.66689708982, 37.67705030382, 37.62551761526, 37.62723162623
33.2, 0.03911474290321, 0, 6, 0.5986080166176, 1.770280688527, 1.770377340322, 2.695159241545, 3.266787856194, 0.73654562531, 0.1685749176515, 491.842034445, 492.9970960907, 492.6692410654, 493.7395677361, -0.3471374535149, 100.0121784639, 100, 100.012924097, 891.204565047, 907.9331547536, 890.8740934381, 888.8006153386, 891.5502394766, 889.4787151511, 27.20422672528, 27.3473218394, 26.96863983646, 26.99543089697, 27.39605142389, -282.0617734056, -273.4755087916, -281.411046025, -282.4737836185, -282.7271701158, -283.7940998173, 37.70324265218, 37.31627078192, 37.66304717384, 37.67350941682, 37.62484511563, 37.62689111797
33.225, 0.03311920150934, 0, 6, 0.6072738099422, 1.636138126837, 1.636230055769, 2.560070990768, 3.141087905314, 0.6032859387271, 0.04676416083976, 492.2128526097, 493.3685607022, 493.0400899382, 494.1110449605, -0.7180854238481, 100.0127895845, 100, 100.0135749057, 891.8234407692, 908.5516375773, 891.4926390224, 889.4191740433, 892.1688351391, 890.0973428621, 27.20454407674, 27.3343442493, 26.96895728415, 26.98337220695, 27.39553918431, -281.7466638629, -273.1595100898, -281.095201751, -282.1579809268, -282.411394246, -283.4783721887, 37.701112501, 37.31393893888, 37.65910245063, 37.66988815663, 37.62406830429, 37.62647696194
33.25, 0.02719877487673, 0, 6, 0.6164546201146, 1.502525468535, 1.502612458536, 2.42561510555, 3.015966570625, 0.470598436699, -0.07501928824167, 492.5836940371, 493.7400273075, 493.4109181228, 494.4825040686, -1.081674836216, 100.0134198545, 100, 100.0142505586, 892.4422496667, 909.1704612413, 892.1111537791, 890.0376519303, 892.7873356419, 890.715825669, 27.20217355361, 27.31900795389, 26.96664644016, 26.96891308412, 27.39248930088, -281.4314214342, -272.8441651288, -280.7792140716, -281.8419371877, -282.0954996895, -283.1624285771, 37.69888341107, 37.31149987658, 37.6550590464, 37.66618022297, 37.62317838519, 37.62597830497
33.275, 0.02144911727168, 0, 6, 0.6261041253226, 1.369585799985, 1.369667592104, 2.291926516655, 2.891445684236, 0.338811767885, -0.196608951252, 492.9545579615, 494.11149672, 493.7817252894, 494.8539452145, -1.437948759141, 100.0139958311, 100, 100.014877717, 893.0610067157, 909.7896235758, 892.7296517476, 890.6560650885, 893.4057573583, 891.3341822328, 27.19723150742, 27.3012149238, 26.96181832083, 26.9518842224, 27.3870069769, -281.1160751797, -272.5294701603, -280.4631134938, -281.5256871653, -281.7795157147, -282.8463022504, 37.69654863765, 37.30894778871, 37.65091419343, 37.6623809542, 37.62216657426, 37.62538451082
33.3, 0.01561897077725, 0, 6, 0.6361788329505, 1.237517886955, 1.237594186951, 2.15924342404, 2.767642720831, 0.207640298996, -0.3178686175536, 493.3254432212, 494.4829708927, 494.1525219767, 495.2253685449, -1.786951174976, 100.0145397089, 100, 100.0154784287, 893.6797262079, 910.4091219631, 893.3481463227, 891.2744290662, 894.024116446, 891.9524306025, 27.18983156675, 27.28109365117, 26.95457935261, 26.93259125785, 27.37912198591, -280.8006535552, -272.2154215351, -280.1469302279, -281.2092651532, -281.4634711482, -282.5300260636, 37.69410216828, 37.3062775431, 37.64666632632, 37.65848714592, 37.62102498459, 37.62468516632
33.325, 0.009864444084806, 0, 6, 0.6466305938936, 1.106514008868, 1.106584489729, 2.027737254113, 2.644699804056, 0.07756295088884, -0.4385347613821, 493.6963492301, 494.8544515906, 494.5233039279, 495.5967742316, -2.128682369388, 100.0150533949, 100, 100.0160547474, 894.298422941, 911.0289559338, 893.9666519267, 891.8927597701, 894.6424287094, 892.5705889805, 27.18007605035, 27.25801271365, 26.94502752032, 26.91028735117, 27.36899263692, -280.4851853525, -271.9020194313, -279.830694481, -280.8927052558, -281.1473955107, -282.213632854, 37.69153861655, 37.30348471525, 37.64231399932, 37.65449567436, 37.6197466458, 37.62387093116
33.35, 0.004181064200448, 0, 6, 0.6574064953989, 0.976797424986, 0.9768617327091, 1.897626139961, 2.522843802334, -0.05122794439261, -0.558346455212, 494.067275183, 495.2259399723, 494.894070329, 495.9681626294, -2.463023631483, 100.0155315184, 100, 100.0166011152, 894.9171117442, 911.6491303287, 894.5851829334, 892.5110729187, 895.2607102281, 893.1886745494, 27.16803103217, 27.23216377527, 26.93322578442, 26.88517151069, 27.35669087999, -280.1696994871, -271.5892746878, -279.5144367732, -280.5760403207, -280.8313185532, -281.8971546738, 37.68885321702, 37.30056559018, 37.63785658588, 37.65040403272, 37.61832475293, 37.62293231786
33.375, -0.001408854407934, 0, 6, 0.6684497446873, 0.848621945988, 0.8486797067502, 1.769189426965, 2.402356850186, -0.1784565820936, -0.6770199532225, 494.438220547, 495.5974369542, 495.2648210688, 496.3395338082, -2.789682819516, 100.015976443, 100, 100.0171195953, 895.5358076497, 912.269657846, 895.2037544568, 893.129384122, 895.878976833, 893.8067032394, 27.15371171939, 27.2038349677, 26.919187288, 26.85753022547, 27.34222720894, -279.8542251896, -271.2772136302, -279.1981878277, -280.2593015085, -280.5152707716, -281.5806225311, 37.68604182907, 37.29751714635, 37.63329432269, 37.64621043631, 37.61675315857, 37.621860527
33.4, -0.006887875012556, 0, 6, 0.6797030635442, 0.7222532528798, 0.7223040806637, 1.642709352925, 2.283535509712, -0.3038380860006, -0.7942659236979, 494.809185042, 495.9689433332, 495.6355559591, 496.7108876002, -3.108256472025, 100.0163907193, 100, 100.0176125208, 896.1545257154, 912.8905562021, 895.8223820284, 893.7477088007, 896.4972440251, 894.4246900582, 27.13710013104, 27.17328237864, 26.90289340948, 26.82761727791, 27.32558367024, -279.5387916927, -270.9658725347, -278.8819782128, -279.9425186183, -280.1992829399, -281.2640665093, 37.68310099208, 37.29433703863, 37.62862795991, 37.64191370662, 37.61502647936, 37.62064777122
33.425, -0.01224795414599, 0, 6, 0.6911119182807, 0.5979507034159, 0.5979942073952, 1.518450155607, 2.166664485375, -0.4271044205277, -0.9098073729419, 495.1801685186, 496.3404597887, 496.0062747489, 497.0822237182, -3.418299938889, 100.0167760825, 100, 100.0180814482, 896.7732808179, 913.5118449074, 896.4410811589, 894.3660620941, 897.1155269491, 895.0426494456, 27.11816488265, 27.1407148929, 26.88431301549, 26.79564056745, 27.30673073333, -279.2234278996, -270.6552913878, -278.5658380181, -279.6257204891, -279.8833855732, -280.9475159361, 37.68002794368, 37.29102354947, 37.6238586148, 37.63751319107, 37.61314013263, 37.61928730706
33.45, -0.01750307402223, 0, 6, 0.7026258453576, 0.4759536587188, 0.4759894498031, 1.396638252898, 2.052000818557, -0.5480232726088, -1.023390849432, 495.5511708932, 496.7119868494, 496.3769771523, 497.453541866, -3.719382797093, 100.017133267, 100, 100.0185269197, 897.3920875122, 914.1335427192, 897.0598670775, 894.9844588074, 897.7338403248, 895.6605955701, 27.09687684372, 27.10617835138, 26.86341726717, 26.76164459497, 27.2856403396, -278.9081621537, -270.3455089537, -278.2497966124, -279.3089353612, -279.5676085788, -280.630999558, 37.67682060636, 37.28757554902, 37.61898773005, 37.6330086974, 37.61109036446, 37.61777337272
33.475, -0.02267048422308, 0, 6, 0.7141981700654, 0.3564731508903, 0.356500847254, 1.277470441787, 1.939767029554, -0.6663967639563, -1.134792086987, 495.9221919978, 497.0835248828, 496.7476629419, 497.8248418079, -4.011114290626, 100.0174621163, 100, 100.0189485343, 898.0109600151, 914.7556664704, 897.6787545246, 895.602913428, 898.3521985754, 896.2785425068, 27.07321648551, 27.06970046042, 26.84018613681, 26.72565838001, 27.26229160729, -278.5930222234, -270.0365605115, -277.9338826744, -278.9921911329, -279.2519811075, -280.3145457063, 37.6734775545, 37.2839924695, 37.61401707056, 37.62840044002, 37.60887422627, 37.61610109764
33.5, -0.0277657310138, 0, 6, 0.7257850617732, 0.2396928960545, 0.2397121281906, 1.161116040099, 1.830155087643, -0.7820498277183, -1.243813102771, 496.2932314666, 497.4550741041, 497.1183319726, 498.1961234047, -4.293151900556, 100.0177621386, 100, 100.0193454901, 898.6299122245, 915.3782306746, 898.2977577254, 896.2214401645, 898.9706158864, 896.8965043328, 27.04717659808, 27.03131825509, 26.81461051351, 26.68771887843, 27.23667295523, -278.2780353419, -269.7284770927, -277.6181242688, -278.6755155271, -278.9365315776, -279.9981824259, 37.66999797156, 37.28027428414, 37.60894876865, 37.62368905261, 37.60648948742, 37.61426637312
33.525, -0.03280278133949, 0, 6, 0.7373445930111, 0.1257765752764, 0.1257869911613, 1.047721110239, 1.723335597143, -0.8948215126413, -1.350274813787, 496.6642882551, 497.8266345967, 497.4889841843, 498.5673866367, -4.565201276612, 100.0180353147, 100, 100.0197193971, 899.2489577502, 916.0012475382, 898.9168904359, 896.8400529935, 899.5891062455, 897.5144951752, 27.01876249089, 26.99107179938, 26.78669218369, 26.647863266, 27.20878258099, -277.9632282453, -269.4212854834, -277.3025489238, -278.3589361785, -278.62128775, -279.6819375553, 37.66638160729, 37.27642148598, 37.60378534972, 37.61887563765, 37.60393453922, 37.61226572631
33.55, -0.03770023698457, 0, 6, 0.7488363854189, 0.01487851436665, 0.01487978520147, 0.9376053095503, 1.61946913234, -1.004560767103, -1.454007264492, 497.0353578359, 498.1982063559, 497.8596195956, 498.9386316269, -4.827013398735, 100.0182951009, 100, 100.0200832948, 899.8681099572, 916.6247271476, 899.5361660809, 897.458765721, 900.2076834715, 898.1325292611, 26.98799144418, 26.94888440305, 26.75644376707, 26.6060763492, 27.17862902819, -277.648627129, -269.1150084513, -276.9871835917, -278.0424806219, -278.306276756, -279.3658387161, 37.66262873542, 37.27243505463, 37.59852980439, 37.61396180537, 37.60120832373, 37.61009623581
33.575, -0.04254455791861, 0, 6, 0.7602238608659, -0.09282477693477, -0.09283294847429, 0.8308086612291, 1.518722819182, -1.111114263805, -1.554831640193, 497.4064431486, 498.5697890492, 498.2302384656, 499.3098587392, -5.078500480809, 100.0184709784, 100, 100.0203663185, 900.4873811455, 917.2486720064, 900.1555964545, 898.0775914728, 900.8263609687, 898.7506211719, 26.9549255866, 26.90493974708, 26.72392325886, 26.56250030593, 27.14626596411, -277.3342566289, -268.8096544912, -276.6720541149, -277.7261768034, -277.9915239736, -279.0499134354, 37.65874009945, 37.26831635722, 37.5931858202, 37.60894991777, 37.59831007908, 37.60775530582
33.6, -0.04740822308637, 0, 6, 0.7714719069032, -0.1971740574136, -0.197191932546, 0.7272797971024, 1.42123920166, -1.214296996638, -1.652592439749, 497.7775513078, 498.9413821348, 498.6008410911, 499.6810684937, -5.319607984755, 100.0186187061, 100, 100.0206237246, 901.1067833817, 917.8730829106, 900.7751930014, 898.6965431468, 901.4451519106, 899.3687854195, 26.91963374361, 26.85941415018, 26.68919434901, 26.51723735349, 27.11175304393, -277.0201412226, -268.5052292187, -276.3571861071, -277.4100526972, -277.677054513, -278.73418921, 37.6547169135, 37.26406719675, 37.58775663205, 37.60384267268, 37.59523966109, 37.60524100674
33.625, -0.05217817585237, 0, 6, 0.7825459873115, -0.2980467614904, -0.2980745628835, 0.6273550352054, 1.327134671859, -1.313982565827, -1.747163630009, 498.1486773324, 499.3129854358, 498.9714277023, 500.0522615358, -5.550198806034, 100.0187374858, 100, 100.0208541087, 901.7263292469, 918.4979645897, 901.3949679632, 899.3156339047, 902.0640695742, 899.9870362706, 26.88216214241, 26.81222088157, 26.65229906046, 26.47027596197, 27.07512831832, -276.7063058887, -268.2017455361, -276.0426052829, -277.0941356473, -277.3628939652, -278.4186931814, 37.6505608298, 37.25968979987, 37.58224588769, 37.59864268708, 37.59199784054, 37.60255240587
33.65, -0.05685945458701, 0, 6, 0.7934134045706, -0.3953130900146, -0.3953509958956, 0.5311471638745, 1.236533381838, -1.410041447005, -1.838412833946, 498.5198192774, 499.6845986319, 499.3419986275, 500.4234387055, -5.770197708751, 100.0188193147, 100, 100.021048975, 902.346030797, 919.1233188318, 902.0149328283, 899.9348765215, 902.6831269551, 900.6053879736, 26.84257328674, 26.76343563831, 26.61329437708, 26.4216881095, 27.03644537557, -276.3927748273, -267.899210883, -275.7283367655, -276.7784529298, -277.0490670697, -278.1034522447, 37.64627392061, 37.25518677389, 37.57665786718, 37.59335318973, 37.58858556111, 37.59968889385
33.675, -0.06144910605079, 0, 6, 0.804044818057, -0.4888343371135, -0.488882475678, 0.4387827202002, 1.14956343268, -1.502335179459, -1.926204198017, 498.8909761677, 500.0562212963, 499.712554257, 500.7946010788, -5.979573288389, 100.0188617557, 100, 100.0212054232, 902.9658996398, 919.7491453557, 902.6350985421, 900.5542834311, 903.3023367499, 901.2238546871, 26.8009405831, 26.71313162332, 26.57224839852, 26.37154724856, 26.99576899808, -276.0795715435, -267.5976288223, -275.4144050778, -276.4630316159, -276.7355978494, -277.7884929739, 37.64185863509, 37.25056103306, 37.5709969575, 37.58797792299, 37.58500404978, 37.59665023342
33.7, -0.06593759781074, 0, 6, 0.8144152265851, -0.5784722051097, -0.5785306505086, 0.3503897523613, 1.066346283307, -1.590727602457, -2.010411416245, 499.2621471684, 500.4278529571, 500.0830950271, 501.1657500212, -6.178323056225, 100.0188632481, 100, 100.0213214214, 903.5859470011, 920.3754425175, 903.2554756034, 901.1738667379, 903.9217113567, 901.842450402, 26.75734405615, 26.66138210753, 26.52923716678, 26.31992834742, 26.95317191733, -275.7667189587, -267.2970003583, -275.1008341842, -276.1478984598, -276.4225096888, -277.4738415518, 37.63731775513, 37.24581573517, 37.56526760803, 37.58252091076, 37.58125495534, 37.59343672294
33.725, -0.07030033050411, 0, 6, 0.8245037179993, -0.6640976712858, -0.6641664412598, 0.2660817904608, 0.9869915856261, -1.674950346761, -2.090927327702, 499.6333315353, 500.7994931296, 500.4536212574, 501.5368872224, -6.366462311178, 100.0188232857, 100, 100.0213959897, 904.2061837538, 921.002207825, 903.8760742173, 901.7936381986, 904.5412626011, 902.461188844, 26.71186695022, 26.60808875085, 26.48434111075, 26.26650757239, 26.90873113863, -275.4542394568, -266.9973249261, -274.7876474308, -275.8330797643, -276.109825481, -277.1595236712, 37.63265436182, 37.24095425443, 37.55947430474, 37.57698632862, 37.57734036337, 37.59004923091
33.75, -0.07453159935689, 0, 6, 0.8342925250427, -0.7455946199525, -0.7456736745439, 0.1859459067629, 0.9116306250026, -1.754950059734, -2.167664644335, 500.0045284915, 501.1711413699, 500.8241335521, 501.90801462, -6.543993695937, 100.0187441263, 100, 100.0214308475, 904.8266204779, 921.6294393405, 904.4969042058, 902.4136092069, 905.1610022098, 903.08008324, 26.66458638491, 26.5533663761, 26.43766002747, 26.21143073164, 26.86251792819, -275.1421549607, -266.6986030992, -274.4748676675, -275.5186010489, -275.7975674704, -276.8455643102, 37.62787180325, 37.23598016983, 37.55362155121, 37.57137847551, 37.57326279014, 37.58648913666
33.775, -0.07858928012192, 0, 6, 0.8437658753882, -0.8228555639394, -0.8229448043119, 0.1101111410442, 0.84038759865, -1.830720204042, -2.240541087365, 500.3757374114, 501.5427973179, 501.1946323774, 502.2791339975, -6.710829593362, 100.0186258767, 100, 100.0214256328, 905.4472676188, 922.2571391645, 905.1179755154, 903.0337908262, 905.7809415931, 903.6991458121, 26.61555083127, 26.49739153905, 26.3892508314, 26.1550950786, 26.81457512596, -274.830487237, -266.4008435333, -274.1625174063, -275.2044864271, -275.4857577707, -276.5319873717, 37.62297363707, 37.23089723168, 37.54771398449, 37.56570203448, 37.56902496925, 37.58275820655
33.8, -0.08251114995998, 0, 6, 0.8529107026925, -0.8957830971919, -0.8958823654098, 0.03866405466211, 0.7733296567993, -1.902165548537, -2.309474375439, 500.7469579236, 501.9144608841, 501.5651178301, 502.650246278, -6.86681180325, 100.0184737829, 100, 100.0213853312, 906.0681353577, 922.8853125134, 905.7392981654, 903.6541936804, 906.4010913989, 904.3183878312, 26.5647861674, 26.44017601136, 26.339098078, 26.09751393063, 26.76492289468, -274.5192576395, -266.1040612232, -273.8506185328, -274.8907586149, -275.1744182696, -276.2188155991, 37.61796359787, 37.22570931575, 37.54175622604, 37.55996138954, 37.56462985062, 37.57885857095
33.825, -0.08630962344208, 0, 6, 0.8617165132219, -0.964307540123, -0.9644166216182, -0.02833892711905, 0.7105294844701, -1.969223959019, -2.374376033567, 501.1181897066, 502.2861320819, 501.9355900198, 503.0213506911, -7.011786544092, 100.0182988913, 100, 100.0213205347, 906.6892335812, 923.5139643875, 906.360881817, 904.2748280306, 907.0214619187, 904.9378201872, 26.51231727734, 26.38175419669, 26.28722684954, 26.03872346243, 26.71357987022, -274.2084869458, -265.8082707761, -273.5391922284, -274.577439583, -274.8635701192, -275.9060709801, 37.61284556866, 37.2204204003, 37.53575270208, 37.55416070357, 37.56008079495, 37.57479289177
33.85, -0.0900117811281, 0, 6, 0.8701762762792, -1.02838913678, -1.028507764201, -0.09086820658283, 0.6520281324537, -2.03185954443, -2.435127609437, 501.489432464, 502.6578108944, 502.3060491205, 503.3924442719, -7.145622390586, 100.0181126016, 100, 100.0212422387, 907.3105718953, 924.1430987942, 906.9827357416, 904.8957038388, 907.6420631463, 905.5574535588, 26.45817340536, 26.32216464938, 26.23366422274, 25.9787637282, 26.66056803616, -273.8981953479, -265.5134847942, -273.2282589739, -274.26455076, -274.5532336917, -275.5937748893, 37.60762356877, 37.21503453777, 37.52970766707, 37.54830420735, 37.55538148126, 37.57056435866
33.875, -0.09364805562538, 0, 6, 0.8782869781028, -1.088015102722, -1.088142960541, -0.14891605407, 0.5978347250072, -2.090057780563, -2.491609340813, 501.8606858665, 503.0294971668, 502.6764954142, 503.7635226535, -7.268236725506, 100.0179199192, 100, 100.0211551038, 907.9321595932, 924.7727175612, 907.6048687077, 905.5168307957, 908.2629048485, 906.1772986275, 26.40239625291, 26.26145649483, 26.17844800703, 25.9176853883, 26.60592107295, -273.5884024422, -265.2197115074, -272.9178385991, -273.9521133765, -274.2434285401, -275.2819483376, 37.60230172986, 37.20955582056, 37.52362526, 37.54239617391, 37.55053576264, 37.56617659751
33.9, -0.09723285961282, 0, 6, 0.8860490523208, -1.143193513088, -1.143330242186, -0.2024903108695, 0.5479287985659, -2.14381971738, -2.543751877691, 502.2319494639, 503.4011905161, 503.0469293244, 504.1345818522, -7.379624096959, 100.017716545, 100, 100.0210545402, 908.5540055909, 925.4028190468, 908.2272888291, 906.1382183185, 908.8839966101, 906.7973662775, 26.34504857922, 26.19969568126, 26.12163600766, 25.85555612835, 26.54969334155, -273.2791272193, -264.9269522435, -272.6079503512, -273.6401488507, -273.9341733698, -274.9706122576, 37.59688425004, 37.20398834701, 37.51750950671, 37.53644088706, 37.54554760223, 37.56163349326
33.925, -0.1007553659222, 0, 6, 0.8934655117992, -1.193941816409, -1.194087017665, -0.2516041432103, 0.5022726374498, -2.1931526108, -2.591556784736, 502.603222619, 503.7728903208, 503.4173514215, 504.5056198098, -7.479869525229, 100.0174922183, 100, 100.0209300607, 909.1761183524, 926.0333975339, 908.8500034679, 906.7598755174, 909.5053478279, 907.4176676554, 26.28621814483, 26.13696653138, 26.06331058147, 25.79246238373, 26.49196343982, -272.9703880238, -264.6352002413, -272.2986129337, -273.3286789712, -273.6254860369, -274.6597876481, 37.5913753446, 37.19833618876, 37.51136435295, 37.53044266141, 37.54042098616, 37.55693892289
33.95, -0.1041813844953, 0, 6, 0.9005413394695, -1.240271472707, -1.240424708903, -0.296263788893, 0.4608298554365, -2.238046851, -2.635069731471, 502.9745045056, 504.1445957964, 503.7877623943, 504.8766367419, -7.569140153116, 100.0172373365, 100, 100.0207718419, 909.7985058286, 926.6644436259, 909.4730192398, 907.3818111427, 910.1269676482, 908.0382140607, 26.22601502906, 26.0733639721, 26.00357675202, 25.7284968806, 26.43283233984, -272.6622024626, -264.3444413885, -271.9898444709, -273.0177257681, -273.3173835534, -274.3494954811, 37.58577920593, 37.19260336109, 37.50519371665, 37.52440589611, 37.53515981456, 37.55209662677
33.975, -0.1074833064927, 0, 6, 0.9072832889942, -1.28217570751, -1.282336503792, -0.3364592448385, 0.4235793935972, -2.278500259519, -2.674334867705, 503.345794154, 504.5163060991, 504.158163028, 505.2476344102, -7.647663881522, 100.0169474164, 100, 100.0205752136, 910.4211754217, 927.2959452526, 910.0963420752, 908.0040335258, 910.7488649023, 908.6590167415, 26.16456489906, 26.00900077324, 25.94255642038, 25.66377987774, 26.37241861166, -272.3545872794, -264.0546561125, -271.681662406, -272.7073111632, -273.0098820565, -274.0397564292, 37.58009997599, 37.18679379732, 37.4990015032, 37.51833509364, 37.5297678413, 37.54711025892
34, -0.1106331468796, 0, 6, 0.9137001132426, -1.319630319573, -1.319798164114, -0.3721658257904, 0.390515183916, -2.314489420562, -2.709371048512, 503.7170905373, 504.8880204141, 504.5285541579, 505.6186151467, -7.715698041366, 100.0166234335, 100, 100.0203410195, 911.0441340284, 927.9278891187, 910.7199773775, 908.6265505553, 911.3710480247, 909.2800866535, 26.10199949614, 25.94398620439, 25.88037961348, 25.59842503637, 26.31084944806, -272.0475583563, -263.7658221643, -271.3740834395, -272.3974565695, -272.7029968614, -273.7305905712, 37.57434172685, 37.18091132449, 37.49279151719, 37.51223476084, 37.5242487344, 37.54198346
34.025, -0.1136092438586, 0, 6, 0.9198027040705, -1.352603305296, -1.352777651257, -0.4033550935956, 0.3616377675029, -2.345985727618, -2.740176793883, 504.0883926402, 505.2597379998, 504.898936635, 505.9895812368, -7.773506404343, 100.0162700521, 100, 100.0200738491, 911.6673880855, 928.5602617643, 911.3439301229, 909.2493696537, 911.9935250023, 909.9014342778, 26.03844963902, 25.87842678879, 25.81717770939, 25.53254264213, 26.2482537263, -271.7411307342, -263.4779166635, -271.0671234647, -272.0881825729, -272.3967424708, -273.4220171484, 37.56850844032, 37.17495964131, 37.48656734824, 37.50610925575, 37.51860611256, 37.5367199618
34.05, -0.1163957658972, 0, 6, 0.9256041463409, -1.381067037347, -1.381247306512, -0.4300054004614, 0.3369446698514, -2.372966673238, -2.766745228781, 504.4596995009, 505.6314581952, 505.269311305, 506.3605346905, -7.821345919568, 100.0158937043, 100, 100.0197801139, 912.2909436002, 929.193050171, 911.9682049101, 909.8724977562, 912.61630333, 910.5230694988, 25.97404107922, 25.81242460056, 25.7530787705, 25.46623827213, 26.18475717774, -271.4353186295, -263.1909172797, -270.7607975033, -271.7795087179, -272.0911325536, -273.1140543932, 37.5626039837, 37.16894229475, 37.48033229549, 37.49996266789, 37.51284357309, 37.53132364041
34.075, -0.1189818577651, 0, 6, 0.9311195729204, -1.405007539172, -1.405193126867, -0.4521093456396, 0.3164242228607, -2.395423035898, -2.789075430706, 504.8310102331, 506.003180411, 505.639678994, 506.7314772119, -7.859460047812, 100.0155012563, 100, 100.0194667104, 912.9148061607, 929.8262420612, 912.5928059764, 910.49594129, 913.2393899745, 911.1450015288, 25.90889234144, 25.74607643261, 25.68820449358, 25.39961172531, 26.12047917426, -271.1301354348, -262.9048028293, -270.4551196495, -271.4714533724, -271.786179913, -272.8067194178, 37.55663208353, 37.16286265845, 37.47408933968, 37.4937987605, 37.5069646808, 37.52579849817
34.1, -0.1213612300423, 0, 6, 0.9363658784843, -1.424428114965, -1.42461839546, -0.4696760631859, 0.300054168112, -2.413361327976, -2.807176711196, 505.2023240336, 506.3749041173, 506.0100405013, 507.1024102366, -7.888076598921, 100.0150992133, 100, 100.0191402217, 913.5389809283, 930.4598259882, 913.2177371906, 911.1197061565, 913.8627913475, 911.767238866, 25.8431139326, 25.67947376505, 25.6226685688, 25.33275693088, 26.05553100948, -270.8255936913, -262.6195534719, -270.1501030226, -271.1640336491, -271.4818964479, -272.5000281472, 37.55059629907, 37.15672391288, 37.46784115522, 37.48762097223, 37.5009729188, 37.52014859123
34.125, -0.1235890618329, 0, 6, 0.9413602191114, -1.439350722999, -1.43954505454, -0.4827367478025, 0.2878017423859, -2.426945141127, -2.821070313454, 505.5736401696, 506.7466288319, 506.3803966236, 507.4733349749, -7.907405117453, 100.0146875117, 100, 100.0187990526, 914.1634726377, 931.0937914352, 913.8430020355, 911.7437977206, 914.4865133259, 912.3897892559, 25.77680740143, 25.61274147673, 25.55657484656, 25.2658224565, 25.99001416644, -270.521705092, -262.3351509524, -269.8457597724, -270.8572653622, -271.178293079, -272.1939952899, 37.54450001526, 37.15052906904, 37.46159029005, 37.48143244246, 37.49487291054, 37.51437794759
34.15, -0.1257350250665, 0, 6, 0.9460141998686, -1.449993396955, -1.450191106737, -0.491380443535, 0.279484609804, -2.437330338309, -2.830965577927, 505.9449580955, 507.1183542332, 506.7507482619, 507.8442522743, -7.917537661202, 100.014244343, 100, 100.0184017214, 914.7882870215, 931.7281330031, 914.4686044893, 912.3682211524, 915.1105614423, 913.0126592653, 25.71003711286, 25.54610199285, 25.48997657143, 25.19901557586, 25.92398040832, -270.218482178, -262.0515875978, -269.5421020448, -270.551162953, -270.875379162, -271.8886345617, 37.53834806873, 37.14428476378, 37.45534537661, 37.47523456534, 37.48870532674, 37.50849149479
34.175, -0.1275511659019, 0, 6, 0.9498386455031, -1.457161829665, -1.457362127197, -0.4961713415532, 0.274484861363, -2.445631150203, -2.837639048215, 506.3162778383, 507.4900803427, 507.1210959474, 508.2151626955, -7.918430821497, 100.0137724044, 100, 100.0179419774, 915.4134337827, 932.36285113, 915.0945497694, 912.9929819894, 915.7349408163, 913.6358545838, 25.64282786576, 25.47937854629, 25.42286263325, 25.13192891798, 25.85740939957, -269.915939843, -261.7688679647, -269.2391421375, -270.2457398073, -270.5731643491, -271.5839589199, 37.53215152946, 37.13801207691, 37.44912261088, 37.46902233812, 37.48253574089, 37.50249784523
34.2, -0.1290563869043, 0, 6, 0.9521881577091, -1.461752806037, -1.461954730282, -0.498164220679, 0.2722182116577, -2.452236867027, -2.841852279752, 506.6875992266, 507.861807033, 507.4914400835, 508.5860672954, -7.91018932829, 100.0132807953, 100, 100.0174375488, 916.0389227, 932.997939893, 915.7208412386, 913.6180851189, 916.3596561613, 914.2593809505, 25.57524279348, 25.41256107314, 25.35523979053, 25.06458972958, 25.79029479294, -269.6140905717, -261.4869832261, -268.9368900971, -269.9410084342, -270.2716586965, -271.2799800944, 37.52592443644, 37.13173823836, 37.44293022334, 37.46279132812, 37.47638282767, 37.49640512188
34.225, -0.1303956899724, 0, 6, 0.9526725941633, -1.464295467003, -1.464497948536, -0.4982594124384, 0.2725545398008, -2.457101135564, -2.844156350171, 507.0589216064, 508.233533722, 507.8617811461, 508.9569670204, -7.893122182942, 100.0127667954, 100, 100.0168875288, 916.6647597301, 933.633384647, 916.3474798888, 914.2435341945, 916.9847111966, 914.8832443797, 25.50739810625, 25.34556976885, 25.28713823384, 24.99703047546, 25.72281308669, -269.3129429048, -261.2059060781, -268.6353534191, -269.6369805924, -269.9708700133, -270.9767082526, 37.51967922779, 37.12548365866, 37.43676879544, 37.45654734458, 37.47024356026, 37.49023091365
34.25, -0.1314515991362, 0, 6, 0.9515436774756, -1.465444728157, -1.465646888649, -0.4973111723183, 0.2748362779389, -2.460443274911, -2.846137963427, 507.4302436369, 508.6052592263, 508.2321198833, 509.3278618373, -7.867680900579, 100.0122412843, 100, 100.0163139031, 917.2909464015, 934.2691647678, 916.9744647105, 914.8693316836, 917.6101089557, 915.5074514924, 25.43944704269, 25.27858993136, 25.21863085164, 24.92951564336, 25.65546868155, -269.0125063094, -260.9255962789, -268.334538659, -269.3336683533, -269.6708037753, -270.6741522329, 37.51343078653, 37.11925823809, 37.430632423, 37.45031007431, 37.46411662199, 37.48403167118
34.275, -0.132097193025, 0, 6, 0.9495938691536, -1.46607884117, -1.466280261079, -0.4962335244619, 0.2777654062415, -2.462869342939, -2.848827378682, 507.8015636701, 508.9769822156, 508.6024570838, 509.6987528344, -7.834346166703, 100.0117152546, 100, 100.0157444086, 917.9174808814, 934.9052586562, 917.6017936547, 915.4954785358, 918.2358515496, 916.132007537, 25.37154545823, 25.21180416697, 25.14992181481, 24.86226742382, 25.58847400963, -268.7127914149, -260.6460108275, -268.0344512071, -269.0310830736, -269.3714635028, -270.3723207136, 37.5071969048, 37.11306389092, 37.42451168719, 37.44409934513, 37.4580038723, 37.47785272762
34.3, -0.1323653233797, 0, 6, 0.9475914042358, -1.466761205229, -1.466961869838, -0.495517953185, 0.2803216604797, -2.464833643833, -2.852144702455, 508.1728803462, 509.3487017101, 508.9727934279, 510.0696417777, -7.793508337203, 100.0111939876, 100, 100.0151901338, 918.5443599045, 935.5416488343, 918.2294644976, 916.1219743023, 918.8619399363, 916.7569154077, 25.30381588407, 25.14536135859, 25.08128407659, 24.79545516622, 25.52175091607, -268.4138053123, -260.3671147759, -267.7350943195, -268.729232979, -269.0728508999, -270.0712204887, 37.50099182465, 37.10689941874, 37.41840309608, 37.43792534502, 37.45190489662, 37.4717101957
34.325, -0.1323673430511, 0, 6, 0.9459559226454, -1.46755130881, -1.467751389037, -0.4951430264278, 0.282115548391, -2.466411169408, -2.855406562688, 508.5441928617, 509.720417242, 509.343129437, 510.4405302588, -7.74542340962, 100.0106783282, 100, 100.0146504462, 919.1715803561, 936.1783237396, 918.8574752495, 916.7488177026, 919.4883740522, 917.3821759599, 25.23633576403, 25.07936413404, 25.01296229017, 24.72919287654, 25.455147794, -268.1155499443, -260.0888852496, -267.436469105, -268.4281224693, -268.7749661959, -269.7708554423, 37.49482270399, 37.10076350342, 37.41230904712, 37.43178825116, 37.44581731369, 37.46559936893
34.35, -0.1322070078686, 0, 6, 0.9447348657894, -1.468185033684, -1.468384683866, -0.494834131705, 0.2832636239258, -2.467425186876, -2.857903611218, 508.9155008995, 510.0921287651, 509.7134655112, 510.8114193271, -7.690238879704, 100.0101675748, 100, 100.0141206214, 919.7991400883, 936.8152765319, 919.4858241659, 917.3760071846, 920.1151531479, 918.0077888114, 25.16914700157, 25.0138707544, 24.94511836318, 24.66354146034, 25.38857213361, -267.818023517, -259.8113091487, -267.1385751601, -268.1277529744, -268.4778085924, -269.471226899, 37.48868974591, 37.09465534418, 37.40623276366, 37.42568155058, 37.43973913251, 37.45950688541
34.375, -0.1319440976209, 0, 6, 0.9437498417598, -1.468360032402, -1.468559290183, -0.4943304680787, 0.2840926605643, -2.467677157145, -2.859265166729, 509.2868044073, 510.4638364304, 510.0838020035, 511.1823095137, -7.628055080289, 100.0096619615, 100, 100.0135974601, 920.4270379114, 937.4525024289, 920.1145095453, 918.0035412286, 920.742276102, 918.6337531245, 25.1022753981, 24.94891982726, 24.87782526325, 24.59853346452, 25.32203377411, -267.5212227729, -259.5343776198, -266.8414112308, -267.8281243049, -268.1813765923, -269.172334539, 37.48258842465, 37.08857397186, 37.40017523441, 37.41959627993, 37.4336696115, 37.45342058179
34.4, -0.1315968258833, 0, 6, 0.9427743742028, -1.467922501796, -1.468121288558, -0.4935124487971, 0.2848998805937, -2.467101433198, -2.859526054509, 509.6581033794, 510.8355403644, 510.4541392878, 511.5532010494, -7.558983552424, 100.0091636439, 100, 100.0130815199, 921.0552730423, 938.0899962191, 920.7435294683, 918.6314183717, 921.3697415923, 919.2600680716, 25.03574835098, 24.88455506737, 24.81109180815, 24.53419927806, 25.25562617773, -267.2251445723, -259.2580807733, -266.5449755827, -267.529235706, -267.8856681025, -268.8741772397, 37.47651225431, 37.08251745457, 37.39413494259, 37.4135246547, 37.42760896296, 37.44733418848
34.425, -0.1311596409154, 0, 6, 0.9416558834767, -1.4669017128, -1.467099890146, -0.4923954287588, 0.2858461505306, -2.465794436084, -2.858987074509, 510.0293977207, 511.2072405376, 510.8244777965, 511.9240940997, -7.483181274805, 100.0086763178, 100, 100.0125765485, 921.6838444381, 938.7277508332, 921.3728815934, 919.2596370614, 921.9975481321, 919.8867329573, 24.96960485923, 24.82083704059, 24.74489881876, 24.47058166704, 25.18948258753, -266.9297863462, -258.9824045734, -266.2492660638, -267.2310863493, -267.5906803797, -268.5767535636, 37.47045502031, 37.07648266834, 37.38810906437, 37.4074620793, 37.42155773526, 37.44124736932
34.45, -0.130619352424, 0, 6, 0.940356996166, -1.465443662697, -1.465641097117, -0.491055307506, 0.2869577775891, -2.463956782775, -2.858019220314, 510.4006872056, 511.5789367369, 511.1948180282, 512.2949889122, -7.400857879487, 100.008204153, 100, 100.0120875279, 922.3127503499, 939.3657570682, 922.0025630728, 919.8881954783, 922.6256940353, 920.5137471238, 24.90389738612, 24.75784202258, 24.67923074923, 24.40773761961, 25.12373637883, -266.6351457571, -258.7073301705, -265.9542800019, -266.9336753604, -267.2964099442, -268.2800618853, 37.464412006, 37.07046567698, 37.38209495637, 37.40140734663, 37.41551638723, 37.43516334295
34.475, -0.1299643118718, 0, 6, 0.9389334784386, -1.463719506417, -1.46391611178, -0.4895651141911, 0.2881803103784, -2.461811364053, -2.856919735369, 510.7719715021, 511.9506286137, 511.5651605318, 512.6658858582, -7.312264180445, 100.007750759, 100, 100.0116189018, 922.9419882137, 940.0040040954, 922.6325705669, 920.5170914182, 923.2541773654, 921.1411097815, 24.83868828416, 24.69565303353, 24.61409427678, 24.34573227771, 25.05849934364, -266.3412200961, -258.4328349308, -265.6600140708, -266.6370016039, -267.0028525393, -267.9841002831, 37.45838027914, 37.06446244944, 37.37609074315, 37.39536156907, 37.40948525317, 37.42908623254
34.5, -0.129188279007, 0, 6, 0.9374840101197, -1.46186134914, -1.462057098965, -0.4879629369086, 0.2894322623167, -2.459540454561, -2.855856861846, 511.1432502256, 512.3223157517, 511.9355058809, 513.0367854018, -7.217673896658, 100.0073185979, 100, 100.0111734174, 923.5715548007, 940.642480239, 923.2629003263, 921.1463222499, 923.8829959017, 921.7688198649, 24.77404435344, 24.63434986098, 24.54952503023, 24.28463115265, 24.99385757045, -266.0480058063, -258.1588940904, -265.3664642051, -266.3410634296, -266.7100031612, -267.6888663476, 37.4523583917, 37.05846956433, 37.37009541416, 37.3893265147, 37.40346458879, 37.42301933497
34.525, -0.128288915495, 0, 6, 0.9361019321128, -1.459941687153, -1.460136603769, -0.4862484096319, 0.2906431508365, -2.45726045633, -2.854886624145, 511.5145229895, 512.6939977264, 512.305854651, 513.4076880426, -7.117367922999, 100.0069088568, 100, 100.010751858, 924.2014464742, 941.2811736352, 923.8935482883, 921.7758849502, 924.5121471279, 922.3968759523, 24.71003225594, 24.57400437418, 24.48558053774, 24.22449603584, 24.92987785694, -265.7554982803, -257.8854821837, -265.0736255814, -266.0458584821, -266.417856122, -267.3943570213, 37.44634586475, 37.05248466723, 37.36410876164, 37.3833035623, 37.39745471353, 37.41696452446
34.55, -0.1272651200396, 0, 6, 0.9348461025189, -1.457985233638, -1.458179366947, -0.4844028378824, 0.2917669993613, -2.455027193713, -2.854002104887, 511.8857894344, 513.0656741428, 512.6762074058, 513.7785942693, -7.011625797273, 100.0065217232, 100, 100.0103536225, 924.8316594086, 941.9200725813, 924.5245101369, 922.4057761621, 925.1416282358, 923.0252762474, 24.64671607156, 24.51468155148, 24.42232911524, 24.16538610756, 24.86661711378, -265.4636918826, -257.6125738219, -264.7814926363, -265.7513836109, -266.1264051028, -267.100568508, 37.44034273, 37.04650660366, 37.35813102258, 37.37729327816, 37.39145610027, 37.41092246346
34.575, -0.1261163463417, 0, 6, 0.9337337142561, -1.455994946156, -1.45618835319, -0.4824147742688, 0.292777057182, -2.452857803337, -2.853182958925, 512.2570492354, 513.4373446451, 513.0465646902, 514.14950454, -6.900724414623, 100.0061568118, 100, 100.0099774924, 925.4621896997, 942.5591655804, 925.1557813227, 923.0359922387, 925.771436128, 923.654018598, 24.58415694435, 24.45643706867, 24.35984093394, 24.10735489088, 24.80412998044, -265.1725800841, -257.3401438139, -264.4900590889, -265.4576348637, -265.8356431759, -266.8074962469, 37.43434922701, 37.04053526594, 37.35216250265, 37.37129542292, 37.38546935288, 37.40489315757
34.6, -0.1248420723966, 0, 6, 0.9327489355192, -1.453975047952, -1.454167779333, -0.4802953606488, 0.2936545352862, -2.45075462937, -2.852425793086, 512.6283020929, 513.8090089078, 513.4169270326, 514.5204192834, -6.784940931229, 100.00581355, 100, 100.009622273, 926.0930333649, 943.1984412138, 925.7873570497, 923.6665292628, 926.40156742, 924.2831005242, 24.52241392226, 24.39932030861, 24.29818293406, 24.05045192704, 24.74247279504, -264.8821556036, -257.0681669049, -264.1993179573, -265.1646075185, -265.5455627895, -266.5151349255, 37.42836564867, 37.03457126779, 37.34620334868, 37.36530922843, 37.37949519183, 37.3988764699
34.625, -0.1234417969454, 0, 6, 0.9318582243331, -1.451942335136, -1.452134429516, -0.4780796515613, 0.2943799776016, -2.448719850451, -2.85175200789, 512.9995477171, 514.18066662, 513.7872949519, 514.8913389137, -6.664557319181, 100.0054914225, 100, 100.0092871592, 926.7241862694, 943.8378879489, 926.4192322457, 924.2973830444, 927.0320184417, 924.9125192434, 24.46154525664, 24.34338109584, 24.23741756042, 23.99472881044, 24.68170454387, -264.5924104897, -256.796617364, -263.9092615593, -264.8722961236, -265.2561557338, -266.2234785059, 37.42239228613, 37.02861558149, 37.340253486, 37.35933374824, 37.3735343139, 37.39287241325
34.65, -0.1219159271213, 0, 6, 0.9310249867169, -1.449925685039, -1.450117169562, -0.4758184632949, 0.2949302461265, -2.446760907955, -2.851200014898, 513.3707858145, 514.55231747, 514.1576689632, 515.2622638462, -6.53986435232, 100.0051900476, 100, 100.0089717893, 927.3556440279, 944.4774939736, 927.0514015363, 924.928549106, 927.662785232, 925.5422716852, 24.40160952761, 24.28866958923, 24.17760403699, 23.94023830036, 24.62188618323, -264.3033361343, -256.5254686211, -263.6198815023, -264.5806945261, -264.9674131038, -265.9325202468, 37.4164294143, 37.02266922678, 37.33431265675, 37.35336813217, 37.36758726268, 37.38688121336
34.675, -0.1202664639051, 0, 6, 0.9302193416019, -1.447959485622, -1.44815037953, -0.4735671901263, 0.2952794640077, -2.44489022697, -2.850812602951, 513.7420160829, 514.9239611369, 514.5280495779, 515.6331945074, -6.411163104352, 100.0049091235, 100, 100.0086760887, 927.9874019288, 945.1172471361, 927.6838592381, 925.5600226695, 928.293863535, 926.172354494, 24.34266606696, 24.23523256887, 24.11880034785, 23.88702976802, 24.5630793515, -264.0149232559, -256.2546931299, -263.3311686788, -264.2897958844, -264.6793252791, -265.6422527172, 37.41047728176, 37.01673306222, 37.32838049323, 37.34741175182, 37.36165438051, 37.38090323518
34.7, -0.1184960889558, 0, 6, 0.9294220816869, -1.446076696636, -1.44626701553, -0.4713757860536, 0.2954015263144, -2.443122075881, -2.850627057795, 514.1132382099, 515.2955972909, 514.8984373044, 516.0041313356, -6.278763531798, 100.0046483249, 100, 100.0084000465, 928.6194549033, 945.7571350039, 928.3165993691, 926.1917986538, 928.9252488037, 926.8027640231, 24.28477457558, 24.18311647323, 24.06106457288, 23.83515186593, 24.50534507499, -263.727161888, -255.9842624967, -263.043113278, -263.9995926675, -264.3918819299, -265.352667802, 37.40453609195, 37.0108076851, 37.32245658567, 37.3414641897, 37.35573582045, 37.37493887044
34.725, -0.116608180246, 0, 6, 0.9286241740442, -1.444304725296, -1.444494484609, -0.4692841269626, 0.2952724217187, -2.441470628057, -2.850670884047, 514.4844518797, 515.6672255978, 515.2688326429, 516.375074776, -6.142981424751, 100.0044072038, 100, 100.0081435198, 929.2517975332, 946.3971449882, 928.9496156753, 926.8238716815, 929.5569362047, 927.4334963254, 24.2279942927, 24.13236440463, 24.00445514333, 23.78464917652, 24.44874282601, -263.4400413832, -255.714147759, -262.7557048078, -263.7100766478, -264.1050720442, -265.0637567037, 37.39860597823, 37.00489341593, 37.31654052395, 37.33552515517, 37.3498315921, 37.36898844757
34.75, -0.1146054162724, 0, 6, 0.9278239381954, -1.442664666994, -1.442853884166, -0.4673214669348, 0.294871587844, -2.439947002262, -2.850962412711, 514.8556567803, 516.0388457271, 515.6392360783, 516.7460252738, -6.004134593555, 100.0041851309, 100, 100.007906119, 929.8844240848, 947.0372644974, 929.5829016637, 927.4562360942, 930.1889206251, 928.0645471448, 24.17238296323, 24.08301549106, 23.94903007192, 23.73556058734, 24.39332986405, -263.1535504389, -255.444319734, -262.4689321247, -263.421238894, -263.8188839681, -264.7755099444, 37.39268698271, 36.99899033423, 37.31063191542, 37.32959439097, 37.34394161498, 37.36305218826
34.775, -0.1124911874802, 0, 6, 0.9270237728765, -1.441172324558, -1.441361019992, -0.4655079133635, 0.2941826622159, -2.438562986514, -2.851513511064, 515.2268526068, 516.4104573569, 516.0096480791, 517.1169832691, -5.862540379665, 100.0039812936, 100, 100.0076871876, 930.5173285443, 947.6774810341, 930.2164506199, 928.0888859681, 930.8211966877, 928.6959119137, 24.11799618588, 24.03511363838, 23.89484597495, 23.68792983606, 24.33916109653, -262.867677121, -255.1747492487, -262.1827834598, -263.1330697699, -263.5333054346, -264.4879173688, 37.38677904761, 36.99309833622, 37.30473039354, 37.3236716152, 37.33806575454, 37.35713020168
34.8, -0.1102704453905, 0, 6, 0.9262275968972, -1.439840216646, -1.440028413871, -0.4638572289393, 0.2931932510129, -2.437333085361, -2.852332879844, 515.5980390693, 516.7820601788, 516.3800690906, 517.4879491948, -5.718513241803, 100.0037946785, 100, 100.0074857918, 931.1505046537, 948.3177822871, 930.8502556397, 928.7218151308, 931.4537587534, 929.3275857536, 24.06488677125, 23.98869570093, 23.84195685005, 23.64179420948, 24.2862888088, -262.5824089001, -254.9054073627, -261.8972464444, -262.845558938, -263.2483236047, -264.200968154, 37.38088202206, 36.98721719376, 37.29883561938, 37.31775650438, 37.33220385882, 37.35122250517
34.825, -0.1079476979693, 0, 6, 0.9254393391065, -1.438679731174, -1.438867456684, -0.4623804246403, 0.291894123013, -2.436269991263, -2.853428681018, 515.9692158979, 517.1536539037, 516.7504995274, 517.8589234752, -5.572361652273, 100.0036241268, 100, 100.0073008011, 931.7839459447, 948.9581562509, 931.4843096581, 929.3550171831, 932.0866009322, 929.9595634745, 24.01310394936, 23.9437928158, 23.79041280786, 23.59718363481, 24.23476204996, -262.2977327021, -254.6362656544, -261.6123081508, -262.5586953694, -262.9639251169, -263.9146508262, 37.37499568229, 36.98134660543, 37.2929472759, 37.31184870072, 37.32635576947, 37.34532906033
34.85, -0.105528179347, 0, 6, 0.9246623579803, -1.43770181791, -1.437889100855, -0.4610868954429, 0.2902789595134, -2.435386711228, -2.854808977883, 516.3403828445, 517.5252382643, 517.1209397699, 518.2299065281, -5.424386553507, 100.0034683736, 100, 100.0071309461, 932.4176457593, 949.5985912806, 932.1186054682, 929.9884855141, 932.719717096, 930.5918395809, 23.96269301267, 23.90043061877, 23.74025945148, 23.5541222299, 24.18462622794, -262.0136349433, -254.3672963664, -261.3279551231, -262.2724673605, -262.6800961245, -263.6289532808, 37.36911975844, 36.97548623516, 37.28706507397, 37.30594784296, 37.32052131549, 37.33944979487
34.875, -0.1030180428408, 0, 6, 0.9238993866787, -1.436916843155, -1.437103714997, -0.4599849348924, 0.2883441410523, -2.434695831667, -2.856481094046, 516.7115396854, 517.8968130179, 517.4913901598, 518.6008987703, -5.274880114591, 100.0033260795, 100, 100.0069748677, 933.0515972652, 950.239076134, 932.7531357415, 930.6222133179, 933.3531008883, 931.2244082808, 23.91369505216, 23.85862569401, 23.69153760004, 23.51262484521, 24.13592269044, -261.7301015628, -254.098472522, -261.0441734091, -261.9868625551, -262.3968223328, -263.343862808, 37.36325396157, 36.96963574037, 37.28118875806, 37.30005359563, 37.31470031123, 37.33358461413
34.9, -0.100424044625, 0, 6, 0.9231526502195, -1.436334144586, -1.436520638753, -0.4590818180419, 0.286088491824, -2.434208727277, -2.858450641925, 517.0826862204, 518.2683779485, 517.8618510002, 518.9719006229, -5.124124435145, 100.0031958559, 100, 100.0068311525, 933.685793472, 950.8796000163, 933.3878930446, 931.2561936101, 933.9867457429, 931.8572634965, 23.86614669318, 23.81839071405, 23.64428318536, 23.47270240644, 24.08868829113, -261.4471180598, -253.8297680477, -260.7609485993, -261.7018679728, -262.114089039, -263.0593661228, 37.35739800591, 36.96379479176, 37.27531810849, 37.29416566509, 37.30889255437, 37.32773340573
34.925, -0.09775347608146, 0, 6, 0.9224239598578, -1.435961619685, -1.436147771205, -0.4583837259277, 0.2835130113553, -2.433934898462, -2.860720648657, 517.4538222746, 518.6399328689, 518.2323225534, 519.3429125185, -4.97239039107, 100.0030762868, 100, 100.0066983601, 934.3202272485, 951.5201526184, 934.0228698604, 931.8904192461, 934.6206448991, 932.4903988777, 23.82007988478, 23.77973388547, 23.59852724947, 23.43436146193, 24.04295503921, -261.164669533, -253.5611578824, -260.4782658675, -261.4174700413, -261.8318811745, -262.7754493995, 37.35155162318, 36.95796308569, 37.26945294052, 37.28828380245, 37.30309782464, 37.3218960389
34.95, -0.09501383547108, 0, 6, 0.921714723711, -1.435805473398, -1.43599131852, -0.4578955130269, 0.2806206312243, -2.433881426802, -2.863290955745, 517.8249476976, 519.0114776227, 518.6028050416, 519.7139349084, -4.819936862644, 100.0029659513, 100, 100.0065750477, 934.9548913411, 952.1607241398, 934.6580586063, 932.5248829401, 935.2547914211, 933.1238078188, 23.7755218084, 23.74266102601, 23.55429602274, 23.39760638077, 23.99874992403, -260.8827407212, -253.2926180514, -260.1961100126, -261.1336546343, -261.5501833475, -262.4920983106, 37.34571456889, 36.95214035015, 37.2635931016, 37.28240779816, 37.29731588299, 37.31607236114
34.975, -0.09221276031746, 0, 6, 0.9210259030621, -1.435870132931, -1.436055708714, -0.457620697975, 0.2774159857736, -2.434052843013, -2.866157911025, 518.1960623636, 519.383012084, 518.9732986479, 520.0849682703, -4.667010696807, 100.0028634532, 100, 100.0064598012, 935.5897783911, 952.801305283, 935.2934516499, 933.1595772841, 935.8891782172, 933.7574834802, 23.73249500216, 23.70717635649, 23.51161114144, 23.36244018265, 23.95609501326, -260.6013160419, -253.0241256736, -259.9144654993, -260.850407117, -261.2689798804, -262.2092980688, 37.33988662205, 36.94632634544, 37.25773846705, 37.27653747368, 37.29154647099, 37.31026219444
35, -0.08935819130458, 0, 6, 0.9203579740573, -1.436158320093, -1.436343663993, -0.457561655817, 0.2739051318922, -2.434451335246, -2.869314326961, 518.5671661695, 519.7545361561, 519.3438035183, 520.4560131121, -4.513847520049, 100.0027674659, 100, 100.0063512803, 936.2248809515, 953.4418872131, 935.9290413213, 933.7944947663, 936.5237980594, 934.3914188164, 23.6910177317, 23.67328139197, 23.47049003906, 23.32886338764, 23.9150078435, -260.3203796275, -252.7556588898, -259.6333164956, -260.5677123968, -260.988254844, -261.9270334746, 37.33406758065, 36.94052086035, 37.2518889345, 37.27067267368, 37.28578931046, 37.30446533308
35.025, -0.08645840860194, 0, 6, 0.9197109390421, -1.436671258621, -1.436856408113, -0.4577197988256, 0.2700951713311, -2.435077078325, -2.872749678997, 518.938259032, 520.1260497688, 519.7143197657, 520.827069969, -4.360673285353, 100.0026768048, 100, 100.0062482914, 936.8601915028, 954.0824614905, 936.5648199226, 934.4296277898, 937.1586436044, 935.0256066075, 23.6511045756, 23.64097476749, 23.43094650285, 23.29687380037, 23.87550205182, -260.0399153598, -252.4871967241, -259.3526469091, -260.2855549819, -260.7079920877, -261.645288967, 37.32825725521, 36.93472370558, 37.246044418, 37.26481325993, 37.28004410335, 37.2986815443
35.05, -0.08352234515962, 0, 6, 0.9190843980025, -1.43740898838, -1.437593980654, -0.4580959795115, 0.2659937630535, -2.435928840702, -2.876450618692, 519.3093408849, 520.4975528741, 520.0848474732, 521.1981393826, -4.207706387423, 100.0025905399, 100, 100.0061499001, 937.4957024678, 954.7230199811, 937.2007797365, 935.064968692, 937.7937074149, 935.660039497, 23.61276717825, 23.61024839733, 23.39299137146, 23.26646254525, 23.8375881806, -259.7599069043, -252.2187188916, -259.072440423, -260.0039190454, -260.4281752685, -261.3640486798, 37.32245546203, 36.92893470556, 37.24020484198, 37.25895910741, 37.27431053253, 37.29291057097
35.075, -0.0805592049603, 0, 6, 0.9184776605622, -1.438370732525, -1.43855560427, -0.4586906781506, 0.2616085966493, -2.437004439817, -2.880402024922, 519.6804116741, 520.8690454416, 520.4553867021, 521.5692218505, -4.055159857577, 100.002508155, 100, 100.0060555892, 938.1314062295, 955.3635547663, 937.8369130335, 935.7005097658, 938.4289819862, 936.2947100306, 23.57601503264, 23.58108987216, 23.35663325816, 23.23761644789, 23.80127451143, -259.4803377467, -251.9502055986, -258.7926805347, -259.7227884935, -260.1487878806, -261.0832965005, 37.31666201731, 36.92315369037, 37.23437013628, 37.25311010167, 37.26858826288, 37.28715213532
35.1, -0.07757749994503, 0, 6, 0.9178898693894, -1.439555066562, -1.439739853826, -0.4595036554876, 0.2569471144776, -2.438300746097, -2.884588761934, 520.0514713538, 521.2405274538, 520.8259374992, 521.9403177366, -3.903243396464, 100.0024297315, 100, 100.0059654428, 938.767295149, 956.004058061, 938.4732120802, 936.3362432812, 939.0644597752, 936.9296106964, 23.5408562203, 23.55348530223, 23.32187924448, 23.21032093492, 23.7665678621, -259.2011912304, -251.6816373568, -258.5133505972, -259.4421470322, -259.8698132866, -260.8030161298, 37.31087673265, 36.9173804888, 37.22854023468, 37.24726613887, 37.26287694082, 37.28140594015
35.125, -0.07458397564256, 0, 6, 0.9173201155275, -1.440959626639, -1.441144364695, -0.4605333581883, 0.2520167814411, -2.439813406616, -2.888998146283, 520.4225198838, 521.6119989008, 521.1964999053, 522.3114271413, -3.752165031867, 100.0023560747, 100, 100.0058802714, 939.403361583, 956.6445221488, 939.10966915, 936.9721615078, 939.7001332268, 937.5647339606, 23.5072980294, 23.5274209354, 23.2887354827, 23.18456168642, 23.73347428193, -258.9224505891, -251.4129948301, -258.2344338562, -259.1619782283, -259.5912347477, -260.5231911353, 37.30509941199, 36.91161492286, 37.22271507689, 37.24142712945, 37.25717619152, 37.2756716646
35.15, -0.07158228845124, 0, 6, 0.9167675459594, -1.442580231424, -1.442764954566, -0.4617758149887, 0.2468261104042, -2.44153601579, -2.893622477031, 520.793557229, 521.9834597757, 521.567073962, 522.6825497577, -3.602131632633, 100.0022886404, 100, 100.0058015401, 940.0395978985, 957.2849393636, 939.7462765354, 937.608256732, 940.3359947957, 938.2000722921, 23.47534720889, 23.5028865685, 23.25720748668, 23.16032812379, 23.70199940863, -258.644098973, -251.1442587872, -257.9559134818, -258.882265549, -259.3130354512, -260.2438049896, 37.29932984996, 36.90585680385, 37.2168946138, 37.23559300506, 37.25148561372, 37.26994895425
35.175, -0.06857278974994, 0, 6, 0.9162314821303, -1.444409552448, -1.444594293674, -0.4632236181531, 0.2413863873391, -2.443459251636, -2.898460219216, 521.1645833635, 522.354910071, 521.9376597106, 523.0536847663, -3.453347322343, 100.0022291499, 100, 100.005730985, 940.6759964827, 957.9253021537, 940.3830265681, 938.2445212693, 940.9720369539, 938.8356181643, 23.44500956341, 23.47987200063, 23.22729982485, 23.13760981255, 23.67214816524, -258.366119468, -250.875410246, -257.6777725923, -258.6029923715, -259.0351985395, -259.9648410835, 37.29356783173, 36.90010592956, 37.21107881293, 37.22976372683, 37.24580477426, 37.26423740907
35.2, -0.06555333567237, 0, 6, 0.9157115667041, -1.446435878152, -1.446620668738, -0.4648652848971, 0.2357135726298, -2.445570267981, -2.90351458704, 521.5355982794, 522.7263497799, 522.3082571842, 523.4248308283, -3.306008699354, 100.0021789214, 100, 100.005669945, 941.3125497496, 958.5656032691, 941.0199116461, 938.8809474675, 941.6082521833, 939.4713640268, 23.41628857157, 23.45836455389, 23.19901488935, 23.11639391525, 23.64392343845, -258.0884951184, -250.6064309141, -257.3999942745, -258.324141952, -258.7577071456, -259.68628271, 37.28781313419, 36.89436208232, 37.20526766041, 37.22393929003, 37.24013320586, 37.25853657685
35.225, -0.06252105950401, 0, 6, 0.9152079314677, -1.448642661033, -1.448827530125, -0.4666852455829, 0.2298295992309, -2.447852661253, -2.908789378492, 521.9066019984, 523.097778904, 522.6788663902, 523.7959862144, -3.160296763565, 100.0021381251, 100, 100.0056186175, 941.9492501452, 959.2058360737, 941.6569242688, 939.5175277046, 942.2446329559, 940.1073022473, 23.38918302205, 23.43834685385, 23.17235069718, 23.09666292397, 23.61732369548, -257.8112089601, -250.3373039332, -257.1225616069, -258.0456973608, -258.4805444397, -259.4081130232, 37.28206552833, 36.88862502784, 37.19946115693, 37.21811972027, 37.23447041112, 37.25284595928
35.25, -0.05947373887935, 0, 6, 0.914721258368, -1.45100963751, -1.45119461189, -0.4686758083834, 0.2237629176646, -2.450177712117, -2.914282830968, 522.2775946394, 523.4691974699, 523.0494871412, 524.1671490544, -3.016365744919, 100.0021056311, 100, 100.0055759019, 942.5860901543, 959.8459949712, 942.2940571805, 940.1542543793, 942.8811714846, 940.7434250242, 23.36368367949, 23.41963926079, 23.1472976492, 23.07804759884, 23.59233950719, -257.5342440642, -250.0680149122, -256.8454576433, -257.76764138, -258.2036937796, -259.1303149685, 37.2763247823, 36.88289451725, 37.19365928342, 37.21230505558, 37.22881588571, 37.24716503408
35.275, -0.05643125967855, 0, 6, 0.9142526492233, -1.453515822429, -1.453700926612, -0.4708197142265, 0.2175475020272, -2.452633723766, -2.919981720291, 522.6485763139, 523.840605578, 523.420119438, 524.5383176216, -2.874316664134, 100.0020786441, 100, 100.0055390275, 943.2230623691, 960.4860764506, 942.9313032515, 940.7911199433, 943.5178602938, 941.3797242378, 23.33976571415, 23.40231588428, 23.12383093653, 23.06077714598, 23.56894570943, -257.2575837242, -249.7985543563, -256.5686656518, -257.4899563548, -257.9271386543, -258.8528712102, 37.2705906645, 36.87717029331, 37.18786202273, 37.20649531505, 37.22316914782, 37.24149328813
35.3, -0.05339322920086, 0, 6, 0.9138037270739, -1.456144874366, -1.456330131416, -0.4730930845033, 0.2112151563235, -2.455213893474, -2.925863205406, 523.0195472575, 524.2120034241, 523.7907630301, 524.9094905919, -2.734194419842, 100.0020527204, 100, 100.0055035876, 943.8601595272, 961.1260791694, 943.5686557422, 941.4281169286, 944.154691725, 942.0161914703, 23.31738839993, 23.3863413778, 23.10191009385, 23.04485195608, 23.54710089057, -256.9812115826, -249.5289179483, -256.292169123, -257.2126242821, -257.6508630142, -258.5757642205, 37.26486294514, 36.8714520908, 37.18206933765, 37.20069045725, 37.21752972555, 37.23583027359
35.325, -0.05036647823022, 0, 6, 0.9133765091215, -1.45888612705, -1.459071559479, -0.4754882188401, 0.2048044500406, -2.457909813368, -2.93189559286, 523.3905077588, 524.5833912757, 524.1614175407, 525.2806671953, -2.596006375778, 100.0020233162, 100, 100.0054650515, 944.49737447, 961.766003206, 944.2061081469, 942.0652379265, 944.7916580551, 942.6528181094, 23.29650041161, 23.37165163608, 23.08149294997, 23.0302077696, 23.52675242544, -256.70511155, -249.2591048474, -256.0159517313, -256.9356269474, -257.3748511156, -258.2989763631, 37.25914139328, 36.86573963631, 37.17628113706, 37.19489039541, 37.21189717308, 37.23017559611
35.35, -0.04735762313348, 0, 6, 0.9129723290769, -1.461732627533, -1.461918257511, -0.4780008981749, 0.198363327367, -2.460717795088, -2.938036805822, 523.7614581448, 524.9547694731, 524.5320824909, 525.6518471412, -2.459711606605, 100.0019862915, 100, 100.005419249, 945.1347001794, 962.4058504831, 944.8436542529, 942.7024756164, 945.4287515297, 943.2895952923, 23.27703657115, 23.35817426003, 23.06252894062, 23.01677236419, 23.50783327325, -256.4292678729, -248.9891186772, -255.7399974037, -256.6589458615, -257.0990876006, -258.0224898694, 37.25342576371, 36.86003265659, 37.17049731247, 37.18909515615, 37.20627107121, 37.22452886529
35.375, -0.04441648293142, 0, 6, 0.9125913268011, -1.464680966306, -1.464866815635, -0.4806305369666, 0.1918939022776, -2.463638201144, -2.944243595251, 524.132398784, 525.3261384878, 524.9027572753, 526.0230304098, -2.325216331433, 100.0019393268, 100, 100.0053639689, 945.7721298204, 963.0456249504, 945.4812881922, 943.3398227956, 946.0659643943, 943.9265139276, 23.25891719052, 23.34582482975, 23.0449108043, 23.0044616167, 23.49026151209, -256.1536652122, -248.7189679449, -255.4642903964, -256.3825623262, -256.8235575832, -257.7462868976, 37.24771579411, 36.85433088603, 37.16471776707, 37.18330456618, 37.20065100257, 37.21888966894
35.4, -0.04155909618893, 0, 6, 0.9122322561899, -1.467740651705, -1.467926742897, -0.4833865421635, 0.185405431188, -2.46668065437, -2.950495998479, 524.5033299199, 525.6974988374, 525.273441289, 526.3942171435, -2.192426055386, 100.0018823314, 100, 100.0052990815, 946.4096567578, 963.6853305373, 946.119004227, 943.9772724351, 946.7032890911, 944.5635651235, 23.24206367335, 23.3345550832, 23.02855958306, 22.99322756451, 23.47395615377, -255.878288635, -248.4486612448, -255.1888153278, -256.1064580373, -256.548246502, -257.4703499785, 37.24201120589, 36.84863407293, 37.15894232034, 37.17751821559, 37.19503664139, 37.21325766929
35.425, -0.03879117176066, 0, 6, 0.9118931842188, -1.470928682554, -1.471115039497, -0.4862820850537, 0.1788967447565, -2.469856353948, -2.956788563564, 524.8742514781, 526.0688510201, 525.644133989, 526.7654075389, -2.061262911447, 100.0018170769, 100, 100.0052263341, 947.0472745517, 964.3249704858, 946.756796694, 944.614817721, 947.3407183364, 945.2007403426, 23.22640369616, 23.32436609979, 23.01340076161, 22.98307110184, 23.45884210312, -255.6031235869, -248.1782056569, -254.9135572043, -255.8306152958, -256.2731400917, -257.194662183, 37.23631171416, 36.84294197448, 37.15317076817, 37.17173576142, 37.18942768394, 37.20763254468
35.45, -0.03612150814039, 0, 6, 0.911572444415, -1.474258773665, -1.474445421313, -0.4893391198013, 0.1723670125106, -2.473171246114, -2.963118209617, 525.2451627474, 526.4401954897, 526.0148348936, 527.1366017923, -1.931675337065, 100.0017471878, 100, 100.0051493488, 947.684976932, 964.9645469867, 947.394660012, 945.2524520642, 947.9782451167, 945.8380314831, 23.2118740851, 23.31524999785, 22.9993679557, 22.97397928626, 23.44485311595, -255.3281558173, -247.9076058501, -254.6385013958, -255.5550171055, -255.9982243696, -256.9192071948, 37.23061704056, 36.83725434845, 37.14740296847, 37.16595700709, 37.18382374409, 37.20201390451
35.475, -0.03357890635737, 0, 6, 0.911268804896, -1.477737624833, -1.477924588486, -0.4926171626869, 0.1658174660591, -2.476624587735, -2.969480750307, 525.6160624333, 526.8115326504, 526.3855435837, 527.5078000676, -1.803633565838, 100.001673782, 100, 100.0050692413, 948.3227578287, 965.6040613656, 948.0325887263, 945.8901691306, 948.6158627149, 946.4754308857, 23.19841962425, 23.30719940557, 22.98640267151, 22.9659243856, 23.43193094935, -255.0533714544, -247.6368644925, -254.3636337287, -255.2796472172, -255.7234857325, -256.6439693654, 37.22492692094, 36.83157095692, 37.14163878213, 37.16018187295, 37.17822438057, 37.19640128957
35.5, -0.03115984696484, 0, 6, 0.9109811768942, -1.481369961633, -1.481557266746, -0.4961172598613, 0.1592462342028, -2.480211855882, -2.975875606609, 525.9869517635, 527.1828628566, 526.7562596487, 527.8790024413, -1.677112415319, 100.0015836434, 100, 100.0049727668, 948.9606114167, 966.2435147086, 948.6705776094, 946.5279628529, 949.2535646934, 947.1129312421, 23.18598859572, 23.30017229331, 22.97445044584, 22.95886401549, 23.42002118644, -254.7787572788, -247.3659838572, -254.0889406952, -255.0044901922, -255.4489112238, -256.3689338178, 37.21924111281, 36.82589158039, 37.13587802153, 37.15441029042, 37.17262918721, 37.19079425972
35.525, -0.02879830252288, 0, 6, 0.9107087692708, -1.485150563227, -1.485338234276, -0.4996955604006, 0.1526576155848, -2.48393101405, -2.982295946642, 526.3578357567, 527.5541863795, 527.1269826574, 528.2502089295, -1.552111004926, 100.0014745746, 100, 100.004857694, 949.5985319842, 966.88290706, 949.3086215318, 947.1658273372, 949.8913448218, 947.7505256391, 23.17453846278, 23.29402722149, 22.96346697009, 22.95270683457, 23.40907934229, -254.5043004851, -247.0949640208, -253.8144092571, -254.7295314427, -255.174488319, -256.0940864311, 37.21355938614, 36.82021600413, 37.13012075979, 37.14864224379, 37.16703773906, 37.18519233563
35.55, -0.02650112174592, 0, 6, 0.9104511435052, -1.489047837566, -1.489235894862, -0.5033227149909, 0.1460767061892, -2.487761187608, -2.98871312014, 526.7287164545, 527.9255034218, 527.4977123454, 528.6214196417, -1.428687122513, 100.0013641714, 100, 100.0047416631, 950.2365138364, 967.5222362027, 949.946715166, 947.8037568349, 950.5291971894, 948.3882077409, 23.16404460861, 23.28874075142, 22.95342695736, 22.94743091749, 23.39907986042, -254.2299880881, -246.8237996448, -253.5400264545, -254.4547570862, -254.900204344, -255.8194136145, 37.20788150293, 36.81454399384, 37.12436729554, 37.14287792391, 37.16144942329, 37.17959481739
35.575, -0.02428859491279, 0, 6, 0.9102086367034, -1.49301783221, -1.493206290671, -0.5070166916067, 0.1395318171711, -2.491661926825, -2.9950955438, 527.0995926268, 528.2968141425, 527.8684486116, 528.9926347669, -1.306939918016, 100.0012581404, 100, 100.0046304393, 950.8745513903, 968.1614983597, 950.5848531349, 948.4417457875, 951.1671161916, 949.0259717151, 23.15449526782, 23.28434515503, 22.94431931102, 22.94304882589, 23.39001153667, -253.9558071348, -246.5524815574, -253.2657794996, -254.1801538768, -254.626046641, -255.54490228, 37.20220720616, 36.80887527832, 37.1186176489, 37.13711755158, 37.15586358639, 37.17400097178
35.6, -0.02215417865462, 0, 6, 0.9099827059665, -1.497025607404, -1.497214478176, -0.5107611034357, 0.1330379015253, -2.495598794287, -3.001426625149, 527.4704631306, 528.6681186436, 528.2391914054, 529.3638544734, -1.186983349555, 100.0011555787, 100, 100.0045231174, 951.5126392526, 968.8006891737, 951.2230301905, 949.0797888337, 951.8050964503, 949.6638120663, 23.14588428475, 23.28084011918, 22.93613958049, 22.93955497262, 23.38187002526, -253.6817450874, -246.2809992244, -252.9916559886, -253.90570918, -254.3520028867, -255.2705398798, 37.19653621992, 36.80320954632, 37.11287162483, 37.13136116154, 37.15027972045, 37.16841026634
35.625, -0.02008582351192, 0, 6, 0.9097751659187, -1.501049399185, -1.501238691464, -0.5145340019952, 0.1265995939607, -2.499549513416, -3.007701270856, 527.8413274138, 529.0394169823, 528.6099406899, 529.7350788856, -1.068934252292, 100.0010556103, 100, 100.0044187903, 952.1507722322, 969.4398041598, 951.8612412459, 949.717880799, 952.4431327824, 950.3017235374, 23.13820765842, 23.2782142266, 22.92888538738, 22.93693748679, 23.37465309879, -253.4077898851, -246.0093418533, -252.7176439361, -253.6314108675, -254.0780611536, -254.9963143408, 37.19086826222, 36.79754647548, 37.10712903051, 37.12560864251, 37.14469742568, 37.16282232049
35.65, -0.01807359729491, 0, 6, 0.9095874906999, -1.505074509477, -1.505264231276, -0.518316404471, 0.1202196601854, -2.503497979603, -3.013916612012, 528.2121852254, 529.4107091937, 528.9806964318, 530.106308094, -0.9529072093275, 100.0009577151, 100, 100.0043169085, 952.7889453153, 970.0788389091, 952.4994813727, 950.3560166754, 953.0812201691, 950.9397010453, 23.13146189018, 23.27645464277, 22.92255410462, 22.93518375573, 23.36835825174, -253.133929871, -245.7374988645, -252.4437317295, -253.3572472022, -253.8042098822, -254.7222139751, 37.18520305461, 36.79188575499, 37.10138971955, 37.11985985885, 37.13911631588, 37.15723677347
35.675, -0.01611025508837, 0, 6, 0.9094206868037, -1.509086558029, -1.509276716029, -0.5220899197513, 0.1139044364911, -2.507428390234, -3.020066188394, 528.5830364516, 529.7819953072, 529.3514585945, 530.4775421643, -0.8390117622929, 100.0008615513, 100, 100.0042171097, 953.4271536339, 970.717789199, 953.1377457916, 950.9941916001, 953.7193537284, 951.5777396369, 23.12564301761, 23.27554826799, 22.9171420297, 22.934281006, 23.36298189351, -252.8601537144, -245.4654601471, -252.16990808, -253.0832067512, -253.5304378435, -254.4482274065, 37.17954032356, 36.78622708853, 37.0956535838, 37.11411471569, 37.1335359744, 37.15165321835
35.7, -0.01419046941058, 0, 6, 0.9092754064608, -1.513068259105, -1.51325885815, -0.5258347472877, 0.1076650303994, -2.511322798, -3.026138728457, 528.9538810487, 530.1532753575, 529.7222271349, 530.8487811402, -0.7273504786187, 100.0007669102, 100, 100.0041191704, 954.0653924448, 971.3566510695, 953.776029866, 951.6324008371, 954.3575286946, 952.2158344578, 23.12074593515, 23.27548147389, 22.91264415254, 22.93421593723, 23.35851914209, -252.5864503638, -245.1932162368, -251.8961619881, -252.809278326, -253.2567341104, -254.1743435169, 37.17387979935, 36.78057019015, 37.08992053705, 37.10837315945, 37.12795595936, 37.14607120408
35.725, -0.01231014930672, 0, 6, 0.9091520669478, -1.516999806616, -1.517190849298, -0.5295301054006, 0.1015157354586, -2.515161670803, -3.032119833083, 529.3247190161, 530.524549391, 530.0930019992, 531.220025045, -0.61801748095, 100.0006737, 100, 100.0040229896, 954.7036571212, 971.9954208812, 954.4143290987, 952.270639766, 954.9957404035, 952.85398073, 23.11676388019, 23.27623963779, 22.9090539627, 22.93497421756, 23.35496363067, -252.3128090293, -244.920758451, -251.6224827208, -252.5354509419, -252.9830880379, -253.9005514075, 37.16822121487, 36.77491478083, 37.08419049246, 37.10263514755, 37.12237582767, 37.14049026689
35.75, -0.01046613211554, 0, 6, 0.9090509283306, -1.520861105185, -1.521052591751, -0.5331560130585, 0.09547162534976, -2.518925819352, -3.037994458057, 529.6955503842, 530.8958174699, 530.4637831213, 531.5912738809, -0.5110974139539, 100.0005819253, 100, 100.0039285657, 955.341943151, 972.6340953557, 955.0526391304, 952.9089038741, 955.6339842815, 953.4921737356, 23.1136880671, 23.27780684036, 22.90636314948, 22.93654017166, 23.35230719102, -252.0392191789, -244.6480789838, -251.3488597955, -252.2617137883, -252.70948925, -253.6268403723, 37.16256430479, 36.76926058643, 37.07846334374, 37.09690061778, 37.11679515493, 37.13490996001
35.775, -0.008656143963255, 0, 6, 0.9089721385543, -1.524634009832, -1.524825938378, -0.5366949662576, 0.08954671512029, -2.522598198197, -3.043748764581, 530.066375209, 531.2670796728, 530.8345704206, 531.9625276301, -0.40666489336, 100.000491657, 100, 100.0038359668, 955.9802461356, 973.272671598, 955.6909557371, 953.5471887504, 956.2722558383, 954.130408806, 23.11150747617, 23.28016577263, 22.90456127515, 22.93889669228, 23.35053951009, -251.7656705383, -244.3751709564, -251.0752829676, -251.9880562088, -252.4359276281, -253.3531998789, 37.15690880458, 36.76360733615, 37.07273895734, 37.0911694725, 37.11121354322, 37.12932986782
35.8, -0.006878838332291, 0, 6, 0.9089157587472, -1.528303569391, -1.528495936231, -0.5401327491184, 0.08375316488329, -2.526164833066, -3.049370877454, 530.4371935691, 531.6383360943, 531.2053638018, 532.3337862548, -0.3047844362684, 100.000403003, 100, 100.0037453002, 956.6185617881, 973.9111470989, 956.3292748258, 954.1854900812, 956.9105506611, 954.7686813144, 23.11020879594, 23.28329777305, 22.90363555148, 22.94202528673, 23.34964789844, -251.4921530867, -244.1020284237, -250.8017422191, -251.7144676882, -252.162393301, -253.0796195566, 37.15125444955, 36.75795476137, 37.06701717451, 37.08544157822, 37.10563061902, 37.12374960475
35.825, -0.005133776189596, 0, 6, 0.9088817786957, -1.531858169605, -1.532050969655, -0.5434583614969, 0.07810131939073, -2.529614848229, -3.054850791186, 530.808005563, 532.0095868443, 531.5761631551, 532.705049699, -0.2055108024008, 100.0003160831, 100, 100.0036566862, 957.2568859292, 974.5495197218, 956.9675924307, 954.8238036468, 957.5488644113, 955.4069866741, 23.10977649882, 23.2871829347, 22.90357079656, 22.94590619296, 23.34961724784, -251.2186570479, -243.8286463428, -250.5282277507, -251.440937846, -251.8888766364, -252.8060891901, 37.14560097422, 36.75230259463, 37.06129781801, 37.07971677417, 37.10004602691, 37.11816880618
35.85, -0.003421305104281, 0, 6, 0.9088701288621, -1.535288987382, -1.535482214488, -0.5466634328488, 0.07260012396144, -2.532939954356, -3.060179909029, 531.1788113068, 532.3808320455, 531.946968357, 533.0763178897, -0.1088896313911, 100.0002310112, 100, 100.0035702406, 957.8952144825, 975.1877876783, 957.6059047069, 955.462125319, 958.1871928237, 956.0453203393, 23.11019301657, 23.29180024946, 22.90434957128, 22.95051853001, 23.3504301737, -250.9451728823, -243.555020514, -250.2547299762, -251.1674564379, -251.6153682338, -252.5325987201, 37.139948112, 36.74665056907, 37.05558069875, 37.07399488231, 37.09445942355, 37.1125871189
35.875, -0.001742366889628, 0, 6, 0.9088806912984, -1.538589252135, -1.538782899304, -0.5497415287753, 0.06725753461819, -2.536133801987, -3.065350605981, 531.5496109318, 532.7520718317, 532.3177792722, 533.4475907389, -0.01495825459821, 100.0001478854, 100, 100.0034860631, 958.5335434716, 975.8259494962, 958.2442079265, 956.1004510597, 958.8255317071, 956.6836778103, 23.11143897903, 23.29712775684, 22.90595244271, 22.95584045039, 23.35206728524, -250.6716912798, -243.2811475064, -249.9812395204, -250.8940133626, -251.3418589203, -252.2591382474, 37.13429559531, 36.74099841816, 37.04986562018, 37.0682757145, 37.08887047435, 37.1070041952
35.9, -9.828826412623e-05, 0, 6, 0.9089133088384, -1.541753639341, -1.541947698902, -0.5526876008867, 0.0620807470251, -2.539191455757, -3.070355987963, 531.9204045822, 533.123306346, 532.6885957548, 533.8188681455, 0.07625342013097, 100.0000667836, 100, 100.0034042332, 959.1718690175, 976.4640039853, 958.8824984743, 956.7387769214, 959.4638769471, 957.3220546405, 23.1134934836, 23.30314268456, 22.90835830751, 22.96184928238, 23.35450751371, -250.3982031562, -243.007024576, -249.7077472201, -250.6205986725, -251.0683397492, -251.9856980416, 37.12864315606, 36.7353458759, 37.04415238018, 37.06255907596, 37.08327885268, 37.10141969107
35.925, 0.00150940213043, 0, 6, 0.9089677909933, -1.544777898887, -1.544972362608, -0.5554976470367, 0.05707624680319, -2.542109062831, -3.075189837598, 532.2911924123, 533.4945357386, 533.0594176505, 534.1901499973, 0.1647220240449, 99.99998776326, 100, 100.0033248094, 959.8101873384, 977.1019502032, 959.520772845, 957.377099048, 960.1022245096, 957.9604464436, 23.11633437125, 23.30982158863, 22.91154472153, 22.96852167125, 23.35772844405, -250.1246996541, -242.7326495845, -249.4342441277, -250.3472025882, -250.7948020004, -251.7122685521, 37.12299052632, 36.72969267732, 37.03844077161, 37.05684476605, 37.07768424067, 37.09583326719
35.95, 0.003079115900029, 0, 6, 0.9090439156861, -1.547658669627, -1.547853528806, -0.5581685278624, 0.05224976868818, -2.544883667387, -3.079846653905, 532.6619745851, 533.8657601653, 533.4302447979, 534.5614361731, 0.2504298907326, 99.99991086362, 100, 100.0032478311, 960.4484947505, 977.7397874227, 960.1590276407, 958.0154136769, 960.7405704445, 958.598848903, 23.11993849236, 23.31714053283, 22.91548820464, 22.97583376027, 23.36170661982, -249.8511721452, -242.4580209218, -249.1607215157, -250.0738155127, -250.5212371828, -251.4388404202, 37.11733743918, 36.72403855925, 37.03273058252, 37.05113257815, 37.0720863303, 37.09024459073
35.975, 0.004609306644571, 0, 6, 0.9091414273557, -1.550393381356, -1.550588626904, -0.5606978547826, 0.04760625312695, -2.547513090975, -3.084321695332, 533.0327512697, 534.2369797858, 533.8010770307, 534.9327265446, 0.3333642916352, 99.99983610919, 100, 100.0031733219, 961.0867876688, 978.3775151027, 960.7972595696, 958.6537171407, 961.3789108907, 959.237257779, 23.12428195291, 23.32507529315, 22.92016451004, 22.98376139687, 23.36641781195, -249.5776122338, -242.1831374354, -248.8871708823, -249.8004280465, -250.2476370373, -251.1654044913, 37.1116836295, 36.71838326114, 37.0270215967, 37.04542229971, 37.06648482421, 37.08465333676
36, 0.006098532613575, 0, 6, 0.9092600330625, -1.552980166932, -1.553175789438, -0.5630838911503, 0.04314984742328, -2.549995823709, -3.088610979216, 533.4035226402, 534.6081947622, 534.1719141789, 535.3040209779, 0.4135167527954, 99.99976351301, 100, 100.003101293, 961.7250626087, 979.0151328618, 961.4354654448, 959.2920058699, 962.0172420794, 959.8756689171, 23.1293403368, 23.33360146693, 22.92554885954, 22.99228024374, 23.37183725374, -249.3040117616, -241.9079983675, -248.6135839572, -249.5270310017, -249.9739935401, -250.8919518269, 37.10602883481, 36.71272652597, 37.02131359465, 37.03971371298, 37.06087943591, 37.07905918899
36.025, 0.007545486854528, 0, 6, 0.909399398521, -1.555417756406, -1.555613746189, -0.5653254520366, 0.03888395263872, -2.552330913775, -3.092711237184, 533.7742888736, 534.9794052578, 534.5427560702, 535.6753193354, 0.4908824600198, 99.9996930796, 100, 100.0030317458, 962.3633161873, 979.6526404558, 962.0736421837, 959.9302763949, 962.6555603385, 960.5140782545, 23.13508890101, 23.34269449023, 22.93161614752, 23.00136579779, 23.37793984535, -249.0303628111, -241.6326033001, -248.3399527066, -249.2536154147, -249.7002989067, -250.618473715, 37.10037279594, 36.70706810098, 37.01560635475, 37.03400659621, 37.05526988977, 37.07346183997
36.05, 0.008949007106363, 0, 6, 0.9095591455168, -1.557705363185, -1.557901710329, -0.5674218081662, 0.03481129288789, -2.55451786229, -3.096619849999, 534.145050149, 535.3506114362, 534.9136025308, 536.0466214765, 0.5654597658473, 99.99962480727, 100, 100.0029646746, 963.001545125, 980.2900377586, 962.7117868075, 960.5685253479, 963.2938620958, 961.1524818264, 23.14150273913, 23.35232958233, 22.93834111271, 23.01099333575, 23.38470032673, -248.7566577092, -241.3569521087, -248.0662693386, -248.9801725573, -249.4265455953, -250.3449616805, 37.09471525782, 36.70140773847, 37.00989965433, 37.02830072488, 37.04965592096, 37.06786099112
36.075, 0.01030810492454, 0, 6, 0.9097388513503, -1.559842583497, -1.560039277878, -0.5693725927501, 0.03093398416336, -2.556556523171, -3.100334784068, 534.5158066466, 535.7218134602, 535.2844533868, 536.4179272594, 0.6372498127566, 99.99955868965, 100, 100.0029000684, 963.6397462462, 980.9273247484, 963.3498964412, 961.2067494647, 963.9321438817, 961.7908757707, 23.14855690897, 23.36248202067, 22.94569847418, 23.02113818998, 23.39209341488, -248.4828890316, -241.0810449283, -247.7925263075, -248.7066939463, -249.15272631, -250.0714074926, 37.08905596998, 36.69574519636, 37.00419327057, 37.02259587274, 37.04403727555, 37.06225635306
36.1, 0.01162200761202, 0, 6, 0.909938050352, -1.561829315355, -1.56202634665, -0.5711777073143, 0.02725359772274, -2.558447005231, -3.103854533388, 534.8865585465, 536.0930114916, 535.6553084646, 536.789236541, 0.7062562542806, 99.99949471668, 100, 100.0028379112, 964.2779164812, 981.5645014975, 963.9879683135, 961.8449455867, 964.5704023325, 962.429256332, 23.15622652931, 23.37312750071, 22.95366303565, 23.03177610897, 23.40009390941, -248.209049605, -240.8048821265, -247.5187163183, -248.4331713515, -248.8788340043, -249.7978031724, 37.08339468722, 36.69008023871, 36.99848698131, 37.01689181272, 37.03841371057, 37.05664764599
36.125, 0.01289020300637, 0, 6, 0.9101562371567, -1.563665691326, -1.563863049025, -0.5728372352832, 0.02377122081632, -2.560189584584, -3.107178063267, 535.2573060282, 536.4642056905, 536.0261675922, 537.1605491782, 0.7724850267738, 99.99943287512, 100, 100.0027781836, 964.9160528665, 982.2015681636, 964.6259997567, 962.4831106616, 965.2086341921, 963.067619865, 23.16448685871, 23.3842426289, 22.96220977074, 23.04288375048, 23.40867677857, -247.9351325104, -240.528464283, -247.2448323302, -248.1595968015, -248.6048618834, -249.5241409979, 37.07773117002, 36.68441263618, 36.99278056578, 37.01118831764, 37.03278499412, 37.05103460008
36.15, 0.01411238267408, 0, 6, 0.9103928712646, -1.565352023269, -1.565549696672, -0.5743514135239, 0.02048751099521, -2.56178467701, -3.110304759396, 535.6280492702, 536.8353962148, 536.397030599, 537.5318650282, 0.8359441195242, 99.99937314878, 100, 100.0027208625, 965.5541525454, 982.8385249815, 965.2639882068, 963.1212417445, 965.8468363133, 963.7059628366, 23.17331337075, 23.39580434823, 22.97131390278, 23.0544381066, 23.41781723963, -247.6611310842, -240.2517921677, -246.9708675578, -247.8859625887, -248.3308034055, -249.2504135083, 37.07206518507, 36.67874216632, 36.98707380528, 37.00548516099, 37.02715090539, 37.04541695585
36.175, 0.01528835457264, 0, 6, 0.9106473819233, -1.566888780948, -1.567086759169, -0.5757206716827, 0.01740272237007, -2.563232877666, -3.113234404553, 535.9987884496, 537.2065832202, 536.7678973161, 537.9031839487, 0.8966433757714, 99.99931551847, 100, 100.0026659212, 966.1922127683, 983.4753722561, 965.9019312028, 963.759335998, 966.4850056583, 964.3442818282, 23.18268181638, 23.4077894508, 22.98095096992, 23.06641601557, 23.42749082426, -247.3870389187, -239.9748667224, -246.6968154725, -247.6122612727, -248.0566522824, -248.9766135065, 37.06639650558, 36.6730686139, 36.98136648343, 36.99978211737, 37.02151123512, 37.03979446466
36.2, 0.01641787754638, 0, 6, 0.9109191722045, -1.568276628921, -1.568474900897, -0.5769457538896, 0.01451668953794, -2.564535083607, -3.115967197659, 536.3695237422, 537.5777668595, 537.1387675759, 538.2745057988, 0.9545944118743, 99.9992599618, 100, 100.0026133294, 966.8302308926, 984.1121103594, 966.5398263881, 964.3973906926, 967.1231392986, 964.9825735365, 23.19256824993, 23.42017316604, 22.99109685025, 23.07879274919, 23.43767340373, -247.1128498631, -239.6976890531, -246.4226698024, -247.3384856822, -247.7824024805, -248.7027340611, 37.06072491168, 36.66739177117, 36.9756583861, 36.99407896258, 37.01586578624, 37.0341668895
36.225, 0.0175007048494, 0, 6, 0.9112076212082, -1.569516514289, -1.569715068799, -0.5780277770236, 0.0118287877108, -2.565692552553, -3.118503796512, 536.7402553227, 537.9489472834, 537.5096412123, 538.6458304381, 1.009810766983, 99.99920645283, 100, 100.0025630526, 967.4682043842, 984.7487397373, 967.1776715111, 965.0354032069, 967.7612344154, 965.6208347727, 23.20294898882, 23.43293012215, 23.00172771684, 23.09154297452, 23.44834114394, -246.838558026, -239.4202604432, -246.1484245354, -247.0646289152, -247.508048223, -248.4287685072, 37.05505019073, 36.66171143815, 36.96994930129, 36.9883754733, 37.01021437467, 37.02853400607
36.25, 0.0185367466026, 0, 6, 0.9115120848177, -1.570609731397, -1.570808557091, -0.5789681484726, 0.009337935908043, -2.566706823507, -3.120845316263, 537.1109833643, 538.3201246405, 537.8805180609, 539.0171577271, 1.062308205688, 99.99915496177, 100, 100.0025150522, 968.1061308181, 985.3852609218, 967.8154644259, 965.6733710291, 968.3992883014, 966.2590624618, 23.21380053019, 23.44603577197, 23.01281994721, 23.10464218023, 23.45947041474, -246.5641577786, -239.1425823815, -245.8740739208, -246.7906843387, -247.2335839926, -248.154710446, 37.0493721377, 36.65602742299, 36.96423901983, 36.98267142724, 37.00455682938, 37.02289560328
36.275, 0.01952617654391, 0, 6, 0.9118318965924, -1.571557893184, -1.571756978611, -0.5797684363324, 0.007042680463671, -2.567579590136, -3.122993245879, 537.4817080391, 538.6912990781, 538.2513979588, 539.3884875258, 1.112104942815, 99.99910545489, 100, 100.0024692853, 968.7440078798, 986.0216745403, 968.4532030936, 966.3112917566, 969.0372983607, 966.8972536414, 23.22509948866, 23.45946740284, 23.02435005528, 23.11806768685, 23.47103772173, -246.2896437562, -238.8646565826, -245.5996124717, -246.5166455869, -246.9590045332, -247.8805537453, 37.04369055539, 36.65033954223, 36.95852733663, 36.97696660417, 36.99889299171, 37.01725148284
36.3, 0.02046977355722, 0, 6, 0.9121663704971, -1.572362772141, -1.572562105754, -0.5804300256362, 0.004941360520838, -2.568312358652, -3.124949281564, 537.8524295165, 539.0624707422, 538.6222807468, 539.7598196948, 1.159221571489, 99.99905789446, 100, 100.0024257048, 969.3818333635, 986.6579813139, 969.0908855786, 966.9491630955, 969.6752621111, 967.5354054607, 23.23682261544, 23.47320762809, 23.03629471274, 23.13180213804, 23.4830197276, -246.015010855, -238.5864849797, -245.3250349633, -246.2425065607, -246.6843048466, -247.6062925375, 37.03800525471, 36.64464762091, 36.95281405281, 36.9712607879, 36.99322271362, 37.01160145784
36.325, 0.02136868603465, 0, 6, 0.9125148075677, -1.573026046074, -1.57322561621, -0.5809539854506, 0.003032296414584, -2.568906316861, -3.126715137095, 538.2231479632, 539.4336397764, 538.9931662685, 540.1311540954, 1.203680399605, 99.99901223918, 100, 100.00238426, 970.0196051684, 987.294182031, 969.7285100455, 967.586982858, 970.3131771802, 968.1735151832, 23.24894697901, 23.48724117499, 23.04863093963, 23.14583028751, 23.49539344307, -245.7402542237, -238.3080696636, -245.0503364254, -245.9682614272, -246.4094801852, -247.331921218, 37.03231605481, 36.63895149258, 36.94709897728, 36.96555376863, 36.98754585624, 37.00594535094
36.35, 0.02222398009248, 0, 6, 0.9128765047099, -1.573549153184, -1.57374894803, -0.5813413220569, 0.001313822778815, -2.569362583672, -3.128292511158, 538.5938635429, 539.8048063205, 539.3640543711, 540.5024905919, 1.245504449024, 99.99896844452, 100, 100.0023448969, 970.6573212939, 987.9302775086, 970.3660747532, 968.2247489585, 970.9510413022, 968.8115801886, 23.2614502329, 23.50155190401, 23.06133638554, 23.16013601731, 23.50813650844, -245.4653692507, -238.0294127906, -244.7755121317, -245.6939046195, -246.1345260403, -247.0574344427, 37.02662278315, 36.63325099917, 36.94138192624, 36.95984534389, 36.98186229009, 37.00028299391
36.375, 0.02303651433521, 0, 6, 0.9132507617412, -1.57393338563, -1.5741333932, -0.581593220722, -0.0002158767260375, -2.56968244725, -3.129683254934, 538.9645764143, 540.1759705093, 539.7349449059, 540.8738290528, 1.284716688123, 99.99892646305, 100, 100.0023075584, 971.2949798353, 988.5662685624, 971.003578049, 968.8624594103, 971.5888523157, 969.4495979747, 23.27431081506, 23.51612222139, 23.07438953615, 23.17470175058, 23.52122740048, -245.1903515561, -237.7505165118, -244.5005575911, -245.4194308363, -245.8594381315, -246.7828271246, 37.02092527558, 36.62754599089, 36.9356627212, 36.95413531712, 36.97617189681, 36.99461422945
36.4, 0.02380692275115, 0, 6, 0.9136368846357, -1.574180153969, -1.574380362119, -0.5817112720703, -0.001559007495291, -2.569867590963, -3.130889612387, 539.3352867315, 540.5471324716, 540.1058377286, 541.2451693514, 1.321339756868, 99.99888624463, 100, 100.0022721844, 971.9325789825, 989.2021559959, 971.6410183658, 969.5001123239, 972.2266081615, 970.0875661567, 23.28750800884, 23.53093258865, 23.0877697666, 23.18950796208, 23.53464548572, -244.9151969864, -237.4713829476, -244.2254685422, -245.1448350387, -245.5842124009, -246.5080944303, 37.0152233764, 36.62183632631, 36.92994118717, 36.94842349547, 36.97047457102, 36.98893891371
36.425, 0.02453561755234, 0, 6, 0.9140341846554, -1.574291273676, -1.574491670158, -0.5816976686083, -0.002718336940211, -2.569920290541, -3.131914393907, 539.705994644, 540.9182923312, 540.4767326993, 541.6165113656, 1.355396209538, 99.99884773651, 100, 100.0022387118, 972.5701170196, 989.8379406103, 972.2783942222, 970.1377059054, 972.8643068814, 970.7254824642, 23.30102185975, 23.54596158135, 23.10145723715, 23.20453323825, 23.54837091569, -244.6399016148, -237.1920142103, -243.9502409513, -244.8701124446, -245.3088450119, -246.2332317756, 37.00951693845, 36.61612187252, 36.92421715189, 36.94270968825, 36.96477022128, 36.98325691789
36.45, 0.02522298392824, 0, 6, 0.9144419743942, -1.574269134284, -1.574469706813, -0.5815551636965, -0.00369721423308, -2.569843373748, -3.132760995188, 540.0767002973, 541.2894502076, 540.8476296817, 541.9878549764, 1.38690916847, 99.9988108833, 100, 100.0022070747, 973.207592326, 990.4736232307, 972.9157042248, 970.7752384572, 973.5019466175, 971.363344736, 23.31483297897, 23.56118780979, 23.11543267257, 23.21975619863, 23.56238440581, -244.3644617434, -236.9124124635, -243.6748710132, -244.5952585224, -245.0333323509, -245.9582348204, 37.00380582318, 36.61040250531, 36.91849044651, 36.93699370698, 36.95905876969, 36.97756812826
36.475, 0.02586945502734, 0, 6, 0.9148595632393, -1.574116679541, -1.574317415867, -0.5812869196391, -0.004499427702422, -2.569640069225, -3.13343325287, 540.4474038341, 541.6606062175, 541.218528542, 542.3592000673, 1.415903083503, 99.99877562701, 100, 100.0021772045, 973.8450033776, 991.109204736, 973.5529470708, 971.4127083774, 974.1395256112, 972.0011509154, 23.32892231908, 23.57659037151, 23.12967712119, 23.23515594861, 23.57666699395, -244.0888739046, -236.6325799923, -243.3993551522, -244.320268983, -244.7576710304, -245.683099464, 36.99808990076, 36.60467810933, 36.91276090738, 36.93127536683, 36.95334015044, 36.97187244466
36.5, 0.02647548282547, 0, 6, 0.9152862540543, -1.573837252793, -1.574038140745, -0.5808963607089, -0.005128993866906, -2.56931385923, -3.133935231826, 540.8181053959, 542.0317604762, 541.5894291477, 542.7305465222, 1.442404376154, 99.99874190703, 100, 100.0021490299, 974.4823487468, 991.7446860851, 974.190121551, 972.0501141598, 974.7770422014, 972.6388990448, 23.34327098294, 23.59214883392, 23.14417175987, 23.2507120619, 23.591199845, -243.8131348616, -236.352519262, -243.1236900221, -244.0451397723, -244.4818578909, -245.4078218392, 36.99236905011, 36.59894857822, 36.90702837776, 36.92555448865, 36.94761430828, 36.9661697784
36.525, 0.02704150865463, 0, 6, 0.9157213416265, -1.57343441919, -1.573635446701, -0.5803870465817, -0.005589984481264, -2.568868352477, -3.134271050887, 541.1888051235, 542.4029130986, 541.9603313664, 543.1018942249, 1.466441908269, 99.99870966039, 100, 100.0021224775, 975.1196271021, 992.3800683358, 974.8272265517, 972.6874543936, 975.4144948233, 973.2765872621, 23.3578600824, 23.60784321141, 23.15889776016, 23.26640455736, 23.60596411687, -243.5372416075, -236.0722329609, -242.8478725053, -243.7698670659, -244.2058900014, -245.1323983084, 36.98664315893, 36.59321381461, 36.90129270882, 36.91983090029, 36.9418811977, 36.96046005091
36.55, 0.02756794377689, 0, 6, 0.9161641126969, -1.572911847283, -1.573113002401, -0.5797626054688, -0.005886443023873, -2.56830721706, -3.134444798311, 541.5595031581, 542.7740641997, 542.3312350652, 543.4732430584, 1.488047276518, 99.99867882193, 100, 100.0020974716, 975.7568372081, 993.0153526567, 975.4642610551, 973.3247277624, 976.051882007, 973.914213798, 23.3726706471, 23.623653883, 23.17383620868, 23.28221381654, 23.6209408806, -243.2611913634, -235.7917240275, -242.5718997115, -243.4944472631, -243.9297646592, -244.8568254595, 36.98091212374, 36.5874737301, 36.89555375977, 36.91410443706, 36.93614078272, 36.95474319334
36.575, 0.02805516297696, 0, 6, 0.9166138470779, -1.572273272041, -1.57247454293, -0.5790267280164, -0.006022383491775, -2.567634174611, -3.134460529603, 541.9301996412, 543.1452138954, 542.7021401106, 543.8445929044, 1.507254956013, 99.99864932463, 100, 100.0020739349, 976.3939779243, 993.6505403332, 976.1012241397, 973.9619330435, 976.6892023764, 974.5517769738, 23.38768357678, 23.6395615364, 23.18896806845, 23.29812052758, 23.63611108151, -242.9849815769, -235.5109956632, -242.2957689757, -243.2188769844, -243.6534793883, -244.5811001025, 36.97517584984, 36.58172824526, 36.88981139761, 36.90837494134, 36.93039303718, 36.94901914689
36.6, 0.02850350511772, 0, 6, 0.9170698193844, -1.571522514277, -1.571723889233, -0.5781831966182, -0.00600183305807, -2.566853030122, -3.134322309208, 542.3008947152, 543.516362302, 543.0730463678, 544.2159436433, 1.52410231993, 99.99862109991, 100, 100.0020517887, 977.0310482049, 994.2856327693, 976.7381149799, 974.5990691073, 977.3264546485, 975.1892752009, 23.40287962959, 23.65554713812, 23.20427417058, 23.31410565537, 23.65145553062, -242.70860992, -235.2300513339, -242.0194778561, -242.9431530685, -243.3770319376, -244.3052192675, 36.96943425132, 36.57597728957, 36.8840654968, 36.90264226219, 36.92463794495, 36.94328786326
36.625, 0.02891327717348, 0, 6, 0.9175313010666, -1.570663515925, -1.570864983384, -0.5772359180329, -0.005828879353615, -2.565967705147, -3.13403425703, 542.6715885227, 543.8875095368, 543.4439537012, 544.5872951542, 1.538629559902, 99.99859407799, 100, 100.0020309532, 977.668047098, 994.9206314842, 977.3749328444, 975.2361349164, 977.9636376326, 975.8267069802, 23.41823943935, 23.67159192655, 23.21973523, 23.33015043466, 23.66695492027, -242.4320742873, -234.9488947627, -241.7430241323, -242.6672725706, -243.1004202784, -244.0291802031, 36.963687251, 36.57022080131, 36.87831593907, 36.89690625506, 36.91887549994, 36.9375493049
36.65, 0.0292847614437, 0, 6, 0.9179975626124, -1.569700360024, -1.569901908586, -0.5761889368301, -0.005507699335483, -2.564982251824, -3.13360057696, 543.0422812069, 544.2586557174, 543.8148619746, 544.9586473156, 1.550879530227, 99.99856818819, 100, 100.0020113478, 978.3049737448, 995.5555381072, 978.0116770958, 975.8731295252, 978.6007502304, 976.4640709025, 23.43374355503, 23.68767742288, 23.23533188115, 23.34623638108, 23.68258985987, -242.1553727933, -234.6675299153, -241.4664058025, -242.3912327618, -242.823642602, -243.7529803744, 36.95793478039, 36.56445872752, 36.87256261355, 36.89116678195, 36.91310570589, 36.93180344482
36.675, 0.02961822984297, 0, 6, 0.9184678758939, -1.568637262867, -1.568838881312, -0.5750464201655, -0.00504256432494, -2.563900838175, -3.133025562054, 543.4129729109, 544.6298009618, 544.1857710514, 545.3300000051, 1.560897536613, 99.99854335925, 100, 100.0019928916, 978.9418273786, 996.1903543691, 978.6483471882, 976.5100520785, 979.2377914351, 977.1013656486, 23.44937249648, 23.70378548101, 23.25104473041, 23.36234534105, 23.69834092854, -241.8785037695, -234.3859609804, -241.1896210809, -242.1150311289, -242.5466973163, -243.476617463, 36.95217677964, 36.55869102386, 36.86680541698, 36.88542371182, 36.90732857589, 36.92605026618
36.7, 0.02991395491146, 0, 6, 0.9189415166771, -1.567478541855, -1.56768021916, -0.5738126256727, -0.004437827592783, -2.562727716488, -3.132313582651, 543.7836637771, 545.0009453875, 544.5566807949, 545.7013531005, 1.568731086578, 99.99851951964, 100, 100.0019755033, 979.5786073236, 996.8250820928, 979.284942666, 977.1469018116, 979.8747603313, 977.7385899908, 23.46510682117, 23.71989829284, 23.26685442148, 23.37845949722, 23.71418874083, -241.6014657615, -234.1041923466, -240.9126683955, -241.8386653735, -242.2695830425, -243.2000893655, 36.9464131974, 36.55291765446, 36.86104425398, 36.87967692111, 36.90154413188, 36.92028976172
36.725, 0.03017222236493, 0, 6, 0.9194177672435, -1.566228571288, -1.566430296639, -0.5724918602423, -0.003697904926531, -2.561467182585, -3.131469067641, 544.1543539471, 545.3720891114, 544.9275910693, 546.0727064799, 1.574429621394, 99.99849659781, 100, 100.0019591017, 980.2153129939, 997.4597231832, 979.9214631613, 977.7836780489, 980.5116560952, 978.3757427933, 23.4809271962, 23.73599839967, 23.28274170784, 23.39456137984, 23.73011401959, -241.3242575259, -233.822228578, -240.6355463853, -241.5621334129, -241.9922986121, -242.9233941933, 36.94064399083, 36.54713859179, 36.85527903728, 36.87392629417, 36.89575240414, 36.91452193325
36.75, 0.03039335065864, 0, 6, 0.9198959190271, -1.564891736772, -1.565093499574, -0.5710884333216, -0.002827254666524, -2.5601235296, -3.130496485202, 544.5250435609, 545.7432322492, 545.2985017395, 546.4440600224, 1.578044246905, 99.99847452237, 100, 100.001943606, 980.8519438923, 998.0942796163, 980.5579083929, 978.4203802033, 981.1484779937, 979.0128230134, 23.49681447025, 23.75206875612, 23.29868752665, 23.41063393089, 23.74609767028, -241.0468780265, -233.540074389, -240.3582538971, -241.2854333793, -241.7148430634, -242.6465302714, 36.93486912541, 36.54135381649, 36.84950968787, 36.86817172367, 36.8899534309, 36.90874679124
36.775, 0.03057771197994, 0, 6, 0.9203752751845, -1.56347239263, -1.563674182506, -0.56960661057, -0.001830358147314, -2.558701002071, -3.129400323814, 544.8957327567, 546.1143749152, 545.6694126723, 546.8154136085, 1.579627469961, 99.99845322237, 100, 100.0019289356, 981.4884996086, 998.7287534292, 981.1942781634, 979.0570077754, 981.7852253844, 979.6498297022, 23.51274974336, 23.76809281534, 23.31467307096, 23.42666058929, 23.7621208535, -240.7693264312, -233.2577346201, -240.0807899833, -241.0085636198, -241.4372156373, -242.3694961376, 36.92908857488, 36.53556331722, 36.84373613508, 36.86241311084, 36.8841472579, 36.90296435441
36.8, 0.03072578635082, 0, 6, 0.9208551531207, -1.561974815835, -1.56217662263, -0.5680505403065, -0.0007116937031938, -2.557203722782, -3.128185066749, 545.2664216697, 546.4855172215, 546.0403237366, 547.1867671206, 1.579232929973, 99.99843262742, 100, 100.0019150108, 982.1249798191, 999.3631467097, 981.8305723575, 979.6935603523, 982.4218977154, 980.2867620053, 23.52871443725, 23.78405487967, 23.33067986274, 23.44262564153, 23.77816505824, -240.4916021078, -232.9752142135, -239.8031538982, -240.7315226961, -241.1594157741, -242.0922905413, 36.92330232109, 36.52976709044, 36.83795831675, 36.85665036568, 36.8783339379, 36.89717464937
36.825, 0.03083960437537, 0, 6, 0.9213348905145, -1.560402868858, -1.560604682593, -0.5664229636489, 0.000524541821467, -2.555634402632, -3.12685491482, 545.6371104281, 546.8566592774, 546.4112348098, 547.5581204441, 1.576914642987, 99.99841266687, 100, 100.001901752, 982.7613842811, 999.9974615656, 982.4667909289, 980.3300376049, 983.0584945301, 980.923619165, 23.54469050394, 23.79995053053, 23.34668997755, 23.4585246466, 23.79421232713, -240.2137046138, -232.6925181434, -239.5253450923, -240.4543093832, -240.8814430995, -241.8149124405, 36.9175103538, 36.52396514002, 36.83217618312, 36.85088340953, 36.87251352619, 36.89137770795
36.85, 0.0309254790645, 0, 6, 0.921813868036, -1.558758807137, -1.558960617825, -0.5647223517328, 0.001875347474566, -2.553991476003, -3.125412876513, 546.0077991395, 547.2278011845, 546.7821457938, 547.929473472, 1.572723826678, 99.99839326785, 100, 100.0018890783, 983.3977128163, 1000.631699999, 983.1029338627, 980.9664392767, 983.6950154749, 981.5604005303, 23.5606613058, 23.81580710659, 23.36268697936, 23.47438490304, 23.81024619281, -239.9356336552, -232.4096511253, -239.2473631877, -240.1769226727, -240.6032973808, -241.5373609962, 36.91171267014, 36.51815747607, 36.82638970779, 36.84511218423, 36.86668606788, 36.88557355768
36.875, 0.03098361381933, 0, 6, 0.92229153879, -1.557043350978, -1.557245148455, -0.5629504293481, 0.003338378873333, -2.55227662662, -3.123861310272, 546.3784879096, 547.5989430289, 547.1530565863, 548.3008261136, 1.566704291856, 99.99837436152, 100, 100.0018769133, 984.0339652897, 1001.265863719, 983.7390011879, 981.6027651685, 984.3314602471, 982.1971055704, 23.57661283436, 23.83160987189, 23.37865714914, 23.49019165088, 23.82625290899, -239.6573890396, -232.1266171932, -238.9692079171, -239.8993617764, -240.3249784939, -241.259635563, 36.90590927381, 36.51234411352, 36.82059887012, 36.83933665078, 36.86085161247, 36.87976222299
36.9, 0.03101472863259, 0, 6, 0.9227674223485, -1.555256942046, -1.55545871597, -0.5611088627454, 0.004910700663951, -2.550491486184, -3.12220316638, 546.7491768262, 547.9700848816, 547.5239671024, 548.6721782938, 1.558893222383, 99.9983558839, 100, 100.0018651844, 984.6701416138, 1001.899954175, 984.374992952, 982.2390151385, 984.9678286206, 982.8337338692, 23.59253345613, 23.84734797969, 23.39458924588, 23.50593402826, 23.84222121145, -239.3789706843, -231.8434197724, -238.6908791371, -239.6216261181, -240.0464864126, -240.9817356829, 36.90010017491, 36.5065250723, 36.81480364722, 36.83355677341, 36.85501022129, 36.87394374054
36.925, 0.03102022541194, 0, 6, 0.9232410918022, -1.553400728764, -1.553602468725, -0.5591995391341, 0.006588282599927, -2.548637913487, -3.12044248837, 547.1198659632, 548.3412268013, 547.894877271, 549.0435299501, 1.549322831814, 99.99833777505, 100, 100.0018538228, 985.3062417532, 1002.533972621, 985.0109092305, 982.8751891032, 985.6041204426, 983.4702851139, 23.60841342662, 23.86301246203, 23.41047395696, 23.52160305483, 23.85814176773, -239.1003786272, -231.5600618308, -238.4123768305, -239.3437153189, -239.7678212173, -240.7036610751, 36.89428538973, 36.50070037758, 36.8090040134, 36.82777251282, 36.84916196874, 36.86811816511
36.95, 0.03100181900282, 0, 6, 0.9237121612932, -1.551476707527, -1.551678403183, -0.5572247329214, 0.008366312679769, -2.546718158587, -3.118584101114, 547.4905553837, 548.7123688369, 548.2657870317, 549.4148810302, 1.538021729779, 99.99831997866, 100, 100.0018427638, 985.9422657252, 1003.16792017, 985.6467501324, 983.5112870361, 986.2403356283, 984.1067590838, 23.62424447697, 23.87859574239, 23.42630340918, 23.53719114192, 23.87400668742, -238.8216130274, -231.2765460052, -238.1337011048, -239.06562918, -239.488983098, -240.4254116233, 36.88846494039, 36.4948700597, 36.80319994534, 36.82198382988, 36.8433069372, 36.86228556477
36.975, 0.03096130136851, 0, 6, 0.9241802787416, -1.549487299389, -1.549688940532, -0.5551868324524, 0.01023982249443, -2.544734594643, -3.11663298778, 547.8612451423, 549.0835110302, 548.6366963321, 549.7862314897, 1.525016000113, 99.99830244185, 100, 100.0018319461, 986.5782135975, 1003.801797834, 986.2825158026, 984.1473089649, 986.8764741556, 984.7431556391, 23.64001947689, 23.89409142689, 23.44207080187, 23.55269188153, 23.88980915503, -238.5426741594, -230.9928746994, -237.8548521863, -238.7873676639, -239.2099723524, -240.1469873614, 36.88263885453, 36.48903415387, 36.79739142685, 36.81619069232, 36.83744521205, 36.85644601319
37, 0.03090044323396, 0, 6, 0.9246451213693, -1.547434835341, -1.547636411904, -0.5530879901586, 0.01220418978503, -2.542689354178, -3.1145937887, 548.2319352867, 549.4546534172, 549.0076051263, 550.1575812901, 1.510330045019, 99.99828511495, 100, 100.0018213127, 987.2140854847, 1004.435606561, 986.9182064229, 984.7832549683, 987.5125360602, 985.3794747114, 23.65573216277, 23.90949416408, 23.4577701521, 23.56809990873, 23.90554317519, -238.2635624056, -230.7090501626, -237.5758304142, -238.5089308779, -238.9307893819, -239.8683884596, 36.87680716484, 36.48319269978, 36.79157845084, 36.81039307852, 36.83157687836, 36.85059958475
37.025, 0.03082097939998, 0, 6, 0.9251063926427, -1.545321249943, -1.545522751962, -0.5509299308979, 0.01425535070159, -2.540584136566, -3.11247058854, 548.6026258594, 549.8257960298, 549.3785133736, 550.5289303974, 1.493987229905, 99.99826795132, 100, 100.0018108097, 987.8498815452, 1005.06934726, 987.5538222117, 985.419125172, 988.1485214304, 986.0157162951, 23.67137692297, 23.92479960321, 23.4733961157, 23.58341085981, 23.92120339364, -237.984278248, -230.4250745479, -237.2966362323, -238.2303190588, -238.6514346864, -239.5896152108, 36.87096990875, 36.47734574124, 36.78576101881, 36.80459097751, 36.82570202073, 36.84474635376
37.05, 0.03072458959615, 0, 6, 0.9255638181765, -1.543148049208, -1.543349466775, -0.5487139878293, 0.01638975901755, -2.538420253917, -3.110266955243, 548.9733168991, 550.1969388971, 549.7494210367, 550.9002787807, 1.476010341133, 99.99825090728, 100, 100.0018003869, 988.4856019782, 1005.703020819, 988.1893634231, 986.0549197456, 988.7844304023, 986.6518804398, 23.68694863729, 23.94000418681, 23.48894385413, 23.59862116368, 23.93678496375, -237.7048222613, -230.1409499546, -237.017270182, -237.9515325586, -238.3719088584, -239.310668019, 36.8651271281, 36.47149332594, 36.779939139, 36.79878438659, 36.81982072513, 36.83888639601
37.075, 0.03061290939821, 0, 6, 0.9260171410976, -1.540916455666, -1.541117778901, -0.5464412426154, 0.0186042255296, -2.536198771187, -3.107986098388, 549.3440084406, 550.5680820464, 550.1203280815, 551.2716264116, 1.456421874887, 99.99823394205, 100, 100.0017899973, 989.121247021, 1006.336628114, 988.8248303452, 986.6906388989, 989.4202631556, 987.2879672448, 23.7024425656, 23.95510524218, 23.50440893196, 23.61372813374, 23.95228344332, -237.4251951068, -229.8566784547, -236.7377328946, -237.6725718335, -238.0922125758, -239.031547388, 36.85927886885, 36.4656355053, 36.7741128245, 36.79297330853, 36.81393308031, 36.8330197908
37.1, 0.03048753176268, 0, 6, 0.9264661189724, -1.538627588407, -1.538828807454, -0.5441126780898, 0.02089576324506, -2.533920654998, -3.105631022265, 549.7147005164, 550.939225503, 550.4912344768, 551.6429732634, 1.43524415189, 99.99821701771, 100, 100.0017795973, 989.756816946, 1006.970170018, 989.4602232971, 987.3262828778, 990.0560199093, 987.9239768535, 23.71785428728, 23.97010106088, 23.51978724934, 23.62873004805, 23.96769472643, -237.1453975248, -229.5722621032, -236.4580250824, -237.3934374329, -237.8123465945, -238.7522539116, 36.85342518078, 36.45977233424, 36.76828209221, 36.78715774974, 36.80803917832, 36.82714662203
37.125, 0.03035005076771, 0, 6, 0.926910522737, -1.536282577549, -1.536483682586, -0.54172924066, 0.02326150192609, -2.53158683332, -3.103204610462, 550.0853931556, 551.310369291, 550.8621401938, 552.0143193114, 1.412499251641, 99.99820009924, 100, 100.001769147, 990.3923120573, 1007.603647393, 990.0955426251, 987.9618519616, 990.6917009189, 988.5599094496, 23.73317969299, 23.98499134287, 23.53507502113, 23.64362659372, 23.98301502215, -236.8654303267, -229.2877029324, -236.1781475309, -237.1141299903, -237.5323117395, -238.4727882647, 36.84756611723, 36.45390387098, 36.7624469625, 36.78133771975, 36.80213911407, 36.82126697804
37.15, 0.03020194585851, 0, 6, 0.9273501374396, -1.533882596146, -1.534083577394, -0.5392919320039, 0.0256986607422, -2.52919828593, -3.100709653111, 550.4560863849, 551.6815134325, 551.2330452066, 552.385664533, 1.388208761661, 99.99818315459, 100, 100.0017586097, 991.0277326865, 1008.237061087, 990.7307886989, 988.5973464581, 991.3273064712, 989.1957652542, 23.74841502966, 23.99977612931, 23.55026881091, 23.65841780012, 23.99824088836, -236.5852943855, -229.0030029288, -235.8981010885, -236.8346502155, -237.2521088952, -238.1931511948, 36.84170173469, 36.4480301766, 36.7566074592, 36.77551323149, 36.79623298466, 36.81538095067
37.175, 0.0300440456866, 0, 6, 0.9277847636992, -1.531428924691, -1.531629772439, -0.5368021939486, 0.02820446677114, -2.526756429145, -3.098148923345, 550.8267802295, 552.0526579475, 551.6039494893, 552.7570089079, 1.362393556883, 99.99816615507, 100, 100.0017479528, 991.6630791892, 1008.870411918, 991.3659619104, 989.2327667007, 991.9628368785, 989.8315445232, 23.76355693716, 24.01445084392, 23.56536556081, 23.67309908205, 24.01336925939, -236.3049906271, -228.718164013, -235.617886657, -236.5549988881, -236.9717389983, -237.9133435151, 36.83583209258, 36.44215131484, 36.75076360842, 36.76968430096, 36.79032088987, 36.80948863486
37.2, 0.02987627449299, 0, 6, 0.9282142166904, -1.52892318594, -1.529123890598, -0.534262331172, 0.03077594489682, -2.524263539623, -3.095525381037, 551.1974747146, 552.4238028544, 551.974853015, 553.128352418, 1.335074182472, 99.99814907576, 100, 100.0017371474, 992.2983519449, 1009.503700692, 992.0010626755, 989.8681130471, 992.5982924755, 990.4672475429, 23.77860231969, 24.02900495527, 23.58036245337, 23.68765990293, 24.02839730532, -236.0245200304, -228.4331880746, -235.3375051888, -236.2751768494, -236.6912030367, -237.6333660979, 36.82995725301, 36.43626735186, 36.74491543626, 36.76385094513, 36.78440293417, 36.80359013018
37.225, 0.02969764817703, 0, 6, 0.9286383175451, -1.526367717536, -1.526568269734, -0.5316757989777, 0.03340968791311, -2.521723042757, -3.092842422138, 551.5681698679, 552.7949481721, 552.3457557532, 553.4996950446, 1.306272160053, 99.99813189532, 100, 100.0017261682, 992.9335513613, 1010.136928257, 992.6360914419, 990.503385881, 993.2336736182, 991.1028746228, 23.7935479675, 24.04342173181, 23.59525650543, 23.70208352973, 24.04332203456, -235.7438836364, -228.1480770922, -235.0569576932, -235.9951849949, -236.4105020595, -237.3532198706, 36.82407728073, 36.43037835648, 36.7390629667, 36.75801317964, 36.77847922891, 36.79768554335
37.25, 0.02950702418639, 0, 6, 0.9290568756394, -1.523765838738, -1.523966229448, -0.5290469074955, 0.03610179281235, -2.519139216748, -3.090103963608, 551.9388657211, 553.1660939234, 552.7166576695, 553.8710367655, 1.276012034389, 99.99811459488, 100, 100.0017149919, 993.5686778817, 1010.770095585, 993.2710486986, 991.1385856169, 993.8689806893, 991.7384260864, 23.80838998393, 24.0576851106, 23.61004397099, 23.71635389837, 24.05813970528, -235.4630825654, -227.8628333199, -234.7762452505, -235.7150242658, -236.1296371936, -237.0729058137, 36.81819224307, 36.4244844005, 36.73320622231, 36.75217101723, 36.7725498924, 36.79177498992
37.275, 0.02930422105321, 0, 6, 0.929469671332, -1.521121654985, -1.521321875617, -0.5263797942437, 0.03884820828737, -2.51651616422, -3.08731407184, 552.3095623099, 553.5372401381, 553.0875587262, 554.2423775512, 1.244323129523, 99.99809715671, 100, 100.0017035975, 994.2037319915, 1011.403203842, 993.9059349817, 991.7737127042, 994.504214104, 992.3739022645, 23.82312330591, 24.07178821764, 23.62471985158, 23.73046412938, 24.07284532252, -235.1821180307, -227.5774594487, -234.495369027, -235.4346956428, -235.8486096579, -236.7924249593, 36.81230220991, 36.41858555901, 36.72734522922, 36.74632447022, 36.76661504562, 36.78585858993
37.3, 0.02908952163346, 0, 6, 0.9298764512256, -1.518439400861, -1.518639443272, -0.5236780321908, 0.04164533517141, -2.513857418692, -3.084476351303, 552.6802596768, 553.9083868538, 553.4584588791, 554.6137173646, 1.211239794221, 99.99807956323, 100, 100.0016919644, 994.8387142176, 1012.036254398, 994.5407508806, 992.4087676278, 995.1393743069, 993.0093034937, 23.83774164715, 24.08572724146, 23.63927785358, 23.74441040116, 24.08743258763, -234.9009913367, -227.2919586277, -234.2143302739, -235.1542001453, -235.5674207677, -236.5117783916, 36.80640725354, 36.41268191018, 36.72148002206, 36.74047355661, 36.76067480721, 36.77993646057
37.325, 0.02886303247063, 0, 6, 0.9302769377799, -1.515722839765, -1.515922696182, -0.5209447271586, 0.0444903599245, -2.511166043604, -3.081593630711, 553.0509578712, 554.2795341151, 553.829358077, 554.9850561616, 1.17680049504, 99.9980617969, 100, 100.0016800724, 995.4736251237, 1012.669248795, 995.175497034, 993.0437509064, 995.7744617699, 993.6446301214, 23.85223775773, 24.09949781746, 23.65371068806, 23.75818833619, 24.10189420748, -234.6197038695, -227.006334382, -233.9331303218, -234.8735388357, -235.2860719277, -236.2309672487, 36.80050744851, 36.40677353488, 36.71561064479, 36.73461830387, 36.75472929205, 36.77400871334
37.35, 0.02862426126397, 0, 6, 0.9306708463971, -1.512975134032, -1.513174796979, -0.5181828606624, 0.04738109544401, -2.508444978779, -3.078668121668, 553.4216569481, 554.6506819707, 554.2002562622, 555.356393894, 1.141046717202, 99.99804384075, 100, 100.0016679024, 996.1084653082, 1013.302188698, 995.810174126, 993.6786630908, 996.4094769906, 994.279882512, 23.86660373648, 24.11309156557, 23.66801042531, 23.77178954124, 24.11622225164, -234.33825709, -226.720590511, -233.6517705743, -234.5927128264, -235.004564625, -235.9499927258, 36.79460287169, 36.40086051629, 36.70973714719, 36.72875874742, 36.74877861404, 36.76807545631
37.375, 0.02837238634464, 0, 6, 0.9310578983941, -1.510199163758, -1.51039862602, -0.5153955189907, 0.05031552294606, -2.505697273606, -3.075701865878, 553.7923569666, 555.021830473, 554.5711533728, 555.7277305097, 1.10402235241, 99.99802567862, 100, 100.0016554362, 996.7432354038, 1013.935075873, 996.4447828823, 994.3135047646, 997.044420496, 994.9150610519, 23.88083121096, 24.12649844268, 23.68216869319, 23.78520396045, 24.13040834842, -234.0566525347, -226.4347310329, -233.3702525097, -234.3117232868, -234.7229004265, -235.6688560805, 36.78869360227, 36.39494293978, 36.70385958083, 36.72289492597, 36.74282288988, 36.76213679929
37.4, 0.02810660410555, 0, 6, 0.9314378264037, -1.507397929586, -1.507597184233, -0.5125859615765, 0.05329141899236, -2.502926157233, -3.072697097977, 554.1630579883, 555.392979677, 554.9420493439, 556.0990659544, 1.065773508, 99.99800729503, 100, 100.0016426561, 997.3779360806, 1014.567912179, 997.07932407, 994.9482765463, 997.6792928455, 995.5501661527, 23.89491140448, 24.13970851057, 23.69617673264, 23.79842164258, 24.14444373682, -233.7748918215, -226.148760167, -233.0885776845, -234.0305714503, -234.4410809821, -235.3875586382, 36.78277972194, 36.38902089298, 36.69797799736, 36.7170268782, 36.73686224086, 36.75619285729
37.425, 0.02782628902542, 0, 6, 0.9318103743605, -1.504574732347, -1.504773772782, -0.5097575884705, 0.056306265526, -2.50013500509, -3.069656331256, 554.5337600768, 555.7641296402, 555.3129441087, 556.4704001713, 1.026348376853, 99.99798867486, 100, 100.0016295449, 998.0125680478, 1015.200699564, 997.7137984981, 995.5829790911, 998.3140946339, 996.1851982547, 23.90883518765, 24.15271281061, 23.71002542466, 23.8114336151, 24.15831929112, -233.4929766539, -225.8626823219, -232.8067477383, -233.7492586193, -234.159108027, -235.1061017974, 36.77686131488, 36.38309446585, 36.69209244962, 36.71115464275, 36.73089679194, 36.75024375038
37.45, 0.02753092220171, 0, 6, 0.9321752954733, -1.501733083333, -1.501931903326, -0.5069138608413, 0.05935738155592, -2.497327256801, -3.066582227488, 554.9044632974, 556.1352804216, 555.6838375985, 556.841733102, 0.9857969639817, 99.99796980328, 100, 100.0016160855, 998.6471320546, 1015.833440052, 998.3482070181, 996.2176130922, 998.948826493, 996.8201578296, 23.9225931686, 24.1655027095, 23.72370536433, 23.82423122978, 24.17202559443, -233.2109088225, -225.57650207, -232.5247643949, -233.4677861711, -233.8769833839, -234.8244870346, 36.77093846779, 36.37716375069, 36.68620299356, 36.70527826064, 36.72492666975, 36.74428960115
37.475, 0.02722000466432, 0, 6, 0.9325323502487, -1.498876493216, -1.499075086906, -0.5040581919991, 0.06244210099672, -2.494506304622, -3.063477423726, 555.2751677169, 556.5064320816, 556.0547297431, 557.2130646871, 0.9441707223135, 99.99795066564, 100, 100.0016022609, 999.2816288902, 1016.466135728, 998.9825505229, 996.8521792818, 999.5834890926, 997.4550453848, 23.93617580668, 24.17806939639, 23.73720697496, 23.83680566002, 24.1855530541, -232.9286902042, -225.2902241146, -232.2426294638, -233.1861555633, -233.594708963, -234.5427159081, 36.76501126983, 36.37122884213, 36.68030968966, 36.6993977776, 36.71895200113, 36.73833053232
37.5, 0.02689305534005, 0, 6, 0.9328813053483, -1.496008295496, -1.496206657379, -0.501193834962, 0.06555787931339, -2.491675379424, -3.0603444307, 555.6458734021, 556.8775846806, 556.4256204718, 557.5843948673, 0.9015222235399, 99.99793124764, 100, 100.0015880542, 999.9160593833, 1017.098788729, 999.6168299465, 997.4866784319, 1000.218083142, 998.0898614663, 23.94957351495, 24.19040387926, 23.75052062296, 23.84914789757, 24.19889201838, -232.6463227624, -225.0038532598, -231.9603448414, -232.9043683384, -233.3122867621, -234.2607900626, 36.75907981256, 36.36528983703, 36.67441260311, 36.69351324503, 36.71297291267, 36.73236666576
37.525, 0.02654966889398, 0, 6, 0.9332219334737, -1.493131564522, -1.493329689417, -0.4983238013284, 0.06870231623777, -2.488837469071, -3.057185613962, 556.01658042, 557.2487382792, 556.7965097139, 557.9557235832, 0.8579049166793, 99.99791153536, 100, 100.0015734489, 1000.550424403, 1017.731401228, 1000.251046263, 998.1211113552, 1000.852609392, 998.7246066615, 23.96277673721, 24.20249729503, 23.76363670842, 23.86124906273, 24.2120328687, -232.3638085472, -224.7173943882, -231.6779125123, -232.6224261285, -233.0297188673, -233.978711232, 36.7531441899, 36.35934683444, 36.66851180347, 36.68762471974, 36.70698953104, 36.72639812281
37.55, 0.02618956019621, 0, 6, 0.9335540142278, -1.490249105273, -1.49044698829, -0.4954508309927, 0.07187313744256, -2.485995288385, -3.054003214355, 556.3872888367, 557.6198929372, 557.1673973994, 558.3270507764, 0.8133729479198, 99.9978915153, 100, 100.0015584288, 1001.18472486, 1018.363975432, 1000.885200487, 998.7554789057, 1001.487068637, 999.3592816015, 23.97577600633, 24.21434111115, 23.77654573218, 23.87310060609, 24.22496608786, -232.081149697, -224.4308524444, -231.3953345511, -232.3403306589, -232.7470074537, -233.6964812427, 36.7472044981, 36.35339993554, 36.66260736419, 36.68173226331, 36.70100198331, 36.72042502492
37.575, 0.02581256591124, 0, 6, 0.9338773356472, -1.487363470816, -1.487561107332, -0.4925774028051, 0.07506817359516, -2.483151290392, -3.050799369584, 556.7579987172, 557.991048714, 557.5382834589, 558.6983763895, 0.7679810029523, 99.99787117448, 100, 100.0015429782, 1001.818961705, 1018.996513573, 1001.519293673, 999.3897819798, 1002.121461713, 999.9938869632, 23.98856199434, 24.22592710038, 23.78923834892, 23.88469428335, 24.23768231367, -231.7983484388, -224.144232421, -231.1126131227, -232.0580837505, -232.4641547856, -233.4141020159, 36.74126083565, 36.34744924358, 36.6566993623, 36.67583594163, 36.69501039713, 36.71444749421
37.6, 0.02541862933918, 0, 6, 0.9341916959034, -1.484476980612, -1.484674366242, -0.4897057562654, 0.0782853502645, -2.480307688678, -3.047576123899, 557.1287101254, 558.3622056677, 557.9091678244, 559.0697003662, 0.7217841620095, 99.9978505005, 100, 100.0015270821, 1002.45313593, 1019.629017902, 1002.153326915, 1000.024021516, 1002.755789501, 1000.62842347, 24.00112555674, 24.23724730644, 23.80170541115, 23.89602212108, 24.25017238304, -231.5154070886, -223.8575393451, -230.8297504832, -231.7756873223, -232.1811632165, -233.1315755687, 36.73531330331, 36.34149486376, 36.6507878782, 36.66993582466, 36.68901490074, 36.70846565357
37.625, 0.02500778856203, 0, 6, 0.9344969047274, -1.481591732062, -1.481788862639, -0.4868379053524, 0.08152268728257, -2.477466471865, -3.044335427899, 557.4994231235, 558.7333638553, 558.2800504295, 559.4410226519, 0.6748377732495, 99.99782948161, 100, 100.0015107259, 1003.087248569, 1020.261490683, 1002.787301346, 1000.658198495, 1003.390052928, 1001.262891894, 24.01345776959, 24.24829405442, 23.81393800529, 23.90707642712, 24.2624273679, -231.2323280508, -223.5707782669, -230.5467489794, -231.4931433921, -231.8980351887, -232.8489040152, 36.72936200394, 36.33553690316, 36.64487299562, 36.66403198632, 36.68301562295, 36.70247962674
37.65, 0.02458017068342, 0, 6, 0.9347927843465, -1.478709606953, -1.478906478505, -0.4839756455699, 0.08477830252808, -2.474629411208, -3.041079133909, 557.8701377719, 559.1045233323, 558.6509312091, 559.8123431939, 0.6271973464998, 99.99780810679, 100, 100.0014938959, 1003.721300698, 1020.89393419, 1003.421218138, 1001.292313942, 1004.024252963, 1001.897293054, 24.02554995922, 24.25906001697, 23.82592748044, 23.91784985684, 24.27443860374, -230.9491138177, -223.28395425, -230.263611048, -231.210454077, -231.6147732317, -232.5660895662, 36.72340704249, 36.32957547065, 36.63895480144, 36.65812450446, 36.67701269302, 36.69648953818
37.675, 0.02413598640332, 0, 6, 0.9350791699534, -1.475832276412, -1.476028885139, -0.481120558313, 0.08805041607325, -2.471798065352, -3.037808991244, 558.2408541289, 559.4756841524, 559.0218101005, 560.1836619412, 0.5789184626723, 99.99778636583, 100, 100.0014765795, 1004.35529343, 1021.526350706, 1004.055078499, 1001.926368921, 1004.658390621, 1002.531627819, 24.0373937258, 24.26953823787, 23.83766547153, 23.92833543676, 24.28619771269, -230.6657669683, -222.9970723632, -229.9803392151, -230.9276215936, -231.3313799616, -232.2831345292, 36.71744852589, 36.32361067675, 36.63303338561, 36.65221346066, 36.67100624062, 36.69049551306
37.7, 0.02367550167293, 0, 6, 0.9353559098086, -1.472961211391, -1.473157553647, -0.4782740363394, 0.09133734864483, -2.468973805975, -3.034526647449, 558.6115722507, 559.8468463679, 559.3926870426, 560.5549788449, 0.5300566986412, 99.99776424938, 100, 100.0014587646, 1004.989227923, 1022.158742512, 1004.688883675, 1002.56036454, 1005.29246696, 1003.165897107, 24.04898096111, 24.27972197989, 23.84914391659, 23.93852641249, 24.29769662064, -230.3822901667, -222.7101376737, -229.696936094, -230.6446482568, -231.047858079, -232.0000413072, 36.71148656293, 36.31764263357, 36.62710884092, 36.64629894013, 36.66499639584, 36.68449767722
37.725, 0.02319900385513, 0, 6, 0.9356228649805, -1.470097706557, -1.470293778831, -0.4754373251618, 0.09463750936667, -2.466157859087, -3.031233660478, 558.9822921915, 560.2180100292, 559.7635619765, 560.9262938582, 0.4806675886705, 99.99774174904, 100, 100.0014404405, 1005.623105369, 1022.791111892, 1005.32263495, 1003.194301946, 1005.926483081, 1003.800101882, 24.0603038548, 24.28960453547, 23.86035506191, 23.94841605938, 24.3089275625, -230.0986861607, -222.4231552435, -229.4134043843, -230.3615364788, -230.7642103677, -231.7168123974, 36.70552126416, 36.3116714547, 36.62118126268, 36.64038103132, 36.65898328929, 36.67849615724
37.75, 0.02270686805825, 0, 6, 0.9358799088515, -1.467242902218, -1.467438701122, -0.472611491722, 0.0979493893216, -2.463351273825, -3.027931505182, 559.3530140033, 560.5891751851, 560.1344348452, 561.2976069363, 0.430806621479, 99.99771885743, 100, 100.0014215973, 1006.256927003, 1023.42346113, 1005.95633364, 1003.828182329, 1006.560440128, 1004.434243158, 24.07135488998, 24.29917977115, 23.87129145653, 23.95799822713, 24.31988307664, -229.8149577803, -222.1361301298, -229.1297468699, -230.078288767, -230.4804396929, -231.4334503895, 36.69955274182, 36.30569725508, 36.61525074857, 36.63445982566, 36.65296705208, 36.67249108057
37.775, 0.02219952636148, 0, 6, 0.9361269268065, -1.464397794564, -1.464593316815, -0.4697974475437, 0.1012715648577, -2.460554945772, -3.024621570023, 559.7237377357, 560.9603418825, 560.5053055941, 561.6689180365, 0.3805292123075, 99.99769556818, 100, 100.0014022266, 1006.890694094, 1024.055792511, 1006.589981099, 1004.462006916, 1007.194339288, 1005.068321993, 24.08212684482, 24.30844195472, 23.88194595227, 23.96726716691, 24.33055600506, -229.5311079359, -221.8490673815, -228.8459664175, -229.7949077224, -230.1965489993, -231.1499579632, 36.69358110964, 36.29972015095, 36.60931739851, 36.62853541743, 36.64694781567, 36.66648257537
37.8, 0.02167745613396, 0, 6, 0.9363638160817, -1.461563240233, -1.461758482644, -0.4669959600663, 0.10460270104, -2.457769628318, -3.021305153572, 560.0944634361, 561.3315101668, 560.8761741708, 562.0402271181, 0.329890656802, 99.99767187603, 100, 100.0013823208, 1007.524407952, 1024.688108316, 1007.223578711, 1005.095776974, 1007.828181786, 1005.702339491, 24.09261279821, 24.31738575723, 23.89231170855, 23.97621753358, 24.34093949817, -229.2471396154, -221.5619720361, -228.5620659732, -229.5113960369, -229.912541308, -230.8663378864, 36.6876064828, 36.29374025968, 36.60338131459, 36.62260790363, 36.64092571179, 36.66047077036
37.825, 0.02114117470195, 0, 6, 0.9365904857349, -1.458739962309, -1.458934921776, -0.4642076618495, 0.1079415498567, -2.454995941908, -3.017983466162, 560.4651911497, 561.7026800815, 561.2470405248, 562.4115341426, 0.2789460730276, 99.99764777693, 100, 100.001361874, 1008.158069919, 1025.320410819, 1007.857127895, 1005.729493805, 1008.461968888, 1006.336296803, 24.10280613805, 24.32600626491, 23.90238220032, 23.9848443976, 24.35102702276, -228.9630558813, -221.2748491137, -228.2780485605, -229.2277564909, -229.6284197142, -230.5825930123, 36.68162897775, 36.28775769969, 36.59744260077, 36.61667738382, 36.63490087238, 36.65445579482
37.85, 0.02059123805465, 0, 6, 0.9368068566913, -1.455928559843, -1.456123233333, -0.4614330603296, 0.1112869434679, -2.452234383919, -3.014657636476, 560.8359209194, 562.0738516683, 561.6179046083, 562.7828390738, 0.2277503330415, 99.99762326803, 100, 100.0013408815, 1008.791681373, 1025.952702289, 1008.4906301, 1006.363158751, 1009.0957019, 1006.97019512, 24.11270057178, 24.33429900771, 23.91215122834, 23.99314327376, 24.36081237232, -228.6788598683, -220.9877036115, -227.993917277, -228.9439919508, -229.3441873836, -230.2987262765, 36.67564871212, 36.28177259028, 36.59150136277, 36.61074395988, 36.62887342953, 36.64843777847
37.875, 0.02002823942693, 0, 6, 0.9370128618352, -1.453129519255, -1.453323903793, -0.4586725486573, 0.1146377852605, -2.449485339628, -3.01132872033, 561.2066527853, 562.445024967, 561.9887663757, 563.1541418775, 0.1763579832707, 99.99759834781, 100, 100.0013193402, 1009.425243724, 1026.58498498, 1009.124086801, 1006.996773183, 1009.729382161, 1007.604035678, 24.12229013945, 24.34225997469, 23.9216129319, 24.00111013655, 24.37028967968, -228.3945547794, -220.7005404959, -227.7096752908, -228.660105366, -229.0598475492, -230.0147406942, 36.66966580455, 36.27578505152, 36.58555770776, 36.60480773582, 36.62284351549, 36.6424168515
37.9, 0.01945280264092, 0, 6, 0.9372084461287, -1.450343225974, -1.450537318642, -0.4559264198969, 0.1179930403961, -2.446749096528, -3.007997709982, 561.5773867851, 562.8162000153, 562.3596257843, 563.525442522, 0.1248231546941, 99.99757301611, 100, 100.0012972482, 1010.058758412, 1027.217261134, 1009.757499505, 1007.63033851, 1010.363011048, 1008.237819753, 24.13156922911, 24.34988558124, 23.93076180356, 24.00874138754, 24.37945343182, -228.1101438822, -220.4133646949, -227.4253258374, -228.3760997658, -228.7754035075, -229.7306393572, 36.66368037458, 36.26979520412, 36.57961174422, 36.59886881752, 36.61681126255, 36.63639314449
37.925, 0.01886556928414, 0, 6, 0.9373935667096, -1.447569976933, -1.447763774857, -0.4531948859326, 0.1213517254168, -2.444025863282, -3.004665544418, 561.9481229541, 563.187376849, 562.7304827936, 563.8967409782, 0.07319947014137, 99.99754727422, 100, 100.0012746057, 1010.692226909, 1027.849532971, 1010.390869741, 1008.26385617, 1010.996589973, 1008.871548662, 24.14053259236, 24.35717258059, 23.93959270406, 24.0160337669, 24.38829848471, -227.825630506, -220.1261810895, -227.1408722159, -228.0919782569, -228.4908586145, -229.4464254303, 36.65769254252, 36.26380316929, 36.57366358164, 36.59292731253, 36.61077680305, 36.63036678837
37.95, 0.01826719941079, 0, 6, 0.9375681929061, -1.444809994128, -1.445003494476, -0.4504780900166, 0.1247128974644, -2.441315782263, -3.001333120083, 562.3188613245, 563.5585555014, 563.101337366, 564.2680372192, 0.02153996042045, 99.99752112489, 100, 100.0012514141, 1011.325650713, 1028.481802687, 1011.024199062, 1008.89732763, 1011.630120377, 1009.50522376, 24.14917535705, 24.36411811197, 23.94810087423, 24.02298440155, 24.39682007528, -227.5410180373, -219.8389945064, -226.8563177851, -227.8077440195, -228.2062162824, -229.1621021479, 36.65170242931, 36.2578090686, 36.56771333033, 36.58698332986, 36.60474026929, 36.6243379144
37.975, 0.01765839016403, 0, 6, 0.93773230619, -1.442063434344, -1.442256634321, -0.4477761028109, 0.1280756479514, -2.438618925727, -2.99800129717, 562.6896019259, 563.929736004, 563.4721894669, 564.639331221, -0.03010301288849, 99.99749457239, 100, 100.0012276766, 1011.959031348, 1029.114072456, 1011.657489043, 1009.530754388, 1012.263603735, 1010.138846438, 24.15749303772, 24.37071987903, 23.95628194477, 24.02959098382, 24.40501383124, -227.2563099162, -219.5518097105, -226.5716659597, -227.523400304, -227.9214799747, -228.8776728108, 36.64571015637, 36.25181302388, 36.56176110129, 36.58103697976, 36.59870179348, 36.61830665407
38, 0.01703990543997, 0, 6, 0.9378859002116, -1.43933038733, -1.439523284176, -0.445088900649, 0.1314391058789, -2.435935274445, -2.994670896221, 563.0603447849, 564.3009183854, 563.8430390647, 565.0106229622, -0.08167785020018, 99.99746762258, 100, 100.0012033983, 1012.592370363, 1029.746344416, 1012.290741277, 1010.164137966, 1012.897041549, 1010.772418126, 24.16548155006, 24.37697641269, 23.96413195056, 24.03585203447, 24.41287578532, -226.9715096322, -219.264631397, -226.2869202067, -227.2389504275, -227.6366532027, -228.5931407819, 36.63971584548, 36.24581515703, 36.55580700608, 36.57508837364, 36.59266150748, 36.61227313893
