Time,Kappa_L1,Alpha_L1,Gamma_L1,Fx_L1,Fy_L1,Fz_L1,Mx_L1,My_L1,Mz_L1
            0,             0,             0,            -5, -5.90899991989, 596.037231445,          6000, 155.774993896, -15.1440792084, 21.6290950775
        0.025,             0,             0, -4.98999977112, -5.90899276733, 594.982971191,          6000, 155.430343628, -15.1440839767,  21.584154129
         0.05,             0,             0, -4.98000001907, -5.90898561478, 593.928710938,          6000, 155.085708618, -15.1440896988, 21.5392074585
        0.075,             0,             0, -4.96999979019, -5.90897798538, 592.874389648,          6000,  154.74105835, -15.1440954208, 21.4942512512
          0.1,             0,             0, -4.96000003815, -5.90897083282, 591.820129395,          6000, 154.396408081, -15.1441001892, 21.4492874146
        0.125,             0,             0, -4.94999980927, -5.90896368027, 590.765869141,          6000, 154.051757812, -15.1441059113, 21.4043178558
         0.15,             0,             0, -4.94000005722, -5.90895652771, 589.711547852,          6000, 153.707092285, -15.1441106796, 21.3593387604
        0.175,             0,             0, -4.92999982834, -5.90894937515, 588.657287598,          6000, 153.362442017, -15.1441164017, 21.3143539429
          0.2,             0,             0, -4.92000007629, -5.9089422226, 587.603027344,          6000, 153.017791748,  -15.14412117, 21.2693595886
        0.225,             0,             0, -4.90999984741, -5.90893507004,  586.54876709,          6000, 152.673141479, -15.1441259384,  21.224357605
         0.25,             0,             0, -4.90000009537, -5.90892839432, 585.494506836,          6000, 152.328491211, -15.1441316605, 21.1793498993
        0.275,             0,             0, -4.88999986649, -5.90892124176, 584.440246582,          6000, 151.983840942, -15.1441364288, 21.1343326569
          0.3,             0,             0, -4.88000011444, -5.9089140892, 583.385925293,          6000, 151.639175415, -15.1441421509, 21.0893096924
        0.325,             0,             0, -4.86999988556, -5.90890693665, 582.331665039,          6000, 151.294525146, -15.1441469193, 21.0442771912
         0.35,             0,             0, -4.86000013351, -5.90890026093, 581.277404785,          6000, 150.949874878, -15.1441516876, 20.9992389679
        0.375,             0,             0, -4.84999990463, -5.90889310837, 580.223144531,          6000, 150.605209351, -15.1441574097, 20.9541912079
          0.4,             0,             0, -4.84000015259, -5.90888643265, 579.168884277,          6000, 150.260559082, -15.144162178, 20.9091377258
        0.425,             0,             0, -4.82999992371, -5.90887928009, 578.114624023,          6000, 149.915908813, -15.1441669464,  20.864074707
         0.45,             0,             0, -4.82000017166, -5.90887260437,  577.06036377,          6000, 149.571243286, -15.1441726685, 20.8190059662
        0.475,             0,             0, -4.80999994278, -5.90886545181, 576.006103516,          6000, 149.226593018, -15.1441774368, 20.7739295959
          0.5,             0,             0, -4.80000019073, -5.90885877609, 574.951843262,          6000,  148.88192749, -15.1441822052, 20.7288455963
        0.525,             0,             0, -4.78999996185, -5.90885210037, 573.897583008,          6000, 148.537277222, -15.1441869736, 20.6837539673
         0.55,             0,             0, -4.78000020981, -5.90884494781, 572.843322754,          6000, 148.192611694, -15.1441926956, 20.6386547089
        0.575,             0,             0, -4.76999998093, -5.90883827209,   571.7890625,          6000, 147.847961426, -15.144197464,  20.593547821
          0.6,             0,             0, -4.76000022888, -5.90883159637, 570.734802246,          6000, 147.503295898, -15.1442022324, 20.5484352112
        0.625,             0,             0,         -4.75, -5.90882492065, 569.680541992,          6000, 147.158630371, -15.1442070007, 20.5033130646
         0.65,             0,             0, -4.73999977112, -5.90881824493, 568.626281738,          6000, 146.813980103, -15.1442117691, 20.4581851959
        0.675,             0,             0, -4.73000001907, -5.90881156921, 567.572021484,          6000, 146.469314575, -15.1442174911, 20.4130496979
          0.7,             0,             0, -4.71999979019, -5.90880489349, 566.517822266,          6000, 146.124649048, -15.1442222595, 20.3679065704
        0.725,             0,             0, -4.71000003815, -5.90879821777, 565.463562012,          6000, 145.779983521, -15.1442270279, 20.3227558136
         0.75,             0,             0, -4.69999980927, -5.90879154205, 564.409301758,          6000, 145.435333252, -15.1442317963, 20.2775974274
        0.775,             0,             0, -4.69000005722, -5.90878486633, 563.355041504,          6000, 145.090667725, -15.1442365646, 20.2324333191
          0.8,             0,             0, -4.67999982834, -5.90877819061,  562.30078125,          6000, 144.746002197, -15.144241333, 20.1872596741
        0.825,             0,             0, -4.67000007629, -5.90877199173, 561.246520996,          6000,  144.40133667, -15.1442461014,  20.142080307
         0.85,             0,             0, -4.65999984741, -5.90876531601, 560.192321777,          6000, 144.056671143, -15.1442508698, 20.0968933105
        0.875,             0,             0, -4.65000009537, -5.90875864029, 559.138061523,          6000, 143.712005615, -15.1442556381, 20.0516986847
          0.9,             0,             0, -4.63999986649, -5.90875244141,  558.08380127,          6000, 143.367340088, -15.1442604065, 20.0064983368
        0.925,             0,             0, -4.63000011444, -5.90874576569, 557.029541016,          6000, 143.022674561, -15.1442651749, 19.9612884521
         0.95,             0,             0, -4.61999988556, -5.9087395668, 555.975341797,          6000, 142.678009033, -15.1442699432, 19.9160728455
        0.975,             0,             0, -4.61000013351, -5.90873289108, 554.921081543,          6000, 142.333343506, -15.1442747116, 19.8708496094
            1,             0,             0, -4.59999990463, -5.9087266922, 553.866821289,          6000, 141.988677979,  -15.14427948, 19.8256206512
        1.025,             0,             0, -4.59000015259, -5.90872001648, 552.812561035,          6000, 141.644012451, -15.1442842484, 19.7803821564
         1.05,             0,             0, -4.57999992371, -5.9087138176, 551.758361816,          6000, 141.299346924, -15.144288063, 19.7351379395
        1.075,             0,             0, -4.57000017166, -5.90870761871, 550.704101562,          6000, 140.954681396, -15.1442928314, 19.6898860931
          1.1,             0,             0, -4.55999994278, -5.90870094299, 549.649841309,          6000, 140.610015869, -15.1442975998, 19.6446285248
        1.125,             0,             0, -4.55000019073, -5.90869474411,  548.59564209,          6000, 140.265350342, -15.1443023682, 19.5993614197
         1.15,             0,             0, -4.53999996185, -5.90868854523, 547.541381836,          6000, 139.920684814, -15.1443071365, 19.5540885925
        1.175,             0,             0, -4.53000020981, -5.90868234634, 546.487121582,          6000, 139.576004028, -15.1443119049, 19.5088100433
          1.2,             0,             0, -4.51999998093, -5.90867614746, 545.432922363,          6000, 139.231338501, -15.1443157196, 19.4635219574
        1.225,             0,             0, -4.51000022888, -5.90866994858, 544.378662109,          6000, 138.886672974, -15.144320488, 19.4182281494
         1.25,             0,             0,          -4.5, -5.90866374969, 543.324462891,          6000, 138.541992188, -15.1443252563,  19.372926712
        1.275,             0,             0, -4.48999977112, -5.90865755081, 542.270202637,          6000,  138.19732666, -15.1443300247, 19.3276195526
          1.3,             0,             0, -4.48000001907, -5.90865135193, 541.215942383,          6000, 137.852661133, -15.1443338394, 19.2823047638
        1.325,             0,             0, -4.46999979019, -5.90864515305, 540.161743164,          6000, 137.507980347, -15.1443386078, 19.2369823456
         1.35,             0,             0, -4.46000003815, -5.90863895416,  539.10748291,          6000, 137.163314819, -15.1443433762, 19.1916542053
        1.375,             0,             0, -4.44999980927, -5.90863323212, 538.053283691,          6000, 136.818634033, -15.1443471909, 19.1463184357
          1.4,             0,             0, -4.44000005722, -5.90862703323, 536.999023438,          6000, 136.473968506, -15.1443519592, 19.1009750366
        1.425,             0,             0, -4.42999982834, -5.90862083435, 535.944824219,          6000,  136.12928772, -15.1443567276, 19.0556259155
         1.45,             0,             0, -4.42000007629, -5.9086151123, 534.890563965,          6000, 135.784622192, -15.1443605423,  19.010269165
        1.475,             0,             0, -4.40999984741, -5.90860891342, 533.836364746,          6000, 135.439941406, -15.1443653107, 18.9649047852
          1.5,             0,             0, -4.40000009537, -5.90860271454, 532.782104492,          6000, 135.095275879, -15.1443691254, 18.9195346832
        1.525,             0,             0, -4.38999986649, -5.90859699249, 531.727905273,          6000, 134.750595093, -15.1443738937, 18.8741569519
         1.55,             0,             0, -4.38000011444, -5.90859127045,  530.67364502,          6000, 134.405929565, -15.1443786621, 18.8287734985
        1.575,             0,             0, -4.36999988556, -5.90858507156, 529.619445801,          6000, 134.061248779, -15.1443824768, 18.7833824158
          1.6,             0,             0, -4.36000013351, -5.90857934952, 528.565185547,          6000, 133.716567993, -15.1443872452, 18.7379837036
        1.625,             0,             0, -4.34999990463, -5.90857315063, 527.510986328,          6000, 133.371902466, -15.1443910599, 18.6925792694
         1.65,             0,             0, -4.34000015259, -5.90856742859, 526.456726074,          6000,  133.02722168, -15.1443958282, 18.6471691132
        1.675,             0,             0, -4.32999992371, -5.90856170654, 525.402526855,          6000, 132.682540894, -15.1443996429, 18.6017494202
          1.7,             0,             0, -4.32000017166, -5.9085559845, 524.348327637,          6000, 132.337860107, -15.1444044113, 18.5563259125
        1.725,             0,             0, -4.30999994278, -5.90855026245, 523.294067383,          6000,  131.99319458, -15.144408226,  18.510892868
         1.75,             0,             0, -4.30000019073, -5.90854406357, 522.239868164,          6000, 131.648513794, -15.1444129944, 18.4654560089
        1.775,             0,             0, -4.28999996185, -5.90853834152,  521.18560791,          6000, 131.303833008, -15.1444168091,  18.420009613
          1.8,             0,             0, -4.28000020981, -5.90853261948, 520.131408691,          6000, 130.959152222, -15.1444206238, 18.3745594025
        1.825,             0,             0, -4.26999998093, -5.90852689743, 519.077148438,          6000, 130.614471436, -15.1444253922, 18.3290996552
         1.85,             0,             0, -4.26000022888, -5.90852117538, 518.022949219,          6000, 130.269790649, -15.1444292068, 18.2836341858
        1.875,             0,             0,         -4.25, -5.90851545334,     516.96875,          6000, 129.925109863, -15.1444330215, 18.2381629944
          1.9,             0,             0, -4.23999977112, -5.90851020813, 515.914489746,          6000, 129.580429077, -15.1444377899, 18.1926841736
        1.925,             0,             0, -4.23000001907, -5.90850448608, 514.860290527,          6000, 129.235748291, -15.1444416046, 18.1471996307
         1.95,             0,             0, -4.21999979019, -5.90849876404, 513.806091309,          6000, 128.891067505, -15.1444454193, 18.1017074585
        1.975,             0,             0, -4.21000003815, -5.90849304199, 512.751831055,          6000, 128.546386719, -15.1444501877, 18.0562095642
            2,             0,             0, -4.19999980927, -5.90848779678, 511.697631836,          6000, 128.201705933, -15.1444540024, 18.0107059479
        2.025,             0,             0, -4.19000005722, -5.90848207474,   510.6434021,          6000, 127.857032776, -15.1444578171, 17.9651927948
         2.05,             0,             0, -4.17999982834, -5.90847635269, 509.589172363,          6000,  127.51234436, -15.1444625854,  17.919675827
        2.075,             0,             0, -4.17000007629, -5.90847110748, 508.534973145,          6000, 127.167663574, -15.1444664001, 17.8741512299
          2.1,             0,             0, -4.15999984741, -5.90846538544, 507.480743408,          6000, 126.822982788, -15.1444702148, 17.8286209106
        2.125,             0,             0, -4.15000009537, -5.90846014023, 506.426513672,          6000, 126.478302002, -15.1444740295,  17.783082962
         2.15,             0,             0, -4.13999986649, -5.90845441818, 505.372314453,          6000, 126.133613586, -15.1444778442, 17.7375392914
        2.175,             0,             0, -4.13000011444, -5.90844917297, 504.318084717,          6000,   125.7889328, -15.1444826126, 17.6919879913
          2.2,             0,             0, -4.11999988556, -5.90844345093,  503.26385498,          6000, 125.444244385, -15.1444864273, 17.6464309692
        2.225,             0,             0, -4.11000013351, -5.90843820572, 502.209655762,          6000, 125.099563599, -15.144490242, 17.6008682251
         2.25,             0,             0, -4.09999990463, -5.90843296051, 501.155426025,          6000, 124.754875183, -15.1444940567, 17.5552978516
        2.275,             0,             0, -4.09000015259, -5.9084277153, 500.101196289,          6000, 124.410194397, -15.1444978714,  17.509721756
          2.3,             0,             0, -4.07999992371, -5.90842199326,  499.04699707,          6000, 124.065505981, -15.1445016861, 17.4641399384
        2.325,             0,             0, -4.07000017166, -5.90841674805, 497.992767334,          6000, 123.720817566, -15.1445055008, 17.4185504913
         2.35,             0,             0, -4.05999994278, -5.90841150284, 496.938568115,          6000,  123.37613678, -15.1445093155, 17.3729553223
        2.375,             0,             0, -4.05000019073, -5.90840625763, 495.884338379,          6000, 123.031448364, -15.1445131302, 17.3273525238
          2.4,             0,             0, -4.03999996185, -5.90840101242, 494.830108643,          6000, 122.686759949, -15.1445169449, 17.2817459106
        2.425,             0,             0, -4.03000020981, -5.90839576721, 493.775909424,          6000, 122.342071533, -15.1445207596, 17.2361316681
         2.45,             0,             0, -4.01999998093,  -5.908390522, 492.721679688,          6000, 121.997390747, -15.1445245743, 17.1905097961
        2.475,             0,             0, -4.01000022888, -5.90838527679, 491.667480469,          6000, 121.652702332, -15.144528389, 17.1448841095
          2.5,             0,             0,            -4, -5.90838003159, 490.613250732,          6000, 121.308013916, -15.1445322037, 17.0992507935
        2.525,             0,             0, -3.99000000954, -5.90837478638, 489.559051514,          6000,   120.9633255, -15.1445360184,  17.053609848
         2.55,             0,             0, -3.98000001907, -5.90836954117, 488.504821777,          6000, 120.618637085, -15.1445398331, 17.0079650879
        2.575,             0,             0, -3.97000002861, -5.9083647728, 487.450622559,          6000, 120.273948669, -15.1445436478, 16.9623126984
          2.6,             0,             0, -3.96000003815, -5.90835952759, 486.396392822,          6000, 119.929252625, -15.1445474625, 16.9166545868
        2.625,             0,             0, -3.95000004768, -5.90835428238, 485.342163086,          6000, 119.584564209, -15.1445512772, 16.8709888458
         2.65,             0,             0, -3.94000005722, -5.90834903717, 484.287963867,          6000, 119.239875793, -15.1445550919, 16.8253192902
        2.675,             0,             0, -3.93000006676, -5.9083442688, 483.233734131,          6000, 118.895187378, -15.1445589066, 16.7796421051
          2.7,             0,             0, -3.92000007629, -5.90833902359, 482.179534912,          6000, 118.550491333, -15.1445627213,  16.733959198
        2.725,             0,             0, -3.91000008583, -5.90833425522, 481.125305176,          6000, 118.205802917, -15.1445665359, 16.6882705688
         2.75,             0,             0, -3.90000009537, -5.90832901001, 480.071105957,          6000, 117.861114502, -15.1445703506, 16.6425743103
        2.775,             0,             0, -3.8900001049, -5.90832424164, 479.016876221,          6000, 117.516418457, -15.1445732117, 16.5968723297
          2.8,             0,             0, -3.88000011444, -5.90831899643, 477.962677002,          6000, 117.171730042, -15.1445770264, 16.5511646271
        2.825,             0,             0, -3.86999988556, -5.90831422806, 476.908447266,          6000, 116.827033997, -15.1445808411, 16.5054512024
         2.85,             0,             0, -3.8599998951, -5.90830945969, 475.854248047,          6000, 116.482345581, -15.1445846558, 16.4597320557
        2.875,             0,             0, -3.84999990463, -5.90830421448, 474.800018311,          6000, 116.137649536, -15.1445884705, 16.4140052795
          2.9,             0,             0, -3.83999991417, -5.90829944611, 473.745819092,          6000, 115.792961121, -15.1445913315, 16.3682746887
        2.925,             0,             0, -3.82999992371, -5.90829467773, 472.691589355,          6000, 115.448265076, -15.1445951462, 16.3225364685
         2.95,             0,             0, -3.81999993324, -5.90828990936, 471.637359619,          6000, 115.103569031, -15.1445989609, 16.2767925262
        2.975,             0,             0, -3.80999994278, -5.90828466415,   470.5831604,          6000, 114.758880615, -15.1446018219, 16.2310428619
            3,             0,             0, -3.79999995232, -5.90827989578, 469.528930664,          6000,  114.41418457, -15.1446056366, 16.1852874756
        3.025,             0,             0, -3.78999996185, -5.90827512741, 468.474731445,          6000, 114.069488525, -15.1446094513, 16.1395244598
         3.05,             0,             0, -3.77999997139, -5.90827035904, 467.420501709,          6000,  113.72479248, -15.144613266, 16.0937576294
        3.075,             0,             0, -3.76999998093, -5.90826559067,  466.36630249,          6000, 113.380096436, -15.144616127, 16.0479831696
          3.1,             0,             0, -3.75999999046, -5.9082608223, 465.312072754,          6000,  113.03540802, -15.1446199417, 16.0022029877
        3.125,             0,             0,         -3.75, -5.90825605392, 464.257873535,          6000, 112.690711975, -15.1446228027, 15.9564180374
         3.15,             0,             0, -3.74000000954, -5.90825128555, 463.203643799,          6000,  112.34601593, -15.1446266174, 15.9106264114
        3.175,             0,             0, -3.73000001907, -5.90824651718,  462.14944458,          6000, 112.001319885, -15.1446304321, 15.8648290634
          3.2,             0,             0, -3.72000002861, -5.90824222565, 461.095214844,          6000,  111.65662384, -15.1446332932, 15.8190259933
        3.225,             0,             0, -3.71000003815, -5.90823745728, 460.040985107,          6000, 111.311920166, -15.1446371078, 15.7732162476
         3.25,             0,             0, -3.70000004768, -5.9082326889, 458.986785889,          6000, 110.967224121, -15.1446399689, 15.7274017334
        3.275,             0,             0, -3.69000005722, -5.90822792053, 457.932556152,          6000, 110.622528076, -15.1446437836, 15.6815805435
          3.3,             0,             0, -3.68000006676,  -5.908223629, 456.878356934,          6000, 110.277832031, -15.1446475983, 15.6357545853
        3.325,             0,             0, -3.67000007629, -5.90821886063, 455.824127197,          6000, 109.933135986, -15.1446504593, 15.5899219513
         3.35,             0,             0, -3.66000008583, -5.90821409225, 454.769927979,          6000, 109.588432312, -15.144654274, 15.5440835953
        3.375,             0,             0, -3.65000009537, -5.90820980072, 453.715698242,          6000, 109.243736267, -15.144657135, 15.4982395172
          3.4,             0,             0, -3.6400001049, -5.90820503235, 452.661468506,          6000, 108.899040222, -15.1446609497, 15.4523897171
        3.425,             0,             0, -3.63000011444, -5.90820074081, 451.607269287,          6000, 108.554336548, -15.1446638107, 15.4065351486
         3.45,             0,             0, -3.61999988556, -5.90819597244, 450.553039551,          6000, 108.209640503, -15.1446676254, 15.3606739044
        3.475,             0,             0, -3.6099998951, -5.90819168091, 449.498840332,          6000, 107.864944458, -15.1446704865, 15.3148069382
          3.5,             0,             0, -3.59999990463, -5.90818691254, 448.444610596,          6000, 107.520240784, -15.1446733475, 15.2689342499
        3.525,             0,             0, -3.58999991417,  -5.908182621, 447.390380859,          6000, 107.175544739, -15.1446771622, 15.2230558395
         3.55,             0,             0, -3.57999992371, -5.90817832947, 446.336181641,          6000, 106.830841064, -15.1446800232, 15.1771717072
        3.575,             0,             0, -3.56999993324, -5.9081735611, 445.281951904,          6000,  106.48613739, -15.1446838379, 15.1312828064
          3.6,             0,             0, -3.55999994278, -5.90816926956, 444.227722168,          6000, 106.141441345, -15.1446866989, 15.0853872299
        3.625,             0,             0, -3.54999995232, -5.90816497803, 443.173522949,          6000, 105.796737671, -15.1446895599, 15.0394868851
         3.65,             0,             0, -3.53999996185, -5.90816068649, 442.119293213,          6000, 105.452033997, -15.1446933746, 14.9935798645
        3.675,             0,             0, -3.52999997139, -5.90815639496, 441.065063477,          6000, 105.107337952, -15.1446962357, 14.9476680756
          3.7,             0,             0, -3.51999998093, -5.90815210342, 440.010864258,          6000, 104.762634277, -15.1446990967, 14.9017505646
        3.725,             0,             0, -3.50999999046, -5.90814733505, 438.956634521,          6000, 104.417930603, -15.1447029114, 14.8558273315
         3.75,             0,             0,          -3.5, -5.90814304352, 437.902404785,          6000, 104.073226929, -15.1447057724, 14.8098983765
        3.775,             0,             0, -3.49000000954, -5.90813875198, 436.848205566,          6000, 103.728523254, -15.1447086334,  14.763964653
          3.8,             0,             0, -3.48000001907, -5.90813446045,  435.79397583,          6000, 103.383827209, -15.1447124481, 14.7180252075
        3.825,             0,             0, -3.47000002861, -5.90813064575, 434.739746094,          6000, 103.039123535, -15.1447153091,   14.67208004
         3.85,             0,             0, -3.46000003815, -5.90812635422, 433.685516357,          6000, 102.694419861, -15.1447181702, 14.6261291504
        3.875,             0,             0, -3.45000004768, -5.90812206268, 432.631317139,          6000, 102.349716187, -15.1447210312, 14.5801725388
          3.9,             0,             0, -3.44000005722, -5.90811777115, 431.577087402,          6000, 102.005012512, -15.1447248459, 14.5342111588
        3.925,             0,             0, -3.43000006676, -5.90811347961, 430.522857666,          6000, 101.660308838, -15.1447277069, 14.4882440567
         3.95,             0,             0, -3.42000007629, -5.90810918808,  429.46862793,          6000, 101.315605164, -15.1447305679, 14.4422721863
        3.975,             0,             0, -3.41000008583, -5.90810537338, 428.414428711,          6000,  100.97089386, -15.144733429, 14.3962936401
            4,             0,             0, -3.40000009537, -5.90810108185, 427.360198975,          6000, 100.626190186,  -15.14473629, 14.3503103256
        4.025,             0,             0, -3.3900001049, -5.90809679031, 426.305969238,          6000, 100.281486511, -15.1447401047, 14.3043222427
         4.05,             0,             0, -3.38000011444, -5.90809297562, 425.251739502,          6000, 99.9367828369, -15.1447429657, 14.2583274841
        4.075,             0,             0, -3.36999988556, -5.90808868408, 424.197509766,          6000, 99.5920791626, -15.1447458267, 14.2123289108
          4.1,             0,             0, -3.3599998951, -5.90808486938, 423.143310547,          6000, 99.2473678589, -15.1447486877, 14.1663236618
        4.125,             0,             0, -3.34999990463, -5.90808057785, 422.089080811,          6000, 98.9026641846, -15.1447515488, 14.1203136444
         4.15,             0,             0, -3.33999991417, -5.90807676315, 421.034851074,          6000, 98.5579605103, -15.1447544098, 14.0742988586
        4.175,             0,             0, -3.32999992371, -5.90807247162, 419.980621338,          6000, 98.2132492065, -15.1447572708, 14.0282773972
          4.2,             0,             0, -3.31999993324, -5.90806865692, 418.926391602,          6000, 97.8685455322, -15.1447601318,  13.982252121
        4.225,             0,             0, -3.30999994278, -5.90806436539, 417.872161865,          6000, 97.5238418579, -15.1447629929, 13.9362211227
         4.25,             0,             0, -3.29999995232, -5.90806055069, 416.817932129,          6000, 97.1791305542, -15.1447658539, 13.8901844025
        4.275,             0,             0, -3.28999996185, -5.90805673599, 415.763702393,          6000, 96.8344268799, -15.1447696686, 13.8441429138
          4.3,             0,             0, -3.27999997139, -5.90805244446, 414.709472656,          6000, 96.4897155762, -15.1447725296, 13.7980957031
        4.325,             0,             0, -3.26999998093, -5.90804862976,  413.65524292,          6000, 96.1450119019, -15.1447753906, 13.7520437241
         4.35,             0,             0, -3.25999999046, -5.90804481506, 412.601013184,          6000, 95.8003005981, -15.1447782516, 13.7059869766
        4.375,             0,             0,         -3.25, -5.90804100037, 411.546783447,          6000, 95.4555892944, -15.1447811127, 13.6599245071
          4.4,             0,             0, -3.24000000954, -5.90803670883, 410.492553711,          6000, 95.1108856201, -15.1447839737, 13.6138563156
        4.425,             0,             0, -3.23000001907, -5.90803289413, 409.438323975,          6000, 94.7661743164, -15.1447868347, 13.5677833557
         4.45,             0,             0, -3.22000002861, -5.90802907944, 408.384094238,          6000, 94.4214630127, -15.1447887421, 13.5217056274
        4.475,             0,             0, -3.21000003815, -5.90802526474, 407.329864502,          6000, 94.0767593384, -15.1447916031, 13.4756231308
          4.5,             0,             0, -3.20000004768, -5.90802145004, 406.275634766,          6000, 93.7320480347, -15.1447944641, 13.4295349121
        4.525,             0,             0, -3.19000005722, -5.90801763535, 405.221405029,          6000,  93.387336731, -15.1447973251,  13.383441925
         4.55,             0,             0, -3.18000006676, -5.90801382065, 404.167175293,          6000, 93.0426254272, -15.1448001862, 13.3373432159
        4.575,             0,             0, -3.17000007629, -5.90801000595, 403.112945557,          6000, 92.6979217529, -15.1448030472, 13.2912406921
          4.6,             0,             0, -3.16000008583, -5.90800619125, 402.058685303,          6000, 92.3532104492, -15.1448059082, 13.2451324463
        4.625,             0,             0, -3.15000009537, -5.90800285339, 401.004455566,          6000, 92.0084991455, -15.1448087692, 13.1990184784
         4.65,             0,             0, -3.1400001049, -5.9079990387,  399.95022583,          6000, 91.6637878418, -15.1448116302, 13.1529006958
        4.675,             0,             0, -3.13000011444,  -5.907995224, 398.895996094,          6000, 91.3190765381, -15.1448144913, 13.1067771912
          4.7,             0,             0, -3.11999988556, -5.9079914093, 397.841766357,          6000, 90.9743652344, -15.1448163986, 13.0606489182
        4.725,             0,             0, -3.1099998951, -5.9079875946, 396.787536621,          6000, 90.6296539307, -15.1448192596, 13.0145158768
         4.75,             0,             0, -3.09999990463, -5.90798425674, 395.733276367,          6000,  90.284942627, -15.1448221207, 12.9683771133
        4.775,             0,             0, -3.08999991417, -5.90798044205, 394.679046631,          6000, 89.9402313232, -15.1448249817, 12.9222345352
          4.8,             0,             0, -3.07999992371, -5.90797662735, 393.624816895,          6000, 89.5955200195, -15.1448278427,  12.876086235
        4.825,             0,             0, -3.06999993324, -5.90797328949, 392.570556641,          6000, 89.2508087158, -15.1448297501, 12.8299331665
         4.85,             0,             0, -3.05999994278, -5.90796947479, 391.516326904,          6000, 88.9060974121, -15.1448326111, 12.7837753296
        4.875,             0,             0, -3.04999995232, -5.90796613693, 390.462097168,          6000,  88.561378479, -15.1448354721, 12.7376127243
          4.9,             0,             0, -3.03999996185, -5.90796232224, 389.407836914,          6000, 88.2166671753, -15.1448383331,  12.691444397
        4.925,             0,             0, -3.02999997139, -5.90795898438, 388.353607178,          6000, 87.8719558716, -15.1448402405, 12.6452722549
         4.95,             0,             0, -3.01999998093, -5.90795516968, 387.299377441,          6000, 87.5272445679, -15.1448431015, 12.5990953445
        4.975,             0,             0, -3.00999999046, -5.90795183182, 386.245117188,          6000, 87.1825332642, -15.1448459625, 12.5529127121
            5,             0,             0,            -3, -5.90794801712, 385.190887451,          6000, 86.8378143311, -15.1448488235,  12.506726265
        5.025,             0,             0, -2.99000000954, -5.90794467926, 384.136627197,          6000, 86.4931030273, -15.1448507309, 12.4605340958
         5.05,             0,             0, -2.98000001907, -5.9079413414, 383.082397461,          6000, 86.1483917236, -15.1448535919, 12.4143381119
        5.075,             0,             0, -2.97000002861, -5.90793800354, 382.028137207,          6000, 85.8036727905, -15.1448564529, 12.3681364059
          5.1,             0,             0, -2.96000003815, -5.90793418884, 380.973907471,          6000, 85.4589614868, -15.1448583603, 12.3219308853
        5.125,             0,             0, -2.95000004768, -5.90793085098, 379.919647217,          6000, 85.1142425537, -15.1448612213, 12.2757205963
         5.15,             0,             0, -2.94000005722, -5.90792751312,  378.86541748,          6000,   84.76953125, -15.1448631287, 12.2295045853
        5.175,             0,             0, -2.93000006676, -5.90792417526, 377.811157227,          6000, 84.4248199463, -15.1448659897, 12.1832847595
          5.2,             0,             0, -2.92000007629, -5.9079208374, 376.756896973,          6000, 84.0801010132, -15.1448688507, 12.1370601654
        5.225,             0,             0, -2.91000008583, -5.90791702271, 375.702667236,          6000, 83.7353897095, -15.1448707581, 12.0908308029
         5.25,             0,             0, -2.90000009537, -5.90791368484, 374.648406982,          6000, 83.3906707764, -15.1448736191, 12.0445966721
        5.275,             0,             0, -2.8900001049, -5.90791034698, 373.594146729,          6000, 83.0459518433, -15.1448755264, 11.9983577728
          5.3,             0,             0, -2.88000011444, -5.90790700912, 372.539916992,          6000, 82.7012405396, -15.1448783875, 11.9521150589
        5.325,             0,             0, -2.86999988556, -5.90790367126, 371.485656738,          6000, 82.3565216064, -15.1448812485, 11.9058666229
         5.35,             0,             0, -2.8599998951, -5.9079003334, 370.431396484,          6000, 82.0118103027, -15.1448831558, 11.8596143723
        5.375,             0,             0, -2.84999990463, -5.90789699554, 369.377166748,          6000, 81.6670913696, -15.1448860168, 11.8133573532
          5.4,             0,             0, -2.83999991417, -5.90789413452, 368.322906494,          6000, 81.3223724365, -15.1448879242, 11.7670955658
        5.425,             0,             0, -2.82999992371, -5.90789079666,  367.26864624,          6000, 80.9776611328, -15.1448907852,   11.72082901
         5.45,             0,             0, -2.81999993324, -5.9078874588, 366.214385986,          6000, 80.6329421997, -15.1448926926, 11.6745586395
        5.475,             0,             0, -2.80999994278, -5.90788412094, 365.160125732,          6000, 80.2882232666, -15.1448955536, 11.6282835007
          5.5,             0,             0, -2.79999995232, -5.90788078308, 364.105865479,          6000, 79.9435043335, -15.1448974609, 11.5820035934
        5.525,             0,             0, -2.78999996185, -5.90787792206, 363.051635742,          6000, 79.5987930298, -15.144900322, 11.5357189178
         5.55,             0,             0, -2.77999997139, -5.9078745842, 361.997375488,          6000, 79.2540740967, -15.1449022293, 11.4894304276
        5.575,             0,             0, -2.76999998093, -5.90787124634, 360.943115234,          6000, 78.9093551636, -15.1449041367, 11.4431371689
          5.6,             0,             0, -2.75999999046, -5.90786838531,  359.88885498,          6000, 78.5646362305, -15.1449069977, 11.3968400955
        5.625,             0,             0,         -2.75, -5.90786504745, 358.834594727,          6000, 78.2199172974, -15.144908905, 11.3505373001
         5.65,             0,             0, -2.74000000954, -5.90786170959, 357.780334473,          6000, 77.8751983643, -15.1449117661, 11.3042316437
        5.675,             0,             0, -2.73000001907, -5.90785884857, 356.726074219,          6000, 77.5304794312, -15.1449136734, 11.2579202652
          5.7,             0,             0, -2.72000002861, -5.90785551071, 355.671813965,          6000,  77.185760498, -15.1449165344,  11.211605072
        5.725,             0,             0, -2.71000003815, -5.90785264969, 354.617553711,          6000, 76.8410415649, -15.1449184418, 11.1652851105
         5.75,             0,             0, -2.70000004768, -5.90784931183, 353.563262939,          6000, 76.4963226318, -15.1449203491, 11.1189613342
        5.775,             0,             0, -2.69000005722, -5.90784645081, 352.509002686,          6000, 76.1516036987, -15.1449232101, 11.0726327896
          5.8,             0,             0, -2.68000006676, -5.90784311295, 351.454742432,          6000, 75.8068847656, -15.1449251175, 11.0263004303
        5.825,             0,             0, -2.67000007629, -5.90784025192, 350.400482178,          6000, 75.4621658325, -15.1449270248, 10.9799633026
         5.85,             0,             0, -2.66000008583, -5.9078373909, 349.346221924,          6000, 75.1174468994, -15.1449298859, 10.9336223602
        5.875,             0,             0, -2.65000009537, -5.90783405304,  348.29196167,          6000, 74.7727279663, -15.1449317932, 10.8872766495
          5.9,             0,             0, -2.6400001049, -5.90783119202, 347.237670898,          6000, 74.4280090332, -15.1449337006,  10.840927124
        5.925,             0,             0, -2.63000011444, -5.90782833099, 346.183410645,          6000, 74.0832901001, -15.1449356079, 10.7945728302
         5.95,             0,             0, -2.61999988556, -5.90782546997, 345.129150391,          6000,  73.738571167, -15.1449384689, 10.7482147217
        5.975,             0,             0, -2.6099998951, -5.90782213211, 344.074859619,          6000, 73.3938446045, -15.1449403763, 10.7018527985
            6,             0,             0, -2.59999990463, -5.90781927109, 343.020599365,          6000, 73.0491256714, -15.1449422836, 10.6554861069
        6.025,             0,             0, -2.58999991417, -5.90781641006, 341.966339111,          6000, 72.7044067383, -15.1449451447, 10.6091146469
         6.05,             0,             0, -2.57999992371, -5.90781354904,  340.91204834,          6000, 72.3596878052, -15.144947052, 10.5627393723
        6.075,             0,             0, -2.56999993324, -5.90781068802, 339.857788086,          6000, 72.0149612427, -15.1449489594, 10.5163602829
          6.1,             0,             0, -2.55999994278,  -5.907807827, 338.803497314,          6000, 71.6702423096, -15.1449508667, 10.4699773788
        6.125,             0,             0, -2.54999995232, -5.90780496597, 337.749237061,          6000, 71.3255233765, -15.144952774, 10.4235897064
         6.15,             0,             0, -2.53999996185, -5.90780210495, 336.694946289,          6000,  70.980796814, -15.1449556351, 10.3771982193
        6.175,             0,             0, -2.52999997139, -5.90779924393, 335.640686035,          6000, 70.6360778809, -15.1449575424, 10.3308029175
          6.2,             0,             0, -2.51999998093, -5.9077963829, 334.586395264,          6000, 70.2913589478, -15.1449594498, 10.2844028473
        6.225,             0,             0, -2.50999999046, -5.90779352188,  333.53213501,          6000, 69.9466323853, -15.1449613571, 10.2379989624
         6.25,             0,             0,          -2.5, -5.90779066086, 332.477844238,          6000, 69.6019134521, -15.1449632645, 10.1915912628
        6.275,             0,             0, -2.49000000954, -5.90778779984, 331.423553467,          6000,  69.257194519, -15.1449651718, 10.1451787949
          6.3,             0,             0, -2.48000001907, -5.90778493881, 330.369293213,          6000, 68.9124679565, -15.1449680328, 10.0987634659
        6.325,             0,             0, -2.47000002861, -5.90778207779, 329.315002441,          6000, 68.5677490234, -15.1449699402, 10.0523433685
         6.35,             0,             0, -2.46000003815, -5.9077796936,  328.26071167,          6000, 68.2230224609, -15.1449718475, 10.0059194565
        6.375,             0,             0, -2.45000004768, -5.90777683258, 327.206420898,          6000, 67.8783035278, -15.1449737549, 9.95949077606
          6.4,             0,             0, -2.44000005722, -5.90777397156, 326.152160645,          6000, 67.5335769653, -15.1449756622, 9.91305923462
        6.425,             0,             0, -2.43000006676, -5.90777111053, 325.097869873,          6000, 67.1888580322, -15.1449775696,  9.8666229248
         6.45,             0,             0, -2.42000007629, -5.90776872635, 324.043579102,          6000, 66.8441314697, -15.1449794769, 9.82018375397
        6.475,             0,             0, -2.41000008583, -5.90776586533,  322.98928833,          6000, 66.4994049072, -15.1449813843, 9.77373981476
          6.5,             0,             0, -2.40000009537, -5.90776348114, 321.934997559,          6000, 66.1546859741, -15.1449832916, 9.72729206085
        6.525,             0,             0, -2.3900001049, -5.90776062012, 320.880706787,          6000, 65.8099594116, -15.144985199, 9.68084049225
         6.55,             0,             0, -2.38000011444, -5.90775775909, 319.826416016,          6000, 65.4652404785, -15.1449871063, 9.63438510895
        6.575,             0,             0, -2.36999988556, -5.90775537491, 318.772125244,          6000,  65.120513916, -15.1449890137, 9.58792591095
          6.6,             0,             0, -2.3599998951, -5.90775251389, 317.717834473,          6000, 64.7757873535, -15.144990921, 9.54146289825
        6.625,             0,             0, -2.34999990463, -5.9077501297, 316.663543701,          6000,  64.431060791, -15.1449928284, 9.49499607086
         6.65,             0,             0, -2.33999991417, -5.90774726868,  315.60925293,          6000, 64.0863418579, -15.1449947357, 9.44852542877
        6.675,             0,             0, -2.32999992371, -5.90774488449, 314.554962158,          6000, 63.7416152954, -15.1449966431, 9.40205097198
          6.7,             0,             0, -2.31999993324, -5.90774250031, 313.500671387,          6000, 63.3968925476, -15.1449985504, 9.35557174683
        6.725,             0,             0, -2.30999994278, -5.90773963928, 312.446380615,          6000, 63.0521659851, -15.1450004578, 9.30908966064
         6.75,             0,             0, -2.29999995232, -5.9077372551, 311.392089844,          6000, 62.7074432373, -15.1450023651, 9.26260375977
        6.775,             0,             0, -2.28999996185, -5.90773487091, 310.337768555,          6000, 62.3627166748, -15.1450042725, 9.21611404419
          6.8,             0,             0, -2.27999997139, -5.90773200989, 309.283477783,          6000, 62.0179901123, -15.1450061798, 9.16962146759
        6.825,             0,             0, -2.26999998093, -5.9077296257, 308.229187012,          6000, 61.6732673645, -15.1450080872, 9.12312412262
         6.85,             0,             0, -2.25999999046, -5.90772724152,  307.17489624,          6000,  61.328540802, -15.1450099945, 9.07662296295
        6.875,             0,             0,         -2.25, -5.90772485733, 306.120574951,          6000, 60.9838142395, -15.1450119019, 9.03011894226
          6.9,             0,             0, -2.24000000954, -5.90772199631,  305.06628418,          6000,  60.639087677, -15.1450138092,  8.9836101532
        6.925,             0,             0, -2.23000001907, -5.90771961212, 304.011962891,          6000, 60.2943649292, -15.1450157166, 8.93709850311
         6.95,             0,             0, -2.22000002861, -5.90771722794, 302.957672119,          6000, 59.9496383667, -15.1450176239, 8.89058303833
        6.975,             0,             0, -2.21000003815, -5.90771484375, 301.903381348,          6000, 59.6049118042, -15.1450185776, 8.84406471252
            7,             0,             0, -2.20000004768, -5.90771245956, 300.849060059,          6000, 59.2601852417, -15.1450204849, 8.79754161835
        7.025,             0,             0, -2.19000005722, -5.90771007538, 299.794769287,          6000, 58.9154586792, -15.1450223923, 8.75101566315
         7.05,             0,             0, -2.18000006676, -5.90770769119, 298.740447998,          6000, 58.5707321167, -15.1450242996, 8.70448589325
        7.075,             0,             0, -2.17000007629, -5.90770530701, 297.686157227,          6000, 58.2260055542, -15.145026207, 8.65795230865
          7.1,             0,             0, -2.16000008583, -5.90770292282, 296.631835938,          6000, 57.8812789917, -15.1450281143, 8.61141490936
        7.125,             0,             0, -2.15000009537, -5.90770053864, 295.577514648,          6000, 57.5365524292, -15.145029068, 8.56487464905
         7.15,             0,             0, -2.1400001049, -5.90769815445, 294.523223877,          6000, 57.1918258667, -15.1450309753, 8.51833057404
        7.175,             0,             0, -2.13000011444, -5.90769577026, 293.468902588,          6000, 56.8470993042, -15.1450328827, 8.47178268433
          7.2,             0,             0, -2.11999988556, -5.90769338608, 292.414581299,          6000, 56.5023727417,  -15.14503479, 8.42523193359
        7.225,             0,             0, -2.1099998951, -5.90769147873, 291.360290527,          6000, 56.1576461792, -15.1450357437, 8.37867736816
         7.25,             0,             0, -2.09999990463, -5.90768909454, 290.305969238,          6000,  55.812915802, -15.1450376511, 8.33211994171
        7.275,             0,             0, -2.08999991417, -5.90768671036, 289.251647949,          6000, 55.4681892395, -15.1450395584, 8.28555774689
          7.3,             0,             0, -2.07999992371, -5.90768432617,  288.19732666,          6000,  55.123462677, -15.1450414658, 8.23899364471
        7.325,             0,             0, -2.06999993324, -5.90768194199, 287.143005371,          6000, 54.7787361145, -15.1450424194, 8.19242477417
         7.35,             0,             0, -2.05999994278, -5.90768003464, 286.088684082,          6000, 54.4340057373, -15.1450443268,  8.1458530426
        7.375,             0,             0, -2.04999995232, -5.90767765045, 285.034362793,          6000, 54.0892791748, -15.1450462341, 8.09927845001
          7.4,             0,             0, -2.03999996185, -5.90767526627, 283.980072021,          6000, 53.7445526123, -15.1450481415, 8.05270004272
        7.425,             0,             0, -2.02999997139, -5.90767335892, 282.925750732,          6000, 53.3998222351, -15.1450490952, 8.00611782074
         7.45,             0,             0, -2.01999998093, -5.90767097473, 281.871429443,          6000, 53.0550956726, -15.1450510025, 7.95953273773
        7.475,             0,             0, -2.00999999046, -5.90766906738, 280.817108154,          6000, 52.7103652954, -15.1450529099, 7.91294431686
          7.5,             0,             0,            -2, -5.9076666832, 279.762756348,          6000, 52.3656387329, -15.1450538635, 7.86635255814
        7.525,             0,             0, -1.99000000954, -5.90766477585, 278.708435059,          6000, 52.0209083557, -15.1450557709, 7.81975746155
         7.55,             0,             0, -1.98000001907, -5.90766239166,  277.65411377,          6000, 51.6761817932, -15.1450576782,  7.7731590271
        7.575,             0,             0, -1.97000002861, -5.90766048431,  276.59979248,          6000,  51.331451416, -15.1450586319, 7.72655773163
          7.6,             0,             0, -1.96000003815, -5.90765810013, 275.545471191,          6000, 50.9867248535, -15.1450605392, 7.67995262146
        7.625,             0,             0, -1.95000004768, -5.90765619278, 274.491149902,          6000, 50.6419944763, -15.1450614929, 7.63334465027
         7.65,             0,             0, -1.94000005722, -5.90765380859, 273.436798096,          6000, 50.2972640991, -15.1450634003, 7.58673334122
        7.675,             0,             0, -1.92999994755, -5.90765190125, 272.382476807,          6000, 49.9525375366, -15.1450653076, 7.54011869431
          7.7,             0,             0, -1.91999995708, -5.9076499939, 271.328155518,          6000, 49.6078071594, -15.1450662613, 7.49350070953
        7.725,             0,             0, -1.90999996662, -5.90764760971, 270.273803711,          6000, 49.2630767822, -15.1450681686, 7.44687986374
         7.75,             0,             0, -1.89999997616, -5.90764570236, 269.219482422,          6000,  48.918346405, -15.1450691223, 7.40025568008
        7.775,             0,             0, -1.88999998569, -5.90764379501, 268.165161133,          6000, 48.5736198425, -15.1450710297, 7.35362863541
          7.8,             0,             0, -1.87999999523, -5.90764141083, 267.110809326,          6000, 48.2288894653, -15.1450719833, 7.30699825287
        7.825,             0,             0, -1.87000000477, -5.90763950348, 266.056488037,          6000, 47.8841590881, -15.1450738907, 7.26036453247
         7.85,             0,             0, -1.86000001431, -5.90763759613,  265.00213623,          6000, 47.5394287109, -15.145075798, 7.21372795105
        7.875,             0,             0, -1.85000002384, -5.90763568878, 263.947814941,          6000, 47.1946983337, -15.1450767517, 7.16708850861
          7.9,             0,             0, -1.84000003338, -5.90763378143, 262.893463135,          6000, 46.8499679565, -15.1450786591,  7.1204457283
        7.925,             0,             0, -1.83000004292, -5.90763187408, 261.839141846,          6000, 46.5052375793, -15.1450796127, 7.07379961014
         7.95,             0,             0, -1.82000005245, -5.90762996674, 260.784790039,          6000, 46.1605072021, -15.1450815201, 7.02715063095
        7.975,             0,             0, -1.80999994278, -5.90762758255, 259.730438232,          6000,  45.815776825, -15.1450824738, 6.98049879074
            8,             0,             0, -1.79999995232, -5.9076256752, 258.676116943,          6000, 45.4710464478, -15.1450843811, 6.93384361267
        8.025,             0,             0, -1.78999996185, -5.90762376785, 257.621765137,          6000, 45.1263160706, -15.1450853348, 6.88718605042
         8.05,             0,             0, -1.77999997139, -5.9076218605,  256.56741333,          6000, 44.7815856934, -15.1450862885, 6.84052467346
        8.075,             0,             0, -1.76999998093, -5.90761995316, 255.513076782,          6000, 44.4368553162, -15.1450881958, 6.79386091232
          8.1,             0,             0, -1.75999999046, -5.90761804581, 254.458724976,          6000,  44.092124939, -15.1450891495, 6.74719429016
        8.125,             0,             0,         -1.75, -5.9076166153, 253.404373169,          6000, 43.7473945618, -15.1450910568, 6.70052433014
         8.15,             0,             0, -1.74000000954, -5.90761470795, 252.350036621,          6000, 43.4026641846, -15.1450920105, 6.65385150909
        8.175,             0,             0, -1.73000001907, -5.9076128006, 251.295684814,          6000, 43.0579299927, -15.1450939178, 6.60717582703
          8.2,             0,             0, -1.72000002861, -5.90761089325, 250.241333008,          6000, 42.7131996155, -15.1450948715, 6.56049728394
        8.225,             0,             0, -1.71000003815, -5.9076089859, 249.186981201,          6000, 42.3684692383, -15.1450958252, 6.51381587982
         8.25,             0,             0, -1.70000004768, -5.90760707855, 248.132629395,          6000, 42.0237388611, -15.1450977325, 6.46713161469
        8.275,             0,             0, -1.69000005722, -5.90760564804, 247.078277588,          6000, 41.6790046692, -15.1450986862, 6.42044401169
          8.3,             0,             0, -1.67999994755, -5.90760374069, 246.023925781,          6000,  41.334274292, -15.1451005936, 6.37375402451
        8.325,             0,             0, -1.66999995708, -5.90760183334, 244.969573975,          6000, 40.9895439148, -15.1451015472,  6.3270611763
         8.35,             0,             0, -1.65999996662, -5.90759992599, 243.915222168,          6000, 40.6448097229, -15.1451025009, 6.28036546707
        8.375,             0,             0, -1.64999997616, -5.90759849548, 242.860855103,          6000, 40.3000793457, -15.1451044083, 6.23366689682
          8.4,             0,             0, -1.63999998569, -5.90759658813, 241.806503296,          6000, 39.9553489685, -15.1451053619, 6.18696594238
        8.425,             0,             0, -1.62999999523, -5.90759468079, 240.752151489,          6000, 39.6106147766, -15.1451063156, 6.14026165009
         8.45,             0,             0, -1.62000000477, -5.90759325027, 239.697784424,          6000, 39.2658843994, -15.145108223,  6.0935549736
        8.475,             0,             0, -1.61000001431, -5.90759134293, 238.643432617,          6000, 38.9211502075, -15.1451091766,  6.0468454361
          8.5,             0,             0, -1.60000002384, -5.90758991241, 237.589065552,          6000, 38.5764198303, -15.1451101303, 6.00013303757
        8.525,             0,             0, -1.59000003338, -5.90758800507, 236.534698486,          6000, 38.2316856384, -15.145111084, 5.95341825485
         8.55,             0,             0, -1.58000004292, -5.90758657455,  235.48034668,          6000, 37.8869552612, -15.1451129913, 5.90670061111
        8.575,             0,             0, -1.57000005245, -5.90758466721, 234.425979614,          6000, 37.5422210693, -15.145113945, 5.85998010635
          8.6,             0,             0, -1.55999994278, -5.90758323669, 233.371612549,          6000, 37.1974906921, -15.1451148987, 5.81325721741
        8.625,             0,             0, -1.54999995232, -5.90758132935, 232.317245483,          6000, 36.8527565002, -15.145116806, 5.76653146744
         8.65,             0,             0, -1.53999996185, -5.90757989883, 231.262878418,          6000,  36.508026123, -15.1451177597, 5.71980333328
        8.675,             0,             0, -1.52999997139, -5.90757799149, 230.208511353,          6000, 36.1632919312, -15.1451187134,  5.6730723381
          8.7,             0,             0, -1.51999998093, -5.90757656097, 229.154144287,          6000, 35.8185577393, -15.1451196671, 5.62633895874
        8.725,             0,             0, -1.50999999046, -5.90757513046, 228.099777222,          6000, 35.4738273621, -15.1451206207, 5.57960271835
         8.75,             0,             0,          -1.5, -5.90757322311, 227.045410156,          6000, 35.1290931702, -15.1451225281, 5.53286409378
        8.775,             0,             0, -1.49000000954, -5.9075717926, 225.991043091,          6000, 34.7843589783, -15.1451234818, 5.48612260818
          8.8,             0,             0, -1.48000001907, -5.90757036209, 224.936660767,          6000, 34.4396286011, -15.1451244354,  5.4393787384
        8.825,             0,             0, -1.47000002861, -5.90756893158, 223.882293701,          6000, 34.0948944092, -15.1451253891, 5.39263248444
         8.85,             0,             0, -1.46000003815, -5.90756702423, 222.827926636,          6000, 33.7501602173, -15.1451263428, 5.34588384628
        8.875,             0,             0, -1.45000004768, -5.90756559372, 221.773544312,          6000, 33.4054260254, -15.1451282501, 5.29913234711
          8.9,             0,             0, -1.44000005722, -5.90756416321, 220.719177246,          6000, 33.0606956482, -15.1451292038, 5.25237846375
        8.925,             0,             0, -1.42999994755, -5.9075627327, 219.664794922,          6000, 32.7159614563, -15.1451301575,  5.2056221962
         8.95,             0,             0, -1.41999995708, -5.90756130219, 218.610412598,          6000, 32.3712272644, -15.1451311111, 5.15886354446
        8.975,             0,             0, -1.40999996662, -5.90755987167, 217.556045532,          6000, 32.0264930725, -15.1451320648, 5.11210203171
            9,             0,             0, -1.39999997616, -5.90755844116, 216.501663208,          6000, 31.6817588806, -15.1451330185,  5.0653386116
        9.025,             0,             0, -1.38999998569, -5.90755701065, 215.447280884,          6000, 31.3370265961, -15.1451339722, 5.01857233047
         9.05,             0,             0, -1.37999999523, -5.90755558014,  214.39289856,          6000, 30.9922924042, -15.1451358795, 4.97180366516
        9.075,             0,             0, -1.37000000477, -5.90755414963, 213.338516235,          6000, 30.6475582123, -15.1451368332,  4.9250330925
          9.1,             0,             0, -1.36000001431, -5.90755271912, 212.284133911,          6000, 30.3028240204, -15.1451377869, 4.87825965881
        9.125,             0,             0, -1.35000002384, -5.9075512886, 211.229751587,          6000, 29.9580898285, -15.1451387405, 4.83148384094
         9.15,             0,             0, -1.34000003338, -5.90754985809, 210.175369263,          6000, 29.6133556366, -15.1451396942, 4.78470611572
        9.175,             0,             0, -1.33000004292, -5.90754842758, 209.120986938,          6000, 29.2686233521, -15.1451406479, 4.73792600632
          9.2,             0,             0, -1.32000005245, -5.90754699707, 208.066604614,          6000, 28.9238891602, -15.1451416016, 4.69114303589
        9.225,             0,             0, -1.30999994278, -5.90754556656, 207.012207031,          6000, 28.5791549683, -15.1451425552, 4.64435815811
         9.25,             0,             0, -1.29999995232, -5.90754413605, 205.957824707,          6000, 28.2344207764, -15.1451435089, 4.59757089615
        9.275,             0,             0, -1.28999996185, -5.90754270554, 204.903442383,          6000, 27.8896846771, -15.1451444626, 4.55078172684
          9.3,             0,             0, -1.27999997139, -5.90754127502,   203.8490448,          6000, 27.5449504852, -15.1451454163, 4.50399017334
        9.325,             0,             0, -1.26999998093, -5.90754032135, 202.794662476,          6000, 27.2002162933, -15.1451463699, 4.45719575882
         9.35,             0,             0, -1.25999999046, -5.90753889084, 201.740264893,          6000, 26.8554821014, -15.1451473236, 4.41039991379
        9.375,             0,             0,         -1.25, -5.90753746033, 200.685882568,          6000, 26.5107479095, -15.1451482773, 4.36360120773
          9.4,             0,             0, -1.24000000954, -5.90753602982, 199.631484985,          6000, 26.1660137177, -15.145149231, 4.31680059433
        9.425,             0,             0, -1.23000001907, -5.90753507614, 198.577087402,          6000, 25.8212776184, -15.1451501846, 4.26999807358
         9.45,             0,             0, -1.22000002861, -5.90753364563, 197.522689819,          6000, 25.4765434265, -15.1451511383, 4.22319316864
        9.475,             0,             0, -1.21000003815, -5.90753269196, 196.468292236,          6000, 25.1318092346, -15.145152092, 4.17638587952
          9.5,             0,             0, -1.20000004768, -5.90753126144, 195.413909912,          6000, 24.7870731354, -15.1451530457, 4.12957668304
        9.525,             0,             0, -1.19000005722, -5.90752983093, 194.359512329,          6000, 24.4423389435, -15.1451539993, 4.08276557922
         9.55,             0,             0, -1.17999994755, -5.90752887726, 193.305114746,          6000, 24.0976047516, -15.145154953, 4.03595209122
        9.575,             0,             0, -1.16999995708, -5.90752744675, 192.250717163,          6000, 23.7528686523, -15.1451559067, 3.98913621902
          9.6,             0,             0, -1.15999996662, -5.90752649307, 191.196304321,          6000, 23.4081344604, -15.1451568604,  3.9423186779
        9.625,             0,             0, -1.14999997616, -5.90752506256, 190.141906738,          6000, 23.0633983612, -15.145157814, 3.89549899101
         9.65,             0,             0, -1.13999998569, -5.90752410889, 189.087509155,          6000, 22.7186641693, -15.1451587677, 3.84867715836
        9.675,             0,             0, -1.12999999523, -5.90752267838, 188.033111572,          6000, 22.3739280701, -15.1451597214, 3.80185341835
          9.7,             0,             0, -1.12000000477, -5.9075217247,  186.97869873,          6000, 22.0291938782, -15.1451597214, 3.75502753258
        9.725,             0,             0, -1.11000001431, -5.90752029419, 185.924301147,          6000, 21.6844577789, -15.145160675, 3.70819950104
         9.75,             0,             0, -1.10000002384, -5.90751934052, 184.869903564,          6000, 21.3397216797, -15.1451616287, 3.66136980057
        9.775,             0,             0, -1.09000003338, -5.90751838684, 183.815490723,          6000, 20.9949874878, -15.1451625824, 3.61453795433
          9.8,             0,             0, -1.08000004292, -5.90751695633, 182.761077881,          6000, 20.6502513885, -15.1451635361, 3.56770420074
        9.825,             0,             0, -1.07000005245, -5.90751600266, 181.706680298,          6000, 20.3055152893, -15.1451644897, 3.52086830139
         9.85,             0,             0, -1.05999994278, -5.90751504898, 180.652267456,          6000, 19.9607810974, -15.1451654434, 3.47403073311
        9.875,             0,             0, -1.04999995232, -5.90751361847, 179.597869873,          6000, 19.6160449982, -15.1451654434, 3.42719125748
          9.9,             0,             0, -1.03999996185, -5.90751266479, 178.543457031,          6000, 19.2713088989, -15.1451663971, 3.38034963608
        9.925,             0,             0, -1.02999997139, -5.90751171112, 177.489044189,          6000, 18.9265727997, -15.1451673508, 3.33350634575
         9.95,             0,             0, -1.01999998093, -5.90751075745, 176.434631348,          6000, 18.5818386078, -15.1451683044, 3.28666090965
        9.975,             0,             0, -1.00999999046, -5.90750932693, 175.380218506,          6000, 18.2371025085, -15.1451692581, 3.23981380463
           10,             0,             0,            -1, -5.90750837326, 174.325805664,          6000, 17.8923664093, -15.1451692581, 3.19296479225
       10.025,             0,             0, -0.990000009537, -5.90750741959, 173.271392822,          6000, 17.5476303101, -15.1451702118, 3.14611387253
        10.05,             0,             0, -0.980000019073, -5.90750646591,  172.21697998,          6000, 17.2028942108, -15.1451711655, 3.09926128387
       10.075,             0,             0, -0.97000002861, -5.90750551224, 171.162567139,          6000, 16.8581581116, -15.1451721191, 3.05240678787
         10.1,             0,             0, -0.959999978542, -5.90750455856, 170.108154297,          6000, 16.5134220123, -15.1451730728, 3.00555062294
       10.125,             0,             0, -0.949999988079, -5.90750360489, 169.053741455,          6000, 16.1686859131, -15.1451730728, 2.95869255066
        10.15,             0,             0, -0.939999997616, -5.90750265121, 167.999313354,          6000, 15.8239507675, -15.1451740265, 2.91183280945
       10.175,             0,             0, -0.930000007153, -5.90750169754, 166.944900513,          6000, 15.4792146683, -15.1451749802, 2.86497139931
         10.2,             0,             0, -0.920000016689, -5.90750074387, 165.890487671,          6000,  15.134478569, -15.1451749802, 2.81810808182
       10.225,             0,             0, -0.910000026226, -5.90749979019,  164.83605957,          6000, 14.7897424698, -15.1451759338,  2.7712430954
        10.25,             0,             0, -0.899999976158, -5.90749883652, 163.781646729,          6000, 14.4450063705, -15.1451768875, 2.72437644005
       10.275,             0,             0, -0.889999985695, -5.90749788284, 162.727218628,          6000, 14.1002693176, -15.1451778412, 2.67750787735
         10.3,             0,             0, -0.879999995232, -5.90749692917, 161.672805786,          6000, 13.7555332184, -15.1451778412, 2.63063788414
       10.325,             0,             0, -0.870000004768, -5.90749597549, 160.618377686,          6000, 13.4107971191, -15.1451787949,   2.583766222
        10.35,             0,             0, -0.860000014305, -5.90749502182, 159.563964844,          6000, 13.0660610199, -15.1451797485, 2.53689289093
       10.375,             0,             0, -0.850000023842, -5.90749406815, 158.509536743,          6000,  12.721323967, -15.1451797485, 2.49001789093
         10.4,             0,             0, -0.839999973774, -5.90749359131, 157.455108643,          6000, 12.3765878677, -15.1451807022,   2.443141222
       10.425,             0,             0, -0.829999983311, -5.90749263763, 156.400695801,          6000, 12.0318517685, -15.1451816559, 2.39626288414
        10.45,             0,             0, -0.819999992847, -5.90749168396,   155.3462677,          6000, 11.6871147156, -15.1451816559, 2.34938311577
       10.475,             0,             0, -0.810000002384, -5.90749073029,   154.2918396,          6000, 11.3423786163, -15.1451826096, 2.30250167847
         10.5,             0,             0, -0.800000011921, -5.90749025345, 153.237411499,          6000, 10.9976415634, -15.1451835632, 2.25561881065
       10.525,             0,             0, -0.790000021458, -5.90748929977, 152.182983398,          6000, 10.6529054642, -15.1451835632, 2.20873427391
        10.55,             0,             0, -0.77999997139, -5.9074883461, 151.128555298,          6000, 10.3081684113, -15.1451845169, 2.16184830666
       10.575,             0,             0, -0.769999980927, -5.90748786926, 150.074127197,          6000, 9.96343231201, -15.1451845169, 2.11496067047
         10.6,             0,             0, -0.759999990463, -5.90748691559, 149.019699097,          6000, 9.61869525909, -15.1451854706, 2.06807160378
       10.625,             0,             0,         -0.75, -5.90748596191, 147.965270996,          6000, 9.27395915985, -15.1451864243, 2.02118110657
        10.65,             0,             0, -0.740000009537, -5.90748548508, 146.910842896,          6000, 8.92922210693, -15.1451864243, 1.97428905964
       10.675,             0,             0, -0.730000019073, -5.9074845314, 145.856399536,          6000, 8.58448505402, -15.1451873779,  1.9273955822
         10.7,             0,             0, -0.72000002861, -5.90748405457, 144.801971436,          6000,  8.2397480011, -15.1451873779, 1.88050067425
       10.725,             0,             0, -0.709999978542, -5.90748310089, 143.747543335,          6000, 7.89501190186, -15.1451883316, 1.83360433578
        10.75,             0,             0, -0.699999988079, -5.90748262405, 142.693115234,          6000, 7.55027484894, -15.1451883316, 1.78670656681
       10.775,             0,             0, -0.689999997616, -5.90748167038, 141.638671875,          6000, 7.20553779602, -15.1451892853, 1.73980736732
         10.8,             0,             0, -0.680000007153, -5.90748119354, 140.584243774,          6000, 6.86080121994, -15.145190239, 1.69290685654
       10.825,             0,             0, -0.670000016689, -5.90748023987, 139.529800415,          6000, 6.51606416702, -15.145190239, 1.64600491524
        10.85,             0,             0, -0.660000026226, -5.90747976303, 138.475372314,          6000, 6.17132711411, -15.1451911926, 1.59910166264
       10.875,             0,             0, -0.649999976158, -5.90747880936, 137.420928955,          6000, 5.82659006119, -15.1451911926, 1.55219697952
         10.9,             0,             0, -0.639999985695, -5.90747833252, 136.366500854,          6000, 5.48185348511, -15.1451921463, 1.50529098511
       10.925,             0,             0, -0.629999995232, -5.90747785568, 135.312057495,          6000, 5.13711643219, -15.1451921463, 1.45838367939
        10.95,             0,             0, -0.620000004768, -5.90747690201, 134.257629395,          6000, 4.79237937927,   -15.1451931, 1.41147518158
       10.975,             0,             0, -0.610000014305, -5.90747642517, 133.203186035,          6000, 4.44764232635,   -15.1451931, 1.36456525326
           11,             0,             0, -0.600000023842, -5.90747594833, 132.148742676,          6000, 4.10290527344,   -15.1451931, 1.31765413284
       11.025,             0,             0, -0.589999973774, -5.90747499466, 131.094299316,          6000,  3.7581679821, -15.1451940536, 1.27074170113
        11.05,             0,             0, -0.579999983311, -5.90747451782, 130.039871216,          6000, 3.41343092918, -15.1451940536, 1.22382807732
       11.075,             0,             0, -0.569999992847, -5.90747404099, 128.985427856,          6000, 3.06869387627, -15.1451950073,  1.1769131422
         11.1,             0,             0, -0.560000002384, -5.90747356415, 127.930984497,          6000, 2.72395658493, -15.1451950073,   1.129997015
       11.125,             0,             0, -0.550000011921, -5.90747308731, 126.876541138,          6000, 2.37921953201, -15.145195961,  1.0830796957
        11.15,             0,             0, -0.540000021458, -5.90747213364, 125.822097778,          6000, 2.03448224068, -15.145195961, 1.03616118431
       11.175,             0,             0, -0.52999997139, -5.9074716568, 124.767662048,          6000, 1.68974506855, -15.1451969147, 0.989241540432
         11.2,             0,             0, -0.519999980927, -5.90747117996, 123.713218689,          6000, 1.34500789642, -15.1451969147, 0.94232070446
       11.225,             0,             0, -0.509999990463, -5.90747070312,  122.65877533,          6000, 1.00027060509, -15.1451969147,   0.895398736
        11.25,             0,             0,          -0.5, -5.90747022629, 121.604324341,          6000, 0.655533373356, -15.1451978683, 0.848475635052
       11.275,             0,             0, -0.490000009537, -5.90746974945, 120.549880981,          6000, 0.310796111822, -15.1451978683, 0.801551401615
         11.3,             0,             0, -0.479999989271, -5.90746927261, 119.495437622,          6000, -0.0339411720634, -15.145198822, 0.754626095295
       11.325,             0,             0, -0.469999998808, -5.90746879578, 118.440994263,          6000, -0.37867847085, -15.145198822, 0.707699656487
        11.35,             0,             0, -0.460000008345, -5.90746831894, 117.386543274,          6000, -0.723415791988, -15.145198822, 0.660772204399
       11.375,             0,             0, -0.449999988079, -5.9074678421, 116.332099915,          6000, -1.06815314293, -15.1451997757, 0.613843619823
         11.4,             0,             0, -0.439999997616, -5.90746736526, 115.277648926,          6000, -1.41289043427, -15.1451997757, 0.566914021969
       11.425,             0,             0, -0.430000007153, -5.90746688843, 114.223205566,          6000, -1.75762784481, -15.1451997757, 0.519983410835
        11.45,             0,             0, -0.419999986887, -5.90746641159, 113.168754578,          6000, -2.10236525536, -15.1452007294, 0.47305175662
       11.475,             0,             0, -0.409999996424, -5.90746593475, 112.114311218,          6000, -2.44710254669, -15.1452007294, 0.426119118929
         11.5,             0,             0, -0.40000000596, -5.90746545792, 111.059860229,          6000, -2.79183983803, -15.1452007294, 0.379185467958
       11.525,             0,             0, -0.389999985695, -5.90746545792, 110.005409241,          6000, -3.13657736778, -15.145201683, 0.332250863314
        11.55,             0,             0, -0.379999995232, -5.90746498108, 108.950958252,          6000, -3.48131465912, -15.145201683, 0.285315304995
       11.575,             0,             0, -0.370000004768, -5.90746450424, 107.896514893,          6000, -3.82605218887, -15.145201683,  0.2383787781
         11.6,             0,             0, -0.360000014305, -5.9074640274, 106.842063904,          6000, -4.17078971863, -15.145201683, 0.191441327333
       11.625,             0,             0, -0.34999999404, -5.90746355057, 105.787612915,          6000, -4.51552677155, -15.1452026367, 0.144502952695
        11.65,             0,             0, -0.340000003576, -5.90746355057, 104.733161926,          6000, -4.8602643013, -15.1452026367, 0.0975636839867
       11.675,             0,             0, -0.330000013113, -5.90746307373, 103.678710938,          6000, -5.20500183105, -15.1452026367, 0.0506235249341
         11.7,             0,             0, -0.319999992847, -5.90746259689, 102.624259949,          6000, -5.54973936081, -15.1452035904, 0.00368248927407
       11.725,             0,             0, -0.310000002384, -5.90746259689, 101.569801331,          6000, -5.89447689056, -15.1452035904, -0.043259408325
        11.75,             0,             0, -0.300000011921, -5.90746212006, 100.515350342,          6000, -6.23921442032, -15.1452035904, -0.090202152729
       11.775,             0,             0, -0.289999991655, -5.90746164322,  99.460899353,          6000, -6.58395147324, -15.1452035904, -0.137145727873
         11.8,             0,             0, -0.280000001192, -5.90746164322, 98.4064483643,          6000, -6.92868900299, -15.1452035904, -0.184090122581
       11.825,             0,             0, -0.270000010729, -5.90746116638, 97.3519897461,          6000, -7.27342653275, -15.1452045441, -0.231035336852
        11.85,             0,             0, -0.259999990463, -5.90746116638, 96.2975387573,          6000, -7.6181640625, -15.1452045441, -0.277981311083
       11.875,             0,             0,         -0.25, -5.90746068954, 95.2430877686,          6000, -7.96290159225, -15.1452045441, -0.324928104877
         11.9,             0,             0, -0.239999994636, -5.90746068954, 94.1886291504,          6000, -8.30763912201, -15.1452045441, -0.371875613928
       11.925,             0,             0, -0.230000004172, -5.90746021271, 93.1341781616,          6000, -8.65237617493, -15.1452045441, -0.418823897839
        11.95,             0,             0, -0.219999998808, -5.90746021271, 92.0797195435,          6000, -8.99711418152, -15.1452054977, -0.465772926807
       11.975,             0,             0, -0.209999993443, -5.90745973587, 91.0252685547,          6000, -9.34185123444, -15.1452054977, -0.512722671032
           12,             0,             0, -0.20000000298, -5.90745973587, 89.9708099365,          6000, -9.68658924103, -15.1452054977, -0.559673070908
       12.025,             0,             0, -0.189999997616, -5.90745925903, 88.9163513184,          6000, -10.0313262939, -15.1452054977, -0.606624245644
        12.05,             0,             0, -0.180000007153, -5.90745925903, 87.8619003296,          6000, -10.3760643005, -15.1452054977, -0.653576016426
       12.075,             0,             0, -0.170000001788, -5.9074587822, 86.8074417114,          6000, -10.7208013535, -15.1452054977, -0.700528502464
         12.1,             0,             0, -0.159999996424, -5.9074587822, 85.7529830933,          6000,  -11.06553936, -15.1452054977, -0.747481644154
       12.125,             0,             0, -0.15000000596, -5.9074587822, 84.6985244751,          6000, -11.410276413, -15.1452064514, -0.794435381889
        12.15,             0,             0, -0.140000000596, -5.9074587822, 83.6440734863,          6000, -11.7550134659, -15.1452064514, -0.841389775276
       12.175,             0,             0, -0.129999995232, -5.90745830536, 82.5896148682,          6000, -12.0997514725, -15.1452064514, -0.888344764709
         12.2,             0,             0, -0.119999997318, -5.90745830536,   81.53515625,          6000, -12.4444885254, -15.1452064514, -0.935300350189
       12.225,             0,             0, -0.109999999404, -5.90745830536, 80.4806976318,          6000, -12.789226532, -15.1452064514, -0.982256472111
        12.25,             0,             0, -0.10000000149, -5.90745782852, 79.4262390137,          6000, -13.1339635849, -15.1452064514, -1.02921319008
       12.275,             0,             0, -0.0900000035763, -5.90745782852, 78.3717803955,          6000, -13.4787015915, -15.1452064514, -1.07617044449
         12.3,             0,             0, -0.0799999982119, -5.90745782852, 77.3173217773,          6000, -13.8234386444, -15.1452064514, -1.12312829494
       12.325,             0,             0, -0.070000000298, -5.90745782852, 76.2628707886,          6000, -14.168176651, -15.1452064514, -1.17008662224
        12.35,             0,             0, -0.0599999986589, -5.90745782852, 75.2084121704,          6000, -14.5129137039, -15.1452064514, -1.21704542637
       12.375,             0,             0, -0.0500000007451, -5.90745782852, 74.1539535522,          6000, -14.8576507568, -15.1452064514, -1.26400482655
         12.4,             0,             0, -0.0399999991059, -5.90745782852, 73.0994949341,          6000, -15.2023887634, -15.1452064514, -1.31096470356
       12.425,             0,             0, -0.0299999993294, -5.90745782852, 72.0450363159,          6000, -15.5471258163, -15.1452064514, -1.3579249382
        12.45,             0,             0, -0.019999999553, -5.90745735168, 70.9905776978,          6000, -15.8918638229, -15.1452064514, -1.40488564968
       12.475,             0,             0, -0.00999999977648, -5.90745735168, 69.9361190796,          6000, -16.2366008759, -15.1452064514,  -1.451846838
         12.5,             0,             0, 5.25568019552e-14, -5.90745735168,  68.881652832,          6000, -16.5813388824, -15.1452064514, -1.49880850315
       12.525,             0,             0, 0.00999999977648, -5.90745735168, 67.8267974854,          6000, -16.9260730743, -15.1452064514, -1.54577124119
        12.55,             0,             0, 0.019999999553, -5.90745735168, 66.7719421387,          6000, -17.2708053589, -15.1452064514, -1.59273433685
       12.575,             0,             0, 0.0299999993294, -5.90745782852, 65.7170791626,          6000, -17.6155395508, -15.1452064514, -1.63969790936
         12.6,             0,             0, 0.0399999991059, -5.90745782852, 64.6622238159,          6000, -17.9602737427, -15.1452064514, -1.68666172028
       12.625,             0,             0, 0.0500000007451, -5.90745782852, 63.6073646545,          6000, -18.3050079346, -15.1452064514, -1.73362600803
        12.65,             0,             0, 0.0599999986589, -5.90745782852, 62.5525054932,          6000, -18.6497421265, -15.1452064514, -1.78059053421
       12.675,             0,             0, 0.070000000298, -5.90745782852, 61.4976463318,          6000, -18.9944763184, -15.1452064514, -1.82755541801
         12.7,             0,             0, 0.0799999982119, -5.90745782852, 60.4427871704,          6000, -19.3392086029, -15.1452064514, -1.87452054024
       12.725,             0,             0, 0.0900000035763, -5.90745782852, 59.3879318237,          6000, -19.6839427948, -15.1452064514, -1.92148602009
        12.75,             0,             0, 0.10000000149, -5.90745782852, 58.3330726624,          6000, -20.0286769867, -15.1452064514, -1.96845185757
       12.775,             0,             0, 0.109999999404, -5.90745830536,  57.278213501,          6000, -20.3734111786, -15.1452064514, -2.01541781425
         12.8,             0,             0, 0.119999997318, -5.90745830536, 56.2233543396,          6000, -20.7181453705, -15.1452064514, -2.06238412857
       12.825,             0,             0, 0.129999995232, -5.90745830536, 55.1684951782,          6000, -21.062877655, -15.1452064514, -2.1093506813
        12.85,             0,             0, 0.140000000596, -5.9074587822, 54.1136398315,          6000, -21.4076118469, -15.1452064514, -2.15631747246
       12.875,             0,             0, 0.15000000596, -5.9074587822, 53.0587806702,          6000, -21.7523460388, -15.1452064514, -2.20328426361
         12.9,             0,             0, 0.159999996424, -5.9074587822, 52.0039215088,          6000, -22.0970802307, -15.1452054977, -2.2502515316
       12.925,             0,             0, 0.170000001788, -5.9074587822, 50.9490623474,          6000, -22.4418125153, -15.1452054977, -2.29721879959
        12.95,             0,             0, 0.180000007153, -5.90745925903, 49.8942070007,          6000, -22.7865467072, -15.1452054977,  -2.344186306
       12.975,             0,             0, 0.189999997616, -5.90745925903, 48.8393478394,          6000, -23.131280899, -15.1452054977, -2.39115405083
           13,             0,             0, 0.20000000298, -5.90745973587, 47.7844924927,          6000, -23.4760131836, -15.1452054977, -2.43812203407
       13.025,             0,             0, 0.209999993443, -5.90745973587, 46.7296333313,          6000, -23.8207473755, -15.1452054977, -2.48509001732
        13.05,             0,             0, 0.219999998808, -5.90746021271, 45.6747779846,          6000, -24.1654815674, -15.1452054977, -2.53205800056
       13.075,             0,             0, 0.230000004172, -5.90746021271, 44.6199188232,          6000, -24.5102157593, -15.1452045441, -2.57902622223
         13.1,             0,             0, 0.239999994636, -5.90746068954, 43.5650634766,          6000, -24.8549480438, -15.1452045441, -2.62599444389
       13.125,             0,             0,          0.25, -5.90746068954, 42.5102043152,          6000, -25.1996822357, -15.1452045441, -2.67296290398
        13.15,             0,             0, 0.259999990463, -5.90746116638, 41.4553489685,          6000, -25.5444164276, -15.1452045441, -2.71993136406
       13.175,             0,             0, 0.270000010729, -5.90746116638, 40.4004936218,          6000, -25.8891487122, -15.1452045441, -2.76689982414
         13.2,             0,             0, 0.280000001192, -5.90746164322, 39.3456382751,          6000, -26.2338829041, -15.1452035904, -2.81386828423
       13.225,             0,             0, 0.289999991655, -5.90746164322, 38.2907791138,          6000, -26.5786151886, -15.1452035904, -2.86083674431
        13.25,             0,             0, 0.300000011921, -5.90746212006, 37.2359237671,          6000, -26.9233493805, -15.1452035904, -2.90780544281
       13.275,             0,             0, 0.310000002384, -5.90746259689, 36.1810684204,          6000, -27.2680835724, -15.1452035904, -2.95477390289
         13.3,             0,             0, 0.319999992847, -5.90746259689, 35.1262168884,          6000, -27.6128158569, -15.1452035904, -3.00174260139
       13.325,             0,             0, 0.330000013113, -5.90746307373, 34.0713615417,          6000, -27.9575500488, -15.1452026367, -3.04871106148
        13.35,             0,             0, 0.340000003576, -5.90746355057, 33.0165061951,          6000, -28.3022823334, -15.1452026367, -3.09567952156
       13.375,             0,             0, 0.34999999404, -5.90746355057, 31.9616527557,          6000, -28.6470165253, -15.1452026367, -3.14264798164
         13.4,             0,             0, 0.360000014305, -5.9074640274, 30.9067974091,          6000, -28.9917488098, -15.145201683, -3.18961620331
       13.425,             0,             0, 0.370000004768, -5.90746450424, 29.8519439697,          6000, -29.3364830017, -15.145201683, -3.23658466339
        13.45,             0,             0, 0.379999995232, -5.90746498108, 28.7970905304,          6000, -29.6812152863, -15.145201683, -3.28355288506
       13.475,             0,             0, 0.389999985695, -5.90746545792, 27.7422389984,          6000, -30.0259494781, -15.145201683, -3.3305208683
         13.5,             0,             0, 0.40000000596, -5.90746545792, 26.6873855591,          6000, -30.3706817627, -15.1452007294, -3.37748885155
       13.525,             0,             0, 0.409999996424, -5.90746593475, 25.6325340271,          6000, -30.7154159546, -15.1452007294, -3.42445659637
        13.55,             0,             0, 0.419999986887, -5.90746641159, 24.5776824951,          6000, -31.0601482391, -15.1452007294, -3.4714243412
       13.575,             0,             0, 0.430000007153, -5.90746688843, 23.5228309631,          6000, -31.404882431, -15.1451997757, -3.51839184761
         13.6,             0,             0, 0.439999997616, -5.90746736526, 22.4679794312,          6000, -31.7496147156, -15.1451997757, -3.5653591156
       13.625,             0,             0, 0.449999988079, -5.9074678421, 21.4131298065,          6000, -32.0943489075, -15.1451997757, -3.61232614517
        13.65,             0,             0, 0.460000008345, -5.90746831894, 20.3582801819,          6000, -32.4390792847, -15.145198822, -3.65929317474
       13.675,             0,             0, 0.469999998808, -5.90746879578, 19.3034305573,          6000, -32.7838134766, -15.145198822, -3.7062599659
         13.7,             0,             0, 0.479999989271, -5.90746927261, 18.2485809326,          6000, -33.1285476685, -15.145198822, -3.75322628021
       13.725,             0,             0, 0.490000009537, -5.90746974945, 17.1937332153,          6000, -33.4732780457, -15.1451978683, -3.80019259453
        13.75,             0,             0,           0.5, -5.90747022629, 16.1388835907,          6000, -33.8180122375, -15.1451978683, -3.84715867043
       13.775,             0,             0, 0.509999990463, -5.90747070312, 15.0840358734,          6000, -34.1627464294, -15.1451969147, -3.89412426949
         13.8,             0,             0, 0.519999980927, -5.90747117996, 14.0291891098,          6000, -34.5074768066, -15.1451969147, -3.94108963013
       13.825,             0,             0, 0.52999997139, -5.9074716568, 12.9743423462,          6000, -34.8522109985, -15.1451969147, -3.98805475235
        13.85,             0,             0, 0.540000021458, -5.90747213364, 11.9194955826,          6000, -35.1969451904, -15.145195961, -4.03501987457
       13.875,             0,             0, 0.550000011921, -5.90747308731, 10.8646497726,          6000, -35.5416755676, -15.145195961, -4.08198404312
         13.9,             0,             0, 0.560000002384, -5.90747356415, 9.80980491638,          6000, -35.8864097595, -15.1451950073, -4.12894821167
       13.925,             0,             0, 0.569999992847, -5.90747404099, 8.75496006012,          6000, -36.2311401367, -15.1451950073, -4.17591190338
        13.95,             0,             0, 0.579999983311, -5.90747451782, 7.70011568069,          6000, -36.5758743286, -15.1451940536, -4.22287559509
       13.975,             0,             0, 0.589999973774, -5.90747499466, 6.64527177811,          6000, -36.9206085205, -15.1451940536, -4.26983833313
           14,             0,             0, 0.600000023842, -5.90747594833, 5.59042882919,          6000, -37.2653388977,   -15.1451931, -4.31680107117
       14.025,             0,             0, 0.610000014305, -5.90747642517, 4.53558635712,          6000, -37.6100730896,   -15.1451931, -4.36376333237
        14.05,             0,             0, 0.620000004768, -5.90747690201, 3.48074412346,          6000, -37.9548034668,   -15.1451931, -4.41072511673
       14.075,             0,             0, 0.629999995232, -5.90747785568, 2.42590284348,          6000, -38.2995376587, -15.1451921463, -4.45768642426
         14.1,             0,             0, 0.639999985695, -5.90747833252, 1.37106192112,          6000, -38.6442680359, -15.1451921463, -4.50464773178
       14.125,             0,             0, 0.649999976158, -5.90747880936, 0.31622171402,          6000, -38.9890022278, -15.1451911926, -4.55160808563
        14.15,             0,             0, 0.660000026226, -5.90747976303, -0.738617897034,          6000, -39.333732605, -15.1451911926, -4.59856796265
       14.175,             0,             0, 0.670000016689, -5.90748023987, -1.79345691204,          6000, -39.6784667969, -15.145190239, -4.64552736282
         14.2,             0,             0, 0.680000007153, -5.90748119354, -2.84829521179,          6000, -40.0231971741, -15.145190239, -4.69248628616
       14.225,             0,             0, 0.689999997616, -5.90748167038, -3.90313315392,          6000, -40.367931366, -15.1451892853, -4.73944473267
        14.25,             0,             0, 0.699999988079, -5.90748262405, -4.95797014236,          6000, -40.7126617432, -15.1451883316, -4.78640270233
       14.275,             0,             0, 0.709999978542, -5.90748310089, -6.01280641556,          6000, -41.0573959351, -15.1451883316, -4.83336019516
         14.3,             0,             0, 0.72000002861, -5.90748405457, -7.06764221191,          6000, -41.4021263123, -15.1451873779, -4.88031721115
       14.325,             0,             0, 0.730000019073, -5.9074845314, -8.12247753143,          6000, -41.7468605042, -15.1451873779, -4.92727327347
        14.35,             0,             0, 0.740000009537, -5.90748548508, -9.17731189728,          6000, -42.0915908813, -15.1451864243, -4.97422885895
       14.375,             0,             0,          0.75, -5.90748596191, -10.2321453094,          6000, -42.4363212585, -15.1451864243, -5.02118396759
         14.4,             0,             0, 0.759999990463, -5.90748691559, -11.2869787216,          6000, -42.7810554504, -15.1451854706, -5.0681385994
       14.425,             0,             0, 0.769999980927, -5.90748786926, -12.3418111801,          6000, -43.1257858276, -15.1451845169, -5.11509227753
        14.45,             0,             0, 0.77999997139, -5.9074883461, -13.3966426849,          6000, -43.4705162048, -15.1451845169, -5.16204547882
       14.475,             0,             0, 0.790000021458, -5.90748929977, -14.4514741898,          6000, -43.8152503967, -15.1451835632, -5.20899820328
         14.5,             0,             0, 0.800000011921, -5.90749025345, -15.5063037872,          6000, -44.1599807739, -15.1451835632, -5.25594997406
       14.525,             0,             0, 0.810000002384, -5.90749073029, -16.5611343384,          6000, -44.5047111511, -15.1451826096, -5.30290126801
        14.55,             0,             0, 0.819999992847, -5.90749168396, -17.6159629822,          6000, -44.849445343, -15.1451816559, -5.34985160828
       14.575,             0,             0, 0.829999983311, -5.90749263763, -18.6707897186,          6000, -45.1941757202, -15.1451816559, -5.39680147171
         14.6,             0,             0, 0.839999973774, -5.90749359131, -19.7256164551,          6000, -45.5389060974, -15.1451807022, -5.44375038147
       14.625,             0,             0, 0.850000023842, -5.90749406815, -20.7804431915,          6000, -45.8836402893, -15.1451797485, -5.49069881439
        14.65,             0,             0, 0.860000014305, -5.90749502182, -21.835269928,          6000, -46.2283706665, -15.1451797485, -5.53764629364
       14.675,             0,             0, 0.870000004768, -5.90749597549, -22.8900947571,          6000, -46.5731010437, -15.1451787949, -5.58459329605
         14.7,             0,             0, 0.879999995232, -5.90749692917, -23.9449176788,          6000, -46.9178314209, -15.1451778412, -5.63153934479
       14.725,             0,             0, 0.889999985695, -5.90749788284, -24.9997425079,          6000, -47.2625656128, -15.1451778412, -5.67848443985
        14.75,             0,             0, 0.899999976158, -5.90749883652, -26.0545635223,          6000,  -47.60729599, -15.1451768875, -5.72542858124
       14.775,             0,             0, 0.910000026226, -5.90749979019, -27.1093864441,          6000, -47.9520263672, -15.1451759338, -5.77237224579
         14.8,             0,             0, 0.920000016689, -5.90750074387, -28.1642074585,          6000, -48.2967567444, -15.1451749802, -5.81931495667
       14.825,             0,             0, 0.930000007153, -5.90750169754, -29.2190265656,          6000, -48.6414871216, -15.1451749802, -5.8662571907
        14.85,             0,             0, 0.939999997616, -5.90750265121, -30.2738456726,          6000, -48.9862174988, -15.1451740265, -5.91319799423
       14.875,             0,             0, 0.949999988079, -5.90750360489, -31.3286647797,          6000, -49.3309516907, -15.1451730728, -5.96013832092
         14.9,             0,             0, 0.959999978542, -5.90750455856, -32.3834838867,          6000, -49.6756820679, -15.1451730728, -6.0070772171
       14.925,             0,             0, 0.97000002861, -5.90750551224, -33.4382972717,          6000, -50.0204124451, -15.1451721191, -6.05401563644
        14.95,             0,             0, 0.980000019073, -5.90750646591, -34.4931144714,          6000, -50.3651428223, -15.1451711655, -6.10095310211
       14.975,             0,             0, 0.990000009537, -5.90750741959, -35.5479278564,          6000, -50.7098731995, -15.1451702118, -6.14788961411
           15,             0,             0,             1, -5.90750837326, -36.6027450562,          6000, -51.0546035767, -15.1451692581, -6.19482517242
       15.025,             0,             0, 1.00999999046, -5.90750932693, -37.6575584412,          6000, -51.3993339539, -15.1451692581, -6.24175977707
        15.05,             0,             0, 1.01999998093, -5.90751075745, -38.7123680115,          6000, -51.7440643311, -15.1451683044, -6.28869342804
       15.075,             0,             0, 1.02999997139, -5.90751171112, -39.7671813965,          6000, -52.0887947083, -15.1451673508, -6.33562612534
         15.1,             0,             0, 1.03999996185, -5.90751266479, -40.8219909668,          6000, -52.4335250854, -15.1451663971, -6.38255739212
       15.125,             0,             0, 1.04999995232, -5.90751361847, -41.8768005371,          6000, -52.7782554626, -15.1451654434, -6.42948818207
        15.15,             0,             0, 1.05999994278, -5.90751504898, -42.9316101074,          6000, -53.1229858398, -15.1451654434, -6.4764175415
       15.175,             0,             0, 1.07000005245, -5.90751600266, -43.986415863,          6000, -53.467716217, -15.1451644897, -6.5233464241
         15.2,             0,             0, 1.08000004292, -5.90751695633, -45.0412216187,          6000, -53.8124465942, -15.1451635361, -6.57027387619
       15.225,             0,             0, 1.09000003338, -5.90751838684, -46.096031189,          6000, -54.1571769714, -15.1451625824, -6.61719989777
        15.25,             0,             0, 1.10000002384, -5.90751934052, -47.1508331299,          6000, -54.5019073486, -15.1451616287, -6.6641254425
       15.275,             0,             0, 1.11000001431, -5.90752029419, -48.2056388855,          6000, -54.8466339111, -15.145160675, -6.71104955673
         15.3,             0,             0, 1.12000000477, -5.9075217247, -49.2604408264,          6000, -55.1913642883, -15.1451597214, -6.75797271729
       15.325,             0,             0, 1.12999999523, -5.90752267838, -50.3152427673,          6000, -55.5360946655, -15.1451597214, -6.80489444733
        15.35,             0,             0, 1.13999998569, -5.90752410889, -51.3700447083,          6000, -55.8808250427, -15.1451587677, -6.85181522369
       15.375,             0,             0, 1.14999997616, -5.90752506256, -52.4248428345,          6000, -56.2255554199, -15.145157814, -6.89873504639
         15.4,             0,             0, 1.15999996662, -5.90752649307, -53.4796447754,          6000, -56.5702857971, -15.1451568604, -6.94565343857
       15.425,             0,             0, 1.16999995708, -5.90752744675, -54.5344429016,          6000, -56.9150123596, -15.1451559067, -6.99257087708
        15.45,             0,             0, 1.17999994755, -5.90752887726, -55.5892372131,          6000, -57.2597427368, -15.145154953, -7.03948688507
       15.475,             0,             0, 1.19000005722, -5.90752983093, -56.6440353394,          6000, -57.604473114, -15.1451539993, -7.08640193939
         15.5,             0,             0, 1.20000004768, -5.90753126144, -57.6988296509,          6000, -57.9492034912, -15.1451530457, -7.1333155632
       15.525,             0,             0, 1.21000003815, -5.90753269196, -58.7536239624,          6000, -58.2939300537, -15.145152092, -7.1802277565
        15.55,             0,             0, 1.22000002861, -5.90753364563, -59.8084182739,          6000, -58.6386604309, -15.1451511383, -7.22713899612
       15.575,             0,             0, 1.23000001907, -5.90753507614, -60.8632087708,          6000, -58.9833908081, -15.1451501846, -7.27404880524
         15.6,             0,             0, 1.24000000954, -5.90753602982, -61.9179992676,          6000, -59.3281173706, -15.145149231, -7.32095718384
       15.625,             0,             0,          1.25, -5.90753746033, -62.9727897644,          6000, -59.6728477478, -15.1451482773, -7.36786460876
        15.65,             0,             0, 1.25999999046, -5.90753889084, -64.0275802612,          6000, -60.0175743103, -15.1451473236, -7.41477060318
       15.675,             0,             0, 1.26999998093, -5.90754032135, -65.0823669434,          6000, -60.3623046875, -15.1451463699, -7.46167516708
         15.7,             0,             0, 1.27999997139, -5.90754127502, -66.1371536255,          6000, -60.7070350647, -15.1451454163, -7.50857877731
       15.725,             0,             0, 1.28999996185, -5.90754270554, -67.1919403076,          6000, -61.0517616272, -15.1451444626, -7.55548048019
        15.75,             0,             0, 1.29999995232, -5.90754413605, -68.2467269897,          6000, -61.3964920044, -15.1451435089, -7.6023812294
       15.775,             0,             0, 1.30999994278, -5.90754556656, -69.3015060425,          6000, -61.7412185669, -15.1451425552, -7.64928007126
         15.8,             0,             0, 1.32000005245, -5.90754699707, -70.3562927246,          6000, -62.0859489441, -15.1451416016, -7.69617795944
       15.825,             0,             0, 1.33000004292, -5.90754842758, -71.4110717773,          6000, -62.4306755066, -15.1451406479, -7.74307441711
        15.85,             0,             0, 1.34000003338, -5.90754985809, -72.4658508301,          6000, -62.7754020691, -15.1451396942, -7.78996944427
       15.875,             0,             0, 1.35000002384, -5.9075512886, -73.5206298828,          6000, -63.1201324463, -15.1451387405, -7.83686304092
         15.9,             0,             0, 1.36000001431, -5.90755271912, -74.5754089355,          6000, -63.4648590088, -15.1451377869, -7.88375473022
       15.925,             0,             0, 1.37000000477, -5.90755414963, -75.6301879883,          6000, -63.809589386, -15.1451368332, -7.93064546585
        15.95,             0,             0, 1.37999999523, -5.90755558014, -76.684967041,          6000, -64.1543197632, -15.1451358795, -7.97753477097
       15.975,             0,             0, 1.38999998569, -5.90755701065, -77.7397384644,          6000, -64.4990463257, -15.1451339722, -8.02442264557
           16,             0,             0, 1.39999997616, -5.90755844116, -78.7945098877,          6000, -64.8437728882, -15.1451330185, -8.07130813599
       16.025,             0,             0, 1.40999996662, -5.90755987167, -79.8492889404,          6000, -65.1884994507, -15.1451320648, -8.11819267273
        16.05,             0,             0, 1.41999995708, -5.90756130219, -80.9040603638,          6000, -65.5332260132, -15.1451311111, -8.1650762558
       16.075,             0,             0, 1.42999994755, -5.9075627327, -81.9588241577,          6000, -65.8779525757, -15.1451301575, -8.21195697784
         16.1,             0,             0, 1.44000005722, -5.90756416321, -83.0135955811,          6000, -66.2226791382, -15.1451292038, -8.25883769989
       16.125,             0,             0, 1.45000004768, -5.90756559372, -84.0683670044,          6000, -66.5674057007, -15.1451282501, -8.30571556091
        16.15,             0,             0, 1.46000003815, -5.90756702423, -85.1231307983,          6000, -66.9121398926, -15.1451263428, -8.35259246826
       16.175,             0,             0, 1.47000002861, -5.90756893158, -86.1779022217,          6000, -67.2568664551, -15.1451253891, -8.39946746826
         16.2,             0,             0, 1.48000001907, -5.90757036209, -87.2326660156,          6000, -67.6015930176, -15.1451244354, -8.44634056091
       16.225,             0,             0, 1.49000000954, -5.9075717926, -88.2874298096,          6000, -67.9463195801, -15.1451234818, -8.49321269989
        16.25,             0,             0,           1.5, -5.90757322311, -89.3421859741,          6000, -68.2910461426, -15.1451225281, -8.54008293152
       16.275,             0,             0, 1.50999999046, -5.90757513046, -90.3969497681,          6000, -68.6357727051, -15.1451206207, -8.5869512558
         16.3,             0,             0, 1.51999998093, -5.90757656097, -91.451713562,          6000, -68.9804992676, -15.1451196671, -8.6338186264
       16.325,             0,             0, 1.52999997139, -5.90757799149, -92.5064697266,          6000, -69.3252258301, -15.1451187134, -8.68068313599
        16.35,             0,             0, 1.53999996185, -5.90757989883, -93.5612258911,          6000, -69.6699523926, -15.1451177597, -8.72754669189
       16.375,             0,             0, 1.54999995232, -5.90758132935, -94.6159820557,          6000, -70.0146789551, -15.145116806, -8.77440834045
         16.4,             0,             0, 1.55999994278, -5.90758323669, -95.6707382202,          6000, -70.3594055176, -15.1451148987, -8.82126903534
       16.425,             0,             0, 1.57000005245, -5.90758466721, -96.7254943848,          6000, -70.7041320801, -15.145113945, -8.8681268692
        16.45,             0,             0, 1.58000004292, -5.90758657455, -97.7802505493,          6000, -71.0488586426, -15.1451129913, -8.91498279572
       16.475,             0,             0, 1.59000003338, -5.90758800507, -98.8349990845,          6000, -71.3935852051, -15.145111084, -8.96183776855
         16.5,             0,             0, 1.60000002384, -5.90758991241, -99.8897476196,          6000, -71.7383117676, -15.1451101303, -9.00869083405
       16.525,             0,             0, 1.61000001431, -5.90759134293, -100.944496155,          6000, -72.0830307007, -15.1451091766, -9.05554199219
        16.55,             0,             0, 1.62000000477, -5.90759325027, -101.99924469,          6000, -72.4277572632, -15.145108223, -9.10239124298
       16.575,             0,             0, 1.62999999523, -5.90759468079, -103.053993225,          6000, -72.7724838257, -15.1451063156, -9.14923858643
         16.6,             0,             0, 1.63999998569, -5.90759658813, -104.10874176,          6000, -73.1172103882, -15.1451053619, -9.19608402252
       16.625,             0,             0, 1.64999997616, -5.90759849548, -105.163482666,          6000, -73.4619369507, -15.1451044083, -9.24292755127
        16.65,             0,             0, 1.65999996662, -5.90759992599, -106.218231201,          6000, -73.8066635132, -15.1451025009, -9.28976917267
       16.675,             0,             0, 1.66999995708, -5.90760183334, -107.272972107,          6000, -74.1513900757, -15.1451015472, -9.33660888672
         16.7,             0,             0, 1.67999994755, -5.90760374069, -108.327713013,          6000, -74.4961090088, -15.1451005936, -9.38344764709
       16.725,             0,             0, 1.69000005722, -5.90760564804, -109.382453918,          6000, -74.8408355713, -15.1450986862, -9.43028354645
        16.75,             0,             0, 1.70000004768, -5.90760707855, -110.437187195,          6000, -75.1855621338, -15.1450977325, -9.47711753845
       16.775,             0,             0, 1.71000003815, -5.9076089859, -111.491928101,          6000, -75.5302886963, -15.1450958252, -9.52394962311
         16.8,             0,             0, 1.72000002861, -5.90761089325, -112.546661377,          6000, -75.8750152588, -15.1450948715, -9.57077980042
       16.825,             0,             0, 1.73000001907, -5.9076128006, -113.601394653,          6000, -76.2197341919, -15.1450939178, -9.61760807037
        16.85,             0,             0, 1.74000000954, -5.90761470795, -114.65612793,          6000, -76.5644607544, -15.1450920105, -9.66443443298
       16.875,             0,             0,          1.75, -5.9076166153, -115.710861206,          6000, -76.9091873169, -15.1450910568, -9.71125793457
         16.9,             0,             0, 1.75999999046, -5.90761804581, -116.765594482,          6000,  -77.25390625, -15.1450891495, -9.75808048248
       16.925,             0,             0, 1.76999998093, -5.90761995316, -117.820327759,          6000, -77.5986328125, -15.1450881958, -9.80490016937
        16.95,             0,             0, 1.77999997139, -5.9076218605, -118.875053406,          6000, -77.943359375, -15.1450862885, -9.85171890259
       16.975,             0,             0, 1.78999996185, -5.90762376785, -119.929779053,          6000, -78.2880783081, -15.1450853348, -9.89853477478
           17,             0,             0, 1.79999995232, -5.9076256752,  -120.9845047,          6000, -78.6328048706, -15.1450843811, -9.94534873962
       17.025,             0,             0, 1.80999994278, -5.90762758255, -122.039230347,          6000, -78.9775314331, -15.1450824738, -9.99215984344
        17.05,             0,             0, 1.82000005245, -5.90762996674, -123.093955994,          6000, -79.3222503662, -15.1450815201, -10.0389699936
       17.075,             0,             0, 1.83000004292, -5.90763187408, -124.148674011,          6000, -79.6669769287, -15.1450796127, -10.0857772827
         17.1,             0,             0, 1.84000003338, -5.90763378143, -125.203399658,          6000, -80.0117034912, -15.1450786591, -10.1325826645
       17.125,             0,             0, 1.85000002384, -5.90763568878, -126.258117676,          6000, -80.3564224243, -15.1450767517, -10.1793861389
        17.15,             0,             0, 1.86000001431, -5.90763759613, -127.312835693,          6000, -80.7011489868, -15.145075798, -10.2261867523
       17.175,             0,             0, 1.87000000477, -5.90763950348, -128.367553711,          6000, -81.0458679199, -15.1450738907, -10.272986412
         17.2,             0,             0, 1.87999999523, -5.90764141083, -129.422271729,          6000, -81.3905944824, -15.1450719833, -10.3197832108
       17.225,             0,             0, 1.88999998569, -5.90764379501, -130.476974487,          6000, -81.7353134155, -15.1450710297, -10.3665771484
        17.25,             0,             0, 1.89999997616, -5.90764570236, -131.531692505,          6000, -82.080039978, -15.1450691223, -10.4133691788
       17.275,             0,             0, 1.90999996662, -5.90764760971, -132.586410522,          6000, -82.4247589111, -15.1450681686, -10.4601593018
         17.3,             0,             0, 1.91999995708, -5.9076499939, -133.641113281,          6000, -82.7694854736, -15.1450662613, -10.5069475174
       17.325,             0,             0, 1.92999994755, -5.90765190125, -134.695831299,          6000, -83.1142044067, -15.1450653076, -10.553732872
        17.35,             0,             0, 1.94000005722, -5.90765380859, -135.750534058,          6000, -83.4589309692, -15.1450634003, -10.6005163193
       17.375,             0,             0, 1.95000004768, -5.90765619278, -136.805236816,          6000, -83.8036499023, -15.1450614929, -10.6472969055
         17.4,             0,             0, 1.96000003815, -5.90765810013, -137.859939575,          6000, -84.1483688354, -15.1450605392, -10.6940755844
       17.425,             0,             0, 1.97000002861, -5.90766048431, -138.914657593,          6000, -84.4930953979, -15.1450586319, -10.7408514023
        17.45,             0,             0, 1.98000001907, -5.90766239166, -139.969360352,          6000, -84.8378143311, -15.1450576782, -10.7876253128
       17.475,             0,             0, 1.99000000954, -5.90766477585, -141.024047852,          6000, -85.1825408936, -15.1450557709, -10.834397316
         17.5,             0,             0,             2, -5.9076666832, -142.07875061,          6000, -85.5272598267, -15.1450538635, -10.8811664581
       17.525,             0,             0, 2.00999999046, -5.90766906738, -143.133453369,          6000, -85.8719787598, -15.1450529099, -10.9279327393
        17.55,             0,             0, 2.01999998093, -5.90767097473, -144.188156128,          6000, -86.2167053223, -15.1450510025, -10.974697113
       17.575,             0,             0, 2.02999997139, -5.90767335892, -145.242843628,          6000, -86.5614242554, -15.1450490952, -11.0214595795
         17.6,             0,             0, 2.03999996185, -5.90767526627, -146.297546387,          6000, -86.9061431885, -15.1450481415, -11.0682191849
       17.625,             0,             0, 2.04999995232, -5.90767765045, -147.352233887,          6000, -87.2508621216, -15.1450462341, -11.1149759293
        17.65,             0,             0, 2.05999994278, -5.90768003464, -148.406921387,          6000, -87.5955886841, -15.1450443268, -11.1617307663
       17.675,             0,             0, 2.06999993324, -5.90768194199, -149.461624146,          6000, -87.9403076172, -15.1450424194, -11.2084827423
         17.7,             0,             0, 2.07999992371, -5.90768432617, -150.516311646,          6000, -88.2850265503, -15.1450414658, -11.255232811
       17.725,             0,             0, 2.08999991417, -5.90768671036, -151.570999146,          6000, -88.6297454834, -15.1450395584, -11.3019790649
        17.75,             0,             0, 2.09999990463, -5.90768909454, -152.625686646,          6000, -88.9744644165, -15.1450376511, -11.3487243652
       17.775,             0,             0,  2.1099998951, -5.90769147873, -153.680374146,          6000, -89.319190979, -15.1450357437, -11.3954658508
         17.8,             0,             0, 2.11999988556, -5.90769338608, -154.735061646,          6000, -89.6639099121,  -15.14503479, -11.4422054291
       17.825,             0,             0, 2.13000011444, -5.90769577026, -155.789733887,          6000, -90.0086288452, -15.1450328827,   -11.4889431
        17.85,             0,             0,  2.1400001049, -5.90769815445, -156.844421387,          6000, -90.3533477783, -15.1450309753, -11.5356769562
       17.875,             0,             0, 2.15000009537, -5.90770053864, -157.899093628,          6000, -90.6980667114, -15.145029068, -11.582408905
         17.9,             0,             0, 2.16000008583, -5.90770292282, -158.953781128,          6000, -91.0427856445, -15.1450281143, -11.6291379929
       17.925,             0,             0, 2.17000007629, -5.90770530701, -160.008453369,          6000, -91.3875045776, -15.145026207, -11.6758642197
        17.95,             0,             0, 2.18000006676, -5.90770769119, -161.06312561,          6000, -91.7322235107, -15.1450242996, -11.7225885391
       17.975,             0,             0, 2.19000005722, -5.90771007538, -162.11781311,          6000, -92.0769424438, -15.1450223923, -11.7693099976
           18,             0,             0, 2.20000004768, -5.90771245956, -163.172485352,          6000, -92.421661377, -15.1450204849, -11.816028595
       18.025,             0,             0, 2.21000003815, -5.90771484375, -164.227157593,          6000, -92.7663803101, -15.1450185776, -11.8627443314
        18.05,             0,             0, 2.22000002861, -5.90771722794, -165.281829834,          6000, -93.1110992432, -15.1450176239, -11.9094572067
       18.075,             0,             0, 2.23000001907, -5.90771961212, -166.336486816,          6000, -93.4558181763, -15.1450157166, -11.9561681747
         18.1,             0,             0, 2.24000000954, -5.90772199631, -167.391159058,          6000, -93.8005371094, -15.1450138092, -12.0028762817
       18.125,             0,             0,          2.25, -5.90772485733, -168.445831299,          6000, -94.1452560425, -15.1450119019, -12.049580574
        18.15,             0,             0, 2.25999999046, -5.90772724152, -169.500488281,          6000, -94.4899749756, -15.1450099945, -12.096282959
       18.175,             0,             0, 2.26999998093, -5.9077296257, -170.555160522,          6000, -94.8346939087, -15.1450080872, -12.1429824829
         18.2,             0,             0, 2.27999997139, -5.90773200989, -171.609817505,          6000, -95.1794052124, -15.1450061798, -12.1896800995
       18.225,             0,             0, 2.28999996185, -5.90773487091, -172.664489746,          6000, -95.5241241455, -15.1450042725, -12.2363739014
        18.25,             0,             0, 2.29999995232, -5.9077372551, -173.719146729,          6000, -95.8688430786, -15.1450023651, -12.2830648422
       18.275,             0,             0, 2.30999994278, -5.90773963928, -174.773803711,          6000, -96.2135620117, -15.1450004578, -12.3297529221
         18.3,             0,             0, 2.31999993324, -5.90774250031, -175.828460693,          6000, -96.5582809448, -15.1449985504, -12.3764381409
       18.325,             0,             0, 2.32999992371, -5.90774488449, -176.883117676,          6000, -96.9029922485, -15.1449966431, -12.4231214523
        18.35,             0,             0, 2.33999991417, -5.90774726868, -177.937774658,          6000, -97.2477111816, -15.1449947357, -12.4698009491
       18.375,             0,             0, 2.34999990463, -5.9077501297, -178.992431641,          6000, -97.5924301147, -15.1449928284, -12.5164775848
         18.4,             0,             0,  2.3599998951, -5.90775251389, -180.047073364,          6000, -97.9371414185, -15.144990921, -12.5631513596
       18.425,             0,             0, 2.36999988556, -5.90775537491, -181.101730347,          6000, -98.2818603516, -15.1449890137, -12.6098232269
        18.45,             0,             0, 2.38000011444, -5.90775775909, -182.15637207,          6000, -98.6265792847, -15.1449871063, -12.6564912796
       18.475,             0,             0,  2.3900001049, -5.90776062012, -183.211029053,          6000, -98.9712905884, -15.144985199, -12.7031564713
         18.5,             0,             0, 2.40000009537, -5.90776348114, -184.265670776,          6000, -99.3160095215, -15.1449832916, -12.7498178482
       18.525,             0,             0, 2.41000008583, -5.90776586533,  -185.3203125,          6000, -99.6607284546, -15.1449813843, -12.7964773178
        18.55,             0,             0, 2.42000007629, -5.90776872635, -186.374954224,          6000, -100.005439758, -15.1449794769, -12.8431339264
       18.575,             0,             0, 2.43000006676, -5.90777111053, -187.429611206,          6000, -100.350158691, -15.1449775696, -12.8897867203
         18.6,             0,             0, 2.44000005722, -5.90777397156, -188.48425293,          6000, -100.694869995, -15.1449756622, -12.9364376068
       18.625,             0,             0, 2.45000004768, -5.90777683258, -189.538879395,          6000, -101.039588928, -15.1449737549, -12.9830846786
        18.65,             0,             0, 2.46000003815, -5.9077796936, -190.593521118,          6000, -101.384300232, -15.1449718475, -13.0297288895
       18.675,             0,             0, 2.47000002861, -5.90778207779, -191.648162842,          6000, -101.729019165, -15.1449699402, -13.0763692856
         18.7,             0,             0, 2.48000001907, -5.90778493881, -192.702804565,          6000, -102.073730469, -15.1449680328, -13.1230077744
       18.725,             0,             0, 2.49000000954, -5.90778779984, -193.75743103,          6000, -102.418441772, -15.1449651718, -13.1696424484
        18.75,             0,             0,           2.5, -5.90779066086, -194.812072754,          6000, -102.763160706, -15.1449632645, -13.2162742615
       18.775,             0,             0, 2.50999999046, -5.90779352188, -195.866699219,          6000, -103.107872009, -15.1449613571, -13.2629032135
         18.8,             0,             0, 2.51999998093, -5.9077963829, -196.921325684,          6000, -103.452590942, -15.1449594498, -13.3095283508
       18.825,             0,             0, 2.52999997139, -5.90779924393, -197.975952148,          6000, -103.797302246, -15.1449575424, -13.3561506271
        18.85,             0,             0, 2.53999996185, -5.90780210495, -199.030593872,          6000, -104.14201355, -15.1449556351, -13.4027700424
       18.875,             0,             0, 2.54999995232, -5.90780496597, -200.085220337,          6000, -104.486724854, -15.144952774, -13.4493865967
         18.9,             0,             0, 2.55999994278,  -5.907807827, -201.139831543,          6000, -104.831443787, -15.1449508667, -13.4959993362
       18.925,             0,             0, 2.56999993324, -5.90781068802, -202.194458008,          6000, -105.17615509, -15.1449489594, -13.5426092148
        18.95,             0,             0, 2.57999992371, -5.90781354904, -203.249084473,          6000, -105.520866394, -15.144947052, -13.5892152786
       18.975,             0,             0, 2.58999991417, -5.90781641006, -204.303710938,          6000, -105.865577698, -15.1449451447, -13.6358184814
           19,             0,             0, 2.59999990463, -5.90781927109, -205.358322144,          6000, -106.210289001, -15.1449422836, -13.6824188232
       19.025,             0,             0,  2.6099998951, -5.90782213211, -206.412948608,          6000, -106.555007935, -15.1449403763, -13.7290153503
        19.05,             0,             0, 2.61999988556, -5.90782546997, -207.467559814,          6000, -106.899719238, -15.1449384689, -13.7756080627
       19.075,             0,             0, 2.63000011444, -5.90782833099, -208.522186279,          6000, -107.244430542, -15.1449356079, -13.8221988678
         19.1,             0,             0,  2.6400001049, -5.90783119202, -209.576797485,          6000, -107.589141846, -15.1449337006, -13.8687858582
       19.125,             0,             0, 2.65000009537, -5.90783405304, -210.631408691,          6000, -107.933853149, -15.1449317932, -13.9153690338
        19.15,             0,             0, 2.66000008583, -5.9078373909, -211.686019897,          6000, -108.278564453, -15.1449298859, -13.9619493484
       19.175,             0,             0, 2.67000007629, -5.90784025192, -212.740631104,          6000, -108.623275757, -15.1449270248, -14.0085258484
         19.2,             0,             0, 2.68000006676, -5.90784311295, -213.79524231,          6000, -108.967987061, -15.1449251175, -14.0550994873
       19.225,             0,             0, 2.69000005722, -5.90784645081, -214.849853516,          6000, -109.312698364, -15.1449232101, -14.1016693115
        19.25,             0,             0, 2.70000004768, -5.90784931183, -215.904449463,          6000, -109.657409668, -15.1449203491, -14.148235321
       19.275,             0,             0, 2.71000003815, -5.90785264969, -216.959060669,          6000, -110.002120972, -15.1449184418, -14.1947984695
         19.3,             0,             0, 2.72000002861, -5.90785551071, -218.013656616,          6000, -110.346832275, -15.1449165344, -14.241358757
       19.325,             0,             0, 2.73000001907, -5.90785884857, -219.068267822,          6000, -110.69153595, -15.1449136734, -14.2879152298
        19.35,             0,             0, 2.74000000954, -5.90786170959, -220.12286377,          6000, -111.036247253, -15.1449117661, -14.3344678879
       19.375,             0,             0,          2.75, -5.90786504745, -221.177474976,          6000, -111.380958557, -15.144908905, -14.3810167313
         19.4,             0,             0, 2.75999999046, -5.90786838531, -222.232070923,          6000, -111.725669861, -15.1449069977, -14.4275627136
       19.425,             0,             0, 2.76999998093, -5.90787124634, -223.28666687,          6000, -112.070381165, -15.1449041367, -14.4741048813
        19.45,             0,             0, 2.77999997139, -5.9078745842, -224.341262817,          6000, -112.415084839, -15.1449022293, -14.5206441879
       19.475,             0,             0, 2.78999996185, -5.90787792206, -225.395858765,          6000, -112.759796143, -15.144900322, -14.5671796799
         19.5,             0,             0, 2.79999995232, -5.90788078308, -226.450454712,          6000, -113.104507446, -15.1448974609, -14.6137113571
       19.525,             0,             0, 2.80999994278, -5.90788412094,  -227.5050354,          6000, -113.449211121, -15.1448955536, -14.6602392197
        19.55,             0,             0, 2.81999993324, -5.9078874588, -228.559631348,          6000, -113.793922424, -15.1448926926, -14.7067642212
       19.575,             0,             0, 2.82999992371, -5.90789079666, -229.614227295,          6000, -114.138633728, -15.1448907852, -14.7532844543
         19.6,             0,             0, 2.83999991417, -5.90789413452, -230.668807983,          6000, -114.483337402, -15.1448879242, -14.7998018265
       19.625,             0,             0, 2.84999990463, -5.90789699554, -231.723403931,          6000, -114.828048706, -15.1448860168, -14.8463163376
        19.65,             0,             0,  2.8599998951, -5.9079003334, -232.777984619,          6000, -115.17275238, -15.1448831558, -14.8928260803
       19.675,             0,             0, 2.86999988556, -5.90790367126, -233.832565308,          6000, -115.517463684, -15.1448812485, -14.939332962
         19.7,             0,             0, 2.88000011444, -5.90790700912, -234.887161255,          6000, -115.862167358, -15.1448783875, -14.9858350754
       19.725,             0,             0,  2.8900001049, -5.90791034698, -235.941741943,          6000, -116.206878662, -15.1448755264, -15.0323343277
        19.75,             0,             0, 2.90000009537, -5.90791368484, -236.996322632,          6000, -116.551582336, -15.1448736191, -15.0788297653
       19.775,             0,             0, 2.91000008583, -5.90791702271, -238.05090332,          6000, -116.896286011, -15.1448707581, -15.1253213882
         19.8,             0,             0, 2.92000007629, -5.9079208374, -239.10546875,          6000, -117.240997314, -15.1448688507, -15.1718101501
       19.825,             0,             0, 2.93000006676, -5.90792417526, -240.160049438,          6000, -117.585700989, -15.1448659897, -15.2182941437
        19.85,             0,             0, 2.94000005722, -5.90792751312, -241.214630127,          6000, -117.930404663, -15.1448631287, -15.2647743225
       19.875,             0,             0, 2.95000004768, -5.90793085098, -242.269195557,          6000, -118.275115967, -15.1448612213, -15.3112506866
         19.9,             0,             0, 2.96000003815, -5.90793418884, -243.323776245,          6000, -118.619819641, -15.1448583603, -15.3577241898
       19.925,             0,             0, 2.97000002861, -5.90793800354, -244.378341675,          6000, -118.964523315, -15.1448564529, -15.4041929245
        19.95,             0,             0, 2.98000001907, -5.9079413414, -245.432922363,          6000, -119.30922699, -15.1448535919, -15.4506587982
       19.975,             0,             0, 2.99000000954, -5.90794467926, -246.487487793,          6000, -119.653938293, -15.1448507309, -15.4971199036
           20,             0,             0,             3, -5.90794801712, -247.542053223,          6000, -119.998641968, -15.1448488235, -15.5435771942
       20.025,             0,             0, 3.00999999046, -5.90795183182, -248.596618652,          6000, -120.343345642, -15.1448459625, -15.5900316238
        20.05,             0,             0, 3.01999998093, -5.90795516968, -249.651184082,          6000, -120.688049316, -15.1448431015, -15.6364812851
       20.075,             0,             0, 3.02999997139, -5.90795898438, -250.705749512,          6000, -121.032752991, -15.1448402405, -15.6829271317
         20.1,             0,             0, 3.03999996185, -5.90796232224, -251.760314941,          6000, -121.377456665, -15.1448383331, -15.7293691635
       20.125,             0,             0, 3.04999995232, -5.90796613693, -252.814880371,          6000, -121.722160339, -15.1448354721, -15.7758073807
        20.15,             0,             0, 3.05999994278, -5.90796947479, -253.869445801,          6000, -122.066864014, -15.1448326111, -15.8222417831
       20.175,             0,             0, 3.06999993324, -5.90797328949, -254.923995972,          6000, -122.411567688, -15.1448297501, -15.8686714172
         20.2,             0,             0, 3.07999992371, -5.90797662735, -255.978561401,          6000, -122.756271362, -15.1448278427, -15.9150981903
       20.225,             0,             0, 3.08999991417, -5.90798044205, -257.033111572,          6000, -123.100975037, -15.1448249817, -15.961520195
        20.25,             0,             0, 3.09999990463, -5.90798425674, -258.087677002,          6000, -123.445678711, -15.1448221207, -16.007938385
       20.275,             0,             0,  3.1099998951, -5.9079875946, -259.142211914,          6000, -123.790374756, -15.1448192596, -16.054353714
         20.3,             0,             0, 3.11999988556, -5.9079914093, -260.196777344,          6000, -124.13507843, -15.1448163986, -16.1007633209
       20.325,             0,             0, 3.13000011444,  -5.907995224, -261.251342773,          6000, -124.479782104, -15.1448144913, -16.1471691132
        20.35,             0,             0,  3.1400001049, -5.9079990387, -262.305877686,          6000, -124.824485779, -15.1448116302, -16.1935710907
       20.375,             0,             0, 3.15000009537, -5.90800285339, -263.360443115,          6000, -125.169181824, -15.1448087692, -16.2399692535
         20.4,             0,             0, 3.16000008583, -5.90800619125, -264.414978027,          6000, -125.513885498, -15.1448059082, -16.2863636017
       20.425,             0,             0, 3.17000007629, -5.90801000595, -265.469512939,          6000, -125.858589172, -15.1448030472, -16.3327541351
        20.45,             0,             0, 3.18000006676, -5.90801382065, -266.524078369,          6000, -126.203285217, -15.1448001862, -16.3791389465
       20.475,             0,             0, 3.19000005722, -5.90801763535, -267.578613281,          6000, -126.547988892, -15.1447973251, -16.4255218506
         20.5,             0,             0, 3.20000004768, -5.90802145004, -268.633148193,          6000, -126.892684937, -15.1447944641, -16.4718990326
       20.525,             0,             0, 3.21000003815, -5.90802526474, -269.687713623,          6000, -127.237388611, -15.1447916031, -16.5182723999
        20.55,             0,             0, 3.22000002861, -5.90802907944, -270.742248535,          6000, -127.582084656, -15.1447887421, -16.5646419525
       20.575,             0,             0, 3.23000001907, -5.90803289413, -271.796783447,          6000, -127.92678833, -15.1447868347, -16.6110057831
         20.6,             0,             0, 3.24000000954, -5.90803670883, -272.851318359,          6000, -128.271484375, -15.1447839737, -16.6573677063
       20.625,             0,             0,          3.25, -5.90804100037, -273.905853271,          6000, -128.61618042, -15.1447811127, -16.7037239075
        20.65,             0,             0, 3.25999999046, -5.90804481506, -274.960388184,          6000, -128.960876465, -15.1447782516, -16.7500762939
       20.675,             0,             0, 3.26999998093, -5.90804862976, -276.014923096,          6000, -129.305587769, -15.1447753906, -16.7964248657
         20.7,             0,             0, 3.27999997139, -5.90805244446, -277.069458008,          6000, -129.650283813, -15.1447725296, -16.8427677155
       20.725,             0,             0, 3.28999996185, -5.90805673599, -278.12399292,          6000, -129.994979858, -15.1447696686, -16.8891067505
        20.75,             0,             0, 3.29999995232, -5.90806055069, -279.178527832,          6000, -130.339675903, -15.1447658539, -16.9354419708
       20.775,             0,             0, 3.30999994278, -5.90806436539, -280.233062744,          6000, -130.684371948, -15.1447629929, -16.9817733765
         20.8,             0,             0, 3.31999993324, -5.90806865692, -281.287597656,          6000, -131.029067993, -15.1447601318, -17.0281009674
       20.825,             0,             0, 3.32999992371, -5.90807247162, -282.342132568,          6000, -131.373764038, -15.1447572708, -17.0744228363
        20.85,             0,             0, 3.33999991417, -5.90807676315, -283.39666748,          6000, -131.718460083, -15.1447544098, -17.1207408905
       20.875,             0,             0, 3.34999990463, -5.90808057785, -284.451171875,          6000, -132.063156128, -15.1447515488, -17.1670532227
         20.9,             0,             0,  3.3599998951, -5.90808486938, -285.505706787,          6000, -132.407852173, -15.1447486877, -17.2133636475
       20.925,             0,             0, 3.36999988556, -5.90808868408, -286.560241699,          6000, -132.752548218, -15.1447458267, -17.2596683502
        20.95,             0,             0, 3.38000011444, -5.90809297562, -287.614746094,          6000, -133.097244263, -15.1447429657, -17.3059692383
       20.975,             0,             0,  3.3900001049, -5.90809679031, -288.669281006,          6000, -133.441940308, -15.1447401047, -17.3522644043
           21,             0,             0, 3.40000009537, -5.90810108185,  -289.7237854,          6000, -133.786636353,  -15.14473629, -17.3985557556
       21.025,             0,             0, 3.41000008583, -5.90810537338, -290.778320312,          6000, -134.131332397, -15.144733429, -17.4448432922
        21.05,             0,             0, 3.42000007629, -5.90810918808, -291.832824707,          6000, -134.476028442, -15.1447305679, -17.4911251068
       21.075,             0,             0, 3.43000006676, -5.90811347961, -292.887359619,          6000, -134.820724487, -15.1447277069, -17.5374031067
         21.1,             0,             0, 3.44000005722, -5.90811777115, -293.941864014,          6000, -135.165420532, -15.1447248459, -17.5836772919
       21.125,             0,             0, 3.45000004768, -5.90812206268, -294.996398926,          6000, -135.510116577, -15.1447210312, -17.629945755
        21.15,             0,             0, 3.46000003815, -5.90812635422, -296.05090332,          6000, -135.854812622, -15.1447181702, -17.6762104034
       21.175,             0,             0, 3.47000002861, -5.90813064575, -297.105407715,          6000, -136.199493408, -15.1447153091, -17.7224693298
         21.2,             0,             0, 3.48000001907, -5.90813446045, -298.159912109,          6000, -136.544189453, -15.1447124481, -17.7687263489
       21.225,             0,             0, 3.49000000954, -5.90813875198, -299.214447021,          6000, -136.888885498, -15.1447086334, -17.8149757385
        21.25,             0,             0,           3.5, -5.90814304352, -300.268951416,          6000, -137.233581543, -15.1447057724, -17.8612232208
       21.275,             0,             0, 3.50999999046, -5.90814733505, -301.323455811,          6000, -137.578277588, -15.1447029114, -17.9074649811
         21.3,             0,             0, 3.51999998093, -5.90815210342, -302.377960205,          6000, -137.922958374, -15.1446990967, -17.9537010193
       21.325,             0,             0, 3.52999997139, -5.90815639496,  -303.4324646,          6000, -138.267654419, -15.1446962357, -17.9999332428
        21.35,             0,             0, 3.53999996185, -5.90816068649, -304.486968994,          6000, -138.612350464, -15.1446933746, -18.0461616516
       21.375,             0,             0, 3.54999995232, -5.90816497803, -305.541473389,          6000, -138.95703125, -15.1446895599, -18.0923843384
         21.4,             0,             0, 3.55999994278, -5.90816926956, -306.595977783,          6000, -139.301727295, -15.1446866989, -18.1386013031
       21.425,             0,             0, 3.56999993324, -5.9081735611, -307.650482178,          6000, -139.64642334, -15.1446838379, -18.1848163605
        21.45,             0,             0, 3.57999992371, -5.90817832947, -308.704986572,          6000, -139.991104126, -15.1446800232, -18.2310237885
       21.475,             0,             0, 3.58999991417,  -5.908182621, -309.759490967,          6000, -140.335800171, -15.1446771622, -18.2772293091
         21.5,             0,             0, 3.59999990463, -5.90818691254, -310.813995361,          6000, -140.680480957, -15.1446733475, -18.3234291077
       21.525,             0,             0,  3.6099998951, -5.90819168091, -311.868499756,          6000, -141.025177002, -15.1446704865, -18.3696231842
        21.55,             0,             0, 3.61999988556, -5.90819597244, -312.92300415,          6000, -141.369873047, -15.1446676254, -18.415813446
       21.575,             0,             0, 3.63000011444, -5.90820074081, -313.977478027,          6000, -141.714553833, -15.1446638107, -18.4619979858
         21.6,             0,             0,  3.6400001049, -5.90820503235, -315.031982422,          6000, -142.059249878, -15.1446609497, -18.5081787109
       21.625,             0,             0, 3.65000009537, -5.90820980072, -316.086486816,          6000, -142.403930664, -15.144657135, -18.554353714
        21.65,             0,             0, 3.66000008583, -5.90821409225, -317.140960693,          6000, -142.748626709, -15.144654274, -18.6005249023
       21.675,             0,             0, 3.67000007629, -5.90821886063, -318.195465088,          6000, -143.093307495, -15.1446504593, -18.6466903687
         21.7,             0,             0, 3.68000006676,  -5.908223629, -319.249969482,          6000, -143.437988281, -15.1446475983, -18.6928501129
       21.725,             0,             0, 3.69000005722, -5.90822792053, -320.304443359,          6000, -143.782684326, -15.1446437836, -18.7390060425
        21.75,             0,             0, 3.70000004768, -5.9082326889, -321.358947754,          6000, -144.127365112, -15.1446399689, -18.7851581573
       21.775,             0,             0, 3.71000003815, -5.90823745728, -322.413421631,          6000, -144.472061157, -15.1446371078, -18.8313045502
         21.8,             0,             0, 3.72000002861, -5.90824222565, -323.467926025,          6000, -144.816741943, -15.1446332932, -18.8774452209
       21.825,             0,             0, 3.73000001907, -5.90824651718, -324.522399902,          6000, -145.161422729, -15.1446304321, -18.923582077
        21.85,             0,             0, 3.74000000954, -5.90825128555, -325.576904297,          6000, -145.506118774, -15.1446266174, -18.9697132111
       21.875,             0,             0,          3.75, -5.90825605392, -326.631378174,          6000, -145.850799561, -15.1446228027, -19.015838623
         21.9,             0,             0, 3.75999999046, -5.9082608223, -327.685852051,          6000, -146.195480347, -15.1446199417, -19.0619602203
       21.925,             0,             0, 3.76999998093, -5.90826559067, -328.740356445,          6000, -146.540161133, -15.144616127, -19.1080780029
        21.95,             0,             0, 3.77999997139, -5.90827035904, -329.794830322,          6000, -146.884857178, -15.144613266, -19.1541881561
       21.975,             0,             0, 3.78999996185, -5.90827512741, -330.849304199,          6000, -147.229537964, -15.1446094513, -19.2002944946
           22,             0,             0, 3.79999995232, -5.90827989578, -331.903778076,          6000, -147.57421875, -15.1446056366, -19.2463970184
       22.025,             0,             0, 3.80999994278, -5.90828466415, -332.958282471,          6000, -147.918899536, -15.1446018219, -19.2924919128
        22.05,             0,             0, 3.81999993324, -5.90828990936, -334.012756348,          6000, -148.263580322, -15.1445989609, -19.3385829926
       22.075,             0,             0, 3.82999992371, -5.90829467773, -335.067230225,          6000, -148.608276367, -15.1445951462, -19.3846702576
         22.1,             0,             0, 3.83999991417, -5.90829944611, -336.121704102,          6000, -148.952957153, -15.1445913315, -19.4307498932
       22.125,             0,             0, 3.84999990463, -5.90830421448, -337.176177979,          6000, -149.297637939, -15.1445884705, -19.4768257141
        22.15,             0,             0,  3.8599998951, -5.90830945969, -338.230651855,          6000, -149.642318726, -15.1445846558, -19.5228977203
       22.175,             0,             0, 3.86999988556, -5.90831422806, -339.285125732,          6000, -149.986999512, -15.1445808411, -19.5689620972
         22.2,             0,             0, 3.88000011444, -5.90831899643, -340.339599609,          6000, -150.331680298, -15.1445770264, -19.6150226593
       22.225,             0,             0,  3.8900001049, -5.90832424164, -341.394073486,          6000, -150.676361084, -15.1445732117, -19.6610794067
        22.25,             0,             0, 3.90000009537, -5.90832901001, -342.448547363,          6000, -151.02104187, -15.1445703506, -19.7071285248
       22.275,             0,             0, 3.91000008583, -5.90833425522, -343.50302124,          6000, -151.365722656, -15.1445665359, -19.7531738281
         22.3,             0,             0, 3.92000007629, -5.90833902359, -344.557495117,          6000, -151.710403442, -15.1445627213, -19.7992134094
       22.325,             0,             0, 3.93000006676, -5.9083442688, -345.611968994,          6000, -152.055084229, -15.1445589066, -19.8452472687
        22.35,             0,             0, 3.94000005722, -5.90834903717, -346.666442871,          6000, -152.399765015, -15.1445550919, -19.8912773132
       22.375,             0,             0, 3.95000004768, -5.90835428238, -347.720916748,          6000, -152.744445801, -15.1445512772, -19.9372997284
         22.4,             0,             0, 3.96000003815, -5.90835952759, -348.775360107,          6000, -153.089111328, -15.1445474625, -19.9833183289
       22.425,             0,             0, 3.97000002861, -5.9083647728, -349.829833984,          6000, -153.433792114, -15.1445436478, -20.0293312073
        22.45,             0,             0, 3.98000001907, -5.90836954117, -350.884307861,          6000,  -153.7784729, -15.1445398331, -20.075340271
       22.475,             0,             0, 3.99000000954, -5.90837478638, -351.938781738,          6000, -154.123153687, -15.1445360184, -20.1213417053
         22.5,             0,             0,             4, -5.90838003159, -352.993225098,          6000, -154.467834473, -15.1445322037, -20.167339325
       22.525,             0,             0, 4.01000022888, -5.90838527679, -354.047698975,          6000,     -154.8125, -15.144528389, -20.2133312225
        22.55,             0,             0, 4.01999998093,  -5.908390522, -355.102172852,          6000, -155.157180786, -15.1445245743, -20.2593173981
       22.575,             0,             0, 4.03000020981, -5.90839576721, -356.156616211,          6000, -155.501861572, -15.1445207596, -20.3052997589
         22.6,             0,             0, 4.03999996185, -5.90840101242, -357.211090088,          6000,  -155.8465271, -15.1445169449, -20.3512744904
       22.625,             0,             0, 4.05000019073, -5.90840625763, -358.265563965,          6000, -156.191207886, -15.1445131302, -20.3972454071
        22.65,             0,             0, 4.05999994278, -5.90841150284, -359.320007324,          6000, -156.535888672, -15.1445093155, -20.4432106018
       22.675,             0,             0, 4.07000017166, -5.90841674805, -360.374481201,          6000, -156.880554199, -15.1445055008, -20.4891700745
         22.7,             0,             0, 4.07999992371, -5.90842199326, -361.428924561,          6000, -157.225234985, -15.1445016861, -20.5351238251
       22.725,             0,             0, 4.09000015259, -5.9084277153, -362.483398438,          6000, -157.569900513, -15.1444978714, -20.5810718536
        22.75,             0,             0, 4.09999990463, -5.90843296051, -363.537841797,          6000, -157.914581299, -15.1444940567, -20.6270141602
       22.775,             0,             0, 4.11000013351, -5.90843820572, -364.592315674,          6000, -158.259246826, -15.144490242, -20.672952652
         22.8,             0,             0, 4.11999988556, -5.90844345093, -365.646759033,          6000, -158.603927612, -15.1444864273, -20.7188835144
       22.825,             0,             0, 4.13000011444, -5.90844917297, -366.701202393,          6000, -158.94859314, -15.1444826126, -20.7648105621
        22.85,             0,             0, 4.13999986649, -5.90845441818, -367.75567627,          6000, -159.293273926, -15.1444778442, -20.8107299805
       22.875,             0,             0, 4.15000009537, -5.90846014023, -368.810119629,          6000, -159.637939453, -15.1444740295, -20.8566455841
         22.9,             0,             0, 4.15999984741, -5.90846538544, -369.864593506,          6000, -159.982620239, -15.1444702148, -20.9025554657
       22.925,             0,             0, 4.17000007629, -5.90847110748, -370.919036865,          6000, -160.327285767, -15.1444664001, -20.9484596252
        22.95,             0,             0, 4.17999982834, -5.90847635269, -371.973480225,          6000, -160.671951294, -15.1444625854, -20.9943580627
       22.975,             0,             0, 4.19000005722, -5.90848207474, -373.027923584,          6000, -161.01663208, -15.1444578171, -21.0402507782
           23,             0,             0, 4.19999980927, -5.90848779678, -374.082397461,          6000, -161.361297607, -15.1444540024, -21.0861377716
       23.025,             0,             0, 4.21000003815, -5.90849304199, -375.13684082,          6000, -161.705963135, -15.1444501877, -21.132019043
        23.05,             0,             0, 4.21999979019, -5.90849876404, -376.19128418,          6000, -162.050643921, -15.1444454193, -21.1778945923
       23.075,             0,             0, 4.23000001907, -5.90850448608, -377.245727539,          6000, -162.395309448, -15.1444416046, -21.2237644196
         23.1,             0,             0, 4.23999977112, -5.90851020813, -378.300201416,          6000, -162.739974976, -15.1444377899, -21.2696285248
       23.125,             0,             0,          4.25, -5.90851545334, -379.354644775,          6000, -163.084640503, -15.1444330215, -21.3154888153
        23.15,             0,             0, 4.26000022888, -5.90852117538, -380.409088135,          6000, -163.42930603, -15.1444292068, -21.3613414764
       23.175,             0,             0, 4.26999998093, -5.90852689743, -381.463531494,          6000, -163.773971558, -15.1444253922, -21.4071884155
         23.2,             0,             0, 4.28000020981, -5.90853261948, -382.517974854,          6000, -164.118652344, -15.1444206238, -21.4530296326
       23.225,             0,             0, 4.28999996185, -5.90853834152, -383.572418213,          6000, -164.463317871, -15.1444168091, -21.4988651276
        23.25,             0,             0, 4.30000019073, -5.90854406357, -384.626861572,          6000, -164.807983398, -15.1444129944, -21.5446949005
       23.275,             0,             0, 4.30999994278, -5.90855026245, -385.681304932,          6000, -165.152648926, -15.144408226, -21.5905189514
         23.3,             0,             0, 4.32000017166, -5.9085559845, -386.735748291,          6000, -165.497314453, -15.1444044113, -21.6363372803
       23.325,             0,             0, 4.32999992371, -5.90856170654, -387.79019165,          6000, -165.84197998, -15.1443996429, -21.6821498871
        23.35,             0,             0, 4.34000015259, -5.90856742859, -388.84463501,          6000, -166.186645508, -15.1443958282, -21.7279548645
       23.375,             0,             0, 4.34999990463, -5.90857315063, -389.899078369,          6000, -166.531295776, -15.1443910599, -21.7737560272
         23.4,             0,             0, 4.36000013351, -5.90857934952, -390.953521729,          6000, -166.875961304, -15.1443872452, -21.8195514679
       23.425,             0,             0, 4.36999988556, -5.90858507156, -392.007965088,          6000, -167.220626831, -15.1443824768, -21.8653392792
        23.45,             0,             0, 4.38000011444, -5.90859127045, -393.062408447,          6000, -167.565292358, -15.1443786621, -21.9111232758
       23.475,             0,             0, 4.38999986649, -5.90859699249, -394.116851807,          6000, -167.909957886, -15.1443738937, -21.9568996429
         23.5,             0,             0, 4.40000009537, -5.90860271454, -395.171295166,          6000, -168.254623413, -15.1443691254, -22.0026702881
       23.525,             0,             0, 4.40999984741, -5.90860891342, -396.225738525,          6000, -168.599273682, -15.1443653107, -22.0484352112
        23.55,             0,             0, 4.42000007629, -5.9086151123, -397.280181885,          6000, -168.943939209, -15.1443605423, -22.0941944122
       23.575,             0,             0, 4.42999982834, -5.90862083435, -398.334625244,          6000, -169.288604736, -15.1443567276, -22.1399478912
         23.6,             0,             0, 4.44000005722, -5.90862703323, -399.389068604,          6000, -169.633270264, -15.1443519592, -22.1856937408
       23.625,             0,             0, 4.44999980927, -5.90863323212, -400.443511963,          6000, -169.977920532, -15.1443471909, -22.2314357758
        23.65,             0,             0, 4.46000003815, -5.90863895416, -401.497924805,          6000, -170.32258606, -15.1443433762, -22.2771701813
       23.675,             0,             0, 4.46999979019, -5.90864515305, -402.552368164,          6000, -170.667236328, -15.1443386078, -22.3228988647
         23.7,             0,             0, 4.48000001907, -5.90865135193, -403.606811523,          6000, -171.011901855, -15.1443338394, -22.3686218262
       23.725,             0,             0, 4.48999977112, -5.90865755081, -404.661254883,          6000, -171.356567383, -15.1443300247, -22.4143390656
        23.75,             0,             0,           4.5, -5.90866374969, -405.715698242,          6000, -171.701217651, -15.1443252563, -22.4600486755
       23.775,             0,             0, 4.51000022888, -5.90866994858, -406.770111084,          6000, -172.045883179, -15.144320488, -22.5057544708
         23.8,             0,             0, 4.51999998093, -5.90867614746, -407.824554443,          6000, -172.390533447, -15.1443157196, -22.5514526367
       23.825,             0,             0, 4.53000020981, -5.90868234634, -408.878997803,          6000, -172.735198975, -15.1443119049, -22.5971450806
        23.85,             0,             0, 4.53999996185, -5.90868854523, -409.933441162,          6000, -173.079849243, -15.1443071365, -22.642829895
       23.875,             0,             0, 4.55000019073, -5.90869474411, -410.987854004,          6000, -173.424499512, -15.1443023682, -22.6885108948
         23.9,             0,             0, 4.55999994278, -5.90870094299, -412.042297363,          6000, -173.769165039, -15.1442975998, -22.7341842651
       23.925,             0,             0, 4.57000017166, -5.90870761871, -413.096740723,          6000, -174.113815308, -15.1442928314, -22.7798519135
        23.95,             0,             0, 4.57999992371, -5.9087138176, -414.151184082,          6000, -174.458465576, -15.144288063, -22.8255119324
       23.975,             0,             0, 4.59000015259, -5.90872001648, -415.205596924,          6000, -174.803131104, -15.1442842484, -22.8711681366
           24,             0,             0, 4.59999990463, -5.9087266922, -416.260040283,          6000, -175.147781372,  -15.14427948, -22.9168167114
       24.025,             0,             0, 4.61000013351, -5.90873289108, -417.314483643,          6000, -175.492431641, -15.1442747116, -22.9624595642
        24.05,             0,             0, 4.61999988556, -5.9087395668, -418.368896484,          6000, -175.837081909, -15.1442699432, -23.0080947876
       24.075,             0,             0, 4.63000011444, -5.90874576569, -419.423339844,          6000, -176.181732178, -15.1442651749, -23.0537242889
         24.1,             0,             0, 4.63999986649, -5.90875244141, -420.477783203,          6000, -176.526382446, -15.1442604065, -23.0993480682
       24.125,             0,             0, 4.65000009537, -5.90875864029, -421.532196045,          6000, -176.871047974, -15.1442556381, -23.1449661255
        24.15,             0,             0, 4.65999984741, -5.90876531601, -422.586639404,          6000, -177.215698242, -15.1442508698, -23.1905765533
       24.175,             0,             0, 4.67000007629, -5.90877199173, -423.641082764,          6000, -177.560348511, -15.1442461014, -23.2361812592
         24.2,             0,             0, 4.67999982834, -5.90877819061, -424.695495605,          6000, -177.904998779, -15.144241333, -23.2817802429
       24.225,             0,             0, 4.69000005722, -5.90878486633, -425.749938965,          6000, -178.249649048, -15.1442365646, -23.3273715973
        24.25,             0,             0, 4.69999980927, -5.90879154205, -426.804351807,          6000, -178.594299316, -15.1442317963, -23.3729572296
       24.275,             0,             0, 4.71000003815, -5.90879821777, -427.858795166,          6000, -178.938934326, -15.1442270279, -23.4185371399
         24.3,             0,             0, 4.71999979019, -5.90880489349, -428.913238525,          6000, -179.283584595, -15.1442222595, -23.4641094208
       24.325,             0,             0, 4.73000001907, -5.90881156921, -429.967651367,          6000, -179.628234863, -15.1442174911, -23.5096740723
        24.35,             0,             0, 4.73999977112, -5.90881824493, -431.022094727,          6000, -179.972885132, -15.1442117691, -23.5552349091
       24.375,             0,             0,          4.75, -5.90882492065, -432.076507568,          6000,  -180.3175354, -15.1442070007, -23.6007881165
         24.4,             0,             0, 4.76000022888, -5.90883159637, -433.130950928,          6000, -180.662185669, -15.1442022324, -23.6463336945
       24.425,             0,             0, 4.76999998093, -5.90883827209, -434.185394287,          6000, -181.006820679, -15.144197464, -23.6918754578
        24.45,             0,             0, 4.78000020981, -5.90884494781, -435.239807129,          6000, -181.351470947, -15.1441926956, -23.7374076843
       24.475,             0,             0, 4.78999996185, -5.90885210037, -436.294250488,          6000, -181.696121216, -15.1441869736, -23.7829360962
         24.5,             0,             0, 4.80000019073, -5.90885877609, -437.34866333,          6000, -182.040756226, -15.1441822052, -23.8284568787
       24.525,             0,             0, 4.80999994278, -5.90886545181, -438.403106689,          6000, -182.385406494, -15.1441774368, -23.8739700317
        24.55,             0,             0, 4.82000017166, -5.90887260437, -439.457550049,          6000, -182.730056763, -15.1441726685, -23.9194774628
       24.575,             0,             0, 4.82999992371, -5.90887928009, -440.511962891,          6000, -183.074691772, -15.1441669464, -23.9649791718
         24.6,             0,             0, 4.84000015259, -5.90888643265, -441.56640625,          6000, -183.419342041, -15.144162178, -24.0104732513
       24.625,             0,             0, 4.84999990463, -5.90889310837, -442.620819092,          6000, -183.763977051, -15.1441574097, -24.0559597015
        24.65,             0,             0, 4.86000013351, -5.90890026093, -443.675262451,          6000, -184.108627319, -15.1441516876, -24.1014404297
       24.675,             0,             0, 4.86999988556, -5.90890693665, -444.729675293,          6000, -184.453262329, -15.1441469193, -24.1469154358
         24.7,             0,             0, 4.88000011444, -5.9089140892, -445.784118652,          6000, -184.797897339, -15.1441421509, -24.1923828125
       24.725,             0,             0, 4.88999986649, -5.90892124176, -446.838562012,          6000, -185.142547607, -15.1441364288, -24.2378444672
        24.75,             0,             0, 4.90000009537, -5.90892839432, -447.892974854,          6000, -185.487182617, -15.1441316605, -24.2832984924
       24.775,             0,             0, 4.90999984741, -5.90893507004, -448.947418213,          6000, -185.831817627, -15.1441259384, -24.3287448883
         24.8,             0,             0, 4.92000007629, -5.9089422226, -450.001831055,          6000, -186.176467896,  -15.14412117, -24.3741874695
       24.825,             0,             0, 4.92999982834, -5.90894937515, -451.056274414,          6000, -186.521102905, -15.1441164017, -24.4196205139
        24.85,             0,             0, 4.94000005722, -5.90895652771, -452.110687256,          6000, -186.865737915, -15.1441106796, -24.4650478363
       24.875,             0,             0, 4.94999980927, -5.90896368027, -453.165130615,          6000, -187.210372925, -15.1441059113, -24.5104675293
         24.9,             0,             0, 4.96000003815, -5.90897083282, -454.219573975,          6000, -187.555007935, -15.1441001892, -24.5558815002
       24.925,             0,             0, 4.96999979019, -5.90897798538, -455.273986816,          6000, -187.899642944, -15.1440954208, -24.6012897491
        24.95,             0,             0, 4.98000001907, -5.90898561478, -456.328430176,          6000, -188.244277954, -15.1440896988, -24.6466884613
       24.975,             0,             0, 4.98999977112, -5.90899276733, -457.382843018,          6000, -188.588912964, -15.1440839767, -24.6920814514
           25,             0,             0,             5, -5.90899991989, -458.437286377,          6000, -188.933547974, -15.1440792084, -24.7374687195
